/home/haotiant/conda/envs/dtmol/lib/python3.8/site-packages/torch/jit/_check.py:177: UserWarning: The TorchScript type system doesn't support instance-level annotations on empty non-base types in `__init__`. Instead, either 1) use a type annotation in the class body, or 2) wrap the type in `torch.jit.Attribute`.
  warnings.warn(
/home/haotiant/conda/envs/dtmol/lib/python3.8/site-packages/torch/jit/_check.py:177: UserWarning: The TorchScript type system doesn't support instance-level annotations on empty non-base types in `__init__`. Instead, either 1) use a type annotation in the class body, or 2) wrap the type in `torch.jit.Attribute`.
  warnings.warn(
/home/haotiant/conda/envs/dtmol/lib/python3.8/site-packages/torch/jit/_check.py:177: UserWarning: The TorchScript type system doesn't support instance-level annotations on empty non-base types in `__init__`. Instead, either 1) use a type annotation in the class body, or 2) wrap the type in `torch.jit.Attribute`.
  warnings.warn(
/home/haotiant/conda/envs/dtmol/lib/python3.8/site-packages/torch/jit/_check.py:177: UserWarning: The TorchScript type system doesn't support instance-level annotations on empty non-base types in `__init__`. Instead, either 1) use a type annotation in the class body, or 2) wrap the type in `torch.jit.Attribute`.
  warnings.warn(
/home/haotiant/conda/envs/dtmol/lib/python3.8/site-packages/torch/jit/_check.py:177: UserWarning: The TorchScript type system doesn't support instance-level annotations on empty non-base types in `__init__`. Instead, either 1) use a type annotation in the class body, or 2) wrap the type in `torch.jit.Attribute`.
  warnings.warn(
/home/haotiant/conda/envs/dtmol/lib/python3.8/site-packages/torch/jit/_check.py:177: UserWarning: The TorchScript type system doesn't support instance-level annotations on empty non-base types in `__init__`. Instead, either 1) use a type annotation in the class body, or 2) wrap the type in `torch.jit.Attribute`.
  warnings.warn(
/home/haotiant/conda/envs/dtmol/lib/python3.8/site-packages/torch/jit/_check.py:177: UserWarning: The TorchScript type system doesn't support instance-level annotations on empty non-base types in `__init__`. Instead, either 1) use a type annotation in the class body, or 2) wrap the type in `torch.jit.Attribute`.
  warnings.warn(
/home/haotiant/conda/envs/dtmol/lib/python3.8/site-packages/torch/jit/_check.py:177: UserWarning: The TorchScript type system doesn't support instance-level annotations on empty non-base types in `__init__`. Instead, either 1) use a type annotation in the class body, or 2) wrap the type in `torch.jit.Attribute`.
  warnings.warn(
/home/haotiant/conda/envs/dtmol/lib/python3.8/site-packages/torch/jit/_check.py:177: UserWarning: The TorchScript type system doesn't support instance-level annotations on empty non-base types in `__init__`. Instead, either 1) use a type annotation in the class body, or 2) wrap the type in `torch.jit.Attribute`.
  warnings.warn(
/home/haotiant/conda/envs/dtmol/lib/python3.8/site-packages/torch/jit/_check.py:177: UserWarning: The TorchScript type system doesn't support instance-level annotations on empty non-base types in `__init__`. Instead, either 1) use a type annotation in the class body, or 2) wrap the type in `torch.jit.Attribute`.
  warnings.warn(
/home/haotiant/conda/envs/dtmol/lib/python3.8/site-packages/torch/jit/_check.py:177: UserWarning: The TorchScript type system doesn't support instance-level annotations on empty non-base types in `__init__`. Instead, either 1) use a type annotation in the class body, or 2) wrap the type in `torch.jit.Attribute`.
  warnings.warn(
/home/haotiant/conda/envs/dtmol/lib/python3.8/site-packages/torch/jit/_check.py:177: UserWarning: The TorchScript type system doesn't support instance-level annotations on empty non-base types in `__init__`. Instead, either 1) use a type annotation in the class body, or 2) wrap the type in `torch.jit.Attribute`.
  warnings.warn(
/home/haotiant/conda/envs/dtmol/lib/python3.8/site-packages/torch/jit/_check.py:177: UserWarning: The TorchScript type system doesn't support instance-level annotations on empty non-base types in `__init__`. Instead, either 1) use a type annotation in the class body, or 2) wrap the type in `torch.jit.Attribute`.
  warnings.warn(
/home/haotiant/conda/envs/dtmol/lib/python3.8/site-packages/torch/jit/_check.py:177: UserWarning: The TorchScript type system doesn't support instance-level annotations on empty non-base types in `__init__`. Instead, either 1) use a type annotation in the class body, or 2) wrap the type in `torch.jit.Attribute`.
  warnings.warn(
/home/haotiant/conda/envs/dtmol/lib/python3.8/site-packages/torch/jit/_check.py:177: UserWarning: The TorchScript type system doesn't support instance-level annotations on empty non-base types in `__init__`. Instead, either 1) use a type annotation in the class body, or 2) wrap the type in `torch.jit.Attribute`.
  warnings.warn(
/home/haotiant/conda/envs/dtmol/lib/python3.8/site-packages/torch/jit/_check.py:177: UserWarning: The TorchScript type system doesn't support instance-level annotations on empty non-base types in `__init__`. Instead, either 1) use a type annotation in the class body, or 2) wrap the type in `torch.jit.Attribute`.
  warnings.warn(
/home/haotiant/conda/envs/dtmol/lib/python3.8/site-packages/torch/jit/_check.py:177: UserWarning: The TorchScript type system doesn't support instance-level annotations on empty non-base types in `__init__`. Instead, either 1) use a type annotation in the class body, or 2) wrap the type in `torch.jit.Attribute`.
  warnings.warn(
/home/haotiant/conda/envs/dtmol/lib/python3.8/site-packages/torch/jit/_check.py:177: UserWarning: The TorchScript type system doesn't support instance-level annotations on empty non-base types in `__init__`. Instead, either 1) use a type annotation in the class body, or 2) wrap the type in `torch.jit.Attribute`.
  warnings.warn(
/home/haotiant/conda/envs/dtmol/lib/python3.8/site-packages/torch/jit/_check.py:177: UserWarning: The TorchScript type system doesn't support instance-level annotations on empty non-base types in `__init__`. Instead, either 1) use a type annotation in the class body, or 2) wrap the type in `torch.jit.Attribute`.
  warnings.warn(
/home/haotiant/conda/envs/dtmol/lib/python3.8/site-packages/torch/jit/_check.py:177: UserWarning: The TorchScript type system doesn't support instance-level annotations on empty non-base types in `__init__`. Instead, either 1) use a type annotation in the class body, or 2) wrap the type in `torch.jit.Attribute`.
  warnings.warn(
/home/haotiant/conda/envs/dtmol/lib/python3.8/site-packages/torch/jit/_check.py:177: UserWarning: The TorchScript type system doesn't support instance-level annotations on empty non-base types in `__init__`. Instead, either 1) use a type annotation in the class body, or 2) wrap the type in `torch.jit.Attribute`.
  warnings.warn(
/home/haotiant/conda/envs/dtmol/lib/python3.8/site-packages/torch/jit/_check.py:177: UserWarning: The TorchScript type system doesn't support instance-level annotations on empty non-base types in `__init__`. Instead, either 1) use a type annotation in the class body, or 2) wrap the type in `torch.jit.Attribute`.
  warnings.warn(
/home/haotiant/conda/envs/dtmol/lib/python3.8/site-packages/torch/jit/_check.py:177: UserWarning: The TorchScript type system doesn't support instance-level annotations on empty non-base types in `__init__`. Instead, either 1) use a type annotation in the class body, or 2) wrap the type in `torch.jit.Attribute`.
  warnings.warn(
/home/haotiant/conda/envs/dtmol/lib/python3.8/site-packages/torch/jit/_check.py:177: UserWarning: The TorchScript type system doesn't support instance-level annotations on empty non-base types in `__init__`. Instead, either 1) use a type annotation in the class body, or 2) wrap the type in `torch.jit.Attribute`.
  warnings.warn(
/home/haotiant/conda/envs/dtmol/lib/python3.8/site-packages/torch/jit/_check.py:177: UserWarning: The TorchScript type system doesn't support instance-level annotations on empty non-base types in `__init__`. Instead, either 1) use a type annotation in the class body, or 2) wrap the type in `torch.jit.Attribute`.
  warnings.warn(
/home/haotiant/conda/envs/dtmol/lib/python3.8/site-packages/torch/jit/_check.py:177: UserWarning: The TorchScript type system doesn't support instance-level annotations on empty non-base types in `__init__`. Instead, either 1) use a type annotation in the class body, or 2) wrap the type in `torch.jit.Attribute`.
  warnings.warn(
/home/haotiant/conda/envs/dtmol/lib/python3.8/site-packages/torch/jit/_check.py:177: UserWarning: The TorchScript type system doesn't support instance-level annotations on empty non-base types in `__init__`. Instead, either 1) use a type annotation in the class body, or 2) wrap the type in `torch.jit.Attribute`.
  warnings.warn(
/home/haotiant/conda/envs/dtmol/lib/python3.8/site-packages/torch/jit/_check.py:177: UserWarning: The TorchScript type system doesn't support instance-level annotations on empty non-base types in `__init__`. Instead, either 1) use a type annotation in the class body, or 2) wrap the type in `torch.jit.Attribute`.
  warnings.warn(
/home/haotiant/conda/envs/dtmol/lib/python3.8/site-packages/torch/jit/_check.py:177: UserWarning: The TorchScript type system doesn't support instance-level annotations on empty non-base types in `__init__`. Instead, either 1) use a type annotation in the class body, or 2) wrap the type in `torch.jit.Attribute`.
  warnings.warn(
/home/haotiant/conda/envs/dtmol/lib/python3.8/site-packages/torch/jit/_check.py:177: UserWarning: The TorchScript type system doesn't support instance-level annotations on empty non-base types in `__init__`. Instead, either 1) use a type annotation in the class body, or 2) wrap the type in `torch.jit.Attribute`.
  warnings.warn(
/home/haotiant/conda/envs/dtmol/lib/python3.8/site-packages/torch/jit/_check.py:177: UserWarning: The TorchScript type system doesn't support instance-level annotations on empty non-base types in `__init__`. Instead, either 1) use a type annotation in the class body, or 2) wrap the type in `torch.jit.Attribute`.
  warnings.warn(
/home/haotiant/conda/envs/dtmol/lib/python3.8/site-packages/torch/jit/_check.py:177: UserWarning: The TorchScript type system doesn't support instance-level annotations on empty non-base types in `__init__`. Instead, either 1) use a type annotation in the class body, or 2) wrap the type in `torch.jit.Attribute`.
  warnings.warn(
/home/haotiant/conda/envs/dtmol/lib/python3.8/site-packages/torch/jit/_check.py:177: UserWarning: The TorchScript type system doesn't support instance-level annotations on empty non-base types in `__init__`. Instead, either 1) use a type annotation in the class body, or 2) wrap the type in `torch.jit.Attribute`.
  warnings.warn(
/home/haotiant/conda/envs/dtmol/lib/python3.8/site-packages/torch/jit/_check.py:177: UserWarning: The TorchScript type system doesn't support instance-level annotations on empty non-base types in `__init__`. Instead, either 1) use a type annotation in the class body, or 2) wrap the type in `torch.jit.Attribute`.
  warnings.warn(
/home/haotiant/conda/envs/dtmol/lib/python3.8/site-packages/torch/jit/_check.py:177: UserWarning: The TorchScript type system doesn't support instance-level annotations on empty non-base types in `__init__`. Instead, either 1) use a type annotation in the class body, or 2) wrap the type in `torch.jit.Attribute`.
  warnings.warn(
/home/haotiant/conda/envs/dtmol/lib/python3.8/site-packages/torch/jit/_check.py:177: UserWarning: The TorchScript type system doesn't support instance-level annotations on empty non-base types in `__init__`. Instead, either 1) use a type annotation in the class body, or 2) wrap the type in `torch.jit.Attribute`.
  warnings.warn(
/home/haotiant/conda/envs/dtmol/lib/python3.8/site-packages/torch/jit/_check.py:177: UserWarning: The TorchScript type system doesn't support instance-level annotations on empty non-base types in `__init__`. Instead, either 1) use a type annotation in the class body, or 2) wrap the type in `torch.jit.Attribute`.
  warnings.warn(
/home/haotiant/conda/envs/dtmol/lib/python3.8/site-packages/torch/jit/_check.py:177: UserWarning: The TorchScript type system doesn't support instance-level annotations on empty non-base types in `__init__`. Instead, either 1) use a type annotation in the class body, or 2) wrap the type in `torch.jit.Attribute`.
  warnings.warn(
/home/haotiant/conda/envs/dtmol/lib/python3.8/site-packages/torch/jit/_check.py:177: UserWarning: The TorchScript type system doesn't support instance-level annotations on empty non-base types in `__init__`. Instead, either 1) use a type annotation in the class body, or 2) wrap the type in `torch.jit.Attribute`.
  warnings.warn(
/home/haotiant/conda/envs/dtmol/lib/python3.8/site-packages/torch/jit/_check.py:177: UserWarning: The TorchScript type system doesn't support instance-level annotations on empty non-base types in `__init__`. Instead, either 1) use a type annotation in the class body, or 2) wrap the type in `torch.jit.Attribute`.
  warnings.warn(
/home/haotiant/conda/envs/dtmol/lib/python3.8/site-packages/torch/jit/_check.py:177: UserWarning: The TorchScript type system doesn't support instance-level annotations on empty non-base types in `__init__`. Instead, either 1) use a type annotation in the class body, or 2) wrap the type in `torch.jit.Attribute`.
  warnings.warn(
/home/haotiant/conda/envs/dtmol/lib/python3.8/site-packages/torch/jit/_check.py:177: UserWarning: The TorchScript type system doesn't support instance-level annotations on empty non-base types in `__init__`. Instead, either 1) use a type annotation in the class body, or 2) wrap the type in `torch.jit.Attribute`.
  warnings.warn(
/home/haotiant/conda/envs/dtmol/lib/python3.8/site-packages/torch/jit/_check.py:177: UserWarning: The TorchScript type system doesn't support instance-level annotations on empty non-base types in `__init__`. Instead, either 1) use a type annotation in the class body, or 2) wrap the type in `torch.jit.Attribute`.
  warnings.warn(
/home/haotiant/conda/envs/dtmol/lib/python3.8/site-packages/torch/jit/_check.py:177: UserWarning: The TorchScript type system doesn't support instance-level annotations on empty non-base types in `__init__`. Instead, either 1) use a type annotation in the class body, or 2) wrap the type in `torch.jit.Attribute`.
  warnings.warn(
/home/haotiant/conda/envs/dtmol/lib/python3.8/site-packages/torch/jit/_check.py:177: UserWarning: The TorchScript type system doesn't support instance-level annotations on empty non-base types in `__init__`. Instead, either 1) use a type annotation in the class body, or 2) wrap the type in `torch.jit.Attribute`.
  warnings.warn(
/home/haotiant/conda/envs/dtmol/lib/python3.8/site-packages/torch/jit/_check.py:177: UserWarning: The TorchScript type system doesn't support instance-level annotations on empty non-base types in `__init__`. Instead, either 1) use a type annotation in the class body, or 2) wrap the type in `torch.jit.Attribute`.
  warnings.warn(
/home/haotiant/conda/envs/dtmol/lib/python3.8/site-packages/torch/jit/_check.py:177: UserWarning: The TorchScript type system doesn't support instance-level annotations on empty non-base types in `__init__`. Instead, either 1) use a type annotation in the class body, or 2) wrap the type in `torch.jit.Attribute`.
  warnings.warn(
/home/haotiant/conda/envs/dtmol/lib/python3.8/site-packages/torch/jit/_check.py:177: UserWarning: The TorchScript type system doesn't support instance-level annotations on empty non-base types in `__init__`. Instead, either 1) use a type annotation in the class body, or 2) wrap the type in `torch.jit.Attribute`.
  warnings.warn(
fused_multi_tensor is not installed corrected
fused_rounding is not installed corrected
fused_layer_norm is not installed corrected
fused_softmax is not installed corrected
unicore_fused_layernorm is not installed corrected
apex fused layer norm is not installed correctly, apex will be disabled.
[fix-E] filtered dataset 0 'unit_cell_synth' to 74 records matching prefixes ('fcc_Al_2x2x2',)
[warm-start] loaded ['ligand_encoder', 'protein_encoder', 'decoder'] from dtmol/models/bindingpose_20260506_fixE_fcc_Al/ckpt-2000.pt
[mode] all nn.Dropout p=0 (BN still in train mode)
#  i mol_t sgl |    tg_tr    pr_tr cos_tr  r_tr |     tg_p     pr_p  cos_p   r_p |     dec    node     loss
#  0  2561   1 | 1.22e+00 1.70e-03 -0.576  1.00 | 1.10e+00 1.18e-01 +0.152  0.98 | 1.2e+00 2.8e+00 2.694e+00
#  1  2542   1 | 9.61e-01 2.21e-03 -0.342  1.00 | 1.06e+00 2.21e-01 +0.347  0.90 | 1.2e+00 3.8e+00 1.943e+00
#  2  3502   1 | 5.78e-01 9.33e-04 -0.355  1.00 | 1.04e+00 1.01e-01 +0.137  0.98 | 1.3e+00 4.4e+00 1.402e+00
#  3  1206   1 | 1.30e+00 3.48e-03 +0.757  1.00 | 9.27e-01 1.88e-01 +0.107  1.00 | 1.2e+00 4.2e+00 2.528e+00
#  4  1684   1 | 8.54e-01 1.21e-03 +0.243  1.00 | 9.10e-01 1.11e-01 +0.082  0.99 | 1.2e+00 3.5e+00 1.553e+00
#  5  3742   1 | 1.07e+00 1.39e-03 +0.669  1.00 | 9.82e-01 1.23e-01 +0.272  0.95 | 1.3e+00 4.2e+00 2.052e+00
#  6  3917   1 | 1.02e+00 1.58e-03 -0.596  1.00 | 9.92e-01 1.77e-01 +0.270  0.94 | 1.4e+00 3.8e+00 1.959e+00
#  7   659   1 | 1.10e+00 8.37e-04 -0.595  1.00 | 1.08e+00 1.36e-01 +0.098  0.99 | 1.2e+00 3.1e+00 2.363e+00
#  8  1588   1 | 9.58e-01 2.52e-03 -0.746  1.00 | 1.07e+00 1.03e-01 +0.125  0.99 | 1.2e+00 3.7e+00 2.059e+00
#  9  1997   1 | 1.04e+00 7.38e-04 -0.374  1.00 | 1.08e+00 2.96e-01 +0.206  0.96 | 1.2e+00 3.2e+00 2.222e+00
# 10  4013   1 | 5.67e-01 2.22e-03 -0.134  1.00 | 1.03e+00 2.50e-01 +0.164  0.98 | 1.3e+00 4.0e+00 1.359e+00
# 11  2585   1 | 1.11e+00 2.96e-03 -0.388  1.00 | 1.06e+00 1.30e-01 +0.019  1.01 | 1.3e+00 2.9e+00 2.368e+00
# 12  1571   1 | 1.31e+00 2.57e-03 -0.036  1.00 | 1.04e+00 1.04e-01 +0.158  0.98 | 1.2e+00 3.5e+00 2.759e+00
# 13   942   1 | 4.70e-01 2.36e-03 -0.501  1.01 | 9.87e-01 9.83e-02 +0.220  0.97 | 1.2e+00 4.8e+00 1.164e+00
# 14  2887   1 | 9.82e-01 2.14e-03 -0.046  1.00 | 1.04e+00 2.02e-01 +0.287  0.93 | 1.3e+00 3.6e+00 1.971e+00
# 15  2592   1 | 9.13e-01 2.22e-03 -0.071  1.00 | 9.51e-01 9.50e-02 +0.104  0.99 | 1.3e+00 4.7e+00 1.729e+00
# 16   810   1 | 1.17e+00 1.98e-03 +0.148  1.00 | 1.17e+00 1.03e-01 +0.241  0.97 | 1.2e+00 3.3e+00 2.687e+00
# 17   984   1 | 5.12e-01 2.17e-03 -0.311  1.00 | 9.97e-01 1.23e-01 +0.005  1.01 | 1.3e+00 4.4e+00 1.271e+00
# 18  1430   1 | 8.24e-01 1.52e-03 +0.121  1.00 | 9.42e-01 1.12e-01 +0.014  1.01 | 1.3e+00 3.6e+00 1.576e+00
# 19  2049   1 | 1.30e+00 2.90e-03 -0.618  1.00 | 1.09e+00 1.32e-01 +0.162  0.98 | 1.4e+00 3.9e+00 2.873e+00
# 20  2271   1 | 8.29e-01 1.19e-03 +0.557  1.00 | 9.54e-01 1.30e-01 +0.265  0.95 | 1.2e+00 3.0e+00 1.546e+00
# 21  2821   1 | 1.05e+00 2.45e-03 -0.239  1.00 | 8.36e-01 1.24e-01 +0.251  0.95 | 1.3e+00 4.1e+00 1.759e+00
# 22  4900   1 | 1.14e+00 1.81e-03 +0.607  1.00 | 1.13e+00 2.17e-01 +0.416  0.88 | 1.4e+00 4.3e+00 2.434e+00
# 23   184   1 | 1.65e+00 9.34e-04 +0.933  1.00 | 9.65e-01 1.18e-01 -0.071  1.03 | 1.3e+00 4.0e+00 3.694e+00
# 24  3995   1 | 8.52e-01 1.54e-03 +0.273  1.00 | 1.01e+00 1.45e-01 +0.307  0.93 | 1.4e+00 4.1e+00 1.682e+00
# 25   471   1 | 1.21e+00 1.34e-03 -0.478  1.00 | 9.11e-01 1.16e-01 +0.064  1.00 | 1.3e+00 2.6e+00 2.292e+00
# 26   987   1 | 1.29e+00 1.81e-03 +0.004  1.00 | 9.64e-01 1.19e-01 +0.226  0.96 | 1.3e+00 3.6e+00 2.568e+00
# 27  3557   1 | 9.85e-01 1.83e-03 +0.456  1.00 | 1.07e+00 1.86e-01 +0.241  0.95 | 1.5e+00 3.6e+00 2.062e+00
# 28  2392   1 | 6.28e-01 2.53e-03 -0.112  1.00 | 1.03e+00 1.30e-01 +0.050  1.00 | 1.4e+00 4.4e+00 1.457e+00
# 29  4655   1 | 6.91e-01 6.00e-04 -0.523  1.00 | 1.09e+00 2.12e-01 +0.263  0.94 | 1.5e+00 3.8e+00 1.585e+00
# 30  1216   1 | 4.47e-01 3.47e-03 +0.562  0.99 | 1.00e+00 1.36e-01 +0.221  0.96 | 1.3e+00 5.3e+00 1.159e+00
# 31  2363   1 | 9.08e-01 1.89e-03 +0.441  1.00 | 9.18e-01 1.60e-01 +0.222  0.95 | 1.3e+00 3.9e+00 1.626e+00
# 32  2897   1 | 1.07e+00 1.22e-03 -0.231  1.00 | 1.04e+00 8.52e-02 +0.197  0.97 | 1.4e+00 5.2e+00 2.193e+00
# 33  3620   1 | 1.00e+00 9.54e-04 -0.188  1.00 | 8.61e-01 1.94e-01 +0.232  0.95 | 1.5e+00 3.5e+00 1.711e+00
# 34  2395   1 | 1.07e+00 1.81e-03 -0.075  1.00 | 9.97e-01 1.26e-01 +0.200  0.97 | 1.4e+00 3.8e+00 2.115e+00
# 35   292   1 | 5.68e-01 1.98e-03 +0.110  1.00 | 9.77e-01 1.07e-01 +0.020  1.01 | 1.3e+00 4.5e+00 1.285e+00
# 36  2558   1 | 1.02e+00 8.49e-04 +0.833  1.00 | 1.13e+00 8.51e-02 +0.215  0.97 | 1.4e+00 3.3e+00 2.292e+00
# 37  4510   1 | 1.09e+00 2.80e-03 +0.187  1.00 | 9.68e-01 9.25e-02 +0.282  0.96 | 1.5e+00 4.3e+00 2.080e+00
# 38  3356   1 | 9.73e-01 2.08e-03 +0.423  1.00 | 9.60e-01 1.66e-01 +0.118  0.99 | 1.5e+00 3.9e+00 1.856e+00
# 39  3496   1 | 1.09e+00 9.68e-04 -0.305  1.00 | 9.70e-01 2.01e-01 +0.183  0.97 | 1.5e+00 4.3e+00 2.095e+00
# 40  1225   1 | 1.35e+00 3.36e-03 -0.375  1.00 | 1.00e+00 2.53e-01 +0.000  1.06 | 1.4e+00 4.0e+00 2.883e+00
# 41   767   1 | 7.01e-01 2.46e-03 +0.138  1.00 | 1.00e+00 1.38e-01 +0.102  0.99 | 1.3e+00 3.5e+00 1.486e+00
# 42  4794   1 | 1.09e+00 4.59e-03 +0.461  1.00 | 9.93e-01 1.83e-01 +0.420  0.88 | 1.6e+00 4.2e+00 2.046e+00
# 43  1864   1 | 1.32e+00 1.20e-03 +0.431  1.00 | 1.12e+00 1.38e-01 +0.262  0.95 | 1.4e+00 3.0e+00 2.936e+00
# 44  1803   1 | 1.29e+00 1.50e-03 +0.941  1.00 | 1.08e+00 1.16e-01 +0.122  0.99 | 1.4e+00 3.4e+00 2.809e+00
# 45   885   1 | 9.98e-01 2.40e-03 +0.654  1.00 | 9.45e-01 1.04e-01 +0.149  0.98 | 1.3e+00 4.3e+00 1.868e+00
# 46  2911   1 | 5.85e-01 1.22e-03 -0.526  1.00 | 1.05e+00 1.26e-01 +0.194  0.97 | 1.4e+00 2.9e+00 1.415e+00
# 47  3664   1 | 9.09e-01 2.20e-03 -0.376  1.00 | 9.15e-01 2.06e-01 -0.060  1.08 | 1.6e+00 3.6e+00 1.731e+00
# 48  4069   1 | 1.11e+00 1.49e-03 -0.183  1.00 | 9.75e-01 2.15e-01 +0.247  0.94 | 1.6e+00 3.1e+00 2.117e+00
# 49  1043   1 | 6.58e-01 1.47e-03 -0.161  1.00 | 1.07e+00 1.73e-01 +0.276  0.94 | 1.4e+00 3.4e+00 1.505e+00
# 50  4028   1 | 1.10e+00 1.47e-03 -0.256  1.00 | 1.05e+00 2.20e-01 +0.441  0.86 | 1.6e+00 4.8e+00 2.155e+00
# 51  2926   1 | 7.46e-01 8.84e-04 +0.688  1.00 | 9.49e-01 1.87e-01 +0.206  0.96 | 1.5e+00 4.4e+00 1.419e+00
# 52  1982   1 | 1.38e+00 1.49e-03 +0.357  1.00 | 1.03e+00 1.03e-01 +0.045  1.00 | 1.4e+00 4.0e+00 2.960e+00
# 53  1258   1 | 5.97e-01 1.03e-03 -0.176  1.00 | 1.08e+00 1.74e-01 +0.095  1.00 | 1.4e+00 3.5e+00 1.526e+00
# 54  3225   1 | 9.81e-01 1.93e-03 -0.634  1.00 | 1.06e+00 1.23e-01 +0.251  0.96 | 1.5e+00 3.2e+00 2.034e+00
# 55  4838   1 | 1.25e+00 7.20e-04 -0.172  1.00 | 9.89e-01 1.32e-01 +0.361  0.92 | 1.7e+00 3.0e+00 2.463e+00
# 56   372   1 | 1.32e+00 1.60e-03 -0.426  1.00 | 1.02e+00 1.52e-01 +0.048  1.01 | 1.5e+00 4.7e+00 2.787e+00
# 57  1641   1 | 9.71e-01 1.89e-03 -0.694  1.00 | 1.02e+00 1.32e-01 +0.004  1.02 | 1.3e+00 4.6e+00 1.997e+00
# 58  3021   1 | 9.59e-01 1.45e-03 +0.103  1.00 | 1.03e+00 1.33e-01 +0.118  0.99 | 1.5e+00 3.7e+00 1.970e+00
# 59  2514   1 | 7.31e-01 3.14e-03 -0.184  1.00 | 9.46e-01 1.52e-01 +0.124  0.99 | 1.5e+00 3.8e+00 1.417e+00
# 60   975   1 | 4.94e-01 1.67e-03 +0.530  1.00 | 1.12e+00 1.70e-01 +0.118  0.99 | 1.4e+00 3.3e+00 1.476e+00
# 61  3498   1 | 1.13e+00 1.99e-03 +0.046  1.00 | 1.01e+00 2.88e-01 +0.237  0.95 | 1.7e+00 3.7e+00 2.233e+00
# 62  3759   1 | 1.14e+00 2.30e-03 +0.543  1.00 | 9.43e-01 1.88e-01 +0.299  0.92 | 1.7e+00 4.1e+00 2.114e+00
# 63  2994   1 | 1.41e+00 3.23e-03 +0.367  1.00 | 1.01e+00 1.29e-01 +0.153  0.98 | 1.5e+00 4.9e+00 2.974e+00
# 64  2487   1 | 1.04e+00 1.48e-03 -0.225  1.00 | 1.02e+00 1.56e-01 +0.223  0.96 | 1.5e+00 3.7e+00 2.071e+00
# 65  2166   1 | 1.20e+00 3.11e-03 -0.498  1.00 | 1.05e+00 1.38e-01 +0.194  0.97 | 1.5e+00 4.0e+00 2.518e+00
# 66  2964   1 | 7.83e-01 3.39e-03 +0.556  1.00 | 9.59e-01 1.41e-01 +0.256  0.95 | 1.5e+00 4.6e+00 1.480e+00
# 67   737   1 | 1.07e+00 2.89e-03 -0.288  1.00 | 1.03e+00 1.01e-01 -0.004  1.01 | 1.3e+00 4.1e+00 2.215e+00
# 68  2659   1 | 1.11e+00 2.07e-03 +0.761  1.00 | 9.80e-01 1.34e-01 +0.215  0.96 | 1.5e+00 4.5e+00 2.140e+00
# 69  3217   1 | 1.13e+00 2.98e-03 +0.390  1.00 | 9.88e-01 1.03e-01 +0.066  1.00 | 1.6e+00 4.1e+00 2.254e+00
# 70  1166   1 | 1.31e+00 3.21e-03 +0.450  1.00 | 1.01e+00 1.15e-01 +0.004  1.01 | 1.4e+00 4.1e+00 2.752e+00
# 71  1329   1 | 1.09e+00 1.62e-03 -0.377  1.00 | 9.37e-01 1.21e-01 -0.042  1.03 | 1.4e+00 4.9e+00 2.087e+00
# 72  3604   1 | 1.08e+00 6.17e-04 +0.300  1.00 | 1.02e+00 2.45e-01 +0.334  0.90 | 1.7e+00 3.5e+00 2.105e+00
# 73  1842   1 | 1.18e+00 2.42e-03 -0.557  1.00 | 9.58e-01 1.32e-01 -0.007  1.02 | 1.5e+00 4.1e+00 2.329e+00
# 74  4941   1 | 7.23e-01 2.21e-03 -0.143  1.00 | 9.46e-01 1.37e-01 +0.424  0.90 | 1.6e+00 2.7e+00 1.327e+00
# 75  2735   1 | 1.22e+00 1.01e-03 +0.445  1.00 | 1.10e+00 1.15e-01 +0.301  0.95 | 1.5e+00 4.1e+00 2.654e+00
# 76  2815   1 | 1.14e+00 2.39e-03 +0.561  1.00 | 9.43e-01 2.24e-01 +0.229  0.95 | 1.6e+00 3.8e+00 2.149e+00
# 77  2648   1 | 1.07e+00 9.61e-04 +0.132  1.00 | 1.04e+00 8.29e-02 +0.225  0.97 | 1.5e+00 4.3e+00 2.197e+00
# 78  1433   1 | 1.09e+00 2.74e-03 -0.000  1.00 | 9.37e-01 9.89e-02 -0.015  1.01 | 1.3e+00 4.0e+00 2.075e+00
# 79    64   1 | 9.07e-01 2.53e-03 -0.023  1.00 | 9.18e-01 1.26e-01 +0.098  0.99 | 1.5e+00 3.1e+00 1.658e+00
# 80   630   1 | 4.94e-01 2.87e-03 +0.047  1.00 | 1.12e+00 2.60e-01 +0.152  0.98 | 1.3e+00 3.9e+00 1.472e+00
# 81  1517   1 | 9.64e-01 2.45e-03 -0.216  1.00 | 1.03e+00 1.39e-01 +0.014  1.01 | 1.2e+00 3.4e+00 2.011e+00
# 82  4366   1 | 1.04e+00 2.08e-03 +0.219  1.00 | 1.02e+00 2.20e-01 +0.351  0.89 | 1.5e+00 3.5e+00 2.016e+00
# 83  1582   1 | 8.54e-01 2.60e-03 +0.146  1.00 | 9.10e-01 1.38e-01 +0.057  1.01 | 1.4e+00 4.2e+00 1.561e+00
# 84   543   1 | 6.23e-01 1.73e-03 -0.727  1.00 | 1.03e+00 1.85e-01 +0.124  0.99 | 1.3e+00 3.8e+00 1.436e+00
# 85  2871   1 | 1.30e+00 1.77e-03 +0.120  1.00 | 1.01e+00 1.28e-01 +0.135  0.98 | 1.5e+00 3.8e+00 2.693e+00
# 86  4114   1 | 9.79e-01 3.42e-03 +0.201  1.00 | 1.02e+00 2.41e-01 +0.184  0.97 | 1.5e+00 3.6e+00 1.961e+00
# 87   305   1 | 1.18e+00 1.62e-03 -0.155  1.00 | 9.58e-01 1.21e-01 -0.020  1.02 | 1.3e+00 3.8e+00 2.328e+00
# 88   993   1 | 4.70e-01 1.61e-03 -0.160  1.00 | 9.87e-01 1.16e-01 +0.186  0.97 | 1.4e+00 3.4e+00 1.167e+00
# 89  4930   1 | 1.03e+00 5.10e-03 -0.465  1.00 | 9.92e-01 2.69e-01 +0.281  0.92 | 1.5e+00 3.6e+00 1.966e+00
# 90  2249   1 | 1.17e+00 4.92e-03 +0.153  1.00 | 1.17e+00 1.23e-01 +0.331  0.94 | 1.3e+00 4.0e+00 2.651e+00
# 91  1403   1 | 5.69e-01 1.92e-03 +0.579  1.00 | 9.77e-01 1.47e-01 +0.114  0.99 | 1.3e+00 4.0e+00 1.267e+00
# 92  4153   1 | 1.06e+00 1.21e-03 +0.391  1.00 | 8.36e-01 1.17e-01 +0.427  0.90 | 1.6e+00 3.7e+00 1.753e+00
# 93  4886   1 | 8.03e-01 3.45e-03 +0.042  1.00 | 9.42e-01 1.21e-01 +0.486  0.89 | 1.6e+00 4.4e+00 1.435e+00
# 94   417   1 | 1.11e+00 1.88e-03 -0.701  1.00 | 9.80e-01 7.93e-02 +0.115  0.99 | 1.3e+00 4.0e+00 2.193e+00
# 95  4274   1 | 1.39e+00 2.75e-03 -0.324  1.00 | 1.03e+00 9.15e-02 +0.244  0.96 | 1.6e+00 3.5e+00 2.945e+00
# 96  4760   1 | 9.58e-01 2.59e-03 -0.288  1.00 | 1.06e+00 1.75e-01 +0.368  0.91 | 1.6e+00 4.5e+00 1.932e+00
# 97   556   1 | 5.96e-01 1.48e-03 +0.120  1.00 | 1.08e+00 1.10e-01 +0.042  1.00 | 1.3e+00 3.9e+00 1.532e+00
# 98   276   1 | 1.31e+00 2.03e-03 +0.239  1.00 | 1.04e+00 1.09e-01 +0.052  1.00 | 1.3e+00 4.1e+00 2.786e+00
# 99   752   1 | 1.31e+00 1.53e-03 +0.557  1.00 | 1.09e+00 9.17e-02 -0.005  1.01 | 1.1e+00 4.6e+00 2.911e+00
#100  4421   1 | 1.15e+00 8.11e-04 +0.162  1.00 | 9.88e-01 1.36e-01 +0.439  0.90 | 1.5e+00 4.2e+00 2.188e+00
#101  1335   1 | 1.08e+00 1.63e-03 -0.609  1.00 | 9.93e-01 1.21e-01 +0.021  1.01 | 1.3e+00 4.1e+00 2.164e+00
#102  1294   1 | 1.20e+00 7.15e-04 -0.654  1.00 | 1.05e+00 1.32e-01 +0.206  0.96 | 1.4e+00 3.5e+00 2.524e+00
#103  4281   1 | 1.10e+00 5.30e-03 -0.033  1.00 | 1.02e+00 1.83e-01 +0.469  0.86 | 1.5e+00 3.9e+00 2.102e+00
#104  1707   1 | 6.58e-01 6.68e-04 -0.127  1.00 | 1.07e+00 1.75e-01 +0.313  0.92 | 1.3e+00 4.0e+00 1.491e+00
#105   763   1 | 1.14e+00 3.02e-03 -0.101  1.00 | 9.75e-01 8.85e-02 +0.050  1.00 | 1.3e+00 3.1e+00 2.258e+00
#106  4999   1 | 9.55e-01 2.51e-03 -0.334  1.00 | 9.51e-01 1.33e-01 +0.418  0.90 | 1.5e+00 3.9e+00 1.729e+00
#107  1246   1 | 1.40e+00 3.74e-03 +0.286  1.00 | 1.01e+00 1.32e-01 -0.081  1.04 | 1.4e+00 3.6e+00 3.027e+00
#108  2772   1 | 1.66e+00 1.29e-03 -0.115  1.00 | 9.65e-01 1.85e-01 +0.177  0.97 | 1.5e+00 4.2e+00 3.652e+00
#109  3871   1 | 7.13e-01 2.79e-03 +0.287  1.00 | 1.00e+00 2.06e-01 +0.232  0.95 | 1.6e+00 3.3e+00 1.458e+00
#110  3640   1 | 9.54e-01 2.48e-03 -0.218  1.00 | 1.06e+00 2.36e-01 +0.399  0.87 | 1.6e+00 4.1e+00 1.899e+00
#111  2897   1 | 5.17e-01 2.86e-03 +0.493  0.99 | 9.97e-01 1.63e-01 +0.242  0.95 | 1.5e+00 3.4e+00 1.208e+00
#112  3087   1 | 4.53e-01 2.59e-03 +0.106  1.00 | 1.00e+00 2.50e-01 +0.228  0.95 | 1.6e+00 3.5e+00 1.157e+00
#113  1133   1 | 9.75e-01 3.01e-03 -0.048  1.00 | 1.04e+00 1.67e-01 +0.305  0.93 | 1.4e+00 4.3e+00 1.959e+00
#114   911   1 | 9.98e-01 2.58e-03 -0.501  1.00 | 8.61e-01 1.27e-01 +0.122  0.99 | 1.3e+00 3.7e+00 1.730e+00
#115  4896   1 | 7.26e-01 1.58e-03 +0.475  1.00 | 9.49e-01 2.09e-01 +0.366  0.89 | 1.6e+00 4.3e+00 1.326e+00
#116  4679   1 | 5.40e-01 2.51e-03 -0.612  1.01 | 1.04e+00 1.17e-01 +0.428  0.92 | 1.6e+00 4.0e+00 1.289e+00
#117  1519   1 | 7.72e-01 1.66e-03 -0.016  1.00 | 9.59e-01 1.96e-01 +0.166  0.97 | 1.2e+00 4.4e+00 1.491e+00
#118   503   1 | 8.26e-01 1.59e-03 -0.198  1.00 | 9.54e-01 1.70e-01 +0.173  0.97 | 1.3e+00 3.3e+00 1.564e+00
#119  3108   1 | 5.87e-01 1.46e-03 +0.291  1.00 | 1.05e+00 1.34e-01 +0.240  0.96 | 1.5e+00 3.7e+00 1.401e+00
#120   684   1 | 9.98e-01 2.26e-03 +0.325  1.00 | 9.45e-01 1.13e-01 +0.124  0.98 | 1.2e+00 4.4e+00 1.875e+00
#121  2792   1 | 1.10e+00 1.59e-03 -0.536  1.00 | 9.82e-01 1.63e-01 +0.095  1.00 | 1.5e+00 3.4e+00 2.162e+00
#122  1631   1 | 8.22e-01 2.33e-03 +0.205  1.00 | 1.01e+00 1.24e-01 +0.052  1.00 | 1.3e+00 4.1e+00 1.704e+00
#123  4962   1 | 1.08e+00 2.09e-03 +0.105  1.00 | 1.03e+00 1.54e-01 +0.290  0.94 | 1.5e+00 3.4e+00 2.163e+00
#124  3228   1 | 1.30e+00 3.49e-03 -0.207  1.00 | 9.64e-01 2.90e-01 +0.304  0.91 | 1.5e+00 4.8e+00 2.532e+00
#125  2802   1 | 1.08e+00 2.32e-03 +0.165  1.00 | 9.68e-01 1.55e-01 +0.242  0.95 | 1.5e+00 4.3e+00 2.051e+00
#126   961   1 | 1.32e+00 3.81e-03 +0.093  1.00 | 1.02e+00 1.08e-01 +0.024  1.01 | 1.3e+00 4.9e+00 2.781e+00
#127   656   1 | 1.30e+00 3.47e-03 +0.378  1.00 | 9.27e-01 1.06e-01 +0.053  1.00 | 1.3e+00 3.4e+00 2.536e+00
#128    64   1 | 1.02e+00 2.42e-03 +0.856  1.00 | 1.13e+00 9.24e-02 -0.076  1.02 | 1.4e+00 3.6e+00 2.339e+00
#129  1017   1 | 5.46e-01 2.48e-03 +0.319  1.00 | 1.03e+00 1.93e-01 +0.196  0.96 | 1.3e+00 3.4e+00 1.315e+00
#130  4468   1 | 1.12e+00 1.25e-03 -0.219  1.00 | 1.13e+00 1.30e-01 +0.395  0.92 | 1.5e+00 2.8e+00 2.438e+00
#131  1500   1 | 1.29e+00 2.54e-03 +0.854  1.00 | 1.08e+00 1.23e-01 +0.101  0.99 | 1.3e+00 3.9e+00 2.815e+00
#132  2844   1 | 1.20e+00 1.84e-03 +0.384  1.00 | 9.11e-01 1.23e-01 +0.210  0.96 | 1.5e+00 4.1e+00 2.226e+00
#133  2847   1 | 1.31e+00 2.35e-03 +0.289  1.00 | 1.12e+00 2.12e-01 +0.244  0.94 | 1.5e+00 3.4e+00 2.903e+00
#134  4524   1 | 1.10e+00 2.48e-03 -0.090  1.00 | 1.08e+00 2.31e-01 +0.377  0.88 | 1.5e+00 4.2e+00 2.248e+00
#135  1487   1 | 1.11e+00 7.45e-04 -0.153  1.00 | 1.06e+00 1.43e-01 -0.092  1.04 | 1.3e+00 4.1e+00 2.397e+00
#136  4312   1 | 7.10e-01 2.90e-03 +0.306  1.00 | 1.09e+00 1.26e-01 +0.280  0.95 | 1.5e+00 4.6e+00 1.626e+00
#137    27   1 | 9.57e-01 2.13e-03 -0.145  1.00 | 1.07e+00 1.05e-01 +0.085  0.99 | 1.4e+00 3.2e+00 2.063e+00
#138  4456   1 | 1.13e+00 4.01e-03 +0.161  1.00 | 1.05e+00 2.99e-01 +0.454  0.82 | 1.5e+00 4.4e+00 2.183e+00
#139  2907   1 | 1.13e+00 2.17e-03 +0.571  1.00 | 1.01e+00 2.29e-01 +0.248  0.94 | 1.4e+00 3.7e+00 2.215e+00
#140   762   1 | 1.07e+00 1.21e-03 -0.185  1.00 | 9.70e-01 1.05e-01 -0.112  1.04 | 1.3e+00 2.3e+00 2.122e+00
#141   504   1 | 1.00e+00 3.22e-03 +0.290  1.00 | 1.07e+00 2.15e-01 +0.192  0.96 | 1.3e+00 3.4e+00 2.117e+00
#142  4668   1 | 1.06e+00 2.73e-03 +0.331  1.00 | 1.08e+00 2.55e-01 +0.289  0.92 | 1.7e+00 3.8e+00 2.207e+00
#143  4376   1 | 9.70e-01 2.05e-03 -0.549  1.00 | 9.60e-01 1.12e-01 +0.214  0.96 | 1.5e+00 3.5e+00 1.832e+00
#144   893   1 | 1.35e+00 1.56e-03 -0.036  1.00 | 1.00e+00 1.83e-01 +0.011  1.03 | 1.3e+00 3.4e+00 2.847e+00
#145    63   1 | 1.08e+00 2.59e-03 -0.449  1.00 | 9.97e-01 1.27e-01 +0.162  0.97 | 1.4e+00 4.7e+00 2.134e+00
#146  2257   1 | 1.23e+00 9.21e-04 +0.597  1.00 | 9.89e-01 1.61e-01 +0.165  0.97 | 1.4e+00 3.5e+00 2.459e+00
#147  2801   1 | 8.95e-01 1.87e-03 -0.302  1.00 | 9.15e-01 1.46e-01 +0.135  0.98 | 1.5e+00 3.0e+00 1.625e+00
#148   617   1 | 6.23e-01 2.26e-03 -0.563  1.00 | 1.03e+00 1.55e-01 +0.097  0.99 | 1.3e+00 4.2e+00 1.442e+00
#149  2371   1 | 1.10e+00 1.80e-03 +0.316  1.00 | 9.82e-01 1.58e-01 +0.114  0.99 | 1.4e+00 4.5e+00 2.165e+00
#150  4836   1 | 8.04e-01 3.08e-03 -0.378  1.00 | 1.01e+00 1.45e-01 +0.365  0.92 | 1.6e+00 4.6e+00 1.588e+00
#151  4080   1 | 1.00e+00 2.13e-03 -0.541  1.00 | 8.61e-01 2.54e-01 +0.343  0.88 | 1.6e+00 2.8e+00 1.659e+00
#152  4148   1 | 6.18e-01 1.58e-03 +0.044  1.00 | 1.08e+00 1.85e-01 +0.148  0.98 | 1.5e+00 3.8e+00 1.532e+00
#153  4022   1 | 9.86e-01 7.07e-03 -0.370  1.01 | 1.07e+00 2.47e-01 +0.342  0.90 | 1.5e+00 5.7e+00 2.012e+00
#154   805   1 | 9.71e-01 2.56e-03 +0.025  1.00 | 1.02e+00 1.38e-01 -0.008  1.02 | 1.3e+00 3.7e+00 2.001e+00
#155  1603   1 | 1.02e+00 2.34e-03 -0.650  1.00 | 9.92e-01 1.90e-01 +0.107  1.00 | 1.3e+00 3.7e+00 2.031e+00
#156  1891   1 | 5.56e-01 1.37e-03 +0.413  1.00 | 1.04e+00 8.35e-02 +0.087  0.99 | 1.4e+00 3.6e+00 1.386e+00
#157   149   1 | 1.29e+00 2.29e-03 -0.824  1.00 | 1.08e+00 2.01e-01 +0.084  1.00 | 1.4e+00 3.8e+00 2.846e+00
#158  4913   1 | 1.22e+00 1.31e-03 +0.349  1.00 | 1.10e+00 1.51e-01 +0.390  0.91 | 1.5e+00 3.0e+00 2.591e+00
#159   365   1 | 1.14e+00 1.41e-03 -0.235  1.00 | 9.88e-01 8.90e-02 -0.115  1.03 | 1.4e+00 4.4e+00 2.310e+00
#160  3530   1 | 4.99e-01 2.03e-03 -0.695  1.01 | 1.12e+00 2.78e-01 +0.347  0.89 | 1.5e+00 4.8e+00 1.361e+00
#161  4656   1 | 9.67e-01 3.42e-03 -0.102  1.00 | 1.04e+00 3.84e-01 +0.268  0.94 | 1.6e+00 4.1e+00 1.956e+00
#162   620   1 | 7.38e-01 2.60e-03 -0.792  1.01 | 9.49e-01 1.41e-01 +0.092  0.99 | 1.3e+00 3.1e+00 1.444e+00
#163  4922   1 | 1.36e+00 2.17e-03 +0.033  1.00 | 1.00e+00 1.51e-01 +0.400  0.90 | 1.6e+00 4.0e+00 2.758e+00
#164   808   1 | 9.64e-01 2.21e-03 +0.166  1.00 | 1.06e+00 1.78e-01 +0.315  0.92 | 1.3e+00 3.6e+00 1.973e+00
#165  1381   1 | 1.05e+00 2.16e-03 -0.211  1.00 | 1.08e+00 2.55e-01 +0.193  0.96 | 1.3e+00 3.4e+00 2.232e+00
#166  4098   1 | 9.08e-01 1.51e-03 +0.441  1.00 | 9.18e-01 2.40e-01 +0.336  0.89 | 1.7e+00 4.0e+00 1.575e+00
#167  2107   1 | 1.08e+00 1.53e-03 +0.027  1.00 | 1.04e+00 1.03e-01 +0.169  0.98 | 1.5e+00 4.4e+00 2.217e+00
#168  2111   1 | 1.31e+00 1.67e-03 +0.539  1.00 | 1.01e+00 9.72e-02 +0.073  1.00 | 1.5e+00 4.1e+00 2.726e+00
#169   979   1 | 1.08e+00 1.72e-03 +0.360  1.00 | 9.97e-01 8.92e-02 +0.192  0.97 | 1.1e+00 4.2e+00 2.127e+00
#170  3888   1 | 7.36e-01 2.38e-03 -0.344  1.00 | 1.09e+00 2.09e-01 +0.263  0.94 | 1.6e+00 3.6e+00 1.651e+00
#171  4585   1 | 6.96e-01 3.45e-03 +0.061  1.00 | 1.00e+00 2.72e-01 +0.348  0.88 | 1.7e+00 3.8e+00 1.373e+00
#172  1381   1 | 8.53e-01 2.88e-03 +0.376  1.00 | 9.10e-01 9.30e-02 +0.060  1.00 | 1.3e+00 3.3e+00 1.553e+00
#173  2548   1 | 9.14e-01 1.73e-03 +0.289  1.00 | 9.51e-01 9.61e-02 +0.118  0.99 | 1.5e+00 4.5e+00 1.726e+00
#174   982   1 | 1.21e+00 2.60e-03 -0.551  1.00 | 9.11e-01 1.25e-01 +0.106  0.99 | 1.3e+00 3.0e+00 2.284e+00
#175   389   1 | 1.02e+00 4.08e-03 -0.282  1.00 | 1.13e+00 1.07e-01 -0.014  1.01 | 1.3e+00 3.6e+00 2.336e+00
#176   684   1 | 5.69e-01 2.11e-03 -0.161  1.00 | 9.77e-01 1.06e-01 +0.042  1.00 | 1.1e+00 3.8e+00 1.281e+00
#177  1525   1 | 1.65e+00 2.11e-03 +0.609  1.00 | 9.65e-01 1.06e-01 +0.119  0.99 | 1.3e+00 3.8e+00 3.650e+00
#178  4508   1 | 5.09e-01 2.23e-03 +0.488  1.00 | 9.97e-01 2.56e-01 +0.289  0.92 | 1.6e+00 3.5e+00 1.170e+00
#179  2166   1 | 1.32e+00 1.21e-03 +0.274  1.00 | 1.02e+00 1.45e-01 +0.185  0.97 | 1.4e+00 3.2e+00 2.741e+00
#180  2141   1 | 1.06e+00 2.27e-03 +0.040  1.00 | 1.03e+00 1.21e-01 +0.109  0.99 | 1.5e+00 3.8e+00 2.182e+00
#181  1100   1 | 9.98e-01 1.72e-03 +0.218  1.00 | 9.45e-01 1.11e-01 +0.181  0.97 | 1.4e+00 4.9e+00 1.864e+00
#182  2509   1 | 4.72e-01 2.13e-03 +0.496  1.00 | 9.87e-01 1.59e-01 +0.364  0.91 | 1.5e+00 3.9e+00 1.107e+00
#183  4436   1 | 1.09e+00 3.14e-03 +0.095  1.00 | 9.68e-01 1.79e-01 +0.305  0.92 | 1.5e+00 3.2e+00 2.047e+00
#184  1702   1 | 1.12e+00 1.81e-03 +0.502  1.00 | 1.01e+00 1.72e-01 +0.182  0.97 | 1.3e+00 3.0e+00 2.237e+00
#185  2274   1 | 1.38e+00 1.24e-03 +0.576  1.00 | 1.03e+00 1.35e-01 +0.013  1.01 | 1.4e+00 2.8e+00 2.976e+00
#186  2565   1 | 7.78e-01 1.65e-03 -0.231  1.00 | 9.59e-01 2.31e-01 +0.239  0.94 | 1.6e+00 3.6e+00 1.472e+00
#187  4729   1 | 5.71e-01 3.58e-03 -0.065  1.00 | 1.05e+00 3.48e-01 +0.262  0.94 | 1.7e+00 3.9e+00 1.364e+00
#188   436   1 | 1.23e+00 2.47e-03 +0.134  1.00 | 9.89e-01 2.79e-01 +0.213  0.96 | 1.3e+00 4.4e+00 2.459e+00
#189  2007   1 | 9.59e-01 1.39e-03 +0.313  1.00 | 1.07e+00 1.38e-01 +0.203  0.96 | 1.5e+00 4.1e+00 2.034e+00
#190   704   1 | 1.10e+00 2.03e-03 -0.118  1.00 | 1.08e+00 8.29e-02 +0.134  0.99 | 1.3e+00 3.3e+00 2.355e+00
#191  2998   1 | 1.10e+00 3.22e-03 +0.200  1.00 | 1.02e+00 2.00e-01 +0.270  0.93 | 1.5e+00 4.2e+00 2.167e+00
#192  4860   1 | 8.03e-01 2.58e-03 -0.012  1.00 | 9.42e-01 1.92e-01 +0.471  0.85 | 1.6e+00 3.1e+00 1.399e+00
#193  3874   1 | 7.36e-01 2.93e-03 -0.523  1.00 | 9.46e-01 1.99e-01 +0.265  0.93 | 1.7e+00 3.7e+00 1.378e+00
#194  3630   1 | 1.29e+00 2.15e-03 +0.190  1.00 | 1.09e+00 3.00e-01 +0.286  0.92 | 1.7e+00 4.5e+00 2.760e+00
#195  4636   1 | 8.82e-01 2.80e-03 +0.534  1.00 | 9.15e-01 1.64e-01 +0.183  0.97 | 1.8e+00 4.2e+00 1.585e+00
#196  3763   1 | 1.17e+00 3.03e-03 -0.199  1.00 | 1.17e+00 2.12e-01 +0.317  0.92 | 1.8e+00 3.8e+00 2.615e+00
#197   128   1 | 1.15e+00 1.16e-03 +0.611  1.00 | 9.43e-01 1.63e-01 +0.134  0.98 | 1.4e+00 3.6e+00 2.184e+00
#198  1866   1 | 1.07e+00 1.73e-03 +0.268  1.00 | 9.70e-01 2.17e-01 +0.058  1.02 | 1.5e+00 3.7e+00 2.114e+00
#199  3533   1 | 1.12e+00 1.53e-03 -0.418  1.00 | 1.06e+00 1.03e-01 +0.357  0.94 | 1.7e+00 3.4e+00 2.306e+00
[best] step 200: trailing ratio_p=0.9572 (new best)
#200  4091   1 | 9.61e-01 3.57e-03 +0.068  1.00 | 1.03e+00 1.48e-01 +0.301  0.93 | 1.7e+00 3.7e+00 1.918e+00
#201   795   1 | 1.04e+00 3.29e-03 -0.059  1.00 | 1.02e+00 1.37e-01 +0.169  0.97 | 1.4e+00 4.0e+00 2.099e+00
#202  3577   1 | 8.43e-01 3.85e-03 +0.186  1.00 | 9.54e-01 2.99e-01 +0.324  0.90 | 1.7e+00 4.8e+00 1.524e+00
#203  1332   1 | 1.04e+00 2.10e-03 -0.093  1.00 | 8.36e-01 1.23e-01 -0.013  1.03 | 1.4e+00 2.6e+00 1.802e+00
#204   323   1 | 1.29e+00 2.12e-03 +0.515  1.00 | 9.64e-01 1.80e-01 +0.293  0.93 | 1.4e+00 3.0e+00 2.535e+00
#205  1545   1 | 1.32e+00 9.40e-04 +0.295  1.00 | 1.12e+00 1.30e-01 +0.085  0.99 | 1.4e+00 2.5e+00 2.994e+00
#206  3136   1 | 4.54e-01 1.27e-03 -0.424  1.00 | 1.00e+00 2.28e-01 +0.225  0.95 | 1.7e+00 4.6e+00 1.159e+00
#207  2926   1 | 1.19e+00 4.28e-03 -0.186  1.00 | 1.05e+00 2.04e-01 +0.234  0.95 | 1.6e+00 4.1e+00 2.472e+00
#208  3164   1 | 9.70e-01 2.20e-03 +0.061  1.00 | 9.60e-01 1.95e-01 +0.151  0.98 | 1.6e+00 4.2e+00 1.844e+00
#209  1398   1 | 1.12e+00 2.63e-03 -0.056  1.00 | 1.13e+00 1.03e-01 +0.038  1.00 | 1.4e+00 4.7e+00 2.543e+00
#210  2163   1 | 1.31e+00 2.72e-03 +0.016  1.00 | 1.04e+00 1.66e-01 +0.197  0.96 | 1.6e+00 3.3e+00 2.737e+00
#211  2208   1 | 1.13e+00 1.25e-03 +0.677  1.00 | 1.05e+00 1.68e-01 +0.391  0.90 | 1.5e+00 3.1e+00 2.268e+00
#212  2208   1 | 1.09e+00 2.96e-03 +0.192  1.00 | 9.37e-01 1.28e-01 +0.092  0.99 | 1.5e+00 3.8e+00 2.061e+00
#213  4501   1 | 1.12e+00 3.44e-03 +0.380  1.00 | 9.80e-01 2.47e-01 +0.370  0.88 | 1.7e+00 4.0e+00 2.085e+00
#214  2622   1 | 1.29e+00 3.30e-03 +0.468  1.00 | 9.27e-01 2.08e-01 +0.316  0.91 | 1.6e+00 4.4e+00 2.449e+00
#215   940   1 | 9.69e-01 1.71e-03 +0.395  1.00 | 1.06e+00 1.15e-01 -0.028  1.02 | 1.4e+00 3.2e+00 2.078e+00
#216  1316   1 | 5.46e-01 1.48e-03 -0.423  1.00 | 1.03e+00 1.58e-01 +0.199  0.96 | 1.4e+00 3.8e+00 1.318e+00
#217  4735   1 | 1.40e+00 1.31e-03 +0.611  1.00 | 1.01e+00 1.64e-01 +0.331  0.92 | 1.6e+00 3.2e+00 2.893e+00
#218  4820   1 | 1.16e+00 1.01e-03 -0.270  1.00 | 9.75e-01 2.11e-01 +0.414  0.87 | 1.6e+00 3.6e+00 2.181e+00
#219  3403   1 | 1.07e+00 2.21e-03 +0.770  1.00 | 9.93e-01 2.05e-01 +0.155  0.98 | 1.7e+00 4.2e+00 2.105e+00
#220  1330   1 | 6.58e-01 2.34e-03 +0.775  0.99 | 1.07e+00 2.19e-01 +0.309  0.92 | 1.4e+00 4.3e+00 1.478e+00
#221  1185   1 | 1.18e+00 1.79e-03 -0.275  1.00 | 9.58e-01 1.49e-01 -0.035  1.04 | 1.3e+00 4.0e+00 2.340e+00
#222   511   1 | 7.28e-01 1.41e-03 -0.195  1.00 | 9.46e-01 1.90e-01 +0.122  0.99 | 1.3e+00 4.6e+00 1.418e+00
#223  3616   1 | 9.08e-01 2.58e-03 -0.618  1.00 | 9.15e-01 2.25e-01 +0.092  1.02 | 1.6e+00 4.0e+00 1.677e+00
#224  4272   1 | 8.92e-01 2.61e-03 -0.357  1.00 | 9.51e-01 1.49e-01 +0.414  0.89 | 1.5e+00 3.9e+00 1.605e+00
#225  1842   1 | 1.12e+00 1.53e-03 -0.340  1.00 | 1.13e+00 1.88e-01 +0.102  0.99 | 1.5e+00 3.4e+00 2.529e+00
#226  1903   1 | 5.70e-01 1.88e-03 +0.157  1.00 | 9.77e-01 2.07e-01 +0.111  1.00 | 1.4e+00 4.1e+00 1.278e+00
#227  4148   1 | 1.07e+00 2.12e-03 +0.207  1.00 | 9.82e-01 2.23e-01 +0.306  0.91 | 1.5e+00 3.7e+00 2.026e+00
#228   270   1 | 1.09e+00 1.19e-03 -0.633  1.00 | 9.37e-01 1.12e-01 -0.062  1.03 | 1.3e+00 3.3e+00 2.088e+00
#229    85   1 | 8.53e-01 2.16e-03 -0.463  1.00 | 9.10e-01 1.03e-01 +0.016  1.01 | 1.4e+00 4.0e+00 1.565e+00
#230  1455   1 | 1.22e+00 2.20e-03 +0.036  1.00 | 1.10e+00 1.15e-01 +0.233  0.96 | 1.3e+00 3.4e+00 2.669e+00
#231  1101   1 | 1.29e+00 1.89e-03 -0.161  1.00 | 9.64e-01 1.79e-01 +0.241  0.94 | 1.4e+00 3.7e+00 2.556e+00
#232  2945   1 | 6.34e-01 1.63e-03 -0.114  1.00 | 1.03e+00 1.75e-01 +0.146  0.98 | 1.4e+00 3.2e+00 1.438e+00
#233  4027   1 | 1.20e+00 1.65e-03 -0.258  1.00 | 9.89e-01 1.88e-01 +0.119  0.99 | 1.6e+00 4.2e+00 2.421e+00
#234  4250   1 | 1.33e+00 2.97e-03 +0.494  1.00 | 1.02e+00 2.54e-01 +0.289  0.92 | 1.5e+00 3.5e+00 2.708e+00
#235    62   1 | 1.14e+00 2.05e-03 +0.559  1.00 | 9.88e-01 1.05e-01 -0.072  1.03 | 1.4e+00 3.6e+00 2.305e+00
#236  4209   1 | 1.05e+00 1.92e-03 -0.008  1.00 | 1.04e+00 1.58e-01 +0.325  0.92 | 1.6e+00 3.9e+00 2.097e+00
#237  4481   1 | 1.13e+00 3.57e-03 +0.334  1.00 | 1.01e+00 1.90e-01 +0.338  0.91 | 1.6e+00 3.6e+00 2.188e+00
#238  1188   1 | 1.17e+00 3.33e-03 +0.061  1.00 | 1.17e+00 1.97e-01 +0.280  0.93 | 1.4e+00 3.5e+00 2.644e+00
#239  1012   1 | 1.11e+00 2.34e-03 +0.188  1.00 | 9.80e-01 9.90e-02 +0.200  0.97 | 1.3e+00 3.6e+00 2.170e+00
#240  1528   1 | 1.31e+00 2.38e-03 -0.209  1.00 | 1.01e+00 1.12e-01 +0.057  1.00 | 1.3e+00 2.6e+00 2.742e+00
#241  4594   1 | 6.58e-01 3.06e-03 -0.748  1.01 | 1.07e+00 1.70e-01 +0.184  0.97 | 1.7e+00 3.3e+00 1.542e+00
#242    49   1 | 1.02e+00 2.48e-03 -0.036  1.00 | 1.13e+00 1.02e-01 +0.049  1.00 | 1.4e+00 3.3e+00 2.318e+00
#243  2644   1 | 9.09e-01 2.32e-03 -0.146  1.00 | 9.18e-01 1.82e-01 +0.300  0.92 | 1.5e+00 4.6e+00 1.601e+00
#244   283   1 | 1.14e+00 2.31e-03 -0.125  1.00 | 9.75e-01 1.80e-01 -0.013  1.04 | 1.4e+00 3.3e+00 2.297e+00
#245   948   1 | 9.65e-01 3.04e-03 +0.384  1.00 | 1.03e+00 2.03e-01 +0.010  1.03 | 1.3e+00 3.2e+00 2.031e+00
#246  3751   1 | 1.00e+00 7.07e-04 -0.723  1.00 | 8.61e-01 2.88e-01 +0.296  0.91 | 1.6e+00 3.7e+00 1.686e+00
#247   303   1 | 9.98e-01 2.69e-03 +0.614  1.00 | 9.45e-01 1.15e-01 +0.157  0.98 | 1.3e+00 4.1e+00 1.866e+00
#248  3804   1 | 1.02e+00 1.43e-03 +0.300  1.00 | 1.02e+00 2.60e-01 +0.313  0.91 | 1.6e+00 3.3e+00 1.984e+00
#249   986   1 | 1.08e+00 3.00e-03 -0.198  1.00 | 9.97e-01 1.30e-01 +0.184  0.97 | 1.3e+00 4.1e+00 2.124e+00
#250  3617   1 | 7.98e-01 2.81e-03 +0.744  0.99 | 9.59e-01 1.87e-01 +0.282  0.93 | 1.5e+00 3.6e+00 1.486e+00
#251  3834   1 | 1.18e+00 2.60e-03 -0.181  1.00 | 9.58e-01 2.10e-01 +0.155  0.98 | 1.6e+00 3.8e+00 2.294e+00
#252  4510   1 | 1.35e+00 1.61e-03 -0.437  1.00 | 1.00e+00 3.31e-01 +0.226  0.96 | 1.5e+00 4.3e+00 2.785e+00
#253  3897   1 | 1.07e+00 3.94e-03 +0.839  0.99 | 9.93e-01 2.18e-01 +0.281  0.92 | 1.6e+00 4.4e+00 2.042e+00
#254  3235   1 | 1.08e+00 4.54e-03 +0.510  1.00 | 9.70e-01 2.01e-01 +0.155  0.98 | 1.5e+00 4.0e+00 2.090e+00
#255   539   1 | 4.46e-01 2.01e-03 -0.198  1.00 | 1.00e+00 1.29e-01 +0.252  0.95 | 1.3e+00 4.0e+00 1.154e+00
#256  3186   1 | 1.05e+00 2.01e-03 +0.358  1.00 | 8.36e-01 1.76e-01 +0.358  0.89 | 1.5e+00 5.0e+00 1.725e+00
#257  1353   1 | 9.70e-01 5.29e-03 +0.257  1.00 | 1.06e+00 9.21e-02 -0.003  1.01 | 1.3e+00 5.2e+00 2.066e+00
#258  1523   1 | 9.61e-01 4.70e-03 -0.159  1.00 | 9.60e-01 2.08e-01 +0.205  0.96 | 1.3e+00 4.0e+00 1.807e+00
#259  2251   1 | 1.30e+00 2.98e-03 -0.146  1.00 | 1.09e+00 1.64e-01 +0.149  0.98 | 1.3e+00 4.2e+00 2.870e+00
#260  4510   1 | 1.38e+00 2.53e-03 -0.829  1.00 | 1.03e+00 1.51e-01 +0.264  0.94 | 1.5e+00 4.6e+00 2.896e+00
#261   419   1 | 8.21e-01 2.36e-03 -0.039  1.00 | 1.01e+00 1.11e-01 +0.082  0.99 | 1.2e+00 3.9e+00 1.695e+00
#262  1634   1 | 1.11e+00 3.87e-03 -0.010  1.00 | 1.02e+00 1.85e-01 +0.215  0.95 | 1.3e+00 3.0e+00 2.214e+00
#263   683   1 | 1.13e+00 3.03e-03 -0.148  1.00 | 1.05e+00 9.82e-02 +0.280  0.96 | 1.1e+00 4.4e+00 2.345e+00
#264  1549   1 | 4.95e-01 3.90e-03 +0.740  0.99 | 1.12e+00 1.73e-01 +0.143  0.98 | 1.2e+00 4.1e+00 1.465e+00
#265  3687   1 | 8.44e-01 4.82e-03 +0.236  1.00 | 9.54e-01 3.09e-01 +0.299  0.91 | 1.6e+00 4.3e+00 1.539e+00
#266  3820   1 | 9.73e-01 3.57e-03 +0.430  1.00 | 1.02e+00 2.40e-01 +0.233  0.95 | 1.6e+00 3.8e+00 1.923e+00
#267   710   1 | 1.02e+00 2.73e-03 -0.610  1.00 | 9.92e-01 1.48e-01 +0.081  1.00 | 1.3e+00 3.2e+00 2.035e+00
#268  3716   1 | 6.34e-01 4.21e-03 +0.121  1.00 | 1.08e+00 2.27e-01 +0.125  0.99 | 1.7e+00 4.6e+00 1.567e+00
#269  2947   1 | 8.36e-01 8.99e-04 -0.062  1.00 | 9.42e-01 2.36e-01 +0.223  0.95 | 1.5e+00 3.9e+00 1.542e+00
#270  1651   1 | 5.13e-01 2.38e-03 +0.185  1.00 | 9.97e-01 9.34e-02 +0.070  1.00 | 1.3e+00 2.7e+00 1.252e+00
#271  3318   1 | 1.29e+00 3.13e-03 -0.815  1.00 | 9.27e-01 2.88e-01 +0.354  0.88 | 1.6e+00 4.3e+00 2.423e+00
#272   481   1 | 1.15e+00 1.64e-03 +0.218  1.00 | 9.43e-01 1.74e-01 +0.108  0.99 | 1.3e+00 3.9e+00 2.196e+00
#273   829   1 | 1.40e+00 2.47e-03 +0.101  1.00 | 1.01e+00 1.83e-01 -0.094  1.07 | 1.3e+00 4.3e+00 3.059e+00
#274  3386   1 | 1.02e+00 3.52e-03 -0.104  1.00 | 1.08e+00 2.51e-01 +0.344  0.89 | 1.7e+00 4.4e+00 2.091e+00
#275  2178   1 | 1.32e+00 1.61e-03 -0.398  1.00 | 1.12e+00 1.18e-01 +0.148  0.98 | 1.4e+00 4.2e+00 2.971e+00
#276  3250   1 | 9.90e-01 2.12e-03 +0.809  1.00 | 1.07e+00 1.66e-01 +0.269  0.94 | 1.6e+00 4.0e+00 2.063e+00
#277  1321   1 | 1.07e+00 3.21e-03 -0.484  1.00 | 1.03e+00 1.21e-01 +0.020  1.01 | 1.4e+00 3.0e+00 2.213e+00
#278  1155   1 | 1.29e+00 1.52e-03 -0.112  1.00 | 1.08e+00 1.58e-01 +0.107  0.99 | 1.4e+00 3.1e+00 2.823e+00
#279  2369   1 | 9.62e-01 1.67e-03 -0.445  1.00 | 1.07e+00 9.81e-02 +0.219  0.97 | 1.6e+00 3.6e+00 2.044e+00
#280  2119   1 | 9.77e-01 2.35e-03 +0.200  1.00 | 1.04e+00 2.19e-01 +0.291  0.92 | 1.6e+00 4.3e+00 1.955e+00
#281   263   1 | 5.78e-01 4.48e-03 -0.442  1.01 | 1.05e+00 1.15e-01 +0.143  0.98 | 1.4e+00 4.2e+00 1.423e+00
#282  1842   1 | 7.39e-01 4.27e-03 -0.567  1.01 | 9.49e-01 2.22e-01 +0.120  1.00 | 1.6e+00 3.5e+00 1.450e+00
#283  4480   1 | 1.20e+00 1.58e-03 -0.247  1.00 | 9.11e-01 1.84e-01 +0.382  0.89 | 1.7e+00 4.5e+00 2.179e+00
#284  3152   1 | 1.66e+00 2.49e-03 -0.705  1.00 | 9.65e-01 2.43e-01 +0.226  0.95 | 1.6e+00 4.4e+00 3.649e+00
#285  1148   1 | 1.11e+00 8.08e-04 +0.265  1.00 | 1.06e+00 2.27e-01 -0.114  1.09 | 1.4e+00 2.9e+00 2.453e+00
#286  1373   1 | 1.10e+00 9.72e-04 -0.507  1.00 | 1.08e+00 2.10e-01 +0.149  0.98 | 1.5e+00 4.5e+00 2.349e+00
#287   678   1 | 4.70e-01 1.46e-03 +0.748  1.00 | 9.87e-01 1.27e-01 +0.183  0.97 | 1.4e+00 4.1e+00 1.165e+00
#288  3754   1 | 1.17e+00 1.00e-03 -0.013  1.00 | 1.05e+00 2.70e-01 +0.246  0.94 | 1.9e+00 3.7e+00 2.407e+00
#289  1985   1 | 5.56e-01 8.62e-04 +0.466  1.00 | 1.04e+00 1.36e-01 +0.118  0.99 | 1.6e+00 2.5e+00 1.380e+00
#290  3020   1 | 5.60e-01 3.19e-03 -0.506  1.01 | 1.03e+00 3.72e-01 +0.126  1.04 | 1.6e+00 3.9e+00 1.416e+00
#291   882   1 | 7.01e-01 1.34e-03 +0.051  1.00 | 1.00e+00 1.79e-01 +0.094  1.00 | 1.5e+00 4.2e+00 1.494e+00
#292   946   1 | 9.64e-01 1.90e-03 -0.526  1.00 | 1.06e+00 1.90e-01 +0.315  0.92 | 1.4e+00 4.3e+00 1.972e+00
#293  4465   1 | 1.31e+00 1.24e-03 -0.288  1.00 | 1.04e+00 1.92e-01 +0.275  0.93 | 1.8e+00 4.7e+00 2.720e+00
#294  2261   1 | 7.09e-01 2.06e-03 -0.177  1.00 | 1.09e+00 1.28e-01 +0.080  1.00 | 1.6e+00 4.8e+00 1.681e+00
#295  4279   1 | 1.08e+00 3.01e-03 +0.601  1.00 | 9.68e-01 3.22e-01 +0.259  0.94 | 1.9e+00 3.7e+00 2.051e+00
#296  3449   1 | 1.10e+00 2.54e-03 -0.437  1.00 | 1.08e+00 2.54e-01 +0.310  0.91 | 1.9e+00 3.5e+00 2.272e+00
#297  3572   1 | 1.13e+00 1.30e-03 -0.087  1.00 | 9.88e-01 1.79e-01 +0.234  0.95 | 2.1e+00 3.3e+00 2.199e+00
#298   920   1 | 1.07e+00 2.63e-03 -0.431  1.00 | 1.03e+00 1.34e-01 -0.012  1.02 | 1.4e+00 3.7e+00 2.226e+00
#299  3994   1 | 1.28e+00 2.23e-03 -0.650  1.00 | 1.01e+00 2.87e-01 +0.415  0.84 | 2.0e+00 3.9e+00 2.496e+00
#300  2887   1 | 9.60e-01 2.33e-03 +0.256  1.00 | 1.06e+00 2.60e-01 +0.373  0.88 | 1.8e+00 4.5e+00 1.914e+00
#301  4669   1 | 5.40e-01 2.25e-03 -0.503  1.00 | 1.04e+00 2.64e-01 +0.380  0.87 | 2.2e+00 3.8e+00 1.240e+00
#302   541   1 | 5.78e-01 2.08e-03 -0.075  1.00 | 1.05e+00 1.36e-01 +0.186  0.97 | 1.6e+00 3.8e+00 1.407e+00
#303  4729   1 | 1.22e+00 3.09e-03 -0.020  1.00 | 1.05e+00 3.53e-01 +0.365  0.87 | 2.1e+00 4.6e+00 2.454e+00
#304  4797   1 | 8.16e-01 1.07e-03 +0.683  1.00 | 9.54e-01 3.18e-01 +0.336  0.89 | 2.1e+00 3.8e+00 1.472e+00
#305  1083   1 | 1.22e+00 2.30e-03 +0.769  1.00 | 1.10e+00 1.11e-01 +0.202  0.97 | 1.6e+00 4.3e+00 2.673e+00
#306   791   1 | 1.07e+00 5.57e-04 -0.482  1.00 | 9.70e-01 1.29e-01 -0.095  1.04 | 1.6e+00 3.4e+00 2.129e+00
#307   177   1 | 9.23e-01 1.28e-03 +0.187  1.00 | 9.51e-01 1.24e-01 -0.020  1.02 | 1.7e+00 4.2e+00 1.775e+00
#308     3   1 | 1.12e+00 1.96e-03 +0.079  1.00 | 1.13e+00 1.22e-01 +0.090  0.99 | 1.6e+00 3.8e+00 2.534e+00
#309  4816   1 | 1.34e+00 6.11e-04 +0.425  1.00 | 1.12e+00 2.96e-01 +0.407  0.85 | 2.1e+00 3.9e+00 2.868e+00
#310  1356   1 | 1.11e+00 2.29e-03 +0.587  1.00 | 1.02e+00 2.10e-01 +0.166  0.97 | 1.7e+00 4.4e+00 2.232e+00
#311   120   1 | 1.23e+00 1.96e-03 -0.280  1.00 | 9.89e-01 1.54e-01 +0.159  0.97 | 1.7e+00 4.1e+00 2.477e+00
#312   462   1 | 7.04e-01 1.06e-03 -0.354  1.00 | 1.09e+00 1.46e-01 +0.112  0.99 | 1.5e+00 5.2e+00 1.666e+00
#313  3984   1 | 1.02e+00 3.66e-03 -0.458  1.00 | 9.45e-01 3.04e-01 +0.215  0.97 | 2.2e+00 4.2e+00 1.915e+00
#314   761   1 | 1.12e+00 5.49e-03 -0.442  1.00 | 1.01e+00 1.72e-01 +0.174  0.97 | 1.5e+00 3.6e+00 2.247e+00
#315  3107   1 | 1.32e+00 7.59e-03 +0.082  1.00 | 1.02e+00 2.20e-01 +0.046  1.03 | 2.0e+00 4.2e+00 2.803e+00
#316  2042   1 | 1.08e+00 1.17e-02 +0.036  1.00 | 9.68e-01 2.27e-01 +0.141  0.99 | 2.1e+00 4.1e+00 2.095e+00
#317  3124   1 | 1.11e+00 5.01e-03 -0.633  1.01 | 1.06e+00 1.42e-01 +0.274  0.94 | 2.1e+00 3.9e+00 2.307e+00
#318  1476   1 | 1.09e+00 8.66e-03 +0.003  1.00 | 9.37e-01 1.00e-01 +0.034  1.00 | 1.6e+00 3.5e+00 2.066e+00
#319  1863   1 | 1.21e+00 5.42e-03 -0.512  1.00 | 9.11e-01 1.75e-01 +0.103  1.00 | 2.0e+00 3.5e+00 2.288e+00
#320  1782   1 | 9.64e-01 8.14e-03 -0.519  1.01 | 1.03e+00 1.75e-01 +0.054  1.01 | 1.8e+00 3.8e+00 2.013e+00
#321   343   1 | 7.01e-01 7.34e-03 +0.393  0.99 | 1.00e+00 1.72e-01 +0.150  0.98 | 1.7e+00 4.0e+00 1.470e+00
#322   251   1 | 1.30e+00 4.66e-03 -0.460  1.00 | 9.64e-01 1.95e-01 +0.280  0.93 | 1.6e+00 4.1e+00 2.545e+00
#323  3687   1 | 1.07e+00 4.59e-03 -0.720  1.01 | 9.93e-01 2.07e-01 +0.355  0.90 | 2.0e+00 4.1e+00 2.026e+00
#324   999   1 | 1.31e+00 3.60e-03 +0.382  1.00 | 1.09e+00 1.48e-01 +0.057  1.00 | 1.5e+00 3.9e+00 2.903e+00
#325  2223   1 | 6.27e-01 5.28e-03 +0.499  0.99 | 1.03e+00 1.58e-01 +0.056  1.01 | 1.6e+00 3.8e+00 1.455e+00
#326  3440   1 | 8.46e-01 6.27e-03 +0.006  1.00 | 9.42e-01 1.77e-01 +0.185  0.97 | 2.0e+00 3.9e+00 1.572e+00
#327   921   1 | 9.60e-01 3.02e-03 -0.631  1.00 | 9.60e-01 1.57e-01 +0.149  0.98 | 1.4e+00 4.8e+00 1.827e+00
#328  4274   1 | 1.06e+00 9.02e-04 +0.388  1.00 | 8.36e-01 1.97e-01 +0.471  0.83 | 1.8e+00 3.3e+00 1.698e+00
#329  3432   1 | 1.07e+00 3.24e-03 +0.835  0.99 | 9.97e-01 1.42e-01 +0.214  0.96 | 2.0e+00 4.0e+00 2.089e+00
#330  1859   1 | 1.08e+00 1.46e-03 +0.219  1.00 | 1.04e+00 1.02e-01 +0.144  0.98 | 1.6e+00 3.6e+00 2.226e+00
#331  4597   1 | 7.30e-01 3.37e-03 +0.133  1.00 | 9.49e-01 2.06e-01 +0.364  0.89 | 2.0e+00 4.7e+00 1.334e+00
#332  1859   1 | 1.02e+00 2.94e-03 -0.325  1.00 | 9.92e-01 1.84e-01 +0.091  1.00 | 1.6e+00 3.2e+00 2.034e+00
#333  4061   1 | 1.17e+00 3.33e-03 +0.362  1.00 | 1.17e+00 3.13e-01 +0.284  0.92 | 1.8e+00 3.7e+00 2.625e+00
#334  4852   1 | 5.62e-01 4.36e-03 -0.281  1.00 | 9.77e-01 3.06e-01 +0.317  0.90 | 2.0e+00 4.4e+00 1.176e+00
#335  2229   1 | 1.10e+00 2.92e-03 -0.388  1.00 | 9.82e-01 1.45e-01 +0.044  1.01 | 1.6e+00 4.1e+00 2.191e+00
#336  4396   1 | 6.58e-01 2.90e-03 -0.161  1.00 | 1.07e+00 3.47e-01 +0.220  0.96 | 1.8e+00 4.1e+00 1.535e+00
#337  2978   1 | 9.94e-01 5.82e-03 -0.668  1.01 | 1.07e+00 1.49e-01 +0.241  0.95 | 1.7e+00 3.8e+00 2.095e+00
#338  4576   1 | 5.84e-01 4.44e-03 +0.115  1.00 | 1.08e+00 2.36e-01 +0.289  0.92 | 2.0e+00 3.6e+00 1.423e+00
#339  1764   1 | 1.04e+00 3.85e-03 +0.011  1.00 | 1.02e+00 1.30e-01 +0.217  0.96 | 1.5e+00 3.5e+00 2.083e+00
#340  4991   1 | 8.70e-01 1.83e-03 +0.363  1.00 | 9.15e-01 2.81e-01 +0.310  0.90 | 1.8e+00 3.4e+00 1.512e+00
#341   508   1 | 5.45e-01 1.53e-03 -0.248  1.00 | 1.03e+00 1.51e-01 +0.194  0.96 | 1.4e+00 3.9e+00 1.319e+00
#342  1014   1 | 9.98e-01 2.26e-03 -0.609  1.00 | 8.61e-01 1.59e-01 +0.117  0.99 | 1.4e+00 4.2e+00 1.734e+00
#343  3157   1 | 8.35e-01 2.91e-03 -0.221  1.00 | 1.01e+00 2.03e-01 +0.243  0.94 | 1.8e+00 4.7e+00 1.665e+00
#344  4715   1 | 1.36e+00 1.43e-03 -0.397  1.00 | 1.00e+00 2.76e-01 +0.307  0.91 | 1.8e+00 4.3e+00 2.754e+00
#345   411   1 | 1.65e+00 1.73e-03 -0.143  1.00 | 9.65e-01 1.05e-01 -0.042  1.02 | 1.4e+00 4.2e+00 3.687e+00
#346   499   1 | 9.75e-01 2.03e-03 +0.094  1.00 | 1.04e+00 1.44e-01 +0.285  0.94 | 1.3e+00 4.4e+00 1.971e+00
#347  2525   1 | 1.11e+00 1.40e-03 +0.193  1.00 | 9.80e-01 1.59e-01 +0.303  0.93 | 1.7e+00 4.3e+00 2.115e+00
#348  3791   1 | 7.37e-01 7.08e-04 +0.145  1.00 | 9.46e-01 1.77e-01 +0.249  0.94 | 1.9e+00 3.8e+00 1.386e+00
#349  3938   1 | 1.29e+00 1.90e-03 +0.207  1.00 | 1.04e+00 2.22e-01 +0.234  0.95 | 1.7e+00 4.5e+00 2.679e+00
#350   461   1 | 9.69e-01 2.25e-03 +0.194  1.00 | 1.06e+00 1.12e-01 -0.033  1.02 | 1.3e+00 2.9e+00 2.078e+00
#351  3549   1 | 1.18e+00 1.51e-03 -0.067  1.00 | 9.58e-01 1.46e-01 +0.152  0.98 | 1.9e+00 3.8e+00 2.286e+00
#352   468   1 | 9.07e-01 1.57e-03 +0.184  1.00 | 9.18e-01 1.36e-01 +0.100  0.99 | 1.4e+00 4.6e+00 1.658e+00
#353  3489   1 | 1.02e+00 8.68e-04 -0.256  1.00 | 1.08e+00 2.85e-01 +0.361  0.88 | 1.8e+00 4.2e+00 2.065e+00
#354   850   1 | 4.70e-01 1.24e-03 +0.534  1.00 | 9.87e-01 9.05e-02 +0.221  0.97 | 1.2e+00 3.5e+00 1.164e+00
#355  2025   1 | 9.71e-01 3.07e-03 +0.182  1.00 | 1.02e+00 2.12e-01 +0.062  1.02 | 1.6e+00 3.8e+00 1.996e+00
#356  1649   1 | 5.13e-01 1.26e-03 +0.386  1.00 | 9.97e-01 8.08e-02 +0.042  1.00 | 1.3e+00 3.5e+00 1.256e+00
#357  2553   1 | 9.63e-01 1.07e-03 -0.091  1.00 | 1.07e+00 1.26e-01 +0.144  0.98 | 1.6e+00 2.8e+00 2.059e+00
#358   970   1 | 1.13e+00 1.10e-03 +0.367  1.00 | 1.05e+00 9.96e-02 +0.290  0.95 | 1.2e+00 4.3e+00 2.340e+00
#359  4004   1 | 1.29e+00 1.61e-03 -0.287  1.00 | 9.27e-01 3.77e-01 +0.305  0.92 | 1.7e+00 4.1e+00 2.455e+00
#360   108   1 | 1.40e+00 2.35e-03 -0.312  1.00 | 1.01e+00 1.50e-01 -0.140  1.06 | 1.4e+00 3.6e+00 3.059e+00
#361   872   1 | 1.02e+00 7.09e-04 +0.377  1.00 | 1.13e+00 7.06e-02 +0.028  1.00 | 1.2e+00 3.6e+00 2.318e+00
#362  2936   1 | 1.38e+00 2.76e-03 +0.108  1.00 | 1.03e+00 1.40e-01 +0.160  0.97 | 1.5e+00 4.0e+00 2.948e+00
#363  1178   1 | 7.71e-01 2.57e-03 -0.521  1.00 | 9.59e-01 1.76e-01 +0.155  0.98 | 1.4e+00 3.9e+00 1.495e+00
#364  1061   1 | 1.14e+00 3.31e-03 -0.078  1.00 | 9.75e-01 1.11e-01 +0.072  1.00 | 1.1e+00 4.0e+00 2.255e+00
#365  1399   1 | 8.53e-01 1.58e-03 +0.378  1.00 | 9.10e-01 1.80e-01 +0.028  1.03 | 1.3e+00 3.3e+00 1.578e+00
#366  4794   1 | 4.41e-01 3.63e-03 -0.327  1.01 | 1.00e+00 4.75e-01 +0.322  0.92 | 1.7e+00 4.1e+00 1.117e+00
#367  3124   1 | 1.28e+00 2.20e-03 -0.856  1.00 | 1.08e+00 2.25e-01 +0.290  0.92 | 1.6e+00 3.8e+00 2.712e+00
#368  1297   1 | 4.94e-01 1.38e-03 -0.686  1.00 | 1.12e+00 2.55e-01 +0.108  1.00 | 1.4e+00 3.6e+00 1.497e+00
#369  1091   1 | 1.15e+00 1.25e-03 -0.385  1.00 | 9.43e-01 1.35e-01 +0.134  0.98 | 1.2e+00 4.4e+00 2.187e+00
#370  2787   1 | 9.66e-01 1.86e-03 -0.669  1.00 | 1.07e+00 1.08e-01 +0.245  0.96 | 1.6e+00 4.0e+00 2.044e+00
#371  1043   1 | 9.71e-01 2.22e-03 +0.222  1.00 | 1.02e+00 1.55e-01 +0.000  1.02 | 1.3e+00 3.1e+00 2.002e+00
#372  2575   1 | 1.20e+00 1.88e-03 -0.193  1.00 | 1.05e+00 2.14e-01 +0.216  0.95 | 1.6e+00 3.4e+00 2.491e+00
#373  2527   1 | 1.28e+00 3.67e-03 -0.605  1.00 | 1.08e+00 2.89e-01 +0.265  0.93 | 1.6e+00 3.7e+00 2.741e+00
#374  2477   1 | 5.15e-01 2.07e-03 -0.099  1.00 | 9.97e-01 1.67e-01 +0.191  0.96 | 1.6e+00 2.7e+00 1.224e+00
#375  2885   1 | 9.67e-01 1.59e-03 +0.588  1.00 | 9.60e-01 1.40e-01 +0.217  0.96 | 1.6e+00 3.1e+00 1.816e+00
#376  4529   1 | 1.05e+00 1.95e-03 -0.088  1.00 | 1.08e+00 1.97e-01 +0.431  0.88 | 1.7e+00 3.1e+00 2.130e+00
#377  2520   1 | 1.30e+00 2.59e-03 -0.017  1.00 | 1.01e+00 1.96e-01 +0.205  0.96 | 1.6e+00 3.8e+00 2.682e+00
#378  1985   1 | 6.00e-01 2.31e-03 +0.268  1.00 | 1.08e+00 1.51e-01 +0.075  1.00 | 1.5e+00 4.8e+00 1.532e+00
#379  1492   1 | 4.94e-01 3.78e-03 -0.423  1.01 | 1.12e+00 2.13e-01 +0.212  0.96 | 1.3e+00 4.4e+00 1.439e+00
#380  1491   1 | 1.21e+00 1.76e-03 +0.705  1.00 | 9.11e-01 1.36e-01 +0.124  0.99 | 1.4e+00 2.8e+00 2.272e+00
#381  4564   1 | 7.31e-01 2.20e-03 -0.169  1.00 | 9.49e-01 2.27e-01 +0.341  0.89 | 1.8e+00 4.2e+00 1.341e+00
#382  2602   1 | 1.02e+00 3.96e-03 -0.632  1.00 | 1.13e+00 3.19e-01 +0.230  0.95 | 1.7e+00 4.6e+00 2.269e+00
#383  1354   1 | 1.32e+00 1.70e-03 -0.360  1.00 | 1.12e+00 9.53e-02 +0.077  0.99 | 1.4e+00 3.7e+00 2.998e+00
#384  2252   1 | 5.58e-01 2.16e-03 -0.188  1.00 | 1.04e+00 1.23e-01 +0.077  1.00 | 1.5e+00 3.3e+00 1.393e+00
#385  1010   1 | 7.01e-01 1.59e-03 +0.670  1.00 | 1.00e+00 1.16e-01 +0.130  0.98 | 1.3e+00 3.6e+00 1.478e+00
#386  1739   1 | 1.34e+00 3.43e-03 -0.250  1.00 | 1.00e+00 3.33e-01 -0.026  1.13 | 1.6e+00 4.8e+00 2.943e+00
#387  2788   1 | 1.38e+00 2.57e-03 -0.690  1.00 | 1.03e+00 1.50e-01 +0.163  0.97 | 1.7e+00 3.8e+00 2.949e+00
#388   927   1 | 1.17e+00 2.85e-03 -0.025  1.00 | 1.17e+00 1.19e-01 +0.252  0.96 | 1.3e+00 5.2e+00 2.679e+00
#389   935   1 | 1.30e+00 1.48e-03 -0.143  1.00 | 9.27e-01 1.55e-01 +0.169  0.97 | 1.2e+00 3.1e+00 2.514e+00
#390  3859   1 | 1.06e+00 1.49e-03 +0.168  1.00 | 8.36e-01 2.64e-01 +0.537  0.76 | 2.0e+00 3.7e+00 1.655e+00
#391  1239   1 | 1.08e+00 2.16e-03 -0.526  1.00 | 9.68e-01 1.10e-01 +0.205  0.97 | 1.6e+00 2.8e+00 2.080e+00
#392  3400   1 | 9.89e-01 2.11e-03 -0.005  1.00 | 1.04e+00 2.66e-01 +0.239  0.94 | 2.1e+00 3.6e+00 2.003e+00
#393   857   1 | 1.15e+00 1.28e-03 -0.659  1.00 | 9.43e-01 1.28e-01 +0.131  0.98 | 1.4e+00 3.5e+00 2.189e+00
#394   750   1 | 4.70e-01 4.58e-03 -0.404  1.01 | 9.87e-01 1.07e-01 +0.213  0.97 | 1.1e+00 3.8e+00 1.164e+00
#395  3891   1 | 1.08e+00 2.89e-03 +0.992  0.99 | 9.80e-01 2.99e-01 +0.389  0.86 | 2.1e+00 4.5e+00 1.990e+00
#396  4745   1 | 1.08e+00 1.74e-03 -0.014  1.00 | 9.37e-01 1.88e-01 +0.243  0.94 | 1.9e+00 3.7e+00 1.985e+00
#397  4028   1 | 1.02e+00 3.45e-03 -0.097  1.00 | 9.45e-01 1.71e-01 +0.137  0.98 | 2.0e+00 4.1e+00 1.928e+00
#398   265   1 | 1.40e+00 1.49e-03 -0.467  1.00 | 1.01e+00 1.28e-01 -0.108  1.04 | 1.5e+00 3.9e+00 3.038e+00
#399   874   1 | 1.11e+00 2.09e-03 +0.442  1.00 | 1.02e+00 1.30e-01 +0.147  0.98 | 1.4e+00 3.3e+00 2.240e+00
#400  1301   1 | 1.14e+00 1.03e-03 -0.078  1.00 | 9.75e-01 1.99e-01 +0.072  1.01 | 1.7e+00 4.4e+00 2.268e+00
#401   457   1 | 1.07e+00 1.30e-03 -0.315  1.00 | 9.70e-01 8.03e-02 -0.104  1.02 | 1.6e+00 3.6e+00 2.112e+00
#402  1401   1 | 5.79e-01 1.38e-03 +0.604  1.00 | 1.05e+00 1.22e-01 +0.264  0.95 | 1.6e+00 4.2e+00 1.389e+00
#403  2636   1 | 1.10e+00 2.01e-03 +0.885  1.00 | 9.82e-01 2.09e-01 +0.195  0.96 | 1.9e+00 3.9e+00 2.129e+00
#404  4960   1 | 1.25e+00 3.63e-04 +0.397  1.00 | 9.89e-01 1.52e-01 +0.410  0.90 | 1.9e+00 3.7e+00 2.445e+00
#405  1726   1 | 1.08e+00 2.14e-03 +0.247  1.00 | 1.04e+00 1.10e-01 +0.161  0.98 | 1.8e+00 4.0e+00 2.222e+00
#406  1361   1 | 9.64e-01 1.29e-03 -0.175  1.00 | 1.06e+00 1.78e-01 +0.254  0.94 | 1.7e+00 4.1e+00 1.997e+00
#407   355   1 | 1.13e+00 6.14e-04 -0.151  1.00 | 1.05e+00 1.40e-01 +0.260  0.95 | 1.7e+00 4.3e+00 2.336e+00
#408  2588   1 | 8.94e-01 3.43e-03 -0.648  1.00 | 9.15e-01 2.57e-01 +0.127  1.01 | 2.1e+00 3.8e+00 1.646e+00
#409   694   1 | 8.53e-01 6.53e-04 -0.005  1.00 | 9.10e-01 1.04e-01 +0.039  1.00 | 1.6e+00 4.2e+00 1.558e+00
#410  1141   1 | 1.08e+00 1.42e-03 +0.819  1.00 | 9.97e-01 1.39e-01 +0.209  0.96 | 1.6e+00 4.4e+00 2.113e+00
#411  3547   1 | 1.18e+00 1.11e-03 -0.318  1.00 | 9.58e-01 2.07e-01 +0.129  0.99 | 2.3e+00 3.5e+00 2.299e+00
#412  2253   1 | 6.27e-01 7.78e-04 +0.494  1.00 | 1.03e+00 1.95e-01 +0.121  0.99 | 1.9e+00 4.0e+00 1.441e+00
#413  1334   1 | 1.11e+00 9.76e-04 +0.364  1.00 | 1.06e+00 1.20e-01 -0.064  1.03 | 1.7e+00 3.7e+00 2.378e+00
#414  3549   1 | 1.03e+00 6.62e-04 +0.443  1.00 | 1.02e+00 2.33e-01 +0.233  0.95 | 2.4e+00 3.5e+00 2.033e+00
#415  1953   1 | 8.23e-01 1.78e-03 +0.564  1.00 | 1.01e+00 1.27e-01 +0.253  0.95 | 1.9e+00 3.9e+00 1.654e+00
#416   404   1 | 5.68e-01 2.51e-03 -0.315  1.00 | 9.77e-01 1.55e-01 +0.051  1.01 | 1.6e+00 3.4e+00 1.288e+00
#417  3931   1 | 1.04e+00 1.52e-03 -0.751  1.00 | 1.03e+00 2.08e-01 +0.203  0.96 | 2.2e+00 4.4e+00 2.111e+00
#418   269   1 | 9.66e-01 1.41e-03 +0.790  1.00 | 1.03e+00 1.19e-01 +0.003  1.01 | 1.6e+00 3.5e+00 2.009e+00
#419  1707   1 | 8.25e-01 2.51e-03 +0.615  1.00 | 9.42e-01 1.59e-01 +0.118  0.99 | 1.8e+00 3.4e+00 1.555e+00
#420  1992   1 | 6.58e-01 6.76e-04 -0.206  1.00 | 1.07e+00 2.05e-01 +0.307  0.92 | 2.0e+00 4.4e+00 1.485e+00
#421  1694   1 | 1.12e+00 1.55e-03 +0.579  1.00 | 1.01e+00 2.01e-01 +0.208  0.96 | 1.8e+00 5.0e+00 2.227e+00
#422  4695   1 | 9.96e-01 1.35e-03 +0.368  1.00 | 8.61e-01 3.43e-01 +0.338  0.89 | 2.3e+00 4.4e+00 1.649e+00
#423  2335   1 | 9.73e-01 1.01e-03 +0.760  1.00 | 1.06e+00 1.23e-01 +0.114  0.99 | 2.0e+00 3.4e+00 2.049e+00
#424    42   1 | 9.07e-01 1.69e-03 -0.095  1.00 | 9.18e-01 1.43e-01 +0.049  1.01 | 1.8e+00 3.6e+00 1.673e+00
#425    46   1 | 1.31e+00 2.09e-03 +0.656  1.00 | 1.09e+00 1.50e-01 +0.093  0.99 | 1.9e+00 3.6e+00 2.894e+00
#426   970   1 | 1.00e+00 1.28e-03 +0.833  1.00 | 1.07e+00 2.30e-01 +0.195  0.96 | 1.6e+00 3.7e+00 2.114e+00
#427  1210   1 | 1.65e+00 1.69e-03 -0.576  1.00 | 9.65e-01 2.01e-01 +0.095  1.00 | 1.8e+00 3.1e+00 3.674e+00
#428  1198   1 | 7.71e-01 2.56e-03 -0.722  1.00 | 9.59e-01 1.26e-01 +0.148  0.98 | 1.7e+00 3.5e+00 1.497e+00
#429  3698   1 | 5.76e-01 1.11e-03 +0.549  1.00 | 1.03e+00 1.84e-01 +0.198  0.96 | 2.2e+00 4.0e+00 1.349e+00
#430  1057   1 | 1.32e+00 1.11e-03 +0.026  1.00 | 1.02e+00 1.29e-01 +0.058  1.00 | 1.6e+00 3.2e+00 2.777e+00
#431  4125   1 | 1.23e+00 1.54e-03 -0.218  1.00 | 1.10e+00 2.01e-01 +0.288  0.93 | 2.1e+00 4.7e+00 2.656e+00
#432  3484   1 | 8.92e-01 7.31e-04 +0.145  1.00 | 9.51e-01 2.06e-01 +0.321  0.91 | 2.4e+00 5.1e+00 1.616e+00
#433  3863   1 | 1.10e+00 2.38e-03 +0.139  1.00 | 1.08e+00 3.73e-01 +0.321  0.90 | 2.4e+00 4.9e+00 2.263e+00
#434  2025   1 | 8.28e-01 1.18e-03 +0.149  1.00 | 9.54e-01 1.62e-01 +0.126  0.99 | 2.2e+00 4.1e+00 1.582e+00
#435  3822   1 | 7.37e-01 7.72e-04 +0.516  1.00 | 1.09e+00 2.29e-01 +0.174  0.97 | 2.4e+00 4.2e+00 1.692e+00
#436  4780   1 | 1.14e+00 2.36e-03 +0.738  1.00 | 1.13e+00 2.33e-01 +0.265  0.93 | 2.4e+00 3.7e+00 2.495e+00
#437  2550   1 | 1.14e+00 2.81e-03 +0.121  1.00 | 9.88e-01 2.13e-01 +0.154  0.98 | 2.3e+00 4.2e+00 2.250e+00
#438  3606   1 | 1.29e+00 2.09e-03 +0.083  1.00 | 1.04e+00 1.67e-01 +0.276  0.94 | 2.3e+00 3.7e+00 2.674e+00
#439  2214   1 | 1.30e+00 1.55e-03 +0.227  1.00 | 9.64e-01 2.00e-01 +0.326  0.91 | 1.9e+00 3.5e+00 2.521e+00
#440  2806   1 | 1.07e+00 1.45e-03 +0.327  1.00 | 9.93e-01 2.11e-01 +0.244  0.94 | 2.2e+00 3.5e+00 2.083e+00
#441  2451   1 | 1.02e+00 1.54e-03 +0.427  1.00 | 9.92e-01 1.44e-01 +0.101  0.99 | 2.1e+00 3.6e+00 2.019e+00
#442   992   1 | 7.28e-01 2.87e-03 +0.134  1.00 | 9.46e-01 1.51e-01 +0.122  0.99 | 1.7e+00 3.7e+00 1.413e+00
#443  4413   1 | 4.44e-01 5.06e-04 +0.629  1.00 | 1.00e+00 3.22e-01 +0.372  0.86 | 2.1e+00 4.1e+00 1.064e+00
#444  3925   1 | 1.07e+00 9.01e-04 +0.705  1.00 | 9.68e-01 2.23e-01 +0.268  0.93 | 2.2e+00 4.5e+00 2.020e+00
#445   696   1 | 1.12e+00 2.32e-03 +0.710  1.00 | 1.01e+00 1.82e-01 +0.178  0.97 | 1.6e+00 3.7e+00 2.236e+00
#446   791   1 | 9.07e-01 2.70e-03 -0.090  1.00 | 9.18e-01 1.58e-01 +0.129  0.99 | 1.7e+00 3.4e+00 1.653e+00
#447   488   1 | 9.57e-01 2.49e-03 -0.207  1.00 | 1.07e+00 1.61e-01 +0.082  1.00 | 1.8e+00 4.1e+00 2.069e+00
#448  1550   1 | 1.08e+00 9.04e-04 +0.102  1.00 | 9.93e-01 1.46e-01 +0.101  0.99 | 1.7e+00 3.8e+00 2.143e+00
#449  4109   1 | 5.73e-01 1.90e-03 +0.145  1.00 | 9.77e-01 2.15e-01 +0.211  0.96 | 2.2e+00 4.6e+00 1.240e+00
#450  4323   1 | 8.37e-01 1.96e-03 +0.736  1.00 | 9.42e-01 2.63e-01 +0.173  0.98 | 2.3e+00 3.9e+00 1.568e+00
#451  1739   1 | 1.23e+00 3.92e-03 -0.300  1.00 | 9.89e-01 1.74e-01 +0.178  0.97 | 1.9e+00 3.5e+00 2.465e+00
#452  2446   1 | 6.58e-01 1.07e-03 -0.364  1.00 | 1.07e+00 4.21e-01 +0.297  0.92 | 2.0e+00 4.2e+00 1.488e+00
#453  1699   1 | 1.07e+00 1.96e-03 +0.279  1.00 | 1.03e+00 1.18e-01 +0.104  0.99 | 1.8e+00 3.0e+00 2.186e+00
#454  3486   1 | 5.92e-01 2.89e-03 -0.223  1.00 | 1.05e+00 2.57e-01 +0.155  0.98 | 2.3e+00 3.7e+00 1.441e+00
#455  4576   1 | 1.30e+00 1.00e-03 +0.770  1.00 | 9.64e-01 4.56e-01 +0.351  0.89 | 2.2e+00 4.5e+00 2.506e+00
#456  3379   1 | 1.27e+00 2.34e-03 -0.222  1.00 | 1.08e+00 2.99e-01 +0.292  0.92 | 2.1e+00 3.6e+00 2.686e+00
#457  3786   1 | 5.82e-01 2.39e-03 +0.323  1.00 | 1.04e+00 1.69e-01 +0.253  0.94 | 2.1e+00 4.0e+00 1.363e+00
#458   343   1 | 1.08e+00 1.63e-03 -0.008  1.00 | 1.04e+00 9.72e-02 +0.170  0.98 | 1.8e+00 3.7e+00 2.229e+00
#459  2751   1 | 1.02e+00 9.46e-04 +0.046  1.00 | 1.13e+00 2.02e-01 +0.356  0.90 | 2.0e+00 4.2e+00 2.208e+00
#460  4333   1 | 1.31e+00 1.53e-03 +0.341  1.00 | 1.12e+00 2.61e-01 +0.373  0.88 | 2.1e+00 3.0e+00 2.816e+00
#461  4195   1 | 1.02e+00 1.21e-03 -0.635  1.00 | 9.45e-01 2.19e-01 +0.104  1.01 | 2.2e+00 4.2e+00 1.936e+00
#462  3088   1 | 7.09e-01 1.34e-03 +0.288  1.00 | 1.00e+00 2.42e-01 +0.211  0.96 | 2.1e+00 3.5e+00 1.463e+00
#463  1621   1 | 4.70e-01 3.44e-03 +0.044  1.00 | 9.87e-01 1.24e-01 +0.268  0.95 | 1.6e+00 4.4e+00 1.145e+00
#464  2436   1 | 9.98e-01 3.17e-03 +0.527  1.00 | 1.07e+00 2.05e-01 +0.177  0.97 | 1.9e+00 3.9e+00 2.112e+00
#465  2395   1 | 1.04e+00 2.09e-03 +0.458  1.00 | 1.02e+00 2.72e-01 +0.321  0.90 | 2.0e+00 3.3e+00 2.012e+00
#466   349   1 | 1.14e+00 1.79e-03 +0.919  1.00 | 9.88e-01 7.14e-02 -0.102  1.02 | 1.7e+00 3.3e+00 2.296e+00
#467     2   1 | 1.35e+00 2.07e-03 -0.507  1.00 | 1.00e+00 1.67e-01 +0.041  1.01 | 1.7e+00 4.6e+00 2.836e+00
#468  4626   1 | 1.12e+00 4.12e-03 +0.473  1.00 | 9.80e-01 4.07e-01 +0.371  0.86 | 2.2e+00 5.2e+00 2.086e+00
#469  4604   1 | 7.63e-01 1.19e-03 -0.500  1.00 | 9.59e-01 2.90e-01 +0.286  0.92 | 2.2e+00 3.6e+00 1.427e+00
#470  3536   1 | 1.67e+00 6.87e-04 +0.622  1.00 | 9.65e-01 1.56e-01 +0.295  0.93 | 2.2e+00 3.8e+00 3.638e+00
#471    51   1 | 9.72e-01 1.40e-03 +0.114  1.00 | 1.02e+00 1.68e-01 +0.035  1.02 | 1.9e+00 4.9e+00 1.997e+00
#472  3827   1 | 1.00e+00 1.85e-03 -0.430  1.00 | 1.08e+00 2.92e-01 +0.330  0.89 | 2.1e+00 4.1e+00 2.062e+00
#473  2636   1 | 5.54e-01 1.17e-03 -0.182  1.00 | 1.03e+00 1.75e-01 +0.154  0.98 | 2.0e+00 3.7e+00 1.341e+00
#474   891   1 | 1.14e+00 1.66e-03 +0.195  1.00 | 9.75e-01 1.31e-01 +0.102  0.99 | 1.6e+00 4.9e+00 2.248e+00
#475  1066   1 | 1.30e+00 1.85e-03 -0.172  1.00 | 9.27e-01 2.00e-01 +0.271  0.93 | 1.8e+00 3.6e+00 2.478e+00
#476  4304   1 | 9.04e-01 1.70e-03 +0.790  1.00 | 9.15e-01 1.99e-01 +0.143  0.98 | 2.1e+00 3.9e+00 1.640e+00
#477  3282   1 | 1.11e+00 2.56e-03 -0.432  1.00 | 1.05e+00 2.09e-01 +0.372  0.89 | 2.0e+00 4.2e+00 2.223e+00
#478  4635   1 | 1.06e+00 1.17e-03 -0.518  1.00 | 9.70e-01 2.68e-01 +0.319  0.90 | 2.2e+00 3.5e+00 1.979e+00
#479  4902   1 | 1.14e+00 2.55e-03 +0.742  1.00 | 1.13e+00 1.31e-01 +0.450  0.91 | 2.1e+00 2.9e+00 2.473e+00
#480  1151   1 | 4.94e-01 1.58e-03 +0.497  1.00 | 1.12e+00 1.74e-01 +0.098  0.99 | 1.8e+00 4.3e+00 1.484e+00
#481  3570   1 | 8.89e-01 3.42e-03 +0.245  1.00 | 9.51e-01 1.97e-01 +0.408  0.87 | 2.4e+00 4.1e+00 1.578e+00
#482   170   1 | 1.22e+00 2.55e-03 -0.814  1.00 | 1.10e+00 9.43e-02 +0.234  0.97 | 1.7e+00 3.4e+00 2.681e+00
#483   277   1 | 5.96e-01 1.95e-03 -0.481  1.00 | 1.08e+00 1.42e-01 +0.048  1.00 | 1.7e+00 3.6e+00 1.537e+00
#484   479   1 | 1.03e+00 1.65e-03 -0.428  1.00 | 9.92e-01 2.07e-01 +0.192  0.96 | 1.7e+00 3.7e+00 2.000e+00
#485   209   1 | 1.11e+00 2.83e-03 +0.138  1.00 | 1.06e+00 1.23e-01 +0.016  1.01 | 1.7e+00 4.1e+00 2.358e+00
#486  2387   1 | 1.31e+00 8.06e-04 +0.523  1.00 | 1.01e+00 1.42e-01 +0.147  0.98 | 1.9e+00 4.1e+00 2.705e+00
#487  2891   1 | 1.41e+00 1.47e-03 -0.138  1.00 | 1.01e+00 2.59e-01 +0.224  0.95 | 2.0e+00 4.2e+00 2.950e+00
#488  4956   1 | 1.15e+00 1.63e-03 +0.455  1.00 | 9.43e-01 8.90e-02 +0.428  0.93 | 2.0e+00 3.2e+00 2.150e+00
#489  3783   1 | 8.44e-01 2.81e-03 +0.362  1.00 | 9.54e-01 3.64e-01 +0.329  0.89 | 2.1e+00 4.0e+00 1.524e+00
#490  4281   1 | 1.06e+00 1.66e-03 -0.337  1.00 | 8.36e-01 2.36e-01 +0.529  0.78 | 2.0e+00 3.7e+00 1.662e+00
#491  3236   1 | 1.10e+00 6.02e-04 -0.800  1.00 | 9.37e-01 2.53e-01 +0.179  0.98 | 2.0e+00 3.7e+00 2.071e+00
#492  4629   1 | 6.14e-01 1.27e-03 +0.214  1.00 | 1.03e+00 2.61e-01 +0.360  0.88 | 2.2e+00 4.0e+00 1.309e+00
#493  3803   1 | 1.40e+00 2.31e-03 -0.159  1.00 | 1.03e+00 2.68e-01 +0.208  0.96 | 2.2e+00 3.8e+00 2.969e+00
#494  3005   1 | 8.32e-01 1.42e-03 -0.209  1.00 | 1.01e+00 1.75e-01 +0.205  0.96 | 1.8e+00 3.3e+00 1.677e+00
#495  2750   1 | 1.10e+00 2.92e-03 +0.332  1.00 | 1.02e+00 3.16e-01 +0.237  0.95 | 1.9e+00 4.3e+00 2.190e+00
#496   720   1 | 9.69e-01 1.43e-03 +0.604  1.00 | 1.06e+00 1.14e-01 -0.017  1.02 | 1.5e+00 3.1e+00 2.074e+00
#497   836   1 | 9.64e-01 9.64e-04 +0.220  1.00 | 1.06e+00 1.62e-01 +0.308  0.93 | 1.5e+00 5.1e+00 1.982e+00
#498  4358   1 | 1.31e+00 1.85e-03 +0.277  1.00 | 1.04e+00 2.50e-01 +0.237  0.94 | 2.1e+00 3.9e+00 2.719e+00
#499  1729   1 | 9.61e-01 1.98e-03 +0.141  1.00 | 9.60e-01 1.75e-01 +0.198  0.96 | 1.9e+00 3.8e+00 1.809e+00
[best] step 500: trailing ratio_p=0.9558 (new best)
#500  4592   1 | 1.17e+00 2.24e-03 -0.084  1.00 | 1.17e+00 3.40e-01 +0.244  0.94 | 2.1e+00 4.0e+00 2.667e+00
#501  2317   1 | 1.30e+00 3.01e-03 +0.488  1.00 | 1.09e+00 2.73e-01 +0.275  0.93 | 1.7e+00 3.6e+00 2.801e+00
#502  4097   1 | 1.17e+00 3.60e-03 +0.628  1.00 | 9.11e-01 1.25e-01 +0.136  0.98 | 2.1e+00 3.9e+00 2.182e+00
#503  4750   1 | 1.18e+00 1.75e-03 -0.050  1.00 | 9.58e-01 1.79e-01 +0.204  0.96 | 2.0e+00 4.0e+00 2.269e+00
#504  2170   1 | 7.40e-01 2.63e-03 +0.592  1.00 | 9.49e-01 2.23e-01 +0.186  0.97 | 1.9e+00 4.5e+00 1.418e+00
#505   531   1 | 1.11e+00 1.45e-03 +0.248  1.00 | 9.82e-01 9.61e-02 -0.076  1.02 | 1.5e+00 3.0e+00 2.217e+00
#506  3996   1 | 1.00e+00 3.22e-03 -0.137  1.00 | 1.04e+00 3.14e-01 +0.276  0.92 | 2.0e+00 3.8e+00 2.004e+00
#507  3043   1 | 1.00e+00 3.29e-03 -0.140  1.00 | 8.61e-01 2.45e-01 +0.213  0.96 | 1.9e+00 4.4e+00 1.716e+00
#508  2910   1 | 1.32e+00 6.93e-04 -0.499  1.00 | 1.02e+00 1.80e-01 +0.257  0.94 | 1.8e+00 4.5e+00 2.716e+00
#509  4454   1 | 5.09e-01 2.32e-03 +0.351  1.00 | 9.97e-01 2.68e-01 +0.287  0.92 | 1.8e+00 3.4e+00 1.171e+00
#510   523   1 | 8.53e-01 1.56e-03 +0.104  1.00 | 9.10e-01 8.94e-02 +0.007  1.01 | 1.5e+00 3.3e+00 1.561e+00
#511  1795   1 | 1.10e+00 1.87e-03 +0.939  1.00 | 1.08e+00 1.70e-01 +0.180  0.97 | 1.7e+00 3.7e+00 2.330e+00
#512  4028   1 | 1.17e+00 2.45e-03 -0.674  1.00 | 1.05e+00 3.16e-01 +0.327  0.89 | 1.9e+00 4.2e+00 2.357e+00
#513  3630   1 | 9.54e-01 1.57e-03 +0.121  1.00 | 1.03e+00 1.37e-01 +0.138  0.98 | 2.0e+00 4.0e+00 1.954e+00
#514  1294   1 | 4.47e-01 1.15e-03 -0.135  1.00 | 1.00e+00 1.83e-01 +0.220  0.95 | 1.7e+00 3.4e+00 1.155e+00
#515  2874   1 | 1.07e+00 2.97e-03 +0.478  1.00 | 9.97e-01 2.22e-01 +0.253  0.94 | 1.9e+00 3.9e+00 2.079e+00
#516  2713   1 | 7.32e-01 9.23e-04 +0.134  1.00 | 9.46e-01 1.71e-01 +0.136  0.98 | 1.9e+00 3.8e+00 1.415e+00
#517  1346   1 | 7.05e-01 2.63e-03 -0.366  1.00 | 1.09e+00 1.52e-01 +0.157  0.98 | 1.6e+00 3.7e+00 1.653e+00
#518   714   1 | 1.08e+00 8.13e-04 +0.105  1.00 | 9.93e-01 1.81e-01 +0.076  1.01 | 1.5e+00 3.1e+00 2.160e+00
#519   965   1 | 1.13e+00 1.57e-03 -0.563  1.00 | 1.05e+00 1.54e-01 +0.285  0.94 | 1.4e+00 3.5e+00 2.325e+00
#520  1361   1 | 9.75e-01 1.12e-03 +0.065  1.00 | 1.04e+00 2.67e-01 +0.324  0.90 | 1.6e+00 2.9e+00 1.928e+00
#521  3712   1 | 7.38e-01 5.57e-04 -0.436  1.00 | 9.46e-01 1.39e-01 +0.244  0.95 | 2.0e+00 3.6e+00 1.395e+00
#522   613   1 | 1.14e+00 1.89e-03 +0.252  1.00 | 9.75e-01 1.41e-01 +0.096  0.99 | 1.4e+00 3.7e+00 2.251e+00
#523  4679   1 | 8.40e-01 3.42e-03 -0.119  1.00 | 9.10e-01 3.42e-01 +0.189  1.00 | 2.0e+00 3.9e+00 1.533e+00
#524  3602   1 | 5.80e-01 1.36e-03 -0.194  1.00 | 1.04e+00 2.11e-01 +0.190  0.96 | 2.0e+00 3.3e+00 1.384e+00
#525  4876   1 | 9.39e-01 2.33e-03 -0.467  1.00 | 1.07e+00 1.85e-01 +0.345  0.91 | 1.9e+00 4.4e+00 1.936e+00
#526  4694   1 | 1.30e+00 2.79e-03 -0.084  1.00 | 1.08e+00 3.46e-01 +0.332  0.89 | 1.9e+00 3.7e+00 2.736e+00
#527  3872   1 | 6.35e-01 1.84e-03 +0.220  1.00 | 1.08e+00 2.64e-01 +0.134  0.99 | 1.9e+00 3.2e+00 1.571e+00
#528    68   1 | 1.14e+00 1.52e-03 +0.347  1.00 | 9.88e-01 9.98e-02 -0.073  1.02 | 1.6e+00 3.5e+00 2.304e+00
#529   262   1 | 6.58e-01 1.76e-03 +0.038  1.00 | 1.07e+00 1.64e-01 +0.310  0.93 | 1.5e+00 4.1e+00 1.495e+00
#530  2154   1 | 9.71e-01 1.31e-03 -0.319  1.00 | 1.02e+00 2.09e-01 +0.093  1.00 | 1.8e+00 3.4e+00 1.983e+00
#531  4694   1 | 6.12e-01 8.69e-04 +0.096  1.00 | 1.03e+00 2.32e-01 +0.402  0.87 | 1.9e+00 4.1e+00 1.295e+00
#532  1205   1 | 7.38e-01 3.88e-03 +0.556  0.99 | 9.49e-01 1.72e-01 +0.102  1.00 | 1.6e+00 4.6e+00 1.439e+00
#533  1663   1 | 1.65e+00 2.10e-03 +0.105  1.00 | 9.65e-01 1.83e-01 +0.136  0.98 | 1.5e+00 3.7e+00 3.653e+00
#534    17   1 | 1.15e+00 1.81e-03 -0.178  1.00 | 9.43e-01 1.91e-01 +0.090  1.00 | 1.5e+00 3.8e+00 2.205e+00
#535   940   1 | 8.26e-01 1.60e-03 +0.017  1.00 | 9.54e-01 1.45e-01 +0.214  0.96 | 1.5e+00 3.4e+00 1.553e+00
#536   959   1 | 1.31e+00 1.28e-03 +0.549  1.00 | 1.01e+00 1.07e-01 +0.007  1.01 | 1.4e+00 4.6e+00 2.753e+00
#537  2007   1 | 1.12e+00 2.99e-03 +0.874  1.00 | 1.01e+00 3.21e-01 +0.228  0.96 | 1.8e+00 4.6e+00 2.223e+00
#538  4068   1 | 5.16e-01 2.53e-03 +0.054  1.00 | 9.97e-01 2.34e-01 +0.277  0.92 | 1.9e+00 3.4e+00 1.185e+00
#539  3567   1 | 1.00e+00 5.02e-03 -0.178  1.00 | 8.61e-01 2.66e-01 +0.263  0.93 | 2.0e+00 4.9e+00 1.703e+00
#540  2710   1 | 4.51e-01 3.42e-03 +0.248  1.00 | 1.00e+00 2.47e-01 +0.232  0.95 | 1.8e+00 3.6e+00 1.152e+00
#541  1125   1 | 9.07e-01 2.58e-03 +0.206  1.00 | 9.18e-01 2.68e-01 +0.177  0.98 | 1.6e+00 3.9e+00 1.649e+00
#542  3466   1 | 4.99e-01 8.40e-04 -0.358  1.00 | 1.12e+00 2.50e-01 +0.281  0.92 | 2.0e+00 3.7e+00 1.403e+00
#543  1652   1 | 1.20e+00 2.75e-03 +0.231  1.00 | 1.05e+00 1.00e-01 +0.232  0.97 | 1.5e+00 4.6e+00 2.519e+00
#544  2460   1 | 7.04e-01 1.42e-03 -0.379  1.00 | 1.00e+00 2.80e-01 +0.108  1.02 | 1.8e+00 3.4e+00 1.519e+00
#545  2832   1 | 7.81e-01 2.82e-03 -0.350  1.00 | 9.59e-01 2.35e-01 +0.248  0.94 | 1.7e+00 3.5e+00 1.474e+00
#546  3785   1 | 1.09e+00 1.99e-03 -0.146  1.00 | 9.70e-01 2.25e-01 +0.247  0.94 | 1.9e+00 3.2e+00 2.077e+00
#547  1275   1 | 1.00e+00 3.71e-03 +0.725  0.99 | 1.07e+00 2.26e-01 +0.197  0.96 | 1.6e+00 3.5e+00 2.109e+00
#548  1658   1 | 1.18e+00 1.03e-03 -0.767  1.00 | 9.58e-01 8.09e-02 -0.048  1.02 | 1.5e+00 4.6e+00 2.323e+00
#549   239   1 | 1.38e+00 3.44e-03 -0.008  1.00 | 1.03e+00 1.01e-01 +0.022  1.01 | 1.5e+00 4.2e+00 2.962e+00
#550    41   1 | 1.30e+00 2.11e-03 -0.025  1.00 | 9.64e-01 1.82e-01 +0.208  0.96 | 1.6e+00 4.0e+00 2.568e+00
#551  1114   1 | 1.08e+00 2.06e-03 +0.015  1.00 | 9.68e-01 1.02e-01 +0.213  0.97 | 1.5e+00 3.1e+00 2.078e+00
#552  1195   1 | 8.22e-01 3.60e-03 +0.531  1.00 | 1.01e+00 9.78e-02 +0.171  0.98 | 1.5e+00 4.4e+00 1.674e+00
#553   104   1 | 9.65e-01 1.95e-03 +0.398  1.00 | 1.06e+00 1.99e-01 +0.354  0.90 | 1.6e+00 4.4e+00 1.952e+00
#554  1462   1 | 9.70e-01 2.50e-03 +0.255  1.00 | 1.06e+00 1.07e-01 +0.058  1.00 | 1.5e+00 3.7e+00 2.057e+00
#555   355   1 | 1.32e+00 2.60e-03 -0.498  1.00 | 1.02e+00 1.20e-01 +0.061  1.00 | 1.6e+00 4.6e+00 2.780e+00
#556  4183   1 | 1.18e+00 3.32e-03 +0.916  0.99 | 9.11e-01 2.28e-01 +0.367  0.88 | 1.9e+00 4.0e+00 2.104e+00
#557   848   1 | 8.89e-01 1.94e-03 +0.865  1.00 | 9.15e-01 1.71e-01 +0.015  1.03 | 1.5e+00 3.5e+00 1.648e+00
#558   263   1 | 1.12e+00 3.43e-03 +0.545  1.00 | 1.13e+00 1.07e-01 +0.043  1.00 | 1.5e+00 4.3e+00 2.541e+00
#559  3976   1 | 5.70e-01 1.02e-03 -0.069  1.00 | 1.03e+00 2.76e-01 +0.139  1.00 | 1.8e+00 3.1e+00 1.381e+00
#560  4719   1 | 8.09e-01 1.89e-03 +0.009  1.00 | 9.42e-01 2.25e-01 +0.390  0.87 | 1.8e+00 3.6e+00 1.426e+00
#561  4786   1 | 1.32e+00 4.76e-03 +0.351  1.00 | 1.09e+00 4.33e-01 +0.257  0.95 | 1.8e+00 4.5e+00 2.868e+00
#562  3686   1 | 1.12e+00 2.94e-03 +0.277  1.00 | 1.06e+00 2.15e-01 +0.143  0.98 | 1.9e+00 4.0e+00 2.357e+00
#563  3061   1 | 7.20e-01 1.82e-03 +0.159  1.00 | 1.09e+00 1.62e-01 +0.059  1.00 | 1.8e+00 3.4e+00 1.706e+00
#564  1285   1 | 1.23e+00 1.42e-03 -0.073  1.00 | 9.89e-01 1.15e-01 +0.212  0.96 | 1.5e+00 3.6e+00 2.462e+00
#565   616   1 | 9.65e-01 2.46e-03 -0.829  1.00 | 1.03e+00 1.11e-01 +0.012  1.01 | 1.4e+00 3.1e+00 2.010e+00
#566  4937   1 | 1.36e+00 1.14e-03 -0.309  1.00 | 1.00e+00 1.31e-01 +0.346  0.93 | 1.8e+00 4.3e+00 2.785e+00
#567  1303   1 | 1.17e+00 2.93e-03 -0.034  1.00 | 1.17e+00 3.20e-01 +0.307  0.91 | 1.6e+00 3.6e+00 2.607e+00
#568  4782   1 | 5.71e-01 4.83e-04 -0.269  1.00 | 1.05e+00 2.08e-01 +0.292  0.92 | 1.9e+00 4.4e+00 1.349e+00
#569  4678   1 | 9.34e-01 2.51e-03 +0.180  1.00 | 9.51e-01 1.88e-01 +0.404  0.88 | 1.8e+00 4.5e+00 1.667e+00
#570  1889   1 | 1.07e+00 9.28e-04 -0.753  1.00 | 1.03e+00 1.52e-01 +0.126  0.98 | 1.6e+00 4.3e+00 2.182e+00
#571  2301   1 | 1.04e+00 2.19e-03 +0.012  1.00 | 1.02e+00 1.73e-01 +0.296  0.93 | 1.6e+00 3.9e+00 2.045e+00
#572  4156   1 | 5.72e-01 2.85e-03 -0.338  1.00 | 9.77e-01 2.69e-01 +0.350  0.88 | 1.7e+00 3.7e+00 1.171e+00
#573   415   1 | 1.32e+00 1.77e-03 +0.016  1.00 | 1.12e+00 8.22e-02 +0.021  1.00 | 1.5e+00 3.5e+00 3.010e+00
#574  2264   1 | 1.08e+00 1.67e-03 -0.404  1.00 | 9.97e-01 1.61e-01 +0.242  0.95 | 1.5e+00 3.8e+00 2.099e+00
#575  1312   1 | 1.09e+00 2.71e-03 +0.098  1.00 | 9.37e-01 6.60e-02 +0.079  0.99 | 1.5e+00 3.2e+00 2.056e+00
#576  2732   1 | 1.10e+00 2.53e-03 +0.182  1.00 | 1.02e+00 2.92e-01 +0.368  0.87 | 1.7e+00 3.9e+00 2.111e+00
#577   364   1 | 1.05e+00 1.38e-03 -0.158  1.00 | 1.08e+00 1.69e-01 +0.167  0.97 | 1.5e+00 3.5e+00 2.244e+00
#578  4941   1 | 1.32e+00 2.87e-03 +0.313  1.00 | 1.04e+00 1.89e-01 +0.419  0.88 | 1.8e+00 3.7e+00 2.681e+00
#579  1871   1 | 1.29e+00 2.69e-03 +0.595  1.00 | 9.27e-01 1.63e-01 +0.369  0.90 | 1.6e+00 4.1e+00 2.446e+00
#580  3096   1 | 1.23e+00 2.77e-03 -0.608  1.00 | 1.10e+00 1.58e-01 +0.299  0.93 | 1.8e+00 4.0e+00 2.645e+00
#581   765   1 | 1.10e+00 2.38e-03 -0.726  1.00 | 1.08e+00 1.08e-01 +0.143  0.98 | 1.4e+00 4.0e+00 2.354e+00
#582  1437   1 | 1.02e+00 2.96e-03 -0.822  1.00 | 9.92e-01 2.05e-01 +0.147  0.98 | 1.4e+00 3.4e+00 2.020e+00
#583   154   1 | 1.02e+00 1.44e-03 +0.168  1.00 | 1.13e+00 1.93e-01 +0.035  1.02 | 1.5e+00 4.5e+00 2.340e+00
#584   996   1 | 1.11e+00 1.71e-03 +0.111  1.00 | 9.80e-01 8.08e-02 +0.287  0.96 | 1.4e+00 3.7e+00 2.161e+00
#585  4274   1 | 1.01e+00 2.60e-03 -0.235  1.00 | 9.45e-01 1.84e-01 +0.251  0.94 | 1.8e+00 3.9e+00 1.868e+00
#586  1303   1 | 1.40e+00 2.58e-03 +0.242  1.00 | 1.01e+00 1.45e-01 +0.002  1.02 | 1.6e+00 4.6e+00 3.010e+00
#587    40   1 | 1.04e+00 3.08e-03 -0.372  1.00 | 8.36e-01 1.47e-01 -0.033  1.04 | 1.6e+00 3.7e+00 1.816e+00
#588  2902   1 | 4.73e-01 2.01e-03 -0.255  1.00 | 9.87e-01 1.45e-01 +0.357  0.92 | 1.6e+00 3.7e+00 1.118e+00
#589  2907   1 | 1.07e+00 4.45e-03 +0.275  1.00 | 1.04e+00 1.18e-01 +0.282  0.95 | 1.7e+00 3.1e+00 2.161e+00
#590  3285   1 | 9.72e-01 1.62e-03 -0.082  1.00 | 9.60e-01 1.65e-01 +0.165  0.97 | 1.7e+00 5.1e+00 1.841e+00
#591  4279   1 | 1.08e+00 2.68e-03 +0.442  1.00 | 9.82e-01 2.44e-01 +0.374  0.88 | 1.8e+00 4.1e+00 2.011e+00
#592  4029   1 | 1.12e+00 2.36e-03 +0.439  1.00 | 1.06e+00 1.49e-01 +0.307  0.93 | 1.8e+00 3.9e+00 2.311e+00
#593  1955   1 | 1.30e+00 2.07e-03 +0.049  1.00 | 1.09e+00 1.60e-01 +0.189  0.97 | 1.7e+00 4.8e+00 2.857e+00
#594   917   1 | 7.28e-01 2.27e-03 -0.067  1.00 | 9.46e-01 1.91e-01 +0.123  0.99 | 1.5e+00 3.5e+00 1.418e+00
#595  1892   1 | 1.11e+00 4.49e-03 +0.197  1.00 | 9.82e-01 1.77e-01 +0.101  1.00 | 1.7e+00 5.0e+00 2.180e+00
#596  1976   1 | 1.11e+00 2.00e-03 +0.898  1.00 | 9.80e-01 2.04e-01 +0.253  0.94 | 1.7e+00 3.0e+00 2.130e+00
#597  4156   1 | 7.05e-01 1.55e-03 -0.480  1.00 | 1.00e+00 1.50e-01 +0.276  0.94 | 1.8e+00 3.9e+00 1.442e+00
#598  2088   1 | 9.19e-01 2.55e-03 -0.310  1.00 | 9.51e-01 1.54e-01 +0.220  0.96 | 1.9e+00 4.5e+00 1.709e+00
#599   922   1 | 1.04e+00 7.01e-04 -0.297  1.00 | 8.36e-01 1.09e-01 +0.043  1.01 | 1.4e+00 3.4e+00 1.788e+00
#600  4189   1 | 1.39e+00 3.62e-03 -0.030  1.00 | 1.03e+00 2.37e-01 +0.230  0.95 | 1.9e+00 3.6e+00 2.936e+00
#601   363   1 | 1.08e+00 4.65e-03 +0.656  0.99 | 9.97e-01 1.95e-01 +0.228  0.95 | 1.6e+00 4.4e+00 2.098e+00
#602   506   1 | 1.08e+00 1.28e-03 -0.295  1.00 | 1.04e+00 1.00e-01 +0.129  0.98 | 1.5e+00 3.3e+00 2.238e+00
#603  4123   1 | 4.49e-01 3.55e-03 -0.097  1.00 | 1.00e+00 2.72e-01 +0.271  0.93 | 1.8e+00 4.6e+00 1.131e+00
#604  3712   1 | 1.09e+00 2.12e-03 -0.104  1.00 | 9.70e-01 1.93e-01 +0.264  0.93 | 1.9e+00 3.5e+00 2.071e+00
#605  2537   1 | 8.30e-01 1.25e-03 +0.452  1.00 | 9.42e-01 1.78e-01 +0.131  0.99 | 1.9e+00 3.1e+00 1.563e+00
#606  3074   1 | 8.99e-01 1.23e-03 +0.842  1.00 | 9.15e-01 1.67e-01 +0.050  1.02 | 1.9e+00 4.1e+00 1.655e+00
#607  2851   1 | 1.10e+00 1.08e-03 +0.296  1.00 | 1.02e+00 2.69e-01 +0.370  0.87 | 1.8e+00 3.4e+00 2.112e+00
#608  3317   1 | 1.18e+00 1.40e-03 -0.329  1.00 | 9.58e-01 1.63e-01 +0.036  1.02 | 1.9e+00 3.5e+00 2.323e+00
#609  2027   1 | 9.76e-01 2.02e-03 -0.253  1.00 | 1.04e+00 2.75e-01 +0.304  0.91 | 1.8e+00 3.3e+00 1.943e+00
#610  2886   1 | 9.09e-01 2.28e-03 -0.180  1.00 | 9.18e-01 1.98e-01 +0.257  0.94 | 1.8e+00 4.6e+00 1.615e+00
#611  3356   1 | 1.12e+00 1.24e-03 -0.218  1.00 | 9.75e-01 2.09e-01 +0.241  0.94 | 1.9e+00 4.0e+00 2.146e+00
#612   451   1 | 1.10e+00 3.85e-03 -0.258  1.00 | 1.08e+00 1.33e-01 +0.145  0.98 | 1.5e+00 4.4e+00 2.351e+00
#613  1557   1 | 1.12e+00 8.09e-04 +0.140  1.00 | 1.13e+00 1.06e-01 +0.057  1.00 | 1.5e+00 3.0e+00 2.537e+00
#614  3672   1 | 9.79e-01 1.03e-03 +0.030  1.00 | 9.60e-01 1.97e-01 +0.132  0.99 | 2.0e+00 4.3e+00 1.868e+00
#615  2539   1 | 7.77e-01 5.40e-04 -0.646  1.00 | 9.59e-01 2.32e-01 +0.265  0.93 | 1.8e+00 3.3e+00 1.460e+00
#616  1808   1 | 1.13e+00 2.24e-03 +0.001  1.00 | 1.05e+00 1.24e-01 +0.391  0.92 | 1.6e+00 4.3e+00 2.299e+00
#617  1846   1 | 9.71e-01 7.20e-04 +0.059  1.00 | 1.06e+00 1.48e-01 +0.150  0.98 | 1.6e+00 3.5e+00 2.036e+00
#618  2144   1 | 5.57e-01 1.66e-03 +0.023  1.00 | 1.04e+00 8.61e-02 +0.108  0.99 | 1.9e+00 4.0e+00 1.384e+00
#619  4822   1 | 6.58e-01 1.17e-03 -0.216  1.00 | 1.07e+00 1.17e-01 +0.329  0.94 | 1.8e+00 4.3e+00 1.508e+00
#620  2851   1 | 1.30e+00 1.59e-03 -0.390  1.00 | 9.64e-01 2.63e-01 +0.306  0.91 | 1.7e+00 3.5e+00 2.528e+00
#621  1106   1 | 9.98e-01 1.92e-03 -0.146  1.00 | 9.45e-01 1.46e-01 +0.215  0.96 | 1.5e+00 3.2e+00 1.853e+00
#622  4874   1 | 1.03e+00 5.12e-03 -0.326  1.00 | 9.92e-01 2.32e-01 +0.294  0.92 | 1.8e+00 4.4e+00 1.961e+00
#623  3391   1 | 1.41e+00 1.07e-03 -0.122  1.00 | 1.01e+00 1.63e-01 +0.163  0.97 | 1.8e+00 3.4e+00 2.980e+00
#624  1671   1 | 1.02e+00 4.15e-03 -0.058  1.00 | 1.13e+00 1.15e-01 +0.202  0.97 | 1.5e+00 3.7e+00 2.281e+00
#625  1199   1 | 9.98e-01 1.70e-03 -0.324  1.00 | 8.61e-01 1.37e-01 +0.117  0.99 | 1.6e+00 4.3e+00 1.730e+00
#626   908   1 | 7.05e-01 2.43e-03 -0.400  1.00 | 1.09e+00 1.13e-01 +0.104  0.99 | 1.5e+00 4.4e+00 1.668e+00
#627  4581   1 | 1.31e+00 2.73e-03 +0.509  1.00 | 1.04e+00 2.42e-01 +0.280  0.92 | 1.8e+00 3.6e+00 2.715e+00
#628     3   1 | 5.96e-01 1.04e-03 -0.447  1.00 | 1.08e+00 1.16e-01 +0.031  1.00 | 1.5e+00 2.9e+00 1.537e+00
#629  4186   1 | 6.31e-01 1.48e-03 +0.315  1.00 | 1.03e+00 2.69e-01 +0.412  0.85 | 1.9e+00 3.3e+00 1.300e+00
#630  3966   1 | 8.40e-01 3.54e-03 -0.210  1.00 | 9.54e-01 4.03e-01 +0.315  0.91 | 1.9e+00 4.0e+00 1.537e+00
#631  3288   1 | 1.05e+00 2.55e-03 +0.402  1.00 | 1.03e+00 1.29e-01 +0.152  0.98 | 1.8e+00 3.8e+00 2.143e+00
#632  1307   1 | 1.14e+00 2.08e-03 -0.681  1.00 | 9.88e-01 7.02e-02 -0.063  1.01 | 1.6e+00 3.8e+00 2.295e+00
#633  4547   1 | 5.08e-01 3.26e-03 -0.215  1.00 | 9.97e-01 1.61e-01 +0.314  0.92 | 1.8e+00 4.0e+00 1.178e+00
#634   483   1 | 1.00e+00 1.37e-03 -0.334  1.00 | 1.07e+00 2.07e-01 +0.222  0.95 | 1.6e+00 3.9e+00 2.106e+00
#635  3805   1 | 1.00e+00 8.34e-04 -0.142  1.00 | 1.08e+00 2.53e-01 +0.307  0.91 | 1.8e+00 3.5e+00 2.081e+00
#636  3418   1 | 1.18e+00 1.97e-03 -0.057  1.00 | 9.11e-01 1.73e-01 +0.318  0.92 | 1.9e+00 3.2e+00 2.158e+00
#637  1019   1 | 8.21e-01 2.10e-03 -0.355  1.00 | 1.01e+00 8.45e-02 +0.125  0.99 | 1.4e+00 3.6e+00 1.688e+00
#638   943   1 | 1.30e+00 3.48e-03 -0.405  1.00 | 9.27e-01 1.15e-01 +0.186  0.97 | 1.4e+00 4.3e+00 2.515e+00
#639  3146   1 | 1.23e+00 5.18e-03 -0.607  1.01 | 1.10e+00 1.75e-01 +0.372  0.91 | 1.8e+00 4.8e+00 2.616e+00
#640  1689   1 | 1.09e+00 1.24e-03 +0.122  1.00 | 9.37e-01 7.56e-02 +0.082  0.99 | 1.5e+00 3.8e+00 2.057e+00
#641  3877   1 | 1.28e+00 1.28e-03 -0.877  1.00 | 1.01e+00 2.42e-01 +0.430  0.85 | 1.9e+00 4.4e+00 2.502e+00
#642  3645   1 | 1.07e+00 1.72e-03 +0.798  1.00 | 9.93e-01 2.39e-01 +0.243  0.94 | 1.9e+00 4.4e+00 2.062e+00
#643  3317   1 | 5.79e-01 9.74e-04 +0.443  1.00 | 9.77e-01 2.40e-01 +0.346  0.89 | 1.9e+00 3.8e+00 1.185e+00
#644  4772   1 | 1.65e+00 1.86e-03 +0.394  1.00 | 9.65e-01 2.05e-01 +0.386  0.88 | 1.9e+00 3.8e+00 3.528e+00
#645   495   1 | 8.53e-01 2.18e-03 +0.223  1.00 | 9.10e-01 1.12e-01 +0.065  1.00 | 1.5e+00 3.6e+00 1.553e+00
#646     6   1 | 1.29e+00 3.43e-03 -0.863  1.00 | 1.08e+00 1.07e-01 +0.007  1.01 | 1.6e+00 3.3e+00 2.854e+00
#647  3986   1 | 9.84e-01 1.39e-03 -0.059  1.00 | 1.07e+00 1.62e-01 +0.281  0.94 | 1.9e+00 3.7e+00 2.053e+00
#648  4243   1 | 1.33e+00 3.29e-03 +0.184  1.00 | 1.00e+00 2.66e-01 +0.308  0.91 | 1.8e+00 4.0e+00 2.688e+00
#649  1025   1 | 9.65e-01 9.83e-04 -0.283  1.00 | 1.03e+00 1.15e-01 +0.007  1.01 | 1.5e+00 3.6e+00 2.008e+00
#650  4792   1 | 9.69e-01 2.95e-03 +0.435  1.00 | 1.06e+00 3.90e-01 +0.390  0.85 | 1.9e+00 4.2e+00 1.897e+00
#651  4868   1 | 5.28e-01 2.06e-03 +0.360  1.00 | 1.03e+00 1.58e-01 +0.348  0.92 | 1.8e+00 3.2e+00 1.248e+00
#652    37   1 | 7.38e-01 9.65e-04 +0.576  1.00 | 9.49e-01 9.95e-02 +0.089  0.99 | 1.6e+00 3.6e+00 1.438e+00
#653   448   1 | 5.78e-01 2.57e-03 +0.327  1.00 | 1.05e+00 1.06e-01 +0.214  0.97 | 1.6e+00 4.3e+00 1.404e+00
#654  3400   1 | 4.76e-01 3.38e-03 +0.678  0.99 | 9.87e-01 2.78e-01 +0.335  0.89 | 2.0e+00 4.7e+00 1.093e+00
#655  1999   1 | 1.04e+00 3.27e-03 +0.614  1.00 | 1.02e+00 2.04e-01 +0.298  0.92 | 1.7e+00 4.1e+00 2.035e+00
#656  3370   1 | 9.71e-01 1.63e-03 +0.718  1.00 | 1.02e+00 2.10e-01 +0.194  0.96 | 1.9e+00 3.9e+00 1.937e+00
#657  2370   1 | 1.23e+00 3.43e-03 -0.183  1.00 | 9.89e-01 2.30e-01 +0.227  0.95 | 1.8e+00 3.4e+00 2.436e+00
#658  1615   1 | 4.95e-01 1.96e-03 +0.476  1.00 | 1.12e+00 1.89e-01 +0.159  0.97 | 1.6e+00 3.6e+00 1.461e+00
#659   996   1 | 1.15e+00 1.53e-03 -0.120  1.00 | 9.43e-01 1.38e-01 +0.156  0.98 | 1.4e+00 3.0e+00 2.181e+00
#660   998   1 | 1.20e+00 1.00e-03 +0.459  1.00 | 1.05e+00 2.30e-01 +0.192  0.96 | 1.4e+00 3.5e+00 2.523e+00
#661  1813   1 | 1.08e+00 1.21e-03 -0.377  1.00 | 9.68e-01 1.19e-01 +0.258  0.95 | 1.6e+00 3.6e+00 2.063e+00
#662   914   1 | 1.32e+00 2.87e-03 -0.061  1.00 | 1.02e+00 1.10e-01 +0.097  0.99 | 1.5e+00 3.6e+00 2.766e+00
#663  1829   1 | 1.32e+00 3.18e-03 -0.181  1.00 | 1.12e+00 9.12e-02 +0.206  0.97 | 1.7e+00 3.9e+00 2.967e+00
#664  1543   1 | 1.12e+00 1.72e-03 +0.782  1.00 | 1.01e+00 1.65e-01 +0.193  0.96 | 1.6e+00 3.3e+00 2.232e+00
#665  1493   1 | 1.17e+00 3.17e-03 -0.147  1.00 | 1.17e+00 1.95e-01 +0.296  0.93 | 1.5e+00 4.4e+00 2.638e+00
#666   119   1 | 1.08e+00 2.14e-03 +0.575  1.00 | 9.97e-01 2.50e-01 +0.230  0.95 | 1.6e+00 3.5e+00 2.101e+00
#667  2169   1 | 1.66e+00 2.59e-03 -0.484  1.00 | 9.65e-01 2.19e-01 +0.184  0.97 | 1.7e+00 3.8e+00 3.646e+00
#668  2658   1 | 1.04e+00 2.68e-03 +0.134  1.00 | 1.02e+00 1.98e-01 +0.326  0.91 | 1.8e+00 3.5e+00 2.021e+00
#669  2816   1 | 1.06e+00 2.30e-03 +0.119  1.00 | 1.03e+00 1.69e-01 +0.132  0.98 | 1.8e+00 4.2e+00 2.166e+00
#670   862   1 | 9.74e-01 1.66e-03 +0.236  1.00 | 1.04e+00 1.74e-01 +0.289  0.93 | 1.4e+00 3.6e+00 1.961e+00
#671   679   1 | 1.14e+00 2.35e-03 -0.290  1.00 | 9.75e-01 1.36e-01 +0.084  1.00 | 1.4e+00 4.3e+00 2.257e+00
#672  3778   1 | 1.17e+00 2.21e-03 -0.506  1.00 | 1.05e+00 4.00e-01 +0.320  0.90 | 2.0e+00 4.5e+00 2.366e+00
#673  1341   1 | 7.01e-01 5.95e-04 +0.451  1.00 | 1.00e+00 1.50e-01 +0.105  0.99 | 1.5e+00 3.7e+00 1.487e+00
#674  2155   1 | 9.62e-01 2.49e-03 +0.574  1.00 | 1.06e+00 2.07e-01 +0.348  0.90 | 1.8e+00 4.0e+00 1.945e+00
#675  4571   1 | 1.07e+00 4.23e-04 +0.215  1.00 | 9.70e-01 2.74e-01 +0.300  0.91 | 1.8e+00 3.8e+00 1.991e+00
#676   480   1 | 1.11e+00 1.29e-03 +0.013  1.00 | 9.80e-01 9.65e-02 +0.236  0.96 | 1.5e+00 4.1e+00 2.167e+00
#677  2477   1 | 8.93e-01 1.82e-03 +0.041  1.00 | 9.15e-01 1.62e-01 +0.265  0.94 | 1.8e+00 3.6e+00 1.582e+00
#678  4515   1 | 1.15e+00 1.50e-03 -0.540  1.00 | 9.88e-01 1.16e-01 +0.456  0.91 | 1.8e+00 4.7e+00 2.202e+00
#679  1794   1 | 9.99e-01 2.81e-03 +0.264  1.00 | 9.45e-01 1.53e-01 +0.206  0.96 | 1.6e+00 3.6e+00 1.855e+00
#680   545   1 | 6.58e-01 2.67e-03 +0.666  0.99 | 1.07e+00 2.81e-01 +0.265  0.93 | 1.4e+00 3.6e+00 1.494e+00
#681  2174   1 | 8.28e-01 2.40e-03 +0.114  1.00 | 9.54e-01 3.02e-01 +0.322  0.90 | 1.8e+00 5.3e+00 1.501e+00
#682  2335   1 | 7.30e-01 1.77e-03 -0.169  1.00 | 9.46e-01 2.51e-01 +0.142  0.99 | 1.7e+00 3.3e+00 1.424e+00
#683  2702   1 | 1.08e+00 8.20e-04 +0.463  1.00 | 9.93e-01 2.28e-01 +0.147  0.99 | 1.9e+00 4.2e+00 2.128e+00
#684  2401   1 | 9.08e-01 3.49e-03 -0.230  1.00 | 9.18e-01 2.26e-01 +0.237  0.94 | 1.8e+00 3.7e+00 1.621e+00
#685  2835   1 | 7.81e-01 3.88e-03 +0.471  1.00 | 9.59e-01 1.54e-01 +0.292  0.93 | 1.8e+00 4.8e+00 1.464e+00
#686   432   1 | 5.53e-01 1.38e-03 +0.053  1.00 | 1.04e+00 1.45e-01 -0.001  1.02 | 1.4e+00 3.3e+00 1.413e+00
#687  4834   1 | 1.40e+00 2.67e-03 +0.089  1.00 | 1.01e+00 2.21e-01 +0.324  0.91 | 1.9e+00 3.3e+00 2.876e+00
#688   323   1 | 9.98e-01 2.49e-03 -0.127  1.00 | 8.61e-01 1.51e-01 +0.096  1.00 | 1.5e+00 5.5e+00 1.736e+00
#689  4871   1 | 9.40e-01 2.68e-03 -0.090  1.00 | 1.07e+00 2.04e-01 +0.406  0.88 | 1.7e+00 3.5e+00 1.902e+00
#690  4031   1 | 1.17e+00 3.89e-03 +0.243  1.00 | 1.17e+00 4.50e-01 +0.341  0.89 | 1.6e+00 4.2e+00 2.578e+00
#691  2736   1 | 4.96e-01 1.73e-03 +0.256  1.00 | 1.12e+00 2.53e-01 +0.303  0.91 | 1.8e+00 4.4e+00 1.387e+00
#692  4648   1 | 1.24e+00 2.57e-03 -0.218  1.00 | 9.89e-01 2.43e-01 +0.269  0.93 | 1.9e+00 4.3e+00 2.454e+00
#693  3550   1 | 1.11e+00 1.04e-03 +0.077  1.00 | 9.37e-01 2.03e-01 +0.162  0.98 | 2.0e+00 3.9e+00 2.084e+00
#694  2256   1 | 1.04e+00 2.25e-03 -0.215  1.00 | 1.08e+00 2.72e-01 +0.293  0.92 | 1.7e+00 4.4e+00 2.164e+00
#695  2528   1 | 5.53e-01 1.05e-03 -0.142  1.00 | 1.03e+00 2.30e-01 +0.306  0.91 | 1.8e+00 3.2e+00 1.272e+00
#696    19   1 | 1.11e+00 3.04e-03 -0.601  1.00 | 9.82e-01 9.18e-02 -0.091  1.03 | 1.5e+00 4.0e+00 2.223e+00
#697  1144   1 | 1.11e+00 2.28e-03 +0.060  1.00 | 1.02e+00 1.60e-01 +0.227  0.95 | 1.4e+00 3.9e+00 2.214e+00
#698   643   1 | 1.30e+00 2.29e-03 -0.269  1.00 | 9.27e-01 1.21e-01 +0.178  0.97 | 1.4e+00 3.4e+00 2.515e+00
#699   986   1 | 8.24e-01 1.43e-03 +0.763  1.00 | 9.42e-01 1.05e-01 +0.041  1.00 | 1.4e+00 4.9e+00 1.567e+00
[best] step 700: trailing ratio_p=0.9487 (new best)
#700  2465   1 | 1.08e+00 2.52e-03 -0.445  1.00 | 9.68e-01 2.75e-01 +0.269  0.93 | 1.8e+00 3.7e+00 2.038e+00
#701  1152   1 | 1.35e+00 2.68e-03 -0.024  1.00 | 1.00e+00 1.78e-01 +0.059  1.01 | 1.5e+00 3.8e+00 2.827e+00
#702  1636   1 | 9.64e-01 2.17e-03 -0.310  1.00 | 1.03e+00 1.07e-01 +0.089  0.99 | 1.5e+00 4.4e+00 1.987e+00
#703  1279   1 | 9.23e-01 1.50e-03 -0.481  1.00 | 9.51e-01 1.66e-01 +0.045  1.01 | 1.5e+00 4.5e+00 1.770e+00
#704  4459   1 | 9.65e-01 2.10e-03 -0.062  1.00 | 9.60e-01 1.55e-01 +0.304  0.93 | 1.9e+00 3.6e+00 1.786e+00
#705  2872   1 | 1.18e+00 3.98e-03 -0.097  1.00 | 9.58e-01 1.97e-01 +0.067  1.01 | 1.9e+00 4.0e+00 2.321e+00
#706  3705   1 | 1.29e+00 1.60e-03 -0.483  1.00 | 1.04e+00 2.16e-01 +0.298  0.92 | 2.0e+00 4.5e+00 2.654e+00
#707  4539   1 | 4.68e-01 4.42e-03 +0.462  0.99 | 9.87e-01 3.19e-01 +0.304  0.91 | 1.8e+00 4.6e+00 1.102e+00
#708  3956   1 | 1.31e+00 2.73e-03 +0.185  1.00 | 9.64e-01 3.17e-01 +0.390  0.85 | 1.8e+00 4.1e+00 2.495e+00
#709  4799   1 | 1.22e+00 1.74e-03 -0.367  1.00 | 1.10e+00 2.09e-01 +0.324  0.91 | 2.0e+00 4.2e+00 2.600e+00
#710  1246   1 | 7.38e-01 1.93e-03 +0.531  1.00 | 9.49e-01 1.86e-01 +0.125  0.99 | 1.6e+00 3.8e+00 1.435e+00
#711  3099   1 | 8.67e-01 3.07e-03 -0.247  1.00 | 9.10e-01 2.74e-01 +0.072  1.05 | 1.9e+00 4.0e+00 1.620e+00
#712   539   1 | 1.31e+00 1.88e-03 -0.607  1.00 | 1.09e+00 1.39e-01 +0.054  1.00 | 1.6e+00 4.5e+00 2.911e+00
#713   112   1 | 5.68e-01 1.89e-03 +0.292  1.00 | 9.77e-01 1.91e-01 -0.021  1.05 | 1.7e+00 4.0e+00 1.322e+00
#714   695   1 | 1.21e+00 3.69e-03 +0.882  0.99 | 9.11e-01 9.69e-02 +0.150  0.98 | 1.5e+00 3.3e+00 2.265e+00
#715  1717   1 | 1.04e+00 8.32e-04 -0.410  1.00 | 8.36e-01 1.56e-01 +0.152  0.98 | 1.8e+00 4.3e+00 1.770e+00
#716  3320   1 | 1.06e+00 1.86e-03 +0.424  1.00 | 1.04e+00 1.58e-01 +0.304  0.93 | 2.0e+00 3.3e+00 2.119e+00
#717  1211   1 | 1.02e+00 9.75e-04 +0.424  1.00 | 1.13e+00 1.00e-01 +0.185  0.98 | 1.6e+00 3.3e+00 2.286e+00
#718  3103   1 | 1.12e+00 1.95e-03 -0.132  1.00 | 1.05e+00 2.51e-01 +0.349  0.89 | 2.0e+00 4.0e+00 2.230e+00
#719  1974   1 | 9.71e-01 1.34e-03 -0.349  1.00 | 1.06e+00 1.83e-01 +0.174  0.97 | 1.9e+00 4.3e+00 2.029e+00
#720  3346   1 | 9.71e-01 9.81e-04 -0.353  1.00 | 1.02e+00 2.20e-01 +0.232  0.95 | 2.0e+00 4.6e+00 1.924e+00
#721  3199   1 | 5.88e-01 1.12e-03 -0.142  1.00 | 1.05e+00 1.85e-01 +0.266  0.94 | 1.9e+00 3.7e+00 1.384e+00
#722   621   1 | 1.29e+00 7.33e-04 -0.222  1.00 | 1.08e+00 1.89e-01 +0.116  0.99 | 1.6e+00 2.5e+00 2.825e+00
#723  4970   1 | 6.09e-01 1.05e-03 -0.043  1.00 | 1.03e+00 3.20e-01 +0.483  0.80 | 1.9e+00 3.7e+00 1.213e+00
#724  1944   1 | 7.07e-01 1.86e-03 -0.579  1.00 | 1.09e+00 2.07e-01 +0.141  0.98 | 1.8e+00 3.0e+00 1.665e+00
#725  3430   1 | 1.14e+00 8.32e-04 -0.306  1.00 | 9.43e-01 1.62e-01 +0.242  0.95 | 2.1e+00 4.5e+00 2.145e+00
#726    87   1 | 1.12e+00 1.97e-03 +0.635  1.00 | 1.01e+00 1.92e-01 +0.167  0.97 | 1.6e+00 3.7e+00 2.243e+00
#727   156   1 | 1.12e+00 4.20e-03 -0.767  1.01 | 1.13e+00 1.06e-01 +0.075  0.99 | 1.5e+00 5.4e+00 2.545e+00
#728  1426   1 | 1.38e+00 1.43e-03 +0.130  1.00 | 1.03e+00 1.36e-01 +0.017  1.01 | 1.6e+00 3.7e+00 2.970e+00
#729  4015   1 | 1.32e+00 3.66e-03 +0.213  1.00 | 1.02e+00 2.66e-01 +0.274  0.92 | 2.1e+00 4.6e+00 2.711e+00
#730  1689   1 | 4.47e-01 8.46e-04 -0.221  1.00 | 1.00e+00 1.24e-01 +0.280  0.95 | 1.6e+00 3.4e+00 1.149e+00
#731  1390   1 | 8.22e-01 5.07e-03 -0.612  1.01 | 1.01e+00 1.10e-01 +0.198  0.97 | 1.6e+00 4.8e+00 1.675e+00
#732  4875   1 | 1.09e+00 1.24e-03 -0.114  1.00 | 1.08e+00 2.66e-01 +0.393  0.87 | 2.0e+00 4.7e+00 2.206e+00
#733   769   1 | 1.00e+00 2.07e-03 +0.528  1.00 | 1.07e+00 2.24e-01 +0.213  0.95 | 1.4e+00 3.3e+00 2.106e+00
#734  4481   1 | 1.03e+00 1.82e-03 +0.532  1.00 | 9.92e-01 2.47e-01 +0.224  0.95 | 2.0e+00 4.7e+00 1.996e+00
#735  4320   1 | 1.12e+00 2.31e-03 -0.441  1.00 | 1.06e+00 2.26e-01 +0.378  0.88 | 2.0e+00 3.4e+00 2.246e+00
#736  2619   1 | 1.31e+00 2.57e-03 -0.368  1.00 | 1.12e+00 1.90e-01 +0.119  0.99 | 2.1e+00 4.3e+00 2.972e+00
#737  4902   1 | 5.72e-01 1.44e-03 -0.126  1.00 | 1.08e+00 1.92e-01 +0.267  0.94 | 2.0e+00 3.5e+00 1.428e+00
#738   212   1 | 1.31e+00 8.11e-04 +0.113  1.00 | 1.01e+00 1.43e-01 -0.003  1.02 | 1.6e+00 4.6e+00 2.767e+00
#739  4484   1 | 5.09e-01 3.36e-03 -0.346  1.00 | 9.97e-01 2.68e-01 +0.309  0.91 | 2.0e+00 4.3e+00 1.161e+00
#740  4764   1 | 1.08e+00 2.50e-03 +0.451  1.00 | 9.97e-01 2.19e-01 +0.250  0.94 | 2.1e+00 4.2e+00 2.102e+00
#741  1592   1 | 8.27e-01 2.71e-03 +0.114  1.00 | 9.54e-01 3.05e-01 +0.269  0.93 | 1.7e+00 3.4e+00 1.529e+00
#742  4114   1 | 7.47e-01 1.15e-03 +0.336  1.00 | 9.49e-01 2.67e-01 +0.354  0.88 | 2.0e+00 4.2e+00 1.350e+00
#743  3956   1 | 6.32e-01 1.39e-03 -0.176  1.00 | 1.08e+00 1.55e-01 +0.243  0.95 | 2.0e+00 4.2e+00 1.517e+00
#744  1658   1 | 1.29e+00 1.15e-03 -0.199  1.00 | 9.64e-01 2.22e-01 +0.281  0.92 | 1.7e+00 4.7e+00 2.536e+00
#745  4571   1 | 9.58e-01 2.24e-03 +0.227  1.00 | 9.60e-01 2.53e-01 +0.293  0.91 | 2.1e+00 3.7e+00 1.761e+00
#746  1218   1 | 1.23e+00 4.35e-03 -0.185  1.00 | 9.89e-01 1.69e-01 +0.235  0.95 | 1.7e+00 4.5e+00 2.449e+00
#747  4685   1 | 1.32e+00 4.50e-03 +0.182  1.00 | 1.02e+00 2.28e-01 +0.300  0.92 | 2.1e+00 4.2e+00 2.687e+00
#748  4838   1 | 1.08e+00 1.20e-03 +0.038  1.00 | 1.03e+00 2.39e-01 +0.193  0.96 | 2.2e+00 3.7e+00 2.192e+00
#749  3155   1 | 1.10e+00 1.95e-03 -0.493  1.00 | 1.13e+00 1.97e-01 +0.294  0.93 | 2.1e+00 3.5e+00 2.410e+00
#750   660   1 | 5.45e-01 4.24e-03 +0.292  1.00 | 1.03e+00 1.37e-01 +0.217  0.96 | 1.6e+00 3.9e+00 1.312e+00
#751   400   1 | 1.04e+00 2.88e-03 +0.531  1.00 | 1.02e+00 1.30e-01 +0.154  0.98 | 1.7e+00 3.7e+00 2.101e+00
#752  1171   1 | 9.98e-01 3.10e-03 +0.137  1.00 | 9.45e-01 1.99e-01 +0.194  0.96 | 1.8e+00 4.3e+00 1.856e+00
#753  1935   1 | 1.66e+00 5.85e-04 +0.398  1.00 | 9.65e-01 2.41e-01 +0.232  0.95 | 2.1e+00 3.8e+00 3.620e+00
#754  1991   1 | 1.11e+00 2.43e-03 +0.956  1.00 | 9.80e-01 3.53e-01 +0.413  0.83 | 2.0e+00 4.2e+00 2.027e+00
#755  3633   1 | 1.29e+00 1.32e-03 -0.427  1.00 | 1.12e+00 2.81e-01 +0.253  0.94 | 2.4e+00 4.5e+00 2.851e+00
#756  3648   1 | 1.01e+00 2.41e-03 -0.327  1.00 | 1.08e+00 3.90e-01 +0.313  0.90 | 2.2e+00 3.5e+00 2.084e+00
#757  3545   1 | 1.18e+00 9.85e-04 +0.559  1.00 | 9.58e-01 1.60e-01 +0.020  1.02 | 2.3e+00 4.1e+00 2.325e+00
#758  2785   1 | 5.83e-01 1.51e-03 -0.094  1.00 | 1.05e+00 1.74e-01 +0.241  0.95 | 2.1e+00 3.7e+00 1.390e+00
#759  3752   1 | 9.54e-01 2.11e-03 +0.840  1.00 | 1.06e+00 4.01e-01 +0.376  0.86 | 2.3e+00 4.3e+00 1.879e+00
#760  2637   1 | 1.20e+00 1.07e-03 -0.735  1.00 | 9.11e-01 1.49e-01 +0.221  0.95 | 2.0e+00 3.8e+00 2.231e+00
#761  2601   1 | 5.15e-01 2.66e-03 +0.187  1.00 | 9.97e-01 3.15e-01 +0.211  0.97 | 2.1e+00 3.8e+00 1.226e+00
#762  3839   1 | 1.28e+00 1.85e-03 -0.687  1.00 | 1.01e+00 3.83e-01 +0.452  0.80 | 2.3e+00 4.7e+00 2.451e+00
#763  3426   1 | 4.99e-01 5.62e-04 -0.756  1.00 | 1.12e+00 3.13e-01 +0.339  0.89 | 2.4e+00 3.9e+00 1.358e+00
#764   325   1 | 1.08e+00 1.60e-03 +0.033  1.00 | 1.04e+00 8.18e-02 +0.138  0.98 | 1.7e+00 4.5e+00 2.237e+00
#765  2681   1 | 1.22e+00 4.74e-03 -0.277  1.00 | 1.10e+00 3.94e-01 +0.310  0.91 | 2.0e+00 4.7e+00 2.607e+00
#766   558   1 | 1.30e+00 1.96e-03 -0.100  1.00 | 9.27e-01 1.74e-01 +0.243  0.94 | 1.7e+00 4.5e+00 2.491e+00
#767   666   1 | 1.38e+00 2.20e-03 -0.335  1.00 | 1.03e+00 1.28e-01 +0.053  1.00 | 1.6e+00 3.7e+00 2.960e+00
#768  1602   1 | 9.99e-01 1.49e-03 -0.547  1.00 | 8.61e-01 1.42e-01 +0.181  0.97 | 1.7e+00 4.0e+00 1.716e+00
#769   901   1 | 6.24e-01 1.55e-03 +0.078  1.00 | 1.03e+00 1.24e-01 +0.085  0.99 | 1.7e+00 3.3e+00 1.441e+00
#770  1366   1 | 9.75e-01 1.94e-03 +0.046  1.00 | 1.04e+00 1.92e-01 +0.334  0.91 | 1.8e+00 4.5e+00 1.940e+00
#771   869   1 | 1.04e+00 1.39e-03 -0.280  1.00 | 8.36e-01 1.04e-01 +0.017  1.01 | 1.7e+00 3.0e+00 1.792e+00
#772    98   1 | 9.66e-01 1.61e-03 -0.196  1.00 | 1.03e+00 1.09e-01 +0.037  1.00 | 1.7e+00 4.2e+00 2.002e+00
#773  3839   1 | 1.02e+00 7.00e-04 +0.517  1.00 | 9.92e-01 2.76e-01 -0.023  1.09 | 2.4e+00 4.2e+00 2.106e+00
#774   155   1 | 1.11e+00 2.96e-03 +0.472  1.00 | 1.06e+00 1.68e-01 -0.192  1.09 | 1.7e+00 3.7e+00 2.442e+00
#775  3745   1 | 7.15e-01 3.25e-04 +0.514  1.00 | 1.00e+00 1.95e-01 +0.221  0.95 | 2.4e+00 3.3e+00 1.467e+00
#776  1196   1 | 9.57e-01 2.06e-03 -0.118  1.00 | 1.07e+00 1.41e-01 +0.075  1.00 | 1.7e+00 4.3e+00 2.069e+00
#777  3901   1 | 1.29e+00 2.20e-03 -0.036  1.00 | 1.09e+00 2.34e-01 +0.256  0.94 | 2.3e+00 4.1e+00 2.780e+00
#778  1648   1 | 9.07e-01 1.93e-03 +0.472  1.00 | 9.18e-01 1.78e-01 +0.188  0.96 | 1.7e+00 3.6e+00 1.634e+00
#779  2242   1 | 6.58e-01 1.25e-03 -0.282  1.00 | 1.07e+00 2.05e-01 +0.316  0.92 | 1.9e+00 3.4e+00 1.481e+00
#780  4893   1 | 1.11e+00 2.21e-03 +0.669  1.00 | 1.01e+00 3.34e-01 +0.345  0.88 | 2.2e+00 4.0e+00 2.129e+00
#781  4729   1 | 4.41e-01 1.17e-03 +0.154  1.00 | 1.00e+00 2.26e-01 +0.266  0.93 | 2.2e+00 3.7e+00 1.128e+00
#782  1044   1 | 5.69e-01 8.83e-04 +0.196  1.00 | 9.77e-01 2.30e-01 +0.125  1.00 | 1.7e+00 3.2e+00 1.275e+00
#783  2027   1 | 8.24e-01 1.44e-03 -0.554  1.00 | 1.01e+00 2.10e-01 +0.162  0.98 | 2.1e+00 3.7e+00 1.681e+00
#784  2522   1 | 8.93e-01 1.41e-03 -0.672  1.00 | 9.15e-01 2.50e-01 +0.165  0.98 | 2.0e+00 3.6e+00 1.624e+00
#785  4470   1 | 1.29e+00 2.32e-03 +0.430  1.00 | 1.08e+00 2.51e-01 +0.376  0.88 | 2.2e+00 4.1e+00 2.689e+00
#786  1626   1 | 1.31e+00 2.26e-03 +0.358  1.00 | 1.04e+00 1.96e-01 +0.187  0.96 | 1.7e+00 3.3e+00 2.742e+00
#787  2109   1 | 1.10e+00 1.89e-03 -0.912  1.00 | 1.08e+00 3.20e-01 +0.261  0.93 | 2.0e+00 3.3e+00 2.297e+00
#788  4474   1 | 7.00e-01 2.57e-03 +0.394  1.00 | 1.09e+00 1.92e-01 +0.219  0.95 | 2.3e+00 3.1e+00 1.617e+00
#789  4950   1 | 1.01e+00 2.61e-03 -0.732  1.00 | 1.07e+00 4.06e-01 +0.287  0.93 | 2.1e+00 3.6e+00 2.100e+00
#790  3837   1 | 1.32e+00 4.16e-04 -0.048  1.00 | 1.00e+00 3.21e-01 +0.122  1.02 | 2.1e+00 3.6e+00 2.775e+00
#791  3312   1 | 5.73e-01 2.35e-03 +0.330  1.00 | 1.04e+00 1.35e-01 +0.131  0.98 | 2.2e+00 3.7e+00 1.395e+00
#792   161   1 | 1.08e+00 2.40e-03 +0.359  1.00 | 9.93e-01 1.53e-01 +0.037  1.01 | 1.6e+00 4.4e+00 2.166e+00
#793   229   1 | 1.21e+00 2.95e-03 +0.508  1.00 | 1.05e+00 1.43e-01 +0.238  0.95 | 1.6e+00 3.5e+00 2.510e+00
#794  3742   1 | 8.54e-01 6.23e-04 -0.210  1.00 | 9.42e-01 2.82e-01 +0.203  0.97 | 2.3e+00 4.2e+00 1.589e+00
#795   425   1 | 9.69e-01 2.93e-03 -0.255  1.00 | 1.06e+00 2.04e-01 -0.041  1.05 | 1.7e+00 4.4e+00 2.120e+00
#796  3348   1 | 7.36e-01 1.29e-03 +0.270  1.00 | 9.46e-01 3.44e-01 +0.220  0.97 | 2.2e+00 4.0e+00 1.412e+00
#797  3211   1 | 1.10e+00 2.18e-03 -0.239  1.00 | 9.37e-01 1.84e-01 +0.109  1.00 | 2.2e+00 3.9e+00 2.087e+00
#798   935   1 | 8.53e-01 1.05e-03 +0.542  1.00 | 9.10e-01 1.33e-01 +0.064  1.00 | 1.4e+00 3.9e+00 1.556e+00
#799  3888   1 | 1.09e+00 2.10e-03 -0.248  1.00 | 9.70e-01 2.60e-01 +0.293  0.91 | 2.3e+00 4.1e+00 2.053e+00
#800  1806   1 | 1.11e+00 2.42e-03 +0.057  1.00 | 1.02e+00 2.45e-01 +0.250  0.94 | 1.9e+00 3.6e+00 2.194e+00
#801   866   1 | 9.71e-01 2.06e-03 -0.316  1.00 | 1.02e+00 1.16e-01 +0.005  1.01 | 1.4e+00 4.8e+00 1.993e+00
#802  2190   1 | 1.14e+00 3.52e-03 +0.130  1.00 | 9.75e-01 2.72e-01 +0.116  1.01 | 1.9e+00 3.7e+00 2.257e+00
#803   263   1 | 1.02e+00 1.45e-03 +0.686  1.00 | 1.13e+00 7.58e-02 -0.005  1.01 | 1.6e+00 4.6e+00 2.323e+00
#804   793   1 | 1.17e+00 1.45e-03 -0.153  1.00 | 1.17e+00 2.38e-01 +0.301  0.92 | 1.6e+00 4.5e+00 2.625e+00
#805  2463   1 | 1.15e+00 4.43e-03 -0.436  1.00 | 9.43e-01 2.22e-01 +0.089  1.01 | 2.2e+00 4.1e+00 2.217e+00
#806   155   1 | 1.08e+00 1.87e-03 +0.113  1.00 | 9.68e-01 1.19e-01 +0.131  0.98 | 1.5e+00 4.1e+00 2.096e+00
#807  3392   1 | 7.92e-01 2.70e-03 -0.452  1.00 | 9.59e-01 1.94e-01 +0.207  0.96 | 2.1e+00 3.5e+00 1.508e+00
#808  1651   1 | 1.11e+00 1.72e-03 +0.515  1.00 | 9.82e-01 1.08e-01 +0.007  1.01 | 1.6e+00 4.0e+00 2.197e+00
#809  3629   1 | 4.76e-01 1.05e-03 +0.390  1.00 | 9.87e-01 3.24e-01 +0.329  0.89 | 2.3e+00 4.6e+00 1.096e+00
#810  3739   1 | 1.13e+00 2.96e-03 -0.153  1.00 | 9.88e-01 2.63e-01 +0.131  1.00 | 2.5e+00 3.8e+00 2.249e+00
#811  1454   1 | 1.13e+00 1.63e-03 -0.623  1.00 | 1.05e+00 2.31e-01 +0.352  0.89 | 1.7e+00 3.5e+00 2.273e+00
#812   992   1 | 1.40e+00 2.28e-03 -0.199  1.00 | 1.01e+00 1.51e-01 -0.070  1.04 | 1.6e+00 3.8e+00 3.037e+00
#813   671   1 | 9.23e-01 2.20e-03 -0.129  1.00 | 9.51e-01 1.13e-01 +0.041  1.00 | 1.6e+00 4.3e+00 1.760e+00
#814  1612   1 | 4.70e-01 2.74e-03 -0.273  1.00 | 9.87e-01 9.25e-02 +0.305  0.95 | 1.8e+00 4.4e+00 1.149e+00
#815  1583   1 | 1.29e+00 1.52e-03 -0.215  1.00 | 9.27e-01 2.04e-01 +0.315  0.91 | 1.8e+00 3.7e+00 2.459e+00
#816   198   1 | 1.18e+00 2.02e-03 +0.094  1.00 | 9.58e-01 1.30e-01 +0.014  1.01 | 1.7e+00 3.2e+00 2.322e+00
#817   704   1 | 9.69e-01 1.81e-03 +0.176  1.00 | 1.06e+00 1.03e-01 +0.028  1.00 | 1.6e+00 4.0e+00 2.063e+00
#818  3301   1 | 1.23e+00 2.37e-03 -0.162  1.00 | 1.10e+00 3.50e-01 -0.066  1.14 | 2.4e+00 4.5e+00 2.897e+00
#819  4362   1 | 5.52e-01 1.21e-03 +0.053  1.00 | 1.04e+00 2.37e-01 +0.399  0.87 | 2.2e+00 3.4e+00 1.250e+00
#820  4539   1 | 1.35e+00 2.35e-03 +0.371  1.00 | 1.00e+00 3.20e-01 +0.092  1.04 | 2.2e+00 4.4e+00 2.868e+00
#821   280   1 | 9.57e-01 1.37e-03 -0.289  1.00 | 1.07e+00 8.84e-02 +0.094  0.99 | 1.6e+00 3.4e+00 2.061e+00
#822  4327   1 | 1.10e+00 3.04e-03 +0.724  1.00 | 9.80e-01 5.73e-01 +0.379  0.90 | 2.3e+00 4.7e+00 2.078e+00
#823  4217   1 | 6.58e-01 1.10e-03 -0.526  1.00 | 1.07e+00 2.99e-01 +0.044  1.05 | 2.3e+00 4.0e+00 1.639e+00
#824  1913   1 | 9.20e-01 9.05e-04 +0.048  1.00 | 9.51e-01 1.68e-01 +0.096  1.00 | 2.1e+00 3.5e+00 1.748e+00
#825  3557   1 | 9.71e-01 1.48e-03 +0.302  1.00 | 1.02e+00 2.21e-01 +0.121  0.99 | 2.6e+00 3.7e+00 1.972e+00
#826   443   1 | 4.94e-01 2.68e-03 +0.237  1.00 | 1.12e+00 2.20e-01 +0.156  0.98 | 1.6e+00 4.4e+00 1.464e+00
#827  2364   1 | 1.31e+00 1.93e-03 +0.049  1.00 | 1.01e+00 2.42e-01 +0.287  0.92 | 2.1e+00 4.4e+00 2.646e+00
#828  1870   1 | 1.11e+00 2.54e-03 +0.103  1.00 | 9.82e-01 9.51e-02 +0.022  1.01 | 1.9e+00 4.3e+00 2.191e+00
#829   293   1 | 1.21e+00 1.35e-03 -0.528  1.00 | 9.11e-01 1.09e-01 +0.137  0.98 | 1.5e+00 3.9e+00 2.276e+00
#830   818   1 | 1.23e+00 3.42e-03 -0.002  1.00 | 9.89e-01 1.45e-01 +0.201  0.96 | 1.6e+00 3.5e+00 2.462e+00
#831  1172   1 | 9.98e-01 5.54e-04 -0.536  1.00 | 8.61e-01 1.26e-01 +0.164  0.97 | 1.7e+00 2.7e+00 1.719e+00
#832  3095   1 | 1.19e+00 1.15e-03 +0.154  1.00 | 1.05e+00 2.24e-01 +0.167  0.97 | 2.4e+00 4.2e+00 2.491e+00
#833  3448   1 | 8.75e-01 2.05e-03 +0.072  1.00 | 9.10e-01 3.20e-01 +0.236  0.96 | 2.3e+00 3.5e+00 1.558e+00
#834  4821   1 | 9.60e-01 1.58e-03 +0.068  1.00 | 1.04e+00 2.72e-01 +0.297  0.91 | 2.3e+00 3.8e+00 1.914e+00
#835  4344   1 | 8.35e-01 1.09e-03 +0.444  1.00 | 9.42e-01 2.34e-01 +0.224  0.95 | 2.3e+00 4.1e+00 1.540e+00
#836  2104   1 | 1.08e+00 3.13e-03 +0.785  1.00 | 9.97e-01 2.80e-01 +0.258  0.93 | 2.1e+00 4.0e+00 2.079e+00
#837  2866   1 | 1.01e+00 6.08e-04 +0.251  1.00 | 9.45e-01 1.84e-01 +0.138  0.98 | 2.2e+00 4.6e+00 1.892e+00
#838  2152   1 | 1.06e+00 1.06e-03 -0.183  1.00 | 1.03e+00 1.88e-01 +0.135  0.98 | 2.1e+00 3.9e+00 2.178e+00
#839  2116   1 | 7.74e-01 2.43e-03 -0.500  1.00 | 9.59e-01 3.45e-01 +0.202  0.98 | 2.1e+00 4.8e+00 1.506e+00
#840  3115   1 | 1.07e+00 1.05e-03 +0.792  1.00 | 9.93e-01 3.89e-01 +0.199  1.00 | 2.2e+00 4.4e+00 2.133e+00
#841  2508   1 | 4.50e-01 1.84e-03 -0.586  1.00 | 1.00e+00 2.71e-01 +0.229  0.95 | 2.2e+00 4.7e+00 1.155e+00
#842  1883   1 | 9.08e-01 2.04e-03 +0.021  1.00 | 9.18e-01 2.74e-01 +0.199  0.97 | 2.1e+00 3.7e+00 1.640e+00
#843  4915   1 | 1.31e+00 1.28e-03 +0.515  1.00 | 1.02e+00 2.43e-01 +0.252  0.94 | 2.4e+00 4.1e+00 2.699e+00
#844  3551   1 | 1.05e+00 5.82e-04 -0.182  1.00 | 8.36e-01 2.39e-01 +0.330  0.89 | 2.7e+00 3.3e+00 1.737e+00
#845  2190   1 | 1.02e+00 8.41e-04 +0.313  1.00 | 1.13e+00 1.38e-01 +0.303  0.94 | 1.9e+00 3.6e+00 2.247e+00
#846  1272   1 | 7.05e-01 6.87e-04 +0.676  1.00 | 1.09e+00 1.48e-01 +0.058  1.00 | 1.8e+00 4.8e+00 1.683e+00
#847  2268   1 | 1.10e+00 2.08e-03 +0.633  1.00 | 1.08e+00 1.81e-01 +0.177  0.97 | 1.8e+00 4.3e+00 2.333e+00
#848   490   1 | 1.11e+00 1.15e-03 +0.413  1.00 | 1.06e+00 2.04e-01 -0.163  1.10 | 1.7e+00 3.5e+00 2.459e+00
#849  4134   1 | 6.34e-01 1.10e-03 -0.211  1.00 | 1.03e+00 2.69e-01 +0.246  0.94 | 2.2e+00 4.2e+00 1.397e+00
#850  4031   1 | 1.40e+00 3.04e-03 -0.371  1.00 | 1.03e+00 1.21e-01 +0.193  0.97 | 2.0e+00 3.6e+00 2.977e+00
#851   441   1 | 1.13e+00 1.90e-03 +0.700  1.00 | 1.05e+00 1.26e-01 +0.289  0.95 | 1.7e+00 4.2e+00 2.329e+00
#852  1375   1 | 1.12e+00 4.52e-04 +0.093  1.00 | 1.01e+00 2.00e-01 +0.182  0.97 | 1.8e+00 3.7e+00 2.238e+00
#853  1234   1 | 5.97e-01 2.40e-03 +0.283  1.00 | 1.08e+00 1.93e-01 +0.085  1.00 | 1.7e+00 4.3e+00 1.532e+00
#854   398   1 | 1.15e+00 1.09e-03 -0.185  1.00 | 9.43e-01 1.32e-01 +0.159  0.98 | 1.5e+00 3.9e+00 2.180e+00
#855   565   1 | 1.05e+00 1.17e-03 -0.012  1.00 | 1.08e+00 1.96e-01 +0.188  0.96 | 1.5e+00 4.0e+00 2.234e+00
#856  2216   1 | 5.50e-01 1.21e-03 +0.532  1.00 | 1.03e+00 1.09e-01 +0.183  0.97 | 1.7e+00 4.4e+00 1.331e+00
#857  1180   1 | 1.11e+00 6.89e-04 +0.299  1.00 | 1.02e+00 1.21e-01 +0.207  0.96 | 1.7e+00 2.9e+00 2.226e+00
#858  1352   1 | 1.29e+00 1.49e-03 +0.428  1.00 | 1.08e+00 1.88e-01 +0.086  1.00 | 1.7e+00 3.0e+00 2.832e+00
#859  3549   1 | 9.76e-01 1.80e-03 +0.516  1.00 | 9.60e-01 2.49e-01 +0.162  0.98 | 2.5e+00 3.3e+00 1.857e+00
#860  1433   1 | 1.65e+00 4.14e-03 -0.133  1.00 | 9.65e-01 1.80e-01 +0.071  1.01 | 1.6e+00 3.9e+00 3.677e+00
#861  1460   1 | 8.26e-01 2.33e-03 -0.353  1.00 | 9.54e-01 2.46e-01 +0.273  0.93 | 1.6e+00 4.4e+00 1.526e+00
#862  3652   1 | 9.09e-01 6.87e-04 +0.175  1.00 | 9.15e-01 1.84e-01 +0.182  0.97 | 2.4e+00 4.6e+00 1.636e+00
#863  4673   1 | 1.17e+00 3.39e-03 +0.175  1.00 | 1.17e+00 4.64e-01 +0.311  0.91 | 2.1e+00 4.1e+00 2.619e+00
#864  4037   1 | 1.31e+00 1.81e-03 -0.770  1.00 | 9.64e-01 2.91e-01 +0.408  0.84 | 2.0e+00 3.6e+00 2.497e+00
#865  3479   1 | 1.13e+00 1.73e-03 -0.672  1.00 | 9.88e-01 2.32e-01 +0.307  0.91 | 2.1e+00 3.7e+00 2.168e+00
#866  3111   1 | 9.59e-01 1.09e-03 +0.283  1.00 | 1.06e+00 3.31e-01 +0.343  0.88 | 2.1e+00 4.5e+00 1.918e+00
#867  3180   1 | 1.10e+00 2.72e-03 -0.694  1.00 | 1.13e+00 2.42e-01 +0.268  0.93 | 2.2e+00 3.3e+00 2.415e+00
#868   999   1 | 1.31e+00 1.36e-03 -0.538  1.00 | 1.09e+00 1.12e-01 +0.028  1.00 | 1.3e+00 4.3e+00 2.911e+00
#869   244   1 | 1.03e+00 2.44e-03 +0.020  1.00 | 9.92e-01 1.29e-01 +0.059  1.00 | 1.4e+00 3.1e+00 2.036e+00
#870   642   1 | 1.32e+00 1.82e-03 +0.665  1.00 | 1.12e+00 9.68e-02 +0.061  1.00 | 1.4e+00 3.5e+00 3.000e+00
#871  3212   1 | 1.41e+00 2.24e-03 -0.388  1.00 | 1.01e+00 2.34e-01 +0.161  0.98 | 2.2e+00 3.7e+00 2.985e+00
#872  3677   1 | 1.11e+00 1.16e-03 +0.263  1.00 | 9.75e-01 2.11e-01 +0.100  1.00 | 2.4e+00 3.9e+00 2.179e+00
#873    16   1 | 1.08e+00 1.72e-03 -0.368  1.00 | 1.04e+00 8.03e-02 +0.062  1.00 | 1.4e+00 3.1e+00 2.251e+00
#874  1874   1 | 5.70e-01 2.18e-03 +0.292  1.00 | 9.77e-01 9.14e-02 +0.139  0.98 | 1.9e+00 3.8e+00 1.263e+00
#875   277   1 | 1.09e+00 6.23e-04 -0.133  1.00 | 9.37e-01 7.97e-02 +0.020  1.00 | 1.4e+00 3.1e+00 2.064e+00
#876  3093   1 | 9.92e-01 6.40e-04 +0.781  1.00 | 1.07e+00 2.01e-01 +0.359  0.90 | 2.3e+00 3.2e+00 2.024e+00
#877  1820   1 | 8.23e-01 1.33e-03 +0.571  1.00 | 1.01e+00 1.18e-01 +0.169  0.97 | 1.9e+00 3.6e+00 1.676e+00
#878  1322   1 | 5.12e-01 2.53e-03 -0.498  1.00 | 9.97e-01 8.51e-02 +0.095  0.99 | 1.7e+00 3.9e+00 1.249e+00
#879  4964   1 | 7.23e-01 1.41e-03 +0.301  1.00 | 9.46e-01 1.35e-01 +0.325  0.93 | 2.1e+00 3.7e+00 1.352e+00
#880  2524   1 | 1.08e+00 8.82e-04 +0.446  1.00 | 9.70e-01 1.45e-01 +0.055  1.01 | 2.0e+00 3.4e+00 2.103e+00
#881  1073   1 | 5.78e-01 7.32e-04 -0.234  1.00 | 1.05e+00 7.82e-02 +0.205  0.98 | 1.5e+00 2.9e+00 1.415e+00
#882  2115   1 | 1.04e+00 1.18e-03 +0.737  1.00 | 1.02e+00 1.86e-01 +0.175  0.97 | 2.0e+00 3.7e+00 2.087e+00
#883  4132   1 | 7.06e-01 1.06e-03 -0.881  1.00 | 1.00e+00 1.85e-01 +0.274  0.93 | 2.3e+00 4.4e+00 1.436e+00
#884  3970   1 | 1.07e+00 8.98e-04 +0.138  1.00 | 9.68e-01 1.44e-01 +0.232  0.95 | 2.4e+00 3.4e+00 2.046e+00
#885  3450   1 | 1.29e+00 9.35e-04 +0.289  1.00 | 1.04e+00 2.01e-01 +0.237  0.95 | 2.2e+00 3.8e+00 2.689e+00
#886  3861   1 | 7.56e-01 7.04e-04 -0.046  1.00 | 9.49e-01 2.02e-01 +0.292  0.92 | 2.5e+00 3.8e+00 1.402e+00
#887  2800   1 | 9.61e-01 1.47e-03 +0.624  1.00 | 1.03e+00 1.91e-01 -0.026  1.04 | 2.2e+00 3.2e+00 2.033e+00
#888  2139   1 | 4.71e-01 9.60e-04 -0.346  1.00 | 9.87e-01 1.25e-01 +0.268  0.95 | 2.2e+00 4.9e+00 1.146e+00
#889  1415   1 | 8.22e-01 1.39e-03 -0.068  1.00 | 1.01e+00 1.16e-01 +0.150  0.98 | 1.7e+00 4.6e+00 1.680e+00
#890  2696   1 | 9.61e-01 1.86e-03 +0.969  1.00 | 1.03e+00 1.13e-01 +0.021  1.01 | 2.2e+00 3.7e+00 1.993e+00
#891  3551   1 | 9.92e-01 2.36e-03 +0.299  1.00 | 1.04e+00 2.25e-01 +0.267  0.93 | 2.9e+00 4.0e+00 1.995e+00
#892  2889   1 | 1.22e+00 2.07e-03 +0.386  1.00 | 9.89e-01 1.75e-01 +0.262  0.94 | 2.2e+00 3.6e+00 2.409e+00
#893  4887   1 | 1.14e+00 7.29e-04 -0.537  1.00 | 1.13e+00 2.57e-01 +0.463  0.84 | 2.5e+00 3.0e+00 2.390e+00
#894  2319   1 | 1.06e+00 2.79e-03 +0.765  1.00 | 1.03e+00 8.06e-02 +0.135  0.99 | 2.0e+00 3.9e+00 2.172e+00
#895  2928   1 | 1.14e+00 7.16e-04 +0.174  1.00 | 9.43e-01 2.53e-01 +0.244  0.94 | 2.4e+00 3.7e+00 2.144e+00
#896   278   1 | 1.29e+00 5.17e-03 +0.415  1.00 | 9.64e-01 1.60e-01 +0.216  0.96 | 1.7e+00 5.5e+00 2.560e+00
#897  3533   1 | 8.77e-01 2.49e-03 +0.161  1.00 | 9.10e-01 3.20e-01 +0.213  0.97 | 2.6e+00 3.8e+00 1.575e+00
#898  1415   1 | 1.02e+00 2.88e-03 -0.292  1.00 | 9.92e-01 1.84e-01 +0.119  0.99 | 1.8e+00 3.7e+00 2.025e+00
#899  3913   1 | 1.08e+00 1.42e-03 -0.293  1.00 | 1.02e+00 3.28e-01 +0.381  0.86 | 2.7e+00 4.2e+00 2.060e+00
#900  3398   1 | 1.39e+00 2.08e-03 +0.151  1.00 | 1.03e+00 3.27e-01 +0.171  0.99 | 2.9e+00 4.1e+00 2.983e+00
#901   301   1 | 7.04e-01 1.99e-03 -0.033  1.00 | 1.09e+00 1.30e-01 +0.139  0.98 | 1.7e+00 3.7e+00 1.657e+00
#902  1003   1 | 1.08e+00 2.68e-03 +0.183  1.00 | 9.93e-01 2.41e-01 +0.006  1.06 | 1.2e+00 4.1e+00 2.208e+00
#903  4894   1 | 1.03e+00 3.21e-03 -0.704  1.00 | 8.36e-01 2.42e-01 +0.473  0.81 | 2.5e+00 4.7e+00 1.628e+00
#904  2589   1 | 6.06e-01 4.70e-03 +0.426  0.99 | 1.08e+00 2.11e-01 +0.129  0.99 | 2.5e+00 4.2e+00 1.525e+00
#905  2935   1 | 1.08e+00 7.57e-04 -0.234  1.00 | 9.68e-01 1.44e-01 +0.265  0.94 | 2.2e+00 3.4e+00 2.046e+00
#906    70   1 | 5.45e-01 1.34e-03 +0.444  1.00 | 1.03e+00 1.08e-01 +0.179  0.97 | 1.8e+00 3.8e+00 1.327e+00
#907  4745   1 | 7.28e-01 1.03e-03 +0.429  1.00 | 9.49e-01 2.37e-01 +0.368  0.88 | 2.5e+00 4.3e+00 1.321e+00
#908  4312   1 | 4.45e-01 2.90e-03 -0.439  1.01 | 1.00e+00 3.21e-01 +0.296  0.91 | 2.4e+00 3.8e+00 1.115e+00
#909  1212   1 | 1.00e+00 6.49e-04 -0.051  1.00 | 1.07e+00 2.08e-01 +0.217  0.95 | 1.9e+00 4.1e+00 2.106e+00
#910  4760   1 | 1.05e+00 3.15e-03 +0.407  1.00 | 1.02e+00 3.23e-01 +0.377  0.86 | 2.7e+00 3.1e+00 2.002e+00
#911  3165   1 | 1.32e+00 6.71e-04 +0.484  1.00 | 1.02e+00 2.10e-01 +0.302  0.92 | 2.6e+00 4.0e+00 2.691e+00
#912  2449   1 | 1.12e+00 1.88e-03 +0.578  1.00 | 1.01e+00 2.82e-01 +0.242  0.94 | 2.4e+00 3.9e+00 2.215e+00
#913  4642   1 | 6.13e-01 2.43e-03 -0.070  1.00 | 1.03e+00 2.42e-01 +0.387  0.87 | 2.8e+00 4.5e+00 1.301e+00
#914  4538   1 | 6.96e-01 5.21e-03 -0.252  1.00 | 1.00e+00 1.46e-01 +0.192  0.97 | 2.5e+00 4.0e+00 1.456e+00
#915   963   1 | 1.14e+00 3.03e-03 +0.483  1.00 | 9.88e-01 7.53e-02 -0.098  1.02 | 1.6e+00 4.3e+00 2.296e+00
#916  1126   1 | 1.40e+00 1.91e-03 +0.104  1.00 | 1.01e+00 8.14e-02 +0.019  1.00 | 1.9e+00 3.9e+00 2.994e+00
#917  1489   1 | 1.11e+00 1.39e-03 -0.197  1.00 | 9.80e-01 7.77e-02 +0.317  0.96 | 1.8e+00 3.9e+00 2.156e+00
#918  1567   1 | 8.25e-01 4.05e-03 +0.098  1.00 | 9.42e-01 1.18e-01 +0.104  0.99 | 1.7e+00 3.8e+00 1.557e+00
#919   712   1 | 1.32e+00 1.76e-03 +0.410  1.00 | 1.12e+00 1.03e-01 +0.099  0.99 | 1.7e+00 3.9e+00 2.992e+00
#920    44   1 | 9.23e-01 2.05e-03 -0.264  1.00 | 9.51e-01 1.08e-01 -0.000  1.01 | 1.9e+00 3.1e+00 1.768e+00
#921  2232   1 | 1.00e+00 6.33e-04 -0.625  1.00 | 9.45e-01 1.68e-01 +0.214  0.96 | 2.0e+00 4.3e+00 1.857e+00
#922  2468   1 | 1.18e+00 1.91e-03 -0.255  1.00 | 9.58e-01 1.68e-01 +0.025  1.02 | 2.4e+00 4.2e+00 2.328e+00
#923  3584   1 | 1.18e+00 8.68e-04 -0.799  1.00 | 9.11e-01 2.07e-01 +0.046  1.03 | 2.9e+00 3.5e+00 2.243e+00
#924  1240   1 | 1.11e+00 2.59e-03 +0.783  1.00 | 9.82e-01 1.02e-01 +0.086  0.99 | 1.9e+00 3.7e+00 2.181e+00
#925   388   1 | 7.71e-01 5.67e-03 -0.387  1.01 | 9.59e-01 1.54e-01 +0.127  0.98 | 1.7e+00 3.9e+00 1.503e+00
#926  1875   1 | 9.63e-01 1.08e-03 +0.171  1.00 | 1.06e+00 4.00e-01 +0.289  0.92 | 2.2e+00 3.4e+00 1.973e+00
#927  4464   1 | 9.56e-01 4.26e-03 +0.301  1.00 | 1.07e+00 2.45e-01 +0.320  0.91 | 2.5e+00 4.6e+00 1.958e+00
#928  3801   1 | 5.81e-01 1.57e-03 +0.073  1.00 | 1.04e+00 3.64e-01 +0.239  0.96 | 2.9e+00 4.2e+00 1.375e+00
#929  1224   1 | 1.30e+00 3.41e-03 +0.801  1.00 | 9.27e-01 2.45e-01 +0.211  0.96 | 1.9e+00 3.8e+00 2.494e+00
#930  2970   1 | 1.07e+00 8.03e-04 +0.201  1.00 | 1.04e+00 1.70e-01 +0.326  0.92 | 2.3e+00 3.5e+00 2.130e+00
#931  2979   1 | 1.30e+00 1.64e-03 +0.363  1.00 | 1.04e+00 2.47e-01 +0.190  0.97 | 2.4e+00 3.3e+00 2.726e+00
#932  4988   1 | 1.22e+00 5.43e-03 -0.530  1.00 | 1.10e+00 2.57e-01 +0.332  0.90 | 2.6e+00 4.3e+00 2.582e+00
#933  4800   1 | 1.07e+00 1.34e-03 +0.272  1.00 | 9.37e-01 2.41e-01 +0.370  0.88 | 2.7e+00 3.4e+00 1.922e+00
#934  4514   1 | 1.29e+00 2.73e-03 +0.566  1.00 | 1.08e+00 3.11e-01 +0.264  0.93 | 2.5e+00 3.5e+00 2.754e+00
#935  1485   1 | 1.31e+00 1.82e-03 +0.638  1.00 | 1.01e+00 1.23e-01 +0.072  1.00 | 1.7e+00 3.6e+00 2.736e+00
#936  4924   1 | 7.23e-01 4.03e-04 +0.212  1.00 | 9.46e-01 2.07e-01 +0.267  0.93 | 2.6e+00 3.3e+00 1.356e+00
#937  2375   1 | 9.71e-01 2.22e-03 +0.517  1.00 | 1.02e+00 2.14e-01 +0.059  1.02 | 2.2e+00 5.0e+00 1.997e+00
#938  4854   1 | 1.17e+00 9.50e-04 -0.527  1.00 | 9.75e-01 2.77e-01 +0.286  0.92 | 2.6e+00 3.0e+00 2.233e+00
#939   842   1 | 5.69e-01 3.52e-03 -0.292  1.00 | 9.77e-01 1.30e-01 +0.099  0.99 | 1.5e+00 3.5e+00 1.272e+00
#940   551   1 | 1.07e+00 1.97e-03 -0.177  1.00 | 9.70e-01 1.32e-01 -0.073  1.04 | 1.7e+00 3.5e+00 2.125e+00
#941   365   1 | 9.98e-01 2.27e-03 -0.105  1.00 | 8.61e-01 1.74e-01 +0.129  0.99 | 2.0e+00 4.2e+00 1.730e+00
#942  1275   1 | 1.10e+00 3.07e-03 -0.191  1.00 | 1.08e+00 2.04e-01 +0.156  0.98 | 2.0e+00 4.3e+00 2.346e+00
#943  3003   1 | 1.34e+00 1.96e-03 -0.085  1.00 | 1.00e+00 1.85e-01 +0.182  0.97 | 2.1e+00 4.2e+00 2.756e+00
#944  2294   1 | 1.30e+00 1.24e-03 -0.828  1.00 | 1.09e+00 2.31e-01 +0.169  0.97 | 2.2e+00 4.2e+00 2.866e+00
#945  4694   1 | 1.08e+00 3.21e-03 +0.804  1.00 | 9.97e-01 3.27e-01 +0.345  0.88 | 2.5e+00 4.4e+00 2.043e+00
#946  3826   1 | 1.12e+00 1.89e-03 -0.423  1.00 | 1.06e+00 3.29e-01 +0.223  0.96 | 2.6e+00 3.5e+00 2.338e+00
#947  3068   1 | 1.17e+00 2.63e-03 +0.122  1.00 | 1.17e+00 3.15e-01 +0.266  0.93 | 2.4e+00 4.2e+00 2.632e+00
#948  1941   1 | 8.90e-01 2.18e-03 -0.573  1.00 | 9.15e-01 1.67e-01 +0.219  0.95 | 2.1e+00 3.7e+00 1.593e+00
#949  2873   1 | 9.77e-01 1.57e-03 +0.583  1.00 | 1.06e+00 2.36e-01 +0.148  0.98 | 2.5e+00 4.5e+00 2.054e+00
#950  4308   1 | 4.94e-01 4.53e-03 +0.078  1.00 | 1.12e+00 2.87e-01 +0.337  0.89 | 2.6e+00 4.4e+00 1.358e+00
#951  1410   1 | 5.13e-01 2.87e-03 +0.374  1.00 | 9.97e-01 8.91e-02 +0.180  0.98 | 1.8e+00 4.0e+00 1.232e+00
#952  1661   1 | 1.13e+00 1.40e-03 +0.543  1.00 | 1.05e+00 1.34e-01 +0.338  0.93 | 1.8e+00 3.4e+00 2.308e+00
#953  3529   1 | 1.03e+00 1.26e-03 -0.645  1.00 | 1.13e+00 2.58e-01 -0.025  1.06 | 2.6e+00 4.0e+00 2.436e+00
#954  4136   1 | 9.08e-01 3.17e-03 +0.170  1.00 | 9.18e-01 2.92e-01 +0.313  0.90 | 2.7e+00 3.9e+00 1.583e+00
#955  1758   1 | 5.79e-01 2.46e-03 +0.367  1.00 | 1.05e+00 1.31e-01 +0.288  0.94 | 1.8e+00 3.6e+00 1.380e+00
#956  2092   1 | 1.66e+00 8.50e-04 -0.308  1.00 | 9.65e-01 1.54e-01 +0.267  0.94 | 2.5e+00 3.2e+00 3.617e+00
#957  2258   1 | 6.58e-01 1.01e-03 -0.075  1.00 | 1.07e+00 3.10e-01 +0.326  0.89 | 2.1e+00 4.2e+00 1.457e+00
#958  1132   1 | 1.05e+00 2.30e-03 +0.283  1.00 | 1.08e+00 2.18e-01 +0.221  0.95 | 1.9e+00 4.1e+00 2.216e+00
#959  1492   1 | 1.20e+00 9.93e-04 -0.722  1.00 | 1.05e+00 1.06e-01 +0.221  0.97 | 1.7e+00 3.4e+00 2.525e+00
#960  3117   1 | 8.36e-01 2.97e-03 +0.261  1.00 | 9.54e-01 4.08e-01 +0.363  0.87 | 2.4e+00 4.8e+00 1.491e+00
#961  1552   1 | 9.61e-01 2.61e-03 +0.649  1.00 | 9.60e-01 2.01e-01 +0.180  0.97 | 1.8e+00 4.4e+00 1.812e+00
#962   725   1 | 9.65e-01 3.39e-03 -0.536  1.00 | 1.06e+00 1.62e-01 +0.332  0.92 | 1.4e+00 4.0e+00 1.978e+00
#963  2109   1 | 9.99e-01 2.33e-03 -0.255  1.00 | 8.61e-01 1.70e-01 +0.190  0.96 | 2.3e+00 3.4e+00 1.714e+00
#964   973   1 | 8.21e-01 1.15e-03 +0.186  1.00 | 1.01e+00 9.97e-02 +0.120  0.99 | 1.5e+00 3.0e+00 1.686e+00
#965   592   1 | 5.53e-01 1.56e-03 -0.359  1.00 | 1.04e+00 9.98e-02 +0.016  1.01 | 1.8e+00 3.5e+00 1.399e+00
#966   350   1 | 8.89e-01 2.16e-03 +0.035  1.00 | 9.15e-01 1.17e-01 -0.022  1.02 | 1.8e+00 4.3e+00 1.645e+00
#967   113   1 | 9.57e-01 1.21e-03 -0.502  1.00 | 1.07e+00 9.14e-02 +0.104  0.99 | 2.0e+00 3.3e+00 2.060e+00
#968  1907   1 | 5.80e-01 2.30e-03 -0.151  1.00 | 1.05e+00 2.29e-01 +0.271  0.93 | 2.2e+00 3.5e+00 1.366e+00
#969  1061   1 | 1.10e+00 2.60e-03 +0.464  1.00 | 1.08e+00 1.13e-01 +0.178  0.97 | 1.5e+00 3.6e+00 2.338e+00
#970  3653   1 | 1.07e+00 3.12e-03 -0.579  1.00 | 9.93e-01 2.33e-01 +0.253  0.94 | 2.9e+00 4.1e+00 2.064e+00
#971  1671   1 | 4.47e-01 5.66e-04 -0.044  1.00 | 1.00e+00 1.32e-01 +0.252  0.95 | 1.8e+00 2.9e+00 1.154e+00
#972  3796   1 | 8.84e-01 2.17e-03 -0.192  1.00 | 9.10e-01 3.69e-01 +0.260  0.95 | 3.0e+00 3.9e+00 1.572e+00
#973    99   1 | 1.05e+00 2.21e-03 -0.247  1.00 | 1.08e+00 2.38e-01 +0.205  0.96 | 1.5e+00 3.6e+00 2.228e+00
#974  3246   1 | 1.18e+00 7.49e-04 -0.396  1.00 | 1.05e+00 2.38e-01 +0.303  0.91 | 2.5e+00 3.1e+00 2.417e+00
#975  3760   1 | 1.07e+00 3.43e-04 -0.296  1.00 | 9.82e-01 3.43e-01 +0.246  0.95 | 2.8e+00 3.8e+00 2.055e+00
#976  3405   1 | 1.33e+00 4.48e-04 +0.142  1.00 | 1.00e+00 3.71e-01 +0.290  0.92 | 2.9e+00 4.0e+00 2.692e+00
#977   135   1 | 1.32e+00 2.15e-03 -0.426  1.00 | 1.02e+00 1.26e-01 +0.039  1.01 | 1.7e+00 4.6e+00 2.786e+00
#978  4091   1 | 1.42e+00 4.89e-03 -0.141  1.00 | 1.01e+00 2.58e-01 +0.126  1.00 | 2.7e+00 4.7e+00 3.030e+00
#979  2297   1 | 1.66e+00 2.45e-03 -0.232  1.00 | 9.65e-01 2.21e-01 +0.315  0.91 | 2.3e+00 3.6e+00 3.590e+00
#980    12   1 | 9.61e-01 2.73e-03 +0.559  1.00 | 9.60e-01 1.61e-01 +0.143  0.98 | 1.8e+00 4.0e+00 1.823e+00
#981   974   1 | 1.31e+00 1.68e-03 +0.872  1.00 | 1.01e+00 1.27e-01 +0.051  1.00 | 1.5e+00 4.0e+00 2.743e+00
#982   848   1 | 1.02e+00 2.46e-03 +0.294  1.00 | 1.13e+00 8.77e-02 +0.040  1.00 | 1.6e+00 3.8e+00 2.316e+00
#983  3235   1 | 1.17e+00 2.36e-03 +0.267  1.00 | 1.17e+00 4.81e-01 +0.322  0.90 | 2.5e+00 4.5e+00 2.596e+00
#984   807   1 | 1.08e+00 1.23e-03 -0.084  1.00 | 1.04e+00 9.27e-02 +0.120  0.99 | 1.6e+00 3.5e+00 2.239e+00
#985  4990   1 | 1.12e+00 1.57e-03 -0.261  1.00 | 1.02e+00 2.06e-01 +0.467  0.85 | 2.5e+00 4.2e+00 2.147e+00
#986  2021   1 | 4.71e-01 2.05e-03 +0.110  1.00 | 9.87e-01 1.45e-01 +0.290  0.94 | 2.2e+00 4.0e+00 1.134e+00
#987   759   1 | 1.09e+00 4.67e-04 +0.318  1.00 | 9.37e-01 8.40e-02 +0.033  1.00 | 1.5e+00 2.7e+00 2.062e+00
#988  2988   1 | 1.18e+00 2.06e-03 -0.448  1.00 | 9.58e-01 1.44e-01 +0.009  1.02 | 2.2e+00 3.6e+00 2.327e+00
#989  4722   1 | 9.71e-01 1.50e-03 -0.840  1.00 | 1.03e+00 2.71e-01 +0.335  0.89 | 2.5e+00 4.7e+00 1.896e+00
#990   145   1 | 7.01e-01 2.01e-03 +0.021  1.00 | 1.00e+00 1.25e-01 +0.021  1.01 | 1.7e+00 4.2e+00 1.506e+00
#991  2163   1 | 7.30e-01 6.59e-04 -0.351  1.00 | 9.46e-01 1.97e-01 +0.125  0.99 | 2.4e+00 4.4e+00 1.420e+00
#992  1613   1 | 9.75e-01 2.80e-03 +0.570  1.00 | 1.04e+00 1.49e-01 +0.351  0.92 | 1.8e+00 4.2e+00 1.948e+00
#993  1648   1 | 9.21e-01 2.13e-03 -0.198  1.00 | 9.51e-01 1.10e-01 +0.029  1.01 | 1.7e+00 3.6e+00 1.760e+00
#994  4065   1 | 9.94e-01 2.26e-03 +0.384  1.00 | 1.06e+00 2.23e-01 +0.346  0.90 | 2.5e+00 3.6e+00 1.992e+00
#995  1596   1 | 1.14e+00 2.13e-03 +0.594  1.00 | 9.88e-01 8.60e-02 -0.088  1.02 | 1.7e+00 4.1e+00 2.296e+00
#996  4978   1 | 4.92e-01 2.54e-03 +0.039  1.00 | 1.12e+00 3.04e-01 +0.497  0.80 | 2.5e+00 4.5e+00 1.245e+00
#997  3902   1 | 1.08e+00 8.00e-04 +0.646  1.00 | 9.80e-01 2.22e-01 +0.092  1.01 | 2.8e+00 5.4e+00 2.143e+00
#998  3672   1 | 1.05e+00 6.29e-04 -0.592  1.00 | 1.03e+00 2.08e-01 -0.019  1.05 | 3.0e+00 4.1e+00 2.205e+00
#999  4161   1 | 1.29e+00 2.31e-03 +0.205  1.00 | 1.09e+00 3.14e-01 +0.246  0.94 | 2.6e+00 4.1e+00 2.804e+00
#1000  4344   1 | 9.81e-01 1.96e-03 +0.507  1.00 | 1.02e+00 3.15e-01 +0.267  0.93 | 2.5e+00 3.7e+00 1.924e+00
#1001  4226   1 | 1.11e+00 2.31e-03 -0.184  1.00 | 1.05e+00 2.65e-01 +0.418  0.85 | 2.5e+00 3.5e+00 2.172e+00
#1002  4861   1 | 1.34e+00 1.60e-03 +0.081  1.00 | 1.12e+00 2.86e-01 +0.446  0.84 | 2.5e+00 4.3e+00 2.851e+00
#1003  2439   1 | 1.04e+00 2.02e-03 -0.711  1.00 | 8.36e-01 1.72e-01 +0.326  0.91 | 2.2e+00 4.5e+00 1.728e+00
#1004  4770   1 | 6.88e-01 3.08e-03 -0.255  1.00 | 1.09e+00 2.10e-01 +0.300  0.92 | 2.7e+00 4.1e+00 1.564e+00
#1005   358   1 | 1.12e+00 3.43e-03 -0.539  1.00 | 1.13e+00 9.03e-02 +0.049  1.00 | 1.8e+00 3.7e+00 2.547e+00
#1006  4206   1 | 1.14e+00 1.55e-03 -0.405  1.00 | 9.43e-01 2.21e-01 +0.325  0.90 | 2.5e+00 4.3e+00 2.103e+00
#1007   486   1 | 1.30e+00 9.43e-04 -0.616  1.00 | 9.27e-01 2.43e-01 +0.206  0.96 | 1.9e+00 3.5e+00 2.506e+00
#1008  2357   1 | 1.02e+00 4.86e-03 -0.736  1.01 | 9.92e-01 3.18e-01 +0.155  1.00 | 2.1e+00 3.6e+00 2.040e+00
#1009  2027   1 | 1.04e+00 6.79e-03 +0.882  0.99 | 1.02e+00 3.79e-01 +0.232  0.97 | 2.3e+00 4.4e+00 2.073e+00
#1010  4372   1 | 1.00e+00 3.68e-03 -0.439  1.00 | 1.07e+00 4.89e-01 +0.325  0.91 | 2.3e+00 4.3e+00 2.062e+00
#1011  1764   1 | 8.25e-01 1.42e-03 +0.128  1.00 | 9.42e-01 1.14e-01 +0.155  0.98 | 1.8e+00 4.9e+00 1.548e+00
#1012  2012   1 | 1.29e+00 1.98e-03 -0.856  1.00 | 1.08e+00 2.16e-01 +0.152  0.98 | 2.1e+00 3.7e+00 2.807e+00
#1013   727   1 | 5.46e-01 6.49e-03 +0.537  0.99 | 1.03e+00 1.53e-01 +0.186  0.97 | 1.1e+00 4.0e+00 1.317e+00
#1014  1152   1 | 1.11e+00 1.86e-03 -0.293  1.00 | 1.06e+00 1.12e-01 -0.051  1.02 | 1.8e+00 3.3e+00 2.373e+00
#1015  4106   1 | 1.39e+00 1.26e-03 -0.102  1.00 | 1.03e+00 8.42e-02 +0.124  0.99 | 2.6e+00 3.3e+00 2.987e+00
#1016   385   1 | 6.58e-01 7.30e-04 +0.667  1.00 | 1.07e+00 2.02e-01 +0.309  0.92 | 1.7e+00 4.1e+00 1.484e+00
#1017  4076   1 | 8.02e-01 2.95e-03 -0.328  1.00 | 9.59e-01 4.22e-01 +0.255  0.97 | 2.4e+00 4.9e+00 1.536e+00
#1018  1408   1 | 7.38e-01 1.47e-03 -0.721  1.00 | 9.49e-01 1.33e-01 +0.107  0.99 | 1.9e+00 4.4e+00 1.439e+00
#1019  4427   1 | 6.20e-01 9.92e-04 +0.407  1.00 | 1.03e+00 3.71e-01 +0.392  0.85 | 2.5e+00 3.5e+00 1.281e+00
#1020  4516   1 | 1.13e+00 1.93e-03 -0.196  1.00 | 1.01e+00 2.08e-01 +0.258  0.94 | 2.3e+00 4.2e+00 2.216e+00
#1021   407   1 | 1.31e+00 2.08e-03 -0.078  1.00 | 1.04e+00 1.25e-01 +0.083  0.99 | 1.5e+00 4.3e+00 2.781e+00
#1022  3562   1 | 1.21e+00 3.28e-03 +0.317  1.00 | 9.89e-01 5.25e-01 +0.222  1.05 | 2.6e+00 4.5e+00 2.479e+00
#1023  4674   1 | 5.07e-01 2.27e-03 -0.008  1.00 | 9.97e-01 2.60e-01 +0.289  0.92 | 2.5e+00 3.5e+00 1.169e+00
#1024   652   1 | 9.07e-01 1.57e-03 +0.187  1.00 | 9.18e-01 2.00e-01 +0.156  0.98 | 1.5e+00 4.4e+00 1.647e+00
#1025  4488   1 | 1.14e+00 4.19e-03 +0.200  1.00 | 9.75e-01 2.42e-01 +0.382  0.87 | 2.3e+00 3.7e+00 2.128e+00
#1026  1256   1 | 1.22e+00 4.27e-03 -0.113  1.00 | 1.10e+00 1.34e-01 +0.205  0.97 | 1.7e+00 4.5e+00 2.673e+00
#1027  2810   1 | 1.20e+00 3.07e-03 -0.270  1.00 | 9.11e-01 1.93e-01 +0.150  0.98 | 2.2e+00 5.4e+00 2.247e+00
#1028  1069   1 | 9.98e-01 1.23e-03 -0.172  1.00 | 9.45e-01 1.68e-01 +0.211  0.96 | 1.7e+00 3.3e+00 1.852e+00
#1029  2687   1 | 1.08e+00 2.50e-03 -0.000  1.00 | 9.68e-01 2.18e-01 +0.210  0.96 | 2.2e+00 3.7e+00 2.061e+00
#1030   548   1 | 5.96e-01 1.32e-03 +0.082  1.00 | 1.08e+00 1.11e-01 +0.055  1.00 | 1.5e+00 3.4e+00 1.529e+00
#1031   283   1 | 1.07e+00 1.41e-03 +0.030  1.00 | 9.70e-01 1.04e-01 -0.012  1.01 | 1.6e+00 3.8e+00 2.101e+00
#1032  3412   1 | 1.07e+00 3.72e-03 +0.239  1.00 | 9.97e-01 5.50e-01 +0.198  1.09 | 2.7e+00 5.1e+00 2.219e+00
#1033  4929   1 | 5.62e-01 3.99e-03 +0.027  1.00 | 9.77e-01 3.20e-01 +0.383  0.86 | 2.4e+00 3.8e+00 1.133e+00
#1034   915   1 | 1.29e+00 1.55e-03 +0.848  1.00 | 9.64e-01 2.28e-01 +0.252  0.94 | 1.5e+00 3.5e+00 2.544e+00
#1035  1436   1 | 8.26e-01 1.73e-03 +0.338  1.00 | 9.54e-01 2.25e-01 +0.280  0.92 | 1.3e+00 4.5e+00 1.522e+00
#1036  2175   1 | 1.31e+00 2.04e-03 -0.588  1.00 | 1.04e+00 1.99e-01 +0.224  0.95 | 2.3e+00 4.2e+00 2.728e+00
#1037   825   1 | 1.08e+00 6.56e-04 +0.393  1.00 | 9.97e-01 1.33e-01 +0.191  0.97 | 1.7e+00 3.4e+00 2.121e+00
#1038  2895   1 | 1.11e+00 9.77e-04 +0.403  1.00 | 1.06e+00 2.22e-01 +0.204  0.96 | 2.2e+00 3.5e+00 2.310e+00
#1039   734   1 | 1.10e+00 7.71e-04 -0.713  1.00 | 1.08e+00 1.15e-01 +0.142  0.98 | 1.3e+00 3.8e+00 2.351e+00
#1040  3720   1 | 8.83e-01 1.74e-03 -0.177  1.00 | 9.51e-01 1.95e-01 +0.258  0.94 | 2.8e+00 3.4e+00 1.627e+00
#1041  2577   1 | 8.60e-01 9.31e-04 +0.364  1.00 | 9.10e-01 2.76e-01 +0.116  1.02 | 2.5e+00 3.6e+00 1.584e+00
#1042  4068   1 | 5.84e-01 1.72e-03 +0.512  1.00 | 1.05e+00 1.32e-01 +0.195  0.97 | 2.5e+00 3.9e+00 1.411e+00
#1043  4258   1 | 1.10e+00 1.49e-03 +0.803  1.00 | 9.80e-01 3.30e-01 +0.396  0.85 | 2.2e+00 4.1e+00 2.018e+00
#1044   863   1 | 1.40e+00 1.67e-03 +0.584  1.00 | 1.01e+00 1.49e-01 -0.087  1.05 | 1.3e+00 3.9e+00 3.037e+00
#1045  1672   1 | 7.02e-01 1.70e-03 +0.410  1.00 | 1.00e+00 1.24e-01 +0.145  0.98 | 1.6e+00 4.1e+00 1.476e+00
#1046  4137   1 | 1.29e+00 4.54e-04 -0.130  1.00 | 1.09e+00 1.84e-01 +0.258  0.94 | 2.5e+00 3.7e+00 2.802e+00
#1047   327   1 | 1.05e+00 2.59e-03 -0.358  1.00 | 1.08e+00 1.72e-01 +0.202  0.96 | 1.5e+00 3.7e+00 2.233e+00
#1048  4969   1 | 1.09e+00 2.51e-03 -0.313  1.00 | 9.68e-01 1.87e-01 +0.361  0.90 | 2.3e+00 3.4e+00 2.027e+00
#1049  4228   1 | 5.70e-01 1.08e-03 +0.638  1.00 | 9.77e-01 3.08e-01 +0.427  0.83 | 2.3e+00 3.5e+00 1.117e+00
#1050  3607   1 | 1.02e+00 9.59e-04 +0.049  1.00 | 9.45e-01 2.25e-01 +0.247  0.94 | 2.6e+00 3.6e+00 1.877e+00
#1051  4464   1 | 9.78e-01 2.37e-03 +0.425  1.00 | 1.04e+00 1.87e-01 +0.205  0.96 | 2.3e+00 3.9e+00 1.997e+00
#1052  4608   1 | 8.84e-01 8.29e-04 +0.652  1.00 | 9.15e-01 1.71e-01 +0.062  1.01 | 2.7e+00 3.9e+00 1.627e+00
#1053  1461   1 | 1.00e+00 2.27e-03 +0.534  1.00 | 1.07e+00 1.64e-01 +0.200  0.96 | 1.5e+00 3.3e+00 2.112e+00
#1054  3598   1 | 9.88e-01 2.46e-03 +0.559  1.00 | 1.06e+00 1.91e-01 +0.254  0.94 | 2.4e+00 4.6e+00 2.026e+00
#1055  2578   1 | 1.29e+00 4.05e-03 +0.674  1.00 | 9.27e-01 2.52e-01 +0.310  0.91 | 2.3e+00 4.1e+00 2.443e+00
#1056  3680   1 | 9.79e-01 8.40e-04 +0.356  1.00 | 9.60e-01 1.95e-01 +0.140  0.98 | 2.5e+00 3.7e+00 1.865e+00
#1057  1128   1 | 1.07e+00 2.56e-03 +0.340  1.00 | 9.70e-01 7.97e-02 +0.019  1.00 | 1.7e+00 4.3e+00 2.090e+00
#1058  2906   1 | 1.28e+00 4.65e-03 -0.318  1.00 | 1.08e+00 3.05e-01 +0.244  0.94 | 2.1e+00 3.8e+00 2.743e+00
#1059  3740   1 | 8.48e-01 1.18e-03 -0.452  1.00 | 1.01e+00 2.62e-01 +0.117  1.01 | 2.6e+00 4.2e+00 1.753e+00
#1060  1472   1 | 4.47e-01 3.73e-03 +0.287  1.00 | 1.00e+00 9.78e-02 +0.280  0.95 | 1.4e+00 4.7e+00 1.156e+00
#1061  2318   1 | 1.14e+00 3.15e-03 -0.256  1.00 | 9.75e-01 1.18e-01 +0.148  0.98 | 1.8e+00 4.6e+00 2.225e+00
#1062  2080   1 | 9.63e-01 1.03e-03 -0.327  1.00 | 1.06e+00 2.22e-01 +0.368  0.89 | 2.1e+00 3.7e+00 1.935e+00
#1063  2302   1 | 1.04e+00 1.72e-03 +0.749  1.00 | 1.02e+00 1.95e-01 +0.196  0.96 | 1.9e+00 3.1e+00 2.077e+00
#1064  3361   1 | 1.00e+00 1.18e-03 -0.232  1.00 | 8.61e-01 1.41e-01 +0.216  0.96 | 2.3e+00 4.1e+00 1.716e+00
#1065   145   1 | 8.26e-01 2.44e-03 -0.192  1.00 | 9.54e-01 1.82e-01 +0.213  0.96 | 1.5e+00 3.8e+00 1.551e+00
#1066  2774   1 | 6.32e-01 6.39e-04 -0.667  1.00 | 1.03e+00 1.67e-01 +0.057  1.01 | 2.0e+00 4.3e+00 1.466e+00
#1067  4028   1 | 1.29e+00 8.60e-04 +0.575  1.00 | 1.12e+00 4.17e-01 +0.339  0.89 | 2.3e+00 4.2e+00 2.778e+00
#1068  4241   1 | 9.81e-01 1.14e-03 -0.183  1.00 | 1.02e+00 2.06e-01 +0.310  0.92 | 2.2e+00 4.2e+00 1.911e+00
#1069  4903   1 | 1.11e+00 1.65e-03 +0.831  1.00 | 1.01e+00 3.75e-01 +0.344  0.88 | 2.2e+00 3.8e+00 2.130e+00
#1070  3259   1 | 1.10e+00 2.12e-03 -0.138  1.00 | 1.13e+00 2.17e-01 +0.370  0.89 | 2.4e+00 4.1e+00 2.360e+00
#1071  4236   1 | 5.59e-01 1.33e-03 +0.459  1.00 | 1.04e+00 2.21e-01 +0.371  0.89 | 2.3e+00 3.6e+00 1.276e+00
#1072  2680   1 | 1.14e+00 1.15e-03 +0.842  1.00 | 9.88e-01 1.22e-01 +0.143  0.98 | 2.1e+00 3.4e+00 2.247e+00
#1073  1720   1 | 1.65e+00 2.70e-03 -0.079  1.00 | 9.65e-01 1.92e-01 +0.137  0.98 | 1.8e+00 3.7e+00 3.655e+00
#1074  4787   1 | 4.67e-01 2.40e-03 +0.225  1.00 | 9.87e-01 2.72e-01 +0.358  0.88 | 2.3e+00 3.6e+00 1.074e+00
#1075  4346   1 | 7.08e-01 2.76e-03 +0.223  1.00 | 1.09e+00 1.94e-01 +0.261  0.94 | 2.3e+00 4.2e+00 1.611e+00
#1076  3386   1 | 9.56e-01 3.78e-03 +0.880  0.99 | 1.03e+00 2.05e-01 -0.001  1.04 | 2.6e+00 3.8e+00 2.015e+00
#1077   114   1 | 1.11e+00 9.09e-04 -0.094  1.00 | 1.02e+00 1.31e-01 +0.120  0.99 | 1.8e+00 3.0e+00 2.251e+00
#1078   159   1 | 5.96e-01 2.88e-03 +0.070  1.00 | 1.08e+00 1.51e-01 +0.061  1.00 | 1.4e+00 3.8e+00 1.533e+00
#1079  4255   1 | 1.39e+00 1.62e-03 +0.227  1.00 | 1.03e+00 2.22e-01 +0.133  0.99 | 2.3e+00 4.0e+00 2.970e+00
#1080  4857   1 | 1.23e+00 1.97e-03 +0.608  1.00 | 9.11e-01 1.91e-01 +0.346  0.90 | 2.1e+00 3.6e+00 2.257e+00
#1081  3597   1 | 5.24e-01 2.68e-03 +0.280  1.00 | 9.97e-01 3.05e-01 +0.284  0.92 | 2.2e+00 4.2e+00 1.187e+00
#1082  1318   1 | 1.32e+00 2.43e-03 +0.327  1.00 | 1.02e+00 9.60e-02 +0.083  0.99 | 1.6e+00 3.8e+00 2.766e+00
#1083  3720   1 | 1.02e+00 2.78e-03 +0.477  1.00 | 9.92e-01 2.16e-01 +0.132  0.99 | 2.4e+00 4.0e+00 2.004e+00
#1084  4044   1 | 1.06e+00 1.58e-03 -0.485  1.00 | 8.36e-01 3.07e-01 +0.429  0.82 | 2.1e+00 3.4e+00 1.703e+00
#1085  2991   1 | 1.06e+00 1.98e-03 +0.467  1.00 | 1.03e+00 1.34e-01 +0.132  0.98 | 1.9e+00 3.1e+00 2.159e+00
#1086   897   1 | 5.46e-01 2.23e-03 -0.568  1.00 | 1.03e+00 1.28e-01 +0.175  0.97 | 1.2e+00 3.5e+00 1.328e+00
#1087  3925   1 | 1.06e+00 1.44e-03 +0.624  1.00 | 9.82e-01 2.17e-01 +0.334  0.90 | 2.2e+00 4.1e+00 2.000e+00
#1088   211   1 | 6.58e-01 1.59e-03 +0.652  1.00 | 1.07e+00 1.67e-01 +0.262  0.94 | 1.3e+00 2.9e+00 1.510e+00
#1089  2031   1 | 8.27e-01 2.56e-03 +0.422  1.00 | 9.42e-01 2.23e-01 +0.228  0.95 | 2.0e+00 4.0e+00 1.523e+00
#1090  4257   1 | 1.33e+00 3.00e-03 -0.207  1.00 | 1.00e+00 2.45e-01 +0.316  0.91 | 2.0e+00 4.1e+00 2.691e+00
#1091  4741   1 | 1.17e+00 3.24e-03 +0.087  1.00 | 1.17e+00 3.51e-01 +0.312  0.90 | 2.1e+00 3.7e+00 2.606e+00
#1092   769   1 | 1.13e+00 1.02e-01 +0.403  0.94 | 1.05e+00 2.03e-01 +0.260  0.94 | 2.0e+00 4.1e+00 2.239e+00
#1093  3610   1 | 1.23e+00 2.94e-03 -0.740  1.00 | 1.10e+00 3.65e-01 +0.241  0.95 | 2.3e+00 4.2e+00 2.671e+00
#1094   795   1 | 1.08e+00 2.35e-03 -0.023  1.00 | 1.04e+00 1.32e-01 +0.104  0.99 | 1.3e+00 3.7e+00 2.242e+00
#1095  4667   1 | 1.08e+00 1.71e-03 +0.298  1.00 | 9.37e-01 2.03e-01 +0.254  0.94 | 2.3e+00 3.4e+00 1.983e+00
#1096  3753   1 | 8.02e-01 3.94e-03 -0.855  1.01 | 9.59e-01 3.89e-01 +0.298  0.92 | 2.3e+00 4.2e+00 1.497e+00
#1097   922   1 | 9.57e-01 1.97e-01 +0.526  0.83 | 1.07e+00 3.11e-01 +0.115  1.02 | 2.5e+00 4.2e+00 1.931e+00
#1098  2203   1 | 1.02e+00 2.04e-03 -0.880  1.00 | 1.13e+00 7.75e-02 +0.243  0.97 | 1.7e+00 4.0e+00 2.290e+00
#1099   353   1 | 1.21e+00 7.64e-04 -0.263  1.00 | 1.05e+00 1.68e-01 +0.188  0.97 | 1.6e+00 3.4e+00 2.527e+00
#1100  3317   1 | 7.52e-01 2.30e-03 +0.642  1.00 | 9.49e-01 1.78e-01 +0.313  0.92 | 2.3e+00 4.0e+00 1.391e+00
#1101  3941   1 | 7.35e-01 3.03e-03 +0.053  1.00 | 9.46e-01 2.08e-01 +0.218  0.95 | 2.2e+00 4.7e+00 1.392e+00
#1102  2267   1 | 1.15e+00 3.02e-03 +0.238  1.00 | 9.43e-01 1.90e-01 +0.223  0.95 | 1.7e+00 3.4e+00 2.155e+00
#1103  2599   1 | 1.08e+00 1.68e-03 +0.573  1.00 | 9.93e-01 1.48e-01 +0.151  0.98 | 2.0e+00 4.4e+00 2.120e+00
#1104  2839   1 | 1.30e+00 1.61e-03 -0.854  1.00 | 1.01e+00 3.46e-01 +0.272  0.93 | 2.2e+00 3.4e+00 2.646e+00
#1105   304   1 | 1.18e+00 1.55e-02 +0.388  0.99 | 9.58e-01 1.24e-01 +0.011  1.01 | 1.1e+00 3.6e+00 2.307e+00
#1106   722   1 | 1.29e+00 5.39e-03 -0.180  1.00 | 9.64e-01 1.55e-01 +0.198  0.96 | 1.1e+00 3.2e+00 2.574e+00
#1107  1062   1 | 9.07e-01 1.76e-02 +0.105  1.00 | 9.18e-01 1.66e-01 +0.195  0.96 | 1.3e+00 3.5e+00 1.630e+00
#1108  2800   1 | 4.96e-01 3.97e-03 +0.003  1.00 | 1.12e+00 3.77e-01 +0.083  1.06 | 2.0e+00 4.3e+00 1.567e+00
#1109  2142   1 | 1.23e+00 3.80e-03 +0.123  1.00 | 9.89e-01 3.51e-01 +0.222  0.97 | 2.0e+00 4.5e+00 2.457e+00
#1110  1005   1 | 9.65e-01 2.02e-01 +0.050  1.02 | 1.03e+00 1.60e-01 +0.108  0.99 | 2.4e+00 3.6e+00 2.007e+00
#1111  2473   1 | 5.72e-01 2.91e-03 -0.498  1.01 | 9.77e-01 2.10e-01 +0.178  0.97 | 2.0e+00 3.2e+00 1.255e+00
#1112  3162   1 | 9.10e-01 4.87e-03 -0.068  1.00 | 9.18e-01 2.96e-01 +0.272  0.93 | 2.1e+00 3.2e+00 1.611e+00
#1113  2842   1 | 9.71e-01 2.40e-03 +0.670  1.00 | 1.02e+00 1.75e-01 +0.161  0.97 | 2.0e+00 3.4e+00 1.949e+00
#1114   439   1 | 5.53e-01 2.62e-03 +0.496  1.00 | 1.04e+00 7.18e-02 +0.019  1.00 | 1.2e+00 3.8e+00 1.393e+00
#1115  3291   1 | 4.56e-01 3.06e-03 -0.402  1.01 | 1.00e+00 2.63e-01 +0.274  0.93 | 2.0e+00 3.9e+00 1.137e+00
#1116  2366   1 | 1.29e+00 2.30e-03 -0.349  1.00 | 1.08e+00 1.71e-01 +0.211  0.96 | 1.8e+00 3.1e+00 2.775e+00
#1117  3916   1 | 1.29e+00 7.53e-04 +0.152  1.00 | 1.04e+00 2.27e-01 +0.283  0.92 | 2.2e+00 3.1e+00 2.656e+00
#1118  2040   1 | 6.26e-01 8.25e-04 +0.219  1.00 | 1.03e+00 2.06e-01 +0.087  1.01 | 1.9e+00 4.4e+00 1.456e+00
#1119  2053   1 | 7.74e-01 3.99e-03 -0.750  1.01 | 9.59e-01 3.55e-01 +0.202  0.99 | 1.9e+00 3.4e+00 1.511e+00
#1120  3058   1 | 1.02e+00 1.19e-03 -0.477  1.00 | 9.92e-01 1.51e-01 +0.167  0.97 | 1.9e+00 3.6e+00 1.998e+00
#1121   165   1 | 1.11e+00 8.85e-03 +0.100  1.00 | 9.82e-01 9.82e-02 -0.101  1.03 | 1.1e+00 3.2e+00 2.222e+00
#1122  2961   1 | 9.68e-01 1.56e-03 +0.365  1.00 | 9.60e-01 2.64e-01 +0.202  0.96 | 2.0e+00 3.6e+00 1.825e+00
#1123  3564   1 | 1.32e+00 1.81e-03 +0.547  1.00 | 1.02e+00 1.59e-01 +0.280  0.94 | 2.1e+00 4.5e+00 2.711e+00
#1124  2445   1 | 1.02e+00 2.56e-03 -0.757  1.00 | 1.13e+00 1.26e-01 +0.280  0.95 | 1.8e+00 3.7e+00 2.266e+00
#1125  4988   1 | 7.26e-01 1.49e-03 +0.196  1.00 | 9.49e-01 1.97e-01 +0.415  0.87 | 2.0e+00 4.1e+00 1.311e+00
#1126  1653   1 | 1.17e+00 3.50e-02 +0.502  0.97 | 1.17e+00 2.95e-01 +0.275  0.92 | 1.1e+00 3.2e+00 2.591e+00
#1127  2791   1 | 8.33e-01 2.67e-03 +0.036  1.00 | 9.42e-01 1.81e-01 +0.204  0.96 | 1.9e+00 4.5e+00 1.544e+00
#1128  1166   1 | 1.13e+00 1.88e-03 +0.095  1.00 | 1.05e+00 1.10e-01 +0.309  0.95 | 1.1e+00 2.8e+00 2.331e+00
#1129  3014   1 | 1.08e+00 2.24e-03 +0.506  1.00 | 9.70e-01 1.06e-01 +0.162  0.98 | 1.4e+00 4.0e+00 2.084e+00
#1130  1825   1 | 1.05e+00 2.18e-03 +0.247  1.00 | 1.08e+00 1.59e-01 +0.239  0.95 | 1.2e+00 3.6e+00 2.210e+00
#1131    61   1 | 1.14e+00 1.94e-03 -0.353  1.00 | 9.75e-01 8.63e-02 +0.053  1.00 | 1.2e+00 3.3e+00 2.259e+00
#1132  2730   1 | 4.72e-01 2.44e-03 -0.140  1.00 | 9.87e-01 1.08e-01 +0.352  0.94 | 1.7e+00 3.9e+00 1.135e+00
#1133  3686   1 | 1.23e+00 4.03e-03 -0.562  1.00 | 1.10e+00 2.65e-01 +0.280  0.92 | 1.8e+00 3.8e+00 2.640e+00
#1134  3171   1 | 9.80e-01 1.61e-03 +0.300  1.00 | 1.06e+00 1.72e-01 +0.249  0.95 | 1.7e+00 3.1e+00 2.018e+00
#1135  4653   1 | 9.70e-01 2.06e-03 +0.396  1.00 | 1.06e+00 2.27e-01 +0.412  0.87 | 1.7e+00 3.8e+00 1.924e+00
#1136  2766   1 | 1.11e+00 1.56e-03 +0.407  1.00 | 1.06e+00 1.42e-01 +0.169  0.97 | 1.5e+00 3.3e+00 2.324e+00
#1137  3023   1 | 1.19e+00 2.11e-03 +0.701  1.00 | 9.11e-01 1.79e-01 +0.221  0.95 | 1.5e+00 3.1e+00 2.207e+00
#1138  2165   1 | 1.38e+00 3.37e-03 -0.168  1.00 | 1.03e+00 1.54e-01 +0.143  0.98 | 1.4e+00 3.5e+00 2.942e+00
#1139   765   1 | 1.65e+00 4.32e-01 +0.156  0.99 | 9.65e-01 7.46e-02 +0.017  1.00 | 2.8e+00 2.9e+00 3.634e+00
#1140  3444   1 | 1.07e+00 3.56e-03 +0.921  0.99 | 9.97e-01 2.31e-01 +0.283  0.92 | 1.7e+00 4.0e+00 2.051e+00
#1141  3367   1 | 9.88e-01 3.65e-03 +0.079  1.00 | 1.04e+00 2.39e-01 +0.204  0.96 | 1.6e+00 4.4e+00 2.019e+00
#1142  3791   1 | 8.44e-01 2.57e-03 -0.212  1.00 | 9.54e-01 2.14e-01 +0.309  0.91 | 1.8e+00 4.3e+00 1.542e+00
#1143  4192   1 | 1.11e+00 4.69e-03 -0.341  1.00 | 1.08e+00 3.39e-01 +0.359  0.87 | 1.6e+00 4.0e+00 2.250e+00
#1144  3269   1 | 1.10e+00 1.87e-03 +0.016  1.00 | 1.13e+00 1.36e-01 +0.296  0.94 | 1.5e+00 3.6e+00 2.421e+00
#1145  3723   1 | 1.04e+00 2.32e-03 +0.224  1.00 | 1.04e+00 2.02e-01 +0.302  0.92 | 1.7e+00 4.9e+00 2.078e+00
#1146  1578   1 | 1.08e+00 1.92e-02 +0.528  0.98 | 9.68e-01 1.58e-01 +0.244  0.95 | 1.1e+00 3.2e+00 2.037e+00
#1147  3535   1 | 6.29e-01 4.37e-03 +0.361  1.00 | 1.08e+00 1.95e-01 +0.061  1.01 | 1.7e+00 4.1e+00 1.581e+00
#1148   675   1 | 5.78e-01 6.05e-03 -0.609  1.01 | 1.05e+00 7.50e-02 +0.082  0.99 | 1.7e+00 3.3e+00 1.439e+00
#1149  1534   1 | 1.30e+00 6.35e-01 +0.263  0.98 | 9.27e-01 2.58e-01 +0.187  0.97 | 1.9e+00 4.1e+00 2.484e+00
#1150  4385   1 | 9.61e-01 2.51e-03 -0.030  1.00 | 1.07e+00 2.43e-01 +0.305  0.91 | 1.5e+00 3.4e+00 1.979e+00
#1151  2505   1 | 1.23e+00 2.07e-03 -0.076  1.00 | 9.89e-01 1.89e-01 +0.227  0.95 | 1.6e+00 3.7e+00 2.433e+00
#1152  2154   1 | 1.31e+00 4.64e-03 -0.406  1.00 | 1.01e+00 2.29e-01 +0.194  0.96 | 1.5e+00 4.1e+00 2.700e+00
#1153  2235   1 | 6.58e-01 2.59e-03 +0.116  1.00 | 1.07e+00 2.27e-01 +0.322  0.91 | 1.2e+00 3.8e+00 1.472e+00
#1154  2753   1 | 8.95e-01 1.34e-03 +0.755  1.00 | 9.15e-01 2.59e-01 +0.065  1.04 | 1.8e+00 4.3e+00 1.672e+00
#1155  3738   1 | 1.06e+00 2.06e-03 -0.548  1.00 | 8.36e-01 4.43e-01 +0.432  0.82 | 2.0e+00 5.3e+00 1.697e+00
#1156  1744   1 | 9.99e-01 1.27e-02 +0.606  0.98 | 9.45e-01 1.60e-01 +0.207  0.96 | 1.1e+00 3.1e+00 1.840e+00
#1157  1538   1 | 7.29e-01 7.64e-02 +0.240  0.96 | 9.46e-01 1.02e-01 +0.127  0.98 | 1.6e+00 3.9e+00 1.391e+00
#1158  4617   1 | 1.08e+00 2.00e-03 +0.063  1.00 | 9.37e-01 2.33e-01 +0.258  0.93 | 1.7e+00 5.4e+00 1.985e+00
#1159  3816   1 | 1.08e+00 3.72e-03 +0.239  1.00 | 1.02e+00 2.57e-01 +0.354  0.89 | 1.9e+00 3.5e+00 2.084e+00
#1160  2613   1 | 1.41e+00 4.50e-03 +0.206  1.00 | 1.01e+00 2.14e-01 +0.226  0.95 | 1.5e+00 3.7e+00 2.942e+00
#1161    84   1 | 1.15e+00 7.87e-03 -0.001  1.00 | 9.43e-01 1.50e-01 +0.166  0.97 | 1.1e+00 3.9e+00 2.176e+00
#1162  2354   1 | 5.14e-01 3.42e-03 +0.194  1.00 | 9.97e-01 1.15e-01 +0.212  0.96 | 1.2e+00 3.7e+00 1.223e+00
#1163  3314   1 | 1.09e+00 2.92e-03 -0.168  1.00 | 9.80e-01 2.24e-01 +0.172  0.97 | 1.7e+00 3.9e+00 2.135e+00
#1164   211   1 | 1.14e+00 1.07e-02 +0.051  1.00 | 9.88e-01 7.28e-02 -0.121  1.02 | 1.2e+00 4.2e+00 2.303e+00
#1165  2668   1 | 1.06e+00 1.48e-03 +0.171  1.00 | 1.03e+00 1.14e-01 +0.184  0.97 | 1.6e+00 4.4e+00 2.156e+00
#1166  2364   1 | 9.16e-01 2.69e-03 +0.087  1.00 | 9.51e-01 1.38e-01 +0.163  0.97 | 1.4e+00 4.2e+00 1.719e+00
#1167   810   1 | 1.04e+00 3.13e-02 +0.259  0.99 | 1.02e+00 9.60e-02 +0.144  0.98 | 1.5e+00 4.1e+00 2.092e+00
#1168  2073   1 | 1.30e+00 2.07e-03 -0.191  1.00 | 1.09e+00 2.37e-01 +0.139  0.99 | 1.6e+00 3.8e+00 2.883e+00
#1169  3499   1 | 1.07e+00 2.46e-03 +0.110  1.00 | 9.93e-01 1.96e-01 +0.300  0.92 | 1.7e+00 3.7e+00 2.048e+00
#1170  2762   1 | 1.30e+00 2.18e-03 -0.705  1.00 | 9.64e-01 3.04e-01 +0.306  0.91 | 1.5e+00 4.1e+00 2.528e+00
#1171   561   1 | 1.35e+00 2.52e-02 +0.683  0.97 | 1.00e+00 1.33e-01 -0.017  1.02 | 1.1e+00 4.7e+00 2.795e+00
#1172  1497   1 | 1.32e+00 2.31e-02 +0.684  0.98 | 1.12e+00 8.44e-02 +0.116  0.99 | 1.1e+00 4.3e+00 2.947e+00
#1173   579   1 | 4.94e-01 4.39e-02 +0.063  1.00 | 1.12e+00 1.65e-01 +0.171  0.97 | 1.2e+00 3.7e+00 1.456e+00
#1174  3776   1 | 1.17e+00 4.46e-03 -0.240  1.00 | 1.05e+00 2.48e-01 +0.271  0.93 | 1.9e+00 3.8e+00 2.395e+00
#1175  3593   1 | 9.84e-01 3.16e-03 +0.485  1.00 | 1.07e+00 2.23e-01 +0.200  0.96 | 1.8e+00 3.7e+00 2.075e+00
#1176  3116   1 | 8.34e-01 5.72e-04 +0.486  1.00 | 1.01e+00 1.28e-01 +0.174  0.97 | 1.5e+00 4.1e+00 1.692e+00
#1177  3314   1 | 1.13e+00 4.85e-03 +0.732  0.99 | 1.01e+00 2.94e-01 +0.223  0.95 | 1.6e+00 3.3e+00 2.231e+00
#1178   271   1 | 5.45e-01 7.00e-02 -0.385  1.12 | 1.03e+00 1.02e-01 +0.156  0.98 | 1.5e+00 4.2e+00 1.368e+00
#1179  3161   1 | 8.68e-01 3.35e-03 -0.274  1.00 | 9.10e-01 2.67e-01 +0.141  1.00 | 1.5e+00 3.8e+00 1.586e+00
#1180  2687   1 | 1.18e+00 6.03e-03 +0.395  1.00 | 9.58e-01 2.01e-01 +0.023  1.03 | 1.4e+00 3.9e+00 2.333e+00
#1181  1779   1 | 7.02e-01 2.81e-02 -0.088  1.01 | 1.00e+00 1.71e-01 +0.142  0.98 | 1.3e+00 3.7e+00 1.482e+00
#1182  1191   1 | 9.98e-01 8.57e-02 -0.131  1.03 | 8.61e-01 2.10e-01 +0.178  0.97 | 1.3e+00 4.0e+00 1.748e+00
#1183  1096   1 | 7.05e-01 2.26e-02 -0.525  1.03 | 1.09e+00 1.23e-01 +0.159  0.98 | 1.3e+00 3.4e+00 1.670e+00
#1184  3673   1 | 6.33e-01 4.50e-03 +0.656  0.99 | 1.08e+00 1.88e-01 +0.186  0.97 | 1.7e+00 3.9e+00 1.532e+00
#1185  4696   1 | 6.89e-01 2.58e-02 -0.537  1.04 | 1.09e+00 2.30e-01 +0.338  0.90 | 1.5e+00 3.7e+00 1.562e+00
#1186  3794   1 | 7.58e-01 2.17e-02 +0.372  0.98 | 9.49e-01 2.79e-01 +0.288  0.92 | 1.7e+00 4.0e+00 1.389e+00
#1187  1673   1 | 1.18e+00 5.23e-02 +0.470  0.96 | 9.58e-01 1.10e-01 +0.005  1.01 | 1.5e+00 3.6e+00 2.263e+00
#1188  2282   1 | 1.08e+00 2.62e-02 +0.567  0.97 | 9.68e-01 1.71e-01 +0.271  0.94 | 1.3e+00 3.6e+00 2.013e+00
#1189   969   1 | 1.07e+00 4.41e-02 +0.491  0.96 | 1.03e+00 9.32e-02 -0.004  1.01 | 2.0e+00 3.7e+00 2.167e+00
#1190  1015   1 | 1.04e+00 3.01e-01 +0.282  0.92 | 1.02e+00 2.29e-01 +0.102  1.00 | 1.9e+00 4.1e+00 2.045e+00
#1191   459   1 | 1.29e+00 4.96e-03 -0.208  1.00 | 9.64e-01 1.70e-01 +0.219  0.95 | 1.4e+00 4.2e+00 2.566e+00
#1192  3096   1 | 4.74e-01 4.81e-02 -0.134  1.04 | 9.87e-01 2.23e-01 +0.377  0.88 | 1.7e+00 4.2e+00 1.091e+00
#1193  2867   1 | 1.02e+00 5.19e-02 -0.059  1.01 | 1.13e+00 1.70e-01 +0.287  0.94 | 1.6e+00 3.5e+00 2.260e+00
#1194  1101   1 | 5.69e-01 1.21e-01 -0.201  1.13 | 9.77e-01 1.02e-01 +0.106  0.99 | 1.5e+00 4.3e+00 1.310e+00
#1195  3071   1 | 5.61e-01 8.78e-02 -0.397  1.15 | 1.03e+00 1.14e-01 +0.202  0.97 | 1.6e+00 3.5e+00 1.386e+00
#1196  1966   1 | 1.11e+00 3.69e-02 -0.089  1.01 | 9.80e-01 2.15e-01 +0.368  0.89 | 1.6e+00 3.8e+00 2.094e+00
#1197  3151   1 | 5.87e-01 7.48e-02 -0.221  1.07 | 1.05e+00 1.79e-01 +0.236  0.95 | 1.6e+00 3.3e+00 1.420e+00
#1198  3012   1 | 1.32e+00 1.93e-02 +0.185  0.99 | 1.02e+00 1.59e-01 +0.245  0.95 | 1.5e+00 4.4e+00 2.714e+00
#1199  1232   1 | 7.71e-01 8.96e-02 +0.354  0.93 | 9.59e-01 1.55e-01 +0.169  0.97 | 1.4e+00 3.5e+00 1.447e+00
#1200  2692   1 | 9.71e-01 7.34e-02 +0.247  0.97 | 1.02e+00 2.26e-01 +0.017  1.04 | 1.4e+00 3.6e+00 1.992e+00
#1201  3282   1 | 1.09e+00 1.95e-01 +0.722  0.77 | 1.02e+00 2.41e-01 +0.366  0.88 | 1.6e+00 3.7e+00 1.837e+00
#1202  1614   1 | 9.07e-01 3.45e-02 +0.136  0.99 | 9.18e-01 1.55e-01 +0.191  0.96 | 1.5e+00 4.9e+00 1.628e+00
#1203  2061   1 | 1.12e+00 7.11e-02 +0.052  1.00 | 1.01e+00 2.21e-01 +0.256  0.94 | 1.7e+00 4.4e+00 2.205e+00
#1204  4072   1 | 1.02e+00 1.10e-01 -0.166  1.05 | 9.92e-01 2.15e-01 +0.159  0.98 | 1.7e+00 3.2e+00 2.058e+00
#1205  1707   1 | 9.64e-01 1.27e-01 +0.050  1.00 | 1.03e+00 1.10e-01 -0.001  1.01 | 1.6e+00 2.9e+00 2.010e+00
#1206  2513   1 | 1.09e+00 1.06e-01 +0.110  0.99 | 9.37e-01 1.33e-01 +0.133  0.98 | 1.7e+00 4.1e+00 2.042e+00
#1207  1419   1 | 8.26e-01 2.78e-01 +0.368  0.87 | 9.54e-01 1.51e-01 +0.249  0.95 | 1.6e+00 4.4e+00 1.452e+00
#1208   679   1 | 1.05e+00 1.42e-01 +0.796  0.80 | 1.08e+00 1.45e-01 +0.168  0.97 | 2.0e+00 3.7e+00 2.027e+00
#1209  4088   1 | 1.09e+00 2.11e-01 +0.029  1.03 | 9.70e-01 2.01e-01 +0.285  0.92 | 1.9e+00 4.0e+00 2.079e+00
#1210  4669   1 | 1.22e+00 8.24e-02 -0.527  1.08 | 1.05e+00 2.34e-01 +0.370  0.89 | 1.9e+00 4.4e+00 2.576e+00
#1211  4839   1 | 1.32e+00 6.11e-02 -0.268  1.03 | 1.09e+00 3.00e-01 +0.289  0.92 | 2.0e+00 4.0e+00 2.876e+00
#1212  1929   1 | 1.34e+00 5.73e-02 -0.689  1.06 | 1.00e+00 2.45e-01 +0.092  1.01 | 1.6e+00 3.4e+00 2.935e+00
#1213   581   1 | 5.53e-01 3.61e-02 -0.471  1.07 | 1.04e+00 5.54e-02 +0.052  1.00 | 1.8e+00 4.1e+00 1.409e+00
#1214  4907   1 | 1.09e+00 3.01e-01 +0.401  0.85 | 9.93e-01 1.95e-01 +0.333  0.91 | 2.0e+00 3.0e+00 1.906e+00
#1215  2655   1 | 9.64e-01 1.59e-01 -0.529  1.20 | 1.07e+00 2.20e-01 +0.200  0.96 | 1.8e+00 3.7e+00 2.225e+00
#1216  4970   1 | 1.11e+00 1.46e-01 +0.800  0.81 | 1.04e+00 3.21e-01 +0.269  0.93 | 1.7e+00 3.5e+00 2.003e+00
#1217  4711   1 | 1.22e+00 3.39e-01 -0.290  1.24 | 9.11e-01 2.91e-01 +0.359  0.87 | 1.8e+00 3.9e+00 2.571e+00
#1218  2188   1 | 7.30e-01 1.19e-01 +0.254  0.94 | 9.46e-01 2.13e-01 +0.128  0.99 | 1.5e+00 3.0e+00 1.391e+00
#1219   932   1 | 8.53e-01 9.31e-02 +0.248  0.96 | 9.10e-01 1.24e-01 +0.046  1.01 | 1.7e+00 3.7e+00 1.529e+00
#1220  4682   1 | 1.10e+00 8.82e-02 +0.297  0.96 | 1.06e+00 3.24e-01 +0.378  0.86 | 1.7e+00 4.1e+00 2.131e+00
#1221   870   1 | 1.40e+00 1.19e-02 +0.555  0.99 | 1.01e+00 8.75e-02 -0.082  1.02 | 1.3e+00 4.5e+00 2.995e+00
#1222  1650   1 | 6.25e-01 8.25e-02 -0.133  1.05 | 1.03e+00 1.63e-01 +0.095  0.99 | 1.4e+00 4.4e+00 1.464e+00
#1223   440   1 | 1.14e+00 3.31e-02 +0.684  0.96 | 9.75e-01 1.29e-01 +0.097  0.99 | 1.2e+00 3.2e+00 2.201e+00
#1224  2473   1 | 1.14e+00 9.23e-02 -0.015  1.01 | 9.88e-01 1.95e-01 +0.063  1.01 | 1.6e+00 3.0e+00 2.297e+00
#1225  1730   1 | 1.13e+00 4.66e-02 +0.341  0.97 | 1.05e+00 2.35e-01 +0.400  0.87 | 1.4e+00 4.1e+00 2.210e+00
#1226  1426   1 | 1.31e+00 7.02e-03 -0.178  1.00 | 1.01e+00 1.38e-01 +0.118  0.99 | 1.2e+00 3.6e+00 2.731e+00
#1227  1322   1 | 8.24e-01 5.44e-02 -0.390  1.06 | 9.42e-01 1.77e-01 +0.041  1.02 | 1.3e+00 3.7e+00 1.622e+00
#1228  1364   1 | 1.38e+00 1.91e-02 -0.188  1.01 | 1.03e+00 1.95e-01 +0.070  1.01 | 1.3e+00 4.2e+00 2.977e+00
#1229  1071   1 | 9.98e-01 8.85e-02 -0.161  1.04 | 8.61e-01 1.93e-01 +0.157  0.98 | 1.2e+00 3.6e+00 1.759e+00
#1230  3368   1 | 8.96e-01 1.23e-02 -0.724  1.02 | 9.51e-01 2.20e-01 +0.357  0.89 | 1.6e+00 3.6e+00 1.622e+00
#1231  1747   1 | 4.95e-01 7.69e-03 -0.196  1.01 | 1.12e+00 2.72e-01 +0.252  0.94 | 1.3e+00 3.6e+00 1.415e+00
#1232   820   1 | 1.10e+00 4.11e-02 +0.128  0.99 | 1.08e+00 1.84e-01 +0.186  0.97 | 1.2e+00 3.4e+00 2.322e+00
#1233  4625   1 | 1.33e+00 3.69e-03 +0.290  1.00 | 1.12e+00 3.41e-01 +0.299  0.91 | 1.7e+00 4.4e+00 2.911e+00
#1234  2345   1 | 7.04e-01 3.69e-03 -0.590  1.01 | 1.00e+00 1.71e-01 +0.129  0.99 | 1.5e+00 4.2e+00 1.488e+00
#1235   199   1 | 9.65e-01 9.49e-03 -0.060  1.00 | 1.06e+00 1.13e-01 +0.313  0.94 | 1.2e+00 3.9e+00 2.002e+00
#1236   639   1 | 9.75e-01 4.88e-02 -0.698  1.07 | 1.04e+00 1.36e-01 +0.281  0.94 | 1.5e+00 3.3e+00 2.044e+00
#1237   710   1 | 9.60e-01 4.35e-03 +0.794  0.99 | 9.60e-01 1.48e-01 +0.100  0.99 | 1.2e+00 3.9e+00 1.830e+00
#1238   413   1 | 1.04e+00 7.56e-04 -0.381  1.00 | 8.36e-01 9.52e-02 -0.035  1.02 | 1.2e+00 3.3e+00 1.799e+00
#1239  1597   1 | 1.31e+00 2.38e-03 -0.027  1.00 | 1.04e+00 1.40e-01 +0.189  0.97 | 1.2e+00 4.0e+00 2.747e+00
#1240   813   1 | 1.12e+00 5.56e-03 -0.386  1.00 | 1.13e+00 1.73e-01 +0.040  1.01 | 1.2e+00 3.8e+00 2.563e+00
#1241  2819   1 | 1.14e+00 4.62e-03 -0.275  1.00 | 9.43e-01 1.57e-01 +0.193  0.96 | 1.5e+00 4.6e+00 2.169e+00
#1242  3678   1 | 8.46e-01 2.68e-03 -0.319  1.00 | 1.01e+00 2.31e-01 +0.160  0.98 | 1.8e+00 4.0e+00 1.723e+00
#1243  1833   1 | 5.13e-01 3.86e-03 +0.513  0.99 | 9.97e-01 3.01e-01 +0.129  1.01 | 1.5e+00 3.9e+00 1.268e+00
#1244   291   1 | 6.58e-01 1.26e-03 +0.616  1.00 | 1.07e+00 1.51e-01 +0.325  0.93 | 1.2e+00 2.8e+00 1.494e+00
#1245  2777   1 | 1.29e+00 2.35e-03 -0.807  1.00 | 9.27e-01 2.04e-01 +0.335  0.90 | 1.5e+00 3.2e+00 2.450e+00
#1246   714   1 | 9.98e-01 3.35e-02 +0.666  0.96 | 9.45e-01 1.60e-01 +0.169  0.97 | 1.3e+00 4.0e+00 1.821e+00
#1247  1151   1 | 1.22e+00 3.47e-03 +0.341  1.00 | 1.10e+00 1.21e-01 +0.247  0.96 | 1.2e+00 3.5e+00 2.661e+00
#1248   973   1 | 4.46e-01 9.09e-03 -0.031  1.00 | 1.00e+00 1.24e-01 +0.258  0.95 | 1.2e+00 2.9e+00 1.154e+00
#1249   242   1 | 9.70e-01 6.73e-03 -0.141  1.00 | 1.06e+00 9.97e-02 -0.060  1.02 | 1.1e+00 3.8e+00 2.084e+00
#1250   559   1 | 8.89e-01 3.03e-03 +0.424  1.00 | 9.15e-01 1.25e-01 -0.030  1.03 | 1.2e+00 3.8e+00 1.647e+00
#1251  3568   1 | 1.07e+00 3.27e-03 -0.246  1.00 | 9.82e-01 3.73e-01 +0.130  1.05 | 1.9e+00 4.1e+00 2.163e+00
#1252  2221   1 | 1.08e+00 2.90e-03 -0.120  1.00 | 9.97e-01 1.95e-01 +0.177  0.97 | 1.4e+00 3.6e+00 2.120e+00
#1253  2691   1 | 1.28e+00 2.28e-03 +0.359  1.00 | 1.08e+00 1.60e-01 +0.216  0.96 | 1.6e+00 3.8e+00 2.763e+00
#1254  4868   1 | 1.64e+00 3.28e-03 -0.029  1.00 | 9.65e-01 2.75e-01 +0.385  0.86 | 1.6e+00 4.3e+00 3.506e+00
#1255  2923   1 | 9.94e-01 7.39e-03 +0.674  0.99 | 1.07e+00 2.47e-01 +0.261  0.93 | 1.6e+00 4.6e+00 2.056e+00
#1256  4867   1 | 1.25e+00 1.90e-03 -0.368  1.00 | 9.89e-01 2.64e-01 +0.243  0.94 | 1.6e+00 4.4e+00 2.486e+00
#1257   671   1 | 1.17e+00 7.60e-03 -0.346  1.00 | 1.17e+00 2.10e-01 +0.255  0.94 | 1.1e+00 4.3e+00 2.661e+00
#1258  2425   1 | 9.16e-01 2.40e-03 -0.397  1.00 | 9.51e-01 2.15e-01 +0.367  0.89 | 1.8e+00 4.0e+00 1.640e+00
#1259  2269   1 | 1.30e+00 1.84e-03 -0.151  1.00 | 9.64e-01 2.39e-01 +0.346  0.89 | 1.4e+00 3.6e+00 2.507e+00
#1260  4617   1 | 8.14e-01 4.42e-03 -0.529  1.01 | 9.42e-01 2.35e-01 +0.228  0.95 | 1.8e+00 4.8e+00 1.508e+00
#1261  2011   1 | 1.66e+00 2.71e-03 +0.352  1.00 | 9.65e-01 3.15e-01 +0.174  0.99 | 1.6e+00 4.6e+00 3.661e+00
#1262  1067   1 | 9.07e-01 1.69e-03 +0.523  1.00 | 9.18e-01 1.44e-01 +0.139  0.98 | 1.2e+00 4.3e+00 1.647e+00
#1263  4162   1 | 7.05e-01 1.30e-03 +0.073  1.00 | 1.00e+00 1.86e-01 +0.295  0.93 | 1.7e+00 2.9e+00 1.426e+00
#1264  3060   1 | 1.10e+00 4.50e-03 +0.313  1.00 | 9.37e-01 2.81e-01 +0.165  0.99 | 1.7e+00 5.3e+00 2.074e+00
#1265  1295   1 | 1.38e+00 4.14e-03 +0.236  1.00 | 1.03e+00 2.10e-01 +0.109  1.00 | 1.3e+00 3.1e+00 2.951e+00
#1266  4837   1 | 1.32e+00 5.05e-03 -0.018  1.00 | 1.09e+00 2.76e-01 +0.286  0.92 | 1.9e+00 4.2e+00 2.833e+00
#1267  2991   1 | 1.00e+00 2.47e-03 -0.304  1.00 | 8.61e-01 2.39e-01 +0.234  0.95 | 1.6e+00 4.1e+00 1.707e+00
#1268  4552   1 | 1.29e+00 1.08e-03 +0.078  1.00 | 1.08e+00 2.40e-01 +0.394  0.87 | 1.9e+00 3.9e+00 2.698e+00
#1269  1340   1 | 1.04e+00 2.50e-03 +0.715  1.00 | 1.02e+00 1.74e-01 +0.132  0.98 | 1.3e+00 3.7e+00 2.105e+00
#1270  3145   1 | 1.30e+00 3.37e-03 +0.306  1.00 | 1.04e+00 1.44e-01 +0.067  1.00 | 1.7e+00 4.7e+00 2.757e+00
#1271  3636   1 | 5.23e-01 2.82e-03 +0.376  1.00 | 9.97e-01 1.85e-01 +0.153  0.98 | 2.0e+00 4.4e+00 1.245e+00
#1272  3914   1 | 7.55e-01 3.18e-03 +0.337  1.00 | 9.49e-01 1.91e-01 +0.228  0.95 | 1.9e+00 3.5e+00 1.423e+00
#1273    69   1 | 7.71e-01 4.34e-03 -0.175  1.00 | 9.59e-01 1.55e-01 +0.097  0.99 | 1.3e+00 3.9e+00 1.510e+00
#1274  4443   1 | 9.66e-01 1.28e-03 +0.036  1.00 | 9.60e-01 2.07e-01 +0.225  0.95 | 1.7e+00 3.9e+00 1.808e+00
#1275  1175   1 | 8.22e-01 3.56e-03 -0.489  1.00 | 1.01e+00 8.69e-02 +0.192  0.97 | 1.2e+00 4.3e+00 1.678e+00
#1276  3967   1 | 1.07e+00 2.60e-03 -0.062  1.00 | 9.97e-01 2.29e-01 +0.215  0.95 | 1.9e+00 3.8e+00 2.091e+00
#1277  1100   1 | 1.11e+00 1.90e-03 -0.934  1.00 | 9.80e-01 9.68e-02 +0.201  0.97 | 1.3e+00 3.5e+00 2.175e+00
#1278  3042   1 | 1.29e+00 3.23e-03 -0.736  1.00 | 9.27e-01 3.57e-01 +0.285  0.93 | 1.7e+00 3.7e+00 2.472e+00
#1279   107   1 | 1.14e+00 2.20e-03 +0.126  1.00 | 9.88e-01 7.12e-02 -0.112  1.02 | 1.2e+00 4.4e+00 2.301e+00
#1280  1143   1 | 6.24e-01 4.94e-03 -0.453  1.01 | 1.03e+00 1.13e-01 +0.104  0.99 | 1.1e+00 4.1e+00 1.439e+00
#1281  1476   1 | 1.12e+00 3.40e-03 +0.751  1.00 | 1.01e+00 1.48e-01 +0.223  0.96 | 1.2e+00 3.5e+00 2.222e+00
#1282  4088   1 | 1.18e+00 2.62e-03 +0.363  1.00 | 9.58e-01 1.83e-01 +0.031  1.02 | 1.8e+00 4.1e+00 2.342e+00
#1283  4254   1 | 1.06e+00 1.42e-03 +0.183  1.00 | 1.03e+00 2.13e-01 +0.102  1.00 | 1.8e+00 4.2e+00 2.182e+00
#1284   700   1 | 5.78e-01 3.15e-02 +0.174  0.98 | 1.05e+00 1.38e-01 +0.191  0.97 | 1.3e+00 2.5e+00 1.400e+00
#1285  4763   1 | 1.12e+00 8.38e-04 -0.258  1.00 | 1.02e+00 1.93e-01 +0.396  0.89 | 1.8e+00 4.4e+00 2.174e+00
#1286  4005   1 | 1.17e+00 2.83e-03 +0.098  1.00 | 1.05e+00 2.18e-01 +0.195  0.96 | 1.8e+00 4.0e+00 2.428e+00
#1287  1131   1 | 1.07e+00 3.67e-03 +0.073  1.00 | 9.70e-01 8.84e-02 -0.018  1.01 | 1.3e+00 4.5e+00 2.099e+00
#1288  3834   1 | 5.80e-01 3.48e-03 +0.310  1.00 | 9.77e-01 3.40e-01 +0.364  0.87 | 1.8e+00 4.6e+00 1.164e+00
#1289  4736   1 | 9.71e-01 3.43e-03 +0.628  1.00 | 1.02e+00 2.76e-01 +0.323  0.90 | 1.8e+00 4.4e+00 1.870e+00
#1290   448   1 | 4.46e-01 4.91e-03 -0.090  1.00 | 1.00e+00 1.43e-01 +0.220  0.96 | 1.3e+00 3.4e+00 1.160e+00
#1291  1786   1 | 1.11e+00 2.10e-03 -0.362  1.00 | 1.06e+00 1.31e-01 +0.052  1.00 | 1.4e+00 3.7e+00 2.353e+00
#1292   699   1 | 1.14e+00 5.69e-02 +0.701  0.93 | 9.75e-01 1.53e-01 +0.076  1.00 | 1.3e+00 4.3e+00 2.171e+00
#1293  2666   1 | 8.94e-01 3.19e-03 +0.405  1.00 | 9.15e-01 1.74e-01 +0.140  0.98 | 1.6e+00 3.9e+00 1.620e+00
#1294  1968   1 | 9.76e-01 1.08e-03 +0.075  1.00 | 1.04e+00 2.64e-01 +0.276  0.92 | 1.8e+00 3.4e+00 1.957e+00
#1295  1429   1 | 1.15e+00 3.49e-03 -0.002  1.00 | 9.43e-01 1.36e-01 +0.166  0.97 | 1.2e+00 4.8e+00 2.178e+00
#1296  4883   1 | 1.14e+00 2.66e-03 +0.737  1.00 | 1.13e+00 3.30e-01 +0.367  0.87 | 1.8e+00 3.8e+00 2.423e+00
#1297  2139   1 | 1.02e+00 2.76e-03 -0.334  1.00 | 9.92e-01 2.37e-01 +0.026  1.04 | 1.6e+00 4.4e+00 2.076e+00
#1298   687   1 | 1.00e+00 5.86e-02 +0.402  0.96 | 1.07e+00 1.68e-01 +0.184  0.97 | 1.3e+00 4.4e+00 2.079e+00
#1299   288   1 | 1.32e+00 2.70e-03 +0.456  1.00 | 1.12e+00 1.13e-01 +0.110  0.99 | 1.2e+00 3.2e+00 2.989e+00
#1300  1786   1 | 1.21e+00 1.75e-03 -0.058  1.00 | 9.11e-01 1.30e-01 +0.172  0.97 | 1.3e+00 4.2e+00 2.261e+00
#1301  1975   1 | 5.49e-01 3.00e-03 +0.637  0.99 | 1.03e+00 1.98e-01 +0.221  0.95 | 1.6e+00 5.0e+00 1.306e+00
#1302   685   1 | 1.40e+00 4.29e-02 +0.569  0.97 | 1.01e+00 1.50e-01 -0.086  1.05 | 1.3e+00 2.8e+00 2.973e+00
#1303  2469   1 | 8.59e-01 2.71e-03 -0.004  1.00 | 9.10e-01 3.34e-01 +0.125  1.04 | 1.6e+00 3.5e+00 1.601e+00
#1304     1   1 | 5.53e-01 3.99e-03 -0.169  1.00 | 1.04e+00 1.05e-01 +0.028  1.00 | 1.2e+00 3.7e+00 1.398e+00
#1305  1690   1 | 1.17e+00 4.73e-03 +0.257  1.00 | 1.17e+00 3.28e-01 +0.321  0.90 | 1.2e+00 4.2e+00 2.592e+00
#1306  4860   1 | 1.03e+00 1.58e-03 -0.266  1.00 | 8.36e-01 3.05e-01 +0.434  0.82 | 1.6e+00 3.4e+00 1.630e+00
#1307  3903   1 | 7.36e-01 2.45e-03 +0.301  1.00 | 1.09e+00 2.70e-01 +0.004  1.06 | 1.8e+00 4.0e+00 1.794e+00
#1308   612   1 | 5.96e-01 2.85e-02 -0.579  1.06 | 1.08e+00 1.18e-01 +0.053  1.00 | 1.4e+00 3.4e+00 1.551e+00
#1309  4548   1 | 1.31e+00 2.95e-03 -0.820  1.00 | 1.01e+00 2.07e-01 +0.487  0.84 | 1.7e+00 4.3e+00 2.593e+00
#1310  3973   1 | 9.58e-01 5.80e-03 -0.882  1.01 | 1.06e+00 2.50e-01 +0.301  0.91 | 1.7e+00 5.1e+00 1.961e+00
#1311  3729   1 | 1.20e+00 2.20e-03 +0.006  1.00 | 9.89e-01 2.32e-01 +0.315  0.91 | 1.8e+00 3.8e+00 2.337e+00
#1312  1310   1 | 4.70e-01 4.53e-03 -0.099  1.00 | 9.87e-01 1.47e-01 +0.220  0.96 | 1.1e+00 3.8e+00 1.154e+00
#1313  1816   1 | 1.10e+00 2.14e-03 +0.666  1.00 | 1.08e+00 2.96e-01 +0.170  0.98 | 1.4e+00 4.3e+00 2.347e+00
#1314  3164   1 | 1.33e+00 1.74e-03 -0.111  1.00 | 1.00e+00 3.09e-01 +0.116  1.02 | 1.6e+00 4.4e+00 2.806e+00
#1315  3061   1 | 9.59e-01 1.84e-03 -0.860  1.00 | 1.03e+00 1.82e-01 +0.052  1.01 | 1.7e+00 3.2e+00 2.001e+00
#1316  1194   1 | 4.94e-01 2.50e-03 -0.381  1.00 | 1.12e+00 2.10e-01 +0.210  0.96 | 1.1e+00 3.6e+00 1.439e+00
#1317   751   1 | 1.05e+00 1.06e+00 +0.810  0.38 | 1.08e+00 3.69e-01 +0.170  1.00 | 2.7e+00 6.0e+00 1.600e+00
#1318     9   1 | 1.11e+00 4.26e-03 -0.146  1.00 | 9.82e-01 1.17e-01 +0.057  1.00 | 1.2e+00 4.2e+00 2.196e+00
#1319  3234   1 | 1.01e+00 2.10e-03 -0.498  1.00 | 9.45e-01 1.88e-01 +0.241  0.94 | 1.6e+00 3.1e+00 1.868e+00
#1320  3340   1 | 1.03e+00 2.39e-03 +0.370  1.00 | 1.13e+00 2.01e-01 +0.189  0.96 | 1.7e+00 3.1e+00 2.298e+00
#1321  1534   1 | 9.58e-01 1.57e-03 +0.466  1.00 | 1.07e+00 1.50e-01 +0.134  0.98 | 1.2e+00 4.9e+00 2.050e+00
#1322  3200   1 | 8.37e-01 2.93e-03 +0.038  1.00 | 9.54e-01 1.58e-01 +0.308  0.93 | 1.6e+00 3.5e+00 1.542e+00
#1323  1356   1 | 1.08e+00 2.97e-03 +0.883  1.00 | 9.93e-01 1.37e-01 +0.086  1.00 | 1.3e+00 4.7e+00 2.142e+00
#1324  1560   1 | 1.13e+00 2.53e-03 +0.353  1.00 | 1.05e+00 1.70e-01 +0.351  0.91 | 1.2e+00 4.8e+00 2.290e+00
#1325  4710   1 | 1.09e+00 1.84e-03 +0.216  1.00 | 9.68e-01 3.07e-01 +0.259  0.94 | 1.7e+00 3.8e+00 2.063e+00
#1326  1534   1 | 7.29e-01 2.73e-03 +0.484  1.00 | 9.46e-01 1.98e-01 +0.153  0.98 | 1.2e+00 4.0e+00 1.406e+00
#1327    18   1 | 6.58e-01 3.80e-03 -0.083  1.00 | 1.07e+00 1.54e-01 +0.326  0.93 | 1.1e+00 3.6e+00 1.494e+00
#1328  4284   1 | 1.23e+00 4.55e-03 -0.606  1.00 | 1.10e+00 2.93e-01 +0.321  0.90 | 1.5e+00 4.5e+00 2.625e+00
#1329  1100   1 | 1.32e+00 3.16e-03 +0.267  1.00 | 1.02e+00 1.33e-01 +0.095  0.99 | 1.2e+00 3.1e+00 2.765e+00
#1330  4373   1 | 9.80e-01 4.88e-03 +0.259  1.00 | 1.06e+00 1.81e-01 +0.368  0.90 | 1.6e+00 3.6e+00 1.968e+00
#1331   342   1 | 1.08e+00 3.13e-03 +0.026  1.00 | 1.04e+00 1.15e-01 +0.148  0.98 | 1.2e+00 4.8e+00 2.232e+00
#1332  1934   1 | 6.58e-01 2.24e-03 -0.277  1.00 | 1.07e+00 1.45e-01 +0.123  0.99 | 1.7e+00 3.9e+00 1.561e+00
#1333  2642   1 | 7.78e-01 1.80e-03 +0.401  1.00 | 9.59e-01 2.55e-01 +0.209  0.96 | 1.7e+00 5.1e+00 1.487e+00
#1334  1519   1 | 1.40e+00 4.51e-02 +0.560  0.97 | 1.01e+00 1.64e-01 -0.039  1.04 | 1.4e+00 3.9e+00 2.963e+00
#1335  1390   1 | 9.64e-01 2.71e-03 +0.776  1.00 | 1.06e+00 1.26e-01 +0.323  0.94 | 1.2e+00 4.0e+00 1.986e+00
#1336  3463   1 | 1.12e+00 2.24e-03 -0.648  1.00 | 1.06e+00 2.78e-01 +0.184  0.97 | 1.7e+00 3.9e+00 2.342e+00
#1337   811   1 | 8.24e-01 2.15e-02 +0.408  0.98 | 9.42e-01 7.22e-02 +0.106  0.99 | 1.7e+00 3.7e+00 1.542e+00
#1338  4455   1 | 1.01e+00 5.16e-03 +0.523  0.99 | 1.07e+00 2.04e-01 +0.366  0.90 | 1.6e+00 5.2e+00 2.044e+00
#1339   322   1 | 1.09e+00 4.81e-03 -0.076  1.00 | 9.37e-01 8.12e-02 -0.024  1.01 | 1.1e+00 3.4e+00 2.072e+00
#1340  1419   1 | 5.69e-01 3.98e-03 -0.068  1.00 | 9.77e-01 1.40e-01 +0.143  0.98 | 1.1e+00 3.1e+00 1.260e+00
#1341  2586   1 | 1.11e+00 1.76e-03 -0.483  1.00 | 1.13e+00 1.97e-01 +0.264  0.94 | 1.7e+00 4.4e+00 2.446e+00
#1342  1810   1 | 1.14e+00 1.60e-03 -0.026  1.00 | 9.88e-01 9.68e-02 +0.101  0.99 | 1.4e+00 3.4e+00 2.266e+00
#1343    73   1 | 7.05e-01 3.36e-03 -0.210  1.00 | 1.09e+00 1.60e-01 +0.190  0.97 | 1.2e+00 3.8e+00 1.640e+00
#1344  4092   1 | 7.32e-01 2.80e-03 -0.136  1.00 | 9.46e-01 2.37e-01 +0.304  0.91 | 1.8e+00 3.7e+00 1.350e+00
#1345  2686   1 | 1.31e+00 1.38e-03 -0.258  1.00 | 1.12e+00 2.08e-01 +0.227  0.95 | 1.6e+00 3.4e+00 2.920e+00
#1346  1316   1 | 9.60e-01 1.63e-03 +0.668  1.00 | 9.60e-01 1.62e-01 +0.151  0.98 | 1.2e+00 4.1e+00 1.821e+00
#1347  2728   1 | 9.09e-01 4.72e-03 -0.348  1.00 | 9.18e-01 3.67e-01 +0.122  1.06 | 1.6e+00 4.0e+00 1.723e+00
#1348  3787   1 | 1.00e+00 2.21e-03 +0.067  1.00 | 8.61e-01 3.19e-01 +0.297  0.92 | 1.8e+00 4.5e+00 1.687e+00
#1349  4748   1 | 6.11e-01 2.29e-03 +0.037  1.00 | 1.03e+00 2.32e-01 +0.383  0.88 | 1.6e+00 4.5e+00 1.303e+00
#1350  2438   1 | 1.30e+00 3.80e-03 -0.781  1.00 | 1.01e+00 3.64e-01 +0.329  0.89 | 1.5e+00 5.1e+00 2.624e+00
#1351   826   1 | 9.23e-01 8.33e-03 +0.836  0.98 | 9.51e-01 1.03e-01 +0.043  1.00 | 1.3e+00 3.9e+00 1.745e+00
#1352  2211   1 | 1.32e+00 4.52e-03 +0.212  1.00 | 1.02e+00 1.73e-01 +0.160  0.97 | 1.4e+00 3.2e+00 2.747e+00
#1353   821   1 | 9.65e-01 7.38e-02 +0.057  1.00 | 1.03e+00 9.43e-02 -0.047  1.02 | 1.4e+00 3.2e+00 2.012e+00
#1354  4745   1 | 1.08e+00 2.02e-03 +0.017  1.00 | 9.97e-01 2.06e-01 +0.361  0.89 | 1.6e+00 4.4e+00 2.060e+00
#1355  4072   1 | 1.29e+00 3.22e-03 +0.194  1.00 | 1.09e+00 2.79e-01 +0.284  0.92 | 1.7e+00 4.3e+00 2.769e+00
#1356  2529   1 | 1.34e+00 2.02e-03 -0.086  1.00 | 1.00e+00 1.94e-01 +0.126  0.99 | 1.6e+00 3.4e+00 2.791e+00
#1357    41   1 | 1.23e+00 1.74e-03 -0.011  1.00 | 9.89e-01 1.90e-01 +0.226  0.95 | 1.1e+00 3.7e+00 2.452e+00
#1358  2513   1 | 4.50e-01 3.54e-03 -0.092  1.00 | 1.00e+00 2.14e-01 +0.212  0.96 | 1.6e+00 4.3e+00 1.160e+00
#1359  4644   1 | 1.21e+00 3.67e-03 -0.040  1.00 | 1.05e+00 1.67e-01 +0.274  0.94 | 1.9e+00 4.2e+00 2.518e+00
#1360  3372   1 | 5.68e-01 2.96e-03 +0.066  1.00 | 1.03e+00 1.89e-01 +0.070  1.01 | 1.8e+00 4.5e+00 1.390e+00
#1361  1964   1 | 1.10e+00 2.09e-03 -0.775  1.00 | 9.82e-01 1.92e-01 -0.002  1.04 | 1.6e+00 4.2e+00 2.226e+00
#1362  3004   1 | 1.66e+00 3.49e-03 -0.128  1.00 | 9.65e-01 2.67e-01 +0.289  0.92 | 1.4e+00 3.8e+00 3.609e+00
#1363  1708   1 | 8.54e-01 2.59e-03 +0.213  1.00 | 9.10e-01 1.45e-01 +0.070  1.00 | 1.1e+00 3.7e+00 1.559e+00
#1364  4277   1 | 9.69e-01 3.19e-03 -0.375  1.00 | 1.07e+00 2.08e-01 +0.275  0.93 | 1.6e+00 3.3e+00 2.017e+00
#1365  2610   1 | 1.20e+00 2.60e-03 +0.182  1.00 | 9.11e-01 2.25e-01 +0.127  1.00 | 1.7e+00 4.5e+00 2.265e+00
#1366  2437   1 | 1.10e+00 3.27e-03 -0.472  1.00 | 1.08e+00 2.80e-01 +0.189  0.97 | 1.5e+00 3.7e+00 2.340e+00
#1367  3421   1 | 1.18e+00 2.41e-03 -0.254  1.00 | 9.58e-01 1.54e-01 +0.073  1.00 | 1.8e+00 4.2e+00 2.310e+00
#1368   823   1 | 1.08e+00 2.41e-03 +0.047  1.00 | 9.93e-01 1.51e-01 +0.074  1.00 | 1.1e+00 2.6e+00 2.154e+00
#1369  3630   1 | 1.26e+00 1.57e-03 +0.725  1.00 | 1.08e+00 2.89e-01 +0.237  0.94 | 1.8e+00 3.3e+00 2.701e+00
#1370  3030   1 | 1.30e+00 2.30e-03 -0.147  1.00 | 1.04e+00 1.56e-01 +0.242  0.95 | 1.5e+00 5.4e+00 2.710e+00
#1371  2649   1 | 9.71e-01 3.50e-03 +0.528  1.00 | 1.02e+00 2.61e-01 +0.071  1.03 | 1.7e+00 3.9e+00 2.005e+00
#1372  2450   1 | 1.08e+00 2.12e-03 +0.535  1.00 | 9.70e-01 2.40e-01 -0.030  1.08 | 1.6e+00 3.9e+00 2.167e+00
#1373  2662   1 | 1.02e+00 7.06e-03 +0.582  0.99 | 1.13e+00 2.16e-01 +0.258  0.94 | 1.6e+00 4.5e+00 2.241e+00
#1374  3137   1 | 1.13e+00 1.85e-03 +0.442  1.00 | 1.01e+00 2.71e-01 +0.233  0.95 | 1.6e+00 3.4e+00 2.226e+00
#1375   168   1 | 1.04e+00 1.52e-02 +0.369  0.99 | 1.02e+00 2.80e-02 +0.212  0.99 | 1.7e+00 4.0e+00 2.106e+00
#1376  1929   1 | 1.17e+00 2.51e-03 +0.356  1.00 | 1.17e+00 4.26e-01 +0.294  0.92 | 1.5e+00 4.2e+00 2.619e+00
#1377  4573   1 | 1.09e+00 2.72e-03 -0.159  1.00 | 9.68e-01 3.46e-01 +0.210  0.98 | 1.8e+00 4.0e+00 2.104e+00
#1378  2683   1 | 9.80e-01 2.04e-03 +0.360  1.00 | 1.04e+00 2.14e-01 +0.235  0.95 | 1.6e+00 3.7e+00 1.987e+00
#1379  4911   1 | 8.71e-01 2.82e-03 +0.367  1.00 | 9.15e-01 2.19e-01 +0.170  0.98 | 1.6e+00 3.9e+00 1.574e+00
#1380   279   1 | 5.53e-01 1.48e-02 -0.577  1.03 | 1.04e+00 1.32e-01 +0.036  1.01 | 1.1e+00 4.0e+00 1.409e+00
#1381  4377   1 | 1.13e+00 2.04e-03 -0.138  1.00 | 9.75e-01 1.56e-01 +0.290  0.93 | 1.5e+00 4.1e+00 2.163e+00
#1382  1895   1 | 7.39e-01 2.19e-03 -0.025  1.00 | 9.49e-01 1.11e-01 +0.029  1.01 | 1.4e+00 3.8e+00 1.454e+00
#1383  1762   1 | 4.70e-01 2.94e-03 +0.527  0.99 | 9.87e-01 1.55e-01 +0.277  0.94 | 1.2e+00 4.3e+00 1.134e+00
#1384  1444   1 | 1.29e+00 3.03e-03 +0.179  1.00 | 9.64e-01 1.99e-01 +0.275  0.93 | 1.1e+00 3.2e+00 2.539e+00
#1385  4839   1 | 1.11e+00 3.58e-03 +0.050  1.00 | 1.04e+00 1.93e-01 +0.090  1.00 | 1.8e+00 4.1e+00 2.307e+00
#1386  1928   1 | 8.27e-01 5.48e-03 -0.138  1.00 | 9.54e-01 2.08e-01 +0.188  0.97 | 1.5e+00 3.8e+00 1.564e+00
#1387   777   1 | 5.96e-01 2.95e-02 -0.579  1.06 | 1.08e+00 6.10e-02 -0.025  1.01 | 1.5e+00 4.0e+00 1.558e+00
#1388  2668   1 | 5.16e-01 2.93e-03 +0.007  1.00 | 9.97e-01 2.82e-01 +0.274  0.93 | 1.7e+00 4.3e+00 1.185e+00
#1389  1079   1 | 1.11e+00 4.64e-03 +0.065  1.00 | 9.80e-01 8.26e-02 +0.276  0.96 | 1.1e+00 2.9e+00 2.161e+00
#1390  1489   1 | 8.22e-01 2.99e-03 -0.546  1.00 | 1.01e+00 1.02e-01 +0.161  0.98 | 1.2e+00 4.0e+00 1.682e+00
#1391  1255   1 | 1.05e+00 4.82e-03 -0.096  1.00 | 1.08e+00 1.19e-01 +0.076  1.00 | 1.2e+00 4.6e+00 2.269e+00
#1392  3282   1 | 7.11e-01 2.70e-03 +0.348  1.00 | 1.00e+00 1.32e-01 +0.187  0.97 | 1.7e+00 3.4e+00 1.477e+00
#1393  2355   1 | 5.81e-01 2.46e-03 +0.138  1.00 | 1.05e+00 1.26e-01 +0.231  0.96 | 1.3e+00 4.6e+00 1.399e+00
#1394  2102   1 | 9.72e-01 2.26e-03 +0.263  1.00 | 1.06e+00 1.69e-01 +0.206  0.96 | 1.6e+00 3.5e+00 2.017e+00
#1395  2173   1 | 1.38e+00 1.35e-03 -0.657  1.00 | 1.03e+00 2.28e-01 +0.226  0.95 | 1.7e+00 3.7e+00 2.911e+00
#1396   805   1 | 9.98e-01 8.31e-03 +0.680  0.99 | 9.45e-01 1.61e-01 +0.171  0.97 | 1.1e+00 3.9e+00 1.852e+00
#1397  3046   1 | 1.06e+00 2.92e-03 -0.109  1.00 | 1.03e+00 2.06e-01 +0.096  1.00 | 1.5e+00 3.9e+00 2.180e+00
#1398  3327   1 | 1.29e+00 2.59e-03 +0.512  1.00 | 9.27e-01 2.06e-01 +0.251  0.94 | 1.6e+00 3.7e+00 2.466e+00
#1399  1398   1 | 1.22e+00 2.81e-03 -0.431  1.00 | 1.10e+00 1.26e-01 +0.287  0.95 | 1.1e+00 4.2e+00 2.654e+00
#1400  3198   1 | 1.11e+00 2.48e-03 -0.195  1.00 | 1.05e+00 2.71e-01 +0.315  0.90 | 1.5e+00 3.9e+00 2.240e+00
#1401  4478   1 | 4.93e-01 4.44e-03 -0.349  1.01 | 1.12e+00 2.67e-01 +0.279  0.92 | 1.6e+00 3.9e+00 1.398e+00
#1402  1327   1 | 1.15e+00 2.87e-03 +0.040  1.00 | 9.43e-01 1.60e-01 +0.076  1.00 | 1.2e+00 3.6e+00 2.205e+00
#1403  3820   1 | 1.08e+00 2.24e-03 +0.430  1.00 | 1.02e+00 2.73e-01 +0.227  0.95 | 1.9e+00 4.5e+00 2.152e+00
#1404  4465   1 | 1.03e+00 9.05e-04 +0.547  1.00 | 9.92e-01 2.34e-01 +0.087  1.01 | 1.5e+00 3.9e+00 2.060e+00
#1405  1705   1 | 1.04e+00 1.64e-03 -0.424  1.00 | 8.36e-01 1.09e-01 +0.185  0.97 | 1.2e+00 3.2e+00 1.764e+00
#1406  1946   1 | 1.10e+00 2.45e-03 +0.459  1.00 | 1.08e+00 2.45e-01 +0.171  0.97 | 1.6e+00 4.7e+00 2.338e+00
#1407   263   1 | 8.24e-01 8.36e-03 +0.439  0.99 | 9.42e-01 1.83e-01 +0.050  1.02 | 1.1e+00 3.7e+00 1.576e+00
#1408  2878   1 | 1.11e+00 3.77e-03 +0.312  1.00 | 1.06e+00 3.16e-01 +0.120  1.02 | 1.6e+00 3.9e+00 2.375e+00
#1409  1374   1 | 1.02e+00 2.66e-03 +0.709  1.00 | 1.13e+00 2.41e-01 +0.283  0.92 | 1.2e+00 3.5e+00 2.218e+00
#1410  4195   1 | 1.09e+00 6.11e-03 +0.174  1.00 | 1.02e+00 2.04e-01 +0.254  0.94 | 1.7e+00 4.8e+00 2.164e+00
#1411  2278   1 | 1.66e+00 1.99e-03 +0.013  1.00 | 9.65e-01 2.40e-01 +0.161  0.98 | 1.4e+00 3.5e+00 3.656e+00
#1412   797   1 | 1.23e+00 8.19e-03 +0.666  0.99 | 9.89e-01 2.07e-01 +0.237  0.94 | 1.1e+00 3.4e+00 2.431e+00
#1413  3542   1 | 7.38e-01 3.07e-03 +0.232  1.00 | 9.46e-01 1.61e-01 +0.066  1.01 | 1.8e+00 4.2e+00 1.445e+00
#1414  4272   1 | 1.29e+00 4.38e-03 -0.842  1.01 | 1.01e+00 5.52e-01 +0.414  0.85 | 1.5e+00 5.0e+00 2.538e+00
#1415  2807   1 | 8.62e-01 1.67e-03 +0.191  1.00 | 9.10e-01 1.95e-01 +0.120  0.99 | 1.5e+00 4.0e+00 1.566e+00
#1416  3394   1 | 9.04e-01 3.39e-03 -0.053  1.00 | 9.15e-01 2.76e-01 +0.086  1.04 | 1.7e+00 4.4e+00 1.686e+00
#1417   365   1 | 1.35e+00 2.84e-03 +0.648  1.00 | 1.00e+00 1.45e-01 +0.145  0.98 | 1.2e+00 4.3e+00 2.793e+00
#1418  1905   1 | 1.14e+00 1.95e-03 +0.284  1.00 | 9.88e-01 1.22e-01 +0.012  1.01 | 1.5e+00 3.8e+00 2.286e+00
#1419   765   1 | 9.57e-01 1.31e-02 +0.274  0.99 | 1.07e+00 2.19e-02 +0.078  1.00 | 1.9e+00 4.1e+00 2.061e+00
#1420  1918   1 | 4.95e-01 3.38e-03 -0.202  1.00 | 1.12e+00 2.91e-01 +0.104  1.01 | 1.6e+00 3.9e+00 1.511e+00
#1421  4358   1 | 5.52e-01 2.47e-03 +0.152  1.00 | 1.04e+00 2.50e-01 +0.317  0.91 | 1.6e+00 4.2e+00 1.288e+00
#1422    50   1 | 1.31e+00 3.09e-03 -0.369  1.00 | 1.04e+00 1.68e-01 +0.128  0.98 | 1.2e+00 3.8e+00 2.774e+00
#1423  1221   1 | 1.08e+00 2.05e-03 +0.652  1.00 | 9.93e-01 1.45e-01 +0.151  0.98 | 1.2e+00 3.5e+00 2.128e+00
#1424   112   1 | 6.23e-01 2.03e-03 -0.520  1.00 | 1.03e+00 1.56e-01 +0.050  1.01 | 1.2e+00 4.2e+00 1.456e+00
#1425  3740   1 | 9.54e-01 4.91e-03 +0.850  0.99 | 1.03e+00 2.65e-01 +0.137  1.00 | 1.8e+00 3.7e+00 1.961e+00
#1426  3908   1 | 1.08e+00 1.08e-03 +0.339  1.00 | 1.13e+00 2.33e-01 +0.270  0.93 | 1.5e+00 3.4e+00 2.370e+00
#1427  3977   1 | 7.52e-01 2.76e-03 +0.380  1.00 | 9.49e-01 1.69e-01 +0.294  0.93 | 1.5e+00 3.7e+00 1.400e+00
#1428  2236   1 | 1.29e+00 2.09e-03 +0.119  1.00 | 1.08e+00 2.00e-01 +0.136  0.98 | 1.3e+00 3.7e+00 2.804e+00
#1429  1760   1 | 8.27e-01 3.87e-03 -0.477  1.00 | 9.54e-01 1.90e-01 +0.252  0.94 | 1.2e+00 3.2e+00 1.541e+00
#1430  1359   1 | 7.05e-01 1.83e-03 +0.301  1.00 | 1.09e+00 1.47e-01 +0.063  1.00 | 1.2e+00 4.1e+00 1.682e+00
#1431  3952   1 | 1.10e+00 1.86e-03 +0.427  1.00 | 9.75e-01 1.87e-01 +0.243  0.94 | 1.5e+00 4.2e+00 2.112e+00
#1432  4700   1 | 1.22e+00 2.20e-03 -0.648  1.00 | 9.11e-01 2.28e-01 +0.345  0.89 | 1.6e+00 3.4e+00 2.232e+00
#1433  4352   1 | 9.06e-01 3.55e-03 -0.187  1.00 | 9.18e-01 2.53e-01 +0.218  0.96 | 1.4e+00 4.5e+00 1.628e+00
#1434   405   1 | 1.32e+00 3.78e-02 +0.643  0.96 | 1.12e+00 9.69e-02 +0.140  0.98 | 1.1e+00 4.9e+00 2.923e+00
#1435   874   1 | 1.18e+00 2.10e-02 +0.456  0.98 | 9.58e-01 5.40e-02 +0.048  1.00 | 1.5e+00 3.5e+00 2.283e+00
#1436   580   1 | 1.08e+00 2.61e-02 +0.451  0.98 | 9.68e-01 1.39e-01 +0.233  0.95 | 1.1e+00 4.5e+00 2.043e+00
#1437  1798   1 | 5.48e-01 5.04e-03 -0.054  1.00 | 1.03e+00 1.83e-01 +0.178  0.97 | 1.3e+00 3.4e+00 1.325e+00
#1438  3957   1 | 9.75e-01 1.64e-03 -0.281  1.00 | 1.02e+00 2.16e-01 +0.157  0.98 | 1.5e+00 3.6e+00 1.966e+00
#1439  2050   1 | 1.13e+00 1.83e-03 +0.725  1.00 | 1.05e+00 2.13e-01 +0.332  0.91 | 1.7e+00 4.3e+00 2.276e+00
#1440   994   1 | 1.02e+00 1.67e-02 +0.129  1.00 | 9.92e-01 1.62e-01 +0.118  0.99 | 1.2e+00 3.3e+00 2.018e+00
#1441  1581   1 | 6.58e-01 2.92e-03 -0.010  1.00 | 1.07e+00 1.31e-01 +0.366  0.93 | 1.2e+00 4.8e+00 1.492e+00
#1442   907   1 | 9.98e-01 7.47e-02 -0.145  1.03 | 8.61e-01 1.27e-01 +0.111  0.99 | 1.2e+00 3.4e+00 1.757e+00
#1443  1218   1 | 1.40e+00 8.59e-03 +0.566  0.99 | 1.01e+00 1.44e-01 -0.041  1.03 | 1.2e+00 4.1e+00 3.010e+00
#1444  4434   1 | 1.30e+00 1.63e-03 +0.637  1.00 | 9.64e-01 1.79e-01 +0.443  0.87 | 1.4e+00 4.0e+00 2.498e+00
#1445  2954   1 | 9.68e-01 3.02e-03 +0.179  1.00 | 9.60e-01 2.07e-01 +0.222  0.95 | 1.5e+00 4.2e+00 1.812e+00
#1446  4996   1 | 5.70e-01 4.37e-03 +0.439  0.99 | 1.08e+00 2.15e-01 +0.178  0.97 | 1.3e+00 4.3e+00 1.461e+00
#1447   200   1 | 9.65e-01 1.70e-02 -0.074  1.00 | 1.06e+00 1.53e-01 +0.283  0.94 | 1.1e+00 4.2e+00 1.997e+00
#1448  4377   1 | 1.19e+00 2.58e-03 -0.504  1.00 | 1.05e+00 1.79e-01 +0.349  0.91 | 1.4e+00 3.9e+00 2.429e+00
#1449  1194   1 | 1.00e+00 2.65e-02 +0.398  0.98 | 1.07e+00 1.63e-01 +0.202  0.96 | 1.1e+00 3.5e+00 2.095e+00
#1450  3618   1 | 1.07e+00 3.08e-03 -0.636  1.00 | 9.97e-01 2.47e-01 +0.184  0.97 | 1.6e+00 4.1e+00 2.106e+00
#1451  1779   1 | 1.29e+00 1.01e-02 +0.315  1.00 | 9.27e-01 2.19e-01 +0.240  0.94 | 1.3e+00 3.3e+00 2.478e+00
#1452  4478   1 | 1.10e+00 4.47e-03 -0.243  1.00 | 9.82e-01 2.03e-01 +0.271  0.93 | 1.4e+00 4.0e+00 2.114e+00
#1453  1055   1 | 1.07e+00 2.36e-02 -0.014  1.00 | 9.70e-01 6.92e-02 +0.008  1.00 | 1.2e+00 4.1e+00 2.094e+00
#1454   500   1 | 1.12e+00 9.40e-02 +0.032  1.00 | 1.01e+00 6.74e-02 +0.100  0.99 | 1.5e+00 4.3e+00 2.265e+00
#1455  1182   1 | 1.11e+00 1.40e-02 +0.240  0.99 | 9.80e-01 9.91e-02 +0.241  0.96 | 1.2e+00 2.7e+00 2.155e+00
#1456  3954   1 | 5.77e-01 5.79e-03 +0.643  0.99 | 9.77e-01 3.14e-01 +0.344  0.88 | 1.5e+00 4.1e+00 1.171e+00
#1457  4903   1 | 1.17e+00 3.00e-02 -0.452  1.02 | 1.17e+00 5.06e-01 +0.369  0.87 | 1.5e+00 4.6e+00 2.587e+00
#1458  1245   1 | 1.08e+00 1.61e-02 +0.786  0.98 | 1.04e+00 1.38e-01 +0.219  0.96 | 1.2e+00 3.6e+00 2.181e+00
#1459  1682   1 | 1.04e+00 2.95e-03 +0.272  1.00 | 8.36e-01 1.23e-01 +0.090  1.00 | 1.1e+00 3.6e+00 1.779e+00
#1460  4396   1 | 1.32e+00 1.08e-03 -0.116  1.00 | 1.02e+00 1.84e-01 +0.275  0.93 | 1.4e+00 4.3e+00 2.724e+00
#1461  4100   1 | 1.29e+00 3.48e-03 -0.208  1.00 | 1.09e+00 2.48e-01 +0.214  0.95 | 1.7e+00 4.1e+00 2.816e+00
#1462  3219   1 | 7.10e-01 2.74e-03 -0.535  1.00 | 1.00e+00 2.10e-01 +0.215  0.95 | 1.6e+00 4.0e+00 1.465e+00
#1463  2153   1 | 1.22e+00 3.70e-03 -0.357  1.00 | 1.10e+00 1.87e-01 +0.284  0.93 | 1.6e+00 4.0e+00 2.637e+00
#1464  1073   1 | 9.75e-01 6.76e-03 +0.737  0.99 | 1.04e+00 1.59e-01 +0.351  0.92 | 1.1e+00 3.9e+00 1.936e+00
#1465  4922   1 | 1.05e+00 3.46e-03 +0.414  1.00 | 1.02e+00 3.33e-01 +0.420  0.83 | 1.8e+00 4.6e+00 1.973e+00
#1466  2136   1 | 1.00e+00 2.01e-03 +0.228  1.00 | 9.45e-01 1.84e-01 +0.173  0.97 | 1.7e+00 4.2e+00 1.868e+00
#1467  3025   1 | 4.53e-01 1.84e-03 +0.261  1.00 | 1.00e+00 1.64e-01 +0.247  0.95 | 1.6e+00 3.7e+00 1.153e+00
#1468  4104   1 | 1.14e+00 2.47e-03 +0.162  1.00 | 9.43e-01 1.48e-01 +0.124  0.99 | 1.9e+00 3.7e+00 2.173e+00
#1469  1773   1 | 4.70e-01 2.48e-03 +0.118  1.00 | 9.87e-01 1.53e-01 +0.317  0.93 | 1.1e+00 3.2e+00 1.124e+00
#1470  1457   1 | 8.22e-01 4.25e-03 +0.848  0.99 | 1.01e+00 8.35e-02 +0.213  0.97 | 1.1e+00 4.5e+00 1.667e+00
#1471    48   1 | 1.09e+00 2.13e-03 +0.597  1.00 | 9.37e-01 9.92e-02 -0.020  1.02 | 1.2e+00 4.6e+00 2.072e+00
#1472  2878   1 | 1.38e+00 1.27e-03 -0.702  1.00 | 1.03e+00 2.34e-01 +0.079  1.02 | 1.8e+00 3.2e+00 2.993e+00
#1473  1886   1 | 9.20e-01 4.87e-03 +0.251  1.00 | 9.51e-01 1.61e-01 +0.282  0.93 | 1.7e+00 4.4e+00 1.688e+00
#1474  3866   1 | 5.90e-01 2.79e-03 +0.391  1.00 | 1.05e+00 2.20e-01 +0.185  0.97 | 2.0e+00 3.8e+00 1.417e+00
#1475   617   1 | 5.12e-01 3.07e-03 +0.240  1.00 | 9.97e-01 1.62e-01 +0.118  0.99 | 1.1e+00 3.8e+00 1.244e+00
#1476  3404   1 | 9.84e-01 8.17e-04 +0.011  1.00 | 1.06e+00 2.60e-01 +0.170  0.98 | 2.1e+00 4.0e+00 2.061e+00
#1477  3278   1 | 1.02e+00 2.88e-03 -0.356  1.00 | 1.08e+00 2.32e-01 +0.283  0.92 | 1.6e+00 3.6e+00 2.135e+00
#1478   723   1 | 1.07e+00 3.21e-02 +0.524  0.97 | 1.03e+00 1.19e-01 +0.034  1.01 | 1.2e+00 3.9e+00 2.173e+00
#1479  2595   1 | 7.78e-01 2.63e-03 +0.741  1.00 | 9.59e-01 2.56e-01 -0.028  1.09 | 2.0e+00 4.4e+00 1.601e+00
#1480  4732   1 | 6.89e-01 1.73e-03 -0.293  1.00 | 1.09e+00 2.68e-01 +0.344  0.89 | 2.0e+00 4.2e+00 1.530e+00
#1481  1765   1 | 8.27e-01 3.43e-03 -0.141  1.00 | 9.54e-01 2.15e-01 +0.284  0.92 | 1.1e+00 3.4e+00 1.524e+00
#1482  3211   1 | 1.19e+00 1.51e-03 -0.814  1.00 | 9.11e-01 1.60e-01 +0.350  0.91 | 2.0e+00 4.3e+00 2.168e+00
#1483  2836   1 | 1.30e+00 1.88e-03 -0.485  1.00 | 1.01e+00 2.73e-01 +0.276  0.92 | 2.0e+00 4.0e+00 2.638e+00
#1484  3437   1 | 1.41e+00 2.53e-03 -0.078  1.00 | 1.01e+00 2.54e-01 +0.003  1.06 | 2.2e+00 4.5e+00 3.072e+00
#1485  4099   1 | 9.79e-01 2.57e-03 -0.549  1.00 | 1.02e+00 2.41e-01 +0.218  0.95 | 2.1e+00 4.2e+00 1.948e+00
#1486   450   1 | 8.24e-01 4.50e-03 +0.240  1.00 | 9.42e-01 2.08e-01 +0.149  0.98 | 1.2e+00 5.5e+00 1.549e+00
#1487  2151   1 | 1.06e+00 1.29e-03 +0.552  1.00 | 1.03e+00 1.90e-01 +0.036  1.02 | 1.8e+00 4.2e+00 2.215e+00
#1488  1484   1 | 1.04e+00 3.85e-03 +0.471  1.00 | 1.02e+00 1.50e-01 +0.148  0.98 | 1.1e+00 3.8e+00 2.099e+00
#1489  1009   1 | 9.69e-01 2.45e-02 -0.066  1.00 | 1.06e+00 2.73e-02 -0.101  1.01 | 1.6e+00 4.7e+00 2.069e+00
#1490  1733   1 | 5.98e-01 2.79e-03 -0.180  1.00 | 1.08e+00 1.45e-01 +0.037  1.01 | 1.2e+00 4.0e+00 1.543e+00
#1491   896   1 | 1.14e+00 1.24e-02 -0.144  1.00 | 9.88e-01 2.93e-02 -0.099  1.01 | 1.7e+00 4.1e+00 2.290e+00
#1492   215   1 | 1.23e+00 2.03e-03 +0.133  1.00 | 9.89e-01 1.45e-01 +0.235  0.95 | 1.1e+00 4.1e+00 2.453e+00
#1493  3226   1 | 7.35e-01 1.11e-03 -0.468  1.00 | 9.46e-01 2.02e-01 +0.149  0.98 | 1.6e+00 4.0e+00 1.420e+00
#1494  1938   1 | 4.95e-01 1.86e-03 -0.431  1.00 | 1.12e+00 2.39e-01 +0.241  0.94 | 1.7e+00 4.2e+00 1.423e+00
#1495  2157   1 | 9.08e-01 3.40e-03 -0.245  1.00 | 9.18e-01 2.82e-01 +0.222  0.96 | 1.8e+00 3.5e+00 1.632e+00
#1496  2868   1 | 1.10e+00 2.80e-03 +0.932  1.00 | 1.08e+00 2.61e-01 +0.260  0.93 | 1.8e+00 4.1e+00 2.289e+00
#1497  2553   1 | 1.30e+00 2.23e-03 -0.055  1.00 | 1.04e+00 3.35e-01 +0.201  0.97 | 1.9e+00 3.9e+00 2.746e+00
#1498  1664   1 | 1.00e+00 2.05e-02 +0.363  0.99 | 1.07e+00 1.99e-01 +0.200  0.96 | 1.1e+00 4.8e+00 2.097e+00
#1499  2490   1 | 1.00e+00 1.72e-03 -0.326  1.00 | 8.61e-01 2.86e-01 +0.134  1.02 | 1.8e+00 4.2e+00 1.758e+00
#1500  3634   1 | 1.30e+00 2.61e-03 +0.422  1.00 | 9.64e-01 2.42e-01 +0.159  0.98 | 2.3e+00 4.4e+00 2.605e+00
#1501   845   1 | 9.74e-01 2.91e-02 +0.744  0.96 | 1.04e+00 2.62e-02 +0.278  0.99 | 1.4e+00 5.1e+00 1.981e+00
#1502   663   1 | 1.32e+00 6.45e-03 +0.321  1.00 | 1.02e+00 1.42e-01 +0.071  1.00 | 1.0e+00 4.7e+00 2.770e+00
#1503  3569   1 | 4.58e-01 2.13e-03 -0.626  1.01 | 1.00e+00 3.08e-01 +0.041  1.07 | 2.3e+00 3.7e+00 1.284e+00
#1504  3154   1 | 9.02e-01 4.07e-03 +0.020  1.00 | 9.51e-01 2.49e-01 +0.343  0.89 | 1.8e+00 3.8e+00 1.618e+00
#1505   406   1 | 1.13e+00 4.18e-03 +0.343  1.00 | 1.05e+00 1.89e-01 +0.306  0.92 | 1.1e+00 4.0e+00 2.304e+00
#1506  3510   1 | 6.45e-01 1.95e-03 -0.573  1.00 | 1.03e+00 2.26e-01 +0.118  1.00 | 2.2e+00 4.1e+00 1.472e+00
#1507  1596   1 | 1.65e+00 5.14e-03 -0.108  1.00 | 9.65e-01 2.49e-01 +0.122  1.00 | 1.1e+00 4.4e+00 3.673e+00
#1508   161   1 | 1.38e+00 1.10e-02 +0.293  1.00 | 1.03e+00 9.23e-02 +0.079  0.99 | 1.0e+00 4.6e+00 2.941e+00
#1509  4440   1 | 5.66e-01 3.65e-03 +0.248  1.00 | 9.77e-01 1.83e-01 +0.380  0.89 | 1.8e+00 4.3e+00 1.171e+00
#1510  2555   1 | 1.02e+00 2.83e-03 -0.157  1.00 | 1.13e+00 1.66e-01 +0.240  0.95 | 1.8e+00 3.8e+00 2.266e+00
#1511  4372   1 | 1.13e+00 1.98e-03 +0.159  1.00 | 9.75e-01 2.35e-01 +0.303  0.91 | 1.6e+00 3.4e+00 2.140e+00
#1512   590   1 | 1.29e+00 2.31e-02 -0.125  1.00 | 1.08e+00 1.98e-01 +0.111  0.99 | 1.1e+00 4.0e+00 2.836e+00
#1513  2301   1 | 1.07e+00 2.24e-03 -0.311  1.00 | 9.97e-01 2.10e-01 +0.262  0.93 | 1.6e+00 4.1e+00 2.085e+00
#1514  1136   1 | 7.38e-01 1.48e-03 -0.794  1.00 | 9.49e-01 1.84e-01 +0.075  1.01 | 1.1e+00 3.6e+00 1.455e+00
#1515  2367   1 | 1.30e+00 3.43e-03 -0.097  1.00 | 1.09e+00 2.49e-01 +0.241  0.94 | 1.7e+00 4.5e+00 2.825e+00
#1516  4724   1 | 1.12e+00 4.73e-03 +0.233  1.00 | 1.02e+00 2.37e-01 +0.328  0.90 | 1.8e+00 4.3e+00 2.186e+00
#1517  4718   1 | 1.34e+00 2.03e-03 +0.291  1.00 | 1.12e+00 3.47e-01 +0.324  0.90 | 1.6e+00 3.9e+00 2.908e+00
#1518  1388   1 | 8.89e-01 1.69e-03 +0.706  1.00 | 9.15e-01 1.64e-01 -0.008  1.03 | 1.2e+00 3.0e+00 1.654e+00
#1519  3078   1 | 4.74e-01 1.99e-03 +0.418  1.00 | 9.87e-01 2.14e-01 +0.306  0.91 | 1.9e+00 3.6e+00 1.115e+00
#1520  2326   1 | 1.08e+00 2.78e-03 +0.224  1.00 | 9.93e-01 1.46e-01 +0.054  1.01 | 1.6e+00 4.3e+00 2.152e+00
#1521  3311   1 | 9.74e-01 1.81e-03 +0.313  1.00 | 1.07e+00 2.04e-01 +0.264  0.94 | 1.8e+00 4.1e+00 2.028e+00
#1522  2205   1 | 1.11e+00 2.87e-03 +0.725  1.00 | 9.80e-01 2.20e-01 +0.363  0.89 | 1.5e+00 4.3e+00 2.078e+00
#1523  3541   1 | 1.01e+00 1.94e-03 -0.465  1.00 | 1.08e+00 3.40e-01 +0.295  0.91 | 2.2e+00 4.4e+00 2.103e+00
#1524  2633   1 | 1.14e+00 1.53e-03 +0.318  1.00 | 9.43e-01 2.16e-01 +0.156  0.98 | 1.8e+00 3.4e+00 2.181e+00
#1525  3868   1 | 9.55e-01 2.62e-03 +0.165  1.00 | 1.03e+00 1.87e-01 +0.271  0.93 | 1.9e+00 3.6e+00 1.906e+00
#1526  1153   1 | 5.46e-01 4.99e-03 +0.506  0.99 | 1.03e+00 2.17e-01 +0.170  0.97 | 1.1e+00 3.9e+00 1.325e+00
#1527  4889   1 | 7.49e-01 1.80e-03 -0.880  1.00 | 9.59e-01 3.30e-01 +0.318  0.90 | 1.9e+00 4.2e+00 1.391e+00
#1528  4902   1 | 1.03e+00 3.38e-03 -0.354  1.00 | 8.36e-01 3.10e-01 +0.411  0.83 | 1.7e+00 3.7e+00 1.641e+00
#1529  1925   1 | 1.22e+00 3.73e-03 +0.489  1.00 | 1.10e+00 2.50e-01 +0.266  0.93 | 1.7e+00 4.2e+00 2.626e+00
#1530  3502   1 | 1.18e+00 1.66e-03 -0.304  1.00 | 9.58e-01 2.54e-01 +0.100  1.02 | 2.0e+00 3.9e+00 2.324e+00
#1531  4204   1 | 9.80e-01 1.83e-03 -0.090  1.00 | 9.60e-01 1.78e-01 +0.091  1.00 | 1.9e+00 4.0e+00 1.882e+00
#1532  4792   1 | 8.35e-01 2.18e-03 +0.437  1.00 | 9.10e-01 2.36e-01 +0.258  0.93 | 1.9e+00 4.3e+00 1.469e+00
#1533  3593   1 | 1.32e+00 1.26e-03 +0.117  1.00 | 1.00e+00 3.87e-01 +0.138  1.04 | 2.3e+00 4.1e+00 2.802e+00
#1534   475   1 | 1.11e+00 4.82e-02 +0.130  0.99 | 9.82e-01 8.48e-02 -0.010  1.01 | 1.2e+00 4.0e+00 2.192e+00
#1535   804   1 | 1.08e+00 2.15e-02 +0.784  0.97 | 1.04e+00 1.38e-01 +0.166  0.97 | 1.1e+00 4.1e+00 2.189e+00
#1536   102   1 | 1.12e+00 7.18e-04 -0.008  1.00 | 1.01e+00 1.68e-01 +0.130  0.98 | 1.1e+00 3.6e+00 2.257e+00
#1537  1779   1 | 5.13e-01 1.39e-03 -0.170  1.00 | 9.97e-01 1.55e-01 +0.081  1.00 | 1.4e+00 3.4e+00 1.256e+00
#1538  1668   1 | 1.17e+00 6.08e-03 +0.207  1.00 | 1.17e+00 2.73e-01 +0.293  0.92 | 1.1e+00 4.4e+00 2.618e+00
#1539  2325   1 | 1.07e+00 1.73e-03 +0.489  1.00 | 9.70e-01 1.58e-01 +0.134  0.98 | 1.5e+00 3.3e+00 2.078e+00
#1540  3076   1 | 5.86e-01 1.47e-03 -0.287  1.00 | 1.05e+00 2.46e-01 +0.257  0.93 | 1.8e+00 3.4e+00 1.379e+00
#1541  1863   1 | 1.20e+00 5.16e-03 -0.404  1.00 | 1.05e+00 3.16e-01 +0.119  1.02 | 1.7e+00 4.9e+00 2.583e+00
#1542  3462   1 | 1.12e+00 3.67e-03 +0.533  1.00 | 1.06e+00 2.85e-01 +0.145  0.99 | 1.8e+00 4.2e+00 2.359e+00
#1543  3486   1 | 1.07e+00 3.11e-03 +0.174  1.00 | 9.68e-01 2.64e-01 +0.164  0.98 | 2.0e+00 4.3e+00 2.073e+00
#1544  2254   1 | 1.09e+00 2.22e-03 -0.308  1.00 | 9.37e-01 2.20e-01 +0.055  1.03 | 1.5e+00 3.3e+00 2.096e+00
#1545  3271   1 | 1.29e+00 2.02e-03 +0.205  1.00 | 9.27e-01 3.80e-01 +0.313  0.91 | 1.7e+00 4.1e+00 2.446e+00
#1546   648   1 | 6.58e-01 5.07e-02 -0.518  1.09 | 1.07e+00 3.11e-02 +0.270  0.99 | 2.3e+00 4.2e+00 1.597e+00
#1547  3089   1 | 9.59e-01 1.25e-03 +0.776  1.00 | 1.06e+00 2.12e-01 +0.190  0.96 | 1.8e+00 4.0e+00 2.009e+00
#1548  2389   1 | 5.59e-01 4.23e-03 +0.071  1.00 | 1.04e+00 1.55e-01 +0.163  0.97 | 1.6e+00 3.8e+00 1.369e+00
#1549   756   1 | 7.01e-01 1.37e-02 -0.091  1.00 | 1.00e+00 4.62e-02 +0.081  0.99 | 1.5e+00 3.6e+00 1.493e+00
#1550   451   1 | 8.21e-01 4.09e-03 -0.026  1.00 | 1.01e+00 1.07e-01 +0.213  0.97 | 1.1e+00 4.2e+00 1.666e+00
#1551  1163   1 | 1.12e+00 1.61e-02 +0.436  0.99 | 1.13e+00 2.23e-01 +0.044  1.02 | 1.1e+00 3.9e+00 2.554e+00
#1552  4664   1 | 1.03e+00 2.66e-03 +0.545  1.00 | 9.92e-01 1.82e-01 +0.256  0.94 | 1.8e+00 4.1e+00 1.982e+00
#1553  3702   1 | 1.02e+00 5.64e-03 -0.084  1.00 | 9.45e-01 1.94e-01 +0.165  0.97 | 1.7e+00 4.3e+00 1.914e+00
#1554  4421   1 | 9.71e-01 1.89e-03 -0.087  1.00 | 1.06e+00 2.11e-01 +0.376  0.89 | 1.7e+00 3.7e+00 1.950e+00
#1555  1861   1 | 4.95e-01 3.26e-03 -0.476  1.01 | 1.12e+00 2.41e-01 +0.271  0.93 | 1.5e+00 5.0e+00 1.407e+00
#1556   266   1 | 1.32e+00 1.10e-01 +0.663  0.90 | 1.12e+00 6.80e-02 +0.067  1.00 | 1.5e+00 3.2e+00 2.821e+00
#1557  1134   1 | 1.38e+00 4.36e-03 +0.169  1.00 | 1.03e+00 1.73e-01 +0.192  0.96 | 1.1e+00 3.8e+00 2.916e+00
#1558  1754   1 | 6.58e-01 3.99e-03 -0.175  1.00 | 1.07e+00 1.62e-01 +0.330  0.92 | 1.1e+00 4.2e+00 1.490e+00
#1559  3882   1 | 1.10e+00 1.95e-03 +0.208  1.00 | 1.08e+00 2.38e-01 +0.340  0.90 | 1.7e+00 4.2e+00 2.265e+00
#1560   653   1 | 5.53e-01 4.38e-02 -0.525  1.09 | 1.04e+00 6.31e-02 +0.062  1.00 | 1.4e+00 3.6e+00 1.415e+00
#1561  1912   1 | 4.48e-01 1.52e-03 -0.662  1.00 | 1.00e+00 2.10e-01 +0.195  0.96 | 1.5e+00 3.7e+00 1.167e+00
#1562  4157   1 | 1.19e+00 3.10e-03 +0.007  1.00 | 9.58e-01 1.86e-01 +0.148  0.98 | 1.4e+00 3.7e+00 2.307e+00
#1563  4786   1 | 1.07e+00 4.04e-03 -0.464  1.00 | 1.08e+00 1.86e-01 +0.314  0.92 | 1.5e+00 4.2e+00 2.232e+00
#1564   276   1 | 1.40e+00 1.16e-01 +0.591  0.91 | 1.01e+00 4.58e-02 -0.015  1.00 | 2.2e+00 4.0e+00 2.817e+00
#1565  2591   1 | 9.65e-01 2.66e-03 +0.334  1.00 | 9.60e-01 1.87e-01 +0.114  0.99 | 1.5e+00 4.5e+00 1.844e+00
#1566  1255   1 | 7.05e-01 1.97e-02 +0.543  0.97 | 1.09e+00 1.88e-01 +0.076  1.00 | 1.1e+00 4.5e+00 1.670e+00
#1567  4468   1 | 1.12e+00 3.63e-03 +0.080  1.00 | 1.13e+00 3.24e-01 +0.292  0.91 | 1.4e+00 4.2e+00 2.427e+00
#1568  3601   1 | 1.18e+00 3.21e-03 +0.382  1.00 | 9.11e-01 1.45e-01 +0.241  0.95 | 1.7e+00 4.1e+00 2.168e+00
#1569  1359   1 | 1.02e+00 4.75e-02 -0.036  1.01 | 1.13e+00 1.68e-01 +0.243  0.95 | 1.1e+00 3.3e+00 2.260e+00
#1570  1397   1 | 1.65e+00 1.05e-02 +0.027  1.00 | 9.65e-01 1.15e-01 +0.122  0.99 | 1.5e+00 3.4e+00 3.653e+00
#1571  4379   1 | 1.30e+00 3.75e-03 +0.031  1.00 | 9.64e-01 3.27e-01 +0.417  0.83 | 1.4e+00 4.3e+00 2.470e+00
#1572  1458   1 | 9.75e-01 3.73e-02 +0.686  0.95 | 1.04e+00 1.05e-01 +0.380  0.93 | 1.3e+00 3.1e+00 1.917e+00
#1573  1651   1 | 9.58e-01 3.78e-01 +0.517  0.75 | 1.07e+00 7.00e-02 +0.148  0.98 | 2.1e+00 3.2e+00 1.824e+00
#1574  4660   1 | 1.05e+00 3.48e-03 +0.376  1.00 | 1.02e+00 2.49e-01 +0.368  0.88 | 1.4e+00 3.9e+00 2.018e+00
#1575  3912   1 | 1.26e+00 2.09e-03 -0.705  1.00 | 1.08e+00 1.76e-01 +0.235  0.95 | 1.6e+00 3.3e+00 2.705e+00
#1576  2142   1 | 8.28e-01 3.65e-03 -0.047  1.00 | 9.54e-01 2.87e-01 +0.264  0.93 | 1.6e+00 3.9e+00 1.533e+00
#1577  2068   1 | 6.00e-01 3.22e-03 +0.057  1.00 | 1.08e+00 2.61e-01 +0.080  1.02 | 1.7e+00 4.2e+00 1.558e+00
#1578  4528   1 | 1.08e+00 2.43e-03 -0.305  1.00 | 1.04e+00 1.88e-01 +0.267  0.94 | 1.5e+00 4.5e+00 2.181e+00
#1579  3680   1 | 8.85e-01 3.79e-03 +0.109  1.00 | 9.51e-01 2.45e-01 +0.386  0.87 | 1.6e+00 4.5e+00 1.566e+00
#1580  2659   1 | 7.05e-01 2.62e-03 -0.396  1.00 | 1.00e+00 1.54e-01 +0.274  0.94 | 1.5e+00 4.0e+00 1.443e+00
#1581  4791   1 | 1.12e+00 3.67e-03 -0.463  1.00 | 1.02e+00 2.24e-01 +0.364  0.89 | 1.5e+00 3.7e+00 2.181e+00
#1582  4735   1 | 1.12e+00 2.70e-03 +0.515  1.00 | 1.01e+00 2.13e-01 +0.323  0.91 | 1.5e+00 3.9e+00 2.165e+00
#1583  3534   1 | 1.00e+00 4.24e-03 -0.027  1.00 | 8.61e-01 2.20e-01 +0.273  0.93 | 1.6e+00 4.2e+00 1.695e+00
#1584   274   1 | 9.66e-01 2.00e-01 +0.041  1.03 | 1.03e+00 4.31e-02 -0.066  1.01 | 2.7e+00 3.7e+00 2.029e+00
#1585  3928   1 | 8.52e-01 1.60e-03 -0.187  1.00 | 1.01e+00 2.35e-01 +0.199  0.96 | 1.6e+00 4.8e+00 1.713e+00
#1586  3662   1 | 1.11e+00 3.00e-03 -0.028  1.00 | 9.75e-01 1.82e-01 +0.076  1.01 | 1.8e+00 4.0e+00 2.184e+00
#1587  2092   1 | 1.34e+00 4.03e-03 +0.378  1.00 | 1.00e+00 3.17e-01 +0.166  1.00 | 1.6e+00 4.3e+00 2.800e+00
#1588  2154   1 | 1.08e+00 2.19e-03 -0.189  1.00 | 9.68e-01 2.32e-01 +0.273  0.93 | 1.6e+00 4.6e+00 2.038e+00
#1589  4465   1 | 1.31e+00 5.08e-02 +0.092  0.99 | 1.01e+00 4.06e-01 +0.314  0.91 | 1.4e+00 4.6e+00 2.625e+00
#1590  3652   1 | 5.23e-01 3.83e-03 +0.596  0.99 | 9.97e-01 2.34e-01 +0.044  1.03 | 1.7e+00 3.4e+00 1.300e+00
#1591   524   1 | 8.24e-01 1.36e-01 +0.410  0.89 | 9.42e-01 1.31e-01 +0.187  0.97 | 1.9e+00 4.0e+00 1.463e+00
#1592  2536   1 | 1.11e+00 2.20e-02 +0.147  0.99 | 9.80e-01 2.64e-01 +0.406  0.85 | 1.6e+00 3.6e+00 2.038e+00
#1593   164   1 | 5.45e-01 1.46e-02 +0.344  0.98 | 1.03e+00 9.01e-02 +0.243  0.97 | 2.2e+00 4.6e+00 1.314e+00
#1594  2898   1 | 1.02e+00 1.19e-01 -0.168  1.05 | 9.92e-01 2.64e-01 +0.103  1.02 | 1.6e+00 3.8e+00 2.097e+00
#1595  3092   1 | 9.10e-01 6.92e-02 +0.122  0.99 | 9.18e-01 3.79e-01 +0.241  0.97 | 1.8e+00 4.0e+00 1.635e+00
#1596  2246   1 | 1.04e+00 1.01e-01 -0.222  1.05 | 8.36e-01 2.54e-01 +0.269  0.93 | 1.6e+00 4.1e+00 1.795e+00
#1597  3544   1 | 1.02e+00 1.44e-01 +0.676  0.83 | 9.45e-01 2.18e-01 +0.070  1.02 | 1.8e+00 3.8e+00 1.771e+00
#1598   702   1 | 1.07e+00 6.73e-03 -0.350  1.00 | 9.70e-01 4.24e-02 -0.031  1.00 | 2.8e+00 2.8e+00 2.098e+00
#1599  4786   1 | 8.75e-01 1.44e-01 +0.397  0.90 | 9.15e-01 2.29e-01 +0.190  0.97 | 1.7e+00 3.9e+00 1.496e+00
#1600   523   1 | 1.30e+00 1.96e-01 -0.259  1.10 | 9.27e-01 1.01e-01 +0.060  1.00 | 2.5e+00 4.3e+00 2.707e+00
#1601  1356   1 | 1.23e+00 1.54e-02 +0.721  0.98 | 9.89e-01 2.17e-01 +0.087  1.01 | 2.0e+00 4.3e+00 2.479e+00
#1602  2735   1 | 7.32e-01 1.76e-01 +0.265  0.93 | 9.46e-01 1.74e-01 +0.142  0.98 | 2.0e+00 3.6e+00 1.377e+00
#1603  1298   1 | 1.17e+00 6.00e-01 -0.494  1.77 | 1.17e+00 2.61e-01 +0.296  0.92 | 2.3e+00 4.0e+00 3.676e+00
#1604  1923   1 | 4.71e-01 1.14e-01 -0.109  1.11 | 9.87e-01 2.28e-01 +0.208  0.96 | 1.9e+00 4.4e+00 1.179e+00
#1605  4079   1 | 8.02e-01 2.19e-01 +0.341  0.89 | 9.59e-01 1.91e-01 +0.262  0.94 | 1.8e+00 4.5e+00 1.432e+00
#1606   815   1 | 1.22e+00 8.12e-03 -0.464  1.01 | 1.10e+00 1.22e-01 +0.237  0.96 | 1.7e+00 3.5e+00 2.675e+00
#1607  3356   1 | 1.29e+00 6.61e-02 -0.257  1.03 | 1.09e+00 3.39e-01 +0.146  1.01 | 1.7e+00 3.6e+00 2.925e+00
#1608  1276   1 | 1.08e+00 5.22e-02 +0.149  0.99 | 9.97e-01 1.93e-01 +0.257  0.94 | 1.4e+00 3.7e+00 2.078e+00
#1609  1096   1 | 1.08e+00 7.65e-02 +0.385  0.95 | 9.93e-01 1.56e-01 +0.082  1.00 | 1.3e+00 2.9e+00 2.094e+00
#1610  4217   1 | 7.42e-01 6.49e-02 +0.306  0.95 | 9.49e-01 1.84e-01 +0.150  0.98 | 1.6e+00 4.0e+00 1.409e+00
#1611  4887   1 | 1.07e+00 1.50e-02 +0.171  1.00 | 9.37e-01 2.78e-01 +0.155  1.00 | 1.6e+00 4.2e+00 2.020e+00
#1612  1687   1 | 1.13e+00 1.06e-01 +0.384  0.94 | 1.05e+00 3.04e-01 +0.315  0.90 | 1.3e+00 4.4e+00 2.196e+00
#1613  1690   1 | 5.79e-01 3.54e-02 +0.222  0.98 | 1.05e+00 2.31e-01 +0.219  0.95 | 1.3e+00 3.0e+00 1.382e+00
#1614  1909   1 | 9.71e-01 6.54e-02 +0.135  0.99 | 1.06e+00 3.46e-01 +0.118  1.03 | 1.5e+00 4.1e+00 2.082e+00
#1615  3004   1 | 1.14e+00 1.86e-02 -0.021  1.00 | 9.43e-01 2.44e-01 +0.192  0.97 | 1.4e+00 3.9e+00 2.169e+00
#1616  4300   1 | 8.66e-01 2.74e-02 +0.234  0.99 | 9.10e-01 2.81e-01 +0.239  0.95 | 1.5e+00 3.9e+00 1.524e+00
#1617  3719   1 | 1.17e+00 6.14e-03 -0.380  1.00 | 1.05e+00 3.34e-01 +0.136  1.01 | 1.9e+00 4.4e+00 2.498e+00
#1618  3200   1 | 1.09e+00 5.94e-02 +0.123  0.99 | 9.82e-01 2.72e-01 +0.312  0.90 | 1.5e+00 4.0e+00 2.039e+00
#1619  4780   1 | 6.11e-01 2.32e-02 +0.140  0.99 | 1.03e+00 4.66e-01 +0.405  0.84 | 1.7e+00 4.1e+00 1.257e+00
#1620  3710   1 | 1.13e+00 3.10e-02 +0.014  1.00 | 9.88e-01 3.19e-01 +0.205  0.97 | 1.8e+00 4.2e+00 2.219e+00
#1621  3808   1 | 9.82e-01 5.27e-03 -0.030  1.00 | 1.07e+00 2.61e-01 +0.220  0.95 | 1.8e+00 4.1e+00 2.065e+00
#1622  2183   1 | 9.71e-01 3.79e-02 +0.262  0.98 | 1.02e+00 1.82e-01 -0.023  1.04 | 1.5e+00 3.6e+00 2.002e+00
#1623  1801   1 | 1.32e+00 1.37e-01 -0.145  1.04 | 1.02e+00 2.63e-01 +0.210  0.96 | 1.4e+00 4.0e+00 2.803e+00
#1624  1356   1 | 1.31e+00 6.23e-02 -0.637  1.06 | 1.04e+00 1.34e-01 +0.143  0.98 | 1.4e+00 3.6e+00 2.869e+00
#1625  4911   1 | 5.62e-01 4.69e-02 +0.204  0.97 | 9.77e-01 3.15e-01 +0.369  0.87 | 1.5e+00 4.0e+00 1.134e+00
#1626  1679   1 | 1.11e+00 3.91e-02 +0.316  0.98 | 1.06e+00 3.04e-01 +0.108  1.02 | 1.2e+00 4.8e+00 2.345e+00
#1627  1479   1 | 1.07e+00 2.35e-02 -0.517  1.02 | 1.03e+00 1.42e-01 +0.111  0.99 | 1.2e+00 4.1e+00 2.214e+00
#1628  4287   1 | 1.08e+00 8.68e-03 -0.393  1.01 | 9.82e-01 4.19e-01 +0.380  0.86 | 1.4e+00 4.3e+00 2.004e+00
#1629  2601   1 | 1.02e+00 5.79e-03 -0.592  1.01 | 9.92e-01 2.07e-01 +0.142  0.98 | 1.6e+00 4.0e+00 2.020e+00
#1630  2930   1 | 8.33e-01 3.90e-03 -0.582  1.01 | 9.54e-01 2.27e-01 +0.330  0.90 | 1.6e+00 3.9e+00 1.516e+00
#1631   922   1 | 1.07e+00 7.11e-02 +0.493  0.94 | 1.03e+00 1.13e-01 -0.047  1.02 | 1.3e+00 4.7e+00 2.156e+00
#1632   357   1 | 1.65e+00 8.99e-03 -0.138  1.00 | 9.65e-01 3.35e-01 +0.104  1.05 | 1.2e+00 4.5e+00 3.716e+00
#1633   247   1 | 1.04e+00 1.29e-02 +0.323  0.99 | 1.02e+00 1.65e-01 +0.055  1.01 | 1.1e+00 4.2e+00 2.129e+00
#1634  3036   1 | 6.35e-01 3.45e-03 +0.268  1.00 | 1.03e+00 2.74e-01 +0.180  0.97 | 1.4e+00 3.9e+00 1.434e+00
#1635   635   1 | 1.07e+00 6.23e-03 +0.013  1.00 | 9.70e-01 1.71e-01 -0.112  1.07 | 1.2e+00 3.6e+00 2.155e+00
#1636   544   1 | 9.98e-01 1.41e-02 -0.167  1.00 | 8.61e-01 2.27e-01 +0.147  0.99 | 1.1e+00 4.6e+00 1.737e+00
#1637   994   1 | 1.13e+00 6.01e-03 +0.127  1.00 | 1.05e+00 2.56e-01 +0.301  0.91 | 1.1e+00 4.8e+00 2.293e+00
#1638    44   1 | 1.32e+00 1.77e-03 +0.186  1.00 | 1.02e+00 1.50e-01 +0.069  1.00 | 1.2e+00 4.3e+00 2.778e+00
#1639  2110   1 | 8.27e-01 4.33e-03 -0.876  1.01 | 9.42e-01 2.21e-01 +0.069  1.02 | 1.6e+00 4.1e+00 1.597e+00
#1640   968   1 | 1.11e+00 3.02e-02 +0.274  0.99 | 1.06e+00 1.44e-01 -0.112  1.05 | 1.2e+00 3.7e+00 2.385e+00
#1641  2531   1 | 1.09e+00 2.05e-03 -0.398  1.00 | 9.37e-01 2.65e-01 +0.213  0.96 | 1.6e+00 4.0e+00 2.038e+00
#1642  4424   1 | 1.34e+00 2.79e-03 +0.491  1.00 | 1.00e+00 2.79e-01 +0.271  0.93 | 1.7e+00 4.3e+00 2.734e+00
#1643   680   1 | 9.69e-01 3.32e-02 +0.115  0.99 | 1.06e+00 1.33e-01 -0.025  1.02 | 1.1e+00 3.9e+00 2.077e+00
#1644  1277   1 | 1.30e+00 3.22e-03 +0.267  1.00 | 9.27e-01 2.39e-01 +0.245  0.94 | 1.3e+00 3.8e+00 2.483e+00
#1645  2343   1 | 7.10e-01 4.45e-03 -0.058  1.00 | 1.09e+00 2.30e-01 +0.064  1.02 | 1.6e+00 3.6e+00 1.709e+00
#1646  2841   1 | 1.03e+00 5.44e-03 -0.492  1.01 | 1.08e+00 4.56e-01 +0.333  0.90 | 1.8e+00 4.6e+00 2.128e+00
#1647  3589   1 | 1.30e+00 2.36e-03 +0.348  1.00 | 9.64e-01 3.11e-01 +0.209  0.97 | 1.9e+00 4.0e+00 2.591e+00
#1648  2585   1 | 5.61e-01 3.38e-03 +0.382  1.00 | 1.04e+00 2.39e-01 +0.063  1.02 | 1.7e+00 3.5e+00 1.425e+00
#1649   439   1 | 1.14e+00 2.56e-03 +0.439  1.00 | 9.75e-01 1.47e-01 +0.071  1.00 | 1.2e+00 4.1e+00 2.258e+00
#1650  4512   1 | 1.11e+00 3.61e-03 +0.205  1.00 | 1.02e+00 1.82e-01 +0.329  0.91 | 1.7e+00 4.1e+00 2.182e+00
#1651  3220   1 | 1.10e+00 2.33e-03 +0.449  1.00 | 1.13e+00 2.59e-01 +0.231  0.95 | 1.6e+00 3.7e+00 2.426e+00
#1652  3090   1 | 1.19e+00 3.45e-03 -0.426  1.00 | 1.05e+00 2.45e-01 +0.076  1.02 | 1.7e+00 4.1e+00 2.545e+00
#1653  2774   1 | 1.14e+00 3.30e-03 +0.829  1.00 | 9.88e-01 2.15e-01 +0.092  1.01 | 1.5e+00 4.1e+00 2.269e+00
#1654   781   1 | 1.31e+00 5.13e-02 +0.185  0.99 | 1.01e+00 1.87e-01 -0.078  1.06 | 1.1e+00 3.6e+00 2.787e+00
#1655   243   1 | 9.66e-01 2.36e-02 +0.133  0.99 | 1.03e+00 1.26e-01 -0.000  1.01 | 1.1e+00 3.8e+00 2.008e+00
#1656  2919   1 | 9.82e-01 1.89e-03 +0.843  1.00 | 1.04e+00 3.35e-01 +0.250  0.94 | 1.5e+00 3.6e+00 1.987e+00
#1657  3715   1 | 1.02e+00 1.33e-03 -0.590  1.00 | 9.45e-01 2.60e-01 -0.010  1.08 | 1.9e+00 4.2e+00 2.011e+00
#1658    83   1 | 7.38e-01 2.37e-03 +0.675  1.00 | 9.49e-01 1.40e-01 -0.028  1.03 | 1.2e+00 4.1e+00 1.470e+00
#1659  3496   1 | 5.81e-01 2.71e-03 -0.014  1.00 | 9.77e-01 3.09e-01 +0.218  0.96 | 1.6e+00 3.9e+00 1.257e+00
#1660  2918   1 | 9.67e-01 2.61e-03 +0.284  1.00 | 9.60e-01 2.52e-01 +0.198  0.97 | 1.5e+00 4.0e+00 1.824e+00
#1661   843   1 | 1.00e+00 1.49e-02 +0.357  0.99 | 1.07e+00 1.65e-01 +0.161  0.97 | 1.1e+00 3.6e+00 2.120e+00
#1662  1632   1 | 7.02e-01 2.00e-03 +0.260  1.00 | 1.00e+00 2.32e-01 +0.171  0.97 | 1.2e+00 3.7e+00 1.471e+00
#1663  4059   1 | 6.26e-01 6.37e-03 +0.281  0.99 | 1.08e+00 2.85e-01 +0.215  0.96 | 1.6e+00 4.0e+00 1.513e+00
#1664  4150   1 | 1.30e+00 8.73e-04 +0.195  1.00 | 1.12e+00 3.40e-01 +0.328  0.89 | 1.7e+00 4.1e+00 2.800e+00
#1665  2759   1 | 1.10e+00 2.72e-03 +0.641  1.00 | 9.80e-01 2.95e-01 +0.346  0.88 | 1.7e+00 4.1e+00 2.063e+00
#1666  1606   1 | 8.22e-01 9.46e-03 +0.714  0.98 | 1.01e+00 1.40e-01 +0.219  0.96 | 1.1e+00 4.2e+00 1.649e+00
#1667  1706   1 | 8.89e-01 1.74e-03 +0.156  1.00 | 9.15e-01 1.84e-01 +0.090  1.00 | 1.2e+00 3.5e+00 1.631e+00
#1668  1846   1 | 1.22e+00 2.71e-03 -0.497  1.00 | 1.10e+00 1.81e-01 +0.257  0.94 | 1.4e+00 4.3e+00 2.649e+00
#1669  3098   1 | 5.86e-01 3.36e-03 +0.152  1.00 | 1.05e+00 3.01e-01 +0.240  0.94 | 1.6e+00 3.6e+00 1.389e+00
#1670  2655   1 | 9.64e-01 3.76e-03 +0.121  1.00 | 1.07e+00 1.82e-01 +0.174  0.97 | 1.6e+00 4.1e+00 2.049e+00
#1671  3783   1 | 8.02e-01 2.32e-03 -0.156  1.00 | 9.59e-01 1.90e-01 +0.191  0.96 | 1.6e+00 4.2e+00 1.530e+00
#1672  3234   1 | 4.98e-01 1.80e-03 +0.035  1.00 | 1.12e+00 1.54e-01 +0.335  0.93 | 1.5e+00 3.9e+00 1.405e+00
#1673  3552   1 | 1.18e+00 3.57e-03 +0.479  1.00 | 9.11e-01 1.72e-01 +0.057  1.01 | 1.8e+00 3.4e+00 2.225e+00
#1674  1839   1 | 5.13e-01 2.30e-03 -0.126  1.00 | 9.97e-01 1.51e-01 +0.017  1.02 | 1.5e+00 3.6e+00 1.275e+00
#1675  1848   1 | 6.58e-01 3.51e-03 +0.720  0.99 | 1.07e+00 1.90e-01 +0.221  0.95 | 1.4e+00 4.9e+00 1.520e+00
#1676  2543   1 | 9.14e-01 3.14e-03 +0.088  1.00 | 9.51e-01 2.18e-01 +0.152  0.98 | 1.5e+00 3.7e+00 1.723e+00
#1677    78   1 | 9.65e-01 1.56e-02 -0.088  1.00 | 1.06e+00 2.02e-01 +0.192  0.96 | 1.2e+00 4.2e+00 2.025e+00
#1678  2929   1 | 1.10e+00 3.05e-03 +0.585  1.00 | 1.08e+00 2.29e-01 +0.286  0.92 | 1.6e+00 3.5e+00 2.281e+00
#1679  2530   1 | 1.08e+00 2.75e-03 -0.516  1.00 | 9.93e-01 1.95e-01 +0.199  0.96 | 1.5e+00 4.2e+00 2.110e+00
#1680  3792   1 | 1.40e+00 2.09e-03 -0.595  1.00 | 1.03e+00 2.46e-01 +0.070  1.02 | 1.7e+00 3.6e+00 3.039e+00
#1681  4310   1 | 1.08e+00 3.16e-03 +0.748  1.00 | 9.97e-01 1.84e-01 +0.220  0.95 | 1.5e+00 4.1e+00 2.109e+00
#1682  2015   1 | 1.17e+00 5.29e-03 +0.392  1.00 | 1.17e+00 5.31e-01 +0.229  1.00 | 1.4e+00 5.0e+00 2.727e+00
#1683  1387   1 | 1.08e+00 3.06e-03 -0.338  1.00 | 1.04e+00 1.65e-01 +0.130  0.98 | 1.3e+00 4.2e+00 2.236e+00
#1684   121   1 | 1.08e+00 1.01e-02 +0.463  0.99 | 9.68e-01 2.35e-01 +0.237  0.94 | 1.1e+00 3.6e+00 2.050e+00
#1685  1182   1 | 1.02e+00 5.77e-03 -0.327  1.00 | 1.13e+00 1.78e-01 +0.201  0.96 | 1.2e+00 3.9e+00 2.273e+00
#1686   856   1 | 9.07e-01 7.98e-03 +0.157  1.00 | 9.18e-01 2.33e-01 +0.156  0.99 | 1.1e+00 4.0e+00 1.650e+00
#1687  3518   1 | 5.72e-01 2.13e-03 -0.109  1.00 | 1.03e+00 2.07e-01 +0.159  0.98 | 1.7e+00 3.3e+00 1.361e+00
#1688   531   1 | 1.31e+00 1.92e-02 +0.642  0.98 | 1.04e+00 1.71e-01 +0.161  0.97 | 1.1e+00 4.5e+00 2.726e+00
#1689  1602   1 | 4.47e-01 1.11e-02 -0.027  1.00 | 1.00e+00 2.45e-01 +0.082  1.02 | 1.2e+00 3.8e+00 1.223e+00
#1690  1494   1 | 7.29e-01 5.68e-03 +0.334  0.99 | 9.46e-01 1.75e-01 +0.156  0.98 | 1.1e+00 4.1e+00 1.402e+00
#1691  3625   1 | 1.27e+00 3.25e-03 +0.688  1.00 | 1.08e+00 1.75e-01 +0.113  0.99 | 1.8e+00 3.5e+00 2.751e+00
#1692  3231   1 | 4.75e-01 2.23e-03 +0.495  1.00 | 9.87e-01 2.36e-01 +0.249  0.94 | 1.6e+00 4.7e+00 1.139e+00
#1693  1632   1 | 1.23e+00 1.96e-02 +0.784  0.98 | 9.89e-01 1.76e-01 +0.240  0.95 | 1.1e+00 3.9e+00 2.405e+00
#1694   567   1 | 1.15e+00 1.41e-02 +0.068  1.00 | 9.43e-01 1.23e-01 -0.025  1.02 | 1.2e+00 3.6e+00 2.220e+00
#1695  3651   1 | 9.71e-01 2.82e-03 -0.325  1.00 | 1.02e+00 1.81e-01 +0.107  0.99 | 1.7e+00 3.9e+00 1.974e+00
#1696  2274   1 | 1.18e+00 3.34e-03 +0.383  1.00 | 9.58e-01 1.87e-01 -0.022  1.05 | 1.4e+00 4.4e+00 2.346e+00
#1697  2988   1 | 1.05e+00 8.62e-03 +0.266  1.00 | 8.36e-01 2.31e-01 +0.372  0.87 | 1.4e+00 4.2e+00 1.702e+00
#1698  3876   1 | 1.29e+00 2.83e-03 +0.515  1.00 | 1.09e+00 1.28e-01 +0.023  1.01 | 1.6e+00 3.7e+00 2.862e+00
#1699  2679   1 | 1.41e+00 1.14e-02 -0.660  1.01 | 1.01e+00 3.27e-01 +0.104  1.04 | 1.6e+00 3.7e+00 3.057e+00
#1700   118   1 | 1.12e+00 1.31e-02 -0.086  1.00 | 1.01e+00 1.50e-01 +0.088  1.00 | 1.2e+00 3.7e+00 2.272e+00
#1701  1839   1 | 8.55e-01 1.05e-03 +0.878  1.00 | 9.10e-01 2.82e-01 -0.016  1.11 | 1.4e+00 4.2e+00 1.645e+00
#1702  3392   1 | 1.08e+00 3.54e-03 -0.144  1.00 | 9.82e-01 2.84e-01 +0.252  0.94 | 1.5e+00 3.7e+00 2.072e+00
#1703   164   1 | 5.96e-01 1.95e-02 +0.559  0.96 | 1.08e+00 1.54e-01 -0.018  1.03 | 1.1e+00 4.7e+00 1.547e+00
#1704  1441   1 | 1.14e+00 7.13e-03 -0.669  1.01 | 9.75e-01 1.45e-01 +0.056  1.01 | 1.3e+00 3.1e+00 2.271e+00
#1705   923   1 | 1.31e+00 2.97e-02 +0.685  0.97 | 1.04e+00 1.55e-01 +0.151  0.98 | 1.3e+00 3.9e+00 2.708e+00
#1706  2222   1 | 9.08e-01 1.49e-03 -0.649  1.00 | 9.18e-01 1.27e-01 +0.160  0.97 | 1.3e+00 3.5e+00 1.647e+00
#1707  4524   1 | 7.25e-01 1.84e-03 +0.009  1.00 | 9.46e-01 1.80e-01 +0.139  0.98 | 1.6e+00 3.4e+00 1.406e+00
#1708  1617   1 | 1.08e+00 1.27e-03 -0.131  1.00 | 9.93e-01 1.71e-01 +0.163  0.97 | 1.1e+00 3.9e+00 2.126e+00
#1709   823   1 | 1.23e+00 9.26e-03 +0.789  0.99 | 9.89e-01 1.44e-01 +0.225  0.96 | 1.2e+00 3.5e+00 2.438e+00
#1710   750   1 | 8.89e-01 1.33e-01 +0.399  0.90 | 9.15e-01 1.18e-01 -0.057  1.03 | 2.2e+00 4.8e+00 1.576e+00
#1711  2127   1 | 8.24e-01 3.82e-03 -0.487  1.00 | 1.01e+00 1.42e-01 +0.149  0.98 | 1.6e+00 4.3e+00 1.686e+00
#1712  1040   1 | 4.47e-01 3.02e-02 +0.050  1.00 | 1.00e+00 2.12e-01 +0.079  1.01 | 1.1e+00 3.8e+00 1.213e+00
#1713  3359   1 | 1.07e+00 2.81e-03 -0.278  1.00 | 9.68e-01 2.69e-01 +0.286  0.92 | 1.5e+00 4.6e+00 2.016e+00
#1714   139   1 | 1.38e+00 4.18e-02 +0.176  0.99 | 1.03e+00 1.16e-01 +0.079  0.99 | 1.2e+00 3.8e+00 2.932e+00
#1715  4514   1 | 7.32e-01 3.97e-03 -0.537  1.01 | 9.49e-01 2.21e-01 +0.283  0.92 | 1.5e+00 4.2e+00 1.371e+00
#1716  3993   1 | 1.17e+00 2.49e-03 -0.870  1.00 | 9.11e-01 1.77e-01 +0.170  0.97 | 1.6e+00 4.0e+00 2.178e+00
#1717   202   1 | 1.04e+00 1.68e-02 +0.398  0.99 | 1.02e+00 1.74e-01 +0.079  1.00 | 1.1e+00 5.1e+00 2.117e+00
#1718  3060   1 | 1.30e+00 2.75e-03 +0.593  1.00 | 9.64e-01 2.90e-01 +0.247  0.94 | 1.5e+00 4.1e+00 2.556e+00
#1719  4903   1 | 6.09e-01 2.91e-03 +0.031  1.00 | 1.03e+00 2.88e-01 +0.342  0.89 | 1.4e+00 4.2e+00 1.310e+00
#1720  3243   1 | 1.13e+00 3.59e-03 +0.573  1.00 | 9.88e-01 1.91e-01 +0.178  0.97 | 1.3e+00 3.5e+00 2.224e+00
#1721  4481   1 | 9.97e-01 2.89e-03 -0.196  1.00 | 8.61e-01 1.53e-01 +0.263  0.94 | 1.4e+00 4.0e+00 1.690e+00
#1722  2501   1 | 1.15e+00 1.85e-03 +0.070  1.00 | 9.43e-01 2.10e-01 +0.191  0.96 | 1.6e+00 3.5e+00 2.168e+00
#1723  2078   1 | 1.00e+00 4.47e-03 -0.481  1.00 | 1.07e+00 2.06e-01 +0.165  0.97 | 1.4e+00 4.3e+00 2.128e+00
#1724  4172   1 | 7.04e-01 3.98e-03 -0.262  1.00 | 1.00e+00 1.23e-01 +0.222  0.96 | 1.6e+00 4.3e+00 1.463e+00
#1725  4992   1 | 5.27e-01 4.59e-03 -0.202  1.00 | 1.03e+00 1.36e-01 +0.307  0.94 | 1.3e+00 3.8e+00 1.270e+00
#1726   107   1 | 9.75e-01 8.51e-02 +0.690  0.89 | 1.04e+00 2.42e-01 +0.238  0.94 | 1.2e+00 3.5e+00 1.868e+00
#1727  3265   1 | 5.78e-01 2.22e-03 -0.146  1.00 | 9.77e-01 2.36e-01 +0.252  0.94 | 1.4e+00 4.2e+00 1.229e+00
#1728  4848   1 | 1.08e+00 2.56e-03 -0.642  1.00 | 1.03e+00 1.78e-01 +0.169  0.97 | 1.4e+00 4.3e+00 2.203e+00
#1729  4703   1 | 9.87e-01 5.56e-02 +0.654  0.93 | 9.45e-01 2.47e-01 +0.182  0.97 | 1.3e+00 4.4e+00 1.776e+00
#1730   280   1 | 1.13e+00 4.28e-03 -0.401  1.00 | 1.05e+00 2.08e-01 +0.252  0.94 | 1.3e+00 3.9e+00 2.330e+00
#1731  4749   1 | 6.88e-01 3.54e-02 +0.531  0.95 | 1.09e+00 2.43e-01 +0.242  0.94 | 1.4e+00 3.9e+00 1.564e+00
#1732  2488   1 | 9.71e-01 1.50e-02 +0.155  1.00 | 1.02e+00 2.18e-01 +0.002  1.04 | 1.5e+00 3.4e+00 2.021e+00
#1733  4093   1 | 6.58e-01 5.39e-02 +0.006  1.01 | 1.07e+00 1.88e-01 +0.242  0.95 | 1.6e+00 3.4e+00 1.518e+00
#1734  1781   1 | 1.34e+00 1.34e-01 +0.686  0.87 | 1.00e+00 1.61e-01 -0.017  1.03 | 1.5e+00 4.5e+00 2.614e+00
#1735   467   1 | 1.32e+00 2.90e-01 +0.669  0.75 | 1.12e+00 1.92e-01 +0.065  1.01 | 1.5e+00 4.0e+00 2.587e+00
#1736  2196   1 | 1.18e+00 2.18e-02 +0.487  0.98 | 9.58e-01 1.42e-01 -0.041  1.03 | 1.7e+00 4.2e+00 2.314e+00
#1737  1007   1 | 1.22e+00 3.45e-01 +0.363  0.87 | 1.10e+00 1.02e-01 +0.198  0.97 | 2.0e+00 4.6e+00 2.493e+00
#1738  4192   1 | 5.81e-01 3.43e-01 +0.206  1.11 | 1.05e+00 3.03e-01 +0.260  0.93 | 1.9e+00 3.7e+00 1.407e+00
#1739  4696   1 | 7.57e-01 5.52e-02 -0.339  1.05 | 9.59e-01 2.78e-01 +0.287  0.92 | 1.9e+00 4.2e+00 1.448e+00
#1740  2354   1 | 1.04e+00 1.64e-01 +0.206  0.96 | 8.36e-01 1.29e-01 +0.255  0.95 | 1.9e+00 5.6e+00 1.707e+00
#1741  3914   1 | 1.08e+00 1.26e-01 -0.486  1.13 | 1.13e+00 3.71e-01 +0.264  0.93 | 2.1e+00 4.5e+00 2.523e+00
#1742  3303   1 | 9.57e-01 5.75e-02 -0.037  1.01 | 1.03e+00 1.47e-01 +0.268  0.94 | 2.2e+00 4.4e+00 1.929e+00
#1743  1421   1 | 1.12e+00 5.21e-01 -0.023  1.24 | 1.01e+00 1.65e-01 +0.170  0.97 | 2.0e+00 5.1e+00 2.541e+00
#1744  2273   1 | 9.61e-01 3.33e-01 +0.530  0.75 | 1.07e+00 2.80e-01 +0.238  0.94 | 2.0e+00 3.8e+00 1.785e+00
#1745   283   1 | 8.26e-01 7.14e-02 -0.362  1.07 | 9.54e-01 2.06e-01 +0.239  0.94 | 2.1e+00 4.1e+00 1.588e+00
#1746  1347   1 | 5.12e-01 3.15e-01 -0.126  1.53 | 9.97e-01 1.18e-01 +0.163  0.98 | 2.0e+00 3.7e+00 1.372e+00
#1747  2646   1 | 1.02e+00 1.63e-02 -0.158  1.01 | 9.92e-01 2.31e-01 +0.089  1.01 | 2.1e+00 4.1e+00 2.046e+00
#1748   457   1 | 1.17e+00 8.77e-02 -0.484  1.08 | 1.17e+00 2.98e-01 +0.214  0.96 | 1.9e+00 4.5e+00 2.782e+00
#1749  3218   1 | 9.58e-01 4.12e-01 -0.080  1.25 | 1.06e+00 2.38e-01 +0.287  0.92 | 2.0e+00 4.4e+00 2.194e+00
#1750   636   1 | 4.94e-01 1.59e-01 +0.009  1.10 | 1.12e+00 1.02e-01 +0.210  0.97 | 2.0e+00 4.0e+00 1.479e+00
#1751  1699   1 | 1.65e+00 2.04e-01 +0.161  0.98 | 9.65e-01 2.25e-01 +0.150  0.98 | 1.8e+00 4.0e+00 3.587e+00
#1752  2954   1 | 1.19e+00 3.18e-01 -0.520  1.35 | 1.05e+00 2.15e-01 +0.206  0.96 | 1.8e+00 4.0e+00 2.975e+00
#1753  2284   1 | 1.40e+00 2.49e-01 -0.590  1.24 | 1.01e+00 2.16e-01 +0.152  0.98 | 1.7e+00 3.7e+00 3.450e+00
#1754  2092   1 | 1.04e+00 3.16e-01 +0.804  0.60 | 1.08e+00 3.29e-01 +0.093  1.04 | 1.7e+00 4.0e+00 1.876e+00
#1755  3027   1 | 1.32e+00 1.99e-01 -0.154  1.07 | 1.02e+00 1.60e-01 +0.110  0.99 | 1.5e+00 4.0e+00 2.887e+00
#1756  2852   1 | 1.07e+00 1.24e-01 +0.788  0.83 | 1.04e+00 1.40e-01 +0.123  0.98 | 1.6e+00 4.3e+00 2.011e+00
#1757  2134   1 | 8.27e-01 1.03e-02 +0.494  0.99 | 9.42e-01 2.41e-01 +0.007  1.06 | 1.6e+00 3.7e+00 1.618e+00
#1758  3707   1 | 1.29e+00 1.57e-01 +0.248  0.95 | 1.09e+00 2.61e-01 +0.044  1.04 | 1.8e+00 4.3e+00 2.825e+00
#1759  4023   1 | 1.07e+00 1.42e-01 -0.134  1.05 | 9.97e-01 2.37e-01 +0.186  0.97 | 1.4e+00 3.9e+00 2.169e+00
#1760  3890   1 | 1.08e+00 8.27e-02 +0.721  0.90 | 1.02e+00 2.43e-01 +0.144  0.99 | 1.8e+00 3.6e+00 2.071e+00
#1761  1755   1 | 1.31e+00 8.10e-02 -0.154  1.02 | 1.01e+00 2.80e-01 +0.072  1.04 | 1.4e+00 4.2e+00 2.816e+00
#1762   551   1 | 1.07e+00 1.47e-02 -0.101  1.00 | 9.70e-01 1.18e-01 +0.032  1.01 | 1.3e+00 3.8e+00 2.098e+00
#1763  2966   1 | 9.68e-01 2.91e-02 +0.506  0.97 | 9.60e-01 2.35e-01 +0.219  0.95 | 1.6e+00 3.8e+00 1.787e+00
#1764  4704   1 | 1.13e+00 2.34e-02 +0.030  1.00 | 9.80e-01 3.82e-01 +0.389  0.85 | 1.5e+00 4.5e+00 2.081e+00
#1765   578   1 | 9.69e-01 4.20e-02 -0.129  1.01 | 1.06e+00 1.65e-01 +0.079  1.00 | 1.4e+00 4.4e+00 2.071e+00
#1766  1146   1 | 1.11e+00 1.00e-01 +0.291  0.96 | 1.06e+00 2.02e-01 +0.069  1.01 | 1.4e+00 3.5e+00 2.304e+00
#1767  3555   1 | 1.27e+00 2.70e-02 +0.075  1.00 | 1.08e+00 3.01e-01 -0.008  1.08 | 1.8e+00 4.1e+00 2.864e+00
#1768  2585   1 | 1.02e+00 1.49e-02 +0.078  1.00 | 1.13e+00 2.20e-01 +0.081  1.01 | 1.8e+00 4.1e+00 2.334e+00
#1769  2782   1 | 1.10e+00 1.61e-01 -0.113  1.05 | 1.08e+00 2.88e-01 +0.232  0.95 | 1.7e+00 4.6e+00 2.378e+00
#1770  4403   1 | 8.57e-01 3.91e-03 +0.222  1.00 | 9.10e-01 2.15e-01 +0.129  1.00 | 1.6e+00 3.6e+00 1.558e+00
#1771  3392   1 | 1.10e+00 6.40e-02 +0.107  0.99 | 9.37e-01 2.14e-01 +0.173  0.97 | 1.8e+00 3.8e+00 2.063e+00
#1772   764   1 | 9.23e-01 3.17e-02 +0.818  0.94 | 9.51e-01 1.42e-01 +0.092  0.99 | 1.4e+00 3.9e+00 1.705e+00
#1773  2866   1 | 1.29e+00 9.32e-02 +0.268  0.97 | 9.27e-01 2.97e-01 +0.185  0.98 | 1.7e+00 4.5e+00 2.460e+00
#1774  3895   1 | 5.79e-01 1.73e-01 +0.530  0.77 | 1.04e+00 2.14e-01 +0.268  0.93 | 1.8e+00 4.2e+00 1.271e+00
#1775   529   1 | 4.70e-01 1.49e-02 -0.193  1.01 | 9.87e-01 1.49e-01 +0.175  0.97 | 1.3e+00 3.5e+00 1.169e+00
#1776  2050   1 | 6.58e-01 3.02e-02 +0.049  1.00 | 1.07e+00 2.18e-01 +0.072  1.01 | 1.9e+00 3.6e+00 1.590e+00
#1777  3573   1 | 1.67e+00 6.43e-02 -0.188  1.02 | 9.65e-01 2.06e-01 +0.113  1.00 | 1.9e+00 3.9e+00 3.747e+00
#1778  4497   1 | 1.10e+00 1.32e-01 -0.129  1.05 | 9.82e-01 2.59e-01 +0.290  0.92 | 1.6e+00 4.2e+00 2.158e+00
#1779  1712   1 | 5.55e-01 1.83e-01 -0.489  1.43 | 1.04e+00 3.07e-01 -0.077  1.13 | 1.5e+00 4.3e+00 1.670e+00
#1780  3819   1 | 1.12e+00 1.26e-01 +0.272  0.95 | 1.06e+00 2.37e-01 +0.270  0.93 | 2.0e+00 3.8e+00 2.242e+00
#1781  3047   1 | 1.14e+00 1.39e-01 +0.006  1.01 | 9.43e-01 1.65e-01 +0.019  1.02 | 1.6e+00 3.9e+00 2.235e+00
#1782  1818   1 | 1.13e+00 1.70e-01 +0.373  0.91 | 1.05e+00 2.79e-01 +0.225  0.95 | 1.6e+00 4.4e+00 2.216e+00
#1783  3162   1 | 1.10e+00 1.77e-01 +0.120  0.99 | 9.80e-01 3.85e-01 +0.365  0.87 | 1.8e+00 4.8e+00 2.023e+00
#1784  2697   1 | 1.04e+00 2.19e-02 -0.334  1.01 | 1.02e+00 2.27e-01 -0.102  1.10 | 1.7e+00 3.9e+00 2.228e+00
#1785  2400   1 | 8.26e-01 3.97e-02 -0.776  1.08 | 1.01e+00 3.08e-01 +0.109  1.03 | 1.7e+00 4.3e+00 1.788e+00
#1786  3034   1 | 1.13e+00 3.00e-02 +0.052  1.00 | 1.01e+00 1.74e-01 +0.064  1.01 | 1.6e+00 4.1e+00 2.286e+00
#1787  4227   1 | 1.10e+00 5.96e-02 +0.116  0.99 | 9.37e-01 1.95e-01 +0.158  0.98 | 1.6e+00 3.9e+00 2.055e+00
#1788  3637   1 | 1.40e+00 5.53e-03 -0.321  1.00 | 1.03e+00 1.30e-01 +0.054  1.00 | 1.9e+00 4.4e+00 3.012e+00
#1789  1492   1 | 1.14e+00 5.95e-02 -0.006  1.00 | 9.88e-01 2.07e-01 -0.008  1.05 | 1.3e+00 3.8e+00 2.328e+00
#1790  1745   1 | 1.40e+00 3.71e-02 -0.604  1.03 | 1.01e+00 1.63e-01 -0.116  1.06 | 1.4e+00 3.7e+00 3.121e+00
#1791  4100   1 | 1.09e+00 6.27e-02 -0.716  1.09 | 1.02e+00 1.57e-01 +0.054  1.01 | 1.7e+00 3.5e+00 2.328e+00
#1792   119   1 | 7.28e-01 2.46e-02 -0.259  1.02 | 9.46e-01 1.28e-01 +0.105  0.99 | 1.2e+00 4.6e+00 1.426e+00
#1793  1560   1 | 1.34e+00 4.35e-03 +0.596  1.00 | 1.00e+00 1.64e-01 +0.161  0.97 | 1.3e+00 4.1e+00 2.781e+00
#1794  2245   1 | 9.77e-01 2.20e-02 +0.649  0.97 | 1.04e+00 2.52e-01 +0.236  0.94 | 1.5e+00 3.6e+00 1.954e+00
#1795  4496   1 | 8.21e-01 6.14e-02 +0.396  0.95 | 9.54e-01 2.19e-01 +0.383  0.88 | 1.4e+00 4.4e+00 1.436e+00
#1796  3826   1 | 1.06e+00 5.13e-03 +0.045  1.00 | 8.36e-01 3.49e-01 +0.202  1.01 | 1.7e+00 4.4e+00 1.826e+00
#1797   880   1 | 9.98e-01 1.85e-01 +0.657  0.79 | 9.45e-01 2.25e-01 +0.060  1.03 | 1.2e+00 3.6e+00 1.706e+00
#1798  2386   1 | 1.22e+00 1.99e-02 +0.426  0.99 | 1.10e+00 1.84e-01 +0.244  0.95 | 1.4e+00 3.8e+00 2.631e+00
#1799  3636   1 | 6.32e-01 1.72e-02 +0.611  0.97 | 1.08e+00 2.53e-01 -0.020  1.06 | 1.9e+00 3.9e+00 1.637e+00
#1800    24   1 | 1.30e+00 5.61e-02 +0.023  1.00 | 9.64e-01 1.73e-01 +0.210  0.96 | 1.2e+00 3.7e+00 2.567e+00
#1801   982   1 | 9.60e-01 4.44e-02 +0.496  0.96 | 9.60e-01 9.40e-02 +0.077  0.99 | 1.2e+00 3.6e+00 1.798e+00
#1802   708   1 | 1.23e+00 1.04e-01 +0.766  0.88 | 9.89e-01 1.50e-01 +0.080  1.00 | 1.2e+00 3.6e+00 2.313e+00
#1803  1673   1 | 5.69e-01 3.11e-02 -0.218  1.03 | 9.77e-01 1.98e-01 -0.079  1.07 | 1.2e+00 3.7e+00 1.358e+00
#1804  2280   1 | 1.18e+00 8.96e-02 -0.452  1.07 | 9.58e-01 2.18e-01 -0.036  1.07 | 1.5e+00 4.2e+00 2.473e+00
#1805  1185   1 | 1.08e+00 1.50e-02 -0.497  1.01 | 9.68e-01 1.60e-01 +0.210  0.96 | 1.3e+00 3.6e+00 2.087e+00
#1806   317   1 | 4.94e-01 4.82e-02 -0.108  1.03 | 1.12e+00 1.69e-01 +0.189  0.97 | 1.3e+00 4.4e+00 1.457e+00
#1807  3646   1 | 1.04e+00 4.22e-02 -0.070  1.01 | 1.13e+00 2.18e-01 +0.070  1.01 | 1.7e+00 3.9e+00 2.379e+00
#1808  1177   1 | 1.21e+00 5.00e-02 +0.295  0.98 | 9.11e-01 1.19e-01 +0.037  1.01 | 1.3e+00 4.3e+00 2.262e+00
#1809    80   1 | 1.31e+00 5.10e-02 +0.229  0.98 | 1.09e+00 1.52e-01 +0.083  1.00 | 1.3e+00 3.9e+00 2.873e+00
#1810  4104   1 | 1.29e+00 4.57e-02 +0.666  0.95 | 1.12e+00 2.61e-01 +0.264  0.93 | 1.6e+00 4.2e+00 2.766e+00
#1811  2953   1 | 8.97e-01 1.08e-01 -0.409  1.11 | 9.15e-01 1.96e-01 +0.128  0.99 | 1.7e+00 3.5e+00 1.725e+00
#1812  1716   1 | 4.47e-01 6.47e-03 -0.118  1.00 | 1.00e+00 1.96e-01 +0.162  0.97 | 1.4e+00 4.3e+00 1.178e+00
#1813  1589   1 | 1.08e+00 4.92e-02 +0.401  0.97 | 9.93e-01 1.27e-01 +0.024  1.01 | 1.3e+00 3.4e+00 2.122e+00
#1814  3161   1 | 9.80e-01 2.72e-03 +0.228  1.00 | 1.06e+00 1.68e-01 +0.077  1.00 | 1.7e+00 4.4e+00 2.080e+00
#1815   988   1 | 1.14e+00 2.97e-02 -0.695  1.04 | 9.75e-01 4.56e-02 +0.089  0.99 | 1.7e+00 3.6e+00 2.300e+00
#1816  4669   1 | 5.32e-01 3.93e-02 +0.353  0.95 | 1.03e+00 2.05e-01 +0.136  0.99 | 1.7e+00 3.9e+00 1.313e+00
#1817  4678   1 | 1.08e+00 1.31e-02 -0.661  1.02 | 1.03e+00 2.27e-01 +0.099  1.01 | 1.6e+00 3.9e+00 2.248e+00
#1818  4944   1 | 9.38e-01 3.64e-03 -0.390  1.00 | 1.07e+00 1.38e-01 +0.260  0.95 | 1.6e+00 4.2e+00 1.980e+00
#1819  3592   1 | 1.07e+00 9.72e-02 +0.159  0.98 | 9.97e-01 1.96e-01 +0.056  1.02 | 2.0e+00 3.8e+00 2.125e+00
#1820  2331   1 | 9.17e-01 1.60e-02 +0.774  0.97 | 9.51e-01 1.71e-01 -0.024  1.04 | 1.7e+00 3.9e+00 1.759e+00
#1821  3292   1 | 9.11e-01 6.49e-02 -0.156  1.03 | 9.18e-01 3.24e-01 +0.064  1.08 | 1.7e+00 4.0e+00 1.761e+00
#1822  3806   1 | 5.91e-01 4.31e-02 +0.270  0.97 | 1.05e+00 1.31e-01 +0.115  0.99 | 1.8e+00 4.5e+00 1.431e+00
#1823   956   1 | 1.08e+00 2.69e-01 +0.782  0.67 | 1.04e+00 1.15e-01 +0.142  0.98 | 1.5e+00 4.1e+00 1.848e+00
#1824   882   1 | 1.10e+00 1.46e-01 -0.128  1.05 | 1.08e+00 1.68e-01 +0.149  0.98 | 1.4e+00 5.0e+00 2.408e+00
#1825  3835   1 | 7.14e-01 8.90e-03 -0.173  1.00 | 1.00e+00 1.98e-01 +0.143  0.98 | 1.7e+00 3.5e+00 1.499e+00
#1826  4298   1 | 1.10e+00 1.43e-01 +0.489  0.89 | 1.13e+00 1.87e-01 +0.228  0.95 | 1.6e+00 4.4e+00 2.307e+00
#1827  3515   1 | 1.28e+00 1.61e-01 +0.157  0.98 | 1.01e+00 2.74e-01 +0.374  0.87 | 1.8e+00 4.3e+00 2.502e+00
#1828   235   1 | 8.24e-01 6.77e-02 +0.406  0.94 | 9.42e-01 1.73e-01 +0.046  1.02 | 1.4e+00 3.5e+00 1.540e+00
#1829  1831   1 | 1.07e+00 2.12e-01 -0.029  1.05 | 9.70e-01 2.47e-01 +0.187  0.97 | 1.8e+00 3.8e+00 2.121e+00
#1830  1241   1 | 1.02e+00 5.09e-02 -0.153  1.02 | 9.92e-01 1.41e-01 -0.029  1.03 | 1.5e+00 4.3e+00 2.079e+00
#1831   552   1 | 1.00e+00 3.01e-02 +0.427  0.98 | 1.07e+00 1.46e-01 +0.039  1.01 | 1.5e+00 4.0e+00 2.145e+00
#1832   854   1 | 1.29e+00 7.65e-02 +0.028  1.00 | 1.08e+00 8.84e-02 +0.020  1.00 | 1.6e+00 4.2e+00 2.840e+00
#1833  2536   1 | 7.12e-01 1.89e-01 +0.558  0.77 | 1.09e+00 1.98e-01 +0.116  0.99 | 1.9e+00 4.3e+00 1.565e+00
#1834   947   1 | 1.05e+00 1.36e-01 +0.808  0.81 | 1.08e+00 2.07e-01 -0.104  1.08 | 1.5e+00 3.8e+00 2.153e+00
#1835  3615   1 | 8.79e-01 1.44e-01 +0.249  0.95 | 9.10e-01 2.86e-01 +0.035  1.08 | 1.9e+00 4.3e+00 1.623e+00
#1836  3255   1 | 9.58e-01 3.88e-01 -0.041  1.20 | 1.03e+00 2.80e-01 +0.048  1.05 | 1.8e+00 4.4e+00 2.213e+00
#1837  3090   1 | 7.48e-01 1.52e-01 +0.326  0.91 | 9.49e-01 2.33e-01 +0.098  1.01 | 1.9e+00 4.3e+00 1.421e+00
#1838  4807   1 | 1.32e+00 2.23e-01 -0.157  1.08 | 1.02e+00 1.58e-01 +0.153  0.98 | 1.8e+00 4.4e+00 2.887e+00
#1839  1027   1 | 9.98e-01 2.34e-02 -0.137  1.01 | 8.61e-01 1.63e-01 +0.139  0.98 | 1.5e+00 3.9e+00 1.732e+00
#1840   950   1 | 4.70e-01 2.12e-01 -0.108  1.30 | 9.87e-01 1.94e-01 +0.260  0.94 | 1.5e+00 4.4e+00 1.200e+00
#1841  3465   1 | 9.71e-01 1.10e-02 -0.201  1.00 | 1.02e+00 1.59e-01 -0.072  1.05 | 1.9e+00 3.8e+00 2.031e+00
#1842  1779   1 | 1.29e+00 1.72e-01 -0.259  1.09 | 9.27e-01 2.08e-01 -0.059  1.08 | 1.7e+00 4.1e+00 2.746e+00
#1843  2768   1 | 7.80e-01 1.67e-01 -0.339  1.19 | 9.59e-01 1.64e-01 +0.032  1.02 | 1.7e+00 3.6e+00 1.661e+00
#1844  2742   1 | 1.30e+00 7.08e-02 +0.621  0.94 | 1.04e+00 1.85e-01 -0.017  1.04 | 1.8e+00 4.0e+00 2.700e+00
#1845  3502   1 | 9.55e-01 5.91e-02 -0.083  1.01 | 1.06e+00 1.94e-01 +0.349  0.91 | 1.8e+00 3.8e+00 1.951e+00
#1846  1681   1 | 6.25e-01 7.71e-02 +0.119  0.99 | 1.03e+00 1.05e-01 +0.023  1.01 | 1.4e+00 3.8e+00 1.449e+00
#1847  3204   1 | 1.17e+00 6.10e-02 -0.493  1.05 | 1.17e+00 2.56e-01 +0.261  0.93 | 1.7e+00 4.2e+00 2.711e+00
#1848  3633   1 | 1.17e+00 3.57e-02 +0.507  0.97 | 1.05e+00 2.01e-01 +0.063  1.01 | 1.9e+00 3.8e+00 2.456e+00
#1849  2387   1 | 5.15e-01 4.09e-02 +0.119  0.99 | 9.97e-01 1.30e-01 +0.045  1.01 | 1.5e+00 3.6e+00 1.261e+00
#1850  4765   1 | 8.07e-01 1.32e-02 -0.265  1.01 | 9.42e-01 2.04e-01 +0.264  0.93 | 1.6e+00 3.9e+00 1.484e+00
#1851   613   1 | 1.11e+00 2.34e-01 +0.126  0.99 | 9.82e-01 1.48e-01 -0.082  1.05 | 1.3e+00 4.4e+00 2.229e+00
#1852  3268   1 | 9.57e-01 6.21e-02 -0.032  1.01 | 1.03e+00 2.35e-01 +0.060  1.02 | 1.6e+00 4.6e+00 2.015e+00
#1853   526   1 | 5.96e-01 8.94e-02 +0.586  0.85 | 1.08e+00 1.82e-01 -0.119  1.07 | 1.3e+00 3.7e+00 1.556e+00
#1854   383   1 | 5.68e-01 4.68e-02 +0.191  0.98 | 9.77e-01 1.40e-01 -0.176  1.07 | 1.3e+00 4.2e+00 1.338e+00
#1855  2923   1 | 1.66e+00 2.09e-02 -0.160  1.00 | 9.65e-01 2.19e-01 +0.002  1.05 | 1.6e+00 3.8e+00 3.742e+00
#1856  1856   1 | 1.07e+00 5.54e-02 +0.006  1.00 | 9.70e-01 1.87e-01 -0.109  1.08 | 1.5e+00 3.9e+00 2.168e+00
#1857   509   1 | 1.17e+00 1.75e-01 -0.492  1.17 | 1.17e+00 1.79e-01 +0.234  0.95 | 1.3e+00 3.9e+00 2.902e+00
#1858  2635   1 | 1.11e+00 8.68e-02 +0.491  0.93 | 1.13e+00 2.49e-01 +0.245  0.94 | 1.5e+00 3.8e+00 2.357e+00
#1859  1532   1 | 9.07e-01 2.11e-02 -0.120  1.01 | 9.18e-01 1.16e-01 +0.089  0.99 | 1.2e+00 3.8e+00 1.665e+00
#1860  4138   1 | 1.07e+00 2.24e-02 -0.374  1.02 | 9.93e-01 2.68e-01 +0.035  1.05 | 1.6e+00 4.2e+00 2.212e+00
#1861   742   1 | 1.22e+00 8.59e-02 -0.364  1.06 | 1.10e+00 1.35e-01 +0.182  0.97 | 1.3e+00 4.0e+00 2.763e+00
#1862  2160   1 | 8.24e-01 1.87e-02 -0.550  1.03 | 1.01e+00 3.25e-01 +0.025  1.09 | 1.6e+00 4.3e+00 1.812e+00
#1863   793   1 | 1.12e+00 3.63e-02 +0.053  1.00 | 1.01e+00 1.39e-01 +0.042  1.01 | 1.2e+00 4.0e+00 2.277e+00
#1864  1883   1 | 4.48e-01 6.41e-03 -0.105  1.00 | 1.00e+00 1.56e-01 +0.221  0.96 | 1.6e+00 3.9e+00 1.159e+00
#1865  4252   1 | 1.29e+00 5.01e-03 -0.316  1.00 | 1.01e+00 2.78e-01 +0.331  0.89 | 1.5e+00 4.5e+00 2.578e+00
#1866  1059   1 | 9.71e-01 7.02e-02 +0.235  0.97 | 1.02e+00 1.08e-01 -0.032  1.02 | 1.2e+00 3.9e+00 1.971e+00
#1867  4782   1 | 6.58e-01 1.02e-02 +0.407  0.99 | 1.07e+00 2.65e-01 +0.191  0.97 | 1.8e+00 4.4e+00 1.533e+00
#1868  3995   1 | 1.07e+00 4.02e-03 -0.705  1.01 | 9.97e-01 2.62e-01 +0.152  0.99 | 1.7e+00 4.2e+00 2.133e+00
#1869   553   1 | 5.12e-01 1.13e-02 +0.149  0.99 | 9.97e-01 1.42e-01 +0.160  0.97 | 1.1e+00 4.2e+00 1.229e+00
#1870  3822   1 | 1.12e+00 2.00e-03 -0.617  1.00 | 1.06e+00 1.61e-01 +0.218  0.96 | 2.0e+00 3.9e+00 2.337e+00
#1871  3770   1 | 1.04e+00 3.73e-03 +0.413  1.00 | 1.04e+00 1.90e-01 +0.058  1.01 | 1.9e+00 3.9e+00 2.172e+00
#1872  1425   1 | 5.79e-01 2.98e-02 +0.305  0.97 | 1.05e+00 1.18e-01 +0.163  0.98 | 1.2e+00 3.7e+00 1.406e+00
#1873  3989   1 | 1.29e+00 2.55e-03 +0.177  1.00 | 1.09e+00 2.09e-01 +0.181  0.97 | 1.7e+00 4.0e+00 2.820e+00
#1874  4547   1 | 1.30e+00 3.47e-03 +0.726  1.00 | 9.27e-01 2.66e-01 +0.183  0.98 | 1.6e+00 4.3e+00 2.525e+00
#1875    16   1 | 7.01e-01 5.03e-02 +0.105  0.99 | 1.00e+00 1.18e-01 +0.105  0.99 | 1.1e+00 4.0e+00 1.480e+00
#1876  1039   1 | 1.04e+00 1.31e-02 +0.793  0.98 | 8.36e-01 1.55e-01 +0.202  0.96 | 1.2e+00 4.4e+00 1.733e+00
#1877  2569   1 | 1.09e+00 2.67e-03 +0.082  1.00 | 9.37e-01 2.83e-01 +0.189  0.98 | 1.7e+00 4.1e+00 2.052e+00
#1878  2262   1 | 1.14e+00 5.09e-03 -0.009  1.00 | 9.88e-01 1.62e-01 +0.082  1.00 | 1.3e+00 3.7e+00 2.273e+00
#1879  2651   1 | 1.34e+00 2.24e-03 +0.039  1.00 | 1.00e+00 2.36e-01 -0.113  1.11 | 1.8e+00 3.6e+00 2.908e+00
#1880  2039   1 | 1.13e+00 2.72e-03 -0.683  1.00 | 1.05e+00 1.95e-01 +0.054  1.01 | 1.8e+00 4.1e+00 2.402e+00
#1881   636   1 | 1.02e+00 3.33e-02 -0.190  1.01 | 9.92e-01 1.43e-01 +0.156  0.98 | 1.1e+00 3.9e+00 2.025e+00
#1882  2659   1 | 9.61e-01 1.85e-03 -0.516  1.00 | 1.06e+00 2.21e-01 +0.291  0.92 | 1.6e+00 4.0e+00 1.969e+00
#1883  1177   1 | 9.75e-01 1.51e-02 -0.605  1.02 | 1.04e+00 1.68e-01 +0.090  1.00 | 1.2e+00 3.7e+00 2.052e+00
#1884  2900   1 | 1.10e+00 3.26e-03 -0.469  1.00 | 9.80e-01 3.26e-01 +0.330  0.89 | 1.5e+00 4.1e+00 2.074e+00
#1885  3559   1 | 1.10e+00 1.62e-03 -0.116  1.00 | 1.08e+00 2.04e-01 +0.271  0.93 | 1.8e+00 4.1e+00 2.299e+00
#1886  1425   1 | 1.29e+00 7.30e-03 -0.452  1.01 | 1.08e+00 1.99e-01 -0.035  1.05 | 1.1e+00 3.7e+00 2.896e+00
#1887  4203   1 | 8.86e-01 3.38e-03 +0.028  1.00 | 9.51e-01 2.80e-01 +0.162  0.99 | 1.6e+00 4.1e+00 1.681e+00
#1888  1815   1 | 1.04e+00 4.78e-03 -0.676  1.01 | 1.02e+00 1.12e-01 +0.165  0.98 | 1.4e+00 5.0e+00 2.105e+00
#1889  1760   1 | 7.72e-01 3.04e-03 -0.127  1.00 | 9.59e-01 1.96e-01 +0.055  1.02 | 1.3e+00 3.8e+00 1.534e+00
#1890  1331   1 | 1.14e+00 1.62e-03 +0.445  1.00 | 9.75e-01 1.63e-01 -0.037  1.04 | 1.2e+00 4.2e+00 2.293e+00
#1891  3858   1 | 9.82e-01 2.27e-03 -0.741  1.00 | 1.07e+00 1.46e-01 +0.313  0.93 | 2.0e+00 4.1e+00 2.047e+00
#1892  1695   1 | 1.02e+00 3.75e-03 +0.537  1.00 | 1.13e+00 1.85e-01 +0.029  1.02 | 1.3e+00 4.0e+00 2.338e+00
#1893  2785   1 | 1.14e+00 2.66e-03 -0.203  1.00 | 9.43e-01 2.75e-01 +0.205  0.97 | 1.7e+00 4.1e+00 2.169e+00
#1894  4740   1 | 1.18e+00 2.87e-03 -0.457  1.00 | 9.58e-01 1.77e-01 +0.073  1.01 | 1.7e+00 3.5e+00 2.317e+00
#1895  3749   1 | 6.48e-01 3.02e-03 +0.174  1.00 | 1.03e+00 1.61e-01 +0.174  0.97 | 1.8e+00 4.6e+00 1.446e+00
#1896  2886   1 | 4.97e-01 1.87e-03 -0.035  1.00 | 1.12e+00 1.91e-01 +0.231  0.95 | 1.6e+00 4.1e+00 1.433e+00
#1897  4306   1 | 9.84e-01 2.54e-03 +0.216  1.00 | 1.06e+00 1.62e-01 -0.008  1.03 | 1.8e+00 3.8e+00 2.115e+00
#1898   687   1 | 5.45e-01 1.16e-02 +0.399  0.98 | 1.03e+00 1.29e-01 +0.150  0.98 | 1.0e+00 3.5e+00 1.328e+00
#1899  4875   1 | 1.08e+00 2.16e-03 +0.216  1.00 | 1.03e+00 1.54e-01 +0.133  0.98 | 1.6e+00 4.6e+00 2.211e+00
#1900  1477   1 | 1.05e+00 1.41e-03 -0.136  1.00 | 1.08e+00 1.44e-01 -0.017  1.02 | 1.2e+00 3.3e+00 2.298e+00
#1901  1247   1 | 1.23e+00 5.13e-03 -0.535  1.00 | 9.89e-01 1.91e-01 +0.227  0.95 | 1.2e+00 4.4e+00 2.455e+00
#1902  1151   1 | 8.53e-01 2.95e-03 -0.082  1.00 | 9.10e-01 2.03e-01 -0.028  1.06 | 1.2e+00 3.6e+00 1.607e+00
#1903  1894   1 | 8.90e-01 1.71e-03 -0.864  1.00 | 9.15e-01 1.90e-01 -0.058  1.07 | 1.5e+00 3.7e+00 1.688e+00
#1904  1539   1 | 8.26e-01 2.20e-03 -0.025  1.00 | 9.54e-01 1.56e-01 +0.232  0.95 | 1.1e+00 3.5e+00 1.548e+00
#1905  1494   1 | 7.06e-01 4.07e-03 -0.747  1.01 | 1.09e+00 1.97e-01 +0.158  0.98 | 1.1e+00 4.1e+00 1.657e+00
#1906  4072   1 | 4.71e-01 1.72e-03 -0.563  1.00 | 9.87e-01 2.16e-01 +0.261  0.93 | 1.7e+00 4.0e+00 1.133e+00
#1907  4521   1 | 1.32e+00 2.02e-03 +0.473  1.00 | 1.12e+00 2.37e-01 +0.140  0.99 | 1.5e+00 4.2e+00 2.986e+00
#1908  2677   1 | 1.30e+00 2.05e-03 +0.390  1.00 | 1.04e+00 1.48e-01 +0.045  1.01 | 1.9e+00 4.1e+00 2.777e+00
#1909  3280   1 | 1.09e+00 4.06e-03 -0.056  1.00 | 1.02e+00 1.27e-01 +0.159  0.98 | 1.7e+00 3.7e+00 2.203e+00
#1910  3180   1 | 7.35e-01 2.03e-03 -0.414  1.00 | 9.46e-01 2.15e-01 +0.122  1.00 | 1.8e+00 3.8e+00 1.433e+00
#1911  2515   1 | 7.42e-01 7.01e-04 +0.663  1.00 | 9.49e-01 1.68e-01 +0.147  0.98 | 1.7e+00 3.7e+00 1.433e+00
#1912  3443   1 | 1.18e+00 1.60e-03 +0.130  1.00 | 1.05e+00 1.58e-01 +0.140  0.98 | 1.8e+00 3.5e+00 2.476e+00
#1913    77   1 | 9.61e-01 3.97e-03 -0.109  1.00 | 9.60e-01 1.21e-01 +0.174  0.97 | 1.2e+00 3.5e+00 1.819e+00
#1914  1522   1 | 9.99e-01 5.43e-03 -0.194  1.00 | 8.61e-01 1.91e-01 +0.162  0.98 | 1.1e+00 4.2e+00 1.724e+00
#1915   175   1 | 1.08e+00 4.75e-03 +0.535  1.00 | 9.68e-01 1.96e-01 +0.191  0.96 | 1.0e+00 3.9e+00 2.072e+00
#1916   826   1 | 9.98e-01 7.76e-03 +0.374  0.99 | 9.45e-01 1.72e-01 +0.147  0.98 | 1.1e+00 3.4e+00 1.866e+00
#1917   848   1 | 9.57e-01 6.36e-03 +0.495  0.99 | 1.07e+00 1.13e-01 +0.045  1.00 | 1.0e+00 3.4e+00 2.066e+00
#1918  1388   1 | 1.40e+00 2.95e-03 -0.133  1.00 | 1.01e+00 1.51e-01 -0.024  1.03 | 1.2e+00 3.8e+00 3.022e+00
#1919  3481   1 | 1.30e+00 3.45e-03 +0.902  1.00 | 9.64e-01 2.73e-01 +0.036  1.06 | 1.6e+00 4.4e+00 2.668e+00
#1920  3708   1 | 5.82e-01 1.21e-03 +0.256  1.00 | 1.04e+00 2.33e-01 +0.236  0.94 | 2.0e+00 3.9e+00 1.364e+00
#1921  2665   1 | 1.32e+00 2.59e-03 +0.382  1.00 | 1.02e+00 2.50e-01 +0.093  1.01 | 1.5e+00 3.9e+00 2.789e+00
#1922  4790   1 | 1.37e+00 4.00e-03 +0.322  1.00 | 1.03e+00 1.90e-01 +0.152  0.98 | 1.5e+00 3.7e+00 2.899e+00
#1923  1754   1 | 1.21e+00 3.98e-03 -0.174  1.00 | 9.11e-01 1.42e-01 +0.137  0.98 | 1.2e+00 4.6e+00 2.271e+00
#1924   977   1 | 8.89e-01 1.27e-01 +0.405  0.90 | 9.15e-01 6.16e-02 -0.017  1.01 | 1.6e+00 3.4e+00 1.557e+00
#1925  1507   1 | 1.15e+00 9.60e-03 -0.016  1.00 | 9.43e-01 1.52e-01 +0.186  0.97 | 1.1e+00 3.8e+00 2.172e+00
#1926   458   1 | 1.38e+00 2.91e-03 +0.357  1.00 | 1.03e+00 1.00e-01 -0.039  1.02 | 1.1e+00 3.3e+00 2.971e+00
#1927  3790   1 | 8.55e-01 1.90e-03 +0.717  1.00 | 9.42e-01 2.00e-01 +0.143  0.98 | 1.8e+00 3.7e+00 1.602e+00
#1928  1389   1 | 1.04e+00 1.04e-03 -0.032  1.00 | 1.02e+00 1.67e-01 +0.147  0.98 | 1.1e+00 3.8e+00 2.103e+00
#1929  3577   1 | 7.38e-01 1.29e-03 -0.588  1.00 | 9.46e-01 2.38e-01 +0.126  1.00 | 1.7e+00 4.0e+00 1.441e+00
#1930   205   1 | 1.22e+00 1.40e-02 +0.396  0.99 | 1.10e+00 2.00e-01 +0.232  0.95 | 1.1e+00 4.2e+00 2.640e+00
#1931   532   1 | 1.23e+00 8.31e-02 +0.786  0.90 | 9.89e-01 1.69e-01 +0.150  0.98 | 1.0e+00 3.2e+00 2.324e+00
#1932  1361   1 | 1.13e+00 8.01e-03 +0.399  0.99 | 1.05e+00 1.49e-01 +0.352  0.92 | 1.1e+00 3.8e+00 2.294e+00
#1933  3611   1 | 7.98e-01 2.50e-03 -0.284  1.00 | 9.59e-01 2.48e-01 +0.168  0.98 | 1.6e+00 4.1e+00 1.538e+00
#1934   125   1 | 6.58e-01 7.56e-03 +0.030  1.00 | 1.07e+00 1.93e-01 +0.088  1.00 | 1.1e+00 4.2e+00 1.578e+00
#1935  4630   1 | 1.21e+00 2.83e-03 -0.371  1.00 | 1.05e+00 2.02e-01 +0.200  0.96 | 1.5e+00 3.7e+00 2.542e+00
#1936   562   1 | 8.26e-01 6.35e-02 +0.385  0.95 | 9.54e-01 1.24e-01 +0.195  0.97 | 1.1e+00 4.4e+00 1.524e+00
#1937  1566   1 | 1.08e+00 3.40e-02 +0.110  0.99 | 9.97e-01 1.50e-01 +0.056  1.01 | 1.1e+00 4.1e+00 2.151e+00
#1938  1486   1 | 1.02e+00 1.18e-01 -0.062  1.03 | 1.13e+00 1.29e-01 +0.267  0.95 | 1.1e+00 3.5e+00 2.287e+00
#1939  3098   1 | 7.09e-01 2.44e-03 +0.038  1.00 | 1.00e+00 2.31e-01 +0.069  1.02 | 1.4e+00 3.8e+00 1.529e+00
#1940  1785   1 | 1.04e+00 2.85e-02 +0.294  0.98 | 8.36e-01 2.50e-01 +0.263  0.93 | 1.2e+00 4.3e+00 1.721e+00
#1941  3288   1 | 1.10e+00 2.45e-03 -0.107  1.00 | 9.37e-01 1.94e-01 +0.194  0.96 | 1.4e+00 4.2e+00 2.060e+00
#1942   593   1 | 9.23e-01 7.49e-02 +0.803  0.88 | 9.51e-01 1.58e-01 +0.073  1.00 | 1.1e+00 4.3e+00 1.654e+00
#1943   962   1 | 1.32e+00 3.93e-02 +0.664  0.96 | 1.12e+00 1.12e-01 +0.171  0.98 | 1.2e+00 3.8e+00 2.908e+00
#1944   545   1 | 1.32e+00 6.21e-02 +0.155  0.99 | 1.02e+00 1.12e-01 +0.097  0.99 | 1.2e+00 4.0e+00 2.745e+00
#1945  2150   1 | 7.40e-01 6.76e-03 -0.171  1.00 | 9.49e-01 2.55e-01 +0.044  1.05 | 1.3e+00 3.7e+00 1.495e+00
#1946  3285   1 | 1.10e+00 1.55e-02 +0.152  1.00 | 9.80e-01 3.57e-01 +0.326  0.90 | 1.3e+00 4.5e+00 2.055e+00
#1947  4795   1 | 1.33e+00 6.65e-03 +0.231  1.00 | 1.01e+00 3.54e-01 +0.334  0.89 | 1.4e+00 4.3e+00 2.673e+00
#1948  4056   1 | 5.74e-01 9.29e-03 +0.346  0.99 | 9.77e-01 1.88e-01 +0.279  0.93 | 1.2e+00 4.0e+00 1.214e+00
#1949   600   1 | 1.29e+00 4.14e-02 +0.017  1.00 | 1.08e+00 9.13e-02 -0.033  1.01 | 1.2e+00 3.5e+00 2.851e+00
#1950  2829   1 | 9.81e-01 9.41e-03 -0.713  1.01 | 1.04e+00 1.98e-01 +0.225  0.95 | 1.3e+00 3.6e+00 2.010e+00
#1951  1019   1 | 9.71e-01 1.33e-01 +0.238  0.95 | 1.02e+00 1.17e-01 -0.137  1.04 | 1.3e+00 3.8e+00 1.982e+00
#1952  3423   1 | 9.11e-01 3.13e-03 +0.144  1.00 | 9.18e-01 2.26e-01 +0.134  0.99 | 1.4e+00 4.2e+00 1.667e+00
#1953  2299   1 | 1.29e+00 3.18e-02 +0.217  0.99 | 9.27e-01 2.29e-01 +0.155  0.98 | 1.3e+00 3.8e+00 2.503e+00
#1954  1153   1 | 1.29e+00 7.73e-02 -0.014  1.01 | 9.64e-01 1.42e-01 +0.200  0.96 | 1.2e+00 3.7e+00 2.580e+00
#1955  1717   1 | 4.47e-01 8.15e-02 -0.061  1.06 | 1.00e+00 3.21e-01 +0.070  1.06 | 1.2e+00 4.5e+00 1.272e+00
#1956  4945   1 | 1.09e+00 6.84e-02 +0.095  0.99 | 1.08e+00 2.87e-01 +0.302  0.91 | 1.2e+00 4.3e+00 2.245e+00
#1957  1167   1 | 1.35e+00 1.16e-02 -0.717  1.01 | 1.00e+00 8.48e-02 +0.030  1.00 | 1.2e+00 3.9e+00 2.841e+00
#1958  4280   1 | 5.50e-01 3.48e-03 +0.398  0.99 | 1.03e+00 1.07e-01 +0.130  0.98 | 1.2e+00 4.0e+00 1.342e+00
#1959   848   1 | 1.08e+00 8.27e-02 +0.793  0.88 | 1.04e+00 1.19e-01 +0.090  0.99 | 1.2e+00 4.6e+00 2.110e+00
#1960  4071   1 | 5.16e-01 7.33e-03 +0.045  1.00 | 9.97e-01 1.84e-01 +0.307  0.92 | 1.2e+00 3.9e+00 1.181e+00
#1961  1616   1 | 1.00e+00 1.37e-01 +0.370  0.92 | 1.07e+00 1.68e-01 +0.299  0.93 | 1.2e+00 4.8e+00 1.995e+00
#1962   281   1 | 9.60e-01 9.72e-02 +0.486  0.91 | 9.60e-01 8.94e-02 +0.146  0.98 | 1.2e+00 4.2e+00 1.746e+00
#1963  1565   1 | 1.31e+00 9.77e-02 +0.647  0.91 | 1.04e+00 1.68e-01 +0.047  1.01 | 1.2e+00 3.7e+00 2.639e+00
#1964   302   1 | 8.53e-01 2.03e-02 -0.264  1.01 | 9.10e-01 7.89e-02 -0.122  1.03 | 1.3e+00 3.6e+00 1.588e+00
#1965  1545   1 | 1.12e+00 3.77e-02 +0.094  0.99 | 1.01e+00 1.33e-01 +0.214  0.96 | 1.2e+00 3.5e+00 2.226e+00
#1966  2473   1 | 1.20e+00 1.30e-03 -0.034  1.00 | 9.11e-01 1.75e-01 +0.122  0.99 | 1.4e+00 4.2e+00 2.263e+00
#1967   596   1 | 1.08e+00 2.29e-01 +0.536  0.82 | 9.68e-01 1.38e-01 +0.203  0.96 | 1.4e+00 3.9e+00 1.863e+00
#1968  4240   1 | 9.66e-01 1.00e-01 -0.019  1.01 | 1.03e+00 1.96e-01 +0.180  0.97 | 1.2e+00 3.8e+00 1.978e+00
#1969  2562   1 | 6.30e-01 6.22e-02 +0.159  0.98 | 1.03e+00 1.82e-01 +0.002  1.03 | 1.4e+00 3.8e+00 1.479e+00
#1970  1971   1 | 5.56e-01 9.84e-02 -0.506  1.21 | 1.04e+00 1.55e-01 -0.163  1.07 | 1.3e+00 3.6e+00 1.537e+00
#1971  3201   1 | 1.09e+00 1.52e-02 -0.005  1.00 | 9.82e-01 1.39e-01 +0.274  0.94 | 1.3e+00 4.2e+00 2.089e+00
#1972   269   1 | 1.11e+00 2.97e-02 -0.296  1.02 | 1.06e+00 5.42e-02 -0.041  1.01 | 1.5e+00 3.2e+00 2.376e+00
#1973   865   1 | 7.05e-01 1.13e-01 -0.557  1.21 | 1.09e+00 6.56e-02 +0.111  0.99 | 1.7e+00 4.3e+00 1.770e+00
#1974  2577   1 | 1.40e+00 8.78e-03 +0.528  0.99 | 1.01e+00 2.30e-01 +0.184  0.97 | 1.4e+00 4.1e+00 2.951e+00
#1975   189   1 | 1.11e+00 1.56e-01 -0.724  1.22 | 1.02e+00 6.39e-02 +0.052  1.00 | 1.4e+00 3.5e+00 2.537e+00
#1976  1622   1 | 4.95e-01 4.72e-02 -0.071  1.02 | 1.12e+00 1.83e-01 +0.187  0.97 | 1.4e+00 4.2e+00 1.455e+00
#1977  4784   1 | 1.18e+00 1.37e-02 +0.401  0.99 | 9.58e-01 1.42e-01 +0.091  1.00 | 1.3e+00 4.0e+00 2.288e+00
#1978  3350   1 | 1.12e+00 1.52e-03 -0.437  1.00 | 9.75e-01 1.48e-01 +0.056  1.01 | 1.3e+00 3.8e+00 2.208e+00
#1979  2443   1 | 1.11e+00 2.68e-01 +0.479  0.83 | 1.13e+00 2.60e-01 +0.104  1.00 | 1.3e+00 4.2e+00 2.318e+00
#1980  1380   1 | 1.07e+00 6.98e-02 -0.511  1.07 | 1.03e+00 7.99e-02 +0.064  1.00 | 1.3e+00 4.3e+00 2.277e+00
#1981  4133   1 | 1.29e+00 1.01e-01 +0.251  0.97 | 1.09e+00 2.37e-01 +0.109  1.00 | 1.3e+00 4.6e+00 2.816e+00
#1982  4750   1 | 9.95e-01 3.70e-02 -0.119  1.01 | 8.61e-01 1.50e-01 +0.178  0.97 | 1.3e+00 4.0e+00 1.719e+00
#1983  4225   1 | 1.08e+00 3.03e-02 +0.056  1.00 | 9.70e-01 1.68e-01 +0.165  0.97 | 1.3e+00 3.6e+00 2.076e+00
#1984  2280   1 | 8.25e-01 8.74e-02 +0.724  0.86 | 1.01e+00 1.39e-01 +0.027  1.01 | 1.3e+00 3.4e+00 1.622e+00
#1985  1754   1 | 5.98e-01 7.26e-02 -0.590  1.16 | 1.08e+00 1.59e-01 -0.091  1.05 | 1.3e+00 4.2e+00 1.646e+00
#1986  2259   1 | 9.62e-01 1.84e-01 -0.083  1.07 | 1.06e+00 2.06e-01 +0.308  0.92 | 1.3e+00 3.9e+00 2.029e+00
#1987  2563   1 | 1.02e+00 1.17e-01 +0.154  0.98 | 9.92e-01 1.96e-01 +0.089  1.00 | 1.4e+00 3.8e+00 2.009e+00
#1988   193   1 | 1.08e+00 5.17e-02 +0.393  0.96 | 9.93e-01 7.38e-02 +0.086  0.99 | 1.5e+00 3.4e+00 2.107e+00
#1989  1501   1 | 1.65e+00 8.05e-02 -0.186  1.02 | 9.65e-01 1.62e-01 -0.134  1.07 | 1.3e+00 4.0e+00 3.792e+00
#1990  1448   1 | 1.05e+00 4.44e-02 +0.785  0.94 | 1.08e+00 9.27e-02 +0.142  0.98 | 1.3e+00 3.7e+00 2.181e+00
#1991  2178   1 | 1.14e+00 2.20e-01 -0.035  1.05 | 9.88e-01 1.35e-01 +0.012  1.02 | 1.3e+00 3.5e+00 2.355e+00
#1992   115   1 | 9.98e-01 1.26e-01 +0.660  0.85 | 9.45e-01 7.37e-02 +0.007  1.01 | 1.3e+00 4.6e+00 1.744e+00
#1993  1787   1 | 4.70e-01 3.52e-02 +0.126  0.99 | 9.87e-01 9.80e-02 +0.269  0.96 | 1.3e+00 4.5e+00 1.151e+00
#1994   127   1 | 1.17e+00 1.19e-01 +0.489  0.91 | 1.17e+00 7.23e-02 +0.071  1.00 | 1.4e+00 4.1e+00 2.608e+00
#1995   404   1 | 9.57e-01 2.78e-02 +0.524  0.97 | 1.07e+00 6.05e-02 +0.057  1.00 | 1.4e+00 3.9e+00 2.040e+00
#1996  2531   1 | 9.74e-01 1.99e-01 +0.120  0.99 | 1.06e+00 9.04e-02 +0.092  0.99 | 1.5e+00 3.9e+00 2.051e+00
#1997  1565   1 | 5.79e-01 1.98e-02 -0.172  1.01 | 1.05e+00 8.29e-02 +0.133  0.99 | 1.4e+00 4.0e+00 1.431e+00
#1998  2127   1 | 9.63e-01 5.48e-02 -0.091  1.01 | 1.06e+00 1.44e-01 +0.286  0.94 | 1.4e+00 4.5e+00 2.004e+00
#1999   525   1 | 6.23e-01 8.18e-02 +0.134  0.98 | 1.03e+00 2.93e-02 -0.167  1.01 | 1.4e+00 3.3e+00 1.451e+00
#2000   455   1 | 9.23e-01 1.22e-01 +0.807  0.80 | 9.51e-01 8.55e-02 +0.151  0.98 | 1.4e+00 3.7e+00 1.571e+00
#2001  1143   1 | 1.31e+00 1.07e-01 +0.259  0.96 | 1.09e+00 6.22e-02 +0.080  0.99 | 1.5e+00 3.6e+00 2.835e+00
#2002  4869   1 | 4.67e-01 1.28e-01 -0.078  1.12 | 9.87e-01 2.24e-01 +0.338  0.90 | 1.3e+00 4.3e+00 1.119e+00
#2003  2478   1 | 1.07e+00 1.55e-01 +0.780  0.80 | 1.04e+00 1.95e-01 +0.012  1.03 | 1.5e+00 3.9e+00 2.031e+00
#2004  3448   1 | 1.09e+00 1.44e-01 -0.033  1.03 | 9.70e-01 1.40e-01 -0.000  1.02 | 1.5e+00 3.9e+00 2.173e+00
#2005   938   1 | 9.57e-01 7.77e-02 -0.523  1.09 | 1.07e+00 3.60e-02 +0.087  1.00 | 1.7e+00 3.5e+00 2.149e+00
#2006  1595   1 | 1.00e+00 1.39e-01 +0.381  0.91 | 1.07e+00 7.19e-02 +0.249  0.97 | 1.5e+00 4.5e+00 2.038e+00
#2007  3439   1 | 1.00e+00 7.00e-02 +0.143  0.98 | 8.61e-01 1.43e-01 +0.088  1.00 | 1.6e+00 3.7e+00 1.733e+00
#2008  2606   1 | 1.66e+00 2.99e-02 -0.120  1.00 | 9.65e-01 1.10e-01 +0.079  0.99 | 1.6e+00 4.2e+00 3.686e+00
#2009  4650   1 | 1.15e+00 5.10e-02 +0.006  1.00 | 9.43e-01 1.50e-01 +0.292  0.93 | 1.5e+00 3.9e+00 2.148e+00
#2010  4009   1 | 6.58e-01 1.22e-01 -0.008  1.04 | 1.07e+00 1.21e-01 +0.113  0.99 | 1.5e+00 4.0e+00 1.579e+00
#2011   463   1 | 7.04e-01 3.72e-01 +0.553  0.69 | 1.09e+00 8.29e-02 +0.024  1.00 | 1.6e+00 4.3e+00 1.531e+00
#2012  1012   1 | 1.08e+00 1.29e-01 +0.150  0.98 | 9.97e-01 6.61e-02 +0.162  0.98 | 1.6e+00 3.8e+00 2.112e+00
#2013   244   1 | 4.94e-01 1.37e-01 +0.034  1.06 | 1.12e+00 1.33e-01 +0.216  0.96 | 1.6e+00 3.6e+00 1.460e+00
#2014  1921   1 | 5.99e-01 8.14e-02 -0.574  1.17 | 1.08e+00 1.16e-01 +0.068  1.00 | 1.6e+00 4.3e+00 1.593e+00
#2015  2322   1 | 7.41e-01 1.88e-01 +0.309  0.91 | 9.49e-01 1.41e-01 +0.279  0.94 | 1.6e+00 3.8e+00 1.345e+00
#2016  2307   1 | 1.10e+00 1.11e-01 -0.728  1.16 | 1.02e+00 1.29e-01 +0.155  0.98 | 1.6e+00 3.8e+00 2.420e+00
#2017  3983   1 | 1.32e+00 1.45e-01 -0.153  1.05 | 1.02e+00 1.72e-01 +0.003  1.03 | 1.6e+00 4.2e+00 2.898e+00
#2018  4431   1 | 8.28e-01 1.01e-01 +0.705  0.84 | 1.01e+00 1.66e-01 +0.229  0.95 | 1.5e+00 4.0e+00 1.555e+00
#2019  2912   1 | 1.31e+00 4.83e-02 -0.639  1.05 | 1.12e+00 1.55e-01 +0.025  1.01 | 1.5e+00 4.0e+00 3.072e+00
#2020     4   1 | 1.02e+00 3.47e-01 -0.052  1.15 | 1.13e+00 1.06e-01 +0.206  0.97 | 1.5e+00 3.8e+00 2.437e+00
#2021  1494   1 | 9.75e-01 9.27e-02 -0.710  1.14 | 1.04e+00 1.17e-01 +0.231  0.96 | 1.5e+00 3.9e+00 2.132e+00
#2022  4618   1 | 1.10e+00 3.17e-03 +0.080  1.00 | 1.06e+00 1.81e-01 +0.323  0.92 | 1.4e+00 3.9e+00 2.250e+00
#2023  1276   1 | 5.12e-01 3.95e-02 +0.152  0.98 | 9.97e-01 1.17e-01 +0.129  0.98 | 1.4e+00 4.1e+00 1.235e+00
#2024   169   1 | 5.45e-01 8.46e-03 +0.394  0.99 | 1.03e+00 8.61e-02 +0.106  0.99 | 1.4e+00 3.5e+00 1.341e+00
#2025  1732   1 | 1.29e+00 9.60e-02 -0.002  1.01 | 1.08e+00 1.66e-01 -0.121  1.06 | 1.4e+00 3.9e+00 2.911e+00
#2026   412   1 | 1.29e+00 3.48e-02 -0.008  1.00 | 9.64e-01 1.47e-01 +0.296  0.93 | 1.3e+00 4.0e+00 2.546e+00
#2027  3881   1 | 4.55e-01 7.15e-02 -0.109  1.06 | 1.00e+00 1.83e-01 -0.016  1.04 | 1.5e+00 3.6e+00 1.262e+00
#2028  2441   1 | 7.31e-01 1.68e-02 +0.191  0.99 | 9.46e-01 1.85e-01 +0.086  1.00 | 1.5e+00 3.8e+00 1.428e+00
#2029  2657   1 | 1.00e+00 6.68e-02 +0.688  0.91 | 9.45e-01 1.27e-01 +0.045  1.01 | 1.5e+00 3.3e+00 1.820e+00
#2030  2756   1 | 1.14e+00 9.73e-03 +0.064  1.00 | 9.88e-01 2.08e-01 +0.052  1.02 | 1.7e+00 4.0e+00 2.289e+00
#2031  3058   1 | 8.98e-01 3.37e-02 -0.422  1.03 | 9.15e-01 1.41e-01 -0.010  1.03 | 1.4e+00 3.6e+00 1.693e+00
#2032  3905   1 | 1.41e+00 4.00e-03 +0.616  1.00 | 1.01e+00 1.93e-01 +0.082  1.01 | 1.4e+00 4.1e+00 3.022e+00
#2033  4205   1 | 1.03e+00 3.06e-02 -0.194  1.01 | 9.92e-01 1.72e-01 +0.168  0.97 | 1.4e+00 3.7e+00 2.024e+00
#2034  2809   1 | 1.08e+00 1.07e-01 -0.556  1.12 | 9.68e-01 2.89e-01 +0.055  1.06 | 1.5e+00 4.4e+00 2.293e+00
#2035  1219   1 | 1.18e+00 4.01e-02 +0.437  0.97 | 9.58e-01 1.37e-01 +0.090  0.99 | 1.3e+00 3.7e+00 2.263e+00
#2036  1030   1 | 1.31e+00 7.62e-02 +0.659  0.93 | 1.04e+00 1.70e-01 +0.183  0.97 | 1.2e+00 4.0e+00 2.624e+00
#2037   788   1 | 1.08e+00 3.90e-02 +0.400  0.97 | 9.93e-01 1.03e-01 +0.128  0.98 | 1.2e+00 3.6e+00 2.106e+00
#2038  3457   1 | 9.85e-01 1.94e-02 -0.112  1.00 | 1.06e+00 2.33e-01 +0.047  1.03 | 1.6e+00 4.2e+00 2.125e+00
#2039  1381   1 | 1.22e+00 8.91e-02 +0.369  0.95 | 1.10e+00 1.66e-01 +0.148  0.98 | 1.2e+00 4.7e+00 2.616e+00
#2040  1359   1 | 1.10e+00 2.53e-02 +0.134  0.99 | 1.08e+00 1.56e-01 +0.033  1.01 | 1.3e+00 4.0e+00 2.378e+00
#2041  4401   1 | 1.13e+00 3.74e-02 +0.092  0.99 | 1.01e+00 1.86e-01 +0.100  1.00 | 1.3e+00 4.0e+00 2.282e+00
#2042   754   1 | 9.71e-01 1.47e-02 -0.251  1.01 | 1.02e+00 1.06e-01 -0.047  1.02 | 1.3e+00 3.9e+00 2.009e+00
#2043  3938   1 | 1.06e+00 5.09e-02 -0.231  1.02 | 8.36e-01 2.16e-01 +0.309  0.91 | 1.3e+00 4.0e+00 1.789e+00
#2044   441   1 | 1.17e+00 6.95e-02 +0.503  0.94 | 1.17e+00 2.21e-01 +0.062  1.01 | 1.2e+00 4.1e+00 2.676e+00
#2045  3782   1 | 5.82e-01 1.15e-02 +0.590  0.98 | 1.04e+00 2.04e-01 +0.224  0.95 | 1.5e+00 4.1e+00 1.363e+00
#2046  2612   1 | 1.30e+00 1.26e-02 +0.090  1.00 | 1.01e+00 2.10e-01 +0.195  0.96 | 1.6e+00 3.9e+00 2.680e+00
#2047   671   1 | 1.09e+00 1.04e-01 -0.122  1.03 | 9.37e-01 1.84e-01 +0.101  1.00 | 1.2e+00 3.8e+00 2.098e+00
#2048  3664   1 | 1.32e+00 3.43e-03 +0.064  1.00 | 1.00e+00 1.64e-01 +0.085  1.00 | 1.7e+00 3.9e+00 2.755e+00
#2049  4403   1 | 1.11e+00 5.58e-02 +0.174  0.99 | 9.80e-01 3.71e-01 +0.384  0.85 | 1.3e+00 5.1e+00 2.032e+00
#2050  2250   1 | 1.04e+00 6.49e-02 -0.809  1.10 | 1.08e+00 1.81e-01 +0.176  0.97 | 1.4e+00 4.5e+00 2.339e+00
#2051  2717   1 | 1.38e+00 8.70e-03 -0.214  1.00 | 1.03e+00 1.91e-01 -0.006  1.04 | 1.6e+00 4.0e+00 3.015e+00
#2052  1053   1 | 9.60e-01 1.27e-01 +0.486  0.89 | 9.60e-01 1.42e-01 +0.312  0.93 | 1.2e+00 3.9e+00 1.676e+00
#2053  1772   1 | 8.54e-01 1.28e-01 +0.242  0.95 | 9.10e-01 1.52e-01 -0.026  1.04 | 1.3e+00 3.9e+00 1.552e+00
#2054  3220   1 | 1.09e+00 5.99e-03 -0.040  1.00 | 9.82e-01 1.30e-01 +0.269  0.95 | 1.5e+00 4.3e+00 2.092e+00
#2055  4886   1 | 1.05e+00 7.88e-03 +0.443  0.99 | 1.02e+00 1.20e-01 +0.214  0.96 | 1.4e+00 3.8e+00 2.105e+00
#2056  1440   1 | 1.23e+00 1.20e-01 +0.779  0.86 | 9.89e-01 1.50e-01 +0.209  0.96 | 1.3e+00 3.8e+00 2.240e+00
#2057  2603   1 | 1.20e+00 2.91e-02 +0.525  0.98 | 1.05e+00 1.99e-01 -0.049  1.05 | 1.6e+00 4.0e+00 2.566e+00
#2058  2310   1 | 1.20e+00 2.81e-02 -0.316  1.02 | 9.11e-01 2.02e-01 +0.064  1.02 | 1.5e+00 4.4e+00 2.315e+00
#2059  4572   1 | 6.96e-01 5.47e-02 -0.065  1.02 | 1.00e+00 2.26e-01 +0.185  0.97 | 1.4e+00 4.2e+00 1.464e+00
#2060  4678   1 | 1.08e+00 4.03e-02 -0.520  1.04 | 1.03e+00 1.54e-01 -0.028  1.03 | 1.5e+00 4.1e+00 2.303e+00
#2061  4218   1 | 9.07e-01 9.91e-03 +0.177  1.00 | 9.18e-01 1.72e-01 +0.191  0.96 | 1.5e+00 3.7e+00 1.631e+00
#2062   664   1 | 8.24e-01 7.61e-02 +0.412  0.93 | 9.42e-01 1.85e-01 +0.051  1.02 | 1.3e+00 3.8e+00 1.536e+00
#2063  4922   1 | 7.48e-01 1.16e-01 -0.365  1.14 | 9.59e-01 1.90e-01 +0.241  0.94 | 1.5e+00 3.8e+00 1.504e+00
#2064  3775   1 | 1.29e+00 3.14e-02 +0.177  0.99 | 9.27e-01 1.77e-01 +0.089  1.00 | 1.8e+00 4.2e+00 2.506e+00
#2065  3801   1 | 5.80e-01 2.20e-02 +0.270  0.98 | 9.77e-01 1.56e-01 +0.201  0.96 | 1.7e+00 3.5e+00 1.249e+00
#2066  1794   1 | 8.27e-01 3.54e-02 +0.379  0.97 | 9.54e-01 1.26e-01 -0.017  1.02 | 1.4e+00 4.0e+00 1.593e+00
#2067  1964   1 | 9.63e-01 5.95e-03 +0.277  1.00 | 1.03e+00 1.27e-01 +0.017  1.01 | 1.6e+00 4.1e+00 2.002e+00
#2068  1996   1 | 5.80e-01 3.47e-02 +0.207  0.98 | 1.05e+00 1.76e-01 +0.138  0.98 | 1.5e+00 4.3e+00 1.417e+00
#2069  3808   1 | 1.10e+00 4.13e-02 -0.685  1.05 | 9.75e-01 1.52e-01 +0.009  1.02 | 1.7e+00 4.3e+00 2.253e+00
#2070  3769   1 | 1.10e+00 6.45e-03 -0.099  1.00 | 1.05e+00 1.21e-01 +0.034  1.01 | 1.7e+00 4.2e+00 2.315e+00
#2071  1060   1 | 1.12e+00 1.51e-01 +0.485  0.89 | 1.13e+00 8.78e-02 +0.097  0.99 | 1.5e+00 4.5e+00 2.390e+00
#2072  4125   1 | 4.71e-01 8.49e-02 -0.106  1.07 | 9.87e-01 1.99e-01 +0.268  0.93 | 1.5e+00 3.8e+00 1.146e+00
#2073  3702   1 | 1.28e+00 4.93e-02 +0.162  0.99 | 1.01e+00 1.86e-01 +0.313  0.92 | 1.6e+00 4.2e+00 2.558e+00
#2074  2820   1 | 1.10e+00 7.93e-03 -0.105  1.00 | 1.08e+00 2.75e-01 -0.049  1.09 | 1.6e+00 4.6e+00 2.480e+00
#2075  2811   1 | 1.22e+00 2.70e-02 +0.786  0.97 | 9.89e-01 2.05e-01 +0.123  0.99 | 1.6e+00 4.1e+00 2.415e+00
#2076  3132   1 | 8.99e-01 2.23e-02 -0.489  1.02 | 9.15e-01 1.19e-01 -0.025  1.02 | 1.6e+00 3.4e+00 1.686e+00
#2077  4713   1 | 1.40e+00 2.01e-02 +0.558  0.98 | 1.01e+00 1.19e-01 +0.293  0.94 | 1.5e+00 3.7e+00 2.893e+00
#2078  2066   1 | 9.62e-01 5.50e-02 +0.496  0.95 | 9.60e-01 1.12e-01 +0.055  1.00 | 1.7e+00 3.6e+00 1.798e+00
#2079  1182   1 | 1.38e+00 1.73e-02 +0.213  0.99 | 1.03e+00 1.53e-01 +0.000  1.02 | 1.4e+00 4.3e+00 2.970e+00
#2080   472   1 | 7.71e-01 5.45e-02 +0.302  0.96 | 9.59e-01 2.23e-01 +0.108  1.00 | 1.4e+00 4.0e+00 1.495e+00
#2081  4111   1 | 5.61e-01 1.99e-01 -0.391  1.40 | 1.03e+00 1.79e-01 +0.097  1.00 | 1.6e+00 4.5e+00 1.496e+00
#2082   808   1 | 1.11e+00 4.23e-02 +0.120  0.99 | 9.82e-01 1.43e-01 +0.068  1.00 | 1.4e+00 3.4e+00 2.186e+00
#2083  1258   1 | 8.22e-01 1.33e-01 +0.719  0.79 | 1.01e+00 1.34e-01 +0.100  0.99 | 1.4e+00 5.2e+00 1.552e+00
#2084  2384   1 | 4.49e-01 1.27e-01 +0.085  1.03 | 1.00e+00 1.92e-01 +0.054  1.02 | 1.6e+00 3.9e+00 1.227e+00
#2085  1754   1 | 1.65e+00 2.71e-03 +0.239  1.00 | 9.65e-01 1.18e-01 -0.016  1.02 | 1.4e+00 3.9e+00 3.684e+00
#2086  4475   1 | 1.09e+00 3.99e-02 -0.356  1.03 | 9.93e-01 1.81e-01 +0.301  0.92 | 1.6e+00 4.6e+00 2.121e+00
#2087  1199   1 | 1.14e+00 2.33e-01 +0.033  1.03 | 9.88e-01 1.25e-01 -0.099  1.04 | 1.4e+00 4.2e+00 2.355e+00
#2088  3286   1 | 1.09e+00 7.73e-02 +0.725  0.90 | 1.02e+00 1.36e-01 +0.198  0.96 | 1.6e+00 4.0e+00 2.075e+00
#2089  2950   1 | 1.02e+00 4.68e-03 +0.358  1.00 | 9.92e-01 1.08e-01 -0.036  1.02 | 1.7e+00 3.8e+00 2.041e+00
#2090    76   1 | 1.04e+00 1.02e-01 -0.266  1.06 | 1.02e+00 9.35e-02 +0.016  1.01 | 1.4e+00 4.0e+00 2.202e+00
#2091  3716   1 | 1.29e+00 3.39e-02 -0.622  1.03 | 1.12e+00 1.03e-01 +0.142  0.98 | 1.9e+00 4.3e+00 2.958e+00
#2092  3999   1 | 5.86e-01 6.98e-02 +0.227  0.96 | 1.05e+00 1.20e-01 +0.091  0.99 | 1.6e+00 3.7e+00 1.429e+00
#2093  1518   1 | 1.09e+00 6.20e-03 -0.062  1.00 | 9.37e-01 1.06e-01 +0.110  0.99 | 1.3e+00 4.2e+00 2.053e+00
#2094  3223   1 | 9.81e-01 4.41e-02 -0.102  1.01 | 1.06e+00 8.29e-02 +0.088  0.99 | 1.5e+00 3.6e+00 2.084e+00
#2095  4190   1 | 5.62e-01 1.12e-02 -0.358  1.01 | 1.04e+00 8.56e-02 +0.101  0.99 | 1.6e+00 3.7e+00 1.396e+00
#2096  4081   1 | 8.80e-01 3.37e-02 +0.282  0.98 | 9.10e-01 1.12e-01 +0.031  1.01 | 1.6e+00 4.3e+00 1.594e+00
#2097  4504   1 | 1.20e+00 2.39e-02 +0.543  0.98 | 1.05e+00 1.08e-01 +0.217  0.97 | 1.5e+00 4.2e+00 2.486e+00
#2098  3158   1 | 1.29e+00 5.73e-03 +0.248  1.00 | 9.27e-01 9.77e-02 +0.091  0.99 | 1.6e+00 3.9e+00 2.515e+00
#2099  4395   1 | 8.24e-01 1.27e-01 +0.362  0.91 | 9.54e-01 7.01e-02 +0.286  0.96 | 1.3e+00 4.0e+00 1.495e+00
#2100  3957   1 | 5.19e-01 4.61e-02 +0.153  0.98 | 9.97e-01 1.24e-01 +0.293  0.94 | 1.5e+00 4.0e+00 1.201e+00
#2101  1231   1 | 1.11e+00 1.79e-01 +0.118  0.99 | 9.80e-01 9.76e-02 +0.306  0.95 | 1.3e+00 3.8e+00 2.135e+00
#2102  4370   1 | 1.14e+00 9.45e-02 +0.028  1.00 | 9.43e-01 1.43e-01 +0.206  0.96 | 1.3e+00 4.3e+00 2.162e+00
#2103  4985   1 | 6.09e-01 1.79e-03 -0.273  1.00 | 1.03e+00 1.35e-01 +0.082  1.00 | 1.4e+00 3.8e+00 1.425e+00
#2104  4592   1 | 1.14e+00 2.60e-02 +0.432  0.98 | 1.05e+00 1.53e-01 +0.309  0.93 | 1.4e+00 4.3e+00 2.306e+00
#2105  2400   1 | 9.62e-01 2.82e-02 -0.059  1.00 | 1.03e+00 1.41e-01 -0.078  1.04 | 1.6e+00 3.9e+00 2.038e+00
#2106  2780   1 | 1.08e+00 1.13e-02 -0.491  1.01 | 9.68e-01 1.33e-01 +0.147  0.98 | 1.6e+00 3.8e+00 2.093e+00
#2107  1498   1 | 1.21e+00 6.35e-02 -0.267  1.03 | 9.11e-01 8.75e-02 +0.124  0.99 | 1.3e+00 3.6e+00 2.320e+00
#2108   584   1 | 1.04e+00 2.12e-01 +0.204  0.96 | 8.36e-01 1.04e-01 +0.209  0.96 | 1.3e+00 4.0e+00 1.713e+00
#2109  4689   1 | 1.17e+00 1.47e-02 +0.510  0.99 | 1.17e+00 1.70e-01 +0.278  0.94 | 1.5e+00 4.0e+00 2.643e+00
#2110   417   1 | 4.94e-01 1.22e-01 +0.030  1.05 | 1.12e+00 9.67e-02 +0.134  0.98 | 1.3e+00 3.7e+00 1.484e+00
#2111  2932   1 | 6.58e-01 3.03e-02 -0.023  1.00 | 1.07e+00 1.21e-01 +0.076  1.00 | 1.5e+00 4.0e+00 1.575e+00
#2112    30   1 | 1.12e+00 5.53e-02 -0.013  1.00 | 1.01e+00 1.17e-01 +0.076  1.00 | 1.3e+00 3.9e+00 2.274e+00
#2113  3399   1 | 9.76e-01 2.75e-03 +0.140  1.00 | 1.07e+00 1.34e-01 +0.006  1.01 | 1.9e+00 3.6e+00 2.122e+00
#2114   678   1 | 9.98e-01 5.61e-02 +0.131  0.99 | 8.61e-01 9.65e-02 +0.151  0.98 | 1.3e+00 4.0e+00 1.710e+00
#2115  4747   1 | 1.22e+00 1.98e-02 +0.231  0.99 | 1.10e+00 2.46e-01 +0.221  0.95 | 1.4e+00 4.7e+00 2.637e+00
#2116  2549   1 | 1.02e+00 5.88e-03 +0.374  1.00 | 1.13e+00 1.85e-01 +0.058  1.01 | 1.8e+00 3.7e+00 2.333e+00
#2117   491   1 | 7.38e-01 2.22e-02 -0.273  1.02 | 9.49e-01 1.09e-01 -0.003  1.01 | 1.3e+00 3.7e+00 1.467e+00
#2118  4786   1 | 9.43e-01 3.88e-03 +0.527  1.00 | 9.51e-01 1.26e-01 +0.117  0.99 | 1.4e+00 3.7e+00 1.778e+00
#2119  1904   1 | 9.71e-01 4.67e-02 -0.216  1.02 | 1.02e+00 1.57e-01 +0.087  1.00 | 1.5e+00 4.0e+00 1.997e+00
#2120  4289   1 | 1.01e+00 1.25e-02 +0.757  0.98 | 9.45e-01 1.51e-01 +0.026  1.02 | 1.4e+00 3.5e+00 1.914e+00
#2121  1601   1 | 7.29e-01 1.55e-02 -0.246  1.01 | 9.46e-01 1.63e-01 -0.022  1.04 | 1.2e+00 4.0e+00 1.465e+00
#2122  1680   1 | 1.11e+00 3.49e-02 +0.386  0.98 | 1.06e+00 1.41e-01 +0.135  0.98 | 1.3e+00 4.0e+00 2.299e+00
#2123  1158   1 | 9.75e-01 2.14e-02 -0.727  1.03 | 1.04e+00 8.95e-02 +0.161  0.98 | 1.3e+00 3.8e+00 2.045e+00
#2124  2454   1 | 1.04e+00 1.97e-02 -0.827  1.03 | 1.08e+00 1.37e-01 -0.019  1.02 | 1.5e+00 3.7e+00 2.316e+00
#2125  4533   1 | 1.01e+00 7.53e-03 -0.420  1.01 | 1.07e+00 6.70e-02 +0.226  0.98 | 1.4e+00 4.2e+00 2.151e+00
#2126  4660   1 | 1.18e+00 4.99e-02 -0.475  1.04 | 9.58e-01 1.87e-01 +0.133  0.99 | 1.4e+00 4.0e+00 2.357e+00
#2127   308   1 | 7.01e-01 4.42e-02 -0.080  1.01 | 1.00e+00 7.49e-02 +0.119  0.99 | 1.2e+00 3.7e+00 1.491e+00
#2128  1772   1 | 1.08e+00 9.66e-02 +0.129  0.98 | 9.97e-01 1.31e-01 +0.169  0.97 | 1.2e+00 4.1e+00 2.107e+00
#2129  4930   1 | 1.32e+00 6.86e-03 -0.101  1.00 | 1.09e+00 1.76e-01 +0.353  0.91 | 1.4e+00 3.7e+00 2.828e+00
#2130  2006   1 | 1.30e+00 2.77e-03 +0.070  1.00 | 9.64e-01 1.54e-01 +0.205  0.96 | 1.6e+00 4.1e+00 2.569e+00
#2131  2976   1 | 7.18e-01 3.26e-03 -0.084  1.00 | 1.09e+00 1.24e-01 +0.046  1.00 | 1.5e+00 3.9e+00 1.703e+00
#2132  2617   1 | 1.13e+00 6.18e-03 -0.178  1.00 | 9.75e-01 1.66e-01 +0.062  1.01 | 1.8e+00 4.1e+00 2.245e+00
#2133  2758   1 | 1.34e+00 4.10e-03 +0.736  1.00 | 1.00e+00 1.95e-01 +0.058  1.02 | 1.8e+00 4.4e+00 2.803e+00
#2134  4655   1 | 1.13e+00 4.66e-03 +0.233  1.00 | 1.13e+00 2.29e-01 +0.301  0.92 | 1.5e+00 4.4e+00 2.462e+00
#2135  4693   1 | 1.32e+00 1.96e-03 -0.139  1.00 | 1.04e+00 1.39e-01 +0.209  0.96 | 1.4e+00 4.4e+00 2.766e+00
#2136  1015   1 | 1.07e+00 1.55e-02 -0.008  1.00 | 9.70e-01 9.24e-02 -0.022  1.01 | 1.1e+00 3.8e+00 2.102e+00
#2137  1571   1 | 9.64e-01 4.58e-03 -0.692  1.01 | 1.06e+00 1.42e-01 +0.070  1.00 | 1.1e+00 4.0e+00 2.065e+00
#2138  1650   1 | 5.98e-01 4.29e-02 +0.590  0.92 | 1.08e+00 8.26e-02 +0.075  0.99 | 1.1e+00 3.6e+00 1.497e+00
#2139  3021   1 | 5.75e-01 4.27e-03 -0.037  1.00 | 9.77e-01 1.46e-01 +0.016  1.02 | 1.3e+00 3.8e+00 1.303e+00
#2140  4433   1 | 1.07e+00 3.73e-03 -0.166  1.00 | 1.03e+00 1.68e-01 +0.205  0.96 | 1.4e+00 4.0e+00 2.163e+00
#2141  1801   1 | 8.25e-01 1.40e-03 +0.670  1.00 | 9.42e-01 1.64e-01 +0.076  1.00 | 1.3e+00 3.6e+00 1.570e+00
#2142   331   1 | 9.07e-01 1.36e-02 +0.078  1.00 | 9.18e-01 2.24e-01 +0.053  1.03 | 1.2e+00 4.2e+00 1.691e+00
#2143  4010   1 | 1.26e+00 2.69e-03 -0.429  1.00 | 1.08e+00 1.98e-01 +0.186  0.97 | 1.5e+00 4.0e+00 2.726e+00
#2144  1492   1 | 1.32e+00 2.41e-02 -0.122  1.00 | 1.02e+00 1.38e-01 +0.079  1.00 | 1.1e+00 3.9e+00 2.780e+00
#2145  4242   1 | 1.05e+00 6.31e-03 +0.446  0.99 | 1.04e+00 1.84e-01 +0.023  1.02 | 1.4e+00 4.2e+00 2.204e+00
#2146  3926   1 | 8.41e-01 8.38e-04 -0.589  1.00 | 9.54e-01 1.70e-01 +0.164  0.97 | 1.7e+00 4.2e+00 1.594e+00
#2147  4904   1 | 1.23e+00 2.11e-03 +0.145  1.00 | 1.05e+00 1.35e-01 +0.130  0.98 | 1.4e+00 3.9e+00 2.604e+00
#2148  4353   1 | 8.34e-01 6.46e-03 +0.362  0.99 | 9.42e-01 2.04e-01 +0.240  0.94 | 1.4e+00 4.3e+00 1.528e+00
#2149  1118   1 | 1.31e+00 1.72e-02 +0.801  0.98 | 1.04e+00 1.18e-01 +0.210  0.97 | 1.1e+00 3.7e+00 2.711e+00
#2150  4658   1 | 1.01e+00 2.77e-03 -0.772  1.00 | 1.07e+00 1.13e-01 +0.301  0.95 | 1.5e+00 4.2e+00 2.122e+00
#2151  1779   1 | 1.08e+00 2.91e-03 -0.714  1.00 | 9.97e-01 1.30e-01 -0.011  1.02 | 1.5e+00 3.6e+00 2.176e+00
#2152   204   1 | 1.07e+00 1.67e-02 +0.093  1.00 | 9.70e-01 1.28e-01 -0.070  1.04 | 1.1e+00 3.9e+00 2.119e+00
#2153   463   1 | 5.45e-01 1.82e-02 +0.329  0.98 | 1.03e+00 7.94e-02 +0.136  0.98 | 1.1e+00 3.8e+00 1.334e+00
#2154  2403   1 | 1.31e+00 2.04e-03 -0.197  1.00 | 1.01e+00 1.72e-01 -0.006  1.03 | 1.5e+00 3.7e+00 2.760e+00
#2155  1826   1 | 1.02e+00 2.94e-03 -0.016  1.00 | 1.13e+00 1.32e-01 +0.106  0.99 | 1.3e+00 3.8e+00 2.307e+00
#2156  1512   1 | 1.11e+00 3.52e-02 -0.070  1.01 | 9.82e-01 1.10e-01 +0.098  0.99 | 1.1e+00 3.8e+00 2.188e+00
#2157  2182   1 | 1.22e+00 2.33e-03 +0.202  1.00 | 1.10e+00 1.41e-01 +0.137  0.98 | 1.4e+00 3.9e+00 2.692e+00
#2158   759   1 | 1.02e+00 2.20e-02 +0.161  0.99 | 9.92e-01 8.82e-02 +0.211  0.97 | 1.1e+00 4.2e+00 1.998e+00
#2159  3821   1 | 5.80e-01 1.67e-03 -0.343  1.00 | 9.77e-01 1.45e-01 +0.138  0.98 | 2.1e+00 3.8e+00 1.274e+00
#2160  4931   1 | 1.09e+00 4.42e-03 +0.143  1.00 | 9.68e-01 1.67e-01 +0.112  0.99 | 1.4e+00 4.1e+00 2.112e+00
#2161  3737   1 | 9.11e-01 1.10e-03 +0.116  1.00 | 9.18e-01 1.59e-01 +0.058  1.01 | 2.0e+00 3.9e+00 1.680e+00
#2162  4402   1 | 9.82e-01 2.55e-03 -0.338  1.00 | 1.04e+00 1.18e-01 +0.174  0.97 | 1.3e+00 3.7e+00 2.024e+00
#2163  3196   1 | 1.28e+00 3.57e-03 -0.721  1.00 | 1.08e+00 1.06e-01 +0.224  0.97 | 1.4e+00 3.7e+00 2.761e+00
#2164  2032   1 | 7.03e-01 2.95e-03 -0.463  1.00 | 1.00e+00 1.60e-01 +0.081  1.00 | 1.8e+00 4.0e+00 1.500e+00
#2165  2804   1 | 1.30e+00 2.23e-03 -0.638  1.00 | 9.64e-01 2.22e-01 +0.229  0.95 | 1.9e+00 4.0e+00 2.567e+00
#2166  1129   1 | 9.71e-01 4.03e-03 -0.441  1.00 | 1.02e+00 1.25e-01 +0.029  1.01 | 1.2e+00 4.1e+00 1.991e+00
#2167  1349   1 | 1.65e+00 1.24e-02 +0.046  1.00 | 9.65e-01 9.29e-02 +0.027  1.00 | 1.2e+00 4.1e+00 3.669e+00
#2168  3325   1 | 5.89e-01 2.64e-03 +0.423  1.00 | 1.05e+00 1.67e-01 +0.080  1.00 | 1.6e+00 3.8e+00 1.454e+00
#2169  2237   1 | 1.04e+00 6.90e-03 -0.007  1.00 | 8.36e-01 1.68e-01 +0.139  0.98 | 1.5e+00 3.8e+00 1.777e+00
#2170  3158   1 | 1.41e+00 2.75e-03 +0.272  1.00 | 1.01e+00 1.33e-01 +0.197  0.97 | 1.7e+00 3.8e+00 2.966e+00
#2171  3786   1 | 7.58e-01 3.62e-03 +0.386  1.00 | 9.49e-01 1.02e-01 +0.005  1.01 | 1.8e+00 4.0e+00 1.483e+00
#2172  2035   1 | 1.04e+00 2.01e-03 -0.814  1.00 | 1.02e+00 1.81e-01 +0.067  1.01 | 1.8e+00 4.0e+00 2.133e+00
#2173  4505   1 | 8.50e-01 3.87e-03 -0.293  1.00 | 9.10e-01 1.09e-01 +0.140  0.98 | 1.5e+00 3.6e+00 1.537e+00
#2174  3526   1 | 9.86e-01 5.85e-03 -0.179  1.00 | 1.06e+00 1.60e-01 +0.186  0.97 | 1.7e+00 3.8e+00 2.057e+00
#2175    37   1 | 9.65e-01 1.38e-02 -0.005  1.00 | 1.06e+00 1.08e-01 +0.042  1.00 | 1.2e+00 4.0e+00 2.066e+00
#2176   599   1 | 9.57e-01 3.27e-02 -0.503  1.04 | 1.07e+00 8.37e-02 +0.080  0.99 | 1.1e+00 3.9e+00 2.096e+00
#2177  4225   1 | 1.14e+00 1.65e-03 -0.196  1.00 | 9.88e-01 1.19e-01 -0.087  1.04 | 1.6e+00 4.2e+00 2.308e+00
#2178  1400   1 | 9.64e-01 5.59e-02 -0.011  1.00 | 1.03e+00 1.02e-01 +0.102  0.99 | 1.1e+00 4.3e+00 1.988e+00
#2179  4599   1 | 1.10e+00 2.50e-03 -0.523  1.00 | 1.08e+00 1.53e-01 +0.317  0.93 | 1.7e+00 4.1e+00 2.298e+00
#2180  3886   1 | 1.10e+00 3.84e-03 -0.682  1.00 | 9.75e-01 1.35e-01 -0.039  1.03 | 1.7e+00 3.8e+00 2.202e+00
#2181  4925   1 | 1.34e+00 3.81e-03 -0.002  1.00 | 1.12e+00 1.36e-01 -0.032  1.02 | 1.6e+00 4.0e+00 3.089e+00
#2182   595   1 | 1.08e+00 1.21e-01 +0.381  0.93 | 9.93e-01 8.77e-02 +0.127  0.99 | 1.1e+00 4.0e+00 2.055e+00
#2183  3300   1 | 1.29e+00 2.76e-03 -0.616  1.00 | 9.27e-01 1.11e-01 +0.172  0.97 | 1.8e+00 4.0e+00 2.505e+00
#2184  4952   1 | 7.48e-01 2.95e-03 -0.818  1.01 | 9.59e-01 9.40e-02 +0.255  0.96 | 1.5e+00 4.5e+00 1.444e+00
#2185  4063   1 | 5.16e-01 2.15e-03 -0.433  1.00 | 9.97e-01 1.18e-01 +0.263  0.95 | 1.3e+00 4.3e+00 1.213e+00
#2186  4273   1 | 6.27e-01 4.17e-03 +0.155  1.00 | 1.03e+00 1.01e-01 +0.217  0.97 | 1.5e+00 4.2e+00 1.415e+00
#2187  1663   1 | 9.99e-01 2.61e-02 -0.119  1.01 | 8.61e-01 1.01e-01 -0.027  1.02 | 1.1e+00 4.3e+00 1.760e+00
#2188  1331   1 | 1.11e+00 6.14e-02 +0.309  0.97 | 1.06e+00 1.58e-01 +0.174  0.97 | 1.2e+00 4.4e+00 2.276e+00
#2189  4033   1 | 1.05e+00 3.57e-02 -0.541  1.04 | 1.03e+00 1.35e-01 +0.124  0.98 | 1.2e+00 4.3e+00 2.183e+00
#2190  2179   1 | 1.23e+00 3.48e-03 -0.172  1.00 | 9.89e-01 1.31e-01 +0.114  0.99 | 1.4e+00 4.0e+00 2.477e+00
#2191  1475   1 | 1.21e+00 9.97e-03 +0.332  0.99 | 9.11e-01 8.77e-02 +0.081  0.99 | 1.2e+00 3.7e+00 2.274e+00
#2192    67   1 | 1.13e+00 2.28e-02 -0.304  1.01 | 1.05e+00 1.67e-01 +0.092  1.00 | 1.2e+00 4.4e+00 2.405e+00
#2193  4564   1 | 1.12e+00 6.25e-03 +0.856  0.99 | 1.01e+00 1.84e-01 +0.074  1.01 | 1.5e+00 4.0e+00 2.270e+00
#2194  2127   1 | 1.17e+00 1.78e-03 -0.171  1.00 | 1.17e+00 1.03e-01 +0.056  1.00 | 1.7e+00 3.8e+00 2.731e+00
#2195  2708   1 | 5.62e-01 3.37e-03 -0.323  1.00 | 1.04e+00 1.51e-01 +0.050  1.01 | 1.7e+00 3.8e+00 1.410e+00
#2196  3051   1 | 6.58e-01 2.08e-03 -0.071  1.00 | 1.07e+00 1.32e-01 +0.056  1.00 | 1.6e+00 3.8e+00 1.580e+00
#2197   466   1 | 7.28e-01 4.72e-03 -0.359  1.00 | 9.46e-01 1.54e-01 +0.086  1.00 | 1.2e+00 4.5e+00 1.426e+00
#2198  1914   1 | 4.71e-01 2.04e-03 +0.978  0.99 | 9.87e-01 1.21e-01 +0.128  0.98 | 1.8e+00 3.6e+00 1.178e+00
#2199  2273   1 | 1.00e+00 3.26e-03 -0.321  1.00 | 9.45e-01 2.08e-01 +0.077  1.01 | 1.4e+00 4.0e+00 1.911e+00
#2200  3449   1 | 6.26e-01 2.14e-03 -0.143  1.00 | 1.08e+00 1.69e-01 +0.017  1.02 | 1.7e+00 4.0e+00 1.589e+00
#2201   751   1 | 1.31e+00 1.78e-01 +0.264  0.95 | 1.09e+00 7.92e-02 -0.043  1.01 | 1.4e+00 4.0e+00 2.827e+00
#2202   341   1 | 1.32e+00 5.05e-03 +0.286  1.00 | 1.02e+00 7.17e-02 -0.016  1.01 | 1.2e+00 3.5e+00 2.780e+00
#2203  2660   1 | 1.07e+00 2.39e-03 +0.453  1.00 | 1.04e+00 1.30e-01 -0.004  1.02 | 1.8e+00 3.8e+00 2.244e+00
#2204  4785   1 | 6.87e-01 2.24e-03 -0.215  1.00 | 1.09e+00 1.06e-01 +0.052  1.00 | 1.5e+00 3.7e+00 1.655e+00
#2205  2746   1 | 1.34e+00 2.36e-03 +0.617  1.00 | 1.00e+00 1.98e-01 +0.128  0.99 | 1.9e+00 4.4e+00 2.781e+00
#2206  1968   1 | 1.11e+00 1.72e-03 -0.170  1.00 | 1.02e+00 1.39e-01 +0.180  0.97 | 2.1e+00 3.7e+00 2.227e+00
#2207  1478   1 | 4.94e-01 3.55e-02 -0.106  1.02 | 1.12e+00 9.91e-02 +0.261  0.96 | 1.2e+00 4.2e+00 1.450e+00
#2208  1019   1 | 1.09e+00 2.64e-02 -0.081  1.00 | 9.37e-01 8.56e-02 +0.087  0.99 | 1.1e+00 4.7e+00 2.060e+00
#2209  4347   1 | 9.72e-01 1.48e-03 -0.224  1.00 | 9.60e-01 1.28e-01 +0.260  0.95 | 1.6e+00 4.0e+00 1.820e+00
#2210  3019   1 | 4.53e-01 2.27e-03 +0.178  1.00 | 1.00e+00 8.09e-02 +0.019  1.00 | 1.3e+00 3.8e+00 1.211e+00
#2211  3787   1 | 1.40e+00 2.22e-03 +0.401  1.00 | 1.03e+00 1.19e-01 +0.049  1.00 | 2.0e+00 3.6e+00 3.010e+00
#2212  1736   1 | 1.12e+00 3.45e-03 -0.291  1.00 | 1.13e+00 1.10e-01 +0.061  1.00 | 1.4e+00 4.0e+00 2.537e+00
#2213   426   1 | 9.23e-01 5.25e-03 +0.868  0.99 | 9.51e-01 8.11e-02 +0.011  1.01 | 1.1e+00 3.6e+00 1.752e+00
#2214  2335   1 | 8.25e-01 2.86e-03 -0.345  1.00 | 1.01e+00 1.02e-01 -0.116  1.03 | 1.6e+00 3.9e+00 1.744e+00
#2215     0   1 | 8.89e-01 2.82e-02 -0.487  1.03 | 9.15e-01 9.03e-02 +0.050  1.00 | 1.2e+00 4.0e+00 1.653e+00
#2216  2453   1 | 1.04e+00 3.82e-03 +0.211  1.00 | 1.08e+00 8.56e-02 -0.154  1.03 | 1.7e+00 4.1e+00 2.291e+00
#2217  2221   1 | 1.18e+00 2.55e-03 -0.013  1.00 | 9.58e-01 6.48e-02 +0.002  1.00 | 1.5e+00 3.9e+00 2.311e+00
#2218   794   1 | 1.15e+00 5.56e-02 -0.040  1.01 | 9.43e-01 8.21e-02 +0.221  0.97 | 1.1e+00 3.8e+00 2.183e+00
#2219  1927   1 | 1.11e+00 3.48e-03 +0.552  1.00 | 9.80e-01 6.99e-02 +0.249  0.97 | 1.6e+00 3.8e+00 2.161e+00
#2220  3808   1 | 1.14e+00 3.41e-03 +0.212  1.00 | 9.43e-01 1.05e-01 +0.154  0.98 | 2.2e+00 3.9e+00 2.166e+00
#2221  4117   1 | 1.07e+00 3.40e-03 -0.101  1.00 | 9.93e-01 1.22e-01 +0.203  0.97 | 1.7e+00 4.3e+00 2.104e+00
#2222  4792   1 | 1.37e+00 2.87e-03 +0.359  1.00 | 1.03e+00 7.97e-02 +0.094  0.99 | 1.5e+00 3.8e+00 2.914e+00
#2223  2763   1 | 1.10e+00 4.71e-03 -0.154  1.00 | 9.82e-01 8.01e-02 +0.155  0.98 | 1.8e+00 4.2e+00 2.149e+00
#2224  4562   1 | 1.31e+00 1.69e-03 -0.136  1.00 | 1.01e+00 9.06e-02 +0.255  0.96 | 1.7e+00 4.0e+00 2.712e+00
#2225  2486   1 | 1.10e+00 4.38e-03 -0.566  1.00 | 1.08e+00 7.48e-02 -0.063  1.01 | 1.7e+00 4.0e+00 2.394e+00
#2226  2414   1 | 9.62e-01 1.23e-03 +0.016  1.00 | 1.06e+00 6.36e-02 -0.068  1.01 | 2.0e+00 3.9e+00 2.070e+00
#2227  3027   1 | 1.11e+00 1.39e-03 -0.237  1.00 | 1.06e+00 8.94e-02 +0.167  0.98 | 1.5e+00 4.0e+00 2.338e+00
#2228   235   1 | 1.31e+00 3.66e-02 +0.199  0.99 | 1.09e+00 1.35e-01 +0.030  1.01 | 1.1e+00 4.6e+00 2.897e+00
#2229  4489   1 | 6.18e-01 1.89e-03 +0.805  1.00 | 1.03e+00 7.37e-02 +0.250  0.97 | 1.3e+00 4.0e+00 1.405e+00
#2230  3191   1 | 1.10e+00 2.59e-03 -0.001  1.00 | 1.13e+00 7.49e-02 +0.056  1.00 | 1.6e+00 3.6e+00 2.495e+00
#2231  2607   1 | 1.12e+00 5.18e-03 +0.133  1.00 | 1.05e+00 1.12e-01 +0.052  1.00 | 1.9e+00 4.7e+00 2.369e+00
#2232  1279   1 | 1.05e+00 3.68e-03 +0.210  1.00 | 1.08e+00 7.77e-02 -0.156  1.03 | 1.2e+00 3.8e+00 2.304e+00
#2233  4320   1 | 1.33e+00 2.43e-03 -0.369  1.00 | 1.02e+00 7.65e-02 +0.209  0.97 | 1.6e+00 3.9e+00 2.772e+00
#2234  1056   1 | 1.32e+00 3.01e-02 +0.733  0.97 | 1.12e+00 5.99e-02 +0.156  0.99 | 1.1e+00 3.7e+00 2.930e+00
#2235  1078   1 | 8.26e-01 1.54e-03 +0.417  1.00 | 9.54e-01 4.52e-02 +0.199  0.98 | 1.2e+00 4.1e+00 1.575e+00
#2236  4592   1 | 9.96e-01 3.20e-03 +0.147  1.00 | 8.61e-01 8.80e-02 +0.170  0.98 | 1.6e+00 3.6e+00 1.714e+00
#2237  1539   1 | 1.29e+00 3.48e-02 -0.047  1.00 | 1.08e+00 9.35e-02 +0.029  1.00 | 1.2e+00 4.1e+00 2.840e+00
#2238  4263   1 | 1.08e+00 2.37e-03 -0.776  1.00 | 9.70e-01 8.47e-02 +0.215  0.97 | 1.4e+00 4.3e+00 2.076e+00
#2239   417   1 | 1.08e+00 1.04e-01 +0.138  0.98 | 9.97e-01 7.88e-02 +0.069  1.00 | 1.2e+00 4.0e+00 2.131e+00
#2240  3644   1 | 9.78e-01 4.26e-03 +0.255  1.00 | 9.60e-01 7.41e-02 +0.174  0.98 | 2.0e+00 3.7e+00 1.857e+00
#2241  3724   1 | 9.72e-01 2.41e-03 -0.317  1.00 | 1.02e+00 9.71e-02 +0.224  0.97 | 2.0e+00 4.0e+00 1.947e+00
#2242   666   1 | 5.96e-01 1.23e-01 +0.594  0.80 | 1.08e+00 9.93e-02 +0.015  1.01 | 1.1e+00 4.3e+00 1.465e+00
#2243  4450   1 | 1.14e+00 4.92e-03 +0.206  1.00 | 9.75e-01 1.07e-01 +0.099  0.99 | 1.5e+00 4.0e+00 2.232e+00
#2244  3143   1 | 1.03e+00 4.75e-03 +0.579  0.99 | 1.13e+00 9.66e-02 -0.005  1.01 | 1.6e+00 4.2e+00 2.344e+00
#2245  1476   1 | 9.58e-01 1.68e-02 +0.574  0.98 | 1.07e+00 3.92e-02 +0.012  1.00 | 1.2e+00 3.9e+00 2.054e+00
#2246  3605   1 | 8.44e-01 3.87e-03 +0.455  1.00 | 1.01e+00 9.59e-02 -0.012  1.01 | 1.9e+00 3.9e+00 1.748e+00
#2247   996   1 | 1.21e+00 3.60e-02 -0.232  1.01 | 9.11e-01 5.56e-02 +0.242  0.97 | 1.2e+00 4.0e+00 2.289e+00
#2248  3705   1 | 5.76e-01 2.11e-03 -0.344  1.00 | 1.03e+00 6.69e-02 +0.094  0.99 | 2.1e+00 3.8e+00 1.383e+00
#2249   645   1 | 1.14e+00 5.63e-02 -0.000  1.00 | 9.88e-01 5.24e-02 -0.029  1.01 | 1.3e+00 3.5e+00 2.289e+00
#2250   354   1 | 1.29e+00 5.35e-02 +0.002  1.00 | 9.64e-01 1.09e-01 +0.259  0.95 | 1.3e+00 4.0e+00 2.567e+00
#2251   779   1 | 9.74e-01 5.94e-02 +0.709  0.92 | 1.04e+00 9.02e-02 +0.135  0.98 | 1.2e+00 3.9e+00 1.941e+00
#2252   196   1 | 1.40e+00 2.39e-02 +0.576  0.98 | 1.01e+00 9.42e-02 +0.034  1.00 | 1.3e+00 4.4e+00 2.956e+00
#2253  4776   1 | 9.84e-01 2.80e-03 +0.083  1.00 | 9.45e-01 7.64e-02 +0.084  0.99 | 1.4e+00 3.7e+00 1.856e+00
#2254   810   1 | 4.46e-01 8.28e-02 +0.083  1.00 | 1.00e+00 1.17e-01 -0.032  1.02 | 1.3e+00 4.5e+00 1.224e+00
#2255  4212   1 | 9.07e-01 1.30e-03 -0.750  1.00 | 9.18e-01 7.65e-02 +0.021  1.00 | 1.6e+00 4.0e+00 1.670e+00
#2256   240   1 | 1.07e+00 3.83e-02 +0.505  0.97 | 1.03e+00 6.74e-02 +0.085  0.99 | 1.2e+00 4.3e+00 2.156e+00
#2257  4248   1 | 9.97e-01 1.21e-02 -0.558  1.01 | 1.07e+00 9.31e-02 +0.367  0.94 | 1.4e+00 4.3e+00 2.098e+00
#2258  4875   1 | 6.93e-01 3.64e-02 +0.143  0.99 | 1.00e+00 6.97e-02 +0.172  0.98 | 1.4e+00 3.9e+00 1.460e+00
#2259  4249   1 | 8.70e-01 7.16e-03 +0.320  0.99 | 9.10e-01 7.40e-02 +0.127  0.99 | 1.4e+00 4.1e+00 1.569e+00
#2260   170   1 | 1.23e+00 3.30e-01 +0.776  0.66 | 9.89e-01 1.44e-01 +0.172  0.97 | 1.2e+00 4.6e+00 1.949e+00
#2261  3410   1 | 9.04e-01 3.10e-03 -0.637  1.00 | 9.15e-01 8.58e-02 +0.179  0.98 | 1.8e+00 4.0e+00 1.637e+00
#2262  2429   1 | 8.29e-01 1.02e-02 -0.446  1.01 | 9.42e-01 8.72e-02 +0.124  0.99 | 1.6e+00 3.7e+00 1.570e+00
#2263  1948   1 | 1.09e+00 7.48e-03 -0.091  1.00 | 9.37e-01 7.30e-02 +0.102  0.99 | 1.8e+00 3.7e+00 2.058e+00
#2264  3853   1 | 9.54e-01 1.41e-02 -0.153  1.00 | 1.03e+00 8.08e-02 +0.238  0.97 | 1.8e+00 4.0e+00 1.947e+00
#2265  1002   1 | 1.04e+00 6.97e-02 +0.311  0.96 | 1.02e+00 8.63e-02 +0.028  1.00 | 1.4e+00 3.7e+00 2.089e+00
#2266  1893   1 | 9.20e-01 4.42e-02 +0.822  0.92 | 9.51e-01 9.31e-02 -0.069  1.02 | 1.6e+00 3.8e+00 1.707e+00
#2267  1747   1 | 1.29e+00 1.87e-01 +0.269  0.94 | 9.27e-01 1.10e-01 +0.049  1.00 | 1.6e+00 4.4e+00 2.442e+00
#2268  1693   1 | 1.08e+00 1.73e-01 +0.789  0.77 | 1.04e+00 1.02e-01 +0.056  1.00 | 1.5e+00 3.9e+00 1.982e+00
#2269  4456   1 | 1.20e+00 6.60e-02 +0.508  0.95 | 1.05e+00 9.13e-02 +0.064  1.00 | 1.5e+00 4.1e+00 2.464e+00
#2270  4765   1 | 6.58e-01 9.54e-03 +0.067  1.00 | 1.07e+00 1.08e-01 +0.170  0.98 | 1.6e+00 4.5e+00 1.548e+00
#2271  2161   1 | 1.04e+00 5.53e-02 +0.200  0.98 | 8.36e-01 6.68e-02 +0.241  0.97 | 1.9e+00 3.7e+00 1.744e+00
#2272   455   1 | 5.78e-01 3.10e-01 +0.202  1.07 | 1.05e+00 1.31e-01 -0.008  1.02 | 1.7e+00 4.3e+00 1.485e+00
#2273  4434   1 | 5.66e-01 2.99e-02 +0.118  0.99 | 9.77e-01 1.84e-01 +0.171  0.97 | 1.7e+00 5.1e+00 1.245e+00
#2274  2708   1 | 1.34e+00 1.39e-01 -0.686  1.15 | 1.00e+00 7.46e-02 +0.088  0.99 | 2.0e+00 3.9e+00 3.064e+00
#2275  2621   1 | 7.13e-01 8.43e-02 +0.556  0.88 | 1.09e+00 7.74e-02 +0.106  0.99 | 2.1e+00 4.3e+00 1.620e+00
#2276   759   1 | 1.11e+00 4.51e-01 +0.107  1.08 | 9.80e-01 1.27e-01 +0.301  0.94 | 1.8e+00 4.0e+00 2.238e+00
#2277  4803   1 | 1.18e+00 1.99e-02 -0.411  1.01 | 9.58e-01 8.37e-02 +0.178  0.98 | 1.9e+00 4.3e+00 2.303e+00
#2278  3035   1 | 1.02e+00 6.31e-02 +0.179  0.98 | 9.92e-01 1.10e-01 -0.002  1.01 | 1.9e+00 4.0e+00 2.018e+00
#2279   280   1 | 1.12e+00 2.87e-02 -0.049  1.00 | 1.01e+00 1.28e-01 +0.130  0.98 | 1.7e+00 4.0e+00 2.260e+00
#2280  4886   1 | 1.22e+00 4.67e-02 -0.373  1.03 | 1.10e+00 9.60e-02 +0.198  0.97 | 1.8e+00 3.7e+00 2.712e+00
#2281  3476   1 | 5.23e-01 5.37e-02 -0.136  1.04 | 9.97e-01 8.72e-02 +0.107  0.99 | 2.0e+00 4.1e+00 1.267e+00
#2282   803   1 | 1.08e+00 2.86e-02 +0.522  0.97 | 9.68e-01 9.04e-02 +0.109  0.99 | 1.7e+00 3.8e+00 2.068e+00
#2283  4253   1 | 1.66e+00 1.17e-02 -0.007  1.00 | 9.65e-01 1.16e-01 +0.093  0.99 | 1.9e+00 3.9e+00 3.693e+00
#2284  1965   1 | 4.71e-01 1.23e-01 -0.102  1.12 | 9.87e-01 1.06e-01 -0.059  1.02 | 2.1e+00 4.2e+00 1.247e+00
#2285   489   1 | 1.11e+00 1.00e-01 -0.718  1.14 | 1.02e+00 9.19e-02 +0.006  1.01 | 1.7e+00 3.8e+00 2.442e+00
#2286   308   1 | 1.31e+00 1.28e-01 +0.648  0.88 | 1.04e+00 1.00e-01 -0.018  1.01 | 1.7e+00 3.9e+00 2.600e+00
#2287  4545   1 | 7.67e-01 3.56e-03 -0.503  1.00 | 9.59e-01 1.25e-01 +0.236  0.96 | 1.8e+00 3.8e+00 1.469e+00
#2288  3614   1 | 4.99e-01 8.60e-02 +0.052  1.01 | 1.12e+00 7.19e-02 +0.227  0.97 | 2.1e+00 3.9e+00 1.469e+00
#2289  4087   1 | 7.32e-01 6.41e-02 -0.275  1.06 | 9.46e-01 1.13e-01 +0.154  0.98 | 1.9e+00 3.9e+00 1.440e+00
#2290   384   1 | 7.38e-01 1.80e-01 +0.297  0.91 | 9.49e-01 1.36e-01 -0.016  1.02 | 1.7e+00 4.0e+00 1.421e+00
#2291  3877   1 | 1.17e+00 4.11e-02 +0.489  0.97 | 1.17e+00 8.38e-02 +0.065  1.00 | 2.1e+00 3.6e+00 2.678e+00
#2292  1712   1 | 9.70e-01 1.13e-01 -0.123  1.04 | 1.06e+00 1.22e-01 +0.069  1.00 | 1.7e+00 3.7e+00 2.097e+00
#2293  1928   1 | 5.56e-01 4.00e-02 -0.511  1.08 | 1.04e+00 8.10e-02 -0.010  1.01 | 1.9e+00 3.9e+00 1.428e+00
#2294  4633   1 | 1.10e+00 6.71e-02 +0.282  0.97 | 1.06e+00 1.29e-01 +0.177  0.97 | 1.8e+00 4.1e+00 2.271e+00
#2295  1663   1 | 9.64e-01 3.61e-03 +0.316  1.00 | 1.03e+00 1.54e-01 +0.019  1.02 | 1.6e+00 3.9e+00 2.010e+00
#2296  3080   1 | 1.30e+00 7.90e-03 +0.115  1.00 | 9.64e-01 9.79e-02 +0.149  0.98 | 2.0e+00 3.8e+00 2.594e+00
#2297  4893   1 | 9.50e-01 1.07e-01 +0.808  0.83 | 9.51e-01 1.04e-01 +0.387  0.93 | 1.8e+00 4.1e+00 1.587e+00
#2298   197   1 | 9.65e-01 9.96e-02 -0.081  1.03 | 1.06e+00 9.31e-02 +0.127  0.99 | 1.7e+00 3.9e+00 2.072e+00
#2299  1114   1 | 1.31e+00 1.49e-01 -0.156  1.05 | 1.01e+00 1.11e-01 +0.001  1.01 | 1.7e+00 3.9e+00 2.839e+00
#2300  4675   1 | 1.04e+00 1.31e-02 +0.193  1.00 | 8.36e-01 1.61e-01 +0.346  0.90 | 1.8e+00 4.3e+00 1.699e+00
#2301  3558   1 | 1.09e+00 2.80e-02 +0.107  1.00 | 9.80e-01 8.89e-02 +0.336  0.95 | 2.1e+00 3.9e+00 2.089e+00
#2302  3460   1 | 1.09e+00 9.66e-02 +0.724  0.88 | 1.02e+00 1.23e-01 +0.219  0.96 | 2.0e+00 3.8e+00 2.037e+00
#2303  4015   1 | 1.29e+00 6.48e-03 +0.751  0.99 | 1.04e+00 9.54e-02 +0.199  0.97 | 2.0e+00 3.6e+00 2.701e+00
#2304  3496   1 | 1.33e+00 2.21e-01 +0.681  0.80 | 1.00e+00 8.51e-02 +0.065  1.00 | 2.0e+00 3.9e+00 2.411e+00
#2305  4955   1 | 6.09e-01 1.31e-01 -0.116  1.10 | 1.03e+00 1.05e-01 +0.184  0.97 | 1.8e+00 3.8e+00 1.436e+00
#2306  2094   1 | 9.77e-01 1.63e-01 -0.709  1.26 | 1.04e+00 1.61e-01 +0.196  0.96 | 2.2e+00 4.2e+00 2.253e+00
#2307  3009   1 | 1.08e+00 1.79e-01 +0.529  0.85 | 9.68e-01 1.16e-01 +0.041  1.00 | 2.1e+00 3.7e+00 1.930e+00
#2308  3119   1 | 7.86e-01 1.08e-01 +0.344  0.92 | 9.59e-01 1.38e-01 +0.234  0.95 | 2.2e+00 3.7e+00 1.447e+00
#2309  3944   1 | 1.07e+00 1.57e-02 +0.179  0.99 | 9.97e-01 1.22e-01 +0.005  1.01 | 2.2e+00 4.0e+00 2.143e+00
#2310  2207   1 | 1.09e+00 3.55e-01 +0.115  1.03 | 9.37e-01 1.50e-01 +0.138  0.98 | 2.0e+00 4.1e+00 2.088e+00
#2311  2723   1 | 1.31e+00 1.05e-01 +0.662  0.90 | 1.12e+00 1.36e-01 +0.103  0.99 | 2.4e+00 3.8e+00 2.796e+00
#2312  3428   1 | 7.29e-01 2.90e-01 -0.581  1.62 | 1.09e+00 1.48e-01 +0.023  1.01 | 2.3e+00 4.1e+00 2.059e+00
#2313   588   1 | 6.58e-01 1.57e-01 -0.011  1.06 | 1.07e+00 1.10e-01 -0.137  1.04 | 1.8e+00 3.6e+00 1.648e+00
#2314  4450   1 | 9.97e-01 1.68e-02 -0.237  1.01 | 8.61e-01 1.33e-01 +0.094  0.99 | 2.0e+00 4.1e+00 1.739e+00
#2315  2552   1 | 5.72e-01 3.56e-01 -0.214  1.65 | 9.77e-01 2.03e-01 -0.015  1.05 | 2.4e+00 4.1e+00 1.544e+00
#2316  1632   1 | 1.07e+00 1.74e-02 +0.528  0.98 | 1.03e+00 1.08e-01 -0.012  1.01 | 1.7e+00 3.6e+00 2.194e+00
#2317  4272   1 | 1.66e+00 2.83e-02 +0.179  0.99 | 9.65e-01 1.16e-01 +0.193  0.97 | 1.9e+00 3.8e+00 3.651e+00
#2318  3596   1 | 1.29e+00 7.43e-03 -0.211  1.00 | 9.27e-01 1.29e-01 +0.275  0.94 | 2.2e+00 3.9e+00 2.473e+00
#2319  3405   1 | 9.11e-01 1.46e-02 -0.158  1.01 | 9.18e-01 1.15e-01 +0.022  1.01 | 2.3e+00 3.9e+00 1.686e+00
#2320  2865   1 | 1.38e+00 7.08e-02 -0.144  1.02 | 1.03e+00 1.38e-01 +0.050  1.00 | 2.0e+00 3.9e+00 3.012e+00
#2321  4541   1 | 1.13e+00 7.22e-03 +0.450  0.99 | 1.13e+00 1.34e-01 +0.194  0.97 | 1.8e+00 3.8e+00 2.501e+00
#2322  4427   1 | 1.10e+00 4.98e-02 +0.075  1.00 | 9.82e-01 1.21e-01 +0.043  1.00 | 1.8e+00 4.4e+00 2.164e+00
#2323   739   1 | 5.96e-01 2.86e-01 +0.584  0.67 | 1.08e+00 1.44e-01 -0.041  1.03 | 1.5e+00 4.4e+00 1.446e+00
#2324   776   1 | 9.98e-01 1.86e-01 +0.671  0.78 | 9.45e-01 9.02e-02 -0.056  1.02 | 1.5e+00 3.9e+00 1.693e+00
#2325  2301   1 | 1.22e+00 2.59e-02 +0.248  0.99 | 1.10e+00 1.51e-01 +0.188  0.97 | 1.9e+00 4.1e+00 2.661e+00
#2326   574   1 | 5.78e-01 5.42e-02 +0.198  0.97 | 1.05e+00 1.08e-01 +0.022  1.01 | 1.5e+00 3.9e+00 1.439e+00
#2327   607   1 | 1.14e+00 2.10e-01 -0.686  1.29 | 9.75e-01 1.06e-01 -0.136  1.04 | 1.5e+00 4.2e+00 2.673e+00
#2328  1435   1 | 1.40e+00 1.89e-02 -0.639  1.02 | 1.01e+00 1.20e-01 +0.044  1.00 | 1.4e+00 4.1e+00 3.029e+00
#2329  2324   1 | 1.32e+00 2.50e-02 +0.180  0.99 | 1.02e+00 1.41e-01 +0.038  1.01 | 1.9e+00 4.1e+00 2.773e+00
#2330  2593   1 | 8.31e-01 4.13e-03 +0.048  1.00 | 9.42e-01 1.34e-01 +0.132  0.98 | 2.2e+00 4.2e+00 1.562e+00
#2331  4242   1 | 8.70e-01 3.02e-02 +0.260  0.98 | 9.10e-01 1.13e-01 +0.015  1.01 | 1.7e+00 3.3e+00 1.582e+00
#2332   235   1 | 1.13e+00 1.58e-01 -0.373  1.12 | 1.05e+00 7.35e-02 +0.153  0.98 | 1.4e+00 4.1e+00 2.534e+00
#2333  4741   1 | 1.15e+00 1.18e-02 +0.146  1.00 | 9.88e-01 1.21e-01 +0.151  0.98 | 1.7e+00 4.4e+00 2.270e+00
#2334  2841   1 | 7.32e-01 3.12e-03 +0.160  1.00 | 9.46e-01 9.26e-02 -0.014  1.01 | 2.3e+00 3.9e+00 1.442e+00
#2335  4024   1 | 8.51e-01 2.80e-03 -0.201  1.00 | 1.01e+00 1.01e-01 +0.122  0.99 | 1.7e+00 3.9e+00 1.737e+00
#2336  4870   1 | 1.06e+00 9.59e-03 +0.043  1.00 | 9.70e-01 9.06e-02 -0.048  1.02 | 1.6e+00 3.9e+00 2.079e+00
#2337   432   1 | 1.05e+00 1.03e-02 -0.620  1.01 | 1.08e+00 7.09e-02 -0.053  1.01 | 1.3e+00 4.0e+00 2.303e+00
#2338   183   1 | 1.21e+00 1.57e-02 +0.220  0.99 | 9.11e-01 7.17e-02 +0.112  0.99 | 1.3e+00 3.8e+00 2.272e+00
#2339  3409   1 | 1.10e+00 3.77e-03 -0.045  1.00 | 1.08e+00 1.50e-01 +0.226  0.96 | 2.2e+00 4.5e+00 2.325e+00
#2340  3172   1 | 1.18e+00 1.99e-03 +0.248  1.00 | 9.58e-01 7.94e-02 +0.077  0.99 | 2.0e+00 3.5e+00 2.300e+00
#2341  4983   1 | 1.25e+00 2.33e-03 +0.139  1.00 | 9.89e-01 1.08e-01 +0.278  0.95 | 1.7e+00 3.9e+00 2.498e+00
#2342  2648   1 | 4.72e-01 7.77e-04 -0.395  1.00 | 9.87e-01 9.42e-02 +0.019  1.01 | 2.3e+00 3.9e+00 1.203e+00
#2343  2030   1 | 5.14e-01 1.24e-03 +0.317  1.00 | 9.97e-01 1.05e-01 +0.162  0.98 | 2.2e+00 3.2e+00 1.234e+00
#2344  1068   1 | 1.02e+00 1.89e-02 +0.134  1.00 | 9.92e-01 7.64e-02 +0.073  0.99 | 1.5e+00 3.8e+00 2.023e+00
#2345   439   1 | 1.12e+00 4.40e-03 -0.116  1.00 | 1.01e+00 7.61e-02 +0.051  1.00 | 1.4e+00 4.4e+00 2.272e+00
#2346  3983   1 | 9.76e-01 2.62e-03 +0.163  1.00 | 1.02e+00 9.23e-02 -0.095  1.03 | 2.1e+00 3.5e+00 2.014e+00
#2347   104   1 | 1.29e+00 6.90e-02 -0.021  1.01 | 1.08e+00 7.81e-02 +0.053  1.00 | 1.4e+00 3.9e+00 2.843e+00
#2348  1329   1 | 1.08e+00 5.84e-03 +0.773  0.99 | 1.04e+00 1.01e-01 -0.063  1.02 | 1.5e+00 4.0e+00 2.265e+00
#2349  1729   1 | 1.04e+00 1.60e-03 -0.138  1.00 | 1.02e+00 1.00e-01 -0.090  1.03 | 1.7e+00 4.0e+00 2.152e+00
#2350  2283   1 | 7.04e-01 2.57e-03 +0.418  1.00 | 1.00e+00 1.25e-01 +0.059  1.00 | 1.7e+00 4.2e+00 1.499e+00
#2351   713   1 | 9.57e-01 8.68e-02 -0.512  1.10 | 1.07e+00 4.62e-02 +0.092  0.99 | 1.3e+00 4.1e+00 2.156e+00
#2352   572   1 | 1.00e+00 2.63e-02 -0.474  1.03 | 1.07e+00 8.43e-02 -0.185  1.04 | 1.4e+00 4.1e+00 2.228e+00
#2353   761   1 | 1.08e+00 1.13e-01 +0.406  0.93 | 9.93e-01 3.76e-02 -0.029  1.00 | 1.2e+00 4.2e+00 2.071e+00
#2354  1330   1 | 5.54e-01 8.63e-03 +0.386  0.99 | 1.04e+00 7.70e-02 +0.031  1.00 | 1.5e+00 3.8e+00 1.390e+00
#2355  1373   1 | 9.70e-01 1.13e-02 +0.090  1.00 | 1.06e+00 6.53e-02 -0.034  1.01 | 1.4e+00 4.2e+00 2.067e+00
#2356   506   1 | 1.15e+00 1.14e-01 +0.014  1.01 | 9.43e-01 3.25e-02 +0.106  0.99 | 1.3e+00 4.0e+00 2.205e+00
#2357  1838   1 | 9.61e-01 3.67e-03 -0.595  1.00 | 9.60e-01 6.90e-02 +0.106  0.99 | 1.8e+00 4.0e+00 1.840e+00
#2358  1748   1 | 1.30e+00 2.67e-03 -0.153  1.00 | 1.09e+00 6.66e-02 +0.030  1.00 | 1.7e+00 4.0e+00 2.901e+00
#2359  2186   1 | 8.91e-01 4.69e-03 -0.635  1.01 | 9.15e-01 6.81e-02 -0.007  1.01 | 1.9e+00 3.7e+00 1.642e+00
#2360  1858   1 | 4.95e-01 3.25e-03 +0.255  1.00 | 1.12e+00 6.30e-02 -0.162  1.02 | 1.7e+00 4.2e+00 1.519e+00
#2361  2482   1 | 1.20e+00 2.40e-03 +0.237  1.00 | 1.05e+00 5.60e-02 -0.043  1.01 | 2.4e+00 3.6e+00 2.552e+00
#2362  3276   1 | 7.51e-01 3.98e-03 -0.063  1.00 | 9.49e-01 2.93e-02 +0.001  1.00 | 1.8e+00 4.0e+00 1.467e+00
#2363  2342   1 | 4.49e-01 2.63e-03 +0.114  1.00 | 1.00e+00 3.95e-02 +0.023  1.00 | 2.2e+00 4.3e+00 1.204e+00
#2364  3030   1 | 1.03e+00 9.31e-04 +0.285  1.00 | 1.13e+00 4.12e-02 +0.128  0.99 | 1.8e+00 4.4e+00 2.326e+00
#2365  4447   1 | 1.18e+00 3.05e-03 +0.255  1.00 | 1.17e+00 3.58e-02 +0.143  0.99 | 1.6e+00 4.0e+00 2.737e+00
#2366   123   1 | 5.45e-01 5.51e-02 +0.357  0.94 | 1.03e+00 1.41e-02 +0.028  1.00 | 1.3e+00 4.3e+00 1.337e+00
#2367  2741   1 | 8.32e-01 3.00e-03 +0.041  1.00 | 9.54e-01 3.55e-02 -0.085  1.01 | 2.2e+00 3.9e+00 1.608e+00
#2368  2284   1 | 1.04e+00 4.35e-03 +0.529  1.00 | 1.02e+00 3.24e-02 -0.024  1.00 | 1.7e+00 4.1e+00 2.117e+00
#2369   251   1 | 1.08e+00 3.73e-02 -0.221  1.02 | 9.97e-01 9.96e-03 +0.095  1.00 | 1.3e+00 4.1e+00 2.173e+00
#2370  2830   1 | 9.60e-01 3.20e-03 +0.512  1.00 | 1.03e+00 3.30e-02 -0.051  1.00 | 2.0e+00 4.2e+00 1.989e+00
#2371  2319   1 | 1.30e+00 3.19e-03 +0.019  1.00 | 9.64e-01 1.92e-02 +0.049  1.00 | 1.8e+00 4.0e+00 2.607e+00
#2372  3980   1 | 4.52e-01 3.24e-03 -0.371  1.01 | 1.00e+00 2.73e-02 +0.247  0.99 | 1.9e+00 3.9e+00 1.196e+00
#2373   319   1 | 7.71e-01 4.09e-02 -0.357  1.04 | 9.59e-01 1.38e-02 +0.136  1.00 | 1.4e+00 4.2e+00 1.534e+00
#2374  4450   1 | 7.26e-01 3.37e-03 +0.724  0.99 | 9.46e-01 2.44e-02 +0.180  0.99 | 1.8e+00 4.0e+00 1.411e+00
#2375   540   1 | 1.11e+00 2.59e-03 -0.589  1.00 | 1.06e+00 1.25e-02 -0.070  1.00 | 1.5e+00 3.9e+00 2.353e+00
#2376  2949   1 | 1.14e+00 3.30e-03 -0.227  1.00 | 9.88e-01 1.56e-02 -0.077  1.00 | 2.2e+00 3.7e+00 2.269e+00
#2377  4323   1 | 1.08e+00 3.98e-03 +0.065  1.00 | 9.93e-01 2.24e-02 +0.049  1.00 | 2.0e+00 3.9e+00 2.153e+00
#2378  3017   1 | 6.13e-01 4.39e-02 -0.601  1.09 | 1.08e+00 1.31e-02 +0.018  1.00 | 1.7e+00 4.4e+00 1.585e+00
#2379   650   1 | 7.04e-01 1.25e-02 +0.584  0.98 | 1.09e+00 1.43e-02 -0.006  1.00 | 1.3e+00 4.1e+00 1.670e+00
#2380  2566   1 | 8.30e-01 4.82e-03 -0.459  1.01 | 9.54e-01 1.63e-02 +0.002  1.00 | 2.4e+00 3.9e+00 1.603e+00
#2381  4467   1 | 1.01e+00 5.02e-03 +0.200  1.00 | 1.07e+00 3.06e-02 +0.040  1.00 | 1.7e+00 3.9e+00 2.165e+00
#2382  4376   1 | 1.30e+00 3.17e-02 +0.255  0.99 | 1.09e+00 1.88e-02 +0.199  0.99 | 1.7e+00 3.9e+00 2.873e+00
#2383   609   1 | 9.65e-01 4.52e-02 -0.050  1.01 | 1.06e+00 1.23e-02 +0.112  1.00 | 1.4e+00 3.9e+00 2.066e+00
#2384  3396   1 | 1.29e+00 3.79e-03 -0.656  1.00 | 9.27e-01 1.98e-02 +0.007  1.00 | 2.3e+00 4.0e+00 2.528e+00
#2385  3796   1 | 4.75e-01 5.86e-03 +0.662  0.98 | 9.87e-01 3.17e-02 +0.080  1.00 | 2.5e+00 3.8e+00 1.193e+00
#2386  3227   1 | 1.30e+00 3.16e-02 -0.595  1.03 | 1.04e+00 2.01e-02 +0.249  0.99 | 1.9e+00 4.6e+00 2.797e+00
#2387  3201   1 | 1.18e+00 1.41e-02 -0.448  1.01 | 1.05e+00 1.46e-02 +0.024  1.00 | 2.0e+00 3.8e+00 2.529e+00
#2388  1893   1 | 8.26e-01 2.88e-02 +0.485  0.97 | 9.42e-01 2.16e-02 +0.053  1.00 | 1.9e+00 4.5e+00 1.545e+00
#2389  2417   1 | 9.64e-01 3.91e-03 -0.650  1.01 | 9.60e-01 3.52e-02 -0.100  1.01 | 2.1e+00 4.0e+00 1.863e+00
#2390    83   1 | 1.65e+00 1.79e-02 -0.102  1.00 | 9.65e-01 1.87e-02 -0.271  1.01 | 1.5e+00 3.9e+00 3.684e+00
#2391  3545   1 | 7.56e-01 1.10e-02 +0.437  0.99 | 9.49e-01 2.80e-02 -0.080  1.01 | 2.3e+00 3.7e+00 1.471e+00
#2392  3752   1 | 1.32e+00 1.10e-02 -0.662  1.01 | 1.02e+00 2.02e-02 +0.182  0.99 | 2.2e+00 4.1e+00 2.794e+00
#2393   794   1 | 9.98e-01 8.05e-02 +0.683  0.90 | 9.45e-01 1.30e-02 +0.020  1.00 | 1.3e+00 4.5e+00 1.786e+00
#2394   800   1 | 6.23e-01 5.52e-02 -0.120  1.03 | 1.03e+00 1.22e-02 -0.023  1.00 | 1.3e+00 4.2e+00 1.459e+00
#2395  4276   1 | 5.57e-01 1.56e-02 -0.588  1.03 | 1.04e+00 3.17e-02 +0.222  0.99 | 1.8e+00 4.0e+00 1.393e+00
#2396   939   1 | 1.07e+00 5.14e-02 -0.516  1.05 | 1.03e+00 1.40e-02 +0.030  1.00 | 1.3e+00 4.2e+00 2.260e+00
#2397  3062   1 | 1.13e+00 1.87e-02 +0.192  0.99 | 9.75e-01 4.05e-02 +0.053  1.00 | 2.2e+00 4.6e+00 2.207e+00
#2398   428   1 | 1.10e+00 3.83e-02 +0.168  0.99 | 1.08e+00 9.89e-03 +0.065  1.00 | 1.3e+00 3.8e+00 2.359e+00
#2399  3758   1 | 1.23e+00 3.43e-03 +0.514  1.00 | 1.10e+00 3.52e-02 +0.291  0.98 | 2.3e+00 4.0e+00 2.704e+00
#2400  3155   1 | 1.03e+00 2.39e-03 -0.041  1.00 | 1.13e+00 4.06e-02 +0.126  0.99 | 2.2e+00 4.4e+00 2.330e+00
#2401  1905   1 | 4.95e-01 2.81e-03 -0.561  1.01 | 1.12e+00 3.82e-02 -0.051  1.00 | 2.0e+00 3.8e+00 1.500e+00
#2402  3308   1 | 1.21e+00 1.53e-03 +0.014  1.00 | 9.89e-01 3.37e-02 -0.085  1.01 | 2.0e+00 4.2e+00 2.459e+00
#2403  2154   1 | 1.10e+00 1.08e-02 -0.240  1.00 | 1.02e+00 3.53e-02 +0.018  1.00 | 2.2e+00 4.0e+00 2.261e+00
#2404  1293   1 | 9.70e-01 2.02e-02 +0.131  0.99 | 1.06e+00 3.61e-02 +0.162  0.99 | 1.5e+00 4.4e+00 2.043e+00
#2405  3173   1 | 1.13e+00 3.30e-03 -0.317  1.00 | 1.01e+00 2.89e-02 +0.010  1.00 | 2.1e+00 3.5e+00 2.285e+00
#2406  4078   1 | 6.58e-01 3.42e-03 -0.681  1.01 | 1.07e+00 4.56e-02 +0.137  0.99 | 2.1e+00 3.9e+00 1.569e+00
#2407  2802   1 | 1.30e+00 1.50e-02 +0.654  0.99 | 1.01e+00 4.00e-02 +0.004  1.00 | 2.4e+00 3.9e+00 2.691e+00
#2408  2422   1 | 1.12e+00 3.87e-03 +0.614  1.00 | 1.13e+00 4.09e-02 +0.148  0.99 | 2.3e+00 3.8e+00 2.509e+00
#2409  1703   1 | 1.02e+00 3.48e-02 +0.086  1.00 | 9.92e-01 3.07e-02 +0.209  0.99 | 1.5e+00 4.1e+00 2.015e+00
#2410  1852   1 | 1.13e+00 3.59e-02 -0.585  1.04 | 1.05e+00 4.71e-02 +0.137  0.99 | 1.9e+00 3.6e+00 2.422e+00
#2411  2378   1 | 5.51e-01 3.04e-02 -0.327  1.04 | 1.03e+00 4.82e-02 +0.040  1.00 | 2.2e+00 3.6e+00 1.373e+00
#2412   384   1 | 1.08e+00 5.09e-02 +0.432  0.96 | 9.68e-01 4.46e-02 +0.031  1.00 | 1.5e+00 4.7e+00 2.066e+00
#2413  3556   1 | 1.17e+00 7.75e-03 +0.229  1.00 | 1.17e+00 5.72e-02 +0.227  0.98 | 2.2e+00 4.3e+00 2.694e+00
#2414   700   1 | 9.71e-01 5.57e-02 -0.253  1.03 | 1.02e+00 1.66e-02 -0.029  1.00 | 1.3e+00 3.9e+00 2.012e+00
#2415  4117   1 | 8.79e-01 2.14e-03 -0.273  1.00 | 9.10e-01 4.98e-02 +0.002  1.00 | 1.9e+00 4.2e+00 1.604e+00
#2416  1607   1 | 5.69e-01 1.31e-02 -0.313  1.01 | 9.77e-01 4.56e-02 +0.044  1.00 | 1.3e+00 4.3e+00 1.282e+00
#2417   202   1 | 9.07e-01 1.36e-02 +0.059  1.00 | 9.18e-01 3.74e-02 -0.068  1.01 | 1.4e+00 3.5e+00 1.669e+00
#2418  3542   1 | 5.23e-01 6.42e-03 -0.215  1.01 | 9.97e-01 1.07e-01 +0.314  0.94 | 2.3e+00 4.4e+00 1.214e+00
#2419   949   1 | 9.23e-01 2.49e-02 -0.796  1.04 | 9.51e-01 2.45e-02 +0.031  1.00 | 1.3e+00 3.6e+00 1.792e+00
#2420   983   1 | 1.29e+00 6.42e-03 -0.624  1.01 | 1.08e+00 2.50e-02 +0.067  1.00 | 1.2e+00 4.0e+00 2.842e+00
#2421  1135   1 | 1.40e+00 3.39e-02 +0.555  0.97 | 1.01e+00 6.42e-02 -0.010  1.01 | 1.4e+00 3.9e+00 2.945e+00
#2422  4943   1 | 1.03e+00 4.13e-03 +0.525  1.00 | 8.36e-01 1.09e-01 +0.321  0.93 | 1.7e+00 4.0e+00 1.703e+00
#2423   228   1 | 1.32e+00 5.83e-02 +0.661  0.94 | 1.12e+00 5.03e-02 +0.047  1.00 | 1.3e+00 3.8e+00 2.906e+00
#2424  4353   1 | 1.03e+00 5.01e-03 +0.040  1.00 | 1.08e+00 9.41e-02 +0.098  0.99 | 1.7e+00 4.1e+00 2.224e+00
#2425  4200   1 | 7.04e-01 6.70e-03 +0.043  1.00 | 1.00e+00 1.16e-01 +0.237  0.96 | 1.8e+00 4.0e+00 1.458e+00
#2426   591   1 | 1.38e+00 1.12e-01 -0.147  1.03 | 1.03e+00 4.69e-02 -0.002  1.00 | 1.4e+00 4.2e+00 3.016e+00
#2427  2247   1 | 1.15e+00 3.88e-03 +0.281  1.00 | 9.43e-01 7.40e-02 +0.006  1.01 | 1.8e+00 3.6e+00 2.203e+00
#2428  2386   1 | 1.20e+00 6.77e-03 +0.002  1.00 | 9.11e-01 1.35e-01 -0.033  1.03 | 1.8e+00 4.4e+00 2.300e+00
#2429  1127   1 | 1.35e+00 5.05e-02 +0.694  0.95 | 1.00e+00 3.56e-02 +0.115  0.99 | 1.5e+00 3.9e+00 2.718e+00
#2430   916   1 | 1.08e+00 1.42e-01 +0.796  0.81 | 1.04e+00 4.69e-02 -0.006  1.00 | 1.3e+00 3.7e+00 2.032e+00
#2431   351   1 | 1.11e+00 1.96e-02 -0.220  1.01 | 9.80e-01 3.78e-02 +0.130  0.99 | 1.4e+00 4.3e+00 2.204e+00
#2432  1912   1 | 8.23e-01 3.05e-02 +0.714  0.95 | 1.01e+00 8.11e-02 +0.145  0.98 | 1.9e+00 3.9e+00 1.652e+00
#2433  4514   1 | 9.75e-01 2.71e-02 -0.695  1.04 | 1.04e+00 7.61e-02 +0.244  0.97 | 1.7e+00 3.6e+00 2.043e+00
#2434  1677   1 | 9.99e-01 5.00e-02 +0.127  0.99 | 8.61e-01 3.39e-02 +0.111  0.99 | 1.5e+00 3.4e+00 1.723e+00
#2435  3080   1 | 1.10e+00 6.71e-02 +0.106  0.99 | 9.37e-01 7.51e-02 +0.175  0.98 | 2.1e+00 3.8e+00 2.055e+00
#2436   873   1 | 1.18e+00 1.70e-01 -0.455  1.15 | 9.58e-01 2.74e-02 -0.006  1.00 | 1.5e+00 3.8e+00 2.519e+00
#2437   672   1 | 9.57e-01 3.13e-01 -0.520  1.45 | 1.07e+00 3.81e-02 +0.025  1.00 | 1.6e+00 4.4e+00 2.478e+00
#2438   442   1 | 5.78e-01 9.60e-02 -0.217  1.10 | 1.05e+00 4.04e-02 +0.030  1.00 | 1.6e+00 3.9e+00 1.474e+00
#2439  2501   1 | 8.93e-01 2.64e-02 -0.441  1.03 | 9.15e-01 8.21e-02 +0.008  1.01 | 2.2e+00 3.6e+00 1.662e+00
#2440  3204   1 | 1.09e+00 4.92e-02 +0.140  0.99 | 9.82e-01 6.89e-02 +0.146  0.98 | 2.0e+00 4.0e+00 2.116e+00
#2441   611   1 | 1.07e+00 8.71e-02 -0.006  1.01 | 9.70e-01 2.88e-02 -0.130  1.01 | 1.4e+00 3.5e+00 2.105e+00
#2442  3106   1 | 1.28e+00 2.55e-02 -0.121  1.01 | 1.08e+00 1.06e-01 +0.064  1.00 | 2.0e+00 4.2e+00 2.804e+00
#2443  2706   1 | 1.34e+00 2.65e-02 +0.671  0.97 | 1.00e+00 7.35e-02 +0.151  0.98 | 2.3e+00 4.0e+00 2.734e+00
#2444  2216   1 | 1.32e+00 2.07e-02 -0.650  1.02 | 1.12e+00 1.10e-01 +0.096  0.99 | 1.7e+00 4.3e+00 3.018e+00
#2445  2424   1 | 1.08e+00 2.30e-02 -0.006  1.00 | 9.70e-01 1.05e-01 +0.034  1.00 | 2.3e+00 4.2e+00 2.102e+00
#2446   558   1 | 8.53e-01 5.99e-02 +0.259  0.97 | 9.10e-01 3.63e-02 +0.005  1.00 | 1.4e+00 3.7e+00 1.533e+00
#2447  1730   1 | 1.08e+00 4.28e-02 -0.141  1.01 | 9.97e-01 6.35e-02 +0.086  0.99 | 1.7e+00 3.7e+00 2.160e+00
#2448   427   1 | 9.60e-01 1.28e-01 +0.471  0.89 | 9.60e-01 2.84e-02 +0.244  0.99 | 1.4e+00 4.1e+00 1.732e+00
#2449  4577   1 | 1.08e+00 1.11e-02 +0.227  1.00 | 9.37e-01 5.90e-02 +0.246  0.97 | 1.8e+00 3.7e+00 2.018e+00
#2450  2300   1 | 5.58e-01 2.29e-03 -0.279  1.00 | 1.04e+00 1.02e-01 +0.025  1.00 | 1.9e+00 4.3e+00 1.403e+00
#2451  1606   1 | 7.29e-01 5.09e-02 +0.257  0.97 | 9.46e-01 4.68e-02 +0.080  0.99 | 1.4e+00 3.9e+00 1.405e+00
#2452  1533   1 | 9.64e-01 4.33e-02 -0.080  1.01 | 1.06e+00 7.32e-02 +0.091  0.99 | 1.5e+00 3.8e+00 2.060e+00
#2453  3497   1 | 1.11e+00 4.68e-02 +0.701  0.94 | 9.75e-01 9.80e-02 +0.127  0.98 | 2.0e+00 3.9e+00 2.104e+00
#2454  2749   1 | 7.15e-01 3.84e-02 -0.548  1.06 | 1.09e+00 1.02e-01 +0.070  1.00 | 2.1e+00 3.7e+00 1.720e+00
#2455  2626   1 | 5.54e-01 2.17e-02 -0.238  1.02 | 1.03e+00 1.30e-01 +0.105  0.99 | 2.1e+00 4.1e+00 1.360e+00
#2456  2036   1 | 1.13e+00 3.72e-02 -0.388  1.03 | 1.05e+00 7.62e-02 +0.206  0.98 | 2.2e+00 3.5e+00 2.389e+00
#2457  4144   1 | 1.23e+00 6.06e-02 +0.361  0.97 | 1.10e+00 8.43e-02 +0.241  0.97 | 1.7e+00 3.9e+00 2.654e+00
#2458  3870   1 | 9.83e-01 2.42e-02 +0.340  0.98 | 1.07e+00 1.31e-01 +0.303  0.94 | 2.1e+00 4.2e+00 2.037e+00
#2459  3340   1 | 4.99e-01 1.56e-02 +0.055  1.00 | 1.12e+00 1.31e-01 +0.145  0.98 | 2.1e+00 4.0e+00 1.471e+00
#2460  3999   1 | 7.52e-01 4.63e-03 -0.646  1.01 | 9.49e-01 1.34e-01 +0.188  0.97 | 2.0e+00 3.9e+00 1.441e+00
#2461  1817   1 | 1.21e+00 4.30e-02 +0.217  0.99 | 9.11e-01 1.40e-01 -0.050  1.04 | 1.8e+00 4.2e+00 2.295e+00
#2462  3886   1 | 1.41e+00 6.06e-03 +0.589  0.99 | 1.01e+00 1.06e-01 +0.038  1.00 | 2.0e+00 3.9e+00 3.016e+00
#2463  3616   1 | 8.51e-01 2.49e-02 +0.330  0.98 | 9.42e-01 1.11e-01 +0.000  1.01 | 2.1e+00 3.7e+00 1.610e+00
#2464   274   1 | 9.07e-01 1.51e-01 +0.115  0.99 | 9.18e-01 5.22e-02 +0.042  1.00 | 1.4e+00 4.1e+00 1.655e+00
#2465  3870   1 | 4.55e-01 6.58e-02 -0.042  1.03 | 1.00e+00 1.49e-01 -0.020  1.03 | 2.1e+00 3.6e+00 1.245e+00
#2466  4688   1 | 1.09e+00 1.04e-01 -0.100  1.03 | 1.08e+00 1.13e-01 +0.111  0.99 | 1.8e+00 3.7e+00 2.390e+00
#2467  1757   1 | 1.29e+00 1.64e-03 -0.282  1.00 | 9.64e-01 7.29e-02 +0.186  0.98 | 1.5e+00 4.3e+00 2.587e+00
#2468  1250   1 | 5.12e-01 1.89e-02 -0.162  1.01 | 9.97e-01 6.56e-02 +0.113  0.99 | 1.5e+00 3.8e+00 1.249e+00
#2469  2158   1 | 9.72e-01 2.37e-02 +0.045  1.00 | 1.06e+00 1.08e-01 +0.124  0.99 | 2.0e+00 3.6e+00 2.045e+00
#2470   324   1 | 9.57e-01 5.05e-02 -0.516  1.06 | 1.07e+00 5.05e-02 +0.094  0.99 | 1.4e+00 4.2e+00 2.115e+00
#2471  1489   1 | 1.17e+00 1.52e-02 +0.481  0.99 | 1.17e+00 6.67e-02 +0.163  0.98 | 1.5e+00 4.0e+00 2.696e+00
#2472  4508   1 | 1.12e+00 4.96e-02 -0.527  1.05 | 1.13e+00 9.25e-02 +0.274  0.96 | 1.8e+00 3.9e+00 2.556e+00
#2473    49   1 | 1.08e+00 5.26e-02 -0.329  1.03 | 9.93e-01 8.20e-02 +0.062  1.00 | 1.5e+00 4.4e+00 2.193e+00
#2474  1555   1 | 9.64e-01 2.21e-02 -0.051  1.00 | 1.03e+00 8.29e-02 +0.049  1.00 | 1.5e+00 3.7e+00 1.996e+00
#2475  3338   1 | 1.02e+00 1.79e-02 -0.235  1.01 | 9.92e-01 1.21e-01 +0.083  0.99 | 2.1e+00 3.8e+00 2.024e+00
#2476   602   1 | 1.38e+00 1.80e-01 -0.152  1.06 | 1.03e+00 4.34e-02 +0.100  0.99 | 1.4e+00 4.1e+00 3.056e+00
#2477  2863   1 | 7.07e-01 3.44e-02 -0.120  1.01 | 1.00e+00 1.30e-01 -0.011  1.02 | 1.8e+00 3.7e+00 1.531e+00
#2478   253   1 | 9.98e-01 1.22e-01 +0.656  0.85 | 9.45e-01 9.89e-02 +0.000  1.01 | 1.4e+00 4.2e+00 1.755e+00
#2479  3616   1 | 6.47e-01 3.05e-02 -0.179  1.02 | 1.03e+00 1.19e-01 +0.261  0.95 | 2.0e+00 3.5e+00 1.435e+00
#2480  3997   1 | 1.04e+00 3.06e-02 +0.802  0.95 | 1.04e+00 1.30e-01 +0.116  0.99 | 2.0e+00 3.9e+00 2.094e+00
#2481  3894   1 | 5.78e-01 4.16e-02 +0.122  0.99 | 9.77e-01 1.12e-01 +0.090  0.99 | 2.0e+00 4.0e+00 1.278e+00
#2482  4647   1 | 8.82e-01 2.32e-02 +0.330  0.98 | 9.15e-01 1.71e-01 +0.045  1.02 | 1.9e+00 3.9e+00 1.617e+00
#2483  4011   1 | 1.13e+00 4.80e-03 +0.180  1.00 | 9.88e-01 1.57e-01 +0.097  0.99 | 1.8e+00 4.2e+00 2.246e+00
#2484  3744   1 | 9.96e-01 4.58e-02 -0.694  1.07 | 1.04e+00 1.25e-01 +0.143  0.98 | 2.2e+00 4.1e+00 2.123e+00
#2485  1304   1 | 1.05e+00 2.35e-02 +0.819  0.96 | 1.08e+00 8.16e-02 +0.012  1.00 | 1.6e+00 3.4e+00 2.238e+00
#2486   111   1 | 1.31e+00 8.45e-02 -0.167  1.03 | 1.01e+00 5.31e-02 -0.025  1.01 | 1.5e+00 3.8e+00 2.795e+00
#2487  1108   1 | 1.18e+00 8.51e-02 +0.456  0.94 | 9.58e-01 6.35e-02 +0.071  0.99 | 1.4e+00 3.6e+00 2.218e+00
#2488  3694   1 | 1.12e+00 2.11e-02 -0.432  1.02 | 1.06e+00 8.48e-02 +0.127  0.99 | 2.1e+00 4.0e+00 2.383e+00
#2489  1947   1 | 1.31e+00 3.78e-02 +0.645  0.96 | 1.04e+00 1.09e-01 -0.075  1.03 | 2.0e+00 4.2e+00 2.746e+00
#2490  4337   1 | 1.33e+00 1.95e-02 +0.106  1.00 | 1.02e+00 1.22e-01 +0.259  0.95 | 1.9e+00 4.0e+00 2.741e+00
#2491  3690   1 | 6.58e-01 4.79e-03 -0.407  1.01 | 1.07e+00 1.06e-01 +0.132  0.98 | 2.1e+00 3.6e+00 1.562e+00
#2492  2977   1 | 1.19e+00 5.54e-02 -0.552  1.05 | 1.05e+00 1.16e-01 -0.118  1.04 | 1.9e+00 3.8e+00 2.645e+00
#2493  1684   1 | 1.29e+00 6.20e-03 -0.008  1.00 | 9.27e-01 6.95e-02 -0.054  1.01 | 1.5e+00 3.8e+00 2.548e+00
#2494  4954   1 | 1.64e+00 8.42e-02 +0.168  0.99 | 9.65e-01 8.30e-02 +0.326  0.95 | 1.7e+00 3.9e+00 3.547e+00
#2495  4470   1 | 1.31e+00 3.33e-02 -0.261  1.01 | 1.09e+00 8.82e-02 +0.264  0.96 | 1.7e+00 3.7e+00 2.892e+00
#2496  3205   1 | 4.75e-01 5.24e-03 -0.370  1.01 | 9.87e-01 1.09e-01 +0.276  0.95 | 2.0e+00 4.2e+00 1.155e+00
#2497  3852   1 | 8.80e-01 3.32e-02 -0.783  1.06 | 9.51e-01 1.16e-01 -0.063  1.03 | 2.1e+00 4.0e+00 1.752e+00
#2498   316   1 | 1.15e+00 5.77e-02 -0.041  1.01 | 9.43e-01 7.37e-02 +0.006  1.01 | 1.4e+00 3.9e+00 2.214e+00
#2499  2893   1 | 1.22e+00 5.94e-02 -0.778  1.08 | 9.89e-01 9.35e-02 +0.250  0.96 | 1.9e+00 4.2e+00 2.550e+00
#2500   475   1 | 5.96e-01 2.24e-02 -0.549  1.04 | 1.08e+00 6.22e-02 +0.068  1.00 | 1.3e+00 4.2e+00 1.540e+00
#2501   493   1 | 9.98e-01 1.29e-02 -0.138  1.00 | 8.61e-01 8.41e-02 +0.074  1.00 | 1.4e+00 3.7e+00 1.738e+00
#2502  4021   1 | 1.08e+00 2.10e-02 +0.514  0.98 | 9.68e-01 1.11e-01 +0.187  0.97 | 1.6e+00 4.4e+00 2.042e+00
#2503  3099   1 | 1.09e+00 1.40e-02 -0.085  1.00 | 9.82e-01 1.34e-01 +0.225  0.96 | 1.9e+00 4.0e+00 2.111e+00
#2504  2908   1 | 1.10e+00 1.18e-02 +0.253  0.99 | 9.80e-01 1.47e-01 +0.366  0.91 | 1.9e+00 3.9e+00 2.085e+00
#2505  2187   1 | 1.04e+00 1.79e-03 -0.341  1.00 | 1.02e+00 1.39e-01 -0.133  1.05 | 1.8e+00 4.3e+00 2.179e+00
#2506  4117   1 | 1.04e+00 4.01e-03 -0.171  1.00 | 1.13e+00 7.88e-02 +0.125  0.99 | 1.8e+00 3.9e+00 2.350e+00
#2507  3331   1 | 1.05e+00 2.55e-03 -0.618  1.00 | 8.36e-01 1.14e-01 +0.179  0.97 | 2.1e+00 3.6e+00 1.787e+00
#2508  2979   1 | 7.83e-01 1.17e-03 -0.643  1.00 | 9.59e-01 1.31e-01 -0.121  1.05 | 2.0e+00 3.7e+00 1.581e+00
#2509  4937   1 | 1.12e+00 2.37e-03 +0.061  1.00 | 1.02e+00 1.28e-01 +0.312  0.94 | 1.7e+00 3.9e+00 2.232e+00
#2510  1615   1 | 1.12e+00 8.41e-03 +0.440  0.99 | 1.01e+00 1.22e-01 +0.061  1.00 | 1.3e+00 4.0e+00 2.264e+00
#2511   814   1 | 8.26e-01 7.99e-02 -0.368  1.08 | 9.54e-01 7.20e-02 +0.075  0.99 | 1.2e+00 4.0e+00 1.641e+00
#2512  2360   1 | 1.06e+00 2.98e-03 -0.225  1.00 | 1.03e+00 9.95e-02 +0.095  0.99 | 1.7e+00 3.8e+00 2.184e+00
#2513   306   1 | 5.78e-01 3.88e-02 +0.216  0.98 | 1.05e+00 6.69e-02 +0.082  0.99 | 1.2e+00 3.8e+00 1.426e+00
#2514   471   1 | 8.21e-01 3.09e-03 -0.513  1.00 | 1.01e+00 8.75e-02 +0.054  1.00 | 1.2e+00 3.5e+00 1.702e+00
#2515  2990   1 | 9.71e-01 1.49e-03 +0.261  1.00 | 1.02e+00 1.51e-01 +0.019  1.02 | 1.9e+00 3.9e+00 1.995e+00
#2516  1537   1 | 5.13e-01 1.24e-02 +0.175  0.99 | 9.97e-01 9.48e-02 +0.152  0.98 | 1.2e+00 4.0e+00 1.235e+00
#2517  2751   1 | 1.20e+00 2.60e-03 -0.631  1.00 | 9.11e-01 1.68e-01 -0.127  1.08 | 2.3e+00 3.7e+00 2.334e+00
#2518   502   1 | 1.65e+00 1.84e-02 -0.179  1.00 | 9.65e-01 9.41e-02 -0.260  1.06 | 1.2e+00 4.0e+00 3.734e+00
#2519   212   1 | 8.22e-01 3.08e-02 +0.642  0.95 | 1.01e+00 1.09e-01 +0.177  0.97 | 1.3e+00 3.5e+00 1.643e+00
#2520  2011   1 | 1.00e+00 2.25e-03 +0.443  1.00 | 1.07e+00 1.44e-01 -0.002  1.02 | 1.9e+00 4.0e+00 2.175e+00
#2521  4555   1 | 1.30e+00 1.56e-03 +0.328  1.00 | 9.64e-01 2.10e-01 +0.233  0.95 | 1.9e+00 4.6e+00 2.559e+00
#2522   592   1 | 1.08e+00 2.87e-02 -0.121  1.01 | 9.97e-01 9.96e-02 +0.391  0.93 | 1.3e+00 3.9e+00 2.096e+00
#2523  1369   1 | 1.11e+00 4.22e-02 +0.075  1.00 | 9.80e-01 1.54e-01 +0.310  0.93 | 1.3e+00 4.5e+00 2.123e+00
#2524   421   1 | 1.18e+00 6.46e-02 -0.472  1.05 | 9.58e-01 1.11e-01 +0.033  1.01 | 1.3e+00 3.9e+00 2.390e+00
#2525  3173   1 | 1.03e+00 3.01e-03 +0.198  1.00 | 1.08e+00 1.11e-01 +0.244  0.96 | 2.0e+00 3.7e+00 2.181e+00
#2526   324   1 | 9.66e-01 4.57e-02 -0.093  1.01 | 1.03e+00 9.87e-02 -0.052  1.02 | 1.2e+00 3.8e+00 2.028e+00
#2527  4582   1 | 1.12e+00 3.67e-03 +0.168  1.00 | 1.01e+00 2.05e-01 +0.138  0.99 | 1.8e+00 4.2e+00 2.257e+00
#2528  4203   1 | 1.21e+00 2.08e-03 -0.414  1.00 | 9.89e-01 2.89e-01 +0.172  0.98 | 1.9e+00 4.7e+00 2.436e+00
#2529  4586   1 | 1.37e+00 3.55e-03 -0.195  1.00 | 1.03e+00 1.22e-01 +0.246  0.96 | 2.0e+00 3.7e+00 2.897e+00
#2530  2196   1 | 1.34e+00 2.68e-03 -0.154  1.00 | 1.00e+00 1.66e-01 +0.090  1.00 | 2.1e+00 3.4e+00 2.806e+00
#2531  1638   1 | 1.09e+00 3.31e-03 +0.128  1.00 | 9.37e-01 1.17e-01 +0.054  1.00 | 1.2e+00 4.2e+00 2.064e+00
#2532  4162   1 | 5.71e-01 2.11e-03 +0.038  1.00 | 9.77e-01 1.12e-01 +0.078  1.00 | 1.8e+00 3.6e+00 1.277e+00
#2533  3740   1 | 8.44e-01 1.33e-03 +0.048  1.00 | 9.54e-01 9.85e-02 +0.127  0.98 | 2.5e+00 3.5e+00 1.608e+00
#2534  4277   1 | 1.30e+00 1.88e-03 -0.636  1.00 | 9.27e-01 1.31e-01 +0.114  0.99 | 1.7e+00 3.9e+00 2.536e+00
#2535  1211   1 | 1.20e+00 1.64e-03 +0.319  1.00 | 1.05e+00 8.95e-02 +0.056  1.00 | 1.3e+00 3.7e+00 2.559e+00
#2536  2928   1 | 5.65e-01 2.98e-03 -0.014  1.00 | 1.04e+00 1.46e-01 -0.024  1.03 | 2.2e+00 3.6e+00 1.434e+00
#2537  4494   1 | 8.91e-01 2.04e-03 -0.732  1.00 | 9.15e-01 7.96e-02 +0.068  1.00 | 1.7e+00 3.5e+00 1.631e+00
#2538  2420   1 | 9.62e-01 1.69e-03 -0.735  1.00 | 1.06e+00 1.24e-01 +0.124  0.98 | 2.2e+00 3.7e+00 2.042e+00
#2539   787   1 | 7.71e-01 5.16e-03 +0.320  1.00 | 9.59e-01 8.43e-02 +0.033  1.00 | 1.2e+00 3.8e+00 1.513e+00
#2540  1310   1 | 7.05e-01 8.96e-03 +0.507  0.99 | 1.09e+00 9.59e-02 +0.126  0.99 | 1.2e+00 3.9e+00 1.657e+00
#2541  4889   1 | 1.11e+00 3.29e-03 -0.412  1.00 | 1.04e+00 1.27e-01 +0.149  0.98 | 1.8e+00 3.6e+00 2.291e+00
#2542  2550   1 | 1.40e+00 1.63e-03 +0.209  1.00 | 1.01e+00 1.81e-01 +0.164  0.97 | 2.4e+00 3.6e+00 2.968e+00
#2543  2778   1 | 1.02e+00 1.53e-03 -0.280  1.00 | 1.13e+00 1.22e-01 +0.027  1.01 | 2.1e+00 4.3e+00 2.340e+00
#2544  1005   1 | 1.07e+00 5.54e-02 -0.006  1.00 | 9.70e-01 6.34e-02 -0.063  1.01 | 1.1e+00 3.7e+00 2.104e+00
#2545  4766   1 | 1.09e+00 2.62e-03 -0.198  1.00 | 9.93e-01 1.05e-01 +0.332  0.94 | 1.7e+00 4.0e+00 2.112e+00
#2546  3177   1 | 6.59e-01 2.82e-03 +0.603  0.99 | 1.07e+00 1.42e-01 +0.126  0.98 | 2.3e+00 3.9e+00 1.558e+00
#2547    85   1 | 9.72e-01 2.68e-03 -0.543  1.00 | 1.02e+00 8.88e-02 -0.063  1.02 | 1.3e+00 3.8e+00 2.003e+00
#2548  3249   1 | 1.11e+00 1.94e-03 -0.169  1.00 | 1.05e+00 1.51e-01 +0.314  0.93 | 2.1e+00 3.8e+00 2.266e+00
#2549  1458   1 | 9.22e-01 4.10e-03 -0.469  1.00 | 9.51e-01 1.66e-01 +0.075  1.00 | 1.5e+00 4.2e+00 1.761e+00
#2550  3160   1 | 1.32e+00 2.82e-03 -0.216  1.00 | 1.02e+00 1.44e-01 +0.125  0.98 | 2.1e+00 3.7e+00 2.763e+00
#2551  3763   1 | 1.02e+00 2.41e-03 +0.088  1.00 | 1.02e+00 1.50e-01 +0.004  1.02 | 2.5e+00 4.0e+00 2.105e+00
#2552   885   1 | 7.38e-01 4.60e-02 +0.273  0.97 | 9.49e-01 3.16e-02 +0.030  1.00 | 1.1e+00 3.2e+00 1.428e+00
#2553  1646   1 | 9.99e-01 1.05e-02 +0.620  0.99 | 9.45e-01 8.44e-02 -0.056  1.02 | 1.2e+00 3.8e+00 1.895e+00
#2554  3025   1 | 7.34e-01 3.56e-03 +0.757  0.99 | 9.46e-01 1.64e-01 +0.100  1.00 | 1.8e+00 4.1e+00 1.425e+00
#2555   935   1 | 1.29e+00 3.99e-02 -0.022  1.00 | 1.08e+00 4.87e-02 +0.059  1.00 | 1.1e+00 3.9e+00 2.835e+00
#2556   372   1 | 1.31e+00 4.05e-03 -0.076  1.00 | 1.09e+00 9.34e-02 +0.002  1.01 | 1.3e+00 3.6e+00 2.914e+00
#2557  2169   1 | 1.10e+00 3.00e-03 -0.155  1.00 | 9.82e-01 1.11e-01 +0.060  1.00 | 1.9e+00 3.9e+00 2.182e+00
#2558  2632   1 | 1.11e+00 2.06e-03 +0.460  1.00 | 1.13e+00 9.44e-02 +0.053  1.00 | 2.2e+00 3.9e+00 2.517e+00
#2559   816   1 | 1.08e+00 5.09e-02 +0.520  0.95 | 9.68e-01 4.52e-02 +0.045  1.00 | 1.2e+00 3.9e+00 2.054e+00
#2560  1496   1 | 1.31e+00 2.25e-02 +0.738  0.97 | 1.04e+00 8.39e-02 +0.116  0.99 | 1.2e+00 4.2e+00 2.727e+00
#2561  2311   1 | 1.17e+00 4.95e-03 -0.010  1.00 | 1.17e+00 9.06e-02 +0.050  1.00 | 1.9e+00 3.9e+00 2.730e+00
#2562  3552   1 | 1.05e+00 5.49e-03 +0.635  0.99 | 8.36e-01 9.60e-02 -0.076  1.03 | 2.3e+00 4.1e+00 1.826e+00
#2563  2129   1 | 1.15e+00 5.96e-03 -0.038  1.00 | 9.43e-01 1.12e-01 -0.058  1.03 | 1.9e+00 4.1e+00 2.227e+00
#2564  3344   1 | 1.13e+00 6.41e-03 +0.189  1.00 | 9.88e-01 1.19e-01 +0.030  1.01 | 2.1e+00 4.1e+00 2.260e+00
#2565  2242   1 | 1.02e+00 9.24e-03 +0.032  1.00 | 9.92e-01 6.06e-02 +0.118  0.99 | 1.7e+00 3.6e+00 2.019e+00
#2566    58   1 | 9.57e-01 2.25e-02 -0.490  1.02 | 1.07e+00 5.32e-02 +0.015  1.00 | 1.4e+00 3.7e+00 2.094e+00
#2567   624   1 | 4.70e-01 1.72e-02 +0.145  0.99 | 9.87e-01 3.48e-02 +0.089  0.99 | 1.3e+00 4.3e+00 1.189e+00
#2568  2318   1 | 1.31e+00 2.27e-02 +0.118  1.00 | 1.01e+00 6.82e-02 -0.136  1.02 | 1.7e+00 4.3e+00 2.746e+00
#2569  1822   1 | 9.71e-01 3.32e-03 -0.103  1.00 | 1.06e+00 4.98e-02 +0.107  0.99 | 1.8e+00 4.1e+00 2.053e+00
#2570  3476   1 | 1.05e+00 4.14e-03 -0.224  1.00 | 1.03e+00 6.38e-02 +0.156  0.98 | 1.9e+00 3.8e+00 2.147e+00
#2571  1811   1 | 1.32e+00 1.41e-02 -0.632  1.01 | 1.12e+00 5.55e-02 +0.080  0.99 | 1.6e+00 3.9e+00 3.017e+00
#2572  3057   1 | 9.10e-01 3.95e-03 +0.010  1.00 | 9.18e-01 6.27e-02 +0.159  0.98 | 1.8e+00 3.8e+00 1.655e+00
#2573  2828   1 | 1.00e+00 4.57e-03 +0.784  0.99 | 8.61e-01 8.35e-02 +0.091  0.99 | 2.1e+00 4.3e+00 1.730e+00
#2574  2360   1 | 8.58e-01 2.95e-03 +0.572  1.00 | 9.10e-01 6.28e-02 +0.125  0.99 | 1.7e+00 4.0e+00 1.550e+00
#2575   433   1 | 1.10e+00 9.25e-02 -0.121  1.03 | 1.08e+00 3.55e-02 -0.052  1.00 | 1.4e+00 3.8e+00 2.411e+00
#2576  2286   1 | 9.63e-01 1.23e-02 +0.430  0.99 | 9.60e-01 4.46e-02 +0.041  1.00 | 1.8e+00 4.3e+00 1.837e+00
#2577  3195   1 | 5.88e-01 1.55e-02 -0.130  1.01 | 1.05e+00 7.00e-02 +0.101  0.99 | 1.7e+00 4.3e+00 1.445e+00
#2578  3028   1 | 1.13e+00 1.17e-02 +0.658  0.99 | 9.75e-01 6.02e-02 -0.016  1.01 | 1.7e+00 4.0e+00 2.207e+00
#2579  1920   1 | 7.02e-01 4.11e-03 -0.770  1.01 | 1.00e+00 7.14e-02 -0.012  1.01 | 2.0e+00 4.1e+00 1.509e+00
#2580   163   1 | 5.45e-01 3.88e-03 +0.276  1.00 | 1.03e+00 3.78e-02 +0.088  0.99 | 1.3e+00 4.2e+00 1.349e+00
#2581  4774   1 | 4.92e-01 4.39e-03 +0.153  1.00 | 1.12e+00 4.76e-02 +0.286  0.98 | 1.6e+00 3.9e+00 1.462e+00
#2582  2252   1 | 1.11e+00 2.13e-02 +0.319  0.99 | 1.06e+00 6.65e-02 +0.019  1.00 | 1.7e+00 3.9e+00 2.338e+00
#2583  2694   1 | 4.51e-01 1.40e-02 +0.089  1.00 | 1.00e+00 4.90e-02 -0.138  1.02 | 2.0e+00 4.1e+00 1.221e+00
#2584  4570   1 | 5.84e-01 7.01e-03 -0.600  1.01 | 1.08e+00 5.82e-02 +0.144  0.99 | 1.6e+00 3.7e+00 1.507e+00
#2585  4827   1 | 6.10e-01 8.25e-03 +0.153  1.00 | 1.03e+00 5.38e-02 +0.137  0.99 | 1.6e+00 4.2e+00 1.417e+00
#2586  1796   1 | 9.76e-01 1.50e-02 -0.634  1.02 | 1.04e+00 4.89e-02 +0.136  0.99 | 1.6e+00 4.3e+00 2.046e+00
#2587  2802   1 | 1.10e+00 2.95e-03 +0.820  1.00 | 1.02e+00 6.25e-02 +0.043  1.00 | 2.2e+00 4.1e+00 2.237e+00
#2588  1102   1 | 8.24e-01 3.98e-03 -0.033  1.00 | 9.42e-01 3.37e-02 -0.023  1.00 | 1.4e+00 3.9e+00 1.569e+00
#2589  1017   1 | 1.22e+00 3.67e-02 -0.426  1.03 | 1.10e+00 3.12e-02 +0.132  0.99 | 1.3e+00 4.2e+00 2.746e+00
#2590  3834   1 | 8.56e-01 9.29e-03 -0.386  1.01 | 9.42e-01 5.78e-02 +0.111  0.99 | 2.1e+00 3.7e+00 1.617e+00
#2591  2133   1 | 8.24e-01 2.45e-02 +0.745  0.96 | 1.01e+00 6.08e-02 +0.161  0.98 | 1.9e+00 4.0e+00 1.660e+00
#2592  2664   1 | 1.05e+00 3.00e-02 -0.117  1.01 | 8.36e-01 8.42e-02 +0.039  1.00 | 2.0e+00 4.4e+00 1.802e+00
#2593  3123   1 | 6.16e-01 2.55e-02 -0.578  1.05 | 1.08e+00 8.24e-02 -0.002  1.01 | 2.0e+00 4.2e+00 1.580e+00
#2594  2645   1 | 1.30e+00 3.73e-03 +0.418  1.00 | 1.04e+00 4.55e-02 -0.042  1.01 | 2.1e+00 3.5e+00 2.773e+00
#2595  1945   1 | 9.63e-01 5.86e-03 +0.548  0.99 | 1.06e+00 7.43e-02 +0.058  1.00 | 1.9e+00 4.4e+00 2.049e+00
#2596   165   1 | 1.65e+00 1.01e-01 +0.164  0.98 | 9.65e-01 3.45e-02 -0.102  1.01 | 1.3e+00 3.9e+00 3.630e+00
#2597  1247   1 | 1.17e+00 9.75e-03 -0.495  1.01 | 1.17e+00 4.78e-02 +0.037  1.00 | 1.4e+00 3.8e+00 2.744e+00
#2598  4024   1 | 1.10e+00 1.17e-03 +0.469  1.00 | 1.08e+00 7.47e-02 +0.235  0.97 | 1.7e+00 4.1e+00 2.357e+00
#2599  1912   1 | 1.23e+00 5.32e-03 +0.563  1.00 | 9.89e-01 8.49e-02 +0.188  0.98 | 1.9e+00 3.9e+00 2.460e+00
#2600   121   1 | 1.31e+00 9.10e-03 +0.062  1.00 | 1.01e+00 2.12e-02 -0.044  1.00 | 1.3e+00 3.5e+00 2.746e+00
#2601  1994   1 | 1.20e+00 8.74e-03 +0.625  0.99 | 1.05e+00 6.48e-02 -0.058  1.01 | 1.7e+00 3.8e+00 2.554e+00
#2602   394   1 | 6.23e-01 9.68e-02 +0.123  0.99 | 1.03e+00 5.73e-02 -0.014  1.00 | 1.4e+00 4.4e+00 1.446e+00
#2603  2669   1 | 9.12e-01 5.40e-03 +0.345  1.00 | 9.51e-01 7.12e-02 +0.109  0.99 | 2.2e+00 4.0e+00 1.723e+00
#2604  2170   1 | 7.30e-01 1.30e-02 +0.378  0.99 | 9.46e-01 7.37e-02 +0.122  0.99 | 1.9e+00 4.0e+00 1.409e+00
#2605   756   1 | 1.30e+00 3.69e-02 -0.282  1.02 | 9.27e-01 3.63e-02 +0.206  0.99 | 1.3e+00 4.1e+00 2.554e+00
#2606  4845   1 | 1.31e+00 7.45e-03 -0.186  1.00 | 1.08e+00 9.15e-02 +0.319  0.95 | 1.7e+00 4.2e+00 2.826e+00
#2607  3758   1 | 1.41e+00 1.55e-02 -0.754  1.02 | 1.01e+00 6.42e-02 +0.179  0.98 | 2.2e+00 3.9e+00 3.031e+00
#2608   240   1 | 7.38e-01 5.80e-02 -0.313  1.06 | 9.49e-01 6.71e-02 -0.046  1.01 | 1.4e+00 4.2e+00 1.486e+00
#2609   810   1 | 8.26e-01 6.03e-02 -0.355  1.06 | 9.54e-01 3.14e-02 +0.134  0.99 | 1.3e+00 3.6e+00 1.623e+00
#2610  4345   1 | 5.46e-01 6.53e-03 -0.214  1.01 | 1.03e+00 8.62e-02 +0.255  0.96 | 1.7e+00 4.1e+00 1.320e+00
#2611    36   1 | 1.00e+00 7.40e-02 +0.368  0.95 | 1.07e+00 8.45e-02 +0.016  1.00 | 1.4e+00 3.9e+00 2.117e+00
#2612  4927   1 | 9.95e-01 7.44e-03 -0.049  1.00 | 8.61e-01 8.21e-02 +0.115  0.99 | 1.8e+00 4.2e+00 1.723e+00
#2613  2524   1 | 1.11e+00 1.23e-02 -0.221  1.01 | 9.80e-01 7.01e-02 +0.189  0.98 | 2.0e+00 4.4e+00 2.170e+00
#2614  2415   1 | 7.04e-01 2.02e-02 +0.863  0.95 | 1.00e+00 7.74e-02 -0.131  1.03 | 2.1e+00 3.6e+00 1.502e+00
#2615  1764   1 | 7.07e-01 8.67e-03 -0.460  1.01 | 1.09e+00 4.67e-02 -0.039  1.01 | 1.4e+00 3.6e+00 1.694e+00
#2616  2728   1 | 9.71e-01 1.47e-02 +0.160  1.00 | 1.02e+00 8.00e-02 -0.086  1.02 | 2.1e+00 3.8e+00 1.995e+00
#2617  4691   1 | 1.01e+00 1.23e-02 +0.136  1.00 | 1.13e+00 7.58e-02 +0.188  0.98 | 1.6e+00 4.1e+00 2.270e+00
#2618  4189   1 | 9.75e-01 3.42e-03 +0.076  1.00 | 1.07e+00 7.42e-02 +0.218  0.97 | 1.9e+00 3.8e+00 2.076e+00
#2619  4910   1 | 1.34e+00 9.76e-03 -0.227  1.00 | 1.12e+00 9.32e-02 +0.088  0.99 | 1.6e+00 3.8e+00 3.056e+00
#2620  4823   1 | 9.47e-01 2.60e-03 -0.521  1.00 | 9.60e-01 7.05e-02 +0.071  0.99 | 1.6e+00 4.0e+00 1.816e+00
#2621    18   1 | 1.14e+00 2.83e-02 +0.732  0.96 | 9.75e-01 4.89e-02 -0.066  1.01 | 1.3e+00 3.8e+00 2.221e+00
#2622  2944   1 | 1.10e+00 5.72e-03 -0.241  1.00 | 9.37e-01 7.13e-02 +0.161  0.98 | 1.7e+00 4.0e+00 2.068e+00
#2623  1003   1 | 1.22e+00 2.63e-02 -0.418  1.02 | 1.10e+00 3.81e-02 +0.121  0.99 | 1.2e+00 4.3e+00 2.734e+00
#2624    85   1 | 1.08e+00 4.22e-02 +0.524  0.96 | 9.68e-01 5.25e-02 +0.005  1.00 | 1.4e+00 3.8e+00 2.068e+00
#2625  3571   1 | 1.09e+00 2.43e-02 -0.160  1.01 | 1.13e+00 9.62e-02 +0.171  0.98 | 2.3e+00 4.1e+00 2.455e+00
#2626  3812   1 | 6.58e-01 1.66e-02 +0.523  0.97 | 1.07e+00 8.42e-02 +0.115  0.99 | 2.2e+00 3.6e+00 1.553e+00
#2627  4273   1 | 1.14e+00 9.69e-03 -0.311  1.01 | 9.88e-01 7.05e-02 -0.142  1.03 | 1.8e+00 3.3e+00 2.308e+00
#2628  4840   1 | 1.11e+00 2.84e-02 +0.076  1.00 | 1.01e+00 1.09e-01 +0.125  0.98 | 1.8e+00 3.9e+00 2.235e+00
#2629  1374   1 | 1.11e+00 8.65e-03 -0.258  1.00 | 9.82e-01 6.50e-02 +0.074  0.99 | 1.5e+00 4.3e+00 2.191e+00
#2630  1482   1 | 5.79e-01 2.88e-02 +0.148  0.99 | 1.05e+00 5.48e-02 +0.137  0.99 | 1.4e+00 3.9e+00 1.426e+00
#2631  4012   1 | 1.04e+00 1.32e-02 +0.784  0.98 | 1.04e+00 8.99e-02 +0.046  1.00 | 1.8e+00 4.3e+00 2.137e+00
#2632  2869   1 | 1.32e+00 1.04e-02 +0.564  0.99 | 1.02e+00 1.01e-01 -0.040  1.02 | 2.0e+00 4.1e+00 2.780e+00
#2633  2711   1 | 4.96e-01 4.70e-03 -0.339  1.01 | 1.12e+00 4.93e-02 +0.180  0.99 | 2.4e+00 4.2e+00 1.479e+00
#2634  4933   1 | 1.23e+00 3.65e-02 +0.324  0.98 | 9.11e-01 9.94e-02 +0.263  0.95 | 1.8e+00 4.9e+00 2.286e+00
#2635  1890   1 | 5.70e-01 2.61e-02 +0.346  0.97 | 9.77e-01 6.68e-02 -0.073  1.01 | 1.9e+00 3.4e+00 1.284e+00
#2636  2285   1 | 9.08e-01 3.39e-02 +0.405  0.97 | 9.18e-01 6.43e-02 +0.012  1.00 | 1.8e+00 3.9e+00 1.645e+00
#2637  2681   1 | 1.11e+00 2.03e-02 -0.279  1.01 | 1.06e+00 6.84e-02 +0.197  0.98 | 2.1e+00 3.6e+00 2.344e+00
#2638   969   1 | 9.69e-01 7.35e-02 -0.092  1.02 | 1.06e+00 3.71e-02 -0.090  1.01 | 1.3e+00 4.9e+00 2.086e+00
#2639   335   1 | 1.35e+00 2.64e-02 -0.622  1.02 | 1.00e+00 4.96e-02 -0.035  1.01 | 1.4e+00 3.8e+00 2.870e+00
#2640  1633   1 | 4.47e-01 1.77e-02 +0.091  0.99 | 1.00e+00 6.40e-02 +0.052  1.00 | 1.4e+00 3.7e+00 1.199e+00
#2641  3293   1 | 9.57e-01 4.34e-02 +0.005  1.00 | 1.03e+00 7.42e-02 -0.014  1.01 | 2.1e+00 4.0e+00 1.990e+00
#2642  1556   1 | 1.15e+00 2.63e-02 -0.078  1.00 | 9.43e-01 7.74e-02 -0.106  1.02 | 1.5e+00 4.2e+00 2.229e+00
#2643  2304   1 | 5.58e-01 1.31e-02 +0.767  0.96 | 1.04e+00 5.73e-02 -0.073  1.01 | 1.8e+00 3.6e+00 1.399e+00
#2644  4840   1 | 1.06e+00 1.00e-02 +0.633  0.99 | 9.70e-01 7.04e-02 +0.121  0.99 | 1.9e+00 3.5e+00 2.039e+00
#2645  3781   1 | 1.10e+00 1.15e-02 +0.125  1.00 | 1.05e+00 9.39e-02 +0.302  0.95 | 2.2e+00 4.0e+00 2.254e+00
#2646  2814   1 | 1.18e+00 4.95e-02 -0.097  1.01 | 9.58e-01 8.06e-02 -0.035  1.01 | 2.2e+00 4.0e+00 2.332e+00
#2647  4144   1 | 8.77e-01 5.16e-02 +0.093  0.99 | 9.10e-01 9.87e-02 +0.077  1.00 | 1.7e+00 4.2e+00 1.588e+00
#2648  2462   1 | 1.08e+00 1.29e-02 -0.491  1.01 | 9.93e-01 1.19e-01 +0.068  1.00 | 2.3e+00 4.0e+00 2.158e+00
#2649  2147   1 | 4.71e-01 3.84e-02 -0.611  1.11 | 9.87e-01 7.18e-02 +0.096  0.99 | 2.0e+00 4.1e+00 1.212e+00
#2650  3582   1 | 1.29e+00 2.47e-02 -0.644  1.03 | 1.09e+00 1.23e-01 +0.139  0.98 | 2.3e+00 3.8e+00 2.881e+00
#2651   471   1 | 1.38e+00 5.32e-02 -0.038  1.00 | 1.03e+00 3.41e-02 +0.063  1.00 | 1.4e+00 3.8e+00 2.961e+00
#2652  3907   1 | 9.99e-01 2.03e-02 -0.748  1.03 | 1.04e+00 9.77e-02 +0.280  0.96 | 1.9e+00 4.7e+00 2.068e+00
#2653  3985   1 | 5.18e-01 3.34e-02 -0.423  1.06 | 9.97e-01 9.98e-02 +0.074  1.00 | 2.0e+00 4.2e+00 1.273e+00
#2654  3952   1 | 1.02e+00 4.77e-02 -0.642  1.06 | 9.45e-01 9.55e-02 +0.146  0.98 | 1.9e+00 4.1e+00 1.991e+00
#2655  4682   1 | 1.08e+00 2.66e-02 +0.215  0.99 | 9.97e-01 9.57e-02 +0.336  0.94 | 1.8e+00 3.9e+00 2.100e+00
#2656  1864   1 | 1.07e+00 6.27e-03 +0.368  1.00 | 1.03e+00 8.25e-02 +0.047  1.00 | 2.1e+00 4.1e+00 2.191e+00
#2657  1443   1 | 1.04e+00 2.06e-02 -0.225  1.01 | 1.02e+00 6.51e-02 +0.093  0.99 | 1.4e+00 3.7e+00 2.127e+00
#2658  1411   1 | 1.11e+00 3.27e-02 +0.514  0.97 | 1.02e+00 8.02e-02 +0.125  0.99 | 1.4e+00 4.3e+00 2.212e+00
#2659  2707   1 | 7.79e-01 1.35e-02 -0.258  1.01 | 9.59e-01 1.22e-01 +0.195  0.97 | 2.3e+00 4.1e+00 1.501e+00
#2660  3540   1 | 1.01e+00 6.62e-03 -0.625  1.01 | 1.08e+00 7.79e-02 -0.026  1.01 | 2.3e+00 3.9e+00 2.222e+00
#2661  4360   1 | 1.30e+00 1.95e-02 +0.556  0.98 | 9.64e-01 1.24e-01 +0.197  0.97 | 1.7e+00 4.4e+00 2.569e+00
#2662   221   1 | 1.03e+00 3.99e-02 -0.125  1.01 | 9.92e-01 4.58e-02 +0.017  1.00 | 1.2e+00 4.1e+00 2.047e+00
#2663   140   1 | 8.89e-01 2.90e-02 -0.450  1.03 | 9.15e-01 7.27e-02 -0.086  1.02 | 1.2e+00 4.1e+00 1.668e+00
#2664  2749   1 | 1.13e+00 1.20e-02 +0.285  0.99 | 9.75e-01 9.35e-02 +0.104  0.99 | 2.1e+00 3.7e+00 2.213e+00
#2665  4873   1 | 1.18e+00 1.41e-02 +0.320  0.99 | 9.58e-01 7.94e-02 +0.112  0.99 | 1.5e+00 3.8e+00 2.281e+00
#2666  4153   1 | 1.14e+00 7.70e-03 -0.016  1.00 | 1.01e+00 1.22e-01 +0.157  0.98 | 1.9e+00 4.1e+00 2.282e+00
#2667  1506   1 | 9.22e-01 6.04e-03 -0.301  1.00 | 9.51e-01 6.02e-02 +0.153  0.98 | 1.3e+00 3.9e+00 1.743e+00
#2668  1727   1 | 1.20e+00 2.80e-02 -0.092  1.00 | 1.05e+00 9.99e-02 -0.056  1.02 | 1.6e+00 4.1e+00 2.588e+00
#2669   179   1 | 8.24e-01 3.10e-02 -0.445  1.03 | 9.42e-01 1.07e-01 +0.094  0.99 | 1.2e+00 4.3e+00 1.582e+00
#2670  1876   1 | 1.30e+00 1.87e-02 +0.337  0.99 | 1.09e+00 1.19e-01 +0.052  1.00 | 1.9e+00 4.5e+00 2.884e+00
#2671  3219   1 | 1.05e+00 2.74e-02 +0.358  0.98 | 1.03e+00 1.13e-01 +0.123  0.98 | 2.0e+00 3.7e+00 2.136e+00
#2672  1823   1 | 9.71e-01 3.44e-02 -0.035  1.00 | 1.02e+00 1.02e-01 -0.156  1.04 | 1.8e+00 4.1e+00 2.025e+00
#2673  4890   1 | 8.72e-01 1.23e-02 +0.229  0.99 | 9.15e-01 1.15e-01 +0.184  0.97 | 1.7e+00 4.2e+00 1.567e+00
#2674  1946   1 | 5.56e-01 3.99e-02 +0.584  0.92 | 1.04e+00 1.16e-01 +0.019  1.01 | 2.0e+00 3.6e+00 1.380e+00
#2675   512   1 | 1.10e+00 7.84e-03 +0.146  1.00 | 1.08e+00 3.58e-02 +0.023  1.00 | 1.2e+00 3.9e+00 2.369e+00
#2676  3684   1 | 1.12e+00 1.09e-02 -0.460  1.01 | 1.06e+00 1.41e-01 +0.098  0.99 | 2.2e+00 3.9e+00 2.379e+00
#2677  3135   1 | 9.59e-01 9.95e-03 +0.074  1.00 | 1.06e+00 7.81e-02 -0.134  1.03 | 2.1e+00 3.5e+00 2.078e+00
#2678  4785   1 | 6.11e-01 2.34e-02 -0.020  1.00 | 1.03e+00 8.27e-02 +0.155  0.98 | 1.6e+00 3.9e+00 1.413e+00
#2679  2371   1 | 1.08e+00 1.56e-02 -0.770  1.02 | 9.70e-01 1.08e-01 -0.002  1.01 | 2.0e+00 4.2e+00 2.135e+00
#2680  4292   1 | 7.39e-01 2.18e-02 +0.123  0.99 | 9.49e-01 1.16e-01 +0.178  0.97 | 1.6e+00 4.2e+00 1.419e+00
#2681  1377   1 | 9.98e-01 4.09e-02 +0.673  0.95 | 9.45e-01 8.19e-02 -0.070  1.02 | 1.5e+00 4.0e+00 1.855e+00
#2682  2672   1 | 9.09e-01 1.26e-02 -0.288  1.01 | 9.18e-01 1.15e-01 +0.061  1.00 | 2.3e+00 4.4e+00 1.675e+00
#2683  3106   1 | 1.13e+00 1.50e-02 +0.189  1.00 | 9.88e-01 6.65e-02 -0.026  1.01 | 1.9e+00 3.8e+00 2.264e+00
#2684  1312   1 | 9.70e-01 4.87e-02 -0.007  1.00 | 1.06e+00 3.83e-02 +0.064  1.00 | 1.4e+00 3.9e+00 2.059e+00
#2685  2982   1 | 1.22e+00 1.22e-02 +0.408  0.99 | 9.89e-01 1.15e-01 +0.090  0.99 | 1.9e+00 4.4e+00 2.448e+00
#2686  1648   1 | 7.02e-01 4.31e-02 -0.091  1.01 | 1.00e+00 2.79e-02 +0.027  1.00 | 1.3e+00 3.5e+00 1.504e+00
#2687  3927   1 | 1.04e+00 1.97e-02 -0.226  1.01 | 1.13e+00 5.98e-02 +0.091  0.99 | 1.9e+00 4.1e+00 2.369e+00
#2688   254   1 | 8.26e-01 7.23e-02 +0.188  0.97 | 9.54e-01 3.13e-02 +0.158  0.99 | 1.3e+00 4.0e+00 1.565e+00
#2689  1234   1 | 1.11e+00 1.51e-01 +0.709  0.83 | 1.02e+00 5.35e-02 +0.104  0.99 | 1.5e+00 4.7e+00 2.039e+00
#2690  2804   1 | 1.04e+00 6.53e-03 -0.017  1.00 | 1.02e+00 4.16e-02 -0.017  1.00 | 2.2e+00 3.9e+00 2.115e+00
#2691  4623   1 | 6.58e-01 4.64e-02 -0.262  1.04 | 1.07e+00 4.71e-02 +0.226  0.98 | 1.5e+00 3.8e+00 1.574e+00
#2692  4553   1 | 1.30e+00 7.78e-02 +0.062  1.00 | 9.64e-01 8.14e-02 +0.358  0.95 | 1.8e+00 4.2e+00 2.555e+00
#2693   110   1 | 1.13e+00 3.72e-02 +0.316  0.98 | 1.05e+00 2.65e-02 +0.226  0.99 | 1.5e+00 4.1e+00 2.356e+00
#2694  1535   1 | 1.05e+00 1.40e-01 +0.800  0.80 | 1.08e+00 3.01e-02 -0.026  1.00 | 1.4e+00 3.9e+00 2.059e+00
#2695  2678   1 | 1.38e+00 3.11e-02 +0.398  0.98 | 1.03e+00 5.94e-02 +0.113  0.99 | 2.2e+00 4.0e+00 2.926e+00
#2696   834   1 | 1.32e+00 1.34e-01 -0.161  1.04 | 1.02e+00 1.95e-02 +0.021  1.00 | 1.4e+00 3.9e+00 2.850e+00
#2697  3395   1 | 1.05e+00 2.39e-02 +0.741  0.97 | 1.04e+00 4.18e-02 -0.008  1.00 | 2.1e+00 4.5e+00 2.156e+00
#2698  3490   1 | 1.27e+00 3.07e-02 +0.081  1.00 | 1.08e+00 5.28e-02 +0.207  0.98 | 2.0e+00 3.9e+00 2.751e+00
#2699  2393   1 | 1.07e+00 8.02e-02 +0.137  0.99 | 9.97e-01 4.46e-02 -0.007  1.00 | 2.1e+00 4.0e+00 2.134e+00
#2700   153   1 | 1.35e+00 7.92e-02 -0.678  1.08 | 1.00e+00 3.04e-02 -0.171  1.01 | 1.5e+00 4.1e+00 2.981e+00
#2701  2477   1 | 5.82e-01 6.71e-02 -0.163  1.05 | 1.05e+00 5.13e-02 +0.185  0.98 | 2.2e+00 3.8e+00 1.446e+00
#2702  4259   1 | 1.30e+00 2.61e-02 +0.254  0.99 | 9.27e-01 3.44e-02 +0.157  0.99 | 1.6e+00 3.6e+00 2.517e+00
#2703  3677   1 | 4.58e-01 3.15e-02 -0.101  1.02 | 1.00e+00 5.05e-02 +0.140  0.99 | 2.3e+00 3.8e+00 1.205e+00
#2704  1730   1 | 5.70e-01 1.34e-01 -0.205  1.15 | 9.77e-01 3.21e-02 -0.021  1.00 | 1.8e+00 3.8e+00 1.331e+00
#2705  1239   1 | 8.53e-01 8.31e-02 -0.241  1.06 | 9.10e-01 3.13e-02 +0.200  0.99 | 1.7e+00 4.3e+00 1.586e+00
#2706  2510   1 | 9.64e-01 8.68e-02 +0.485  0.92 | 9.60e-01 3.93e-02 -0.134  1.01 | 2.1e+00 3.8e+00 1.789e+00
#2707  1659   1 | 9.58e-01 1.75e-01 -0.528  1.23 | 1.07e+00 4.74e-02 +0.024  1.00 | 1.6e+00 4.4e+00 2.280e+00
#2708  1669   1 | 8.22e-01 1.28e-01 +0.731  0.80 | 1.01e+00 4.01e-02 +0.068  1.00 | 1.6e+00 4.1e+00 1.562e+00
#2709  4874   1 | 1.14e+00 1.46e-01 -0.504  1.14 | 1.13e+00 5.72e-02 +0.306  0.97 | 1.7e+00 3.8e+00 2.745e+00
#2710  2397   1 | 5.52e-01 6.44e-02 -0.410  1.11 | 1.03e+00 6.49e-02 -0.069  1.01 | 2.1e+00 3.5e+00 1.409e+00
#2711   511   1 | 1.15e+00 1.05e-01 +0.022  1.00 | 9.43e-01 3.37e-02 +0.066  1.00 | 1.5e+00 3.9e+00 2.204e+00
#2712  3319   1 | 1.09e+00 2.79e-02 +0.159  0.99 | 9.80e-01 9.50e-02 +0.327  0.95 | 2.0e+00 4.5e+00 2.098e+00
#2713  4518   1 | 1.08e+00 7.12e-03 -0.065  1.00 | 9.37e-01 7.03e-02 +0.123  0.99 | 1.7e+00 3.9e+00 2.042e+00
#2714  3367   1 | 7.37e-01 1.22e-02 +0.057  1.00 | 9.46e-01 1.09e-01 +0.065  1.00 | 2.1e+00 4.2e+00 1.435e+00
#2715  4142   1 | 1.02e+00 6.22e-03 +0.017  1.00 | 9.92e-01 7.09e-02 +0.135  0.99 | 1.9e+00 4.0e+00 2.020e+00
#2716  3874   1 | 9.99e-01 4.96e-02 -0.692  1.07 | 1.04e+00 1.57e-01 +0.241  0.95 | 2.0e+00 4.5e+00 2.101e+00
#2717  3903   1 | 7.36e-01 7.35e-03 +0.069  1.00 | 1.09e+00 6.51e-02 +0.017  1.00 | 1.9e+00 3.1e+00 1.726e+00
#2718  3432   1 | 1.08e+00 8.69e-02 +0.144  0.98 | 9.82e-01 1.05e-01 +0.037  1.00 | 2.1e+00 3.8e+00 2.112e+00
#2719  4006   1 | 1.07e+00 8.88e-02 +0.363  0.95 | 9.93e-01 9.60e-02 +0.066  1.00 | 1.8e+00 3.8e+00 2.065e+00
#2720   575   1 | 5.96e-01 4.25e-02 +0.604  0.92 | 1.08e+00 9.04e-02 -0.006  1.01 | 1.4e+00 4.3e+00 1.511e+00
#2721  2838   1 | 7.81e-01 1.48e-02 -0.529  1.02 | 9.59e-01 9.28e-02 +0.032  1.00 | 2.3e+00 3.5e+00 1.544e+00
#2722   930   1 | 1.00e+00 2.86e-02 +0.322  0.98 | 1.07e+00 6.13e-02 +0.026  1.00 | 1.4e+00 3.8e+00 2.143e+00
#2723  1080   1 | 1.31e+00 4.05e-02 -0.148  1.01 | 1.01e+00 5.73e-02 -0.018  1.01 | 1.4e+00 3.3e+00 2.767e+00
#2724  4158   1 | 1.30e+00 5.84e-02 +0.655  0.94 | 1.04e+00 7.55e-02 +0.036  1.00 | 1.6e+00 3.9e+00 2.661e+00
#2725  4687   1 | 9.96e-01 5.98e-02 -0.109  1.02 | 8.61e-01 1.21e-01 +0.198  0.96 | 1.7e+00 4.3e+00 1.722e+00
#2726  1093   1 | 1.17e+00 7.13e-02 +0.507  0.94 | 1.17e+00 7.58e-02 +0.069  1.00 | 1.4e+00 4.3e+00 2.649e+00
#2727  3989   1 | 1.42e+00 3.30e-02 +0.509  0.98 | 1.01e+00 9.36e-02 +0.184  0.97 | 1.8e+00 3.8e+00 2.953e+00
#2728  3857   1 | 1.06e+00 4.08e-02 -0.335  1.03 | 8.36e-01 1.09e-01 +0.172  0.97 | 2.1e+00 4.0e+00 1.835e+00
#2729  4491   1 | 1.20e+00 4.87e-02 -0.285  1.02 | 9.11e-01 8.83e-02 +0.027  1.00 | 1.6e+00 3.3e+00 2.314e+00
#2730  2548   1 | 1.08e+00 7.85e-02 -0.536  1.08 | 9.68e-01 7.09e-02 +0.028  1.00 | 2.2e+00 3.7e+00 2.201e+00
#2731  1538   1 | 1.22e+00 4.51e-02 +0.359  0.97 | 1.10e+00 7.11e-02 +0.019  1.00 | 1.4e+00 4.2e+00 2.679e+00
#2732  4010   1 | 1.67e+00 5.32e-02 +0.202  0.99 | 9.65e-01 1.09e-01 -0.008  1.01 | 1.8e+00 3.9e+00 3.699e+00
#2733  4329   1 | 5.11e-01 2.72e-02 -0.082  1.01 | 9.97e-01 9.43e-02 +0.194  0.97 | 1.8e+00 4.4e+00 1.231e+00
#2734  2317   1 | 4.95e-01 1.25e-01 +0.041  1.04 | 1.12e+00 1.05e-01 -0.011  1.01 | 1.7e+00 4.1e+00 1.518e+00
#2735  2347   1 | 9.62e-01 7.12e-02 -0.055  1.01 | 1.03e+00 8.03e-02 +0.108  0.99 | 1.9e+00 3.4e+00 1.992e+00
#2736  1246   1 | 4.70e-01 5.32e-02 +0.142  0.98 | 9.87e-01 1.02e-01 +0.050  1.00 | 1.5e+00 3.9e+00 1.192e+00
#2737  2494   1 | 1.32e+00 4.56e-02 +0.601  0.96 | 1.12e+00 1.02e-01 +0.173  0.98 | 2.1e+00 3.7e+00 2.888e+00
#2738  3785   1 | 1.23e+00 4.27e-02 +0.379  0.97 | 1.10e+00 1.12e-01 +0.220  0.97 | 1.9e+00 4.2e+00 2.651e+00
#2739  3186   1 | 1.28e+00 1.57e-02 +0.168  1.00 | 1.08e+00 1.05e-01 +0.232  0.96 | 1.9e+00 4.1e+00 2.746e+00
#2740   868   1 | 5.96e-01 8.50e-02 +0.596  0.85 | 1.08e+00 5.95e-02 -0.055  1.01 | 1.4e+00 4.4e+00 1.488e+00
#2741  4433   1 | 1.05e+00 3.87e-02 +0.172  0.99 | 8.36e-01 8.77e-02 +0.212  0.97 | 1.6e+00 3.7e+00 1.761e+00
#2742  2487   1 | 1.30e+00 1.79e-02 -0.022  1.00 | 9.64e-01 1.08e-01 +0.087  0.99 | 1.9e+00 4.1e+00 2.604e+00
#2743  1218   1 | 8.22e-01 2.69e-01 +0.717  0.64 | 1.01e+00 1.04e-01 +0.165  0.98 | 1.5e+00 4.3e+00 1.433e+00
#2744   597   1 | 1.08e+00 2.48e-01 +0.533  0.81 | 9.68e-01 5.65e-02 -0.011  1.00 | 1.4e+00 4.3e+00 1.891e+00
#2745  4795   1 | 1.30e+00 2.05e-02 -0.280  1.01 | 9.27e-01 1.43e-01 +0.222  0.96 | 1.8e+00 4.4e+00 2.524e+00
#2746  2295   1 | 6.58e-01 5.97e-02 +0.044  1.00 | 1.07e+00 8.52e-02 +0.063  1.00 | 2.0e+00 3.6e+00 1.573e+00
#2747   795   1 | 9.71e-01 3.33e-02 +0.250  0.98 | 1.02e+00 5.42e-02 -0.055  1.01 | 1.5e+00 4.2e+00 1.974e+00
#2748  3316   1 | 7.90e-01 2.45e-02 -0.379  1.02 | 9.59e-01 1.12e-01 +0.235  0.96 | 2.1e+00 3.6e+00 1.520e+00
#2749   685   1 | 1.11e+00 8.78e-02 -0.119  1.03 | 9.82e-01 5.15e-02 -0.041  1.01 | 1.5e+00 3.9e+00 2.232e+00
#2750  1601   1 | 1.02e+00 5.93e-02 -0.162  1.02 | 9.92e-01 4.80e-02 -0.021  1.00 | 1.6e+00 3.9e+00 2.059e+00
#2751  4857   1 | 9.70e-01 2.68e-02 +0.041  1.00 | 1.03e+00 9.51e-02 +0.374  0.94 | 1.7e+00 3.7e+00 1.939e+00
#2752  2712   1 | 5.83e-01 4.19e-02 +0.210  0.98 | 1.05e+00 7.98e-02 +0.040  1.00 | 2.3e+00 3.7e+00 1.439e+00
#2753  2909   1 | 1.12e+00 6.50e-03 -0.512  1.01 | 1.05e+00 6.17e-02 +0.242  0.98 | 2.0e+00 3.6e+00 2.339e+00
#2754  1571   1 | 1.07e+00 1.48e-02 -0.432  1.01 | 1.03e+00 5.34e-02 +0.123  0.99 | 1.6e+00 3.9e+00 2.202e+00
#2755  2512   1 | 1.11e+00 1.87e-01 -0.276  1.12 | 1.06e+00 8.12e-02 -0.099  1.02 | 2.0e+00 3.8e+00 2.526e+00
#2756   655   1 | 1.32e+00 8.67e-02 +0.145  0.99 | 1.02e+00 6.41e-02 -0.077  1.01 | 1.6e+00 4.2e+00 2.765e+00
#2757  3917   1 | 8.41e-01 5.06e-02 +0.430  0.95 | 9.54e-01 1.04e-01 +0.247  0.96 | 1.9e+00 3.9e+00 1.545e+00
#2758  4928   1 | 8.71e-01 9.03e-02 +0.411  0.93 | 9.15e-01 9.42e-02 +0.200  0.97 | 1.8e+00 4.2e+00 1.514e+00
#2759  3606   1 | 7.34e-01 1.97e-02 -0.602  1.03 | 1.09e+00 8.40e-02 +0.176  0.98 | 2.0e+00 4.0e+00 1.715e+00
#2760  2161   1 | 4.71e-01 7.81e-03 -0.096  1.00 | 9.87e-01 9.88e-02 -0.022  1.01 | 2.0e+00 3.8e+00 1.211e+00
#2761   427   1 | 1.23e+00 1.73e-01 +0.774  0.80 | 9.89e-01 4.58e-02 +0.107  0.99 | 1.6e+00 3.6e+00 2.191e+00
#2762  3433   1 | 1.09e+00 5.87e-02 +0.154  0.99 | 9.80e-01 1.48e-01 +0.315  0.93 | 2.1e+00 4.6e+00 2.067e+00
#2763  1326   1 | 1.18e+00 4.76e-02 -0.452  1.04 | 9.58e-01 6.55e-02 +0.068  1.00 | 1.7e+00 4.0e+00 2.356e+00
#2764  1004   1 | 4.94e-01 2.88e-01 -0.040  1.39 | 1.12e+00 7.07e-02 +0.134  0.99 | 1.6e+00 4.4e+00 1.571e+00
#2765  4899   1 | 9.50e-01 4.25e-02 +0.819  0.93 | 9.51e-01 9.12e-02 +0.140  0.98 | 1.7e+00 3.9e+00 1.727e+00
#2766  4218   1 | 1.04e+00 4.01e-02 +0.273  0.98 | 1.02e+00 1.17e-01 +0.129  0.98 | 1.9e+00 4.1e+00 2.072e+00
#2767   658   1 | 7.28e-01 1.52e-01 +0.244  0.94 | 9.46e-01 5.63e-02 +0.039  1.00 | 1.6e+00 4.1e+00 1.393e+00
#2768  3139   1 | 1.03e+00 1.64e-02 +0.798  0.97 | 1.08e+00 7.31e-02 +0.173  0.98 | 1.8e+00 3.3e+00 2.181e+00
#2769  2333   1 | 5.14e-01 1.47e-01 -0.130  1.16 | 9.97e-01 1.20e-01 +0.020  1.01 | 2.0e+00 3.9e+00 1.309e+00
#2770  2197   1 | 9.72e-01 6.62e-02 -0.090  1.02 | 1.06e+00 1.03e-01 +0.021  1.01 | 2.0e+00 4.0e+00 2.086e+00
#2771   109   1 | 1.08e+00 9.40e-02 -0.159  1.04 | 9.97e-01 8.93e-02 +0.159  0.98 | 1.7e+00 4.0e+00 2.177e+00
#2772  4005   1 | 7.09e-01 5.12e-02 -0.089  1.02 | 1.00e+00 1.06e-01 +0.212  0.97 | 1.9e+00 4.0e+00 1.483e+00
#2773  3641   1 | 1.18e+00 1.03e-02 -0.026  1.00 | 9.11e-01 1.22e-01 +0.067  1.00 | 2.1e+00 3.8e+00 2.212e+00
#2774  3730   1 | 1.41e+00 1.37e-02 +0.577  0.99 | 1.01e+00 1.30e-01 +0.060  1.00 | 2.1e+00 4.3e+00 2.995e+00
#2775    76   1 | 1.12e+00 1.09e-02 -0.515  1.01 | 1.13e+00 6.10e-02 +0.055  1.00 | 1.7e+00 3.9e+00 2.554e+00
#2776  3629   1 | 5.75e-01 1.32e-01 +0.415  0.86 | 1.03e+00 1.69e-01 -0.081  1.05 | 2.1e+00 4.2e+00 1.401e+00
#2777  4128   1 | 9.82e-01 1.39e-01 +0.496  0.88 | 9.60e-01 1.17e-01 +0.134  0.98 | 2.0e+00 4.2e+00 1.754e+00
#2778  3174   1 | 1.03e+00 1.12e-01 -0.064  1.03 | 1.13e+00 1.50e-01 +0.127  0.98 | 2.1e+00 4.2e+00 2.347e+00
#2779  3527   1 | 1.29e+00 7.74e-02 +0.267  0.97 | 1.09e+00 1.39e-01 +0.166  0.97 | 1.9e+00 4.3e+00 2.785e+00
#2780  3561   1 | 1.67e+00 2.47e-02 +0.147  1.00 | 9.65e-01 1.26e-01 -0.064  1.03 | 2.0e+00 4.3e+00 3.725e+00
#2781   269   1 | 1.32e+00 6.70e-02 +0.660  0.94 | 1.12e+00 6.49e-02 -0.118  1.02 | 1.6e+00 3.9e+00 2.916e+00
#2782  3622   1 | 1.10e+00 4.13e-02 +0.177  0.99 | 1.08e+00 1.54e-01 +0.244  0.95 | 2.2e+00 4.1e+00 2.306e+00
#2783  4046   1 | 1.11e+00 1.33e-01 -0.676  1.18 | 9.75e-01 1.23e-01 -0.033  1.02 | 2.0e+00 3.8e+00 2.411e+00
#2784  1741   1 | 1.31e+00 9.90e-02 +0.656  0.91 | 1.04e+00 8.78e-02 +0.105  0.99 | 1.8e+00 3.7e+00 2.610e+00
#2785  4609   1 | 9.71e-01 7.55e-02 -0.104  1.02 | 1.06e+00 1.41e-01 +0.251  0.95 | 1.9e+00 4.4e+00 2.039e+00
#2786  1856   1 | 7.39e-01 2.09e-01 +0.310  0.90 | 9.49e-01 9.83e-02 -0.106  1.03 | 1.9e+00 3.7e+00 1.425e+00
#2787  1054   1 | 9.07e-01 1.33e-01 +0.114  0.99 | 9.18e-01 6.33e-02 -0.068  1.01 | 1.6e+00 4.0e+00 1.667e+00
#2788  4160   1 | 9.99e-01 4.52e-02 +0.133  0.99 | 8.61e-01 1.59e-01 +0.174  0.97 | 1.8e+00 4.4e+00 1.708e+00
#2789  4474   1 | 1.13e+00 9.32e-02 +0.031  1.00 | 1.01e+00 1.69e-01 +0.168  0.97 | 1.9e+00 4.5e+00 2.258e+00
#2790  1096   1 | 4.47e-01 1.85e-01 +0.093  1.09 | 1.00e+00 7.50e-02 +0.019  1.00 | 1.7e+00 4.1e+00 1.224e+00
#2791   951   1 | 1.20e+00 6.73e-02 +0.534  0.94 | 1.05e+00 4.80e-02 +0.091  0.99 | 1.6e+00 3.7e+00 2.475e+00
#2792  1588   1 | 8.54e-01 1.54e-01 +0.250  0.94 | 9.10e-01 1.13e-01 +0.104  0.99 | 1.6e+00 4.3e+00 1.506e+00
#2793  2245   1 | 9.61e-01 5.55e-03 -0.072  1.00 | 1.07e+00 1.44e-01 +0.090  0.99 | 1.9e+00 4.0e+00 2.072e+00
#2794  4619   1 | 1.37e+00 6.99e-02 +0.153  0.99 | 1.03e+00 1.12e-01 +0.177  0.97 | 1.7e+00 4.3e+00 2.886e+00
#2795   525   1 | 1.08e+00 8.16e-02 +0.806  0.88 | 1.04e+00 6.18e-02 -0.056  1.01 | 1.6e+00 4.6e+00 2.129e+00
#2796  1494   1 | 1.17e+00 1.90e-01 +0.493  0.87 | 1.17e+00 5.13e-02 +0.053  1.00 | 1.6e+00 4.0e+00 2.547e+00
#2797  4327   1 | 6.24e-01 6.63e-02 -0.121  1.04 | 1.03e+00 8.05e-02 +0.346  0.95 | 1.8e+00 3.5e+00 1.411e+00
#2798  4242   1 | 1.29e+00 5.69e-02 -0.133  1.01 | 1.01e+00 1.33e-01 +0.077  1.00 | 1.8e+00 4.5e+00 2.700e+00
#2799  4393   1 | 1.09e+00 1.63e-02 +0.124  1.00 | 9.37e-01 6.46e-02 +0.165  0.98 | 1.8e+00 3.9e+00 2.045e+00
#2800  4421   1 | 5.66e-01 1.31e-01 -0.197  1.14 | 9.77e-01 1.08e-01 +0.397  0.92 | 1.9e+00 3.8e+00 1.249e+00
#2801  4087   1 | 1.09e+00 6.81e-02 -0.030  1.01 | 9.70e-01 1.16e-01 +0.016  1.01 | 2.0e+00 3.8e+00 2.137e+00
#2802  1142   1 | 1.35e+00 1.04e-01 +0.699  0.90 | 1.00e+00 2.68e-02 +0.004  1.00 | 1.6e+00 4.1e+00 2.633e+00
#2803  1184   1 | 8.24e-01 1.89e-01 -0.407  1.24 | 9.42e-01 4.54e-02 +0.007  1.00 | 1.7e+00 4.0e+00 1.729e+00
#2804  1986   1 | 1.11e+00 5.53e-02 -0.707  1.07 | 1.02e+00 9.51e-02 +0.015  1.01 | 2.0e+00 3.5e+00 2.353e+00
#2805  3434   1 | 9.87e-01 2.54e-02 -0.388  1.02 | 1.07e+00 9.44e-02 +0.034  1.00 | 2.1e+00 3.8e+00 2.152e+00
#2806  3151   1 | 1.07e+00 8.37e-02 +0.404  0.94 | 9.93e-01 6.77e-02 +0.188  0.98 | 1.9e+00 4.0e+00 2.050e+00
#2807  4596   1 | 1.15e+00 4.51e-03 +0.284  1.00 | 9.88e-01 1.10e-01 +0.044  1.00 | 1.9e+00 3.8e+00 2.294e+00
#2808  3035   1 | 1.14e+00 1.70e-01 +0.022  1.02 | 9.43e-01 1.42e-01 +0.106  0.99 | 1.9e+00 4.1e+00 2.208e+00
#2809  1731   1 | 5.55e-01 4.70e-03 +0.174  1.00 | 1.04e+00 1.25e-01 +0.130  0.98 | 1.8e+00 4.7e+00 1.375e+00
#2810  4454   1 | 9.79e-01 6.05e-02 -0.705  1.09 | 1.04e+00 9.27e-02 +0.070  1.00 | 1.7e+00 3.8e+00 2.128e+00
#2811  3370   1 | 1.01e+00 1.77e-01 +0.676  0.79 | 9.45e-01 1.43e-01 +0.078  1.00 | 2.0e+00 4.2e+00 1.709e+00
#2812   619   1 | 8.21e-01 3.52e-01 +0.723  0.56 | 1.01e+00 1.12e-01 +0.201  0.97 | 1.7e+00 4.7e+00 1.374e+00
#2813   704   1 | 6.23e-01 2.16e-01 +0.125  1.03 | 1.03e+00 5.74e-02 -0.108  1.02 | 1.7e+00 4.3e+00 1.476e+00
#2814  3316   1 | 1.07e+00 1.93e-01 +0.151  0.98 | 9.97e-01 1.13e-01 +0.056  1.00 | 2.1e+00 3.9e+00 2.113e+00
#2815  2848   1 | 8.63e-01 3.89e-02 +0.245  0.98 | 9.10e-01 1.33e-01 +0.091  0.99 | 2.2e+00 3.7e+00 1.553e+00
#2816  4622   1 | 9.71e-01 3.52e-02 +0.031  1.00 | 1.03e+00 6.62e-02 +0.074  0.99 | 1.7e+00 3.6e+00 2.002e+00
#2817  1363   1 | 5.12e-01 2.70e-01 -0.121  1.40 | 9.97e-01 1.19e-01 +0.120  0.99 | 1.8e+00 4.2e+00 1.348e+00
#2818  4441   1 | 9.09e-01 2.33e-01 +0.798  0.66 | 9.51e-01 1.39e-01 +0.125  0.98 | 1.8e+00 4.5e+00 1.432e+00
#2819  4417   1 | 5.75e-01 6.33e-03 -0.114  1.00 | 1.05e+00 8.40e-02 +0.102  0.99 | 1.9e+00 3.5e+00 1.429e+00
#2820  4734   1 | 8.08e-01 1.40e-01 +0.402  0.89 | 9.42e-01 8.05e-02 +0.097  0.99 | 1.8e+00 4.1e+00 1.460e+00
#2821  2052   1 | 9.60e-01 2.22e-02 +0.517  0.98 | 1.07e+00 1.30e-01 +0.074  1.00 | 2.3e+00 4.3e+00 2.051e+00
#2822  4708   1 | 8.78e-01 1.29e-01 +0.391  0.91 | 9.15e-01 9.77e-02 +0.140  0.98 | 1.8e+00 4.3e+00 1.521e+00
#2823  1023   1 | 1.04e+00 5.24e-02 -0.267  1.03 | 1.02e+00 4.51e-02 +0.157  0.99 | 1.7e+00 4.0e+00 2.146e+00
#2824   484   1 | 1.13e+00 3.11e-01 -0.381  1.28 | 1.05e+00 6.53e-02 +0.160  0.98 | 2.0e+00 3.6e+00 2.740e+00
#2825  1516   1 | 1.18e+00 2.72e-01 -0.454  1.26 | 9.58e-01 6.52e-02 +0.005  1.00 | 1.7e+00 4.1e+00 2.675e+00
#2826  1667   1 | 1.38e+00 1.93e-01 -0.160  1.06 | 1.03e+00 6.69e-02 +0.075  0.99 | 1.8e+00 3.8e+00 3.075e+00
#2827  2852   1 | 1.01e+00 2.31e-01 +0.666  0.75 | 9.45e-01 1.41e-01 +0.047  1.01 | 2.1e+00 4.6e+00 1.657e+00
#2828  1648   1 | 1.05e+00 2.45e-01 +0.805  0.68 | 1.08e+00 9.24e-02 +0.058  1.00 | 1.7e+00 4.4e+00 1.915e+00
#2829  1841   1 | 5.70e-01 1.42e-02 +0.215  0.99 | 9.77e-01 1.18e-01 +0.005  1.01 | 2.1e+00 4.3e+00 1.289e+00
#2830  4842   1 | 4.92e-01 9.74e-02 -0.039  1.05 | 1.12e+00 8.16e-02 +0.306  0.96 | 1.9e+00 3.8e+00 1.454e+00
#2831    60   1 | 7.38e-01 4.45e-02 -0.329  1.04 | 9.49e-01 7.96e-02 +0.036  1.00 | 1.8e+00 3.9e+00 1.470e+00
#2832  3080   1 | 1.08e+00 1.30e-01 +0.530  0.89 | 9.68e-01 1.31e-01 +0.126  0.98 | 2.3e+00 4.6e+00 1.950e+00
#2833  2051   1 | 1.10e+00 8.33e-02 +0.129  0.99 | 9.82e-01 8.78e-02 +0.109  0.99 | 2.4e+00 3.9e+00 2.156e+00
#2834   655   1 | 1.35e+00 4.37e-02 -0.676  1.04 | 1.00e+00 6.76e-02 +0.027  1.00 | 1.7e+00 4.5e+00 2.901e+00
#2835  2690   1 | 1.00e+00 6.29e-02 -0.170  1.03 | 8.61e-01 8.31e-02 +0.094  0.99 | 2.4e+00 3.5e+00 1.761e+00
#2836  2517   1 | 1.20e+00 4.81e-02 +0.513  0.96 | 1.05e+00 5.48e-02 +0.204  0.98 | 2.4e+00 3.3e+00 2.467e+00
#2837  3764   1 | 1.04e+00 3.55e-02 +0.521  0.97 | 1.03e+00 1.04e-01 +0.031  1.00 | 2.5e+00 3.8e+00 2.117e+00
#2838  3124   1 | 1.12e+00 1.37e-01 +0.691  0.85 | 9.75e-01 8.80e-02 +0.067  1.00 | 2.3e+00 4.3e+00 2.016e+00
#2839  1694   1 | 5.55e-01 1.73e-01 +0.490  0.79 | 1.04e+00 1.01e-01 -0.003  1.01 | 1.9e+00 4.1e+00 1.341e+00
#2840  3122   1 | 6.59e-01 1.05e-01 -0.011  1.03 | 1.07e+00 7.48e-02 -0.045  1.01 | 2.3e+00 3.8e+00 1.603e+00
#2841  4692   1 | 5.32e-01 2.75e-02 -0.412  1.05 | 1.03e+00 8.65e-02 +0.309  0.96 | 1.9e+00 4.1e+00 1.306e+00
#2842  2948   1 | 1.10e+00 1.21e-01 +0.120  0.99 | 9.37e-01 9.27e-02 +0.138  0.98 | 2.3e+00 3.9e+00 2.049e+00
#2843  1254   1 | 9.64e-01 8.23e-02 -0.100  1.02 | 1.06e+00 5.58e-02 +0.074  0.99 | 1.9e+00 3.7e+00 2.078e+00
#2844  3496   1 | 1.05e+00 3.90e-02 +0.794  0.94 | 1.04e+00 7.76e-02 +0.112  0.99 | 2.3e+00 3.9e+00 2.107e+00
#2845  3671   1 | 7.36e-01 2.58e-01 -0.584  1.53 | 1.09e+00 1.12e-01 +0.275  0.95 | 2.6e+00 3.9e+00 1.958e+00
#2846   412   1 | 1.08e+00 6.14e-02 +0.345  0.96 | 9.93e-01 5.17e-02 -0.084  1.01 | 1.8e+00 4.3e+00 2.124e+00
#2847  2744   1 | 1.11e+00 2.57e-02 +0.507  0.98 | 1.13e+00 8.29e-02 +0.171  0.98 | 2.6e+00 3.8e+00 2.464e+00
#2848  4635   1 | 1.06e+00 2.66e-01 -0.032  1.08 | 9.70e-01 1.39e-01 +0.281  0.94 | 2.1e+00 4.7e+00 2.104e+00
#2849  2215   1 | 9.72e-01 2.11e-02 +0.150  0.99 | 1.06e+00 1.03e-01 +0.048  1.00 | 2.1e+00 4.2e+00 2.058e+00
#2850  2429   1 | 1.23e+00 7.48e-02 -0.773  1.10 | 9.89e-01 7.22e-02 +0.064  1.00 | 2.2e+00 3.6e+00 2.627e+00
#2851  2761   1 | 7.80e-01 5.10e-02 +0.330  0.96 | 9.59e-01 8.82e-02 +0.097  0.99 | 2.3e+00 3.7e+00 1.495e+00
#2852  3502   1 | 1.30e+00 3.93e-02 +0.037  1.00 | 9.64e-01 1.05e-01 +0.093  0.99 | 2.1e+00 4.0e+00 2.610e+00
#2853  4894   1 | 1.00e+00 5.61e-03 -0.349  1.00 | 1.13e+00 1.19e-01 +0.124  0.99 | 1.9e+00 4.1e+00 2.271e+00
#2854  1693   1 | 1.11e+00 6.46e-02 -0.108  1.02 | 9.80e-01 9.09e-02 +0.053  1.00 | 1.8e+00 3.5e+00 2.215e+00
#2855  1597   1 | 1.11e+00 1.43e-02 +0.733  0.98 | 1.02e+00 6.69e-02 -0.088  1.02 | 1.7e+00 3.7e+00 2.254e+00
#2856  1671   1 | 7.29e-01 8.59e-02 -0.253  1.07 | 9.46e-01 8.88e-02 -0.001  1.01 | 1.6e+00 3.8e+00 1.473e+00
#2857  1434   1 | 1.30e+00 6.70e-02 -0.264  1.03 | 9.27e-01 1.14e-01 +0.024  1.01 | 1.6e+00 4.2e+00 2.595e+00
#2858   538   1 | 4.46e-01 2.75e-02 -0.084  1.01 | 1.00e+00 1.26e-01 +0.027  1.01 | 1.6e+00 4.1e+00 1.214e+00
#2859   163   1 | 1.03e+00 3.06e-02 +0.192  0.99 | 9.92e-01 7.62e-02 +0.190  0.98 | 1.5e+00 4.1e+00 2.001e+00
#2860  2015   1 | 1.22e+00 2.27e-02 +0.412  0.99 | 1.10e+00 1.25e-01 +0.078  1.00 | 1.9e+00 3.9e+00 2.687e+00
#2861  2164   1 | 7.03e-01 7.72e-02 -0.078  1.03 | 1.00e+00 1.59e-01 -0.039  1.04 | 2.1e+00 4.2e+00 1.551e+00
#2862  2469   1 | 1.30e+00 2.93e-02 +0.069  1.00 | 1.09e+00 1.01e-01 +0.076  0.99 | 2.1e+00 3.6e+00 2.882e+00
#2863   459   1 | 1.29e+00 1.09e-01 -0.032  1.01 | 1.08e+00 9.96e-02 +0.152  0.98 | 1.6e+00 3.7e+00 2.835e+00
#2864  2134   1 | 4.71e-01 1.12e-02 -0.132  1.01 | 9.87e-01 1.02e-01 +0.179  0.97 | 2.0e+00 4.0e+00 1.172e+00
#2865  4826   1 | 1.15e+00 3.60e-02 -0.082  1.01 | 9.43e-01 1.13e-01 +0.228  0.96 | 1.7e+00 3.8e+00 2.185e+00
#2866  2960   1 | 1.66e+00 6.37e-02 +0.139  0.99 | 9.65e-01 9.38e-02 -0.146  1.04 | 2.1e+00 3.7e+00 3.695e+00
#2867  2634   1 | 1.20e+00 6.38e-02 +0.246  0.98 | 9.11e-01 9.87e-02 +0.113  0.99 | 2.0e+00 3.8e+00 2.223e+00
#2868  2961   1 | 9.68e-01 5.77e-02 +0.448  0.95 | 9.60e-01 1.45e-01 +0.108  0.99 | 2.1e+00 4.3e+00 1.803e+00
#2869  3527   1 | 1.41e+00 1.04e-01 +0.554  0.92 | 1.01e+00 1.24e-01 +0.153  0.98 | 1.9e+00 3.8e+00 2.836e+00
#2870  3501   1 | 9.12e-01 1.15e-01 +0.147  0.98 | 9.18e-01 1.06e-01 +0.065  1.00 | 2.0e+00 3.8e+00 1.654e+00
#2871  2984   1 | 9.71e-01 3.24e-02 -0.248  1.02 | 1.02e+00 1.06e-01 -0.085  1.03 | 2.0e+00 3.7e+00 2.025e+00
#2872  4502   1 | 1.04e+00 1.91e-01 -0.213  1.11 | 8.36e-01 9.87e-02 +0.363  0.93 | 1.7e+00 3.7e+00 1.860e+00
#2873  3928   1 | 1.13e+00 5.18e-02 +0.050  1.00 | 9.88e-01 1.42e-01 +0.078  1.00 | 1.9e+00 4.2e+00 2.244e+00
#2874  1763   1 | 1.12e+00 6.52e-02 -0.001  1.00 | 1.01e+00 8.59e-02 +0.039  1.00 | 1.7e+00 3.9e+00 2.278e+00
#2875   635   1 | 1.32e+00 8.45e-02 +0.685  0.92 | 1.12e+00 4.94e-02 +0.064  1.00 | 1.5e+00 4.1e+00 2.856e+00
#2876  2547   1 | 1.30e+00 3.53e-02 +0.185  0.99 | 1.01e+00 1.01e-01 +0.077  0.99 | 2.2e+00 4.0e+00 2.702e+00
#2877  2576   1 | 9.97e-01 2.97e-02 +0.370  0.98 | 1.07e+00 1.16e-01 +0.050  1.00 | 2.2e+00 4.1e+00 2.129e+00
#2878  1268   1 | 1.32e+00 1.81e-02 -0.055  1.00 | 1.02e+00 7.19e-02 +0.059  1.00 | 1.6e+00 4.4e+00 2.775e+00
#2879  2504   1 | 8.30e-01 2.78e-02 +0.380  0.98 | 9.54e-01 8.52e-02 +0.272  0.96 | 2.2e+00 3.4e+00 1.545e+00
#2880  2112   1 | 6.01e-01 6.23e-02 +0.579  0.89 | 1.08e+00 1.04e-01 +0.177  0.98 | 2.1e+00 3.8e+00 1.467e+00
#2881   694   1 | 1.17e+00 2.33e-02 +0.514  0.98 | 1.17e+00 3.15e-02 +0.100  1.00 | 1.6e+00 4.0e+00 2.701e+00
#2882   188   1 | 1.31e+00 1.62e-01 +0.650  0.85 | 1.04e+00 5.84e-02 +0.131  0.99 | 1.6e+00 3.9e+00 2.525e+00
#2883  2741   1 | 1.11e+00 5.55e-02 -0.304  1.03 | 1.06e+00 1.15e-01 -0.072  1.03 | 2.2e+00 4.1e+00 2.427e+00
#2884   736   1 | 1.10e+00 2.27e-02 -0.134  1.01 | 1.08e+00 2.95e-02 -0.009  1.00 | 1.6e+00 4.6e+00 2.381e+00
#2885  2834   1 | 9.82e-01 7.99e-02 +0.702  0.89 | 1.04e+00 5.86e-02 +0.016  1.00 | 2.2e+00 3.6e+00 1.948e+00
#2886  3935   1 | 5.77e-01 4.90e-02 -0.215  1.04 | 9.77e-01 1.19e-01 +0.356  0.93 | 2.0e+00 4.0e+00 1.234e+00
#2887  1915   1 | 8.23e-01 1.77e-02 -0.682  1.03 | 1.01e+00 6.35e-02 -0.042  1.01 | 2.3e+00 3.7e+00 1.734e+00
#2888  4585   1 | 1.06e+00 1.84e-01 -0.021  1.04 | 9.70e-01 1.39e-01 +0.237  0.95 | 2.0e+00 4.5e+00 2.072e+00
#2889  3052   1 | 1.03e+00 3.69e-01 +0.801  0.55 | 1.08e+00 1.06e-01 -0.017  1.01 | 2.2e+00 4.1e+00 1.778e+00
#2890   132   1 | 1.30e+00 6.54e-02 -0.260  1.03 | 9.27e-01 3.65e-02 +0.117  0.99 | 1.7e+00 4.0e+00 2.581e+00
#2891     2   1 | 1.12e+00 1.42e-01 +0.481  0.89 | 1.13e+00 4.10e-02 +0.035  1.00 | 1.8e+00 3.5e+00 2.410e+00
#2892  1397   1 | 1.02e+00 2.20e-02 +0.037  1.00 | 1.13e+00 4.37e-02 +0.134  0.99 | 1.8e+00 4.2e+00 2.306e+00
#2893   363   1 | 1.21e+00 3.31e-02 +0.292  0.98 | 9.11e-01 2.94e-02 +0.075  1.00 | 1.9e+00 3.3e+00 2.265e+00
#2894  1594   1 | 1.30e+00 2.08e-02 -0.270  1.01 | 1.09e+00 5.94e-02 +0.153  0.99 | 2.0e+00 3.9e+00 2.900e+00
#2895  3455   1 | 1.18e+00 7.66e-02 -0.515  1.07 | 1.05e+00 7.92e-02 +0.079  0.99 | 2.4e+00 4.1e+00 2.589e+00
#2896  4459   1 | 4.68e-01 9.99e-02 -0.098  1.09 | 9.87e-01 6.88e-02 +0.336  0.96 | 2.2e+00 3.8e+00 1.172e+00
#2897  4979   1 | 1.17e+00 1.51e-01 -0.697  1.20 | 9.75e-01 8.60e-02 +0.088  0.99 | 2.1e+00 4.3e+00 2.579e+00
#2898   718   1 | 7.38e-01 1.09e-01 +0.300  0.93 | 9.49e-01 3.47e-02 +0.116  0.99 | 1.8e+00 3.5e+00 1.403e+00
#2899  1961   1 | 1.14e+00 1.34e-02 -0.029  1.00 | 9.88e-01 8.01e-02 +0.030  1.00 | 2.4e+00 4.1e+00 2.278e+00
#2900  2320   1 | 1.34e+00 1.10e-01 +0.693  0.89 | 1.00e+00 5.44e-02 +0.036  1.00 | 2.2e+00 3.5e+00 2.613e+00
#2901  2726   1 | 1.00e+00 2.54e-01 +0.141  0.99 | 8.61e-01 7.91e-02 +0.207  0.97 | 2.5e+00 4.1e+00 1.713e+00
#2902  3981   1 | 1.23e+00 3.28e-02 -0.308  1.02 | 1.10e+00 1.11e-01 +0.162  0.98 | 2.1e+00 4.8e+00 2.737e+00
#2903  3883   1 | 9.86e-01 2.26e-02 +0.536  0.98 | 1.07e+00 9.05e-02 +0.220  0.97 | 2.3e+00 3.4e+00 2.068e+00
#2904  4614   1 | 1.32e+00 4.98e-02 +0.179  0.99 | 1.01e+00 7.25e-02 +0.147  0.98 | 2.1e+00 3.6e+00 2.724e+00
#2905  3259   1 | 9.87e-01 1.36e-01 -0.702  1.21 | 1.04e+00 7.23e-02 +0.177  0.98 | 2.4e+00 3.7e+00 2.245e+00
#2906   584   1 | 7.71e-01 1.65e-01 +0.337  0.90 | 9.59e-01 5.38e-02 +0.063  1.00 | 1.8e+00 3.8e+00 1.451e+00
#2907   671   1 | 1.32e+00 1.77e-01 -0.664  1.20 | 1.12e+00 6.23e-02 +0.048  1.00 | 1.9e+00 4.0e+00 3.346e+00
#2908  4635   1 | 9.70e-01 1.41e-01 -0.095  1.05 | 1.06e+00 1.34e-01 +0.282  0.94 | 2.1e+00 4.3e+00 2.057e+00
#2909   567   1 | 1.04e+00 2.74e-02 -0.152  1.01 | 8.36e-01 8.20e-02 -0.051  1.02 | 1.8e+00 3.9e+00 1.807e+00
#2910  1407   1 | 1.11e+00 9.84e-02 -0.291  1.06 | 1.06e+00 1.16e-01 -0.086  1.03 | 2.0e+00 3.9e+00 2.455e+00
#2911  4300   1 | 1.33e+00 2.68e-01 -0.158  1.10 | 1.02e+00 1.56e-01 +0.155  0.98 | 1.9e+00 4.6e+00 2.956e+00
#2912  4065   1 | 1.07e+00 5.48e-02 +0.155  0.99 | 9.82e-01 1.16e-01 +0.088  0.99 | 1.9e+00 4.2e+00 2.081e+00
#2913  4512   1 | 1.05e+00 3.60e-01 +0.275  0.93 | 1.02e+00 1.07e-01 +0.036  1.00 | 1.9e+00 3.8e+00 2.064e+00
#2914  4418   1 | 1.30e+00 1.27e-02 -0.092  1.00 | 9.64e-01 1.43e-01 +0.123  0.99 | 1.9e+00 4.0e+00 2.613e+00
#2915  4088   1 | 1.39e+00 8.09e-02 +0.171  0.98 | 1.03e+00 1.18e-01 +0.102  0.99 | 2.0e+00 3.8e+00 2.960e+00
#2916  1866   1 | 8.26e-01 2.38e-02 -0.452  1.03 | 9.42e-01 1.06e-01 +0.122  0.99 | 2.1e+00 3.7e+00 1.574e+00
#2917    77   1 | 9.23e-01 1.04e-01 +0.813  0.83 | 9.51e-01 1.31e-01 +0.034  1.01 | 1.7e+00 4.0e+00 1.619e+00
#2918  2149   1 | 8.91e-01 7.40e-02 -0.414  1.08 | 9.15e-01 1.24e-01 -0.041  1.03 | 2.0e+00 4.0e+00 1.716e+00
#2919  3944   1 | 9.56e-01 9.23e-02 -0.034  1.02 | 1.03e+00 1.05e-01 +0.113  0.99 | 2.0e+00 3.9e+00 1.980e+00
#2920  4779   1 | 5.30e-01 3.98e-02 +0.364  0.95 | 1.03e+00 1.24e-01 +0.044  1.00 | 1.7e+00 4.0e+00 1.329e+00
#2921   655   1 | 1.02e+00 6.09e-02 -0.173  1.02 | 9.92e-01 8.96e-02 +0.132  0.98 | 1.5e+00 3.6e+00 2.044e+00
#2922  4748   1 | 1.30e+00 4.13e-03 +0.015  1.00 | 1.08e+00 1.12e-01 +0.339  0.94 | 1.7e+00 3.6e+00 2.800e+00
#2923  1053   1 | 1.08e+00 1.53e-01 +0.389  0.91 | 9.93e-01 1.06e-01 -0.172  1.05 | 1.5e+00 3.6e+00 2.096e+00
#2924   405   1 | 1.12e+00 2.20e-02 -0.059  1.00 | 1.01e+00 6.84e-02 -0.066  1.01 | 1.6e+00 3.6e+00 2.290e+00
#2925  1608   1 | 9.99e-01 3.84e-03 -0.102  1.00 | 9.45e-01 1.26e-01 +0.136  0.98 | 1.5e+00 4.5e+00 1.876e+00
#2926  3452   1 | 7.14e-01 1.20e-01 +0.097  1.00 | 1.00e+00 8.43e-02 +0.012  1.01 | 1.8e+00 3.3e+00 1.517e+00
#2927   243   1 | 1.09e+00 6.99e-02 +0.119  0.99 | 9.37e-01 7.71e-02 +0.085  0.99 | 1.5e+00 3.6e+00 2.041e+00
#2928  3592   1 | 6.47e-01 4.73e-02 +0.136  0.99 | 1.03e+00 1.23e-01 +0.135  0.98 | 2.2e+00 3.8e+00 1.452e+00
#2929   623   1 | 1.31e+00 1.69e-01 +0.653  0.85 | 1.04e+00 7.54e-02 +0.130  0.99 | 1.5e+00 3.7e+00 2.511e+00
#2930  3718   1 | 1.07e+00 6.99e-03 -0.158  1.00 | 9.97e-01 9.73e-02 +0.141  0.98 | 2.2e+00 4.2e+00 2.115e+00
#2931  1362   1 | 5.97e-01 3.69e-02 -0.584  1.08 | 1.08e+00 1.31e-01 +0.017  1.01 | 1.6e+00 4.1e+00 1.571e+00
#2932  2766   1 | 9.66e-01 2.03e-02 -0.513  1.02 | 9.60e-01 9.56e-02 +0.119  0.99 | 2.0e+00 3.4e+00 1.862e+00
#2933   361   1 | 4.94e-01 2.11e-02 -0.115  1.01 | 1.12e+00 8.70e-02 +0.186  0.98 | 1.5e+00 3.8e+00 1.467e+00
#2934  1455   1 | 4.47e-01 9.40e-02 +0.092  1.01 | 1.00e+00 9.75e-02 +0.102  0.99 | 1.6e+00 3.9e+00 1.193e+00
#2935  2276   1 | 5.58e-01 7.35e-03 -0.483  1.01 | 1.04e+00 1.08e-01 -0.110  1.03 | 1.9e+00 3.8e+00 1.438e+00
#2936  1322   1 | 1.15e+00 2.28e-03 -0.302  1.00 | 9.43e-01 1.06e-01 +0.018  1.01 | 1.7e+00 3.8e+00 2.211e+00
#2937  3783   1 | 1.18e+00 9.63e-02 -0.472  1.08 | 9.58e-01 1.37e-01 +0.119  0.99 | 2.0e+00 4.2e+00 2.414e+00
#2938  4106   1 | 8.79e-01 6.34e-02 +0.271  0.97 | 9.10e-01 9.81e-02 +0.046  1.00 | 1.7e+00 3.9e+00 1.577e+00
#2939  3505   1 | 5.23e-01 6.73e-02 -0.130  1.05 | 9.97e-01 1.34e-01 +0.214  0.96 | 1.8e+00 4.5e+00 1.242e+00
#2940   133   1 | 1.40e+00 2.21e-01 -0.601  1.21 | 1.01e+00 8.41e-02 +0.070  1.00 | 1.5e+00 3.9e+00 3.408e+00
#2941   342   1 | 1.10e+00 1.60e-02 -0.062  1.00 | 1.08e+00 1.03e-01 -0.104  1.03 | 1.6e+00 3.9e+00 2.409e+00
#2942  2340   1 | 1.23e+00 4.19e-03 -0.483  1.00 | 9.89e-01 1.84e-01 +0.055  1.01 | 2.0e+00 4.6e+00 2.504e+00
#2943  3288   1 | 1.08e+00 1.33e-02 -0.516  1.01 | 9.68e-01 9.52e-02 +0.157  0.98 | 1.8e+00 3.7e+00 2.088e+00
#2944  3482   1 | 9.86e-01 1.16e-02 +0.399  0.99 | 1.07e+00 1.58e-01 +0.087  1.00 | 1.8e+00 4.2e+00 2.114e+00
#2945   456   1 | 1.11e+00 1.19e-02 -0.020  1.00 | 9.80e-01 1.04e-01 +0.044  1.00 | 1.5e+00 3.8e+00 2.204e+00
#2946  4873   1 | 1.12e+00 2.73e-02 -0.725  1.04 | 1.02e+00 1.49e-01 +0.388  0.91 | 1.5e+00 4.2e+00 2.246e+00
#2947  3634   1 | 6.59e-01 7.48e-03 -0.013  1.00 | 1.07e+00 9.99e-02 +0.083  0.99 | 2.1e+00 3.6e+00 1.570e+00
#2948  3601   1 | 1.05e+00 2.07e-03 +0.116  1.00 | 1.03e+00 7.22e-02 -0.014  1.01 | 1.9e+00 4.0e+00 2.163e+00
#2949   408   1 | 5.78e-01 5.08e-03 -0.057  1.00 | 1.05e+00 7.98e-02 +0.146  0.98 | 1.4e+00 4.0e+00 1.424e+00
#2950  3562   1 | 1.17e+00 2.55e-03 +0.616  1.00 | 1.17e+00 1.12e-01 +0.242  0.96 | 1.8e+00 4.1e+00 2.671e+00
#2951  1412   1 | 9.71e-01 2.30e-02 -0.254  1.01 | 1.02e+00 7.12e-02 -0.025  1.01 | 1.4e+00 3.8e+00 1.999e+00
#2952  1923   1 | 7.29e-01 1.95e-02 +0.205  0.99 | 9.46e-01 1.14e-01 +0.012  1.01 | 1.9e+00 4.0e+00 1.432e+00
#2953  4078   1 | 1.04e+00 4.34e-03 -0.879  1.01 | 1.04e+00 1.22e-01 +0.177  0.97 | 1.8e+00 4.1e+00 2.141e+00
#2954  3257   1 | 8.38e-01 3.18e-02 -0.385  1.03 | 9.54e-01 1.10e-01 +0.114  0.99 | 1.8e+00 4.0e+00 1.621e+00
#2955  4581   1 | 9.05e-01 3.22e-02 +0.110  0.99 | 9.18e-01 1.50e-01 +0.197  0.96 | 1.5e+00 4.1e+00 1.625e+00
#2956  4183   1 | 1.10e+00 2.31e-02 -0.278  1.01 | 1.05e+00 1.75e-01 +0.329  0.92 | 1.7e+00 4.5e+00 2.250e+00
#2957  3049   1 | 9.79e-01 1.41e-02 -0.089  1.00 | 1.06e+00 9.40e-02 +0.028  1.00 | 1.6e+00 3.6e+00 2.083e+00
#2958  4939   1 | 6.84e-01 2.47e-02 +0.550  0.96 | 1.09e+00 1.11e-01 +0.021  1.01 | 1.5e+00 3.7e+00 1.641e+00
#2959   902   1 | 1.65e+00 8.20e-02 +0.141  0.99 | 9.65e-01 8.91e-02 -0.150  1.04 | 1.3e+00 3.9e+00 3.669e+00
#2960  2312   1 | 1.08e+00 1.21e-02 +0.137  1.00 | 9.93e-01 9.71e-02 +0.041  1.00 | 1.7e+00 3.9e+00 2.146e+00
#2961  4117   1 | 1.11e+00 1.73e-02 -0.712  1.02 | 9.75e-01 1.05e-01 +0.093  0.99 | 1.5e+00 3.9e+00 2.198e+00
#2962  4683   1 | 1.65e+00 6.26e-03 +0.247  1.00 | 9.65e-01 1.20e-01 +0.279  0.95 | 1.4e+00 3.9e+00 3.592e+00
#2963  2514   1 | 1.08e+00 6.97e-03 -0.685  1.01 | 9.68e-01 1.17e-01 +0.018  1.01 | 1.8e+00 4.6e+00 2.123e+00
#2964  2181   1 | 1.04e+00 1.21e-02 +0.775  0.98 | 1.08e+00 1.10e-01 -0.100  1.03 | 1.5e+00 3.5e+00 2.280e+00
#2965  2109   1 | 6.01e-01 3.05e-03 +0.201  1.00 | 1.08e+00 1.25e-01 +0.054  1.00 | 1.7e+00 3.9e+00 1.536e+00
#2966  2709   1 | 1.07e+00 3.44e-03 +0.105  1.00 | 1.04e+00 1.55e-01 -0.092  1.05 | 2.0e+00 4.3e+00 2.280e+00
#2967  4781   1 | 6.87e-01 9.91e-03 +0.339  0.99 | 1.09e+00 1.17e-01 +0.187  0.97 | 1.5e+00 4.1e+00 1.617e+00
#2968  4277   1 | 1.30e+00 4.39e-02 +0.234  0.99 | 9.27e-01 1.18e-01 +0.309  0.94 | 1.4e+00 4.2e+00 2.465e+00
#2969  4870   1 | 1.29e+00 1.75e-02 +0.111  1.00 | 9.64e-01 1.07e-01 +0.228  0.96 | 1.3e+00 4.0e+00 2.548e+00
#2970  2278   1 | 1.20e+00 5.06e-02 +0.262  0.98 | 9.11e-01 1.58e-01 -0.030  1.04 | 1.5e+00 4.1e+00 2.280e+00
#2971  4011   1 | 5.17e-01 2.71e-03 +0.312  1.00 | 9.97e-01 9.76e-02 +0.056  1.00 | 1.5e+00 3.9e+00 1.259e+00
#2972  3396   1 | 1.13e+00 2.95e-02 -0.025  1.00 | 1.01e+00 1.30e-01 +0.218  0.96 | 1.8e+00 4.3e+00 2.248e+00
#2973  3839   1 | 1.29e+00 1.09e-02 +0.518  0.99 | 1.12e+00 1.11e-01 +0.200  0.97 | 1.8e+00 4.2e+00 2.867e+00
#2974  3432   1 | 8.45e-01 2.67e-02 +0.429  0.97 | 9.42e-01 1.34e-01 +0.153  0.98 | 1.7e+00 4.4e+00 1.563e+00
#2975   744   1 | 1.08e+00 1.04e-01 +0.143  0.98 | 9.97e-01 4.75e-02 +0.207  0.98 | 1.3e+00 3.9e+00 2.116e+00
#2976  2531   1 | 9.71e-01 1.27e-02 -0.254  1.01 | 1.02e+00 9.18e-02 +0.065  1.00 | 1.8e+00 4.1e+00 1.981e+00
#2977  2181   1 | 4.95e-01 8.49e-03 -0.389  1.01 | 1.12e+00 1.28e-01 +0.139  0.98 | 1.5e+00 4.1e+00 1.473e+00
#2978  3944   1 | 7.54e-01 2.72e-02 -0.268  1.02 | 9.49e-01 8.05e-02 +0.012  1.01 | 1.7e+00 3.6e+00 1.486e+00
#2979   828   1 | 1.07e+00 1.20e-02 -0.509  1.01 | 1.03e+00 5.70e-02 -0.093  1.01 | 1.3e+00 3.9e+00 2.230e+00
#2980  3952   1 | 1.10e+00 1.54e-02 +0.014  1.00 | 1.08e+00 9.37e-02 +0.287  0.96 | 1.6e+00 3.7e+00 2.338e+00
#2981  1522   1 | 1.17e+00 8.46e-02 +0.486  0.93 | 1.17e+00 5.87e-02 -0.171  1.02 | 1.3e+00 4.1e+00 2.672e+00
#2982  1300   1 | 1.40e+00 2.44e-02 +0.577  0.98 | 1.01e+00 8.13e-02 +0.169  0.98 | 1.4e+00 4.5e+00 2.931e+00
#2983   458   1 | 1.23e+00 2.18e-02 -0.754  1.03 | 9.89e-01 8.91e-02 +0.037  1.00 | 1.4e+00 3.9e+00 2.542e+00
#2984  4599   1 | 9.26e-01 3.14e-02 +0.817  0.95 | 9.51e-01 9.07e-02 +0.124  0.99 | 1.6e+00 3.6e+00 1.701e+00
#2985  3729   1 | 1.08e+00 7.19e-02 +0.112  0.99 | 9.80e-01 1.14e-01 +0.076  1.00 | 1.8e+00 4.3e+00 2.121e+00
#2986  1701   1 | 7.02e-01 1.31e-01 -0.076  1.06 | 1.00e+00 6.72e-02 +0.101  0.99 | 1.4e+00 4.5e+00 1.519e+00
#2987  4841   1 | 5.71e-01 2.00e-02 -0.202  1.02 | 1.05e+00 8.04e-02 +0.233  0.97 | 1.5e+00 3.8e+00 1.405e+00
#2988  4262   1 | 1.23e+00 8.80e-02 +0.342  0.96 | 1.10e+00 7.10e-02 +0.270  0.97 | 1.5e+00 3.8e+00 2.637e+00
#2989  4045   1 | 1.06e+00 8.13e-02 -0.243  1.04 | 8.36e-01 1.12e-01 +0.295  0.94 | 1.6e+00 4.2e+00 1.833e+00
#2990  2816   1 | 1.04e+00 6.53e-02 +0.250  0.97 | 1.02e+00 9.21e-02 +0.058  1.00 | 1.8e+00 3.9e+00 2.079e+00
#2991  1530   1 | 9.99e-01 2.31e-03 +0.448  1.00 | 8.61e-01 5.76e-02 +0.130  0.99 | 1.4e+00 3.8e+00 1.727e+00
#2992  2489   1 | 7.77e-01 4.06e-02 +0.342  0.97 | 9.59e-01 8.40e-02 +0.234  0.97 | 1.8e+00 3.8e+00 1.472e+00
#2993  3736   1 | 9.91e-01 1.43e-02 -0.107  1.00 | 1.06e+00 7.43e-02 -0.084  1.02 | 1.9e+00 3.9e+00 2.123e+00
#2994  4906   1 | 1.31e+00 3.96e-02 +0.012  1.00 | 1.08e+00 5.71e-02 +0.232  0.98 | 1.6e+00 3.9e+00 2.856e+00
#2995  3689   1 | 1.14e+00 4.66e-02 -0.051  1.01 | 9.43e-01 1.07e-01 +0.238  0.96 | 1.8e+00 4.4e+00 2.160e+00
#2996  3753   1 | 1.09e+00 6.73e-02 +0.000  1.00 | 9.70e-01 1.04e-01 +0.025  1.01 | 1.8e+00 4.4e+00 2.143e+00
#2997  1379   1 | 1.11e+00 8.39e-02 +0.735  0.89 | 1.02e+00 7.71e-02 +0.124  0.99 | 1.5e+00 4.1e+00 2.119e+00
#2998  1876   1 | 5.55e-01 1.19e-01 +0.501  0.83 | 1.04e+00 9.98e-02 +0.065  1.00 | 1.8e+00 3.9e+00 1.339e+00
#2999   348   1 | 1.12e+00 1.27e-01 +0.492  0.90 | 1.13e+00 9.75e-02 +0.105  0.99 | 1.5e+00 4.3e+00 2.407e+00
#3000  1485   1 | 8.53e-01 1.17e-01 +0.259  0.95 | 9.10e-01 5.80e-02 +0.097  0.99 | 1.5e+00 3.6e+00 1.512e+00
#3001  1582   1 | 1.00e+00 4.98e-02 +0.373  0.97 | 1.07e+00 7.25e-02 +0.039  1.00 | 1.6e+00 3.8e+00 2.122e+00
#3002  2374   1 | 1.20e+00 5.07e-02 -0.551  1.05 | 1.05e+00 8.67e-02 +0.200  0.97 | 1.8e+00 3.9e+00 2.588e+00
#3003  4201   1 | 1.14e+00 1.53e-01 +0.025  1.01 | 9.88e-01 9.56e-02 +0.011  1.01 | 1.7e+00 3.6e+00 2.291e+00
#3004  1732   1 | 9.58e-01 1.50e-01 -0.518  1.19 | 1.07e+00 1.07e-01 +0.075  0.99 | 1.7e+00 4.3e+00 2.239e+00
#3005  1110   1 | 8.89e-01 6.26e-02 -0.434  1.07 | 9.15e-01 6.77e-02 -0.160  1.03 | 1.5e+00 4.3e+00 1.703e+00
#3006   568   1 | 5.69e-01 7.34e-02 +0.188  0.97 | 9.77e-01 7.48e-02 -0.033  1.01 | 1.5e+00 4.0e+00 1.279e+00
#3007  4794   1 | 1.33e+00 8.51e-02 +0.156  0.98 | 1.01e+00 1.54e-01 +0.450  0.89 | 1.6e+00 4.5e+00 2.646e+00
#3008  2207   1 | 9.08e-01 2.73e-02 -0.164  1.01 | 9.18e-01 1.23e-01 +0.173  0.97 | 1.7e+00 4.1e+00 1.651e+00
#3009  2982   1 | 9.60e-01 4.46e-02 +0.026  1.00 | 1.03e+00 1.23e-01 +0.116  0.99 | 1.8e+00 4.0e+00 1.971e+00
#3010   393   1 | 1.11e+00 3.81e-02 -0.263  1.02 | 1.06e+00 5.63e-02 +0.040  1.00 | 1.5e+00 4.1e+00 2.370e+00
#3011  1190   1 | 8.22e-01 7.27e-02 +0.711  0.88 | 1.01e+00 8.10e-02 +0.054  1.00 | 1.5e+00 3.8e+00 1.619e+00
#3012  2914   1 | 1.02e+00 6.19e-02 -0.179  1.03 | 9.92e-01 9.71e-02 -0.034  1.02 | 1.6e+00 4.0e+00 2.068e+00
#3013  2681   1 | 9.65e-01 3.69e-02 +0.535  0.96 | 9.60e-01 1.05e-01 +0.264  0.95 | 1.9e+00 3.9e+00 1.774e+00
#3014  4369   1 | 8.25e-01 4.30e-03 -0.504  1.01 | 9.54e-01 9.11e-02 -0.032  1.02 | 1.5e+00 3.8e+00 1.607e+00
#3015  3114   1 | 1.32e+00 4.64e-02 +0.165  0.99 | 1.02e+00 1.54e-01 +0.139  0.98 | 1.7e+00 4.1e+00 2.739e+00
#3016   559   1 | 1.31e+00 1.25e-01 +0.649  0.89 | 1.04e+00 7.07e-02 +0.047  1.00 | 1.5e+00 3.8e+00 2.587e+00
#3017  3130   1 | 1.09e+00 7.10e-02 +0.158  0.98 | 9.82e-01 1.09e-01 +0.058  1.00 | 1.8e+00 3.7e+00 2.128e+00
#3018  3700   1 | 1.29e+00 1.22e-02 +0.204  1.00 | 1.09e+00 1.18e-01 +0.160  0.98 | 1.7e+00 4.1e+00 2.823e+00
#3019  3302   1 | 4.56e-01 3.56e-03 +0.521  0.99 | 1.00e+00 1.25e-01 +0.099  0.99 | 1.9e+00 4.5e+00 1.200e+00
#3020  4745   1 | 1.00e+00 1.10e-01 +0.052  1.00 | 1.13e+00 1.32e-01 +0.233  0.96 | 1.5e+00 4.2e+00 2.243e+00
#3021  4151   1 | 1.10e+00 6.79e-02 +0.136  0.99 | 9.37e-01 1.29e-01 +0.236  0.95 | 1.7e+00 4.5e+00 2.040e+00
#3022  4020   1 | 9.99e-01 5.55e-02 -0.699  1.08 | 1.04e+00 1.15e-01 +0.276  0.95 | 1.6e+00 3.8e+00 2.113e+00
#3023  2995   1 | 9.59e-01 1.76e-02 -0.097  1.00 | 1.06e+00 1.07e-01 +0.155  0.98 | 1.8e+00 4.0e+00 2.032e+00
#3024  4485   1 | 7.26e-01 3.89e-02 -0.267  1.03 | 9.46e-01 9.74e-02 +0.018  1.01 | 1.5e+00 3.7e+00 1.444e+00
#3025  4804   1 | 4.67e-01 1.09e-01 -0.086  1.09 | 9.87e-01 1.52e-01 +0.322  0.92 | 1.6e+00 4.2e+00 1.140e+00
#3026   219   1 | 6.58e-01 4.82e-02 +0.024  1.00 | 1.07e+00 6.75e-02 +0.046  1.00 | 1.5e+00 3.8e+00 1.576e+00
#3027  2666   1 | 6.31e-01 6.42e-03 +0.355  0.99 | 1.03e+00 1.27e-01 +0.082  1.00 | 1.9e+00 4.1e+00 1.448e+00
#3028   687   1 | 1.38e+00 6.36e-03 -0.043  1.00 | 1.03e+00 4.61e-02 +0.164  0.99 | 1.4e+00 3.8e+00 2.943e+00
#3029  3034   1 | 1.18e+00 1.35e-02 +0.413  0.99 | 9.58e-01 9.62e-02 +0.053  1.00 | 1.7e+00 3.8e+00 2.293e+00
#3030  3588   1 | 5.74e-01 1.46e-02 +0.492  0.98 | 1.03e+00 1.06e-01 +0.220  0.97 | 2.1e+00 3.6e+00 1.343e+00
#3031  2509   1 | 1.00e+00 4.53e-02 -0.627  1.06 | 9.45e-01 1.19e-01 -0.047  1.03 | 1.9e+00 3.7e+00 1.984e+00
#3032  3256   1 | 1.33e+00 4.73e-03 +0.552  1.00 | 1.00e+00 1.28e-01 -0.004  1.02 | 1.9e+00 4.0e+00 2.789e+00
#3033  2601   1 | 1.12e+00 2.11e-02 -0.374  1.01 | 1.05e+00 1.34e-01 +0.091  0.99 | 2.0e+00 3.8e+00 2.381e+00
#3034  1113   1 | 1.38e+00 1.17e-02 -0.000  1.00 | 1.03e+00 1.33e-01 +0.042  1.01 | 1.5e+00 4.7e+00 2.963e+00
#3035  3207   1 | 9.58e-01 4.67e-02 -0.115  1.01 | 1.06e+00 1.40e-01 +0.272  0.95 | 1.8e+00 4.1e+00 2.001e+00
#3036   151   1 | 5.96e-01 3.69e-02 +0.622  0.93 | 1.08e+00 9.11e-02 +0.039  1.00 | 1.4e+00 3.9e+00 1.505e+00
#3037   971   1 | 1.07e+00 9.55e-02 -0.031  1.01 | 9.70e-01 4.03e-02 -0.103  1.01 | 1.4e+00 4.1e+00 2.114e+00
#3038  4019   1 | 1.06e+00 5.88e-02 -0.270  1.03 | 8.36e-01 1.77e-01 +0.280  0.93 | 1.6e+00 4.3e+00 1.813e+00
#3039   314   1 | 1.40e+00 6.40e-02 +0.570  0.95 | 1.01e+00 1.16e-01 +0.173  0.97 | 1.5e+00 4.3e+00 2.867e+00
#3040  3655   1 | 1.09e+00 1.25e-02 +0.416  0.99 | 1.13e+00 7.46e-02 +0.247  0.97 | 1.8e+00 3.6e+00 2.421e+00
#3041  2583   1 | 1.04e+00 6.99e-02 +0.264  0.97 | 1.02e+00 1.60e-01 +0.052  1.01 | 2.0e+00 3.9e+00 2.091e+00
#3042  4960   1 | 1.29e+00 4.52e-02 -0.010  1.00 | 9.64e-01 1.55e-01 +0.181  0.97 | 1.5e+00 4.0e+00 2.558e+00
#3043  2422   1 | 1.13e+00 2.95e-02 -0.341  1.02 | 1.05e+00 1.53e-01 +0.156  0.98 | 2.0e+00 3.9e+00 2.372e+00
#3044  3337   1 | 1.05e+00 7.92e-02 +0.509  0.93 | 1.03e+00 8.90e-02 -0.107  1.03 | 1.8e+00 3.8e+00 2.116e+00
#3045   229   1 | 1.11e+00 1.45e-01 +0.299  0.94 | 1.06e+00 1.08e-01 +0.085  0.99 | 1.5e+00 4.0e+00 2.265e+00
#3046  4005   1 | 7.09e-01 1.28e-02 -0.045  1.00 | 1.00e+00 1.34e-01 -0.034  1.03 | 1.7e+00 3.7e+00 1.536e+00
#3047  2087   1 | 1.11e+00 2.99e-02 -0.035  1.00 | 9.80e-01 1.26e-01 -0.004  1.02 | 2.1e+00 4.3e+00 2.212e+00
#3048  1415   1 | 5.54e-01 5.89e-02 -0.510  1.12 | 1.04e+00 1.24e-01 -0.054  1.03 | 1.5e+00 4.1e+00 1.459e+00
#3049  1459   1 | 9.07e-01 1.39e-02 -0.137  1.00 | 9.18e-01 1.59e-01 +0.105  0.99 | 1.6e+00 4.2e+00 1.664e+00
#3050   262   1 | 1.08e+00 5.37e-02 +0.181  0.98 | 9.97e-01 7.25e-02 +0.079  0.99 | 1.5e+00 3.9e+00 2.131e+00
#3051  2719   1 | 1.32e+00 6.63e-02 +0.151  0.99 | 1.02e+00 1.03e-01 +0.032  1.00 | 2.1e+00 3.7e+00 2.758e+00
#3052   174   1 | 1.05e+00 1.89e-01 +0.808  0.74 | 1.08e+00 8.78e-02 +0.004  1.01 | 1.4e+00 4.3e+00 1.998e+00
#3053   757   1 | 9.98e-01 1.47e-01 +0.671  0.82 | 9.45e-01 5.17e-02 +0.067  1.00 | 1.5e+00 4.6e+00 1.711e+00
#3054  3397   1 | 1.13e+00 3.67e-02 -0.041  1.00 | 9.88e-01 1.25e-01 +0.114  0.99 | 2.0e+00 4.0e+00 2.247e+00
#3055  2773   1 | 1.00e+00 5.67e-02 -0.169  1.02 | 8.61e-01 1.53e-01 +0.139  0.98 | 2.0e+00 3.9e+00 1.752e+00
#3056  3764   1 | 4.75e-01 1.13e-01 -0.124  1.12 | 9.87e-01 9.34e-02 +0.230  0.97 | 2.1e+00 4.0e+00 1.193e+00
#3057    63   1 | 7.05e-01 1.63e-01 +0.560  0.79 | 1.09e+00 1.00e-01 +0.004  1.01 | 1.7e+00 4.2e+00 1.587e+00
#3058  3163   1 | 1.03e+00 5.27e-02 -0.047  1.01 | 1.13e+00 8.52e-02 +0.058  1.00 | 1.9e+00 3.8e+00 2.344e+00
#3059  1796   1 | 9.71e-01 6.51e-02 +0.247  0.97 | 1.02e+00 6.50e-02 +0.105  0.99 | 1.7e+00 3.9e+00 1.942e+00
#3060  3264   1 | 9.71e-01 4.92e-02 +0.470  0.95 | 9.60e-01 1.10e-01 +0.115  0.99 | 1.9e+00 3.8e+00 1.811e+00
#3061  4256   1 | 1.19e+00 3.82e-02 +0.485  0.97 | 9.58e-01 7.79e-02 +0.088  0.99 | 1.7e+00 4.0e+00 2.277e+00
#3062  4990   1 | 1.01e+00 9.66e-02 -0.360  1.08 | 1.07e+00 8.61e-02 +0.191  0.98 | 1.7e+00 4.2e+00 2.234e+00
#3063  3648   1 | 8.86e-01 3.62e-02 +0.781  0.94 | 9.51e-01 1.07e-01 -0.007  1.01 | 1.9e+00 4.1e+00 1.652e+00
#3064  2252   1 | 1.20e+00 6.91e-02 -0.520  1.06 | 1.05e+00 5.69e-02 +0.221  0.98 | 1.8e+00 3.4e+00 2.618e+00
#3065   593   1 | 5.12e-01 1.64e-01 -0.119  1.18 | 9.97e-01 3.27e-02 -0.018  1.00 | 1.7e+00 3.6e+00 1.305e+00
#3066  3601   1 | 1.67e+00 7.57e-02 +0.161  0.99 | 9.65e-01 9.60e-02 -0.076  1.03 | 2.0e+00 4.0e+00 3.695e+00
#3067  1183   1 | 9.75e-01 1.67e-01 +0.711  0.79 | 1.04e+00 2.92e-02 +0.096  1.00 | 1.7e+00 3.6e+00 1.829e+00
#3068  2465   1 | 1.08e+00 1.64e-01 +0.531  0.86 | 9.68e-01 1.06e-01 -0.023  1.02 | 2.2e+00 3.7e+00 1.959e+00
#3069  2993   1 | 8.97e-01 2.35e-01 +0.397  0.86 | 9.15e-01 9.94e-02 +0.055  1.00 | 1.9e+00 4.2e+00 1.530e+00
#3070   583   1 | 8.24e-01 6.26e-02 +0.406  0.94 | 9.42e-01 3.29e-02 +0.012  1.00 | 1.7e+00 4.5e+00 1.528e+00
#3071  1286   1 | 7.38e-01 8.98e-02 +0.302  0.94 | 9.49e-01 4.38e-02 +0.105  0.99 | 1.8e+00 4.2e+00 1.407e+00
#3072  4332   1 | 1.09e+00 3.55e-02 +0.127  0.99 | 9.82e-01 5.87e-02 +0.412  0.95 | 1.8e+00 4.0e+00 2.091e+00
#3073  2654   1 | 1.20e+00 2.58e-01 +0.281  0.93 | 9.11e-01 1.29e-01 +0.038  1.01 | 2.2e+00 4.2e+00 2.167e+00
#3074  3926   1 | 1.08e+00 5.78e-02 +0.706  0.93 | 1.02e+00 7.64e-02 +0.168  0.98 | 2.0e+00 4.1e+00 2.101e+00
#3075  1010   1 | 1.02e+00 1.50e-01 +0.162  0.97 | 9.92e-01 2.01e-02 +0.218  0.99 | 1.8e+00 3.8e+00 1.998e+00
#3076   725   1 | 1.09e+00 3.72e-02 +0.103  0.99 | 9.37e-01 1.74e-02 +0.101  1.00 | 1.8e+00 4.1e+00 2.051e+00
#3077  3852   1 | 1.28e+00 3.56e-01 +0.157  0.99 | 1.01e+00 1.09e-01 +0.263  0.95 | 2.2e+00 4.5e+00 2.589e+00
#3078   285   1 | 9.70e-01 2.49e-01 -0.119  1.13 | 1.06e+00 2.86e-02 +0.007  1.00 | 1.8e+00 3.7e+00 2.179e+00
#3079  2080   1 | 4.48e-01 3.24e-01 +0.086  1.40 | 1.00e+00 9.30e-02 +0.083  0.99 | 2.2e+00 4.0e+00 1.277e+00
#3080  4194   1 | 7.30e-01 1.07e-01 -0.257  1.10 | 9.46e-01 6.27e-02 +0.122  0.99 | 2.0e+00 4.0e+00 1.469e+00
#3081  2352   1 | 8.26e-01 4.82e-01 +0.722  0.50 | 1.01e+00 7.03e-02 +0.145  0.98 | 2.0e+00 3.9e+00 1.350e+00
#3082   796   1 | 1.31e+00 1.08e-02 -0.234  1.00 | 1.09e+00 4.04e-02 +0.075  1.00 | 1.8e+00 4.4e+00 2.906e+00
#3083  1422   1 | 1.31e+00 8.94e-02 +0.646  0.92 | 1.04e+00 2.91e-02 +0.105  0.99 | 1.8e+00 4.1e+00 2.635e+00
#3084  3837   1 | 5.75e-01 2.62e-01 -0.406  1.58 | 1.03e+00 8.31e-02 +0.106  0.99 | 2.0e+00 4.1e+00 1.568e+00
#3085  4233   1 | 4.94e-01 1.25e-01 -0.036  1.08 | 1.12e+00 7.48e-02 +0.144  0.99 | 2.0e+00 3.9e+00 1.494e+00
#3086  4903   1 | 8.32e-01 4.49e-02 -0.238  1.03 | 9.10e-01 7.72e-02 +0.233  0.97 | 1.8e+00 3.8e+00 1.513e+00
#3087  3208   1 | 1.23e+00 1.09e-02 +0.360  0.99 | 1.10e+00 8.85e-02 +0.196  0.97 | 2.0e+00 3.7e+00 2.682e+00
#3088  4590   1 | 6.15e-01 4.08e-02 +0.126  0.99 | 1.03e+00 7.39e-02 +0.204  0.98 | 1.8e+00 3.6e+00 1.406e+00
#3089  3978   1 | 1.14e+00 5.24e-03 -0.103  1.00 | 1.01e+00 9.38e-02 +0.184  0.97 | 1.8e+00 3.7e+00 2.279e+00
#3090  3591   1 | 9.54e-01 4.09e-03 -0.429  1.00 | 1.03e+00 1.31e-01 +0.122  0.99 | 2.2e+00 3.8e+00 1.963e+00
#3091  1625   1 | 1.08e+00 2.21e-02 +0.780  0.97 | 1.04e+00 7.45e-02 -0.013  1.01 | 1.7e+00 4.2e+00 2.219e+00
#3092  3883   1 | 1.10e+00 5.20e-02 -0.090  1.01 | 1.08e+00 9.61e-02 +0.212  0.97 | 1.9e+00 3.9e+00 2.363e+00
#3093   952   1 | 1.17e+00 1.93e-01 +0.497  0.86 | 1.17e+00 7.05e-02 -0.114  1.02 | 1.7e+00 3.9e+00 2.571e+00
#3094  3272   1 | 1.14e+00 1.01e-01 +0.014  1.01 | 9.43e-01 9.47e-02 +0.056  1.00 | 2.0e+00 4.1e+00 2.200e+00
#3095  4401   1 | 6.58e-01 2.50e-02 -0.026  1.00 | 1.07e+00 1.16e-01 +0.141  0.98 | 1.7e+00 4.6e+00 1.557e+00
#3096  3335   1 | 9.75e-01 8.53e-02 -0.538  1.10 | 1.07e+00 1.57e-01 +0.181  0.97 | 2.0e+00 4.0e+00 2.165e+00
#3097   393   1 | 1.29e+00 1.64e-01 +0.003  1.02 | 1.08e+00 8.55e-02 +0.031  1.00 | 1.7e+00 4.0e+00 2.863e+00
#3098   611   1 | 1.14e+00 2.66e-02 +0.663  0.97 | 9.75e-01 9.88e-02 +0.070  1.00 | 1.7e+00 5.0e+00 2.215e+00
#3099  2432   1 | 1.08e+00 8.34e-02 -0.397  1.07 | 9.93e-01 1.89e-01 +0.054  1.02 | 2.0e+00 4.6e+00 2.240e+00
#3100  4466   1 | 5.65e-01 1.30e-01 +0.197  0.96 | 9.77e-01 1.45e-01 +0.310  0.93 | 1.6e+00 4.4e+00 1.196e+00
#3101  4295   1 | 1.22e+00 2.72e-02 -0.745  1.03 | 9.89e-01 1.11e-01 +0.052  1.00 | 1.6e+00 4.2e+00 2.516e+00
#3102  3808   1 | 5.91e-01 1.18e-01 +0.236  0.95 | 1.05e+00 1.25e-01 +0.253  0.95 | 2.1e+00 4.0e+00 1.387e+00
#3103  4960   1 | 1.34e+00 6.42e-02 -0.675  1.07 | 1.12e+00 1.25e-01 +0.275  0.95 | 1.6e+00 3.9e+00 3.122e+00
#3104   579   1 | 1.35e+00 1.14e-01 -0.682  1.12 | 1.00e+00 7.35e-02 +0.082  0.99 | 1.6e+00 4.1e+00 3.034e+00
#3105  4606   1 | 8.19e-01 5.46e-02 -0.326  1.05 | 9.54e-01 1.77e-01 +0.156  0.98 | 1.8e+00 4.5e+00 1.591e+00
#3106  2303   1 | 7.75e-01 8.60e-02 +0.343  0.94 | 9.59e-01 1.42e-01 +0.136  0.98 | 1.7e+00 4.3e+00 1.465e+00
#3107  4579   1 | 1.30e+00 2.72e-02 +0.290  0.99 | 9.27e-01 1.01e-01 +0.254  0.96 | 1.6e+00 3.7e+00 2.493e+00
#3108    30   1 | 6.23e-01 9.01e-02 +0.120  0.99 | 1.03e+00 1.03e-01 -0.069  1.02 | 1.6e+00 3.8e+00 1.467e+00
#3109  3699   1 | 1.04e+00 4.93e-02 +0.769  0.93 | 1.04e+00 1.27e-01 +0.047  1.00 | 1.6e+00 3.7e+00 2.094e+00
#3110  4684   1 | 1.29e+00 4.54e-02 -0.014  1.00 | 9.64e-01 1.46e-01 +0.107  0.99 | 1.5e+00 4.0e+00 2.595e+00
#3111  4058   1 | 5.84e-01 1.19e-02 -0.208  1.01 | 1.05e+00 1.10e-01 +0.041  1.00 | 1.6e+00 3.6e+00 1.455e+00
#3112  4066   1 | 9.84e-01 1.73e-02 +0.543  0.98 | 9.60e-01 1.42e-01 +0.072  1.00 | 1.6e+00 3.7e+00 1.872e+00
#3113  4218   1 | 1.08e+00 6.06e-02 +0.168  0.98 | 9.97e-01 1.09e-01 +0.258  0.96 | 1.6e+00 3.7e+00 2.092e+00
#3114   889   1 | 1.11e+00 9.23e-02 -0.112  1.03 | 9.80e-01 5.44e-02 +0.090  0.99 | 1.5e+00 4.1e+00 2.225e+00
#3115  4307   1 | 5.55e-01 1.58e-02 +0.449  0.98 | 1.04e+00 1.21e-01 +0.188  0.97 | 1.6e+00 3.9e+00 1.354e+00
#3116  3482   1 | 1.18e+00 3.39e-02 +0.316  0.98 | 9.11e-01 1.40e-01 +0.055  1.01 | 1.7e+00 4.3e+00 2.204e+00
#3117   253   1 | 1.31e+00 1.65e-01 +0.258  0.95 | 1.09e+00 1.41e-01 +0.157  0.98 | 1.5e+00 4.3e+00 2.793e+00
#3118  2416   1 | 6.03e-01 4.31e-02 +0.592  0.92 | 1.08e+00 1.07e-01 -0.096  1.03 | 1.8e+00 3.8e+00 1.544e+00
#3119  2836   1 | 6.58e-01 4.51e-02 -0.001  1.00 | 1.07e+00 1.44e-01 +0.004  1.02 | 2.0e+00 3.8e+00 1.599e+00
#3120  2759   1 | 1.38e+00 3.30e-03 -0.311  1.00 | 1.03e+00 1.51e-01 +0.128  0.98 | 1.9e+00 3.7e+00 2.958e+00
#3121   849   1 | 8.53e-01 1.91e-02 -0.231  1.01 | 9.10e-01 8.46e-02 -0.038  1.02 | 1.5e+00 3.8e+00 1.576e+00
#3122  4468   1 | 1.35e+00 3.07e-02 +0.689  0.97 | 1.00e+00 1.39e-01 +0.259  0.95 | 1.5e+00 3.8e+00 2.710e+00
#3123  2433   1 | 1.66e+00 6.14e-02 +0.174  0.99 | 9.65e-01 1.48e-01 +0.039  1.01 | 1.8e+00 3.9e+00 3.654e+00
#3124   965   1 | 1.11e+00 1.14e-01 +0.732  0.86 | 1.02e+00 4.93e-02 +0.018  1.00 | 1.5e+00 3.4e+00 2.093e+00
#3125  4764   1 | 8.16e-01 1.34e-01 +0.343  0.91 | 9.54e-01 1.66e-01 +0.303  0.92 | 1.6e+00 4.1e+00 1.451e+00
#3126  3268   1 | 1.10e+00 3.85e-02 -0.087  1.01 | 1.08e+00 1.63e-01 +0.266  0.94 | 1.8e+00 4.1e+00 2.317e+00
#3127  3626   1 | 8.45e-01 6.76e-02 +0.694  0.90 | 1.01e+00 1.87e-01 +0.155  0.98 | 1.9e+00 4.1e+00 1.642e+00
#3128  4313   1 | 7.28e-01 4.71e-02 -0.244  1.04 | 9.46e-01 1.27e-01 +0.004  1.02 | 1.5e+00 3.7e+00 1.459e+00
#3129  1422   1 | 9.70e-01 4.58e-02 -0.124  1.01 | 1.06e+00 8.92e-02 -0.052  1.02 | 1.5e+00 3.7e+00 2.091e+00
#3130  4665   1 | 9.46e-01 1.82e-02 -0.470  1.02 | 1.07e+00 1.15e-01 +0.207  0.97 | 1.6e+00 3.9e+00 2.028e+00
#3131  3145   1 | 1.09e+00 1.52e-01 +0.138  0.98 | 9.82e-01 1.34e-01 +0.224  0.96 | 1.8e+00 3.9e+00 2.083e+00
#3132  4633   1 | 5.33e-01 1.46e-02 +0.369  0.98 | 1.03e+00 1.45e-01 +0.120  0.99 | 1.7e+00 4.2e+00 1.322e+00
#3133  2693   1 | 1.12e+00 6.80e-02 -0.365  1.05 | 1.05e+00 1.60e-01 +0.108  0.99 | 1.9e+00 4.2e+00 2.417e+00
#3134  2269   1 | 9.62e-01 5.99e-02 -0.038  1.01 | 1.06e+00 1.38e-01 +0.369  0.92 | 1.7e+00 4.1e+00 1.977e+00
#3135  4073   1 | 1.09e+00 3.68e-02 +0.024  1.00 | 9.70e-01 1.01e-01 +0.100  0.99 | 1.6e+00 3.9e+00 2.109e+00
#3136  1002   1 | 4.70e-01 4.83e-02 -0.085  1.03 | 9.87e-01 5.96e-02 +0.074  0.99 | 1.6e+00 3.9e+00 1.197e+00
#3137  2792   1 | 5.17e-01 4.76e-02 -0.139  1.03 | 9.97e-01 1.27e-01 +0.182  0.97 | 1.9e+00 3.8e+00 1.240e+00
#3138  3127   1 | 7.49e-01 4.13e-02 +0.321  0.97 | 9.49e-01 1.09e-01 +0.130  0.98 | 1.9e+00 4.0e+00 1.429e+00
#3139  3914   1 | 1.08e+00 8.02e-02 +0.463  0.94 | 1.13e+00 1.82e-01 +0.186  0.97 | 1.8e+00 4.5e+00 2.341e+00
#3140  1643   1 | 1.22e+00 1.52e-01 -0.358  1.10 | 1.10e+00 5.24e-02 +0.202  0.98 | 1.6e+00 3.9e+00 2.851e+00
#3141  4555   1 | 1.21e+00 5.86e-02 +0.534  0.95 | 1.05e+00 1.25e-01 +0.161  0.98 | 1.7e+00 4.3e+00 2.469e+00
#3142  1576   1 | 1.05e+00 7.88e-02 +0.802  0.88 | 1.08e+00 7.94e-02 -0.063  1.01 | 1.7e+00 3.7e+00 2.162e+00
#3143    31   1 | 1.15e+00 2.96e-02 -0.063  1.00 | 9.43e-01 1.21e-01 +0.132  0.98 | 1.7e+00 3.5e+00 2.190e+00
#3144  2786   1 | 1.11e+00 4.64e-02 -0.268  1.02 | 1.06e+00 1.09e-01 -0.060  1.02 | 1.9e+00 3.7e+00 2.412e+00
#3145  2917   1 | 1.08e+00 1.88e-01 +0.532  0.84 | 9.68e-01 1.13e-01 -0.069  1.03 | 1.8e+00 4.4e+00 1.947e+00
#3146  3528   1 | 8.90e-01 1.80e-01 +0.786  0.72 | 9.51e-01 1.32e-01 +0.075  1.00 | 1.8e+00 4.0e+00 1.476e+00
#3147  3832   1 | 5.80e-01 5.84e-02 +0.222  0.97 | 9.77e-01 1.05e-01 +0.066  1.00 | 2.1e+00 3.7e+00 1.277e+00
#3148  3699   1 | 1.02e+00 6.89e-03 +0.736  0.99 | 9.45e-01 1.18e-01 +0.081  1.00 | 1.8e+00 3.6e+00 1.921e+00
#3149   845   1 | 1.23e+00 2.17e-01 -0.776  1.30 | 9.89e-01 8.00e-02 -0.078  1.02 | 1.7e+00 4.3e+00 2.979e+00
#3150    29   1 | 1.17e+00 1.21e-01 +0.497  0.91 | 1.17e+00 1.08e-01 +0.007  1.01 | 1.8e+00 4.0e+00 2.620e+00
#3151  4948   1 | 1.17e+00 1.71e-02 +0.730  0.98 | 9.75e-01 1.04e-01 +0.192  0.97 | 1.7e+00 4.0e+00 2.259e+00
#3152  1236   1 | 9.98e-01 1.32e-01 -0.133  1.05 | 8.61e-01 1.26e-01 +0.147  0.98 | 1.8e+00 4.1e+00 1.774e+00
#3153  1590   1 | 1.32e+00 1.91e-01 +0.672  0.83 | 1.12e+00 1.19e-01 +0.070  1.00 | 1.8e+00 3.9e+00 2.695e+00
#3154  3356   1 | 1.29e+00 4.23e-02 +0.252  0.98 | 9.27e-01 9.18e-02 +0.095  0.99 | 2.0e+00 3.3e+00 2.489e+00
#3155  4206   1 | 1.41e+00 2.08e-01 +0.603  0.84 | 1.01e+00 1.31e-01 +0.236  0.96 | 1.8e+00 3.8e+00 2.668e+00
#3156  4807   1 | 9.61e-01 1.97e-02 -0.744  1.03 | 1.04e+00 8.32e-02 +0.095  0.99 | 1.8e+00 3.9e+00 2.030e+00
#3157  4579   1 | 4.42e-01 3.07e-02 +0.074  0.99 | 1.00e+00 8.35e-02 +0.153  0.98 | 1.8e+00 3.3e+00 1.179e+00
#3158  1387   1 | 1.02e+00 4.23e-02 +0.034  1.00 | 1.13e+00 7.77e-02 -0.183  1.03 | 1.9e+00 4.2e+00 2.356e+00
#3159  3912   1 | 9.83e-01 7.23e-02 -0.379  1.06 | 1.07e+00 1.20e-01 +0.211  0.97 | 1.9e+00 3.7e+00 2.141e+00
#3160  4839   1 | 1.32e+00 6.07e-02 -0.159  1.02 | 1.02e+00 8.57e-02 +0.161  0.98 | 1.9e+00 3.8e+00 2.777e+00
#3161  1877   1 | 4.95e-01 2.00e-02 +0.007  1.00 | 1.12e+00 1.01e-01 +0.064  1.00 | 2.1e+00 3.5e+00 1.489e+00
#3162   349   1 | 7.04e-01 1.20e-01 +0.548  0.84 | 1.09e+00 5.46e-02 +0.111  0.99 | 1.9e+00 4.2e+00 1.591e+00
#3163  3898   1 | 9.10e-01 9.88e-02 -0.128  1.04 | 9.18e-01 1.08e-01 +0.138  0.98 | 2.0e+00 4.0e+00 1.687e+00
#3164  2472   1 | 1.30e+00 7.88e-03 -0.273  1.00 | 1.01e+00 1.07e-01 +0.093  0.99 | 2.3e+00 3.7e+00 2.723e+00
#3165   290   1 | 1.31e+00 1.44e-01 +0.643  0.87 | 1.04e+00 6.74e-02 +0.088  0.99 | 1.9e+00 3.6e+00 2.558e+00
#3166  2084   1 | 1.09e+00 1.60e-01 -0.115  1.06 | 9.37e-01 1.20e-01 -0.023  1.02 | 2.3e+00 3.8e+00 2.152e+00
#3167  4834   1 | 8.04e-01 8.73e-02 +0.405  0.92 | 9.42e-01 1.22e-01 +0.128  0.98 | 2.0e+00 4.1e+00 1.470e+00
#3168   225   1 | 7.01e-01 9.63e-02 +0.077  1.00 | 1.00e+00 3.94e-02 +0.010  1.00 | 1.8e+00 4.0e+00 1.496e+00
#3169  4580   1 | 1.04e+00 4.45e-01 -0.210  1.36 | 8.36e-01 1.52e-01 +0.319  0.92 | 1.9e+00 4.2e+00 2.115e+00
#3170  3561   1 | 1.05e+00 2.49e-02 -0.527  1.03 | 1.03e+00 1.07e-01 -0.110  1.03 | 2.1e+00 3.8e+00 2.221e+00
#3171  3347   1 | 9.71e-01 2.22e-02 +0.220  0.99 | 1.02e+00 1.04e-01 -0.174  1.05 | 2.1e+00 3.6e+00 2.017e+00
#3172   850   1 | 1.14e+00 6.03e-02 +0.027  1.00 | 9.88e-01 5.19e-02 -0.074  1.01 | 1.8e+00 3.7e+00 2.290e+00
#3173    77   1 | 8.89e-01 6.59e-02 +0.391  0.95 | 9.15e-01 8.64e-02 +0.035  1.00 | 2.0e+00 3.9e+00 1.588e+00
#3174  3794   1 | 1.26e+00 8.32e-02 -0.009  1.01 | 1.08e+00 1.40e-01 +0.219  0.96 | 2.1e+00 4.1e+00 2.723e+00
#3175  4790   1 | 7.52e-01 1.47e-01 +0.339  0.91 | 9.59e-01 1.07e-01 +0.228  0.96 | 1.8e+00 4.2e+00 1.397e+00
#3176  2291   1 | 1.08e+00 1.44e-02 -0.371  1.01 | 9.93e-01 9.86e-02 -0.001  1.01 | 2.0e+00 4.1e+00 2.169e+00
#3177  3269   1 | 1.03e+00 1.23e-02 +0.258  0.99 | 1.02e+00 1.07e-01 +0.087  0.99 | 2.1e+00 4.1e+00 2.086e+00
#3178  4876   1 | 1.03e+00 3.20e-01 -0.164  1.20 | 9.92e-01 7.97e-02 +0.282  0.96 | 1.7e+00 4.1e+00 2.211e+00
#3179   875   1 | 9.65e-01 1.01e-01 +0.025  1.01 | 1.03e+00 5.49e-02 -0.117  1.02 | 1.7e+00 4.7e+00 2.017e+00
#3180   934   1 | 1.18e+00 1.28e-01 -0.457  1.11 | 9.58e-01 3.75e-02 +0.011  1.00 | 1.7e+00 3.8e+00 2.463e+00
#3181  3328   1 | 1.13e+00 7.03e-02 +0.007  1.00 | 1.01e+00 7.42e-02 +0.109  0.99 | 1.9e+00 4.4e+00 2.278e+00
#3182  4194   1 | 1.30e+00 5.87e-03 -0.682  1.01 | 1.12e+00 1.21e-01 +0.159  0.98 | 1.8e+00 4.2e+00 2.924e+00
#3183  4147   1 | 5.72e-01 4.57e-02 -0.196  1.04 | 9.77e-01 8.00e-02 +0.119  0.99 | 1.7e+00 4.0e+00 1.282e+00
#3184  3296   1 | 5.21e-01 7.30e-02 -0.126  1.06 | 9.97e-01 1.21e-01 +0.217  0.96 | 1.9e+00 4.2e+00 1.243e+00
#3185  1431   1 | 9.07e-01 5.89e-02 -0.135  1.02 | 9.18e-01 9.16e-02 +0.019  1.01 | 1.7e+00 4.4e+00 1.688e+00
#3186  4364   1 | 1.22e+00 7.66e-02 +0.772  0.91 | 9.89e-01 6.60e-02 +0.157  0.98 | 1.5e+00 4.2e+00 2.322e+00
#3187  2481   1 | 1.30e+00 1.45e-01 -0.257  1.07 | 1.09e+00 8.00e-02 -0.041  1.01 | 2.0e+00 3.3e+00 3.024e+00
#3188   365   1 | 1.10e+00 6.91e-02 -0.120  1.02 | 1.08e+00 8.61e-02 -0.049  1.01 | 1.7e+00 3.8e+00 2.412e+00
#3189  3210   1 | 4.98e-01 9.26e-02 -0.042  1.05 | 1.12e+00 1.14e-01 +0.068  1.00 | 1.9e+00 3.9e+00 1.504e+00
#3190   581   1 | 1.35e+00 7.85e-03 +0.730  0.99 | 1.00e+00 5.41e-02 +0.080  0.99 | 1.6e+00 3.5e+00 2.797e+00
#3191  3043   1 | 1.17e+00 1.89e-01 +0.496  0.87 | 1.17e+00 1.08e-01 +0.141  0.98 | 1.8e+00 3.8e+00 2.523e+00
#3192  4827   1 | 9.46e-01 1.98e-02 -0.829  1.04 | 9.51e-01 6.61e-02 +0.161  0.98 | 1.5e+00 3.8e+00 1.814e+00
#3193  1382   1 | 1.40e+00 2.32e-01 +0.587  0.83 | 1.01e+00 1.03e-01 +0.075  1.00 | 1.6e+00 4.1e+00 2.659e+00
#3194  2610   1 | 7.13e-01 6.32e-02 +0.556  0.91 | 1.09e+00 1.13e-01 +0.086  0.99 | 2.0e+00 3.9e+00 1.637e+00
#3195  4955   1 | 9.95e-01 1.34e-01 +0.113  0.99 | 8.61e-01 1.06e-01 +0.145  0.98 | 1.5e+00 4.2e+00 1.704e+00
#3196  1471   1 | 1.02e+00 1.91e-01 +0.055  1.01 | 1.13e+00 7.20e-02 -0.214  1.03 | 1.7e+00 3.6e+00 2.374e+00
#3197  3345   1 | 9.73e-01 1.43e-01 +0.486  0.88 | 9.60e-01 1.36e-01 +0.199  0.96 | 1.8e+00 4.1e+00 1.720e+00
#3198  1502   1 | 1.04e+00 7.91e-02 +0.218  0.97 | 8.36e-01 6.13e-02 -0.083  1.02 | 1.7e+00 3.9e+00 1.767e+00
#3199  2568   1 | 1.07e+00 6.39e-02 -0.787  1.10 | 1.04e+00 9.17e-02 +0.047  1.00 | 2.1e+00 3.8e+00 2.343e+00
#3200  1283   1 | 8.22e-01 6.52e-02 +0.706  0.89 | 1.01e+00 8.29e-02 +0.029  1.00 | 1.7e+00 4.3e+00 1.632e+00
#3201  3425   1 | 5.91e-01 1.27e-01 +0.239  0.94 | 1.05e+00 1.07e-01 +0.069  1.00 | 2.0e+00 4.3e+00 1.433e+00
#3202  2872   1 | 1.32e+00 1.06e-01 +0.150  0.98 | 1.02e+00 1.17e-01 +0.132  0.98 | 2.0e+00 3.8e+00 2.728e+00
#3203  4121   1 | 1.30e+00 3.08e-02 -0.659  1.03 | 1.04e+00 8.86e-02 +0.128  0.99 | 1.7e+00 3.7e+00 2.791e+00
#3204  2309   1 | 7.41e-01 6.20e-03 +0.312  0.99 | 9.49e-01 9.16e-02 +0.116  0.99 | 1.9e+00 3.9e+00 1.436e+00
#3205  1392   1 | 8.24e-01 2.35e-01 -0.408  1.31 | 9.42e-01 4.79e-02 +0.017  1.00 | 1.6e+00 4.0e+00 1.781e+00
#3206   130   1 | 8.89e-01 1.13e-01 +0.403  0.91 | 9.15e-01 4.60e-02 -0.081  1.01 | 1.6e+00 4.1e+00 1.568e+00
#3207  2339   1 | 1.18e+00 5.37e-02 -0.442  1.04 | 9.58e-01 1.46e-01 +0.069  1.00 | 2.1e+00 4.3e+00 2.367e+00
#3208  4545   1 | 1.11e+00 2.20e-01 -0.132  1.09 | 9.82e-01 1.08e-01 +0.210  0.97 | 1.7e+00 4.3e+00 2.274e+00
#3209  2613   1 | 1.04e+00 1.87e-01 +0.279  0.93 | 1.02e+00 1.16e-01 +0.020  1.01 | 2.0e+00 4.4e+00 2.051e+00
#3210  2358   1 | 1.20e+00 8.72e-02 -0.537  1.08 | 1.05e+00 1.14e-01 +0.204  0.97 | 1.8e+00 4.1e+00 2.632e+00
#3211  4823   1 | 1.09e+00 1.83e-01 +0.396  0.89 | 9.93e-01 6.50e-02 +0.075  0.99 | 1.6e+00 3.9e+00 2.040e+00
#3212  3680   1 | 5.82e-01 7.33e-02 -0.515  1.15 | 1.04e+00 9.12e-02 +0.107  0.99 | 1.9e+00 3.9e+00 1.462e+00
#3213   979   1 | 4.70e-01 5.11e-02 -0.106  1.03 | 9.87e-01 1.17e-02 +0.202  1.00 | 1.5e+00 3.2e+00 1.199e+00
#3214  3427   1 | 5.70e-01 1.55e-01 +0.408  0.85 | 1.03e+00 9.36e-02 +0.065  1.00 | 1.9e+00 3.9e+00 1.331e+00
#3215  1272   1 | 1.08e+00 1.05e-01 +0.141  0.98 | 9.97e-01 9.93e-02 +0.140  0.98 | 1.7e+00 3.9e+00 2.115e+00
#3216  1209   1 | 1.02e+00 4.95e-02 -0.164  1.02 | 9.92e-01 5.48e-02 -0.081  1.01 | 1.6e+00 3.8e+00 2.064e+00
#3217  1739   1 | 1.14e+00 3.79e-02 +0.019  1.00 | 9.88e-01 1.09e-01 -0.183  1.05 | 1.7e+00 3.8e+00 2.327e+00
#3218  1197   1 | 1.12e+00 1.77e-01 +0.478  0.87 | 1.13e+00 6.36e-02 +0.073  0.99 | 1.5e+00 4.2e+00 2.377e+00
#3219  3131   1 | 1.11e+00 2.20e-02 +0.365  0.99 | 1.06e+00 8.80e-02 +0.013  1.00 | 1.8e+00 3.7e+00 2.350e+00
#3220  3051   1 | 1.10e+00 6.25e-03 +0.681  0.99 | 1.02e+00 8.17e-02 +0.134  0.98 | 1.7e+00 4.1e+00 2.212e+00
#3221  4699   1 | 1.65e+00 1.07e-01 +0.164  0.98 | 9.65e-01 1.04e-01 +0.212  0.97 | 1.6e+00 4.1e+00 3.568e+00
#3222  1764   1 | 1.07e+00 9.89e-03 -0.066  1.00 | 9.70e-01 9.39e-02 -0.197  1.05 | 1.6e+00 4.3e+00 2.137e+00
#3223  2594   1 | 6.06e-01 6.54e-02 +0.589  0.88 | 1.08e+00 8.33e-02 +0.090  0.99 | 2.0e+00 3.9e+00 1.490e+00
#3224  3914   1 | 1.04e+00 4.81e-02 +0.537  0.95 | 1.03e+00 9.07e-02 -0.061  1.02 | 1.7e+00 4.0e+00 2.119e+00
#3225    20   1 | 1.30e+00 9.29e-02 -0.260  1.04 | 9.27e-01 5.01e-02 -0.072  1.01 | 1.5e+00 3.8e+00 2.620e+00
#3226  4392   1 | 1.00e+00 5.78e-02 +0.376  0.96 | 1.07e+00 9.12e-02 +0.105  0.99 | 1.6e+00 4.3e+00 2.110e+00
#3227  2998   1 | 6.58e-01 4.90e-02 -0.013  1.01 | 1.07e+00 7.35e-02 +0.137  0.99 | 1.7e+00 4.1e+00 1.565e+00
#3228  2447   1 | 1.00e+00 5.68e-02 +0.681  0.93 | 9.45e-01 5.50e-02 -0.034  1.01 | 1.9e+00 3.8e+00 1.831e+00
#3229  1859   1 | 9.59e-01 5.75e-02 -0.497  1.06 | 1.07e+00 6.77e-02 -0.029  1.01 | 1.8e+00 4.1e+00 2.141e+00
#3230  3987   1 | 1.10e+00 1.28e-01 -0.365  1.10 | 1.05e+00 7.75e-02 +0.330  0.96 | 1.6e+00 4.4e+00 2.378e+00
#3231   423   1 | 1.08e+00 1.15e-02 +0.543  0.99 | 9.68e-01 5.53e-02 -0.009  1.00 | 1.6e+00 4.6e+00 2.102e+00
#3232   329   1 | 1.11e+00 6.06e-02 +0.101  0.99 | 9.80e-01 3.32e-02 +0.061  1.00 | 1.6e+00 4.0e+00 2.189e+00
#3233  3409   1 | 1.18e+00 1.70e-02 +0.497  0.99 | 9.11e-01 6.63e-02 +0.089  0.99 | 1.8e+00 4.0e+00 2.203e+00
#3234  4466   1 | 8.22e-01 4.15e-02 +0.311  0.97 | 9.54e-01 1.04e-01 +0.005  1.01 | 1.5e+00 4.8e+00 1.575e+00
#3235  1854   1 | 9.76e-01 2.22e-01 +0.706  0.73 | 1.04e+00 8.11e-02 +0.124  0.99 | 1.8e+00 4.0e+00 1.768e+00
#3236  1491   1 | 1.15e+00 1.36e-01 +0.019  1.01 | 9.43e-01 3.49e-02 +0.243  0.98 | 1.6e+00 3.8e+00 2.200e+00
#3237  2419   1 | 9.62e-01 1.78e-01 +0.046  1.02 | 1.03e+00 5.44e-02 -0.004  1.00 | 1.9e+00 3.7e+00 2.010e+00
#3238  3816   1 | 9.93e-01 6.90e-02 +0.120  0.99 | 1.06e+00 7.23e-02 +0.263  0.97 | 1.8e+00 3.7e+00 2.058e+00
#3239  4198   1 | 9.81e-01 5.51e-03 -0.239  1.00 | 1.02e+00 5.38e-02 +0.065  1.00 | 1.7e+00 3.6e+00 1.996e+00
#3240   433   1 | 1.09e+00 1.75e-01 +0.112  0.99 | 9.37e-01 3.42e-02 +0.043  1.00 | 1.6e+00 4.3e+00 2.047e+00
#3241  4225   1 | 1.14e+00 5.58e-02 -0.032  1.01 | 1.01e+00 5.47e-02 +0.187  0.98 | 1.6e+00 3.6e+00 2.292e+00
#3242  4756   1 | 4.41e-01 3.88e-02 +0.075  0.99 | 1.00e+00 2.99e-02 +0.108  0.99 | 1.5e+00 3.5e+00 1.191e+00
#3243  4125   1 | 7.31e-01 4.80e-02 +0.251  0.97 | 9.46e-01 5.75e-02 -0.001  1.00 | 1.5e+00 4.1e+00 1.417e+00
#3244  4453   1 | 1.04e+00 1.02e-02 -0.867  1.02 | 1.08e+00 6.31e-02 +0.224  0.98 | 1.5e+00 4.1e+00 2.251e+00
#3245  1810   1 | 1.14e+00 4.59e-02 +0.708  0.94 | 9.75e-01 8.25e-02 -0.062  1.02 | 1.7e+00 4.6e+00 2.196e+00
#3246  4241   1 | 6.28e-01 1.41e-01 -0.128  1.11 | 1.03e+00 6.40e-02 +0.199  0.98 | 1.6e+00 3.9e+00 1.474e+00
#3247  1607   1 | 9.63e-01 3.64e-02 -0.044  1.00 | 1.06e+00 4.51e-02 +0.072  1.00 | 1.5e+00 4.6e+00 2.060e+00
#3248  3816   1 | 7.14e-01 9.82e-02 -0.102  1.05 | 1.00e+00 7.08e-02 +0.137  0.99 | 1.8e+00 3.7e+00 1.524e+00
#3249  3379   1 | 7.91e-01 2.14e-01 +0.345  0.89 | 9.59e-01 7.11e-02 +0.091  0.99 | 1.7e+00 3.9e+00 1.467e+00
#3250   402   1 | 1.22e+00 1.01e-01 -0.366  1.07 | 1.10e+00 4.25e-02 +0.011  1.00 | 1.6e+00 4.0e+00 2.817e+00
#3251  3828   1 | 1.30e+00 9.27e-02 +0.012  1.00 | 9.64e-01 1.16e-01 +0.128  0.98 | 1.8e+00 4.4e+00 2.620e+00
#3252  1139   1 | 1.31e+00 1.15e-01 +0.165  0.98 | 1.01e+00 3.82e-02 -0.099  1.01 | 1.6e+00 4.2e+00 2.716e+00
#3253  3856   1 | 1.40e+00 6.42e-03 +0.024  1.00 | 1.03e+00 6.56e-02 +0.027  1.00 | 1.7e+00 3.5e+00 3.012e+00
#3254  4002   1 | 8.84e-01 1.38e-01 +0.257  0.94 | 9.10e-01 8.07e-02 +0.054  1.00 | 1.6e+00 4.2e+00 1.564e+00
#3255  2294   1 | 1.29e+00 2.32e-02 -0.010  1.00 | 1.08e+00 7.55e-02 +0.056  1.00 | 1.7e+00 3.8e+00 2.821e+00
#3256  2159   1 | 9.62e-01 6.22e-02 +0.086  0.99 | 1.06e+00 8.73e-02 +0.022  1.00 | 1.8e+00 3.9e+00 2.055e+00
#3257  4104   1 | 1.07e+00 3.77e-02 +0.128  0.99 | 9.82e-01 8.48e-02 +0.120  0.99 | 1.6e+00 3.8e+00 2.084e+00
#3258  3811   1 | 5.81e-01 1.51e-02 -0.566  1.03 | 1.04e+00 1.11e-01 -0.059  1.02 | 1.8e+00 3.9e+00 1.460e+00
#3259  4132   1 | 1.01e+00 5.91e-02 +0.784  0.91 | 1.08e+00 9.47e-02 +0.196  0.97 | 1.6e+00 3.9e+00 2.075e+00
#3260  3894   1 | 1.14e+00 9.83e-02 +0.030  1.00 | 9.43e-01 8.35e-02 +0.319  0.95 | 1.7e+00 3.9e+00 2.146e+00
#3261  2137   1 | 5.14e-01 6.59e-02 -0.130  1.05 | 9.97e-01 7.07e-02 -0.081  1.02 | 1.9e+00 4.1e+00 1.288e+00
#3262  1943   1 | 7.73e-01 1.23e-02 +0.315  0.99 | 9.59e-01 1.21e-01 +0.155  0.98 | 1.8e+00 4.3e+00 1.490e+00
#3263   190   1 | 1.14e+00 8.16e-02 -0.027  1.01 | 9.88e-01 2.82e-02 -0.176  1.01 | 1.5e+00 3.7e+00 2.303e+00
#3264  1025   1 | 8.26e-01 2.76e-02 -0.340  1.02 | 9.54e-01 4.33e-02 +0.060  1.00 | 1.6e+00 3.7e+00 1.605e+00
#3265   142   1 | 1.11e+00 4.17e-02 +0.118  0.99 | 9.80e-01 3.32e-02 -0.106  1.01 | 1.5e+00 3.7e+00 2.201e+00
#3266  3819   1 | 1.23e+00 7.95e-02 +0.361  0.96 | 1.10e+00 8.26e-02 -0.014  1.01 | 1.8e+00 3.9e+00 2.677e+00
#3267  4484   1 | 1.14e+00 8.68e-02 -0.691  1.11 | 9.75e-01 7.87e-02 +0.088  0.99 | 1.4e+00 4.4e+00 2.386e+00
#3268  1110   1 | 1.17e+00 4.09e-02 -0.511  1.04 | 1.17e+00 4.61e-02 +0.090  0.99 | 1.5e+00 4.2e+00 2.778e+00
#3269  3579   1 | 1.41e+00 1.28e-01 +0.596  0.90 | 1.01e+00 7.91e-02 +0.139  0.98 | 1.8e+00 4.1e+00 2.797e+00
#3270  3866   1 | 4.74e-01 2.48e-02 +0.112  0.99 | 9.87e-01 6.01e-02 +0.163  0.98 | 1.7e+00 4.0e+00 1.182e+00
#3271   918   1 | 1.08e+00 3.05e-02 +0.777  0.96 | 1.04e+00 3.55e-02 -0.036  1.00 | 1.5e+00 4.0e+00 2.207e+00
#3272  1374   1 | 9.99e-01 7.86e-03 -0.202  1.00 | 8.61e-01 8.57e-02 +0.157  0.98 | 1.6e+00 4.5e+00 1.726e+00
#3273  2372   1 | 9.63e-01 1.19e-01 +0.482  0.90 | 9.60e-01 6.63e-02 +0.131  0.99 | 1.8e+00 4.1e+00 1.741e+00
#3274  1701   1 | 1.12e+00 3.00e-02 -0.052  1.00 | 1.01e+00 8.03e-02 +0.033  1.00 | 1.6e+00 4.3e+00 2.278e+00
#3275   565   1 | 1.18e+00 2.66e-02 -0.498  1.02 | 9.58e-01 3.84e-02 +0.021  1.00 | 1.6e+00 3.9e+00 2.340e+00
#3276  1836   1 | 1.13e+00 9.44e-02 -0.387  1.07 | 1.05e+00 9.26e-02 +0.193  0.97 | 1.8e+00 4.2e+00 2.448e+00
#3277  3055   1 | 1.19e+00 2.23e-02 -0.273  1.01 | 9.11e-01 7.18e-02 -0.054  1.01 | 1.8e+00 3.8e+00 2.277e+00
#3278  2100   1 | 4.95e-01 1.86e-02 +0.041  1.00 | 1.12e+00 7.17e-02 +0.171  0.98 | 1.9e+00 4.0e+00 1.471e+00
#3279  4648   1 | 1.21e+00 5.36e-02 -0.561  1.05 | 1.05e+00 6.23e-02 +0.140  0.99 | 1.6e+00 4.1e+00 2.649e+00
#3280  2299   1 | 1.08e+00 2.80e-02 -0.376  1.02 | 9.93e-01 7.53e-02 +0.028  1.00 | 1.8e+00 3.7e+00 2.172e+00
#3281  3364   1 | 5.80e-01 7.95e-02 -0.226  1.08 | 9.77e-01 7.77e-02 +0.209  0.97 | 1.8e+00 3.6e+00 1.293e+00
#3282  3837   1 | 1.29e+00 1.51e-01 +0.256  0.95 | 9.27e-01 9.04e-02 +0.095  0.99 | 1.7e+00 3.9e+00 2.434e+00
#3283  4661   1 | 6.58e-01 8.88e-02 +0.013  1.01 | 1.07e+00 7.65e-02 +0.246  0.97 | 1.5e+00 4.3e+00 1.549e+00
#3284  3538   1 | 7.15e-01 6.75e-03 -0.248  1.00 | 1.00e+00 1.11e-01 +0.006  1.01 | 1.8e+00 3.8e+00 1.529e+00
#3285  4113   1 | 1.08e+00 6.94e-02 +0.523  0.94 | 9.68e-01 9.97e-02 +0.043  1.00 | 1.5e+00 4.4e+00 2.028e+00
#3286  4519   1 | 1.11e+00 9.76e-02 -0.734  1.14 | 1.02e+00 5.63e-02 +0.275  0.97 | 1.5e+00 4.0e+00 2.414e+00
#3287  1241   1 | 1.29e+00 2.42e-03 -0.379  1.00 | 1.08e+00 4.04e-02 -0.038  1.00 | 1.5e+00 3.6e+00 2.841e+00
#3288  3189   1 | 1.07e+00 3.95e-02 +0.138  0.99 | 9.97e-01 8.24e-02 +0.151  0.98 | 1.6e+00 3.8e+00 2.112e+00
#3289   517   1 | 9.07e-01 1.28e-01 +0.110  0.99 | 9.18e-01 7.26e-02 -0.026  1.01 | 1.6e+00 4.0e+00 1.664e+00
#3290  3700   1 | 9.90e-01 1.74e-01 +0.120  0.99 | 1.06e+00 7.14e-02 +0.197  0.98 | 1.5e+00 3.7e+00 2.064e+00
#3291   235   1 | 9.98e-01 2.82e-02 +0.662  0.96 | 9.45e-01 5.74e-02 -0.135  1.02 | 1.5e+00 3.9e+00 1.872e+00
#3292  4536   1 | 1.07e+00 1.16e-01 +0.517  0.90 | 1.03e+00 9.97e-02 +0.159  0.98 | 1.4e+00 4.2e+00 2.076e+00
#3293    64   1 | 1.02e+00 9.36e-02 -0.058  1.02 | 1.13e+00 8.59e-02 +0.058  1.00 | 1.6e+00 4.1e+00 2.335e+00
#3294   301   1 | 1.65e+00 1.07e-01 +0.162  0.98 | 9.65e-01 7.74e-02 -0.187  1.04 | 1.5e+00 4.0e+00 3.655e+00
#3295  3690   1 | 1.09e+00 1.34e-02 +0.470  0.99 | 1.13e+00 8.76e-02 +0.089  0.99 | 1.6e+00 3.9e+00 2.442e+00
#3296  3819   1 | 1.09e+00 2.64e-02 +0.021  1.00 | 9.70e-01 7.10e-02 +0.044  1.00 | 1.7e+00 4.2e+00 2.132e+00
#3297   282   1 | 7.04e-01 5.16e-02 -0.548  1.09 | 1.09e+00 6.37e-02 +0.071  1.00 | 1.5e+00 4.0e+00 1.716e+00
#3298  1770   1 | 9.59e-01 1.18e-01 -0.526  1.14 | 1.07e+00 5.30e-02 +0.071  1.00 | 1.6e+00 3.4e+00 2.201e+00
#3299  1694   1 | 5.98e-01 5.58e-02 +0.570  0.90 | 1.08e+00 6.53e-02 +0.095  0.99 | 1.5e+00 3.7e+00 1.489e+00
#3300   251   1 | 1.31e+00 1.24e-01 +0.643  0.89 | 1.04e+00 4.27e-02 +0.085  0.99 | 1.5e+00 4.0e+00 2.587e+00
#3301  1622   1 | 1.09e+00 1.06e-01 -0.120  1.03 | 9.37e-01 3.74e-02 +0.087  0.99 | 1.5e+00 4.1e+00 2.098e+00
#3302  1583   1 | 8.25e-01 2.55e-01 -0.405  1.35 | 9.42e-01 8.47e-02 +0.264  0.96 | 1.6e+00 4.1e+00 1.768e+00
#3303  3342   1 | 5.67e-01 9.75e-02 -0.402  1.17 | 1.03e+00 9.63e-02 +0.047  1.00 | 1.6e+00 3.9e+00 1.434e+00
#3304  4078   1 | 1.39e+00 2.60e-02 +0.142  1.00 | 1.03e+00 8.28e-02 +0.172  0.98 | 1.5e+00 4.2e+00 2.971e+00
#3305  4617   1 | 4.42e-01 2.15e-01 +0.074  1.16 | 1.00e+00 7.88e-02 +0.171  0.98 | 1.3e+00 3.7e+00 1.210e+00
#3306  3279   1 | 9.02e-01 6.38e-03 +0.449  0.99 | 9.15e-01 8.49e-02 -0.007  1.01 | 1.5e+00 4.2e+00 1.653e+00
#3307  3674   1 | 1.21e+00 2.59e-02 -0.746  1.03 | 9.89e-01 1.05e-01 +0.037  1.00 | 1.6e+00 3.7e+00 2.481e+00
#3308  2003   1 | 1.10e+00 7.11e-03 +0.206  1.00 | 1.08e+00 1.06e-01 +0.132  0.98 | 1.5e+00 3.8e+00 2.349e+00
#3309   612   1 | 1.32e+00 4.93e-03 +0.052  1.00 | 1.02e+00 2.98e-02 +0.063  1.00 | 1.4e+00 4.1e+00 2.773e+00
#3310  1945   1 | 1.02e+00 3.23e-02 +0.189  0.99 | 9.92e-01 9.89e-02 +0.024  1.01 | 1.5e+00 3.9e+00 2.025e+00
#3311  4208   1 | 8.73e-01 5.33e-02 +0.245  0.97 | 9.10e-01 9.04e-02 +0.106  0.99 | 1.3e+00 3.8e+00 1.561e+00
#3312  2762   1 | 9.61e-01 4.09e-02 -0.069  1.01 | 1.03e+00 1.07e-01 -0.063  1.02 | 1.5e+00 3.4e+00 2.021e+00
#3313   662   1 | 1.35e+00 5.95e-02 -0.684  1.06 | 1.00e+00 6.52e-02 +0.049  1.00 | 1.3e+00 3.8e+00 2.929e+00
#3314    26   1 | 9.75e-01 5.25e-02 -0.673  1.08 | 1.04e+00 7.88e-02 +0.250  0.97 | 1.4e+00 4.0e+00 2.074e+00
#3315  3910   1 | 7.35e-01 7.39e-02 -0.301  1.07 | 9.46e-01 1.24e-01 +0.017  1.01 | 1.3e+00 4.2e+00 1.485e+00
#3316  1623   1 | 1.04e+00 5.82e-02 -0.241  1.03 | 8.36e-01 5.98e-02 +0.038  1.00 | 1.3e+00 3.5e+00 1.817e+00
#3317   761   1 | 1.04e+00 6.88e-02 +0.281  0.97 | 1.02e+00 4.61e-02 +0.037  1.00 | 1.3e+00 4.3e+00 2.091e+00
#3318   394   1 | 1.00e+00 4.10e-02 +0.365  0.97 | 1.07e+00 6.76e-02 +0.198  0.98 | 1.3e+00 4.6e+00 2.109e+00
#3319  2874   1 | 7.46e-01 3.82e-02 +0.289  0.97 | 9.49e-01 1.44e-01 +0.148  0.98 | 1.4e+00 4.3e+00 1.423e+00
#3320  3904   1 | 8.79e-01 4.04e-02 +0.809  0.93 | 9.51e-01 1.17e-01 +0.111  0.99 | 1.3e+00 3.9e+00 1.609e+00
#3321  3063   1 | 1.11e+00 4.08e-02 +0.298  0.98 | 1.06e+00 1.13e-01 +0.154  0.98 | 1.4e+00 3.9e+00 2.311e+00
#3322  1664   1 | 9.71e-01 7.42e-02 +0.235  0.97 | 1.02e+00 5.98e-02 +0.018  1.00 | 1.2e+00 4.2e+00 1.952e+00
#3323  1861   1 | 8.23e-01 1.43e-02 -0.794  1.03 | 1.01e+00 7.76e-02 -0.100  1.02 | 1.4e+00 3.4e+00 1.744e+00
#3324   950   1 | 6.24e-01 1.61e-01 +0.131  1.00 | 1.03e+00 8.25e-02 -0.053  1.01 | 1.3e+00 4.3e+00 1.463e+00
#3325  1391   1 | 1.29e+00 1.19e-01 +0.009  1.01 | 9.64e-01 5.50e-02 +0.132  0.99 | 1.2e+00 4.1e+00 2.606e+00
#3326  1670   1 | 1.30e+00 6.08e-02 -0.286  1.03 | 1.09e+00 9.93e-02 -0.026  1.01 | 1.2e+00 4.3e+00 2.965e+00
#3327    94   1 | 1.32e+00 7.48e-02 +0.674  0.93 | 1.12e+00 1.27e-01 +0.144  0.98 | 1.3e+00 4.4e+00 2.855e+00
#3328  4081   1 | 5.84e-01 6.73e-03 +0.294  0.99 | 1.05e+00 1.06e-01 +0.115  0.99 | 1.3e+00 4.1e+00 1.431e+00
#3329  3392   1 | 1.29e+00 4.90e-02 -0.157  1.01 | 1.01e+00 8.95e-02 -0.200  1.04 | 1.3e+00 3.6e+00 2.749e+00
#3330   859   1 | 5.12e-01 4.22e-02 -0.120  1.03 | 9.97e-01 3.22e-02 +0.116  0.99 | 1.3e+00 3.6e+00 1.257e+00
#3331  2731   1 | 1.18e+00 3.07e-02 +0.483  0.98 | 9.58e-01 7.75e-02 +0.029  1.00 | 1.4e+00 4.0e+00 2.274e+00
#3332  2629   1 | 1.10e+00 1.40e-01 +0.137  0.98 | 1.08e+00 1.37e-01 +0.231  0.96 | 1.5e+00 4.2e+00 2.301e+00
#3333  2371   1 | 1.08e+00 1.37e-01 +0.540  0.88 | 9.68e-01 1.05e-01 -0.039  1.02 | 1.3e+00 3.8e+00 1.982e+00
#3334  2802   1 | 1.11e+00 6.32e-02 +0.304  0.97 | 1.06e+00 9.33e-02 +0.079  0.99 | 1.5e+00 4.0e+00 2.311e+00
#3335   830   1 | 1.20e+00 6.99e-02 +0.532  0.94 | 1.05e+00 3.78e-02 +0.068  1.00 | 1.3e+00 4.0e+00 2.476e+00
#3336  4590   1 | 1.12e+00 6.01e-02 +0.712  0.93 | 1.02e+00 6.26e-02 +0.224  0.98 | 1.2e+00 4.2e+00 2.163e+00
#3337  4915   1 | 9.69e-01 6.70e-02 -0.069  1.01 | 1.03e+00 1.00e-01 +0.287  0.95 | 1.3e+00 4.2e+00 1.968e+00
#3338  2896   1 | 8.96e-01 1.26e-01 -0.428  1.14 | 9.15e-01 1.12e-01 +0.034  1.01 | 1.4e+00 4.9e+00 1.759e+00
#3339   752   1 | 1.21e+00 1.51e-01 +0.281  0.95 | 9.11e-01 2.16e-02 +0.081  1.00 | 1.4e+00 3.7e+00 2.208e+00
#3340   636   1 | 1.04e+00 3.13e-02 -0.207  1.01 | 8.36e-01 4.29e-02 -0.031  1.01 | 1.3e+00 4.2e+00 1.802e+00
#3341  4964   1 | 1.36e+00 8.62e-02 +0.145  0.99 | 1.03e+00 6.86e-02 +0.221  0.97 | 1.2e+00 4.2e+00 2.866e+00
#3342  3732   1 | 1.67e+00 2.72e-02 +0.182  0.99 | 9.65e-01 1.02e-01 +0.034  1.00 | 1.4e+00 4.2e+00 3.701e+00
#3343  2278   1 | 7.75e-01 1.61e-01 +0.338  0.90 | 9.59e-01 1.04e-01 +0.205  0.97 | 1.4e+00 4.1e+00 1.432e+00
#3344  3337   1 | 6.59e-01 9.57e-02 -0.004  1.02 | 1.07e+00 8.48e-02 -0.008  1.01 | 1.4e+00 4.2e+00 1.596e+00
#3345  1940   1 | 1.14e+00 8.55e-02 +0.031  1.00 | 9.88e-01 7.84e-02 -0.182  1.04 | 1.4e+00 3.5e+00 2.311e+00
#3346  1483   1 | 1.30e+00 1.08e-01 +0.258  0.96 | 1.09e+00 5.81e-02 -0.027  1.01 | 1.3e+00 3.9e+00 2.847e+00
#3347  2193   1 | 9.71e-01 4.60e-02 +0.251  0.98 | 1.02e+00 9.85e-02 +0.061  1.00 | 1.5e+00 4.0e+00 1.956e+00
#3348  3725   1 | 1.11e+00 5.89e-02 -0.673  1.07 | 9.75e-01 9.31e-02 +0.099  0.99 | 1.5e+00 4.0e+00 2.255e+00
#3349  4907   1 | 9.58e-01 6.85e-02 -0.697  1.10 | 1.04e+00 9.69e-02 +0.264  0.96 | 1.3e+00 4.5e+00 2.057e+00
#3350  3399   1 | 8.39e-01 1.11e-01 +0.729  0.82 | 1.01e+00 1.15e-01 -0.005  1.01 | 1.5e+00 4.3e+00 1.621e+00
#3351  4533   1 | 4.93e-01 5.16e-03 -0.523  1.01 | 1.12e+00 6.30e-02 +0.310  0.97 | 1.2e+00 4.4e+00 1.454e+00
#3352  4407   1 | 5.96e-01 8.56e-02 -0.585  1.19 | 1.08e+00 5.14e-02 +0.185  0.98 | 1.3e+00 4.2e+00 1.579e+00
#3353  3386   1 | 1.14e+00 2.42e-02 +0.051  1.00 | 9.43e-01 9.95e-02 +0.211  0.97 | 1.5e+00 4.1e+00 2.161e+00
#3354  4561   1 | 8.46e-01 1.27e-01 +0.253  0.95 | 9.10e-01 9.88e-02 +0.075  1.00 | 1.3e+00 4.3e+00 1.503e+00
#3355   374   1 | 1.00e+00 1.54e-02 +0.265  0.99 | 1.07e+00 4.83e-02 +0.150  0.99 | 1.4e+00 4.6e+00 2.140e+00
#3356  3958   1 | 7.34e-01 1.07e-01 -0.278  1.10 | 9.46e-01 1.04e-01 +0.048  1.00 | 1.3e+00 3.8e+00 1.491e+00
#3357  4908   1 | 1.17e+00 5.65e-03 +0.456  1.00 | 1.17e+00 9.05e-02 +0.297  0.96 | 1.3e+00 4.2e+00 2.674e+00
#3358  3935   1 | 1.29e+00 1.16e-02 +0.664  0.99 | 1.12e+00 1.31e-01 +0.110  0.99 | 1.3e+00 4.1e+00 2.884e+00
#3359   575   1 | 4.70e-01 2.87e-02 +0.032  1.00 | 9.87e-01 7.25e-02 +0.105  0.99 | 1.4e+00 3.8e+00 1.186e+00
#3360  4255   1 | 7.41e-01 6.06e-02 +0.287  0.96 | 9.49e-01 1.45e-01 +0.292  0.93 | 1.3e+00 4.6e+00 1.369e+00
#3361  3407   1 | 1.08e+00 3.18e-02 -0.139  1.01 | 9.82e-01 1.00e-01 +0.114  0.99 | 1.5e+00 3.8e+00 2.128e+00
#3362  1973   1 | 1.34e+00 3.31e-02 +0.705  0.97 | 1.00e+00 1.41e-01 +0.084  1.00 | 1.5e+00 4.2e+00 2.745e+00
#3363  3122   1 | 7.21e-01 6.80e-03 +0.480  0.99 | 1.09e+00 1.12e-01 +0.170  0.98 | 1.5e+00 4.1e+00 1.670e+00
#3364  4979   1 | 1.30e+00 2.57e-02 +0.232  0.99 | 9.27e-01 9.13e-02 +0.336  0.94 | 1.3e+00 4.2e+00 2.481e+00
#3365  1841   1 | 1.31e+00 3.26e-02 +0.156  0.99 | 1.01e+00 1.24e-01 -0.150  1.05 | 1.5e+00 3.9e+00 2.778e+00
#3366  2447   1 | 9.64e-01 3.36e-03 +0.398  1.00 | 9.60e-01 1.20e-01 +0.140  0.98 | 1.5e+00 4.1e+00 1.830e+00
#3367  2883   1 | 1.30e+00 5.46e-02 +0.647  0.95 | 1.04e+00 9.88e-02 +0.108  0.99 | 1.5e+00 3.6e+00 2.665e+00
#3368   444   1 | 1.05e+00 1.22e-02 +0.726  0.98 | 1.08e+00 1.31e-01 +0.058  1.00 | 1.4e+00 4.4e+00 2.259e+00
#3369   399   1 | 6.23e-01 8.48e-03 -0.041  1.00 | 1.03e+00 8.47e-02 -0.130  1.03 | 1.4e+00 4.0e+00 1.477e+00
#3370  3674   1 | 1.26e+00 4.10e-03 -0.456  1.00 | 1.08e+00 1.41e-01 +0.144  0.98 | 1.5e+00 4.1e+00 2.747e+00
#3371  4201   1 | 5.55e-01 4.46e-02 -0.375  1.07 | 1.03e+00 1.12e-01 +0.233  0.96 | 1.3e+00 4.2e+00 1.346e+00
#3372  1553   1 | 1.11e+00 7.48e-03 -0.008  1.00 | 9.80e-01 1.06e-01 -0.049  1.02 | 1.4e+00 4.2e+00 2.219e+00
#3373   343   1 | 5.68e-01 3.10e-02 -0.239  1.03 | 9.77e-01 1.51e-01 -0.056  1.04 | 1.4e+00 4.3e+00 1.327e+00
#3374   951   1 | 9.07e-01 3.10e-01 +0.109  1.04 | 9.18e-01 1.61e-01 +0.001  1.03 | 1.4e+00 4.4e+00 1.725e+00
#3375  2617   1 | 1.12e+00 1.42e-02 +0.275  0.99 | 1.05e+00 1.02e-01 +0.241  0.96 | 1.6e+00 3.8e+00 2.320e+00
#3376  2650   1 | 5.83e-01 6.10e-02 -0.214  1.06 | 1.05e+00 1.01e-01 +0.055  1.00 | 1.7e+00 4.0e+00 1.465e+00
#3377  4854   1 | 1.32e+00 5.67e-02 +0.162  0.99 | 1.02e+00 1.09e-01 +0.278  0.95 | 1.3e+00 3.6e+00 2.697e+00
#3378   449   1 | 9.57e-01 6.52e-03 +0.622  0.99 | 1.07e+00 1.10e-01 -0.065  1.02 | 1.5e+00 4.2e+00 2.090e+00
#3379  1799   1 | 8.25e-01 3.04e-02 -0.421  1.03 | 9.42e-01 1.14e-01 -0.022  1.02 | 1.5e+00 4.1e+00 1.608e+00
#3380  3051   1 | 1.03e+00 7.26e-02 +0.278  0.97 | 1.02e+00 1.07e-01 +0.028  1.01 | 1.4e+00 3.7e+00 2.075e+00
#3381  4270   1 | 1.08e+00 3.86e-03 +0.416  1.00 | 9.97e-01 1.40e-01 +0.165  0.97 | 1.3e+00 4.3e+00 2.128e+00
#3382  3357   1 | 1.07e+00 2.13e-02 +0.353  0.99 | 9.93e-01 1.05e-01 +0.044  1.00 | 1.5e+00 4.5e+00 2.117e+00
#3383  3870   1 | 1.20e+00 6.09e-02 +0.762  0.93 | 9.89e-01 1.49e-01 +0.139  0.98 | 1.4e+00 4.1e+00 2.297e+00
#3384  1472   1 | 1.09e+00 2.58e-02 +0.091  1.00 | 9.37e-01 9.99e-02 -0.051  1.02 | 1.4e+00 4.0e+00 2.078e+00
#3385  1944   1 | 8.27e-01 2.31e-02 -0.316  1.02 | 9.54e-01 1.22e-01 +0.075  1.00 | 1.6e+00 4.3e+00 1.604e+00
#3386   968   1 | 7.01e-01 5.75e-02 +0.061  1.00 | 1.00e+00 6.43e-02 -0.021  1.01 | 1.4e+00 4.7e+00 1.502e+00
#3387  3559   1 | 1.09e+00 6.99e-02 -0.016  1.01 | 9.70e-01 1.36e-01 +0.071  1.00 | 1.5e+00 4.4e+00 2.134e+00
#3388  3587   1 | 9.88e-01 2.75e-02 +0.109  0.99 | 1.06e+00 6.06e-02 +0.125  0.99 | 1.6e+00 3.7e+00 2.077e+00
#3389  2575   1 | 1.11e+00 1.74e-02 +0.359  0.99 | 1.13e+00 8.09e-02 +0.151  0.98 | 1.7e+00 4.2e+00 2.488e+00
#3390  4855   1 | 9.68e-01 5.75e-02 -0.084  1.01 | 1.06e+00 7.60e-02 +0.259  0.97 | 1.3e+00 4.0e+00 2.046e+00
#3391   995   1 | 4.46e-01 6.15e-02 +0.113  0.99 | 1.00e+00 4.47e-02 +0.029  1.00 | 1.4e+00 3.5e+00 1.199e+00
#3392  1023   1 | 9.98e-01 1.17e-02 +0.207  1.00 | 8.61e-01 9.98e-02 +0.074  1.00 | 1.4e+00 4.8e+00 1.730e+00
#3393  1541   1 | 9.22e-01 2.10e-02 +0.793  0.96 | 9.51e-01 9.39e-02 -0.121  1.03 | 1.4e+00 4.2e+00 1.754e+00
#3394  3579   1 | 1.03e+00 1.17e-02 -0.075  1.00 | 1.13e+00 9.56e-02 +0.168  0.98 | 1.5e+00 4.0e+00 2.329e+00
#3395  3199   1 | 1.30e+00 9.99e-02 -0.021  1.01 | 9.64e-01 7.68e-02 +0.206  0.97 | 1.5e+00 3.8e+00 2.607e+00
#3396   953   1 | 1.02e+00 3.98e-02 -0.163  1.01 | 9.92e-01 4.44e-02 +0.064  1.00 | 1.4e+00 3.6e+00 2.045e+00
#3397   417   1 | 1.12e+00 6.84e-02 -0.019  1.01 | 1.01e+00 6.77e-02 +0.086  0.99 | 1.4e+00 4.1e+00 2.273e+00
#3398  3792   1 | 1.04e+00 9.05e-02 +0.505  0.92 | 1.03e+00 1.13e-01 -0.022  1.02 | 1.5e+00 3.8e+00 2.081e+00
#3399  2605   1 | 5.61e-01 5.05e-02 -0.528  1.10 | 1.04e+00 1.00e-01 +0.006  1.01 | 1.6e+00 3.9e+00 1.442e+00
#3400   933   1 | 1.08e+00 2.18e-02 -0.750  1.03 | 1.04e+00 4.37e-02 +0.057  1.00 | 1.4e+00 3.9e+00 2.286e+00
#3401  3752   1 | 1.02e+00 7.56e-02 +0.698  0.90 | 9.45e-01 1.05e-01 +0.079  0.99 | 1.5e+00 4.2e+00 1.832e+00
#3402  4353   1 | 1.41e+00 1.27e-01 +0.608  0.90 | 1.01e+00 1.07e-01 +0.228  0.96 | 1.4e+00 4.3e+00 2.774e+00
#3403  1344   1 | 1.22e+00 8.10e-02 -0.367  1.05 | 1.10e+00 5.26e-02 +0.099  0.99 | 1.5e+00 4.0e+00 2.785e+00
#3404  2056   1 | 1.20e+00 1.01e-01 -0.287  1.05 | 9.11e-01 9.92e-02 -0.031  1.02 | 1.7e+00 4.0e+00 2.376e+00
#3405  3039   1 | 1.07e+00 2.25e-01 +0.390  0.88 | 9.93e-01 4.73e-02 +0.073  1.00 | 1.4e+00 3.8e+00 1.996e+00
#3406  2266   1 | 1.14e+00 1.45e-02 -0.020  1.00 | 9.88e-01 6.78e-02 +0.070  1.00 | 1.5e+00 3.9e+00 2.269e+00
#3407  2097   1 | 6.27e-01 1.28e-01 -0.129  1.09 | 1.03e+00 9.91e-02 +0.172  0.98 | 1.6e+00 3.8e+00 1.463e+00
#3408   401   1 | 9.07e-01 2.64e-01 +0.113  1.02 | 9.18e-01 7.75e-02 -0.031  1.01 | 1.5e+00 4.2e+00 1.691e+00
#3409   818   1 | 9.65e-01 1.11e-01 +0.015  1.01 | 1.03e+00 7.06e-02 -0.149  1.03 | 1.5e+00 4.3e+00 2.032e+00
#3410  3155   1 | 8.36e-01 8.29e-02 -0.383  1.09 | 9.54e-01 8.41e-02 +0.120  0.99 | 1.6e+00 4.3e+00 1.657e+00
#3411   308   1 | 4.46e-01 4.07e-02 -0.068  1.02 | 1.00e+00 4.15e-02 +0.169  0.99 | 1.5e+00 3.8e+00 1.194e+00
#3412  2609   1 | 1.30e+00 7.90e-02 -0.264  1.04 | 1.09e+00 5.97e-02 +0.061  1.00 | 1.7e+00 4.3e+00 2.947e+00
#3413  2569   1 | 9.65e-01 1.78e-03 -0.577  1.00 | 9.60e-01 4.31e-02 -0.005  1.00 | 1.7e+00 3.6e+00 1.856e+00
#3414  2247   1 | 1.02e+00 8.72e-02 +0.171  0.98 | 9.92e-01 6.13e-02 +0.023  1.00 | 1.5e+00 3.5e+00 2.008e+00
#3415  1532   1 | 8.25e-01 3.32e-02 +0.399  0.97 | 9.42e-01 5.08e-02 -0.174  1.02 | 1.4e+00 3.6e+00 1.566e+00
#3416  4182   1 | 5.71e-01 9.32e-02 +0.204  0.96 | 9.77e-01 8.95e-02 +0.229  0.97 | 1.4e+00 4.3e+00 1.236e+00
#3417  4157   1 | 1.08e+00 1.99e-01 +0.536  0.84 | 9.68e-01 8.25e-02 +0.196  0.97 | 1.3e+00 4.9e+00 1.888e+00
#3418  2454   1 | 7.31e-01 3.73e-02 -0.244  1.03 | 9.46e-01 5.72e-02 +0.045  1.00 | 1.6e+00 3.6e+00 1.442e+00
#3419  3941   1 | 5.71e-01 9.48e-02 -0.399  1.16 | 1.03e+00 7.76e-02 +0.152  0.98 | 1.4e+00 4.2e+00 1.418e+00
#3420  3580   1 | 1.07e+00 6.39e-02 +0.176  0.98 | 9.97e-01 1.18e-01 +0.193  0.97 | 1.6e+00 4.5e+00 2.081e+00
#3421  3343   1 | 1.41e+00 1.12e-01 +0.597  0.91 | 1.01e+00 1.02e-01 +0.133  0.98 | 1.6e+00 3.8e+00 2.814e+00
#3422  3912   1 | 1.32e+00 1.11e-01 -0.153  1.03 | 1.02e+00 1.09e-01 +0.218  0.96 | 1.4e+00 4.4e+00 2.808e+00
#3423  2845   1 | 8.63e-01 3.09e-02 +0.237  0.98 | 9.10e-01 6.63e-02 +0.054  1.00 | 1.7e+00 3.5e+00 1.559e+00
#3424   978   1 | 1.04e+00 2.84e-02 -0.278  1.02 | 1.02e+00 1.41e-02 +0.226  0.99 | 1.6e+00 3.4e+00 2.138e+00
#3425  1179   1 | 7.01e-01 6.17e-03 +0.119  1.00 | 1.00e+00 5.60e-02 +0.135  0.99 | 1.5e+00 4.0e+00 1.483e+00
#3426  2393   1 | 1.10e+00 1.21e-02 +0.714  0.98 | 1.02e+00 6.27e-02 -0.041  1.01 | 1.6e+00 4.0e+00 2.242e+00
#3427   928   1 | 1.00e+00 1.62e-02 +0.349  0.99 | 1.07e+00 5.91e-02 +0.121  0.99 | 1.4e+00 4.0e+00 2.137e+00
#3428   348   1 | 1.04e+00 9.70e-02 +0.204  0.97 | 8.36e-01 7.14e-02 +0.004  1.01 | 1.5e+00 4.1e+00 1.756e+00
#3429    43   1 | 1.65e+00 8.46e-02 +0.157  0.99 | 9.65e-01 6.12e-02 +0.049  1.00 | 1.5e+00 3.9e+00 3.628e+00
#3430  1039   1 | 1.08e+00 2.02e-02 +0.834  0.97 | 1.04e+00 4.90e-02 +0.058  1.00 | 1.5e+00 3.8e+00 2.213e+00
#3431   418   1 | 9.75e-01 1.24e-01 +0.692  0.84 | 1.04e+00 4.89e-02 +0.217  0.98 | 1.5e+00 4.2e+00 1.865e+00
#3432   826   1 | 1.35e+00 1.10e-02 +0.703  0.99 | 1.00e+00 2.67e-02 +0.011  1.00 | 1.5e+00 3.8e+00 2.797e+00
#3433  1264   1 | 1.31e+00 1.07e-02 +0.705  0.99 | 1.04e+00 8.37e-02 +0.106  0.99 | 1.5e+00 4.1e+00 2.753e+00
#3434   178   1 | 4.94e-01 5.75e-02 -0.067  1.03 | 1.12e+00 7.21e-02 -0.009  1.01 | 1.5e+00 3.6e+00 1.506e+00
#3435  3684   1 | 1.12e+00 2.82e-02 +0.275  0.99 | 1.06e+00 8.52e-02 +0.234  0.97 | 1.6e+00 3.7e+00 2.326e+00
#3436    91   1 | 1.31e+00 1.21e-01 +0.162  0.98 | 1.01e+00 4.62e-02 +0.025  1.00 | 1.5e+00 3.7e+00 2.709e+00
#3437  1924   1 | 1.29e+00 1.79e-01 +0.261  0.95 | 9.27e-01 1.17e-01 +0.120  0.99 | 1.7e+00 3.9e+00 2.434e+00
#3438  3239   1 | 6.19e-01 4.72e-02 +0.579  0.92 | 1.08e+00 6.90e-02 +0.105  0.99 | 1.6e+00 4.0e+00 1.515e+00
#3439  4004   1 | 8.52e-01 1.06e-02 -0.704  1.02 | 1.01e+00 6.06e-02 +0.049  1.00 | 1.5e+00 3.6e+00 1.762e+00
#3440  2160   1 | 9.62e-01 3.90e-03 +0.428  1.00 | 1.06e+00 8.91e-02 +0.136  0.98 | 1.7e+00 3.9e+00 2.037e+00
#3441   851   1 | 1.09e+00 4.90e-02 -0.111  1.01 | 9.37e-01 7.10e-02 -0.202  1.04 | 1.5e+00 4.3e+00 2.107e+00
#3442   661   1 | 1.11e+00 4.15e-02 +0.126  0.99 | 9.80e-01 6.74e-02 -0.072  1.01 | 1.6e+00 4.2e+00 2.206e+00
#3443  1902   1 | 1.32e+00 1.89e-01 +0.672  0.83 | 1.12e+00 1.14e-01 +0.083  0.99 | 1.6e+00 4.5e+00 2.691e+00
#3444  4456   1 | 1.20e+00 6.73e-02 -0.537  1.06 | 1.05e+00 9.53e-02 +0.171  0.98 | 1.4e+00 4.2e+00 2.610e+00
#3445  4804   1 | 1.29e+00 1.44e-01 -0.018  1.02 | 9.64e-01 8.70e-02 +0.367  0.94 | 1.5e+00 3.9e+00 2.565e+00
#3446  4739   1 | 8.77e-01 2.43e-01 +0.415  0.85 | 9.15e-01 8.62e-02 -0.058  1.02 | 1.5e+00 4.1e+00 1.505e+00
#3447  4066   1 | 1.04e+00 1.78e-01 -0.056  1.05 | 1.13e+00 8.65e-02 +0.293  0.96 | 1.5e+00 4.2e+00 2.369e+00
#3448  1638   1 | 1.05e+00 2.65e-01 +0.800  0.66 | 1.08e+00 1.24e-01 +0.106  0.99 | 1.6e+00 5.1e+00 1.884e+00
#3449  4022   1 | 1.10e+00 2.28e-01 +0.129  0.99 | 1.08e+00 9.16e-02 +0.289  0.96 | 1.5e+00 4.1e+00 2.328e+00
#3450  2080   1 | 4.71e-01 2.12e-01 +0.109  1.10 | 9.87e-01 7.51e-02 +0.279  0.96 | 1.8e+00 3.9e+00 1.184e+00
#3451  4653   1 | 1.30e+00 2.87e-02 +0.030  1.00 | 1.08e+00 1.10e-01 +0.248  0.96 | 1.5e+00 4.0e+00 2.811e+00
#3452   433   1 | 1.23e+00 2.07e-01 +0.768  0.77 | 9.89e-01 9.10e-02 +0.043  1.00 | 1.7e+00 4.4e+00 2.151e+00
#3453  3030   1 | 1.39e+00 8.14e-03 -0.136  1.00 | 1.03e+00 6.99e-02 -0.014  1.01 | 1.7e+00 3.5e+00 2.989e+00
#3454  3357   1 | 5.74e-01 3.61e-02 +0.495  0.94 | 1.04e+00 1.18e-01 +0.079  0.99 | 1.7e+00 4.4e+00 1.391e+00
#3455  3980   1 | 8.78e-01 2.34e-01 +0.784  0.65 | 9.51e-01 1.07e-01 +0.125  0.98 | 1.6e+00 4.4e+00 1.394e+00
#3456  4859   1 | 7.50e-01 4.52e-03 -0.018  1.00 | 9.59e-01 7.75e-02 +0.339  0.95 | 1.6e+00 4.0e+00 1.437e+00
#3457  1225   1 | 5.12e-01 2.80e-02 -0.041  1.01 | 9.97e-01 8.33e-02 +0.082  0.99 | 1.8e+00 4.0e+00 1.252e+00
#3458  2129   1 | 1.10e+00 1.67e-02 -0.117  1.00 | 9.82e-01 1.01e-01 +0.114  0.99 | 1.9e+00 3.9e+00 2.175e+00
#3459  1477   1 | 1.12e+00 1.66e-02 +0.035  1.00 | 1.01e+00 7.23e-02 +0.067  1.00 | 1.8e+00 3.6e+00 2.267e+00
#3460   485   1 | 1.18e+00 7.56e-02 -0.467  1.06 | 9.58e-01 8.36e-02 +0.049  1.00 | 1.9e+00 3.9e+00 2.396e+00
#3461  1783   1 | 1.14e+00 8.12e-02 +0.698  0.91 | 9.75e-01 7.65e-02 -0.053  1.01 | 1.9e+00 4.0e+00 2.143e+00
#3462  1608   1 | 9.71e-01 7.70e-02 +0.245  0.97 | 1.02e+00 7.74e-02 +0.063  1.00 | 1.7e+00 3.6e+00 1.944e+00
#3463   763   1 | 9.98e-01 3.08e-01 +0.672  0.68 | 9.45e-01 7.64e-02 -0.066  1.02 | 1.8e+00 4.1e+00 1.587e+00
#3464  3082   1 | 9.70e-01 1.68e-01 -0.531  1.21 | 1.07e+00 5.79e-02 +0.187  0.98 | 2.0e+00 3.7e+00 2.277e+00
#3465   513   1 | 9.69e-01 3.59e-02 +0.134  0.99 | 1.06e+00 7.79e-02 -0.119  1.02 | 1.8e+00 4.1e+00 2.077e+00
#3466  2090   1 | 9.99e-01 2.71e-02 -0.121  1.01 | 8.61e-01 1.13e-01 +0.176  0.97 | 2.1e+00 3.7e+00 1.725e+00
#3467   693   1 | 5.78e-01 1.32e-01 -0.201  1.14 | 1.05e+00 7.86e-02 +0.035  1.00 | 1.8e+00 3.9e+00 1.490e+00
#3468  1093   1 | 1.15e+00 1.17e-02 -0.073  1.00 | 9.43e-01 6.87e-02 +0.124  0.99 | 1.8e+00 4.1e+00 2.193e+00
#3469  4019   1 | 1.23e+00 1.18e-01 -0.365  1.08 | 1.10e+00 7.89e-02 +0.091  0.99 | 1.8e+00 3.6e+00 2.850e+00
#3470  2985   1 | 7.18e-01 2.49e-01 +0.568  0.73 | 1.09e+00 1.43e-01 +0.050  1.00 | 1.9e+00 4.3e+00 1.563e+00
#3471   730   1 | 1.07e+00 7.69e-02 +0.503  0.93 | 1.03e+00 8.12e-02 -0.054  1.01 | 1.8e+00 4.2e+00 2.141e+00
#3472  3947   1 | 1.10e+00 2.05e-01 +0.381  0.89 | 1.05e+00 1.15e-01 +0.365  0.93 | 1.8e+00 4.2e+00 2.101e+00
#3473  4985   1 | 6.58e-01 2.74e-01 +0.015  1.16 | 1.07e+00 1.26e-01 +0.204  0.97 | 1.7e+00 4.5e+00 1.607e+00
#3474  2326   1 | 7.41e-01 1.75e-01 -0.309  1.20 | 9.49e-01 8.15e-02 +0.099  0.99 | 1.9e+00 3.9e+00 1.553e+00
#3475  3778   1 | 1.17e+00 1.76e-01 +0.492  0.87 | 1.17e+00 1.20e-01 +0.158  0.98 | 2.0e+00 3.6e+00 2.525e+00
#3476   313   1 | 1.07e+00 5.84e-02 +0.016  1.00 | 9.70e-01 1.10e-01 -0.077  1.03 | 1.8e+00 4.0e+00 2.118e+00
#3477  1958   1 | 1.12e+00 8.90e-02 +0.478  0.93 | 1.13e+00 1.07e-01 +0.006  1.01 | 2.1e+00 3.9e+00 2.458e+00
#3478  4706   1 | 9.05e-01 1.52e-01 -0.093  1.06 | 9.18e-01 1.09e-01 +0.184  0.97 | 1.7e+00 4.5e+00 1.685e+00
#3479  3300   1 | 1.41e+00 2.09e-01 +0.590  0.85 | 1.01e+00 1.32e-01 +0.136  0.98 | 2.0e+00 4.4e+00 2.683e+00
#3480  4573   1 | 1.01e+00 2.62e-02 -0.053  1.00 | 1.13e+00 8.03e-02 +0.161  0.98 | 1.7e+00 3.6e+00 2.292e+00
#3481   201   1 | 9.57e-01 4.43e-02 +0.526  0.95 | 1.07e+00 6.53e-02 -0.025  1.01 | 1.9e+00 3.6e+00 2.036e+00
#3482  2157   1 | 6.58e-01 1.42e-02 -0.041  1.00 | 1.07e+00 1.25e-01 +0.008  1.01 | 2.0e+00 4.0e+00 1.592e+00
#3483  4046   1 | 1.09e+00 2.44e-01 +0.107  1.00 | 9.80e-01 1.00e-01 +0.248  0.96 | 1.9e+00 4.0e+00 2.106e+00
#3484  3541   1 | 1.09e+00 4.11e-02 +0.730  0.95 | 1.02e+00 8.91e-02 +0.267  0.96 | 2.0e+00 3.3e+00 2.112e+00
#3485  1142   1 | 1.30e+00 3.09e-02 +0.260  0.99 | 9.27e-01 7.45e-02 +0.057  1.00 | 1.9e+00 4.1e+00 2.515e+00
#3486  2970   1 | 6.34e-01 4.05e-02 +0.113  0.99 | 1.03e+00 1.05e-01 -0.017  1.01 | 2.1e+00 3.9e+00 1.472e+00
#3487  2374   1 | 5.15e-01 2.67e-01 -0.129  1.40 | 9.97e-01 1.04e-01 +0.120  0.99 | 2.0e+00 3.7e+00 1.351e+00
#3488  2116   1 | 8.24e-01 1.67e-01 +0.720  0.75 | 1.01e+00 1.03e-01 +0.131  0.98 | 2.1e+00 4.0e+00 1.519e+00
#3489  4943   1 | 4.67e-01 2.41e-01 -0.094  1.37 | 9.87e-01 9.57e-02 +0.206  0.97 | 1.8e+00 4.3e+00 1.242e+00
#3490  2376   1 | 1.09e+00 2.68e-02 +0.101  1.00 | 9.37e-01 9.09e-02 +0.050  1.00 | 2.1e+00 3.8e+00 2.064e+00
#3491  4578   1 | 1.65e+00 1.53e-01 +0.167  0.98 | 9.65e-01 9.84e-02 +0.066  1.00 | 1.8e+00 4.3e+00 3.594e+00
#3492   418   1 | 1.14e+00 5.70e-02 -0.688  1.07 | 9.75e-01 6.68e-02 -0.049  1.01 | 1.9e+00 4.0e+00 2.363e+00
#3493  1169   1 | 7.71e-01 1.77e-01 +0.341  0.90 | 9.59e-01 1.11e-01 +0.065  1.00 | 2.0e+00 4.2e+00 1.450e+00
#3494  1634   1 | 1.31e+00 2.67e-01 +0.163  0.98 | 1.01e+00 8.95e-02 +0.069  1.00 | 2.0e+00 4.0e+00 2.693e+00
#3495  1203   1 | 1.20e+00 2.20e-01 +0.525  0.84 | 1.05e+00 7.28e-02 +0.068  1.00 | 2.0e+00 3.7e+00 2.328e+00
#3496  2951   1 | 4.52e-01 1.77e-01 +0.088  1.08 | 1.00e+00 8.29e-02 -0.018  1.01 | 2.3e+00 4.3e+00 1.235e+00
#3497  4320   1 | 8.37e-01 2.22e-01 -0.410  1.29 | 9.42e-01 1.26e-01 +0.230  0.96 | 1.9e+00 4.0e+00 1.750e+00
#3498  2662   1 | 1.38e+00 7.07e-02 -0.166  1.02 | 1.03e+00 1.05e-01 +0.015  1.01 | 2.2e+00 4.3e+00 3.015e+00
#3499   197   1 | 1.32e+00 3.70e-01 +0.669  0.70 | 1.12e+00 1.47e-01 +0.129  0.98 | 2.1e+00 4.3e+00 2.468e+00
#3500  3095   1 | 1.30e+00 8.45e-02 -0.265  1.04 | 1.09e+00 5.72e-02 +0.079  0.99 | 2.2e+00 3.7e+00 2.938e+00
#3501  1122   1 | 8.53e-01 1.83e-01 -0.247  1.15 | 9.10e-01 9.23e-02 -0.088  1.03 | 2.0e+00 4.4e+00 1.689e+00
#3502  4307   1 | 1.08e+00 3.24e-01 +0.398  0.85 | 9.93e-01 1.25e-01 +0.143  0.98 | 1.9e+00 4.3e+00 1.960e+00
#3503   933   1 | 1.29e+00 1.45e-01 +0.013  1.01 | 1.08e+00 5.65e-02 +0.005  1.00 | 1.9e+00 3.6e+00 2.854e+00
#3504  2754   1 | 5.56e-01 1.68e-01 -0.385  1.33 | 1.03e+00 9.35e-02 +0.112  0.99 | 2.5e+00 4.1e+00 1.455e+00
#3505  1905   1 | 1.07e+00 3.24e-01 -0.028  1.11 | 9.70e-01 1.08e-01 -0.044  1.02 | 2.2e+00 3.9e+00 2.238e+00
#3506   179   1 | 7.01e-01 8.16e-03 +0.211  1.00 | 1.00e+00 8.78e-02 +0.032  1.00 | 1.9e+00 3.7e+00 1.496e+00
#3507  1519   1 | 1.04e+00 1.33e-01 +0.278  0.95 | 1.02e+00 5.97e-02 +0.088  0.99 | 1.9e+00 3.8e+00 2.058e+00
#3508  3922   1 | 1.07e+00 1.01e-01 +0.151  0.98 | 9.97e-01 7.76e-02 +0.016  1.00 | 2.0e+00 3.6e+00 2.116e+00
#3509  2229   1 | 1.13e+00 1.28e-01 -0.386  1.10 | 1.05e+00 8.98e-02 +0.253  0.96 | 2.0e+00 4.5e+00 2.468e+00
#3510  3618   1 | 4.99e-01 2.41e-01 +0.040  1.19 | 1.12e+00 8.55e-02 +0.046  1.00 | 2.0e+00 3.9e+00 1.544e+00
#3511  2611   1 | 1.08e+00 1.14e-01 -0.535  1.12 | 9.68e-01 5.28e-02 +0.140  0.99 | 2.2e+00 3.3e+00 2.236e+00
#3512  1977   1 | 1.11e+00 1.83e-01 +0.295  0.93 | 1.06e+00 9.94e-02 +0.011  1.01 | 2.1e+00 4.6e+00 2.271e+00
#3513  1258   1 | 1.10e+00 5.42e-02 +0.168  0.99 | 1.08e+00 5.58e-02 +0.092  0.99 | 1.9e+00 3.8e+00 2.347e+00
#3514   840   1 | 1.18e+00 1.93e-01 -0.459  1.18 | 9.58e-01 6.56e-02 -0.111  1.02 | 1.8e+00 3.8e+00 2.572e+00
#3515  1843   1 | 1.31e+00 1.21e-01 +0.639  0.89 | 1.04e+00 8.93e-02 +0.163  0.98 | 2.0e+00 4.2e+00 2.570e+00
#3516  4403   1 | 8.24e-01 1.89e-01 +0.371  0.88 | 9.54e-01 1.21e-01 +0.371  0.92 | 1.7e+00 4.1e+00 1.437e+00
#3517  3074   1 | 6.15e-01 8.70e-02 +0.591  0.85 | 1.08e+00 8.46e-02 +0.234  0.97 | 2.0e+00 4.2e+00 1.461e+00
#3518  1036   1 | 9.64e-01 1.15e-01 +0.086  0.99 | 1.06e+00 5.00e-02 +0.009  1.00 | 1.9e+00 4.1e+00 2.057e+00
#3519  4331   1 | 7.38e-01 1.19e-01 +0.310  0.93 | 9.49e-01 1.04e-01 +0.273  0.95 | 1.7e+00 4.3e+00 1.363e+00
#3520   923   1 | 1.22e+00 1.06e-01 +0.367  0.94 | 1.10e+00 7.86e-02 +0.041  1.00 | 1.7e+00 4.1e+00 2.630e+00
#3521  4241   1 | 1.14e+00 2.63e-01 +0.028  1.04 | 9.88e-01 9.82e-02 +0.048  1.00 | 1.7e+00 3.6e+00 2.325e+00
#3522  1834   1 | 5.55e-01 7.95e-03 -0.431  1.01 | 1.04e+00 8.33e-02 -0.047  1.01 | 2.0e+00 3.6e+00 1.414e+00
#3523  2442   1 | 5.72e-01 3.02e-01 +0.210  1.06 | 9.77e-01 9.37e-02 -0.061  1.02 | 2.0e+00 3.7e+00 1.321e+00
#3524  1349   1 | 8.89e-01 1.27e-02 +0.316  0.99 | 9.15e-01 1.07e-01 -0.109  1.04 | 1.8e+00 4.2e+00 1.653e+00
#3525  4165   1 | 1.31e+00 1.63e-01 -0.012  1.02 | 9.64e-01 1.46e-01 +0.288  0.94 | 1.6e+00 4.6e+00 2.610e+00
#3526  3698   1 | 1.14e+00 3.31e-01 +0.020  1.07 | 9.43e-01 1.37e-01 +0.203  0.96 | 1.7e+00 4.1e+00 2.249e+00
#3527  2212   1 | 7.09e-01 2.49e-01 +0.564  0.73 | 1.09e+00 9.19e-02 -0.079  1.02 | 1.9e+00 3.9e+00 1.573e+00
#3528   656   1 | 1.23e+00 7.07e-02 +0.759  0.92 | 9.89e-01 7.16e-02 +0.084  0.99 | 1.7e+00 3.7e+00 2.365e+00
#3529  3984   1 | 9.84e-01 4.43e-02 +0.500  0.96 | 9.60e-01 9.99e-02 +0.147  0.98 | 1.8e+00 4.0e+00 1.830e+00
#3530  1771   1 | 1.11e+00 1.81e-01 +0.133  0.98 | 9.82e-01 1.27e-01 -0.029  1.02 | 1.7e+00 4.6e+00 2.190e+00
#3531  3136   1 | 1.00e+00 2.54e-01 +0.149  0.99 | 8.61e-01 1.45e-01 +0.210  0.96 | 1.9e+00 4.2e+00 1.703e+00
#3532   742   1 | 1.04e+00 2.24e-02 +0.233  0.99 | 8.36e-01 8.07e-02 -0.108  1.03 | 1.7e+00 3.7e+00 1.794e+00
#3533  3921   1 | 9.83e-01 3.61e-02 +0.365  0.97 | 1.07e+00 8.42e-02 -0.091  1.02 | 1.7e+00 3.5e+00 2.121e+00
#3534  2310   1 | 1.02e+00 2.83e-02 -0.167  1.01 | 9.92e-01 9.78e-02 -0.038  1.02 | 1.8e+00 3.9e+00 2.057e+00
#3535  4497   1 | 1.20e+00 2.81e-02 +0.284  0.99 | 9.11e-01 9.05e-02 +0.346  0.94 | 1.5e+00 4.0e+00 2.209e+00
#3536   732   1 | 1.12e+00 1.30e-01 -0.029  1.02 | 1.01e+00 8.14e-02 +0.094  0.99 | 1.6e+00 4.6e+00 2.289e+00
#3537  4917   1 | 9.69e-01 2.61e-03 +0.127  1.00 | 1.03e+00 1.46e-01 +0.172  0.97 | 1.6e+00 4.7e+00 1.973e+00
#3538   716   1 | 1.17e+00 9.31e-02 -0.501  1.09 | 1.17e+00 6.76e-02 +0.203  0.98 | 1.7e+00 3.7e+00 2.826e+00
#3539  2469   1 | 9.79e-01 1.86e-02 +0.728  0.97 | 1.04e+00 5.83e-02 +0.130  0.99 | 1.9e+00 3.6e+00 2.006e+00
#3540   151   1 | 1.07e+00 1.70e-01 +0.514  0.86 | 1.03e+00 9.00e-02 -0.052  1.02 | 1.6e+00 4.2e+00 2.064e+00
#3541  1839   1 | 1.04e+00 2.65e-01 +0.799  0.66 | 1.08e+00 1.19e-01 +0.118  0.99 | 1.8e+00 4.6e+00 1.880e+00
#3542   748   1 | 1.35e+00 3.14e-02 +0.676  0.97 | 1.00e+00 5.77e-02 +0.025  1.00 | 1.6e+00 4.0e+00 2.762e+00
#3543   133   1 | 9.23e-01 3.87e-02 +0.825  0.93 | 9.51e-01 6.37e-02 -0.025  1.01 | 1.6e+00 4.0e+00 1.705e+00
#3544  2271   1 | 5.81e-01 2.57e-01 +0.215  1.01 | 1.05e+00 1.13e-01 +0.092  0.99 | 1.7e+00 4.1e+00 1.438e+00
#3545  4516   1 | 1.12e+00 3.44e-02 +0.477  0.97 | 1.13e+00 6.65e-02 +0.338  0.96 | 1.6e+00 3.4e+00 2.464e+00
#3546  3246   1 | 1.32e+00 1.01e-01 -0.148  1.03 | 1.02e+00 8.41e-02 +0.194  0.97 | 1.8e+00 4.2e+00 2.801e+00
#3547  1799   1 | 9.99e-01 9.64e-03 -0.722  1.01 | 9.45e-01 7.94e-02 -0.132  1.03 | 1.8e+00 4.0e+00 1.933e+00
#3548  1041   1 | 9.69e-01 1.40e-01 +0.119  0.99 | 1.06e+00 7.83e-02 -0.108  1.02 | 1.8e+00 4.1e+00 2.070e+00
#3549  2235   1 | 9.71e-01 1.27e-01 -0.242  1.08 | 1.02e+00 8.03e-02 +0.073  0.99 | 1.8e+00 4.0e+00 2.049e+00
#3550  1929   1 | 1.08e+00 8.02e-02 +0.778  0.89 | 1.04e+00 8.22e-02 -0.050  1.01 | 1.9e+00 3.9e+00 2.132e+00
#3551  3562   1 | 7.38e-01 2.18e-01 +0.298  0.91 | 9.46e-01 9.05e-02 +0.106  0.99 | 1.9e+00 4.1e+00 1.382e+00
#3552  3421   1 | 1.10e+00 2.20e-01 +0.116  0.99 | 9.37e-01 7.08e-02 +0.086  0.99 | 1.8e+00 3.8e+00 2.084e+00
#3553   603   1 | 1.30e+00 3.10e-01 +0.263  0.93 | 9.27e-01 5.29e-02 +0.205  0.98 | 1.7e+00 4.2e+00 2.406e+00
#3554  3324   1 | 1.08e+00 1.40e-01 -0.126  1.05 | 9.82e-01 7.88e-02 +0.121  0.99 | 1.9e+00 4.4e+00 2.182e+00
#3555  2094   1 | 1.08e+00 7.73e-02 +0.413  0.95 | 9.93e-01 5.74e-02 +0.006  1.00 | 2.0e+00 3.7e+00 2.089e+00
#3556  3106   1 | 1.08e+00 4.91e-02 +0.027  1.00 | 9.70e-01 6.32e-02 +0.095  0.99 | 1.9e+00 3.8e+00 2.102e+00
#3557   980   1 | 9.75e-01 4.61e-02 -0.705  1.07 | 1.04e+00 2.85e-02 +0.195  0.99 | 1.7e+00 3.7e+00 2.091e+00
#3558  3033   1 | 8.98e-01 7.78e-02 -0.443  1.08 | 9.15e-01 5.90e-02 +0.038  1.00 | 1.8e+00 4.7e+00 1.711e+00
#3559   580   1 | 1.31e+00 2.04e-01 +0.159  0.97 | 1.01e+00 5.90e-02 +0.224  0.98 | 1.8e+00 3.9e+00 2.678e+00
#3560  1324   1 | 9.60e-01 1.20e-01 +0.475  0.90 | 9.60e-01 6.23e-02 +0.183  0.98 | 1.9e+00 3.9e+00 1.731e+00
#3561  3691   1 | 1.67e+00 5.64e-02 -0.181  1.01 | 9.65e-01 8.10e-02 +0.215  0.97 | 1.8e+00 4.5e+00 3.721e+00
#3562   888   1 | 9.07e-01 2.61e-01 +0.112  1.02 | 9.18e-01 6.44e-02 +0.037  1.00 | 1.7e+00 3.8e+00 1.680e+00
#3563  2467   1 | 1.30e+00 4.77e-02 -0.051  1.01 | 9.64e-01 8.32e-02 +0.015  1.00 | 2.0e+00 4.2e+00 2.622e+00
#3564  1381   1 | 7.02e-01 9.62e-02 +0.081  1.00 | 1.00e+00 5.92e-02 +0.131  0.99 | 1.7e+00 4.0e+00 1.483e+00
#3565  3926   1 | 9.83e-01 1.17e-02 +0.468  0.99 | 1.07e+00 7.71e-02 +0.053  1.00 | 1.7e+00 3.9e+00 2.109e+00
#3566  1117   1 | 1.18e+00 6.45e-02 +0.449  0.95 | 9.58e-01 5.52e-02 +0.026  1.00 | 1.7e+00 4.1e+00 2.243e+00
#3567   190   1 | 5.53e-01 1.99e-01 +0.488  0.78 | 1.04e+00 7.71e-02 +0.050  1.00 | 1.7e+00 4.0e+00 1.322e+00
#3568  1965   1 | 4.71e-01 1.07e-01 -0.111  1.10 | 9.87e-01 6.59e-02 +0.007  1.00 | 2.0e+00 3.7e+00 1.222e+00
#3569   875   1 | 1.04e+00 3.29e-02 +0.172  0.99 | 8.36e-01 6.18e-02 +0.031  1.00 | 1.6e+00 4.1e+00 1.773e+00
#3570  2321   1 | 1.20e+00 2.03e-01 +0.287  0.93 | 9.11e-01 6.81e-02 +0.213  0.97 | 1.8e+00 3.8e+00 2.155e+00
#3571  2085   1 | 7.74e-01 2.65e-01 +0.340  0.88 | 9.59e-01 1.17e-01 +0.149  0.98 | 1.9e+00 3.8e+00 1.429e+00
#3572  4721   1 | 1.09e+00 2.06e-01 +0.537  0.83 | 9.68e-01 1.10e-01 +0.263  0.95 | 1.5e+00 4.1e+00 1.880e+00
#3573  3903   1 | 1.26e+00 2.05e-01 -0.000  1.03 | 1.08e+00 9.57e-02 +0.204  0.97 | 1.7e+00 4.3e+00 2.768e+00
#3574  4804   1 | 1.08e+00 1.34e-01 +0.517  0.89 | 1.03e+00 1.66e-01 +0.163  0.97 | 1.6e+00 4.4e+00 2.069e+00
#3575  1198   1 | 1.23e+00 1.62e-01 +0.775  0.81 | 9.89e-01 5.29e-02 +0.045  1.00 | 1.7e+00 3.7e+00 2.211e+00
#3576  1341   1 | 9.64e-01 5.55e-02 -0.030  1.01 | 1.03e+00 5.27e-02 -0.068  1.01 | 1.7e+00 3.1e+00 2.011e+00
#3577  4560   1 | 1.14e+00 1.08e-01 +0.410  0.93 | 1.05e+00 1.25e-01 +0.335  0.93 | 1.6e+00 4.4e+00 2.239e+00
#3578  2358   1 | 1.11e+00 7.11e-02 -0.295  1.04 | 1.06e+00 7.20e-02 +0.052  1.00 | 1.8e+00 3.8e+00 2.401e+00
#3579  3245   1 | 1.39e+00 9.32e-02 -0.163  1.03 | 1.03e+00 7.95e-02 +0.029  1.00 | 1.8e+00 4.0e+00 3.038e+00
#3580  2854   1 | 1.30e+00 2.00e-02 -0.254  1.01 | 1.09e+00 6.94e-02 +0.154  0.98 | 1.9e+00 3.9e+00 2.881e+00
#3581  2330   1 | 6.58e-01 3.94e-01 +0.009  1.35 | 1.07e+00 1.39e-01 +0.101  0.99 | 1.9e+00 4.4e+00 1.717e+00
#3582  3374   1 | 1.09e+00 8.16e-02 -0.109  1.02 | 9.80e-01 7.70e-02 +0.032  1.00 | 1.9e+00 3.6e+00 2.183e+00
#3583  2792   1 | 9.10e-01 8.34e-02 -0.788  1.15 | 9.51e-01 1.03e-01 +0.116  0.99 | 1.9e+00 3.8e+00 1.847e+00
#3584  1585   1 | 4.47e-01 1.28e-02 +0.041  1.00 | 1.00e+00 9.53e-02 +0.018  1.01 | 1.8e+00 4.0e+00 1.208e+00
#3585  2747   1 | 1.02e+00 8.78e-02 +0.149  0.98 | 9.92e-01 1.25e-01 -0.143  1.05 | 2.0e+00 4.3e+00 2.059e+00
#3586  1317   1 | 5.69e-01 7.10e-02 -0.233  1.07 | 9.77e-01 1.08e-01 +0.125  0.98 | 1.8e+00 4.0e+00 1.288e+00
#3587  3748   1 | 1.17e+00 6.19e-02 -0.490  1.05 | 1.17e+00 1.38e-01 -0.017  1.02 | 1.8e+00 4.5e+00 2.825e+00
#3588   148   1 | 9.98e-01 1.06e-01 -0.137  1.04 | 8.61e-01 1.15e-01 +0.139  0.98 | 1.6e+00 4.0e+00 1.764e+00
#3589  3190   1 | 1.23e+00 7.58e-02 -0.351  1.05 | 1.10e+00 9.09e-02 +0.132  0.99 | 1.7e+00 3.8e+00 2.774e+00
#3590  2733   1 | 1.00e+00 7.06e-02 -0.688  1.10 | 9.45e-01 9.08e-02 -0.047  1.02 | 1.9e+00 3.9e+00 2.022e+00
#3591  3453   1 | 1.03e+00 6.39e-02 -0.264  1.04 | 1.02e+00 1.43e-01 +0.120  0.99 | 1.7e+00 4.5e+00 2.118e+00
#3592  3442   1 | 1.14e+00 8.65e-03 +0.119  1.00 | 9.43e-01 1.21e-01 +0.273  0.95 | 1.7e+00 3.9e+00 2.142e+00
#3593  3737   1 | 7.58e-01 2.07e-01 +0.334  0.89 | 9.49e-01 9.78e-02 +0.102  0.99 | 1.8e+00 4.4e+00 1.404e+00
#3594  1941   1 | 8.27e-01 1.19e-01 -0.369  1.13 | 9.54e-01 1.35e-01 +0.061  1.00 | 1.7e+00 4.5e+00 1.684e+00
#3595   640   1 | 5.96e-01 1.05e-01 +0.576  0.83 | 1.08e+00 9.68e-02 +0.072  1.00 | 1.6e+00 4.1e+00 1.463e+00
#3596   515   1 | 1.08e+00 8.85e-02 -0.143  1.03 | 9.97e-01 1.14e-01 +0.069  1.00 | 1.6e+00 4.1e+00 2.188e+00
#3597  4030   1 | 1.42e+00 2.16e-01 +0.602  0.84 | 1.01e+00 1.78e-01 +0.234  0.95 | 1.4e+00 4.7e+00 2.652e+00
#3598  4051   1 | 1.13e+00 5.69e-02 -0.029  1.01 | 9.88e-01 1.21e-01 +0.169  0.97 | 1.5e+00 4.1e+00 2.238e+00
#3599  1384   1 | 1.08e+00 6.46e-03 -0.826  1.01 | 1.04e+00 1.01e-01 -0.006  1.01 | 1.5e+00 3.8e+00 2.274e+00
#3600   845   1 | 9.57e-01 1.86e-01 -0.526  1.24 | 1.07e+00 7.13e-02 +0.095  0.99 | 1.5e+00 4.4e+00 2.283e+00
#3601  3634   1 | 8.51e-01 1.35e-01 -0.414  1.16 | 9.42e-01 1.42e-01 +0.231  0.95 | 1.7e+00 4.1e+00 1.683e+00
#3602   569   1 | 1.14e+00 1.12e-01 +0.696  0.87 | 9.75e-01 1.31e-01 -0.032  1.03 | 1.6e+00 4.1e+00 2.119e+00
#3603  3222   1 | 9.71e-01 1.88e-02 -0.304  1.01 | 1.02e+00 8.97e-02 +0.095  0.99 | 1.6e+00 4.0e+00 1.981e+00
#3604  2645   1 | 7.13e-01 1.23e-01 +0.568  0.83 | 1.09e+00 9.42e-02 -0.060  1.02 | 1.7e+00 3.8e+00 1.629e+00
#3605   116   1 | 1.35e+00 1.22e-01 -0.684  1.13 | 1.00e+00 1.20e-01 +0.020  1.01 | 1.5e+00 4.0e+00 3.069e+00
#3606  1225   1 | 1.05e+00 9.59e-03 -0.849  1.02 | 1.08e+00 1.36e-01 +0.156  0.98 | 1.5e+00 4.4e+00 2.263e+00
#3607  4261   1 | 1.30e+00 1.06e-01 +0.636  0.90 | 1.04e+00 1.15e-01 +0.200  0.97 | 1.4e+00 4.6e+00 2.570e+00
#3608  3743   1 | 8.83e-01 4.78e-02 +0.264  0.97 | 9.10e-01 8.13e-02 +0.089  0.99 | 1.5e+00 3.3e+00 1.581e+00
#3609   986   1 | 1.11e+00 1.98e-01 +0.732  0.77 | 1.02e+00 7.24e-02 -0.115  1.02 | 1.4e+00 3.8e+00 2.004e+00
#3610  4311   1 | 7.28e-01 3.47e-02 -0.224  1.02 | 9.46e-01 1.19e-01 +0.010  1.01 | 1.4e+00 4.2e+00 1.449e+00
#3611   608   1 | 9.69e-01 3.60e-02 +0.123  0.99 | 1.06e+00 8.85e-02 +0.006  1.01 | 1.5e+00 4.3e+00 2.058e+00
#3612  2558   1 | 1.20e+00 5.40e-02 -0.532  1.05 | 1.05e+00 7.17e-02 +0.081  0.99 | 1.7e+00 4.2e+00 2.607e+00
#3613  2159   1 | 1.32e+00 2.22e-03 +0.325  1.00 | 1.02e+00 8.68e-02 +0.139  0.98 | 1.6e+00 4.0e+00 2.756e+00
#3614  3171   1 | 5.20e-01 2.74e-01 +0.135  1.14 | 9.97e-01 1.38e-01 +0.078  1.00 | 1.6e+00 4.5e+00 1.298e+00
#3615  1835   1 | 4.95e-01 7.78e-02 -0.067  1.05 | 1.12e+00 1.05e-01 -0.152  1.04 | 1.6e+00 4.1e+00 1.550e+00
#3616  2704   1 | 1.12e+00 9.81e-02 +0.017  1.00 | 1.01e+00 1.05e-01 +0.134  0.98 | 1.8e+00 4.1e+00 2.266e+00
#3617  2489   1 | 1.11e+00 1.36e-01 +0.480  0.90 | 1.13e+00 9.43e-02 -0.005  1.01 | 1.6e+00 3.9e+00 2.408e+00
#3618  4645   1 | 1.01e+00 3.16e-02 -0.114  1.01 | 1.13e+00 9.96e-02 +0.297  0.96 | 1.5e+00 3.9e+00 2.255e+00
#3619  1934   1 | 5.48e-01 1.76e-02 -0.364  1.02 | 1.03e+00 1.19e-01 +0.032  1.01 | 1.6e+00 4.3e+00 1.373e+00
#3620  4427   1 | 5.75e-01 5.51e-02 -0.196  1.05 | 1.05e+00 8.18e-02 +0.235  0.97 | 1.4e+00 3.8e+00 1.420e+00
#3621  2033   1 | 8.24e-01 1.84e-01 +0.703  0.74 | 1.01e+00 7.70e-02 -0.067  1.02 | 1.6e+00 3.6e+00 1.542e+00
#3622  4072   1 | 1.10e+00 1.31e-01 +0.128  0.98 | 1.08e+00 9.55e-02 +0.334  0.95 | 1.4e+00 3.7e+00 2.313e+00
#3623  2950   1 | 6.34e-01 2.73e-03 +0.401  1.00 | 1.03e+00 6.73e-02 +0.110  0.99 | 1.6e+00 3.8e+00 1.448e+00
#3624  4078   1 | 9.61e-01 3.98e-02 +0.104  0.99 | 1.06e+00 1.23e-01 +0.283  0.95 | 1.5e+00 4.6e+00 1.990e+00
#3625  1370   1 | 1.32e+00 1.62e-01 +0.671  0.85 | 1.12e+00 1.21e-01 +0.107  0.99 | 1.5e+00 4.5e+00 2.728e+00
#3626  4461   1 | 1.18e+00 2.60e-02 -0.509  1.02 | 1.17e+00 8.12e-02 +0.163  0.98 | 1.5e+00 3.9e+00 2.756e+00
#3627  1624   1 | 9.71e-01 1.09e-02 -0.171  1.00 | 1.02e+00 8.30e-02 -0.012  1.01 | 1.5e+00 3.9e+00 1.991e+00
#3628  3313   1 | 1.13e+00 1.61e-01 +0.031  1.01 | 9.88e-01 9.85e-02 -0.161  1.04 | 1.6e+00 4.0e+00 2.313e+00
#3629   834   1 | 8.24e-01 1.00e-01 -0.408  1.11 | 9.42e-01 5.51e-02 +0.032  1.00 | 1.5e+00 4.0e+00 1.643e+00
#3630  3596   1 | 4.76e-01 6.18e-02 +0.133  0.98 | 9.87e-01 8.39e-02 +0.262  0.96 | 1.6e+00 4.1e+00 1.161e+00
#3631  1074   1 | 4.94e-01 4.76e-02 -0.034  1.02 | 1.12e+00 5.88e-02 +0.053  1.00 | 1.5e+00 3.8e+00 1.493e+00
#3632  2765   1 | 1.07e+00 2.34e-02 -0.095  1.00 | 9.97e-01 1.31e-01 +0.160  0.98 | 1.7e+00 4.4e+00 2.126e+00
#3633  1371   1 | 8.22e-01 2.70e-01 +0.714  0.64 | 1.01e+00 6.79e-02 -0.024  1.01 | 1.5e+00 4.0e+00 1.466e+00
#3634   958   1 | 9.60e-01 1.05e-01 +0.505  0.90 | 9.60e-01 4.45e-02 +0.210  0.98 | 1.5e+00 3.6e+00 1.737e+00
#3635  4600   1 | 5.08e-01 1.49e-01 +0.107  1.02 | 9.97e-01 1.14e-01 +0.207  0.97 | 1.5e+00 4.0e+00 1.224e+00
#3636   100   1 | 9.70e-01 8.03e-02 +0.114  0.99 | 1.06e+00 7.07e-02 -0.033  1.01 | 1.5e+00 4.2e+00 2.058e+00
#3637  1747   1 | 1.11e+00 1.55e-01 +0.114  0.99 | 9.80e-01 8.39e-02 -0.026  1.01 | 1.6e+00 4.0e+00 2.192e+00
#3638   588   1 | 1.02e+00 1.50e-01 -0.053  1.04 | 1.13e+00 7.15e-02 +0.106  0.99 | 1.5e+00 4.0e+00 2.345e+00
#3639  2853   1 | 1.14e+00 6.55e-02 +0.015  1.00 | 9.43e-01 9.67e-02 +0.241  0.96 | 1.6e+00 3.8e+00 2.165e+00
#3640  4516   1 | 9.17e-01 2.52e-01 +0.798  0.64 | 9.51e-01 7.39e-02 +0.204  0.97 | 1.4e+00 4.4e+00 1.417e+00
#3641  2002   1 | 1.66e+00 8.85e-02 +0.168  0.98 | 9.65e-01 9.40e-02 +0.079  0.99 | 1.6e+00 3.9e+00 3.624e+00
#3642   828   1 | 1.32e+00 2.51e-01 +0.161  0.98 | 1.02e+00 5.80e-02 +0.062  1.00 | 1.6e+00 4.1e+00 2.729e+00
#3643  1749   1 | 7.02e-01 3.61e-02 +0.100  0.99 | 1.00e+00 6.76e-02 +0.132  0.99 | 1.6e+00 4.0e+00 1.480e+00
#3644   644   1 | 1.38e+00 5.25e-02 -0.158  1.01 | 1.03e+00 5.60e-02 -0.019  1.01 | 1.6e+00 4.5e+00 2.987e+00
#3645  4587   1 | 5.83e-01 9.80e-02 +0.577  0.83 | 1.08e+00 1.14e-01 +0.300  0.95 | 1.5e+00 4.1e+00 1.398e+00
#3646   917   1 | 1.08e+00 1.87e-01 +0.531  0.85 | 9.68e-01 9.01e-02 +0.148  0.98 | 1.6e+00 3.9e+00 1.912e+00
#3647  3168   1 | 1.03e+00 4.89e-02 -0.261  1.03 | 1.02e+00 1.18e-01 -0.017  1.02 | 1.7e+00 4.2e+00 2.150e+00
#3648  1591   1 | 6.58e-01 1.10e-01 -0.002  1.03 | 1.07e+00 1.07e-01 +0.010  1.01 | 1.6e+00 4.7e+00 1.598e+00
#3649  4779   1 | 1.10e+00 5.42e-02 -0.274  1.03 | 1.06e+00 1.04e-01 +0.300  0.95 | 1.5e+00 4.0e+00 2.309e+00
#3650  4066   1 | 1.17e+00 1.09e-01 -0.253  1.06 | 9.11e-01 8.14e-02 +0.189  0.97 | 1.5e+00 3.4e+00 2.255e+00
#3651  2069   1 | 9.63e-01 2.29e-01 +0.075  1.02 | 1.06e+00 1.13e-01 +0.072  1.00 | 1.8e+00 3.8e+00 2.073e+00
#3652  1824   1 | 8.27e-01 1.05e-01 -0.383  1.11 | 9.54e-01 7.88e-02 +0.039  1.00 | 1.7e+00 3.8e+00 1.672e+00
#3653  2118   1 | 4.48e-01 4.65e-02 -0.083  1.03 | 1.00e+00 1.30e-01 +0.108  0.99 | 1.7e+00 4.0e+00 1.198e+00
#3654  2185   1 | 1.08e+00 3.41e-02 +0.356  0.98 | 9.93e-01 1.45e-01 +0.027  1.01 | 1.6e+00 4.3e+00 2.137e+00
#3655  4149   1 | 1.33e+00 1.22e-01 +0.675  0.88 | 1.00e+00 1.01e-01 +0.036  1.00 | 1.5e+00 3.7e+00 2.569e+00
#3656  3683   1 | 1.00e+00 3.38e-02 +0.191  0.99 | 8.61e-01 1.32e-01 +0.272  0.94 | 1.6e+00 4.3e+00 1.694e+00
#3657  3142   1 | 7.34e-01 3.08e-02 +0.261  0.98 | 9.46e-01 9.93e-02 -0.008  1.01 | 1.6e+00 4.1e+00 1.435e+00
#3658  3005   1 | 1.22e+00 1.66e-02 -0.431  1.01 | 1.10e+00 9.45e-02 +0.197  0.97 | 1.6e+00 3.7e+00 2.706e+00
#3659  3722   1 | 5.82e-01 1.57e-02 -0.543  1.03 | 1.04e+00 9.57e-02 +0.014  1.01 | 1.7e+00 3.8e+00 1.441e+00
#3660  2264   1 | 1.29e+00 1.17e-01 +0.263  0.96 | 9.27e-01 1.13e-01 +0.118  0.99 | 1.6e+00 3.8e+00 2.455e+00
#3661  3994   1 | 5.69e-01 9.10e-03 -0.391  1.01 | 1.03e+00 1.12e-01 +0.120  0.99 | 1.6e+00 3.9e+00 1.371e+00
#3662  3145   1 | 1.12e+00 1.45e-01 -0.683  1.19 | 9.75e-01 1.60e-01 +0.121  0.99 | 1.7e+00 4.4e+00 2.444e+00
#3663  1877   1 | 5.70e-01 1.78e-01 -0.208  1.23 | 9.77e-01 1.30e-01 +0.072  1.00 | 1.6e+00 4.0e+00 1.352e+00
#3664  2789   1 | 1.12e+00 3.53e-02 -0.031  1.00 | 1.01e+00 9.22e-02 +0.016  1.01 | 1.7e+00 4.1e+00 2.287e+00
#3665  4037   1 | 1.02e+00 3.16e-02 +0.109  0.99 | 9.92e-01 1.17e-01 +0.087  0.99 | 1.5e+00 4.2e+00 2.015e+00
#3666  2399   1 | 1.13e+00 1.46e-01 -0.386  1.12 | 1.05e+00 1.02e-01 +0.238  0.96 | 1.7e+00 4.4e+00 2.483e+00
#3667  4093   1 | 8.80e-01 1.32e-01 +0.253  0.95 | 9.10e-01 1.10e-01 +0.076  1.00 | 1.5e+00 4.0e+00 1.558e+00
#3668  4527   1 | 7.32e-01 1.30e-01 +0.298  0.93 | 9.49e-01 1.12e-01 +0.290  0.95 | 1.4e+00 3.7e+00 1.348e+00
#3669  4082   1 | 7.27e-01 3.98e-03 -0.402  1.00 | 1.09e+00 1.22e-01 +0.213  0.96 | 1.5e+00 4.1e+00 1.673e+00
#3670  3797   1 | 1.04e+00 1.39e-01 +0.762  0.81 | 1.04e+00 8.82e-02 +0.244  0.97 | 1.6e+00 4.0e+00 1.923e+00
#3671  4666   1 | 1.22e+00 1.04e-01 -0.547  1.10 | 1.05e+00 9.34e-02 +0.218  0.97 | 1.4e+00 4.3e+00 2.704e+00
#3672   726   1 | 1.07e+00 8.51e-02 +0.036  1.00 | 9.70e-01 7.63e-02 +0.039  1.00 | 1.6e+00 4.3e+00 2.089e+00
#3673  2921   1 | 5.85e-01 1.30e-01 +0.216  0.95 | 1.05e+00 1.07e-01 +0.206  0.97 | 1.6e+00 3.9e+00 1.399e+00
#3674   661   1 | 1.10e+00 8.83e-02 +0.144  0.98 | 1.08e+00 9.31e-02 +0.025  1.00 | 1.5e+00 3.7e+00 2.356e+00
#3675  2606   1 | 1.23e+00 1.09e-01 +0.766  0.87 | 9.89e-01 9.28e-02 -0.024  1.01 | 1.6e+00 3.6e+00 2.300e+00
#3676  4078   1 | 6.37e-01 8.67e-02 +0.132  0.98 | 1.03e+00 1.44e-01 +0.255  0.95 | 1.5e+00 4.6e+00 1.402e+00
#3677  2080   1 | 1.00e+00 1.25e-01 +0.665  0.85 | 9.45e-01 1.19e-01 -0.053  1.03 | 1.6e+00 3.9e+00 1.770e+00
#3678  4983   1 | 1.07e+00 1.33e-01 -0.108  1.04 | 9.37e-01 1.24e-01 +0.273  0.95 | 1.4e+00 4.2e+00 2.027e+00
#3679   115   1 | 1.40e+00 2.10e-01 +0.595  0.84 | 1.01e+00 1.47e-01 +0.045  1.01 | 1.6e+00 4.1e+00 2.694e+00
#3680  3838   1 | 9.82e-01 1.35e-01 +0.364  0.92 | 1.07e+00 1.12e-01 +0.041  1.00 | 1.6e+00 3.5e+00 2.044e+00
#3681  1904   1 | 1.04e+00 2.17e-01 +0.800  0.71 | 1.08e+00 2.17e-01 +0.111  1.00 | 1.6e+00 4.9e+00 1.947e+00
#3682  2565   1 | 1.31e+00 1.61e-01 +0.664  0.85 | 1.12e+00 1.09e-01 +0.100  0.99 | 1.8e+00 3.9e+00 2.717e+00
#3683   555   1 | 8.89e-01 7.43e-02 -0.415  1.08 | 9.15e-01 7.07e-02 -0.038  1.01 | 1.6e+00 3.6e+00 1.697e+00
#3684  1556   1 | 1.31e+00 1.84e-01 +0.158  0.98 | 1.01e+00 1.26e-01 +0.007  1.01 | 1.6e+00 4.4e+00 2.713e+00
#3685   512   1 | 9.57e-01 1.04e-01 +0.533  0.90 | 1.07e+00 7.78e-02 +0.049  1.00 | 1.7e+00 3.8e+00 1.973e+00
#3686  3628   1 | 9.94e-01 7.34e-02 -0.710  1.11 | 1.04e+00 9.34e-02 +0.046  1.00 | 1.8e+00 4.0e+00 2.183e+00
#3687  3332   1 | 1.18e+00 1.12e-02 +0.537  0.99 | 9.58e-01 1.16e-01 +0.004  1.01 | 1.8e+00 4.2e+00 2.305e+00
#3688   910   1 | 1.29e+00 4.84e-02 +0.007  1.00 | 9.64e-01 1.05e-01 +0.252  0.96 | 1.7e+00 4.8e+00 2.567e+00
#3689  1488   1 | 1.11e+00 6.50e-02 -0.136  1.02 | 9.82e-01 8.53e-02 -0.153  1.03 | 1.7e+00 4.1e+00 2.247e+00
#3690   959   1 | 1.29e+00 1.91e-01 +0.010  1.02 | 1.08e+00 7.09e-02 +0.081  0.99 | 1.7e+00 4.2e+00 2.859e+00
#3691  4250   1 | 1.30e+00 9.91e-02 +0.255  0.97 | 1.09e+00 8.93e-02 +0.130  0.99 | 1.6e+00 3.9e+00 2.812e+00
#3692  1387   1 | 1.12e+00 3.13e-01 +0.479  0.81 | 1.13e+00 8.59e-02 +0.115  0.99 | 1.8e+00 4.1e+00 2.288e+00
#3693  4832   1 | 9.05e-01 2.00e-02 +0.145  0.99 | 9.18e-01 8.35e-02 +0.153  0.98 | 1.7e+00 4.1e+00 1.639e+00
#3694  4619   1 | 7.62e-01 2.50e-01 -0.338  1.33 | 9.59e-01 7.61e-02 +0.183  0.98 | 1.6e+00 4.0e+00 1.670e+00
#3695   368   1 | 9.66e-01 4.25e-02 +0.001  1.00 | 1.03e+00 6.40e-02 -0.133  1.02 | 1.8e+00 4.0e+00 2.021e+00
#3696  3876   1 | 1.04e+00 1.97e-01 +0.511  0.84 | 1.03e+00 9.45e-02 -0.002  1.01 | 1.8e+00 4.2e+00 1.988e+00
#3697  1712   1 | 1.31e+00 6.58e-02 -0.659  1.07 | 1.04e+00 6.10e-02 +0.171  0.98 | 1.9e+00 4.1e+00 2.881e+00
#3698   757   1 | 1.11e+00 3.52e-01 +0.725  0.64 | 1.02e+00 5.56e-02 -0.062  1.01 | 1.8e+00 3.9e+00 1.833e+00
#3699   610   1 | 1.04e+00 2.03e-01 +0.210  0.96 | 8.36e-01 7.90e-02 -0.063  1.02 | 1.9e+00 4.3e+00 1.750e+00
#3700  3845   1 | 9.83e-01 6.93e-02 +0.501  0.93 | 9.60e-01 8.52e-02 +0.185  0.98 | 1.9e+00 4.1e+00 1.801e+00
#3701  2195   1 | 1.31e+00 1.29e-01 -0.162  1.04 | 1.01e+00 7.34e-02 +0.011  1.00 | 2.0e+00 4.4e+00 2.807e+00
#3702  2020   1 | 1.11e+00 1.99e-01 -0.288  1.14 | 1.06e+00 5.43e-02 +0.154  0.99 | 1.9e+00 3.8e+00 2.502e+00
#3703  2903   1 | 1.07e+00 4.84e-02 -0.129  1.01 | 9.97e-01 6.64e-02 +0.171  0.98 | 1.9e+00 4.1e+00 2.142e+00
#3704   550   1 | 1.38e+00 1.29e-01 +0.163  0.98 | 1.03e+00 5.27e-02 +0.058  1.00 | 1.8e+00 4.0e+00 2.911e+00
#3705  3370   1 | 9.57e-01 6.98e-02 -0.093  1.02 | 1.06e+00 5.76e-02 +0.093  0.99 | 1.9e+00 3.6e+00 2.056e+00
#3706  1831   1 | 7.29e-01 2.97e-03 +0.587  1.00 | 9.46e-01 4.18e-02 -0.037  1.01 | 2.0e+00 3.7e+00 1.429e+00
#3707  1674   1 | 1.21e+00 9.48e-02 +0.303  0.96 | 9.11e-01 3.54e-02 +0.154  0.99 | 1.7e+00 3.5e+00 2.216e+00
#3708  4613   1 | 8.83e-01 3.08e-01 +0.397  0.84 | 9.15e-01 8.83e-02 +0.096  0.99 | 1.7e+00 4.1e+00 1.488e+00
#3709  3992   1 | 1.23e+00 1.02e-01 +0.357  0.95 | 1.10e+00 7.62e-02 +0.153  0.98 | 1.8e+00 3.8e+00 2.639e+00
#3710    19   1 | 1.08e+00 2.34e-01 +0.537  0.81 | 9.68e-01 5.15e-02 +0.181  0.98 | 1.8e+00 4.0e+00 1.879e+00
#3711  1286   1 | 9.57e-01 2.58e-02 -0.563  1.03 | 1.07e+00 4.13e-02 +0.022  1.00 | 1.8e+00 4.2e+00 2.100e+00
#3712   926   1 | 1.35e+00 2.54e-02 +0.688  0.97 | 1.00e+00 4.41e-02 -0.065  1.01 | 1.8e+00 3.5e+00 2.779e+00
#3713  1125   1 | 9.98e-01 5.77e-01 +0.670  0.56 | 9.45e-01 6.28e-02 -0.200  1.03 | 1.9e+00 4.1e+00 1.479e+00
#3714    20   1 | 1.04e+00 9.37e-02 +0.215  0.97 | 8.36e-01 6.31e-02 +0.138  0.98 | 1.9e+00 4.3e+00 1.741e+00
#3715   915   1 | 1.15e+00 7.89e-02 +0.030  1.00 | 9.43e-01 5.63e-02 +0.070  1.00 | 1.9e+00 4.1e+00 2.199e+00
#3716  3143   1 | 1.09e+00 3.23e-01 +0.129  1.01 | 9.82e-01 5.42e-02 +0.045  1.00 | 2.0e+00 4.2e+00 2.159e+00
#3717  1767   1 | 1.07e+00 4.07e-01 +0.512  0.75 | 1.03e+00 4.86e-02 +0.014  1.00 | 1.9e+00 4.0e+00 1.920e+00
#3718  2048   1 | 1.07e+00 3.07e-01 -0.024  1.10 | 9.70e-01 6.60e-02 -0.071  1.01 | 2.2e+00 4.0e+00 2.217e+00
#3719  1802   1 | 9.76e-01 5.30e-01 +0.705  0.53 | 1.04e+00 5.46e-02 +0.146  0.99 | 2.0e+00 4.0e+00 1.577e+00
#3720   569   1 | 1.32e+00 3.60e-01 +0.667  0.71 | 1.12e+00 4.55e-02 +0.157  0.99 | 2.1e+00 4.2e+00 2.487e+00
#3721  4819   1 | 1.07e+00 2.19e-02 +0.111  1.00 | 9.37e-01 6.73e-02 +0.238  0.97 | 1.8e+00 4.2e+00 2.001e+00
#3722   886   1 | 4.70e-01 1.76e-01 +0.105  1.06 | 9.87e-01 3.36e-02 +0.125  0.99 | 2.0e+00 3.9e+00 1.202e+00
#3723  3474   1 | 1.07e+00 4.22e-01 +0.397  0.84 | 9.93e-01 6.78e-02 +0.109  0.99 | 2.0e+00 4.3e+00 1.938e+00
#3724  3588   1 | 1.17e+00 1.74e-01 -0.526  1.18 | 1.05e+00 5.06e-02 +0.095  0.99 | 2.2e+00 3.0e+00 2.724e+00
#3725   235   1 | 5.12e-01 3.35e-02 +0.177  0.98 | 9.97e-01 8.46e-02 +0.009  1.01 | 2.0e+00 4.7e+00 1.257e+00
#3726  1484   1 | 1.11e+00 1.61e-01 +0.114  0.99 | 9.80e-01 5.14e-02 -0.070  1.01 | 2.0e+00 3.7e+00 2.192e+00
#3727  2533   1 | 4.50e-01 1.19e-01 +0.094  1.02 | 1.00e+00 6.60e-02 +0.060  1.00 | 2.2e+00 4.3e+00 1.206e+00
#3728   940   1 | 1.29e+00 2.16e-02 -0.010  1.00 | 1.08e+00 5.70e-02 +0.076  0.99 | 2.0e+00 4.1e+00 2.830e+00
#3729  4903   1 | 1.64e+00 9.71e-02 +0.162  0.98 | 9.65e-01 5.01e-02 +0.376  0.96 | 1.9e+00 3.8e+00 3.557e+00
#3730  3833   1 | 1.29e+00 1.44e-01 +0.260  0.95 | 9.27e-01 7.27e-02 +0.213  0.97 | 2.1e+00 3.9e+00 2.419e+00
#3731  3480   1 | 5.71e-01 9.01e-02 +0.402  0.90 | 1.03e+00 5.03e-02 +0.201  0.98 | 2.1e+00 4.0e+00 1.333e+00
#3732  3288   1 | 5.79e-01 2.43e-01 -0.225  1.36 | 9.77e-01 6.93e-02 +0.106  0.99 | 2.1e+00 4.2e+00 1.403e+00
#3733  1976   1 | 8.26e-01 1.84e-01 -0.406  1.23 | 9.42e-01 6.34e-02 +0.136  0.99 | 2.1e+00 4.3e+00 1.715e+00
#3734   933   1 | 7.38e-01 2.61e-02 +0.310  0.98 | 9.49e-01 6.04e-02 +0.046  1.00 | 2.1e+00 3.9e+00 1.433e+00
#3735  4579   1 | 9.96e-01 2.11e-01 +0.117  1.00 | 8.61e-01 1.15e-01 +0.381  0.92 | 1.8e+00 4.2e+00 1.666e+00
#3736  4811   1 | 1.15e+00 2.45e-02 +0.020  1.00 | 9.88e-01 8.76e-02 +0.321  0.95 | 1.9e+00 3.9e+00 2.247e+00
#3737  1408   1 | 6.58e-01 4.00e-01 +0.009  1.36 | 1.07e+00 1.22e-01 -0.026  1.02 | 2.1e+00 4.4e+00 1.754e+00
#3738  4252   1 | 4.94e-01 5.75e-02 -0.019  1.02 | 1.12e+00 1.16e-01 +0.312  0.95 | 1.8e+00 4.2e+00 1.429e+00
#3739  3761   1 | 5.92e-01 1.75e-01 +0.225  0.95 | 1.05e+00 1.25e-01 +0.172  0.97 | 2.0e+00 4.4e+00 1.412e+00
#3740  2469   1 | 1.02e+00 5.27e-02 -0.074  1.01 | 1.13e+00 9.47e-02 +0.153  0.98 | 2.1e+00 3.8e+00 2.313e+00
#3741  3703   1 | 1.13e+00 2.82e-01 +0.025  1.05 | 1.01e+00 1.64e-01 +0.125  0.99 | 2.0e+00 4.4e+00 2.343e+00
#3742  4187   1 | 9.07e-01 3.40e-01 +0.116  1.05 | 9.18e-01 1.52e-01 +0.038  1.01 | 1.9e+00 4.3e+00 1.722e+00
#3743  3966   1 | 9.57e-01 1.45e-02 -0.076  1.00 | 1.03e+00 1.21e-01 +0.113  0.99 | 1.9e+00 3.7e+00 1.969e+00
#3744   111   1 | 9.23e-01 1.77e-01 -0.800  1.34 | 9.51e-01 1.35e-01 -0.080  1.04 | 1.9e+00 4.0e+00 2.087e+00
#3745   224   1 | 8.26e-01 1.48e-01 -0.373  1.17 | 9.54e-01 1.06e-01 +0.233  0.96 | 1.7e+00 3.6e+00 1.668e+00
#3746  1836   1 | 5.99e-01 2.53e-01 +0.588  0.68 | 1.08e+00 1.08e-01 +0.113  0.99 | 1.9e+00 3.9e+00 1.405e+00
#3747   337   1 | 7.71e-01 1.47e-01 +0.339  0.91 | 9.59e-01 1.26e-01 +0.002  1.02 | 1.7e+00 3.9e+00 1.474e+00
#3748  3739   1 | 5.82e-01 3.06e-02 -0.513  1.06 | 1.04e+00 1.15e-01 +0.070  1.00 | 1.9e+00 3.9e+00 1.440e+00
#3749  3445   1 | 7.14e-01 2.48e-01 -0.093  1.18 | 1.00e+00 1.24e-01 +0.048  1.00 | 1.7e+00 3.7e+00 1.612e+00
#3750  3243   1 | 7.24e-01 8.34e-02 -0.565  1.14 | 1.09e+00 1.18e-01 +0.124  0.98 | 1.7e+00 4.1e+00 1.764e+00
#3751  1904   1 | 1.23e+00 8.27e-02 +0.763  0.90 | 9.89e-01 1.61e-01 -0.042  1.04 | 1.7e+00 4.1e+00 2.383e+00
#3752  3446   1 | 1.10e+00 1.07e-01 +0.485  0.91 | 1.13e+00 1.16e-01 +0.227  0.96 | 1.6e+00 4.3e+00 2.334e+00
#3753  4626   1 | 1.40e+00 8.88e-02 +0.599  0.93 | 1.01e+00 1.31e-01 +0.205  0.96 | 1.6e+00 3.5e+00 2.809e+00
#3754   919   1 | 1.13e+00 3.10e-02 -0.364  1.02 | 1.05e+00 1.38e-01 +0.041  1.01 | 1.6e+00 4.1e+00 2.425e+00
#3755  2663   1 | 8.28e-01 1.46e-01 +0.721  0.78 | 1.01e+00 8.78e-02 -0.126  1.03 | 1.7e+00 3.8e+00 1.589e+00
#3756  3100   1 | 1.17e+00 1.05e-01 +0.495  0.92 | 1.17e+00 1.07e-01 +0.066  1.00 | 1.6e+00 3.9e+00 2.613e+00
#3757  2613   1 | 1.07e+00 9.25e-02 -0.775  1.14 | 1.04e+00 1.16e-01 -0.003  1.01 | 1.8e+00 4.0e+00 2.406e+00
#3758  2802   1 | 1.18e+00 1.71e-01 +0.450  0.89 | 9.58e-01 1.69e-01 -0.016  1.04 | 1.8e+00 4.3e+00 2.189e+00
#3759  3903   1 | 1.02e+00 1.21e-01 +0.157  0.98 | 9.92e-01 1.05e-01 +0.095  0.99 | 1.6e+00 4.1e+00 1.987e+00
#3760  1015   1 | 1.31e+00 5.23e-02 +0.261  0.98 | 1.09e+00 1.22e-01 +0.055  1.00 | 1.6e+00 3.9e+00 2.871e+00
#3761  2494   1 | 9.71e-01 7.04e-02 -0.234  1.04 | 1.02e+00 1.33e-01 -0.087  1.04 | 1.8e+00 4.1e+00 2.057e+00
#3762  2967   1 | 9.78e-01 8.58e-03 -0.126  1.00 | 1.06e+00 1.08e-01 +0.041  1.00 | 1.7e+00 3.9e+00 2.080e+00
#3763  1086   1 | 1.29e+00 1.45e-01 +0.010  1.01 | 9.64e-01 8.45e-02 +0.196  0.97 | 1.7e+00 3.6e+00 2.599e+00
#3764  1917   1 | 1.32e+00 4.57e-03 -0.053  1.00 | 1.02e+00 1.37e-01 +0.145  0.98 | 1.8e+00 4.0e+00 2.754e+00
#3765  2340   1 | 1.04e+00 1.88e-01 +0.801  0.74 | 1.08e+00 1.11e-01 +0.148  0.98 | 1.8e+00 4.7e+00 1.958e+00
#3766   845   1 | 1.04e+00 6.37e-02 -0.267  1.04 | 1.02e+00 8.30e-02 +0.044  1.00 | 1.6e+00 3.8e+00 2.166e+00
#3767   310   1 | 8.53e-01 1.51e-01 +0.248  0.94 | 9.10e-01 1.21e-01 -0.024  1.02 | 1.7e+00 3.9e+00 1.534e+00
#3768  2610   1 | 6.30e-01 7.41e-02 +0.126  0.98 | 1.03e+00 8.23e-02 -0.078  1.02 | 1.8e+00 4.0e+00 1.469e+00
#3769   571   1 | 1.10e+00 1.29e-01 -0.108  1.04 | 1.08e+00 1.33e-01 -0.048  1.03 | 1.8e+00 4.2e+00 2.451e+00
#3770  1961   1 | 1.31e+00 5.08e-02 +0.640  0.95 | 1.04e+00 9.29e-02 +0.193  0.97 | 1.8e+00 3.8e+00 2.669e+00
#3771   348   1 | 1.11e+00 1.69e-01 +0.725  0.80 | 1.02e+00 1.18e-01 +0.093  0.99 | 1.7e+00 3.9e+00 2.013e+00
#3772  2237   1 | 9.99e-01 1.15e-01 +0.371  0.93 | 1.07e+00 1.04e-01 +0.052  1.00 | 1.8e+00 3.9e+00 2.080e+00
#3773  3998   1 | 1.10e+00 7.58e-02 -0.676  1.10 | 9.75e-01 8.00e-02 +0.130  0.99 | 1.7e+00 4.0e+00 2.274e+00
#3774  4044   1 | 9.82e-01 6.88e-02 +0.543  0.93 | 1.07e+00 6.73e-02 +0.050  1.00 | 1.6e+00 3.7e+00 2.049e+00
#3775  4599   1 | 1.30e+00 1.20e-01 +0.269  0.96 | 9.27e-01 9.66e-02 +0.224  0.96 | 1.7e+00 3.7e+00 2.450e+00
#3776  3421   1 | 1.12e+00 4.42e-02 -0.684  1.06 | 9.75e-01 1.04e-01 +0.124  0.98 | 1.8e+00 4.4e+00 2.250e+00
#3777  4003   1 | 4.72e-01 5.49e-02 -0.170  1.05 | 9.87e-01 1.08e-01 +0.282  0.95 | 1.8e+00 4.2e+00 1.161e+00
#3778  2245   1 | 1.10e+00 1.22e-01 -0.115  1.04 | 1.08e+00 6.20e-02 +0.016  1.00 | 1.8e+00 3.6e+00 2.419e+00
#3779  4175   1 | 9.91e-01 1.62e-01 +0.123  0.99 | 1.06e+00 1.12e-01 +0.148  0.98 | 1.6e+00 4.3e+00 2.065e+00
#3780  4680   1 | 7.58e-01 8.57e-02 +0.340  0.94 | 9.59e-01 1.07e-01 +0.283  0.95 | 1.6e+00 4.3e+00 1.410e+00
#3781  2620   1 | 8.94e-01 5.75e-02 -0.442  1.06 | 9.15e-01 6.67e-02 -0.016  1.01 | 2.0e+00 3.6e+00 1.691e+00
#3782  1273   1 | 1.29e+00 2.51e-01 -0.015  1.04 | 1.08e+00 7.83e-02 +0.011  1.00 | 1.8e+00 4.1e+00 2.911e+00
#3783   146   1 | 4.94e-01 3.38e-01 +0.038  1.42 | 1.12e+00 9.04e-02 -0.017  1.01 | 1.7e+00 3.9e+00 1.606e+00
#3784  2514   1 | 1.04e+00 3.58e-01 +0.799  0.57 | 1.08e+00 9.46e-02 +0.095  0.99 | 1.9e+00 4.8e+00 1.779e+00
#3785  4695   1 | 9.87e-01 1.89e-01 +0.667  0.78 | 9.45e-01 9.24e-02 +0.104  0.99 | 1.6e+00 4.1e+00 1.646e+00
#3786  2497   1 | 6.04e-01 4.42e-02 +0.587  0.92 | 1.08e+00 8.11e-02 +0.115  0.99 | 1.9e+00 4.0e+00 1.497e+00
#3787  1888   1 | 1.20e+00 1.61e-01 +0.529  0.88 | 1.05e+00 8.23e-02 +0.150  0.98 | 1.8e+00 4.1e+00 2.359e+00
#3788   592   1 | 1.31e+00 8.70e-02 +0.259  0.97 | 1.09e+00 5.42e-02 -0.008  1.00 | 1.9e+00 4.0e+00 2.857e+00
#3789   696   1 | 1.00e+00 2.82e-01 +0.368  0.87 | 1.07e+00 7.31e-02 +0.117  0.99 | 1.8e+00 3.9e+00 2.019e+00
#3790  2494   1 | 1.07e+00 3.89e-03 -0.372  1.00 | 1.04e+00 7.97e-02 -0.021  1.01 | 2.0e+00 4.0e+00 2.246e+00
#3791  2380   1 | 1.04e+00 1.32e-01 -0.203  1.07 | 8.36e-01 7.81e-02 +0.032  1.00 | 2.0e+00 3.9e+00 1.864e+00
#3792  3972   1 | 6.42e-01 8.98e-02 -0.142  1.06 | 1.03e+00 1.01e-01 +0.295  0.95 | 1.8e+00 3.9e+00 1.444e+00
#3793   846   1 | 1.22e+00 1.65e-01 +0.364  0.92 | 1.10e+00 4.64e-02 -0.098  1.01 | 1.8e+00 3.5e+00 2.607e+00
#3794  2533   1 | 8.30e-01 1.23e-01 -0.410  1.14 | 9.42e-01 9.47e-02 +0.067  1.00 | 2.0e+00 4.3e+00 1.672e+00
#3795  4010   1 | 1.07e+00 1.64e-01 +0.129  0.98 | 9.82e-01 7.64e-02 +0.155  0.98 | 1.8e+00 4.1e+00 2.064e+00
#3796  1505   1 | 1.29e+00 6.79e-02 -0.035  1.01 | 9.64e-01 6.88e-02 +0.068  1.00 | 1.8e+00 3.7e+00 2.613e+00
#3797   690   1 | 1.65e+00 3.98e-02 +0.159  0.99 | 9.65e-01 1.05e-01 -0.031  1.02 | 1.8e+00 4.4e+00 3.664e+00
#3798  4864   1 | 6.93e-01 1.69e-02 -0.003  1.00 | 1.00e+00 8.38e-02 +0.233  0.97 | 1.7e+00 4.1e+00 1.454e+00
#3799  2211   1 | 1.08e+00 6.39e-02 -0.407  1.05 | 9.93e-01 7.57e-02 -0.058  1.01 | 1.9e+00 3.8e+00 2.223e+00
#3800  4697   1 | 1.08e+00 8.16e-02 +0.111  0.99 | 9.37e-01 1.07e-01 +0.214  0.96 | 1.8e+00 4.1e+00 1.993e+00
#3801  2017   1 | 1.18e+00 1.14e-01 +0.441  0.92 | 9.58e-01 7.17e-02 +0.033  1.00 | 2.0e+00 4.0e+00 2.202e+00
#3802  2897   1 | 1.10e+00 1.72e-01 -0.093  1.05 | 9.80e-01 6.44e-02 -0.088  1.02 | 1.9e+00 3.8e+00 2.256e+00
#3803  1537   1 | 5.47e-01 2.66e-01 -0.381  1.61 | 1.03e+00 8.43e-02 +0.176  0.98 | 1.8e+00 4.3e+00 1.516e+00
#3804  3167   1 | 9.70e-01 6.99e-02 +0.509  0.93 | 9.60e-01 1.06e-01 +0.010  1.01 | 2.0e+00 4.5e+00 1.808e+00
#3805  1920   1 | 1.17e+00 7.58e-02 +0.497  0.94 | 1.17e+00 6.80e-02 -0.031  1.01 | 2.0e+00 3.6e+00 2.660e+00
#3806   467   1 | 8.21e-01 3.38e-02 -0.710  1.06 | 1.01e+00 7.82e-02 -0.030  1.01 | 2.0e+00 4.1e+00 1.752e+00
#3807  2216   1 | 1.08e+00 1.35e-02 -0.516  1.01 | 9.68e-01 5.59e-02 +0.069  1.00 | 1.9e+00 4.3e+00 2.116e+00
#3808    51   1 | 1.15e+00 8.08e-02 +0.042  1.00 | 9.43e-01 7.25e-02 +0.166  0.98 | 1.9e+00 4.0e+00 2.182e+00
#3809  2067   1 | 1.12e+00 1.63e-01 -0.025  1.03 | 1.01e+00 7.85e-02 +0.031  1.00 | 2.0e+00 3.9e+00 2.310e+00
#3810  4028   1 | 1.28e+00 1.27e-01 +0.156  0.98 | 1.01e+00 1.12e-01 +0.442  0.91 | 1.7e+00 4.3e+00 2.531e+00
#3811  2192   1 | 1.38e+00 2.08e-02 +0.236  0.99 | 1.03e+00 5.32e-02 +0.067  1.00 | 2.0e+00 3.8e+00 2.945e+00
#3812  4080   1 | 7.49e-01 9.53e-02 -0.317  1.10 | 9.49e-01 9.01e-02 +0.279  0.96 | 1.8e+00 4.2e+00 1.476e+00
#3813  3240   1 | 1.30e+00 1.40e-01 +0.667  0.87 | 1.12e+00 1.15e-01 +0.075  1.00 | 1.8e+00 4.4e+00 2.727e+00
#3814  2978   1 | 5.66e-01 8.20e-02 +0.506  0.87 | 1.04e+00 7.22e-02 +0.076  0.99 | 2.0e+00 3.6e+00 1.360e+00
#3815  2565   1 | 9.61e-01 6.00e-02 +0.101  0.99 | 1.06e+00 9.05e-02 +0.120  0.99 | 2.1e+00 4.1e+00 2.033e+00
#3816  2998   1 | 5.18e-01 1.24e-01 +0.146  0.99 | 9.97e-01 8.57e-02 +0.237  0.97 | 1.9e+00 3.9e+00 1.226e+00
#3817   499   1 | 1.07e+00 2.02e-02 -0.041  1.00 | 9.70e-01 9.66e-02 -0.064  1.02 | 1.9e+00 3.9e+00 2.112e+00
#3818  1454   1 | 1.11e+00 1.20e-01 +0.725  0.86 | 1.02e+00 6.34e-02 -0.011  1.01 | 1.8e+00 4.0e+00 2.089e+00
#3819  1718   1 | 1.31e+00 3.07e-01 +0.642  0.75 | 1.04e+00 9.73e-02 -0.027  1.01 | 1.9e+00 4.0e+00 2.375e+00
#3820   968   1 | 1.08e+00 8.05e-02 +0.152  0.98 | 9.97e-01 1.10e-01 -0.009  1.01 | 1.8e+00 4.0e+00 2.148e+00
#3821  4324   1 | 5.68e-01 1.51e-01 +0.199  0.96 | 9.77e-01 1.02e-01 +0.208  0.97 | 1.8e+00 3.9e+00 1.235e+00
#3822  4320   1 | 7.28e-01 2.71e-01 -0.247  1.32 | 9.46e-01 7.79e-02 -0.061  1.02 | 1.8e+00 3.8e+00 1.611e+00
#3823  4163   1 | 9.08e-01 3.00e-02 +0.158  0.99 | 9.18e-01 1.10e-01 +0.089  0.99 | 1.7e+00 4.2e+00 1.652e+00
#3824  3413   1 | 1.21e+00 1.09e-01 +0.769  0.87 | 9.89e-01 7.09e-02 -0.048  1.01 | 2.0e+00 3.8e+00 2.266e+00
#3825  1265   1 | 9.71e-01 3.85e-01 -0.242  1.35 | 1.02e+00 7.87e-02 -0.009  1.01 | 1.9e+00 4.2e+00 2.315e+00
#3826  2581   1 | 8.60e-01 3.73e-01 +0.251  0.97 | 9.10e-01 8.06e-02 +0.131  0.98 | 2.1e+00 4.5e+00 1.532e+00
#3827  3976   1 | 8.78e-01 2.39e-01 +0.787  0.65 | 9.51e-01 8.79e-02 +0.075  0.99 | 1.8e+00 3.9e+00 1.397e+00
#3828  4186   1 | 7.20e-01 5.25e-01 +0.572  0.70 | 1.09e+00 8.34e-02 +0.145  0.98 | 1.9e+00 4.0e+00 1.525e+00
#3829  2390   1 | 9.78e-01 6.95e-02 -0.713  1.11 | 1.04e+00 8.90e-02 +0.249  0.96 | 2.0e+00 4.1e+00 2.107e+00
#3830   818   1 | 6.58e-01 5.12e-02 +0.003  1.01 | 1.07e+00 1.07e-01 +0.121  0.99 | 2.0e+00 4.4e+00 1.563e+00
#3831  1311   1 | 1.21e+00 1.38e-01 +0.292  0.95 | 9.11e-01 6.49e-02 +0.157  0.98 | 1.9e+00 3.7e+00 2.196e+00
#3832  1673   1 | 8.27e-01 1.77e-01 +0.386  0.88 | 9.54e-01 6.97e-02 +0.274  0.97 | 1.8e+00 3.7e+00 1.480e+00
#3833  3707   1 | 1.04e+00 3.00e-01 -0.062  1.12 | 1.13e+00 9.20e-02 +0.179  0.98 | 2.0e+00 3.8e+00 2.460e+00
#3834  1023   1 | 1.07e+00 2.03e-01 +0.517  0.84 | 1.03e+00 6.58e-02 -0.085  1.01 | 1.9e+00 3.8e+00 2.034e+00
#3835   974   1 | 4.46e-01 1.99e-01 +0.076  1.13 | 1.00e+00 7.99e-02 +0.066  1.00 | 1.9e+00 4.1e+00 1.224e+00
#3836  3128   1 | 1.32e+00 4.76e-03 -0.135  1.00 | 1.02e+00 1.21e-01 +0.195  0.97 | 1.9e+00 4.8e+00 2.745e+00
#3837  3035   1 | 1.00e+00 3.18e-02 +0.112  0.99 | 8.61e-01 9.89e-02 +0.127  0.98 | 1.8e+00 4.2e+00 1.727e+00
#3838   329   1 | 1.12e+00 3.98e-02 +0.474  0.97 | 1.13e+00 8.28e-02 +0.103  0.99 | 1.9e+00 3.9e+00 2.491e+00
#3839  2664   1 | 1.11e+00 2.05e-01 +0.289  0.93 | 1.06e+00 7.52e-02 +0.056  1.00 | 1.9e+00 4.2e+00 2.263e+00
#3840  2337   1 | 1.40e+00 1.45e-01 +0.597  0.89 | 1.01e+00 1.20e-01 -0.042  1.02 | 2.0e+00 4.2e+00 2.796e+00
#3841  2718   1 | 1.12e+00 2.68e-01 +0.387  0.87 | 1.05e+00 8.28e-02 +0.139  0.98 | 2.1e+00 4.1e+00 2.188e+00
#3842  2938   1 | 1.14e+00 3.65e-02 -0.032  1.00 | 9.88e-01 7.56e-02 -0.126  1.03 | 1.9e+00 3.8e+00 2.294e+00
#3843  4154   1 | 1.33e+00 6.90e-02 +0.690  0.93 | 1.00e+00 9.91e-02 +0.195  0.97 | 1.7e+00 3.9e+00 2.619e+00
#3844  2565   1 | 5.82e-01 1.12e-02 -0.136  1.01 | 1.05e+00 8.34e-02 +0.093  0.99 | 2.2e+00 4.5e+00 1.439e+00
#3845  1410   1 | 1.04e+00 2.24e-01 +0.278  0.93 | 1.02e+00 7.89e-02 -0.048  1.01 | 1.9e+00 3.8e+00 2.060e+00
#3846  2562   1 | 9.62e-01 2.32e-01 +0.043  1.04 | 1.03e+00 8.79e-02 +0.068  1.00 | 2.1e+00 3.9e+00 2.020e+00
#3847  1154   1 | 1.02e+00 7.83e-02 +0.170  0.98 | 9.92e-01 7.43e-02 +0.067  1.00 | 1.9e+00 3.8e+00 2.008e+00
#3848  2440   1 | 1.04e+00 5.34e-02 +0.247  0.98 | 8.36e-01 1.01e-01 +0.041  1.00 | 2.0e+00 4.3e+00 1.768e+00
#3849  3578   1 | 1.05e+00 6.65e-02 +0.781  0.90 | 1.04e+00 7.09e-02 +0.079  0.99 | 2.0e+00 4.1e+00 2.066e+00
#3850  2928   1 | 7.46e-01 1.10e-01 -0.312  1.11 | 9.49e-01 7.02e-02 +0.088  0.99 | 2.1e+00 3.9e+00 1.515e+00
#3851  4603   1 | 1.15e+00 2.25e-01 -0.693  1.31 | 9.75e-01 7.87e-02 +0.152  0.98 | 1.8e+00 3.9e+00 2.667e+00
#3852  1715   1 | 7.29e-01 2.02e-01 -0.253  1.22 | 9.46e-01 6.92e-02 -0.032  1.01 | 2.0e+00 3.9e+00 1.551e+00
#3853  4304   1 | 1.33e+00 1.23e-01 +0.164  0.98 | 1.02e+00 1.03e-01 +0.125  0.98 | 1.8e+00 4.0e+00 2.743e+00
#3854  3723   1 | 1.17e+00 2.18e-01 +0.519  0.84 | 1.05e+00 8.67e-02 +0.135  0.98 | 2.0e+00 3.5e+00 2.243e+00
#3855   716   1 | 1.30e+00 1.51e-02 -0.242  1.01 | 9.27e-01 6.27e-02 +0.044  1.00 | 1.9e+00 3.7e+00 2.547e+00
#3856   352   1 | 9.75e-01 3.37e-01 +0.699  0.64 | 1.04e+00 8.72e-02 +0.148  0.98 | 2.0e+00 3.9e+00 1.672e+00
#3857  1052   1 | 1.07e+00 2.51e-01 +0.520  0.81 | 1.03e+00 7.55e-02 -0.037  1.01 | 2.0e+00 4.1e+00 1.997e+00
#3858  3788   1 | 6.58e-01 2.16e-01 +0.014  1.10 | 1.07e+00 8.97e-02 +0.132  0.98 | 2.0e+00 3.9e+00 1.603e+00
#3859  1514   1 | 4.47e-01 1.04e-01 -0.083  1.09 | 1.00e+00 8.26e-02 +0.075  0.99 | 1.9e+00 4.2e+00 1.216e+00
#3860  1793   1 | 1.31e+00 2.72e-01 +0.641  0.78 | 1.04e+00 1.00e-01 +0.024  1.00 | 2.0e+00 4.3e+00 2.404e+00
#3861  4404   1 | 1.11e+00 2.67e-01 +0.103  1.01 | 9.80e-01 8.66e-02 +0.236  0.97 | 1.8e+00 4.0e+00 2.170e+00
#3862  4036   1 | 5.85e-01 3.80e-03 -0.039  1.00 | 1.05e+00 8.14e-02 +0.188  0.98 | 1.8e+00 4.1e+00 1.424e+00
#3863  4877   1 | 1.36e+00 2.57e-02 +0.752  0.97 | 1.00e+00 6.27e-02 +0.308  0.97 | 1.8e+00 4.1e+00 2.769e+00
#3864  1592   1 | 1.11e+00 2.68e-01 +0.291  0.92 | 1.06e+00 6.95e-02 +0.230  0.97 | 2.1e+00 4.0e+00 2.218e+00
#3865  2958   1 | 1.17e+00 5.72e-02 +0.479  0.96 | 1.17e+00 7.30e-02 +0.136  0.99 | 2.2e+00 3.6e+00 2.651e+00
#3866  1600   1 | 1.11e+00 2.47e-01 -0.134  1.11 | 9.82e-01 8.57e-02 +0.013  1.01 | 2.0e+00 3.9e+00 2.329e+00
#3867  1058   1 | 9.64e-01 6.52e-02 +0.131  0.99 | 1.06e+00 9.82e-02 +0.096  0.99 | 2.0e+00 4.4e+00 2.039e+00
#3868   159   1 | 1.02e+00 1.08e-02 +0.012  1.00 | 1.13e+00 7.84e-02 +0.046  1.00 | 2.0e+00 4.0e+00 2.317e+00
#3869   529   1 | 9.98e-01 2.50e-01 +0.667  0.73 | 9.45e-01 9.99e-02 -0.146  1.04 | 2.0e+00 4.3e+00 1.657e+00
#3870  3572   1 | 5.82e-01 1.51e-01 -0.230  1.19 | 9.77e-01 1.01e-01 +0.161  0.98 | 2.2e+00 4.3e+00 1.335e+00
#3871  1343   1 | 5.46e-01 1.49e-01 -0.378  1.28 | 1.03e+00 1.14e-01 +0.150  0.98 | 2.0e+00 4.2e+00 1.419e+00
#3872  3967   1 | 8.52e-01 1.53e-01 -0.738  1.30 | 1.01e+00 8.09e-02 -0.030  1.01 | 2.0e+00 4.2e+00 1.978e+00
#3873   667   1 | 7.71e-01 2.23e-01 +0.340  0.89 | 9.59e-01 1.02e-01 +0.054  1.00 | 2.0e+00 4.3e+00 1.446e+00
#3874  1699   1 | 5.98e-01 2.53e-01 +0.585  0.68 | 1.08e+00 8.75e-02 +0.008  1.01 | 2.0e+00 3.6e+00 1.426e+00
#3875  4933   1 | 1.31e+00 2.70e-01 +0.004  1.04 | 1.08e+00 8.54e-02 +0.289  0.96 | 1.9e+00 3.6e+00 2.906e+00
#3876  3091   1 | 9.92e-01 1.23e-01 -0.364  1.11 | 1.07e+00 8.21e-02 +0.114  0.99 | 2.2e+00 3.8e+00 2.230e+00
#3877  3162   1 | 8.36e-01 1.98e-01 +0.409  0.86 | 9.54e-01 7.63e-02 +0.277  0.96 | 2.1e+00 4.1e+00 1.478e+00
#3878  1762   1 | 1.18e+00 3.15e-01 +0.452  0.83 | 9.58e-01 6.77e-02 +0.073  0.99 | 2.0e+00 3.9e+00 2.065e+00
#3879  4718   1 | 1.33e+00 2.10e-01 +0.158  0.97 | 1.01e+00 1.79e-01 +0.361  0.90 | 1.7e+00 4.7e+00 2.638e+00
#3880  2380   1 | 6.28e-01 2.09e-01 +0.128  1.03 | 1.03e+00 8.05e-02 +0.029  1.00 | 2.2e+00 3.5e+00 1.465e+00
#3881  3564   1 | 1.02e+00 2.65e-01 +0.276  0.92 | 1.02e+00 1.64e-01 +0.138  0.98 | 2.1e+00 4.7e+00 1.990e+00
#3882   300   1 | 1.11e+00 5.48e-02 +0.739  0.93 | 1.02e+00 6.74e-02 +0.137  0.99 | 2.0e+00 4.1e+00 2.164e+00
#3883  1351   1 | 1.31e+00 1.24e-01 -0.260  1.06 | 1.09e+00 9.27e-02 +0.014  1.00 | 2.0e+00 4.1e+00 3.007e+00
#3884  4155   1 | 7.05e-01 1.01e-02 -0.309  1.01 | 1.00e+00 1.16e-01 +0.162  0.98 | 1.8e+00 4.0e+00 1.482e+00
#3885  4981   1 | 1.22e+00 1.14e-01 +0.360  0.94 | 1.10e+00 1.15e-01 +0.293  0.95 | 1.8e+00 3.9e+00 2.549e+00
#3886  4613   1 | 1.06e+00 1.20e-01 -0.810  1.20 | 1.08e+00 1.14e-01 +0.123  0.99 | 1.9e+00 4.3e+00 2.494e+00
#3887  1348   1 | 7.05e-01 1.04e-01 +0.573  0.85 | 1.09e+00 1.52e-01 -0.023  1.03 | 2.0e+00 4.3e+00 1.639e+00
#3888  3808   1 | 1.07e+00 7.76e-02 +0.535  0.93 | 9.68e-01 9.73e-02 +0.226  0.96 | 2.1e+00 3.9e+00 1.968e+00
#3889  1271   1 | 5.12e-01 7.27e-02 -0.122  1.05 | 9.97e-01 8.78e-02 +0.089  0.99 | 2.0e+00 3.9e+00 1.263e+00
#3890  4303   1 | 1.13e+00 1.63e-01 +0.018  1.02 | 1.01e+00 1.19e-01 +0.114  0.99 | 1.8e+00 3.8e+00 2.305e+00
#3891  4906   1 | 1.23e+00 1.56e-02 -0.125  1.00 | 9.11e-01 1.25e-01 +0.367  0.92 | 1.8e+00 3.7e+00 2.286e+00
#3892  3078   1 | 1.00e+00 1.93e-02 -0.150  1.01 | 8.61e-01 1.09e-01 +0.126  0.98 | 2.1e+00 3.8e+00 1.739e+00
#3893   512   1 | 1.10e+00 5.50e-02 +0.164  0.99 | 1.08e+00 1.03e-01 -0.122  1.03 | 1.9e+00 4.0e+00 2.393e+00
#3894    26   1 | 9.23e-01 1.24e-01 +0.808  0.80 | 9.51e-01 1.15e-01 -0.074  1.03 | 1.9e+00 4.2e+00 1.616e+00
#3895     9   1 | 1.30e+00 1.71e-01 +0.013  1.01 | 9.64e-01 1.16e-01 +0.129  0.98 | 2.0e+00 3.7e+00 2.616e+00
#3896   674   1 | 5.53e-01 7.41e-02 +0.481  0.89 | 1.04e+00 9.93e-02 +0.038  1.00 | 2.0e+00 3.9e+00 1.360e+00
#3897  3102   1 | 1.39e+00 2.10e-01 -0.159  1.07 | 1.03e+00 1.35e-01 +0.145  0.98 | 2.0e+00 3.6e+00 3.095e+00
#3898  1304   1 | 1.23e+00 1.78e-01 +0.770  0.80 | 9.89e-01 1.15e-01 -0.084  1.03 | 2.0e+00 3.9e+00 2.223e+00
#3899  4332   1 | 4.69e-01 3.58e-02 -0.064  1.02 | 9.87e-01 1.40e-01 +0.389  0.91 | 1.8e+00 4.0e+00 1.110e+00
#3900  2290   1 | 1.40e+00 5.85e-03 -0.227  1.00 | 1.01e+00 1.48e-01 -0.118  1.06 | 2.0e+00 4.3e+00 3.056e+00
#3901   389   1 | 1.07e+00 6.25e-02 +0.039  1.00 | 9.70e-01 9.69e-02 -0.175  1.04 | 2.0e+00 3.4e+00 2.129e+00
#3902  2461   1 | 8.93e-01 1.84e-01 +0.395  0.88 | 9.15e-01 1.02e-01 +0.051  1.00 | 2.2e+00 4.3e+00 1.539e+00
#3903  2838   1 | 1.07e+00 1.50e-01 +0.411  0.90 | 9.93e-01 7.55e-02 +0.092  0.99 | 2.2e+00 3.9e+00 2.024e+00
#3904  2096   1 | 1.32e+00 2.50e-01 +0.669  0.78 | 1.12e+00 8.67e-02 +0.157  0.98 | 2.1e+00 3.8e+00 2.594e+00
#3905  3428   1 | 1.10e+00 1.04e-01 +0.119  0.99 | 9.37e-01 7.58e-02 +0.145  0.98 | 2.1e+00 3.8e+00 2.067e+00
#3906  3170   1 | 9.10e-01 1.93e-01 -0.143  1.11 | 9.18e-01 1.09e-01 -0.025  1.02 | 2.1e+00 4.4e+00 1.775e+00
#3907  1156   1 | 1.12e+00 3.72e-01 +0.488  0.79 | 1.13e+00 1.12e-01 +0.097  0.99 | 2.0e+00 4.0e+00 2.261e+00
#3908  4490   1 | 8.51e-01 2.24e-01 +0.248  0.94 | 9.10e-01 1.40e-01 +0.223  0.96 | 1.8e+00 4.0e+00 1.471e+00
#3909  2213   1 | 1.15e+00 4.41e-03 +0.270  1.00 | 9.43e-01 8.88e-02 +0.210  0.97 | 2.2e+00 4.3e+00 2.171e+00
#3910     9   1 | 1.13e+00 8.41e-02 +0.381  0.95 | 1.05e+00 8.61e-02 +0.239  0.97 | 2.2e+00 4.1e+00 2.291e+00
#3911   525   1 | 1.03e+00 1.41e-01 -0.164  1.06 | 9.92e-01 7.98e-02 -0.015  1.01 | 2.1e+00 4.0e+00 2.111e+00
#3912    85   1 | 4.94e-01 3.25e-02 +0.029  1.00 | 1.12e+00 1.11e-01 -0.008  1.01 | 2.1e+00 4.6e+00 1.507e+00
#3913  4657   1 | 9.71e-01 3.57e-02 +0.028  1.00 | 1.03e+00 8.03e-02 +0.114  0.99 | 1.9e+00 3.7e+00 1.995e+00
#3914  2174   1 | 1.14e+00 2.26e-01 -0.025  1.05 | 9.88e-01 6.86e-02 +0.115  0.99 | 2.4e+00 3.7e+00 2.327e+00
#3915  1279   1 | 1.08e+00 1.67e-01 +0.146  0.98 | 9.97e-01 8.75e-02 +0.198  0.97 | 2.2e+00 4.1e+00 2.102e+00
#3916   173   1 | 1.65e+00 2.75e-01 -0.169  1.08 | 9.65e-01 7.25e-02 -0.301  1.05 | 2.1e+00 4.5e+00 3.944e+00
#3917   759   1 | 9.57e-01 6.11e-02 +0.519  0.94 | 1.07e+00 5.94e-02 -0.031  1.01 | 2.1e+00 3.8e+00 2.021e+00
#3918  3317   1 | 9.71e-01 9.03e-02 +0.250  0.96 | 1.02e+00 7.06e-02 -0.111  1.02 | 2.3e+00 4.1e+00 1.964e+00
#3919   420   1 | 9.60e-01 8.62e-02 -0.488  1.10 | 9.60e-01 7.06e-02 +0.043  1.00 | 2.2e+00 4.2e+00 1.931e+00
#3920  3260   1 | 8.41e-01 1.32e-01 +0.414  0.89 | 9.42e-01 6.15e-02 +0.108  0.99 | 2.4e+00 3.9e+00 1.512e+00
#3921  3971   1 | 9.95e-01 3.42e-01 +0.120  1.04 | 1.06e+00 1.03e-01 +0.227  0.97 | 2.1e+00 4.2e+00 2.105e+00
#3922  4917   1 | 5.36e-01 3.62e-01 +0.460  0.83 | 1.04e+00 7.49e-02 +0.244  0.97 | 2.0e+00 3.8e+00 1.294e+00
#3923  2075   1 | 1.34e+00 5.23e-02 +0.709  0.95 | 1.00e+00 6.16e-02 +0.001  1.00 | 2.3e+00 3.5e+00 2.716e+00
#3924  4868   1 | 1.16e+00 1.88e-01 +0.394  0.90 | 1.05e+00 1.39e-01 +0.290  0.94 | 1.8e+00 4.9e+00 2.240e+00
#3925  3181   1 | 1.30e+00 1.09e-01 -0.270  1.05 | 1.09e+00 4.80e-02 -0.004  1.00 | 2.4e+00 3.9e+00 2.967e+00
#3926   830   1 | 9.98e-01 9.36e-02 +0.655  0.89 | 9.45e-01 7.02e-02 -0.163  1.03 | 2.1e+00 4.2e+00 1.803e+00
#3927  3734   1 | 7.15e-01 2.31e-01 -0.091  1.16 | 1.00e+00 6.56e-02 +0.119  0.99 | 2.2e+00 4.2e+00 1.588e+00
#3928  4600   1 | 9.65e-01 2.44e-01 +0.111  1.01 | 1.06e+00 9.84e-02 +0.326  0.95 | 2.0e+00 4.6e+00 2.000e+00
#3929  1138   1 | 1.11e+00 4.88e-01 +0.133  1.08 | 9.82e-01 6.25e-02 -0.045  1.01 | 2.1e+00 4.0e+00 2.297e+00
#3930  1388   1 | 8.24e-01 1.39e-01 -0.408  1.17 | 9.42e-01 6.45e-02 -0.028  1.01 | 2.0e+00 3.8e+00 1.687e+00
#3931   515   1 | 5.78e-01 2.82e-01 +0.211  1.03 | 1.05e+00 7.32e-02 -0.011  1.01 | 2.1e+00 4.3e+00 1.460e+00
#3932  1394   1 | 1.12e+00 1.15e-01 -0.020  1.01 | 1.01e+00 7.79e-02 -0.005  1.01 | 1.9e+00 3.6e+00 2.297e+00
#3933  3397   1 | 1.03e+00 1.79e-01 +0.276  0.93 | 1.02e+00 5.05e-02 +0.101  0.99 | 2.2e+00 3.5e+00 2.018e+00
#3934  2801   1 | 1.10e+00 2.25e-01 -0.115  1.09 | 9.37e-01 4.46e-02 +0.046  1.00 | 2.2e+00 3.6e+00 2.183e+00
#3935  2248   1 | 1.30e+00 1.71e-01 +0.011  1.01 | 9.64e-01 5.95e-02 +0.092  0.99 | 2.0e+00 3.9e+00 2.626e+00
#3936  4066   1 | 1.29e+00 2.17e-01 +0.653  0.81 | 1.12e+00 9.66e-02 +0.075  0.99 | 1.8e+00 4.1e+00 2.599e+00
#3937  1061   1 | 1.31e+00 2.50e-01 +0.642  0.79 | 1.04e+00 1.05e-01 +0.145  0.98 | 1.8e+00 4.2e+00 2.407e+00
#3938  4276   1 | 1.14e+00 6.32e-02 +0.027  1.00 | 9.43e-01 1.55e-01 +0.327  0.92 | 1.7e+00 4.7e+00 2.119e+00
#3939  2823   1 | 8.32e-01 1.31e-01 +0.393  0.90 | 9.54e-01 8.67e-02 +0.276  0.96 | 2.1e+00 4.0e+00 1.496e+00
#3940  1448   1 | 1.02e+00 1.67e-01 +0.050  1.01 | 1.13e+00 7.49e-02 +0.073  0.99 | 1.8e+00 3.9e+00 2.323e+00
#3941  3344   1 | 6.22e-01 2.91e-02 -0.583  1.06 | 1.08e+00 9.80e-02 +0.088  0.99 | 2.0e+00 4.3e+00 1.575e+00
#3942    72   1 | 8.53e-01 1.79e-01 -0.245  1.15 | 9.10e-01 7.81e-02 -0.001  1.01 | 1.9e+00 3.9e+00 1.669e+00
#3943  3661   1 | 1.21e+00 4.76e-02 -0.770  1.06 | 9.89e-01 7.27e-02 -0.011  1.01 | 2.0e+00 4.0e+00 2.529e+00
#3944  4669   1 | 1.32e+00 1.93e-01 -0.160  1.07 | 1.01e+00 1.11e-01 +0.120  0.99 | 1.7e+00 3.8e+00 2.876e+00
#3945  1358   1 | 1.00e+00 2.77e-02 -0.364  1.02 | 1.07e+00 8.29e-02 +0.112  0.99 | 1.9e+00 3.8e+00 2.167e+00
#3946  4591   1 | 6.93e-01 9.35e-02 -0.565  1.17 | 1.09e+00 1.31e-01 +0.278  0.95 | 1.6e+00 4.2e+00 1.684e+00
#3947  4690   1 | 1.30e+00 8.67e-02 +0.267  0.97 | 9.27e-01 1.39e-01 +0.251  0.95 | 1.7e+00 4.4e+00 2.451e+00
#3948  2041   1 | 1.14e+00 2.56e-01 +0.690  0.74 | 9.75e-01 7.66e-02 -0.038  1.01 | 2.0e+00 3.5e+00 1.922e+00
#3949  2706   1 | 1.11e+00 1.98e-01 +0.282  0.93 | 1.06e+00 8.60e-02 +0.107  0.99 | 2.1e+00 3.7e+00 2.259e+00
#3950  1189   1 | 1.04e+00 1.31e-01 -0.210  1.07 | 8.36e-01 1.12e-01 -0.108  1.05 | 1.8e+00 4.1e+00 1.890e+00
#3951  3927   1 | 1.04e+00 8.45e-02 +0.520  0.92 | 1.03e+00 8.68e-02 +0.016  1.00 | 1.8e+00 3.7e+00 2.072e+00
#3952  4730   1 | 6.58e-01 1.22e-01 +0.026  1.02 | 1.07e+00 1.30e-01 +0.282  0.95 | 1.7e+00 4.5e+00 1.526e+00
#3953  3844   1 | 8.04e-01 6.44e-02 +0.356  0.95 | 9.59e-01 1.09e-01 +0.183  0.97 | 2.0e+00 4.2e+00 1.506e+00
#3954   509   1 | 1.10e+00 1.94e-01 +0.126  0.99 | 1.08e+00 1.02e-01 +0.111  0.99 | 1.9e+00 4.2e+00 2.343e+00
#3955  4914   1 | 4.67e-01 6.36e-02 +0.105  0.99 | 9.87e-01 8.70e-02 +0.157  0.98 | 1.7e+00 3.7e+00 1.171e+00
#3956   605   1 | 6.23e-01 7.91e-02 +0.130  0.98 | 1.03e+00 1.08e-01 -0.049  1.02 | 1.8e+00 4.2e+00 1.463e+00
#3957  2772   1 | 1.19e+00 1.33e-01 -0.528  1.13 | 1.05e+00 1.24e-01 +0.147  0.98 | 2.1e+00 4.1e+00 2.697e+00
#3958  3498   1 | 1.02e+00 6.66e-02 +0.158  0.98 | 9.92e-01 6.86e-02 +0.033  1.00 | 1.8e+00 3.6e+00 2.002e+00
#3959    59   1 | 9.66e-01 3.26e-01 +0.036  1.09 | 1.03e+00 9.07e-02 -0.063  1.02 | 1.8e+00 4.6e+00 2.101e+00
#3960  3999   1 | 1.00e+00 1.04e-01 -0.127  1.04 | 8.61e-01 8.79e-02 +0.229  0.96 | 1.8e+00 3.9e+00 1.754e+00
#3961  2471   1 | 1.08e+00 3.81e-03 +0.004  1.00 | 9.70e-01 9.14e-02 -0.223  1.05 | 2.0e+00 3.7e+00 2.145e+00
#3962  2167   1 | 9.60e-01 1.22e-01 -0.523  1.15 | 1.07e+00 8.92e-02 +0.074  0.99 | 1.9e+00 4.1e+00 2.208e+00
#3963  3302   1 | 9.11e-01 1.23e-02 +0.159  1.00 | 9.18e-01 9.68e-02 +0.114  0.99 | 1.9e+00 4.0e+00 1.657e+00
#3964  1736   1 | 1.08e+00 7.60e-03 -0.514  1.01 | 9.68e-01 7.24e-02 -0.011  1.01 | 1.8e+00 3.7e+00 2.123e+00
#3965  1471   1 | 7.38e-01 2.56e-02 -0.293  1.02 | 9.49e-01 8.54e-02 +0.048  1.00 | 1.7e+00 4.1e+00 1.458e+00
#3966  2175   1 | 1.66e+00 4.15e-02 +0.193  0.99 | 9.65e-01 7.97e-02 -0.069  1.02 | 1.8e+00 4.3e+00 3.664e+00
#3967  2153   1 | 1.14e+00 1.37e-01 +0.033  1.01 | 9.88e-01 9.85e-02 -0.060  1.02 | 1.9e+00 4.1e+00 2.304e+00
#3968  2959   1 | 9.83e-01 1.24e-01 +0.702  0.84 | 1.04e+00 1.10e-01 +0.247  0.96 | 1.9e+00 4.1e+00 1.853e+00
#3969  1319   1 | 9.71e-01 2.92e-02 +0.232  0.99 | 1.02e+00 6.71e-02 +0.005  1.00 | 1.7e+00 3.8e+00 1.970e+00
#3970   377   1 | 5.45e-01 1.03e-02 -0.354  1.01 | 1.03e+00 7.52e-02 +0.129  0.99 | 1.6e+00 3.7e+00 1.346e+00
#3971  2147   1 | 1.08e+00 5.64e-02 +0.411  0.96 | 9.93e-01 6.91e-02 +0.003  1.00 | 1.8e+00 3.8e+00 2.106e+00
#3972   926   1 | 8.89e-01 6.60e-02 +0.379  0.95 | 9.15e-01 1.07e-01 +0.000  1.01 | 1.7e+00 4.4e+00 1.598e+00
#3973  3808   1 | 1.04e+00 8.96e-02 -0.783  1.14 | 1.04e+00 7.92e-02 +0.056  1.00 | 1.9e+00 3.8e+00 2.311e+00
#3974  4831   1 | 5.07e-01 1.15e-01 -0.115  1.10 | 9.97e-01 1.15e-01 +0.396  0.92 | 1.5e+00 4.2e+00 1.200e+00
#3975  4860   1 | 9.46e-01 9.05e-02 -0.483  1.10 | 9.60e-01 1.02e-01 -0.067  1.03 | 1.4e+00 4.4e+00 1.931e+00
#3976  1928   1 | 1.17e+00 6.18e-02 +0.498  0.95 | 1.17e+00 9.87e-02 -0.063  1.02 | 1.7e+00 4.0e+00 2.689e+00
#3977  2519   1 | 1.18e+00 1.64e-02 -0.502  1.01 | 9.58e-01 8.31e-02 -0.022  1.01 | 1.8e+00 4.1e+00 2.337e+00
#3978  1200   1 | 1.40e+00 6.58e-02 +0.580  0.95 | 1.01e+00 7.96e-02 +0.062  1.00 | 1.6e+00 4.0e+00 2.885e+00
#3979  2893   1 | 1.19e+00 3.99e-02 +0.318  0.98 | 9.11e-01 6.04e-02 +0.027  1.00 | 1.7e+00 3.9e+00 2.229e+00
#3980  1322   1 | 4.94e-01 1.99e-02 -0.004  1.00 | 1.12e+00 8.18e-02 +0.144  0.98 | 1.7e+00 4.1e+00 1.473e+00
#3981   590   1 | 9.23e-01 6.68e-02 +0.805  0.89 | 9.51e-01 8.86e-02 -0.077  1.02 | 1.6e+00 4.3e+00 1.682e+00
#3982   105   1 | 1.08e+00 5.31e-02 +0.160  0.99 | 9.97e-01 7.01e-02 +0.212  0.98 | 1.6e+00 3.8e+00 2.116e+00
#3983  3043   1 | 1.11e+00 3.78e-02 +0.474  0.97 | 1.13e+00 4.28e-02 +0.166  0.99 | 1.7e+00 3.6e+00 2.453e+00
#3984   507   1 | 8.21e-01 8.34e-02 +0.704  0.87 | 1.01e+00 6.95e-02 -0.067  1.01 | 1.6e+00 4.1e+00 1.626e+00
#3985   278   1 | 4.46e-01 1.18e-01 +0.083  1.03 | 1.00e+00 8.04e-02 -0.051  1.01 | 1.6e+00 3.9e+00 1.222e+00
#3986  1325   1 | 1.22e+00 3.50e-02 -0.355  1.02 | 1.10e+00 6.48e-02 +0.092  0.99 | 1.7e+00 4.4e+00 2.737e+00
#3987  1640   1 | 7.29e-01 1.42e-01 -0.256  1.14 | 9.46e-01 6.41e-02 -0.042  1.01 | 1.6e+00 3.9e+00 1.509e+00
#3988  1133   1 | 1.29e+00 7.43e-02 -0.012  1.00 | 1.08e+00 5.53e-02 +0.011  1.00 | 1.7e+00 3.6e+00 2.844e+00
#3989  4026   1 | 1.00e+00 9.42e-03 +0.734  0.99 | 1.08e+00 9.36e-02 +0.280  0.96 | 1.5e+00 4.6e+00 2.124e+00
#3990  3281   1 | 1.09e+00 2.26e-01 +0.722  0.74 | 1.02e+00 5.94e-02 +0.276  0.97 | 1.7e+00 3.8e+00 1.893e+00
#3991   931   1 | 5.69e-01 1.56e-01 -0.201  1.19 | 9.77e-01 5.59e-02 -0.019  1.01 | 1.7e+00 3.7e+00 1.344e+00
#3992   842   1 | 9.64e-01 1.17e-01 -0.080  1.03 | 1.06e+00 5.55e-02 +0.088  0.99 | 1.6e+00 4.1e+00 2.086e+00
#3993    72   1 | 1.32e+00 8.28e-02 +0.153  0.98 | 1.02e+00 4.69e-02 +0.051  1.00 | 1.7e+00 3.7e+00 2.748e+00
#3994   705   1 | 1.38e+00 2.93e-02 -0.145  1.01 | 1.03e+00 4.32e-02 -0.009  1.00 | 1.7e+00 3.6e+00 2.971e+00
#3995  2518   1 | 1.11e+00 6.83e-02 +0.140  0.99 | 9.80e-01 6.28e-02 +0.068  1.00 | 1.9e+00 4.7e+00 2.164e+00
#3996   840   1 | 4.70e-01 4.51e-02 +0.099  0.99 | 9.87e-01 6.22e-02 +0.056  1.00 | 1.7e+00 4.1e+00 1.190e+00
#3997  3909   1 | 7.55e-01 3.16e-03 -0.149  1.00 | 9.49e-01 8.95e-02 +0.214  0.97 | 1.7e+00 4.2e+00 1.444e+00
#3998  4128   1 | 1.33e+00 2.42e-02 -0.137  1.01 | 1.02e+00 6.77e-02 +0.139  0.99 | 1.6e+00 3.7e+00 2.791e+00
#3999  4653   1 | 1.09e+00 1.43e-01 +0.400  0.91 | 9.93e-01 1.13e-01 +0.377  0.93 | 1.6e+00 4.5e+00 1.993e+00
#4000   319   1 | 4.46e-01 2.13e-02 +0.086  0.99 | 1.00e+00 5.62e-02 +0.013  1.00 | 1.7e+00 3.4e+00 1.203e+00
#4001  3360   1 | 9.57e-01 1.64e-01 +0.029  1.02 | 1.03e+00 7.52e-02 +0.009  1.00 | 1.8e+00 4.4e+00 2.002e+00
#4002  4869   1 | 1.23e+00 7.52e-02 +0.547  0.94 | 1.05e+00 7.41e-02 +0.170  0.98 | 1.5e+00 4.3e+00 2.504e+00
#4003  4289   1 | 5.78e-01 1.48e-01 -0.208  1.17 | 1.05e+00 1.26e-01 +0.059  1.00 | 1.5e+00 4.5e+00 1.500e+00
#4004  1800   1 | 9.07e-01 2.28e-02 +0.126  0.99 | 9.18e-01 7.13e-02 +0.011  1.00 | 1.7e+00 3.8e+00 1.664e+00
#4005  4780   1 | 1.06e+00 3.49e-03 -0.204  1.00 | 9.70e-01 1.19e-01 +0.092  0.99 | 1.6e+00 4.3e+00 2.060e+00
#4006  1492   1 | 1.35e+00 8.74e-02 +0.688  0.91 | 1.00e+00 7.92e-02 +0.016  1.00 | 1.7e+00 3.9e+00 2.664e+00
#4007  3431   1 | 8.40e-01 3.66e-02 +0.705  0.94 | 1.01e+00 9.17e-02 +0.019  1.00 | 1.8e+00 4.0e+00 1.695e+00
#4008  2020   1 | 1.08e+00 2.08e-02 +0.153  0.99 | 9.97e-01 9.64e-02 +0.173  0.98 | 1.8e+00 4.0e+00 2.120e+00
#4009  3219   1 | 9.58e-01 1.17e-01 +0.080  1.00 | 1.06e+00 5.06e-02 -0.045  1.01 | 1.8e+00 3.6e+00 2.053e+00
#4010  1652   1 | 7.29e-01 5.10e-02 +0.209  0.98 | 9.46e-01 9.70e-02 +0.010  1.01 | 1.6e+00 3.9e+00 1.421e+00
#4011  1811   1 | 1.29e+00 5.58e-03 +0.246  1.00 | 9.27e-01 7.94e-02 +0.079  0.99 | 1.7e+00 3.5e+00 2.526e+00
#4012   545   1 | 1.17e+00 1.77e-01 +0.494  0.87 | 1.17e+00 8.66e-02 -0.018  1.01 | 1.7e+00 4.3e+00 2.573e+00
#4013  4338   1 | 1.09e+00 9.43e-03 -0.497  1.01 | 9.68e-01 8.08e-02 +0.208  0.97 | 1.6e+00 4.3e+00 2.101e+00
#4014  2603   1 | 4.96e-01 8.04e-02 +0.041  1.01 | 1.12e+00 6.51e-02 +0.131  0.99 | 1.9e+00 4.1e+00 1.482e+00
#4015  2918   1 | 5.65e-01 2.64e-01 +0.504  0.75 | 1.04e+00 9.60e-02 +0.041  1.00 | 1.7e+00 3.9e+00 1.326e+00
#4016  4481   1 | 1.04e+00 1.94e-01 +0.802  0.74 | 1.08e+00 1.32e-01 +0.182  0.97 | 1.5e+00 4.4e+00 1.944e+00
#4017  3103   1 | 1.10e+00 9.86e-02 +0.101  0.99 | 9.80e-01 5.84e-02 +0.055  1.00 | 1.8e+00 4.1e+00 2.153e+00
#4018  3430   1 | 1.30e+00 1.74e-02 -0.080  1.00 | 9.64e-01 6.12e-02 +0.298  0.97 | 1.8e+00 3.9e+00 2.592e+00
#4019  2413   1 | 8.92e-01 2.35e-01 +0.391  0.86 | 9.15e-01 9.12e-02 +0.112  0.99 | 1.9e+00 4.3e+00 1.515e+00
#4020  2003   1 | 1.32e+00 5.45e-03 +0.566  1.00 | 1.12e+00 6.82e-02 -0.034  1.01 | 1.8e+00 4.1e+00 2.999e+00
#4021  4817   1 | 6.94e-01 1.27e-01 -0.079  1.06 | 1.00e+00 9.64e-02 +0.282  0.96 | 1.6e+00 4.0e+00 1.471e+00
#4022   382   1 | 1.18e+00 1.84e-02 +0.459  0.99 | 9.58e-01 6.83e-02 -0.036  1.01 | 1.8e+00 3.9e+00 2.298e+00
#4023  2553   1 | 8.59e-01 7.00e-02 +0.254  0.97 | 9.10e-01 7.15e-02 -0.040  1.01 | 2.0e+00 3.9e+00 1.551e+00
#4024   347   1 | 6.23e-01 2.95e-01 +0.125  1.11 | 1.03e+00 8.98e-02 +0.035  1.00 | 1.8e+00 4.4e+00 1.490e+00
#4025  2784   1 | 9.66e-01 2.84e-01 +0.486  0.80 | 9.60e-01 8.66e-02 +0.040  1.00 | 2.0e+00 4.2e+00 1.669e+00
#4026  1000   1 | 1.38e+00 9.68e-02 -0.152  1.03 | 1.03e+00 6.11e-02 +0.161  0.98 | 1.8e+00 3.5e+00 2.989e+00
#4027  4428   1 | 1.12e+00 1.43e-01 -0.483  1.14 | 1.13e+00 1.04e-01 +0.301  0.95 | 1.6e+00 4.7e+00 2.641e+00
#4028  1401   1 | 9.22e-01 2.50e-01 +0.801  0.64 | 9.51e-01 9.83e-02 -0.070  1.03 | 1.7e+00 4.2e+00 1.471e+00
#4029  2987   1 | 1.10e+00 2.96e-02 +0.224  0.99 | 1.08e+00 5.99e-02 +0.150  0.99 | 1.9e+00 3.8e+00 2.345e+00
#4030  2554   1 | 5.72e-01 2.46e-01 +0.206  1.01 | 9.77e-01 4.60e-02 -0.017  1.00 | 2.0e+00 4.1e+00 1.289e+00
#4031  3728   1 | 8.44e-01 1.68e-01 +0.411  0.88 | 9.54e-01 8.80e-02 +0.112  0.99 | 1.9e+00 3.7e+00 1.523e+00
#4032  2666   1 | 1.09e+00 8.71e-02 -0.115  1.02 | 9.37e-01 5.42e-02 +0.037  1.00 | 1.9e+00 3.7e+00 2.104e+00
#4033  1307   1 | 1.40e+00 3.25e-01 +0.586  0.78 | 1.01e+00 1.10e-01 -0.090  1.03 | 1.8e+00 4.1e+00 2.594e+00
#4034  3554   1 | 1.23e+00 2.49e-01 +0.368  0.89 | 1.10e+00 6.77e-02 +0.197  0.98 | 1.9e+00 3.4e+00 2.538e+00
#4035  3934   1 | 1.20e+00 3.18e-01 +0.761  0.67 | 9.89e-01 6.13e-02 +0.120  0.99 | 1.9e+00 4.2e+00 1.932e+00
#4036  1155   1 | 1.13e+00 1.89e-01 +0.388  0.90 | 1.05e+00 8.85e-02 +0.152  0.98 | 1.8e+00 4.4e+00 2.239e+00
#4037  3073   1 | 1.03e+00 9.78e-02 -0.274  1.06 | 1.02e+00 7.92e-02 +0.133  0.99 | 2.1e+00 4.1e+00 2.156e+00
#4038  2067   1 | 7.08e-01 2.13e-01 -0.557  1.43 | 1.09e+00 5.01e-02 +0.067  1.00 | 2.1e+00 3.7e+00 1.893e+00
#4039  1066   1 | 1.00e+00 6.00e-02 -0.370  1.05 | 1.07e+00 7.69e-02 +0.037  1.00 | 2.0e+00 4.5e+00 2.208e+00
#4040  3972   1 | 1.28e+00 2.97e-01 +0.160  0.98 | 1.01e+00 9.63e-02 +0.229  0.97 | 1.9e+00 3.4e+00 2.583e+00
#4041  2427   1 | 5.52e-01 3.66e-01 +0.387  0.93 | 1.03e+00 7.47e-02 +0.012  1.00 | 2.2e+00 4.3e+00 1.344e+00
#4042  1857   1 | 1.11e+00 3.22e-01 -0.282  1.25 | 1.06e+00 5.95e-02 -0.035  1.01 | 2.0e+00 3.5e+00 2.662e+00
#4043   646   1 | 1.07e+00 3.53e-01 +0.511  0.77 | 1.03e+00 9.47e-02 -0.037  1.02 | 1.9e+00 4.0e+00 1.958e+00
#4044   987   1 | 9.71e-01 6.11e-02 +0.250  0.97 | 1.02e+00 8.26e-02 -0.006  1.01 | 1.8e+00 3.8e+00 1.961e+00
#4045   283   1 | 9.98e-01 5.73e-02 +0.127  0.99 | 8.61e-01 5.27e-02 +0.039  1.00 | 1.9e+00 3.9e+00 1.726e+00
#4046  4497   1 | 1.20e+00 3.37e-02 -0.261  1.02 | 9.11e-01 1.12e-01 +0.347  0.93 | 1.7e+00 4.1e+00 2.240e+00
#4047   845   1 | 1.11e+00 8.11e-02 -0.139  1.03 | 9.82e-01 6.46e-02 -0.233  1.03 | 1.9e+00 4.1e+00 2.259e+00
#4048  2794   1 | 1.05e+00 2.70e-03 +0.029  1.00 | 8.36e-01 6.84e-02 +0.070  1.00 | 2.0e+00 4.2e+00 1.790e+00
#4049  1006   1 | 5.96e-01 1.67e-01 -0.584  1.41 | 1.08e+00 8.90e-02 +0.077  0.99 | 1.9e+00 4.4e+00 1.668e+00
#4050   941   1 | 1.15e+00 2.14e-01 -0.023  1.04 | 9.43e-01 6.81e-02 +0.230  0.97 | 1.9e+00 4.3e+00 2.234e+00
#4051  2353   1 | 1.14e+00 1.38e-01 +0.031  1.01 | 9.88e-01 6.37e-02 +0.159  0.98 | 1.9e+00 4.0e+00 2.266e+00
#4052  1823   1 | 1.02e+00 2.09e-01 +0.160  0.98 | 9.92e-01 7.95e-02 -0.052  1.01 | 1.9e+00 4.5e+00 2.021e+00
#4053     7   1 | 1.02e+00 1.53e-02 +0.024  1.00 | 1.13e+00 4.79e-02 -0.065  1.01 | 1.9e+00 3.5e+00 2.328e+00
#4054  1842   1 | 8.26e-01 2.69e-01 -0.410  1.37 | 9.42e-01 5.22e-02 +0.020  1.00 | 1.9e+00 3.5e+00 1.824e+00
#4055   427   1 | 9.69e-01 1.11e-01 +0.121  0.99 | 1.06e+00 8.32e-02 -0.131  1.03 | 1.8e+00 4.2e+00 2.075e+00
#4056  4465   1 | 1.11e+00 4.26e-04 -0.592  1.00 | 1.02e+00 8.27e-02 +0.257  0.96 | 1.6e+00 3.8e+00 2.231e+00
#4057  3507   1 | 1.29e+00 3.99e-02 -0.665  1.04 | 1.04e+00 6.30e-02 +0.110  0.99 | 1.8e+00 3.9e+00 2.805e+00
#4058  3180   1 | 6.59e-01 1.66e-02 -0.016  1.00 | 1.07e+00 5.52e-02 +0.107  0.99 | 2.0e+00 4.0e+00 1.569e+00
#4059  4982   1 | 9.57e-01 1.17e-02 -0.728  1.02 | 1.04e+00 8.41e-02 +0.322  0.95 | 1.6e+00 3.9e+00 1.969e+00
#4060  4189   1 | 1.27e+00 2.08e-01 -0.023  1.03 | 1.08e+00 9.81e-02 +0.287  0.96 | 1.6e+00 3.9e+00 2.787e+00
#4061   473   1 | 1.08e+00 9.40e-02 +0.789  0.87 | 1.04e+00 5.97e-02 -0.146  1.02 | 1.7e+00 4.0e+00 2.124e+00
#4062  3244   1 | 1.01e+00 2.13e-01 +0.680  0.76 | 9.45e-01 6.01e-02 -0.008  1.01 | 1.7e+00 4.1e+00 1.673e+00
#4063  3747   1 | 5.23e-01 1.12e-01 -0.156  1.11 | 9.97e-01 1.09e-01 +0.233  0.96 | 1.7e+00 4.2e+00 1.259e+00
#4064  3365   1 | 7.91e-01 2.94e-01 -0.345  1.40 | 9.59e-01 6.80e-02 +0.122  0.99 | 1.8e+00 3.9e+00 1.781e+00
#4065  2484   1 | 1.66e+00 1.85e-01 -0.162  1.05 | 9.65e-01 6.18e-02 -0.065  1.01 | 1.8e+00 3.9e+00 3.821e+00
#4066  4513   1 | 1.13e+00 1.57e-01 -0.016  1.02 | 1.01e+00 1.30e-01 +0.159  0.98 | 1.5e+00 4.2e+00 2.286e+00
#4067  1328   1 | 9.57e-01 7.69e-02 +0.533  0.92 | 1.07e+00 1.12e-01 -0.009  1.01 | 1.6e+00 4.2e+00 2.014e+00
#4068  1365   1 | 1.31e+00 4.64e-02 +0.275  0.98 | 1.09e+00 9.34e-02 +0.153  0.98 | 1.6e+00 4.0e+00 2.848e+00
#4069  3649   1 | 1.11e+00 7.87e-03 -0.642  1.01 | 9.75e-01 1.12e-01 +0.079  1.00 | 1.6e+00 4.3e+00 2.185e+00
#4070  1634   1 | 1.22e+00 2.25e-02 +0.332  0.99 | 1.10e+00 1.11e-01 -0.003  1.01 | 1.6e+00 3.8e+00 2.710e+00
#4071  4299   1 | 1.03e+00 6.65e-02 -0.037  1.01 | 1.13e+00 1.28e-01 +0.155  0.98 | 1.5e+00 3.8e+00 2.327e+00
#4072  3123   1 | 1.10e+00 5.04e-02 -0.111  1.01 | 9.80e-01 8.78e-02 +0.062  1.00 | 1.6e+00 4.6e+00 2.180e+00
#4073  1965   1 | 7.40e-01 2.13e-01 -0.309  1.26 | 9.49e-01 8.46e-02 -0.085  1.02 | 1.7e+00 3.7e+00 1.612e+00
#4074  3753   1 | 7.38e-01 1.95e-02 +0.283  0.99 | 9.46e-01 8.04e-02 +0.114  0.99 | 1.5e+00 3.6e+00 1.421e+00
#4075  1509   1 | 8.26e-01 1.60e-01 -0.352  1.17 | 9.54e-01 9.76e-02 +0.126  0.98 | 1.5e+00 3.8e+00 1.697e+00
#4076  2020   1 | 5.14e-01 1.29e-01 -0.140  1.13 | 9.97e-01 7.69e-02 +0.069  1.00 | 1.5e+00 3.9e+00 1.288e+00
#4077  2766   1 | 1.07e+00 7.76e-02 -0.159  1.03 | 9.97e-01 8.88e-02 +0.109  0.99 | 1.6e+00 4.2e+00 2.167e+00
#4078  3386   1 | 8.95e-01 1.04e-01 +0.757  0.84 | 9.51e-01 9.73e-02 +0.101  0.99 | 1.6e+00 3.9e+00 1.566e+00
#4079  3042   1 | 1.28e+00 7.97e-02 +0.036  1.00 | 1.08e+00 6.57e-02 +0.167  0.98 | 1.5e+00 3.8e+00 2.781e+00
#4080  2939   1 | 9.68e-01 2.61e-01 +0.477  0.82 | 9.60e-01 1.04e-01 +0.113  0.99 | 1.5e+00 4.3e+00 1.673e+00
#4081   239   1 | 8.24e-01 2.89e-03 -0.176  1.00 | 9.42e-01 1.08e-01 +0.167  0.97 | 1.4e+00 4.2e+00 1.544e+00
#4082  4818   1 | 1.10e+00 6.27e-02 -0.274  1.03 | 1.06e+00 1.23e-01 +0.251  0.96 | 1.3e+00 3.8e+00 2.317e+00
#4083  4621   1 | 1.10e+00 1.73e-01 +0.127  0.98 | 1.08e+00 1.45e-01 +0.337  0.93 | 1.3e+00 3.9e+00 2.272e+00
#4084  1913   1 | 8.90e-01 4.36e-02 +0.345  0.97 | 9.15e-01 1.25e-01 +0.053  1.00 | 1.4e+00 4.3e+00 1.608e+00
#4085  2508   1 | 1.00e+00 5.08e-02 -0.696  1.07 | 9.45e-01 6.82e-02 -0.065  1.01 | 1.5e+00 4.0e+00 1.986e+00
#4086  1485   1 | 1.14e+00 1.14e-01 +0.691  0.87 | 9.75e-01 1.36e-01 -0.007  1.02 | 1.4e+00 4.5e+00 2.108e+00
#4087  1899   1 | 1.38e+00 1.04e-01 +0.151  0.98 | 1.03e+00 1.14e-01 +0.168  0.98 | 1.4e+00 4.0e+00 2.901e+00
#4088  4886   1 | 1.09e+00 1.51e-01 +0.524  0.87 | 9.68e-01 1.17e-01 +0.270  0.95 | 1.3e+00 3.8e+00 1.925e+00
#4089   170   1 | 1.04e+00 5.69e-02 +0.208  0.98 | 8.36e-01 1.02e-01 -0.106  1.04 | 1.4e+00 4.0e+00 1.791e+00
#4090  3255   1 | 1.30e+00 1.56e-01 -0.006  1.02 | 9.64e-01 1.10e-01 +0.296  0.95 | 1.5e+00 4.1e+00 2.593e+00
#4091   167   1 | 4.46e-01 6.75e-02 +0.121  0.99 | 1.00e+00 1.20e-01 +0.040  1.00 | 1.4e+00 3.9e+00 1.204e+00
#4092  1873   1 | 1.17e+00 2.00e-01 +0.495  0.86 | 1.17e+00 9.80e-02 +0.031  1.00 | 1.5e+00 4.0e+00 2.544e+00
#4093  4788   1 | 1.15e+00 1.33e-01 +0.035  1.01 | 9.88e-01 1.61e-01 +0.225  0.95 | 1.3e+00 4.4e+00 2.257e+00
#4094   374   1 | 1.31e+00 2.46e-01 -0.636  1.27 | 1.04e+00 1.14e-01 +0.142  0.98 | 1.4e+00 4.2e+00 3.236e+00
#4095  3254   1 | 6.19e-01 1.38e-01 +0.582  0.79 | 1.08e+00 1.05e-01 +0.029  1.00 | 1.5e+00 4.0e+00 1.483e+00
#4096  3688   1 | 1.20e+00 8.80e-02 +0.765  0.89 | 9.89e-01 5.87e-02 -0.072  1.01 | 1.5e+00 3.9e+00 2.287e+00
#4097  4963   1 | 5.36e-01 2.46e-01 +0.445  0.80 | 1.04e+00 1.55e-01 +0.393  0.91 | 1.3e+00 4.1e+00 1.214e+00
#4098  4996   1 | 1.18e+00 6.91e-02 -0.450  1.06 | 9.58e-01 9.92e-02 +0.057  1.00 | 1.3e+00 3.7e+00 2.376e+00
#4099  1085   1 | 5.78e-01 1.52e-01 -0.200  1.17 | 1.05e+00 8.33e-02 +0.016  1.00 | 1.4e+00 4.1e+00 1.505e+00
#4100   903   1 | 8.53e-01 5.98e-02 +0.258  0.97 | 9.10e-01 9.11e-02 -0.150  1.04 | 1.4e+00 3.7e+00 1.565e+00
#4101  1780   1 | 6.25e-01 4.57e-02 -0.131  1.02 | 1.03e+00 9.75e-02 -0.076  1.02 | 1.4e+00 3.8e+00 1.484e+00
#4102  2688   1 | 4.96e-01 2.44e-01 -0.033  1.28 | 1.12e+00 9.97e-02 +0.093  0.99 | 1.5e+00 4.2e+00 1.551e+00
#4103  2209   1 | 1.32e+00 3.16e-02 +0.652  0.97 | 1.12e+00 1.19e-01 +0.040  1.00 | 1.4e+00 3.9e+00 2.944e+00
#4104  2565   1 | 1.14e+00 5.35e-02 -0.009  1.00 | 9.43e-01 9.35e-02 +0.200  0.97 | 1.6e+00 4.0e+00 2.177e+00
#4105  3171   1 | 1.08e+00 1.23e-01 +0.029  1.01 | 9.70e-01 1.04e-01 -0.019  1.02 | 1.4e+00 3.8e+00 2.135e+00
#4106   131   1 | 1.12e+00 3.06e-02 +0.455  0.98 | 1.13e+00 1.24e-01 +0.174  0.97 | 1.3e+00 4.1e+00 2.481e+00
#4107  1855   1 | 8.23e-01 2.35e-02 +0.656  0.96 | 1.01e+00 9.22e-02 +0.026  1.00 | 1.4e+00 4.1e+00 1.683e+00
#4108  3788   1 | 1.10e+00 1.82e-02 +0.374  0.99 | 1.05e+00 8.59e-02 +0.381  0.94 | 1.4e+00 4.1e+00 2.231e+00
#4109  4823   1 | 1.12e+00 4.17e-02 -0.723  1.06 | 1.02e+00 7.10e-02 -0.070  1.01 | 1.3e+00 3.5e+00 2.379e+00
#4110  2234   1 | 1.04e+00 1.61e-02 -0.281  1.01 | 1.02e+00 9.10e-02 +0.224  0.97 | 1.3e+00 3.8e+00 2.096e+00
#4111  1590   1 | 1.65e+00 2.70e-03 +0.089  1.00 | 9.65e-01 7.70e-02 -0.131  1.03 | 1.3e+00 3.9e+00 3.693e+00
#4112  1913   1 | 4.71e-01 2.58e-02 -0.140  1.02 | 9.87e-01 5.77e-02 -0.062  1.01 | 1.4e+00 3.8e+00 1.211e+00
#4113  2339   1 | 9.62e-01 5.48e-02 +0.035  1.00 | 1.03e+00 5.80e-02 -0.150  1.02 | 1.4e+00 3.7e+00 2.012e+00
#4114   535   1 | 1.30e+00 2.17e-03 -0.466  1.00 | 9.27e-01 7.56e-02 -0.143  1.03 | 1.3e+00 4.0e+00 2.567e+00
#4115  1476   1 | 1.02e+00 8.59e-02 +0.173  0.98 | 9.92e-01 9.29e-02 +0.059  1.00 | 1.3e+00 4.3e+00 2.007e+00
#4116   353   1 | 1.21e+00 4.71e-02 -0.554  1.04 | 1.05e+00 4.44e-02 +0.026  1.00 | 1.4e+00 4.6e+00 2.630e+00
#4117  1000   1 | 1.07e+00 1.26e-02 +0.484  0.99 | 1.03e+00 7.29e-02 +0.026  1.00 | 1.3e+00 4.0e+00 2.190e+00
#4118  2905   1 | 1.07e+00 8.89e-02 -0.771  1.14 | 1.04e+00 5.26e-02 -0.052  1.01 | 1.4e+00 3.6e+00 2.382e+00
#4119  3905   1 | 9.99e-01 2.26e-02 +0.666  0.97 | 1.04e+00 9.78e-02 +0.071  1.00 | 1.2e+00 4.1e+00 2.051e+00
#4120   225   1 | 1.21e+00 4.29e-02 +0.272  0.98 | 9.11e-01 7.63e-02 +0.018  1.00 | 1.3e+00 4.0e+00 2.267e+00
#4121   510   1 | 1.00e+00 4.88e-02 -0.380  1.04 | 1.07e+00 6.39e-02 -0.035  1.01 | 1.3e+00 4.3e+00 2.210e+00
#4122   765   1 | 9.69e-01 7.41e-02 -0.114  1.02 | 1.06e+00 5.73e-02 -0.187  1.02 | 1.3e+00 4.1e+00 2.107e+00
#4123  3254   1 | 1.08e+00 4.23e-02 +0.144  0.99 | 9.82e-01 5.14e-02 +0.270  0.97 | 1.3e+00 4.4e+00 2.104e+00
#4124  4820   1 | 1.09e+00 1.75e-01 +0.385  0.90 | 9.93e-01 1.18e-01 +0.182  0.97 | 1.2e+00 4.4e+00 2.025e+00
#4125  1363   1 | 5.46e-01 9.75e-02 +0.372  0.90 | 1.03e+00 6.09e-02 +0.178  0.98 | 1.2e+00 4.3e+00 1.308e+00
#4126  4823   1 | 9.69e-01 1.26e-01 -0.246  1.08 | 1.02e+00 9.36e-02 +0.236  0.97 | 1.2e+00 4.6e+00 2.016e+00
#4127    58   1 | 1.40e+00 2.39e-01 +0.588  0.83 | 1.01e+00 3.78e-02 -0.039  1.00 | 1.2e+00 3.7e+00 2.659e+00
#4128   467   1 | 9.98e-01 6.02e-02 -0.132  1.02 | 8.61e-01 3.76e-02 -0.030  1.00 | 1.3e+00 4.0e+00 1.760e+00
#4129  2727   1 | 9.61e-01 1.19e-01 -0.095  1.04 | 1.06e+00 6.59e-02 +0.024  1.00 | 1.3e+00 5.0e+00 2.092e+00
#4130  1668   1 | 7.06e-01 1.83e-01 +0.550  0.78 | 1.09e+00 4.99e-02 +0.100  0.99 | 1.2e+00 3.8e+00 1.565e+00
#4131  1097   1 | 1.32e+00 2.28e-01 -0.158  1.08 | 1.02e+00 5.26e-02 +0.095  0.99 | 1.3e+00 4.1e+00 2.915e+00
#4132  3506   1 | 1.01e+00 6.31e-02 +0.791  0.91 | 1.08e+00 5.62e-02 -0.031  1.01 | 1.2e+00 3.9e+00 2.115e+00
#4133  2284   1 | 1.34e+00 7.63e-02 -0.680  1.08 | 1.00e+00 6.71e-02 +0.106  0.99 | 1.2e+00 4.3e+00 2.942e+00
#4134  4047   1 | 1.14e+00 1.07e-01 -0.028  1.01 | 1.01e+00 5.43e-02 +0.070  1.00 | 1.2e+00 4.0e+00 2.318e+00
#4135   627   1 | 1.09e+00 1.16e-01 +0.113  0.99 | 9.37e-01 3.91e-02 +0.238  0.98 | 1.3e+00 3.7e+00 2.030e+00
#4136  3937   1 | 1.28e+00 4.11e-02 +0.152  0.99 | 1.01e+00 1.07e-01 +0.255  0.96 | 1.1e+00 4.0e+00 2.592e+00
#4137  1522   1 | 6.58e-01 1.15e-01 -0.007  1.03 | 1.07e+00 6.05e-02 +0.196  0.98 | 1.3e+00 4.5e+00 1.570e+00
#4138  4369   1 | 1.30e+00 5.78e-02 +0.265  0.98 | 1.09e+00 1.12e-01 -0.003  1.01 | 1.2e+00 3.9e+00 2.877e+00
#4139  1989   1 | 5.70e-01 3.05e-02 -0.223  1.03 | 9.77e-01 7.52e-02 +0.000  1.01 | 1.2e+00 3.8e+00 1.295e+00
#4140  2632   1 | 7.05e-01 1.52e-01 -0.080  1.08 | 1.00e+00 4.10e-02 -0.047  1.01 | 1.2e+00 3.7e+00 1.548e+00
#4141  2658   1 | 9.09e-01 8.15e-02 +0.135  0.98 | 9.18e-01 4.60e-02 -0.047  1.01 | 1.2e+00 3.9e+00 1.660e+00
#4142  1580   1 | 7.72e-01 8.18e-02 +0.344  0.94 | 9.59e-01 6.09e-02 +0.036  1.00 | 1.2e+00 4.2e+00 1.478e+00
#4143  1483   1 | 9.58e-01 1.69e-01 +0.524  0.85 | 1.07e+00 9.36e-02 +0.039  1.00 | 1.3e+00 4.4e+00 1.932e+00
#4144  4412   1 | 1.04e+00 1.96e-01 +0.804  0.73 | 1.08e+00 1.78e-01 +0.237  0.95 | 1.2e+00 4.1e+00 1.903e+00
#4145  1339   1 | 1.07e+00 1.55e-01 +0.515  0.87 | 1.03e+00 8.02e-02 +0.018  1.00 | 1.2e+00 4.2e+00 2.057e+00
#4146  1575   1 | 4.47e-01 3.40e-02 -0.075  1.02 | 1.00e+00 7.77e-02 -0.020  1.01 | 1.2e+00 3.8e+00 1.216e+00
#4147  3939   1 | 1.32e+00 6.57e-02 -0.161  1.02 | 1.02e+00 8.91e-02 +0.198  0.97 | 1.1e+00 4.1e+00 2.792e+00
#4148  4554   1 | 1.09e+00 1.64e-01 +0.541  0.86 | 9.68e-01 2.18e-01 +0.267  0.93 | 1.1e+00 4.7e+00 1.892e+00
#4149  2578   1 | 7.78e-01 6.42e-02 +0.349  0.95 | 9.59e-01 4.67e-02 +0.056  1.00 | 1.3e+00 4.3e+00 1.491e+00
#4150   641   1 | 8.53e-01 1.41e-01 +0.245  0.95 | 9.10e-01 9.06e-02 +0.033  1.00 | 1.3e+00 4.3e+00 1.519e+00
#4151  4977   1 | 9.38e-01 8.29e-02 +0.504  0.92 | 1.07e+00 1.15e-01 +0.289  0.95 | 1.2e+00 4.1e+00 1.905e+00
#4152  1283   1 | 1.18e+00 1.56e-01 -0.452  1.14 | 9.58e-01 9.34e-02 -0.049  1.02 | 1.2e+00 3.9e+00 2.515e+00
#4153  2428   1 | 9.62e-01 7.53e-02 -0.083  1.02 | 1.06e+00 5.48e-02 +0.013  1.00 | 1.3e+00 3.9e+00 2.076e+00
#4154  1980   1 | 7.40e-01 1.03e-01 -0.304  1.10 | 9.49e-01 6.97e-02 +0.061  1.00 | 1.2e+00 4.1e+00 1.502e+00
#4155  3462   1 | 6.59e-01 1.78e-02 +0.103  1.00 | 1.07e+00 7.56e-02 +0.138  0.99 | 1.2e+00 3.9e+00 1.559e+00
#4156  1203   1 | 4.94e-01 2.89e-02 -0.043  1.01 | 1.12e+00 7.02e-02 -0.015  1.01 | 1.3e+00 3.9e+00 1.502e+00
#4157   220   1 | 1.17e+00 1.30e-02 +0.486  0.99 | 1.17e+00 6.94e-02 +0.143  0.99 | 1.3e+00 4.0e+00 2.703e+00
#4158   980   1 | 9.75e-01 1.45e-01 -0.706  1.23 | 1.04e+00 6.31e-02 +0.284  0.97 | 1.4e+00 4.1e+00 2.224e+00
#4159  3614   1 | 1.28e+00 4.62e-02 +0.153  0.99 | 1.01e+00 7.37e-02 +0.201  0.98 | 1.2e+00 3.7e+00 2.625e+00
#4160  3027   1 | 1.13e+00 4.59e-02 -0.016  1.00 | 1.01e+00 5.18e-02 -0.003  1.00 | 1.2e+00 4.0e+00 2.288e+00
#4161  2708   1 | 8.95e-01 6.71e-02 +0.411  0.94 | 9.15e-01 5.14e-02 +0.049  1.00 | 1.3e+00 3.5e+00 1.591e+00
#4162  1196   1 | 1.08e+00 1.09e-01 +0.791  0.85 | 1.04e+00 1.05e-01 -0.094  1.03 | 1.3e+00 3.9e+00 2.108e+00
#4163   395   1 | 9.60e-01 1.60e-01 -0.483  1.19 | 9.60e-01 1.23e-01 -0.247  1.08 | 1.3e+00 3.8e+00 2.091e+00
#4164  3574   1 | 7.33e-01 1.39e-02 +0.453  0.98 | 1.09e+00 8.97e-02 -0.001  1.01 | 1.2e+00 4.1e+00 1.720e+00
#4165  3688   1 | 5.23e-01 4.09e-02 +0.168  0.98 | 9.97e-01 7.48e-02 +0.215  0.97 | 1.2e+00 3.9e+00 1.236e+00
#4166  2428   1 | 1.02e+00 2.16e-02 +0.170  0.99 | 9.92e-01 5.15e-02 +0.102  0.99 | 1.2e+00 3.7e+00 2.014e+00
#4167  4039   1 | 7.08e-01 6.21e-02 -0.102  1.03 | 1.00e+00 1.62e-01 +0.087  1.00 | 1.2e+00 4.0e+00 1.517e+00
#4168  1932   1 | 8.23e-01 4.32e-02 +0.747  0.92 | 1.01e+00 4.83e-02 -0.001  1.00 | 1.2e+00 3.8e+00 1.655e+00
#4169   236   1 | 5.78e-01 8.17e-02 -0.206  1.08 | 1.05e+00 6.56e-02 +0.020  1.00 | 1.3e+00 3.9e+00 1.469e+00
#4170  4794   1 | 1.32e+00 2.13e-02 -0.647  1.02 | 1.04e+00 8.19e-02 +0.278  0.96 | 1.2e+00 4.1e+00 2.806e+00
#4171  1749   1 | 1.13e+00 5.75e-02 +0.387  0.96 | 1.05e+00 6.28e-02 +0.188  0.98 | 1.2e+00 4.2e+00 2.318e+00
#4172  1915   1 | 5.70e-01 1.02e-01 -0.201  1.10 | 9.77e-01 7.23e-02 -0.030  1.01 | 1.2e+00 4.5e+00 1.323e+00
#4173   855   1 | 1.31e+00 1.63e-01 +0.260  0.95 | 1.09e+00 5.09e-02 -0.016  1.00 | 1.3e+00 3.5e+00 2.824e+00
#4174  2581   1 | 6.06e-01 1.35e-01 +0.584  0.79 | 1.08e+00 4.51e-02 +0.073  1.00 | 1.3e+00 4.1e+00 1.459e+00
#4175  4905   1 | 1.29e+00 1.94e-01 -0.006  1.02 | 9.64e-01 7.71e-02 +0.366  0.95 | 1.2e+00 3.6e+00 2.579e+00
#4176  1808   1 | 1.14e+00 5.47e-02 -0.019  1.00 | 9.88e-01 4.58e-02 -0.007  1.00 | 1.2e+00 3.9e+00 2.284e+00
#4177   407   1 | 1.35e+00 2.44e-01 -0.695  1.28 | 1.00e+00 7.64e-02 +0.122  0.99 | 1.3e+00 4.0e+00 3.322e+00
#4178  1010   1 | 1.10e+00 3.24e-02 -0.059  1.00 | 1.08e+00 4.68e-02 -0.030  1.00 | 1.3e+00 3.9e+00 2.382e+00
#4179   224   1 | 1.11e+00 1.68e-02 +0.145  1.00 | 9.82e-01 3.95e-02 -0.065  1.01 | 1.3e+00 3.8e+00 2.196e+00
#4180   481   1 | 1.11e+00 1.85e-01 +0.730  0.78 | 1.02e+00 6.13e-02 -0.039  1.01 | 1.2e+00 4.0e+00 2.009e+00
#4181  4840   1 | 9.69e-01 1.17e-01 +0.241  0.96 | 1.02e+00 9.90e-02 +0.310  0.95 | 1.1e+00 3.8e+00 1.881e+00
#4182   883   1 | 1.08e+00 4.17e-02 +0.364  0.97 | 9.93e-01 4.73e-02 +0.042  1.00 | 1.2e+00 4.0e+00 2.121e+00
#4183  1717   1 | 1.15e+00 7.36e-02 -0.001  1.00 | 9.43e-01 6.53e-02 +0.154  0.98 | 1.2e+00 4.0e+00 2.193e+00
#4184  1512   1 | 1.29e+00 5.80e-02 -0.009  1.00 | 1.08e+00 8.49e-02 -0.008  1.01 | 1.2e+00 4.0e+00 2.846e+00
#4185  2883   1 | 1.31e+00 9.78e-02 +0.665  0.91 | 1.12e+00 4.94e-02 -0.007  1.00 | 1.2e+00 3.7e+00 2.817e+00
#4186  4583   1 | 1.05e+00 2.85e-02 +0.278  0.99 | 1.02e+00 1.58e-01 +0.289  0.93 | 1.1e+00 4.2e+00 2.059e+00
#4187   716   1 | 5.46e-01 1.54e-01 +0.381  0.86 | 1.03e+00 6.16e-02 +0.064  1.00 | 1.2e+00 4.1e+00 1.311e+00
#4188  4239   1 | 1.39e+00 7.01e-02 -0.159  1.02 | 1.03e+00 1.45e-01 +0.160  0.97 | 1.1e+00 4.8e+00 2.994e+00
#4189  3433   1 | 1.09e+00 4.36e-02 -0.031  1.00 | 9.70e-01 8.61e-02 -0.006  1.01 | 1.2e+00 3.6e+00 2.135e+00
#4190  4689   1 | 1.22e+00 8.64e-02 -0.537  1.08 | 1.05e+00 1.09e-01 +0.154  0.98 | 1.1e+00 4.1e+00 2.692e+00
#4191  3470   1 | 6.44e-01 8.20e-02 +0.139  0.98 | 1.03e+00 6.68e-02 +0.071  1.00 | 1.2e+00 3.8e+00 1.460e+00
#4192   729   1 | 9.98e-01 2.06e-02 -0.162  1.01 | 8.61e-01 8.46e-02 +0.103  0.99 | 1.3e+00 4.2e+00 1.737e+00
#4193  4430   1 | 1.08e+00 4.89e-02 +0.152  0.99 | 9.97e-01 1.47e-01 +0.240  0.95 | 1.1e+00 4.1e+00 2.103e+00
#4194  4591   1 | 1.01e+00 4.13e-02 -0.055  1.01 | 1.13e+00 1.84e-01 +0.216  0.96 | 1.1e+00 4.6e+00 2.259e+00
#4195  1722   1 | 9.07e-01 2.08e-01 +0.121  1.00 | 9.18e-01 8.00e-02 +0.172  0.98 | 1.2e+00 4.0e+00 1.644e+00
#4196  2618   1 | 1.23e+00 1.52e-01 +0.767  0.82 | 9.89e-01 7.35e-02 +0.166  0.98 | 1.2e+00 3.8e+00 2.197e+00
#4197  2861   1 | 1.11e+00 1.03e-02 +0.434  0.99 | 1.13e+00 7.94e-02 +0.223  0.97 | 1.2e+00 3.7e+00 2.470e+00
#4198  1957   1 | 7.29e-01 5.33e-02 +0.256  0.97 | 9.46e-01 1.08e-01 +0.115  0.99 | 1.2e+00 3.9e+00 1.398e+00
#4199  3568   1 | 8.43e-01 6.98e-02 +0.395  0.94 | 9.54e-01 1.01e-01 -0.072  1.03 | 1.2e+00 3.6e+00 1.603e+00
#4200  4641   1 | 1.12e+00 7.68e-02 +0.109  0.99 | 9.80e-01 1.80e-01 +0.265  0.94 | 1.1e+00 4.0e+00 2.149e+00
#4201  4810   1 | 1.03e+00 3.15e-03 +0.554  1.00 | 8.36e-01 1.24e-01 +0.243  0.95 | 1.2e+00 3.5e+00 1.722e+00
#4202  3121   1 | 1.12e+00 9.21e-02 +0.686  0.89 | 9.75e-01 8.21e-02 -0.050  1.02 | 1.2e+00 3.5e+00 2.096e+00
#4203   725   1 | 1.21e+00 1.42e-03 +0.875  1.00 | 9.11e-01 9.50e-02 +0.074  1.00 | 1.3e+00 3.8e+00 2.283e+00
#4204   495   1 | 1.30e+00 2.43e-02 +0.282  0.99 | 9.27e-01 1.17e-01 +0.027  1.01 | 1.2e+00 4.2e+00 2.529e+00
#4205  2483   1 | 9.62e-01 5.12e-02 +0.051  1.00 | 1.03e+00 9.43e-02 +0.037  1.00 | 1.3e+00 4.0e+00 1.990e+00
#4206  1302   1 | 1.00e+00 8.19e-02 +0.380  0.94 | 1.07e+00 1.24e-01 +0.078  1.00 | 1.2e+00 4.2e+00 2.098e+00
#4207  3881   1 | 9.94e-01 1.49e-01 +0.112  0.99 | 1.06e+00 1.12e-01 +0.253  0.96 | 1.2e+00 4.1e+00 2.048e+00
#4208  2702   1 | 8.32e-01 6.89e-02 -0.405  1.07 | 9.42e-01 1.05e-01 +0.121  0.99 | 1.4e+00 4.7e+00 1.618e+00
#4209  2748   1 | 5.62e-01 6.63e-02 -0.505  1.13 | 1.04e+00 7.40e-02 +0.001  1.00 | 1.3e+00 3.8e+00 1.450e+00
#4210  2679   1 | 1.22e+00 1.25e-01 +0.361  0.94 | 1.10e+00 5.96e-02 +0.151  0.99 | 1.3e+00 3.6e+00 2.607e+00
#4211  3900   1 | 1.12e+00 3.70e-03 +0.176  1.00 | 1.06e+00 1.13e-01 +0.269  0.95 | 1.2e+00 4.0e+00 2.332e+00
#4212  1703   1 | 9.21e-01 9.05e-02 -0.797  1.17 | 9.51e-01 1.11e-01 -0.053  1.03 | 1.3e+00 3.9e+00 1.917e+00
#4213  1300   1 | 1.65e+00 3.00e-01 +0.168  0.97 | 9.65e-01 1.37e-01 -0.088  1.05 | 1.3e+00 4.1e+00 3.632e+00
#4214  1561   1 | 1.40e+00 1.85e-01 -0.587  1.17 | 1.01e+00 1.70e-01 +0.060  1.01 | 1.3e+00 4.8e+00 3.338e+00
#4215  4737   1 | 1.08e+00 8.71e-02 +0.115  0.99 | 9.37e-01 1.25e-01 +0.242  0.95 | 1.2e+00 3.9e+00 1.980e+00
#4216   362   1 | 4.70e-01 3.53e-02 -0.128  1.02 | 9.87e-01 8.29e-02 -0.041  1.01 | 1.3e+00 4.2e+00 1.214e+00
#4217  3732   1 | 1.02e+00 2.06e-03 -0.557  1.00 | 9.45e-01 8.57e-02 +0.076  0.99 | 1.2e+00 3.6e+00 1.935e+00
#4218  1120   1 | 1.10e+00 1.48e-02 +0.146  1.00 | 1.08e+00 5.33e-02 -0.047  1.01 | 1.3e+00 3.4e+00 2.375e+00
#4219  3736   1 | 1.17e+00 2.41e-02 +0.494  0.98 | 1.17e+00 8.60e-02 +0.155  0.98 | 1.2e+00 4.0e+00 2.675e+00
#4220   150   1 | 9.60e-01 7.74e-02 -0.468  1.08 | 9.60e-01 9.10e-02 -0.259  1.06 | 1.2e+00 4.0e+00 1.973e+00
#4221  1087   1 | 1.08e+00 5.87e-02 +0.796  0.92 | 1.04e+00 6.60e-02 -0.197  1.03 | 1.3e+00 4.5e+00 2.186e+00
#4222  1495   1 | 1.02e+00 1.33e-01 +0.158  0.98 | 9.92e-01 7.20e-02 +0.052  1.00 | 1.3e+00 4.1e+00 2.005e+00
#4223  2593   1 | 5.72e-01 2.08e-02 -0.187  1.01 | 9.77e-01 3.38e-02 +0.131  0.99 | 1.3e+00 4.1e+00 1.280e+00
#4224  4577   1 | 4.93e-01 1.03e-01 +0.037  1.03 | 1.12e+00 6.37e-02 +0.341  0.96 | 1.1e+00 4.2e+00 1.453e+00
#4225  2928   1 | 1.18e+00 1.44e-01 -0.441  1.12 | 9.58e-01 2.66e-02 -0.004  1.00 | 1.3e+00 3.7e+00 2.478e+00
#4226  2304   1 | 1.07e+00 6.99e-02 -0.045  1.01 | 9.70e-01 2.15e-02 +0.137  0.99 | 1.2e+00 3.7e+00 2.102e+00
#4227   623   1 | 1.31e+00 4.81e-02 +0.171  0.99 | 1.01e+00 2.03e-02 -0.065  1.00 | 1.2e+00 4.0e+00 2.729e+00
#4228  1063   1 | 1.14e+00 1.26e-01 +0.030  1.01 | 9.88e-01 1.99e-02 -0.082  1.00 | 1.3e+00 3.9e+00 2.290e+00
#4229  1860   1 | 6.58e-01 9.77e-02 -0.005  1.02 | 1.07e+00 3.56e-02 -0.016  1.00 | 1.2e+00 4.2e+00 1.590e+00
#4230  4909   1 | 1.40e+00 2.53e-01 +0.581  0.82 | 1.01e+00 8.41e-02 +0.229  0.97 | 1.1e+00 4.4e+00 2.591e+00
#4231  1763   1 | 1.04e+00 4.79e-02 -0.278  1.03 | 1.02e+00 1.90e-02 +0.233  0.99 | 1.2e+00 3.6e+00 2.145e+00
#4232  1812   1 | 4.47e-01 1.67e-01 +0.092  1.07 | 1.00e+00 2.94e-02 -0.063  1.00 | 1.2e+00 3.7e+00 1.222e+00
#4233    43   1 | 7.28e-01 1.16e-02 -0.339  1.01 | 9.46e-01 2.77e-02 -0.012  1.00 | 1.2e+00 4.3e+00 1.433e+00
#4234  3492   1 | 1.02e+00 4.36e-02 +0.681  0.94 | 9.45e-01 2.62e-02 +0.010  1.00 | 1.2e+00 4.2e+00 1.868e+00
#4235  2125   1 | 1.14e+00 8.76e-02 +0.691  0.90 | 9.75e-01 3.14e-02 -0.050  1.00 | 1.2e+00 4.1e+00 2.121e+00
#4236  4335   1 | 4.69e-01 6.81e-03 +0.248  0.99 | 9.87e-01 6.69e-02 +0.286  0.97 | 1.1e+00 4.1e+00 1.160e+00
#4237  2874   1 | 9.71e-01 9.15e-02 +0.246  0.96 | 1.02e+00 1.66e-02 -0.007  1.00 | 1.3e+00 3.3e+00 1.944e+00
#4238  1079   1 | 9.23e-01 1.10e-01 +0.807  0.82 | 9.51e-01 2.22e-02 -0.058  1.00 | 1.2e+00 4.2e+00 1.606e+00
#4239  2991   1 | 7.08e-01 5.02e-02 -0.098  1.02 | 1.00e+00 1.95e-02 +0.079  1.00 | 1.3e+00 4.1e+00 1.513e+00
#4240   977   1 | 1.32e+00 2.16e-01 +0.151  0.98 | 1.02e+00 1.29e-02 +0.013  1.00 | 1.3e+00 4.2e+00 2.736e+00
#4241  4563   1 | 7.66e-01 2.42e-02 +0.412  0.97 | 9.59e-01 8.42e-02 -0.074  1.02 | 1.1e+00 4.4e+00 1.510e+00
#4242  2578   1 | 1.02e+00 1.22e-02 +0.093  1.00 | 1.13e+00 1.99e-02 +0.226  0.99 | 1.3e+00 4.3e+00 2.316e+00
#4243  1025   1 | 1.31e+00 5.62e-02 +0.254  0.98 | 1.09e+00 1.43e-02 +0.008  1.00 | 1.3e+00 3.7e+00 2.869e+00
#4244  1866   1 | 1.20e+00 3.44e-02 -0.521  1.03 | 1.05e+00 1.89e-02 -0.091  1.00 | 1.3e+00 3.8e+00 2.605e+00
#4245   659   1 | 5.53e-01 6.78e-02 +0.489  0.89 | 1.04e+00 9.79e-03 +0.018  1.00 | 1.3e+00 4.0e+00 1.360e+00
#4246  1812   1 | 5.48e-01 1.37e-01 +0.374  0.88 | 1.03e+00 2.39e-02 +0.057  1.00 | 1.2e+00 3.9e+00 1.319e+00
#4247  4345   1 | 1.12e+00 2.55e-02 +0.318  0.99 | 1.06e+00 5.79e-02 +0.238  0.98 | 1.2e+00 3.8e+00 2.329e+00
#4248  3322   1 | 1.07e+00 1.62e-03 -0.409  1.00 | 9.97e-01 1.34e-02 +0.205  0.99 | 1.3e+00 4.1e+00 2.134e+00
#4249  4813   1 | 1.32e+00 9.68e-02 -0.659  1.10 | 1.04e+00 4.46e-02 +0.212  0.98 | 1.2e+00 3.9e+00 2.970e+00
#4250  2544   1 | 7.12e-01 9.96e-02 +0.569  0.86 | 1.09e+00 1.73e-02 -0.076  1.00 | 1.4e+00 3.5e+00 1.623e+00
#4251  2639   1 | 1.12e+00 1.35e-01 -0.020  1.02 | 1.01e+00 2.57e-02 -0.006  1.00 | 1.3e+00 4.0e+00 2.302e+00
#4252  3611   1 | 9.93e-01 4.71e-02 -0.726  1.07 | 1.04e+00 2.22e-02 +0.102  1.00 | 1.3e+00 3.7e+00 2.139e+00
#4253  2993   1 | 1.29e+00 1.75e-01 +0.268  0.95 | 9.27e-01 2.91e-02 +0.141  0.99 | 1.3e+00 4.2e+00 2.430e+00
#4254   249   1 | 1.04e+00 7.78e-02 +0.196  0.98 | 8.36e-01 2.36e-02 -0.058  1.00 | 1.3e+00 4.1e+00 1.761e+00
#4255   525   1 | 1.09e+00 5.72e-02 +0.105  0.99 | 9.37e-01 2.23e-02 +0.140  0.99 | 1.3e+00 3.7e+00 2.046e+00
#4256  4476   1 | 1.32e+00 1.16e-01 +0.672  0.89 | 1.12e+00 9.69e-02 +0.092  0.99 | 1.1e+00 4.2e+00 2.795e+00
#4257  2224   1 | 1.06e+00 2.09e-02 +0.471  0.98 | 1.03e+00 4.61e-02 +0.031  1.00 | 1.2e+00 4.4e+00 2.172e+00
#4258  1629   1 | 1.65e+00 2.29e-01 +0.165  0.97 | 9.65e-01 4.05e-02 -0.037  1.00 | 1.3e+00 4.3e+00 3.600e+00
#4259  1869   1 | 1.00e+00 9.78e-02 +0.388  0.93 | 1.07e+00 3.26e-02 +0.263  0.98 | 1.3e+00 4.0e+00 2.073e+00
#4260  1762   1 | 8.54e-01 1.39e-01 +0.249  0.95 | 9.10e-01 3.78e-02 +0.057  1.00 | 1.3e+00 4.0e+00 1.516e+00
#4261  4964   1 | 8.01e-01 5.11e-02 +0.405  0.95 | 9.42e-01 6.79e-02 +0.324  0.96 | 1.2e+00 3.8e+00 1.462e+00
#4262  3016   1 | 7.47e-01 5.91e-02 +0.325  0.95 | 9.49e-01 3.76e-02 +0.117  0.99 | 1.3e+00 4.2e+00 1.428e+00
#4263  2909   1 | 1.09e+00 8.11e-02 +0.136  0.99 | 9.82e-01 5.19e-02 +0.224  0.98 | 1.3e+00 4.1e+00 2.121e+00
#4264   866   1 | 6.24e-01 1.02e-02 +0.100  1.00 | 1.03e+00 3.12e-02 -0.030  1.00 | 1.3e+00 4.0e+00 1.449e+00
#4265   149   1 | 1.11e+00 5.75e-02 +0.121  0.99 | 9.80e-01 4.36e-02 +0.032  1.00 | 1.3e+00 3.9e+00 2.189e+00
#4266  1415   1 | 1.21e+00 1.41e-01 -0.274  1.08 | 9.11e-01 5.17e-02 -0.005  1.00 | 1.3e+00 4.3e+00 2.404e+00
#4267  2762   1 | 1.34e+00 6.85e-03 +0.759  0.99 | 1.00e+00 8.10e-02 +0.091  0.99 | 1.3e+00 4.4e+00 2.774e+00
#4268  4827   1 | 1.29e+00 2.37e-01 -0.017  1.04 | 9.64e-01 1.11e-01 +0.358  0.93 | 1.2e+00 3.9e+00 2.593e+00
#4269  3212   1 | 8.37e-01 8.19e-02 +0.391  0.93 | 9.54e-01 7.50e-02 +0.112  0.99 | 1.4e+00 4.0e+00 1.553e+00
#4270  3710   1 | 9.90e-01 1.60e-01 +0.119  0.99 | 1.06e+00 1.13e-01 +0.201  0.97 | 1.3e+00 4.3e+00 2.053e+00
#4271    65   1 | 8.22e-01 1.71e-03 +0.281  1.00 | 1.01e+00 8.86e-02 +0.101  0.99 | 1.3e+00 4.2e+00 1.691e+00
#4272  1408   1 | 1.15e+00 1.40e-01 +0.020  1.01 | 9.43e-01 9.04e-02 +0.161  0.98 | 1.3e+00 4.3e+00 2.196e+00
#4273  2810   1 | 1.08e+00 2.10e-01 +0.533  0.83 | 9.68e-01 1.20e-01 -0.014  1.02 | 1.3e+00 4.2e+00 1.921e+00
#4274  1055   1 | 1.08e+00 3.45e-03 +0.365  1.00 | 9.93e-01 4.63e-02 +0.032  1.00 | 1.3e+00 3.4e+00 2.150e+00
#4275  4991   1 | 5.70e-01 3.73e-02 +0.173  0.98 | 1.05e+00 1.27e-01 +0.302  0.94 | 1.2e+00 4.0e+00 1.362e+00
#4276   314   1 | 9.98e-01 1.05e-01 -0.117  1.04 | 8.61e-01 9.94e-02 +0.079  1.00 | 1.3e+00 3.7e+00 1.769e+00
#4277  1175   1 | 9.65e-01 4.26e-02 -0.020  1.00 | 1.03e+00 1.22e-01 -0.143  1.05 | 1.3e+00 3.8e+00 2.050e+00
#4278  2893   1 | 9.67e-01 5.00e-02 +0.522  0.95 | 1.07e+00 9.28e-02 +0.111  0.99 | 1.3e+00 3.6e+00 2.028e+00
#4279  4419   1 | 1.23e+00 5.30e-02 -0.790  1.07 | 9.89e-01 1.35e-01 +0.108  0.99 | 1.2e+00 3.5e+00 2.582e+00
#4280  4746   1 | 1.14e+00 8.48e-02 +0.482  0.93 | 1.13e+00 1.24e-01 +0.295  0.95 | 1.2e+00 3.8e+00 2.427e+00
#4281  3905   1 | 9.10e-01 1.42e-01 +0.128  0.98 | 9.18e-01 2.11e-01 +0.182  0.97 | 1.2e+00 4.4e+00 1.631e+00
#4282   452   1 | 8.89e-01 9.62e-03 -0.592  1.01 | 9.15e-01 9.99e-02 +0.134  0.98 | 1.3e+00 4.2e+00 1.622e+00
#4283  3907   1 | 1.00e+00 2.06e-01 +0.795  0.72 | 1.08e+00 1.71e-01 -0.066  1.05 | 1.2e+00 4.0e+00 1.950e+00
#4284  3547   1 | 9.55e-01 8.60e-02 +0.074  0.99 | 1.06e+00 1.09e-01 -0.125  1.04 | 1.3e+00 4.0e+00 2.080e+00
#4285  3715   1 | 1.40e+00 6.82e-02 -0.160  1.02 | 1.03e+00 1.04e-01 +0.157  0.98 | 1.3e+00 3.6e+00 3.020e+00
#4286  2807   1 | 1.10e+00 1.28e-01 +0.726  0.84 | 1.02e+00 1.18e-01 +0.158  0.98 | 1.4e+00 4.5e+00 2.032e+00
#4287  4241   1 | 1.27e+00 5.37e-02 -0.018  1.00 | 1.08e+00 1.13e-01 +0.333  0.94 | 1.2e+00 3.5e+00 2.727e+00
#4288   911   1 | 5.96e-01 1.21e-02 +0.544  0.98 | 1.08e+00 8.24e-02 +0.026  1.00 | 1.3e+00 3.7e+00 1.525e+00
#4289  2458   1 | 1.22e+00 7.71e-02 -0.369  1.05 | 1.10e+00 9.38e-02 +0.221  0.97 | 1.4e+00 4.3e+00 2.756e+00
#4290  4017   1 | 5.17e-01 4.08e-02 -0.143  1.03 | 9.97e-01 1.37e-01 +0.266  0.95 | 1.3e+00 4.3e+00 1.215e+00
#4291   395   1 | 1.13e+00 1.24e-01 +0.395  0.93 | 1.05e+00 7.42e-02 +0.263  0.97 | 1.4e+00 3.9e+00 2.261e+00
#4292   564   1 | 5.45e-01 1.77e-01 +0.373  0.86 | 1.03e+00 1.09e-01 +0.095  0.99 | 1.3e+00 3.9e+00 1.306e+00
#4293   275   1 | 1.31e+00 7.07e-02 +0.664  0.93 | 1.04e+00 5.65e-02 +0.024  1.00 | 1.4e+00 3.6e+00 2.669e+00
#4294  3943   1 | 1.40e+00 1.11e-02 +0.132  1.00 | 1.03e+00 1.31e-01 +0.161  0.98 | 1.4e+00 3.9e+00 2.981e+00
#4295  2182   1 | 1.08e+00 3.57e-02 +0.777  0.95 | 1.04e+00 1.14e-01 -0.100  1.03 | 1.3e+00 3.5e+00 2.219e+00
#4296  2041   1 | 1.29e+00 2.22e-01 +0.264  0.94 | 9.27e-01 1.22e-01 +0.074  1.00 | 1.4e+00 4.2e+00 2.430e+00
#4297   823   1 | 1.08e+00 1.96e-01 -0.157  1.09 | 9.97e-01 1.28e-01 +0.053  1.00 | 1.4e+00 4.1e+00 2.262e+00
#4298  3059   1 | 1.03e+00 2.83e-02 +0.826  0.96 | 1.08e+00 1.39e-01 +0.084  0.99 | 1.4e+00 4.4e+00 2.181e+00
#4299  1469   1 | 9.22e-01 1.00e-01 +0.802  0.84 | 9.51e-01 9.05e-02 -0.010  1.01 | 1.4e+00 3.7e+00 1.626e+00
#4300   417   1 | 1.10e+00 2.88e-02 -0.085  1.01 | 1.08e+00 9.58e-02 +0.125  0.99 | 1.4e+00 4.0e+00 2.362e+00
#4301  1513   1 | 7.02e-01 2.03e-01 -0.078  1.13 | 1.00e+00 9.85e-02 +0.030  1.00 | 1.4e+00 3.9e+00 1.564e+00
#4302  1274   1 | 5.54e-01 3.29e-02 -0.513  1.06 | 1.04e+00 1.08e-01 -0.118  1.04 | 1.4e+00 4.0e+00 1.451e+00
#4303   897   1 | 1.02e+00 1.08e-01 -0.049  1.02 | 1.13e+00 8.48e-02 -0.067  1.02 | 1.4e+00 4.2e+00 2.361e+00
#4304  4959   1 | 1.23e+00 5.29e-02 -0.513  1.05 | 1.05e+00 1.20e-01 +0.029  1.01 | 1.3e+00 3.9e+00 2.704e+00
#4305  4969   1 | 9.80e-01 1.63e-01 +0.657  0.81 | 9.45e-01 1.24e-01 +0.155  0.98 | 1.4e+00 4.2e+00 1.650e+00
#4306  1391   1 | 1.02e+00 1.25e-02 -0.195  1.00 | 9.92e-01 1.15e-01 -0.029  1.02 | 1.4e+00 4.6e+00 2.057e+00
#4307  3423   1 | 1.07e+00 1.33e-01 +0.391  0.92 | 9.93e-01 8.18e-02 +0.221  0.97 | 1.4e+00 3.9e+00 2.006e+00
#4308  4102   1 | 5.73e-01 1.64e-01 -0.204  1.20 | 9.77e-01 1.04e-01 +0.295  0.95 | 1.4e+00 3.9e+00 1.299e+00
#4309  3251   1 | 1.18e+00 9.35e-02 -0.453  1.08 | 9.58e-01 4.31e-02 -0.103  1.01 | 1.5e+00 3.9e+00 2.425e+00
#4310   685   1 | 1.08e+00 4.83e-02 +0.540  0.95 | 9.68e-01 3.60e-02 -0.143  1.01 | 1.5e+00 3.9e+00 2.068e+00
#4311  1244   1 | 8.26e-01 1.40e-01 +0.372  0.90 | 9.54e-01 5.06e-02 +0.083  0.99 | 1.4e+00 4.2e+00 1.520e+00
#4312  1302   1 | 9.57e-01 6.96e-02 +0.517  0.93 | 1.07e+00 5.05e-02 +0.103  0.99 | 1.5e+00 3.6e+00 1.999e+00
#4313  2708   1 | 1.66e+00 2.14e-01 +0.168  0.97 | 9.65e-01 4.58e-02 -0.005  1.00 | 1.6e+00 4.0e+00 3.608e+00
#4314  2316   1 | 9.63e-01 1.34e-01 +0.502  0.88 | 9.60e-01 4.64e-02 +0.029  1.00 | 1.5e+00 3.8e+00 1.737e+00
#4315   340   1 | 5.96e-01 8.53e-02 +0.577  0.86 | 1.08e+00 4.28e-02 -0.066  1.01 | 1.5e+00 4.3e+00 1.487e+00
#4316  2775   1 | 7.32e-01 5.65e-02 +0.298  0.96 | 9.46e-01 6.70e-02 +0.102  0.99 | 1.5e+00 4.4e+00 1.401e+00
#4317   457   1 | 7.04e-01 2.55e-01 +0.563  0.72 | 1.09e+00 3.79e-02 +0.034  1.00 | 1.5e+00 3.8e+00 1.541e+00
#4318  4217   1 | 7.95e-01 7.69e-02 -0.328  1.07 | 9.59e-01 5.88e-02 -0.003  1.00 | 1.4e+00 3.6e+00 1.600e+00
#4319   182   1 | 1.09e+00 1.79e-01 -0.110  1.06 | 9.37e-01 3.44e-02 +0.194  0.99 | 1.5e+00 3.9e+00 2.125e+00
#4320   109   1 | 1.14e+00 1.24e-01 +0.026  1.01 | 9.88e-01 3.24e-02 -0.090  1.01 | 1.5e+00 4.3e+00 2.296e+00
#4321  2688   1 | 6.31e-01 1.53e-01 +0.135  0.99 | 1.03e+00 3.05e-02 +0.164  0.99 | 1.6e+00 3.9e+00 1.444e+00
#4322  2258   1 | 6.58e-01 2.56e-01 -0.009  1.16 | 1.07e+00 2.34e-02 +0.037  1.00 | 1.5e+00 3.8e+00 1.644e+00
#4323  2856   1 | 1.14e+00 8.90e-02 -0.020  1.01 | 9.43e-01 2.83e-02 +0.233  0.99 | 1.6e+00 3.8e+00 2.198e+00
#4324   191   1 | 1.07e+00 1.49e-01 +0.503  0.88 | 1.03e+00 3.01e-02 -0.031  1.00 | 1.5e+00 4.4e+00 2.069e+00
#4325  4685   1 | 8.11e-01 1.11e-01 -0.718  1.22 | 1.01e+00 8.55e-02 +0.141  0.98 | 1.4e+00 3.9e+00 1.808e+00
#4326   100   1 | 9.07e-01 1.96e-01 +0.112  1.00 | 9.18e-01 3.03e-02 +0.041  1.00 | 1.5e+00 4.3e+00 1.662e+00
#4327  3951   1 | 1.08e+00 5.48e-02 +0.147  0.99 | 9.80e-01 6.20e-02 +0.256  0.97 | 1.4e+00 3.9e+00 2.095e+00
#4328  3238   1 | 1.32e+00 1.19e-01 -0.158  1.04 | 1.02e+00 3.34e-02 +0.197  0.99 | 1.5e+00 3.8e+00 2.829e+00
#4329  4254   1 | 9.98e-01 2.58e-02 +0.093  1.00 | 8.61e-01 7.29e-02 +0.241  0.97 | 1.4e+00 3.9e+00 1.709e+00
#4330   597   1 | 9.72e-01 1.02e-01 +0.242  0.96 | 1.02e+00 2.71e-02 +0.040  1.00 | 1.5e+00 3.6e+00 1.941e+00
#4331  4909   1 | 1.11e+00 8.04e-02 +0.026  1.00 | 1.01e+00 6.89e-02 +0.149  0.98 | 1.4e+00 3.5e+00 2.238e+00
#4332  3064   1 | 1.22e+00 1.53e-01 -0.774  1.21 | 9.89e-01 4.71e-02 -0.078  1.01 | 1.5e+00 4.3e+00 2.787e+00
#4333  2060   1 | 1.00e+00 1.48e-02 -0.214  1.01 | 1.07e+00 8.33e-02 +0.148  0.98 | 1.5e+00 4.1e+00 2.142e+00
#4334  1182   1 | 5.78e-01 3.07e-03 +0.268  1.00 | 1.05e+00 5.11e-02 +0.165  0.99 | 1.4e+00 4.3e+00 1.426e+00
#4335  2534   1 | 1.28e+00 4.11e-02 -0.041  1.00 | 1.08e+00 7.38e-02 +0.162  0.98 | 1.5e+00 4.2e+00 2.803e+00
#4336   144   1 | 8.89e-01 1.81e-02 -0.426  1.02 | 9.15e-01 6.08e-02 +0.020  1.00 | 1.4e+00 3.8e+00 1.643e+00
#4337  3842   1 | 1.02e+00 1.07e-01 +0.285  0.95 | 1.02e+00 1.21e-01 +0.084  0.99 | 1.4e+00 3.7e+00 2.027e+00
#4338  2365   1 | 5.15e-01 2.51e-02 -0.051  1.01 | 9.97e-01 6.49e-02 -0.021  1.01 | 1.4e+00 3.7e+00 1.268e+00
#4339  1696   1 | 4.95e-01 5.26e-02 -0.069  1.03 | 1.12e+00 8.40e-02 +0.114  0.99 | 1.3e+00 4.0e+00 1.485e+00
#4340  1835   1 | 1.34e+00 1.02e-02 +0.687  0.99 | 1.00e+00 9.72e-02 +0.106  0.99 | 1.3e+00 3.6e+00 2.782e+00
#4341  3048   1 | 1.11e+00 6.73e-02 -0.512  1.07 | 1.13e+00 1.23e-01 +0.224  0.96 | 1.3e+00 4.4e+00 2.539e+00
#4342  4040   1 | 1.17e+00 1.33e-01 +0.493  0.90 | 1.17e+00 1.73e-01 +0.141  0.98 | 1.2e+00 4.3e+00 2.573e+00
#4343  2366   1 | 1.31e+00 8.56e-02 +0.140  0.99 | 1.01e+00 1.17e-01 +0.170  0.97 | 1.3e+00 4.0e+00 2.678e+00
#4344  4269   1 | 9.68e-01 3.25e-02 +0.090  1.00 | 1.06e+00 1.86e-01 +0.249  0.94 | 1.2e+00 4.2e+00 1.999e+00
#4345  3009   1 | 1.22e+00 9.77e-02 +0.343  0.95 | 1.10e+00 1.08e-01 +0.159  0.98 | 1.3e+00 4.3e+00 2.621e+00
#4346   144   1 | 1.32e+00 1.72e-01 -0.673  1.19 | 1.12e+00 8.64e-02 -0.110  1.02 | 1.3e+00 3.8e+00 3.372e+00
#4347  3526   1 | 1.09e+00 9.43e-02 -0.020  1.01 | 9.70e-01 1.25e-01 +0.192  0.97 | 1.3e+00 4.1e+00 2.108e+00
#4348   134   1 | 1.04e+00 1.52e-01 +0.217  0.96 | 8.36e-01 1.34e-01 -0.021  1.03 | 1.3e+00 4.0e+00 1.761e+00
#4349   332   1 | 4.70e-01 2.60e-02 +0.112  0.99 | 9.87e-01 1.24e-01 +0.055  1.00 | 1.3e+00 3.8e+00 1.195e+00
#4350  2653   1 | 9.80e-01 2.30e-02 +0.612  0.97 | 1.04e+00 1.48e-01 +0.181  0.97 | 1.4e+00 4.5e+00 1.986e+00
#4351  4746   1 | 1.16e+00 4.10e-03 -0.243  1.00 | 9.75e-01 1.75e-01 +0.342  0.91 | 1.2e+00 4.1e+00 2.213e+00
#4352  1599   1 | 9.64e-01 4.74e-02 -0.073  1.01 | 1.03e+00 1.30e-01 -0.021  1.02 | 1.3e+00 4.0e+00 2.025e+00
#4353   470   1 | 1.11e+00 1.39e-01 +0.724  0.83 | 1.02e+00 1.10e-01 -0.065  1.03 | 1.3e+00 3.7e+00 2.088e+00
#4354  3335   1 | 1.08e+00 1.72e-01 +0.130  0.98 | 9.82e-01 1.40e-01 +0.211  0.96 | 1.3e+00 4.3e+00 2.078e+00
#4355  4381   1 | 1.41e+00 1.37e-01 +0.604  0.89 | 1.01e+00 1.99e-01 +0.222  0.95 | 1.2e+00 4.3e+00 2.747e+00
#4356   962   1 | 9.69e-01 2.22e-01 +0.119  1.00 | 1.06e+00 8.93e-02 -0.024  1.01 | 1.3e+00 3.9e+00 2.069e+00
#4357  4547   1 | 1.21e+00 1.43e-02 -0.354  1.01 | 9.11e-01 1.42e-01 +0.083  1.00 | 1.2e+00 3.6e+00 2.299e+00
#4358  2122   1 | 7.40e-01 1.02e-02 -0.312  1.01 | 9.49e-01 1.19e-01 +0.140  0.98 | 1.3e+00 3.8e+00 1.437e+00
#4359  4728   1 | 1.31e+00 1.03e-01 +0.244  0.97 | 1.09e+00 1.72e-01 +0.095  0.99 | 1.2e+00 4.1e+00 2.865e+00
#4360  4537   1 | 8.19e-01 1.22e-01 -0.404  1.14 | 9.42e-01 1.30e-01 +0.181  0.97 | 1.2e+00 3.9e+00 1.627e+00
#4361  4117   1 | 1.12e+00 9.44e-02 +0.306  0.96 | 1.06e+00 1.32e-01 +0.239  0.96 | 1.2e+00 4.0e+00 2.282e+00
#4362  1314   1 | 1.29e+00 9.52e-02 +0.020  1.00 | 9.64e-01 8.52e-02 +0.178  0.98 | 1.3e+00 4.0e+00 2.588e+00
#4363   275   1 | 1.13e+00 3.49e-02 +0.400  0.98 | 1.05e+00 3.78e-02 +0.257  0.98 | 1.4e+00 3.9e+00 2.343e+00
#4364  2431   1 | 4.49e-01 6.16e-02 -0.079  1.04 | 1.00e+00 1.37e-01 +0.027  1.01 | 1.3e+00 4.1e+00 1.224e+00
#4365  4200   1 | 8.74e-01 1.96e-01 +0.245  0.94 | 9.10e-01 2.00e-01 +0.062  1.02 | 1.2e+00 4.2e+00 1.563e+00
#4366   953   1 | 9.75e-01 2.98e-02 -0.704  1.04 | 1.04e+00 8.82e-02 +0.193  0.97 | 1.3e+00 4.2e+00 2.051e+00
#4367  4382   1 | 9.79e-01 3.87e-02 -0.115  1.01 | 1.06e+00 1.17e-01 +0.235  0.96 | 1.2e+00 3.8e+00 2.043e+00
#4368   661   1 | 1.15e+00 2.04e-01 +0.024  1.02 | 9.43e-01 6.93e-02 +0.071  1.00 | 1.3e+00 3.8e+00 2.228e+00
#4369  1685   1 | 8.22e-01 1.15e-01 +0.711  0.82 | 1.01e+00 8.96e-02 +0.129  0.99 | 1.3e+00 3.6e+00 1.567e+00
#4370  3013   1 | 1.01e+00 5.84e-02 -0.688  1.08 | 9.45e-01 7.42e-02 -0.177  1.03 | 1.3e+00 3.8e+00 2.025e+00
#4371  1319   1 | 9.57e-01 8.27e-02 -0.526  1.10 | 1.07e+00 7.80e-02 -0.024  1.01 | 1.3e+00 3.7e+00 2.172e+00
#4372    93   1 | 1.32e+00 8.24e-03 +0.199  1.00 | 1.02e+00 8.64e-02 +0.038  1.00 | 1.3e+00 4.0e+00 2.774e+00
#4373  2791   1 | 1.10e+00 1.55e-01 +0.727  0.82 | 1.02e+00 1.34e-01 +0.163  0.97 | 1.3e+00 4.3e+00 1.994e+00
#4374  3723   1 | 6.58e-01 7.55e-02 -0.009  1.02 | 1.07e+00 1.21e-01 +0.262  0.95 | 1.3e+00 3.8e+00 1.531e+00
#4375  2930   1 | 1.03e+00 1.90e-02 +0.275  0.99 | 1.02e+00 1.02e-01 +0.002  1.01 | 1.3e+00 4.1e+00 2.109e+00
#4376  1165   1 | 7.38e-01 7.77e-03 +0.228  1.00 | 9.49e-01 6.09e-02 -0.116  1.02 | 1.3e+00 3.7e+00 1.460e+00
#4377  4821   1 | 9.95e-01 2.22e-01 +0.122  1.00 | 8.61e-01 1.41e-01 +0.235  0.95 | 1.2e+00 3.9e+00 1.690e+00
#4378   537   1 | 1.31e+00 1.74e-01 +0.642  0.85 | 1.04e+00 7.66e-02 +0.072  0.99 | 1.3e+00 3.8e+00 2.518e+00
#4379  1059   1 | 4.94e-01 1.83e-01 -0.038  1.17 | 1.12e+00 5.03e-02 +0.203  0.98 | 1.4e+00 4.5e+00 1.513e+00
#4380   812   1 | 1.08e+00 1.30e-01 +0.384  0.92 | 9.93e-01 4.68e-02 +0.074  1.00 | 1.4e+00 3.7e+00 2.059e+00
#4381  1549   1 | 1.00e+00 4.45e-02 -0.323  1.03 | 1.07e+00 7.38e-02 +0.125  0.99 | 1.3e+00 3.9e+00 2.174e+00
#4382  4186   1 | 8.47e-01 1.27e-01 -0.407  1.14 | 9.42e-01 1.70e-01 +0.114  0.99 | 1.3e+00 4.2e+00 1.700e+00
#4383   562   1 | 9.65e-01 5.60e-02 +0.098  0.99 | 1.06e+00 5.29e-02 +0.058  1.00 | 1.3e+00 3.6e+00 2.051e+00
#4384  3000   1 | 7.33e-01 1.38e-02 +0.306  0.99 | 9.46e-01 6.20e-02 +0.051  1.00 | 1.3e+00 4.0e+00 1.425e+00
#4385  1225   1 | 1.40e+00 2.03e-01 +0.604  0.85 | 1.01e+00 6.80e-02 -0.096  1.02 | 1.4e+00 4.1e+00 2.706e+00
#4386  1989   1 | 1.02e+00 2.31e-01 +0.168  0.98 | 9.92e-01 8.53e-02 -0.066  1.02 | 1.3e+00 3.4e+00 2.023e+00
#4387  1489   1 | 1.07e+00 3.64e-01 +0.512  0.77 | 1.03e+00 5.48e-02 -0.131  1.02 | 1.3e+00 4.0e+00 1.952e+00
#4388  3126   1 | 1.13e+00 1.64e-01 +0.032  1.01 | 9.88e-01 6.58e-02 +0.033  1.00 | 1.4e+00 3.7e+00 2.277e+00
#4389  4263   1 | 8.69e-01 1.60e-01 +0.242  0.94 | 9.10e-01 1.28e-01 +0.111  0.99 | 1.3e+00 3.7e+00 1.531e+00
#4390  4957   1 | 1.22e+00 4.71e-02 +0.352  0.97 | 1.10e+00 9.45e-02 +0.277  0.96 | 1.3e+00 3.8e+00 2.611e+00
#4391  1355   1 | 1.07e+00 9.00e-02 +0.018  1.00 | 9.70e-01 4.36e-02 +0.049  1.00 | 1.4e+00 3.7e+00 2.092e+00
#4392  3801   1 | 1.26e+00 1.69e-01 -0.004  1.02 | 1.08e+00 9.41e-02 +0.335  0.95 | 1.4e+00 4.1e+00 2.732e+00
#4393  1576   1 | 9.64e-01 5.47e-02 +0.021  1.00 | 1.03e+00 5.26e-02 -0.052  1.01 | 1.4e+00 3.4e+00 2.003e+00
#4394  2790   1 | 9.66e-01 1.14e-01 +0.479  0.90 | 9.60e-01 5.62e-02 +0.110  0.99 | 1.4e+00 4.0e+00 1.754e+00
#4395  4158   1 | 1.67e+00 1.11e-01 +0.178  0.98 | 9.65e-01 7.72e-02 +0.198  0.97 | 1.3e+00 4.0e+00 3.633e+00
#4396  3769   1 | 8.02e-01 1.51e-01 +0.349  0.90 | 9.59e-01 5.95e-02 +0.036  1.00 | 1.4e+00 3.6e+00 1.501e+00
#4397  4784   1 | 1.33e+00 9.74e-02 +0.165  0.98 | 1.01e+00 1.62e-01 +0.450  0.88 | 1.3e+00 4.6e+00 2.636e+00
#4398  3271   1 | 9.01e-01 9.78e-02 +0.389  0.93 | 9.15e-01 4.83e-02 -0.014  1.00 | 1.5e+00 4.1e+00 1.594e+00
#4399  1724   1 | 1.13e+00 8.16e-02 +0.400  0.95 | 1.05e+00 6.60e-02 +0.180  0.98 | 1.4e+00 4.3e+00 2.298e+00
#4400   311   1 | 1.04e+00 1.47e-01 +0.213  0.96 | 8.36e-01 6.35e-02 +0.041  1.00 | 1.4e+00 4.1e+00 1.740e+00
#4401  3879   1 | 1.20e+00 5.96e-02 +0.743  0.93 | 9.89e-01 7.36e-02 +0.146  0.98 | 1.4e+00 3.6e+00 2.305e+00
#4402  1213   1 | 1.08e+00 1.25e-01 +0.783  0.83 | 1.04e+00 8.42e-02 -0.167  1.03 | 1.4e+00 4.2e+00 2.093e+00
#4403   121   1 | 1.09e+00 1.15e-01 +0.111  0.99 | 9.37e-01 6.67e-02 +0.182  0.98 | 1.4e+00 3.9e+00 2.028e+00
#4404   681   1 | 1.08e+00 2.69e-02 -0.191  1.01 | 9.97e-01 4.60e-02 +0.065  1.00 | 1.5e+00 3.8e+00 2.163e+00
#4405   910   1 | 7.01e-01 6.12e-02 -0.083  1.02 | 1.00e+00 4.62e-02 -0.024  1.00 | 1.5e+00 3.8e+00 1.511e+00
#4406  1395   1 | 4.70e-01 5.41e-02 -0.134  1.04 | 9.87e-01 5.27e-02 +0.124  0.99 | 1.5e+00 4.0e+00 1.195e+00
#4407   183   1 | 1.17e+00 2.35e-02 +0.455  0.98 | 1.17e+00 4.86e-02 +0.138  0.99 | 1.4e+00 3.6e+00 2.699e+00
#4408   249   1 | 9.23e-01 4.49e-02 +0.796  0.92 | 9.51e-01 5.55e-02 +0.011  1.00 | 1.5e+00 4.0e+00 1.694e+00
#4409  3440   1 | 5.81e-01 1.58e-01 +0.225  0.95 | 9.77e-01 1.47e-01 +0.097  0.99 | 1.5e+00 4.6e+00 1.270e+00
#4410  2614   1 | 6.06e-01 1.01e-02 +0.489  0.98 | 1.08e+00 7.57e-02 +0.237  0.97 | 1.6e+00 3.6e+00 1.503e+00
#4411  2369   1 | 8.29e-01 2.10e-01 -0.391  1.26 | 9.54e-01 1.12e-01 +0.107  0.99 | 1.5e+00 4.5e+00 1.767e+00
#4412  2965   1 | 1.19e+00 1.93e-02 -0.524  1.02 | 1.05e+00 7.51e-02 +0.028  1.00 | 1.5e+00 3.5e+00 2.553e+00
#4413  4378   1 | 1.13e+00 1.89e-01 +0.688  0.80 | 9.75e-01 1.62e-01 +0.190  0.96 | 1.4e+00 4.3e+00 1.934e+00
#4414  1486   1 | 1.11e+00 1.16e-01 -0.280  1.07 | 1.06e+00 6.70e-02 -0.038  1.01 | 1.5e+00 3.8e+00 2.443e+00
#4415  3453   1 | 1.30e+00 1.41e-01 +0.023  1.01 | 9.64e-01 1.08e-01 -0.029  1.02 | 1.5e+00 3.8e+00 2.648e+00
#4416  1609   1 | 1.11e+00 3.73e-02 -0.127  1.01 | 9.82e-01 7.27e-02 +0.034  1.00 | 1.5e+00 3.5e+00 2.202e+00
#4417  4993   1 | 1.32e+00 1.59e-02 -0.299  1.01 | 1.09e+00 1.25e-01 +0.290  0.95 | 1.4e+00 4.0e+00 2.881e+00
#4418   268   1 | 5.45e-01 2.79e-01 +0.379  0.87 | 1.03e+00 7.15e-02 +0.109  0.99 | 1.5e+00 4.3e+00 1.308e+00
#4419  3341   1 | 5.21e-01 1.39e-01 -0.131  1.14 | 9.97e-01 1.12e-01 +0.164  0.98 | 1.5e+00 3.9e+00 1.280e+00
#4420  3094   1 | 5.68e-01 6.65e-02 +0.522  0.89 | 1.04e+00 8.83e-02 +0.126  0.99 | 1.6e+00 4.0e+00 1.358e+00
#4421   439   1 | 1.30e+00 4.31e-01 +0.263  0.94 | 9.27e-01 1.47e-01 -0.011  1.03 | 1.5e+00 4.1e+00 2.455e+00
#4422  4034   1 | 1.40e+00 1.89e-01 +0.168  0.97 | 1.03e+00 1.38e-01 +0.197  0.97 | 1.4e+00 3.9e+00 2.917e+00
#4423  3925   1 | 1.18e+00 9.19e-02 -0.450  1.08 | 9.58e-01 1.27e-01 -0.059  1.03 | 1.4e+00 4.0e+00 2.451e+00
#4424  1982   1 | 5.80e-01 1.14e-01 -0.210  1.12 | 1.05e+00 1.14e-01 +0.165  0.98 | 1.5e+00 4.0e+00 1.458e+00
#4425  4178   1 | 1.14e+00 7.32e-02 +0.020  1.00 | 1.01e+00 1.59e-01 +0.121  0.99 | 1.4e+00 4.0e+00 2.293e+00
#4426  2253   1 | 6.27e-01 3.03e-01 +0.125  1.11 | 1.03e+00 1.21e-01 +0.036  1.01 | 1.5e+00 4.0e+00 1.502e+00
#4427  1407   1 | 9.07e-01 2.07e-01 +0.108  1.00 | 9.18e-01 7.05e-02 +0.020  1.00 | 1.5e+00 4.0e+00 1.670e+00
#4428  4631   1 | 1.13e+00 4.14e-02 -0.502  1.04 | 1.13e+00 1.39e-01 +0.283  0.95 | 1.4e+00 3.7e+00 2.544e+00
#4429  1237   1 | 1.08e+00 8.14e-02 -0.534  1.09 | 9.68e-01 9.45e-02 -0.035  1.02 | 1.4e+00 3.8e+00 2.225e+00
#4430   981   1 | 1.21e+00 3.33e-02 -0.275  1.02 | 9.11e-01 4.91e-02 +0.082  0.99 | 1.4e+00 3.7e+00 2.308e+00
#4431  4107   1 | 1.33e+00 7.18e-02 -0.656  1.07 | 1.00e+00 1.85e-01 +0.137  0.98 | 1.3e+00 4.2e+00 2.877e+00
#4432  2796   1 | 4.51e-01 4.67e-02 +0.100  0.99 | 1.00e+00 9.29e-02 -0.004  1.01 | 1.4e+00 3.6e+00 1.214e+00
#4433  2586   1 | 1.31e+00 2.09e-01 +0.662  0.81 | 1.12e+00 9.35e-02 -0.023  1.01 | 1.5e+00 3.8e+00 2.677e+00
#4434  4668   1 | 1.01e+00 6.19e-02 +0.077  0.99 | 1.13e+00 1.56e-01 +0.189  0.97 | 1.3e+00 4.2e+00 2.253e+00
#4435  1688   1 | 1.11e+00 9.83e-02 +0.121  0.99 | 9.80e-01 6.46e-02 -0.010  1.01 | 1.4e+00 3.6e+00 2.185e+00
#4436  1230   1 | 1.10e+00 1.20e-01 +0.138  0.98 | 1.08e+00 8.55e-02 +0.176  0.98 | 1.4e+00 4.1e+00 2.324e+00
#4437  4430   1 | 7.03e-01 6.69e-02 +0.558  0.90 | 1.09e+00 1.21e-01 -0.108  1.04 | 1.3e+00 3.7e+00 1.672e+00
#4438  2248   1 | 9.71e-01 5.60e-03 -0.056  1.00 | 1.02e+00 9.12e-02 +0.130  0.98 | 1.4e+00 4.3e+00 1.963e+00
#4439  1957   1 | 1.04e+00 1.70e-01 +0.802  0.77 | 1.08e+00 8.10e-02 +0.079  0.99 | 1.4e+00 4.7e+00 2.004e+00
#4440  2769   1 | 1.18e+00 1.62e-01 -0.446  1.14 | 9.58e-01 6.65e-02 -0.110  1.02 | 1.4e+00 4.0e+00 2.521e+00
#4441  2225   1 | 6.27e-01 1.76e-01 +0.128  1.01 | 1.03e+00 9.68e-02 +0.041  1.00 | 1.4e+00 4.5e+00 1.456e+00
#4442  2849   1 | 1.28e+00 1.05e-01 -0.032  1.01 | 1.08e+00 6.14e-02 +0.247  0.98 | 1.4e+00 4.0e+00 2.799e+00
#4443  1018   1 | 1.38e+00 8.68e-02 +0.163  0.98 | 1.03e+00 2.98e-02 -0.012  1.00 | 1.4e+00 4.0e+00 2.926e+00
#4444  2791   1 | 1.03e+00 2.08e-01 +0.804  0.72 | 1.08e+00 8.71e-02 +0.072  0.99 | 1.4e+00 4.3e+00 1.937e+00
#4445  2442   1 | 1.14e+00 1.46e-01 -0.023  1.02 | 9.88e-01 4.09e-02 +0.035  1.00 | 1.5e+00 3.7e+00 2.299e+00
#4446  2243   1 | 1.23e+00 2.03e-02 +0.736  0.98 | 9.89e-01 4.46e-02 +0.294  0.98 | 1.4e+00 3.7e+00 2.427e+00
#4447   868   1 | 1.12e+00 2.28e-01 +0.476  0.85 | 1.13e+00 3.83e-02 +0.111  0.99 | 1.4e+00 3.8e+00 2.343e+00
#4448  3814   1 | 5.81e-01 4.66e-02 -0.559  1.10 | 1.04e+00 9.22e-02 +0.203  0.97 | 1.5e+00 4.5e+00 1.426e+00
#4449  4495   1 | 1.30e+00 3.75e-02 +0.276  0.98 | 9.27e-01 9.67e-02 +0.166  0.98 | 1.3e+00 4.0e+00 2.504e+00
#4450  4990   1 | 6.58e-01 6.24e-02 -0.009  1.01 | 1.07e+00 7.32e-02 +0.140  0.99 | 1.4e+00 4.0e+00 1.565e+00
#4451  1352   1 | 9.64e-01 4.60e-02 +0.021  1.00 | 1.03e+00 7.16e-02 +0.018  1.00 | 1.4e+00 4.1e+00 1.998e+00
#4452  3735   1 | 1.10e+00 4.96e-02 +0.379  0.97 | 1.05e+00 9.69e-02 +0.179  0.98 | 1.4e+00 4.0e+00 2.244e+00
#4453  4353   1 | 1.41e+00 2.46e-01 +0.599  0.82 | 1.01e+00 1.19e-01 +0.192  0.97 | 1.4e+00 3.8e+00 2.628e+00
#4454  1470   1 | 8.89e-01 1.07e-01 +0.396  0.92 | 9.15e-01 6.11e-02 +0.003  1.00 | 1.4e+00 4.1e+00 1.567e+00
#4455  4374   1 | 1.10e+00 3.74e-01 +0.131  1.03 | 1.08e+00 1.00e-01 +0.268  0.96 | 1.4e+00 4.1e+00 2.374e+00
#4456  4432   1 | 1.11e+00 1.54e-01 -0.285  1.10 | 1.06e+00 1.67e-01 +0.256  0.94 | 1.4e+00 4.3e+00 2.420e+00
#4457  4265   1 | 5.69e-01 2.47e-01 -0.207  1.37 | 9.77e-01 1.07e-01 +0.088  0.99 | 1.4e+00 3.5e+00 1.391e+00
#4458  2585   1 | 4.72e-01 1.58e-01 -0.106  1.18 | 9.87e-01 5.87e-02 -0.057  1.01 | 1.6e+00 3.6e+00 1.248e+00
#4459  4941   1 | 9.67e-01 3.28e-02 -0.239  1.02 | 1.02e+00 1.49e-01 +0.305  0.93 | 1.4e+00 3.9e+00 1.918e+00
#4460  4954   1 | 9.52e-01 4.94e-02 -0.122  1.02 | 1.06e+00 7.72e-02 +0.190  0.98 | 1.4e+00 4.0e+00 2.015e+00
#4461  4080   1 | 9.81e-01 3.08e-02 +0.540  0.97 | 1.07e+00 1.05e-01 +0.104  0.99 | 1.4e+00 4.2e+00 2.074e+00
#4462  1795   1 | 1.11e+00 6.98e-02 +0.148  0.99 | 9.80e-01 9.89e-02 -0.025  1.02 | 1.4e+00 3.7e+00 2.192e+00
#4463  3826   1 | 1.07e+00 1.00e-01 -0.163  1.04 | 9.97e-01 1.94e-01 +0.165  0.97 | 1.4e+00 4.6e+00 2.150e+00
#4464   468   1 | 7.38e-01 1.51e-01 -0.300  1.16 | 9.49e-01 9.54e-02 +0.016  1.01 | 1.4e+00 4.1e+00 1.541e+00
#4465  2597   1 | 8.28e-01 9.00e-02 -0.714  1.17 | 1.01e+00 1.06e-01 +0.009  1.01 | 1.5e+00 3.9e+00 1.835e+00
#4466  1396   1 | 8.26e-01 1.74e-01 +0.380  0.88 | 9.54e-01 9.32e-02 +0.263  0.96 | 1.4e+00 3.9e+00 1.475e+00
#4467  1427   1 | 9.64e-01 3.74e-02 -0.028  1.00 | 1.06e+00 9.78e-02 +0.063  1.00 | 1.4e+00 3.9e+00 2.060e+00
#4468   314   1 | 1.31e+00 2.96e-01 +0.156  0.98 | 1.01e+00 1.68e-01 +0.257  0.94 | 1.4e+00 4.2e+00 2.653e+00
#4469   217   1 | 1.30e+00 1.29e-01 +0.001  1.01 | 9.64e-01 1.42e-01 +0.116  0.99 | 1.4e+00 4.3e+00 2.612e+00
#4470  4752   1 | 1.65e+00 2.26e-02 +0.198  0.99 | 9.65e-01 1.86e-01 +0.186  0.97 | 1.3e+00 4.1e+00 3.595e+00
#4471  1340   1 | 1.17e+00 2.03e-01 +0.495  0.86 | 1.17e+00 1.33e-01 -0.005  1.01 | 1.4e+00 3.9e+00 2.559e+00
#4472  1088   1 | 1.32e+00 6.53e-03 +0.627  0.99 | 1.12e+00 1.04e-01 -0.061  1.02 | 1.4e+00 3.8e+00 3.020e+00
#4473  1054   1 | 8.53e-01 1.61e-01 +0.245  0.94 | 9.10e-01 1.09e-01 -0.122  1.04 | 1.4e+00 3.8e+00 1.550e+00
#4474   139   1 | 1.12e+00 1.04e-01 -0.018  1.01 | 1.01e+00 9.35e-02 -0.099  1.03 | 1.3e+00 3.5e+00 2.316e+00
#4475  1351   1 | 1.32e+00 1.16e-01 +0.144  0.98 | 1.02e+00 1.05e-01 +0.117  0.99 | 1.3e+00 3.8e+00 2.731e+00
#4476  1889   1 | 5.80e-01 1.23e-01 +0.195  0.96 | 1.05e+00 1.63e-01 +0.161  0.97 | 1.3e+00 4.2e+00 1.402e+00
#4477  3613   1 | 1.00e+00 2.14e-01 +0.162  0.98 | 8.61e-01 1.22e-01 +0.132  0.98 | 1.4e+00 3.9e+00 1.714e+00
#4478  2042   1 | 9.76e-01 1.46e-01 +0.699  0.81 | 1.04e+00 1.29e-01 +0.056  1.00 | 1.4e+00 4.2e+00 1.864e+00
#4479  2892   1 | 6.11e-01 7.42e-02 +0.599  0.87 | 1.08e+00 1.12e-01 +0.039  1.00 | 1.4e+00 4.3e+00 1.502e+00
#4480  2190   1 | 1.00e+00 2.28e-01 +0.673  0.75 | 9.45e-01 9.29e-02 -0.004  1.01 | 1.4e+00 3.9e+00 1.650e+00
#4481   394   1 | 1.35e+00 1.00e-01 -0.688  1.11 | 1.00e+00 9.04e-02 +0.035  1.00 | 1.4e+00 4.0e+00 3.017e+00
#4482   390   1 | 5.12e-01 2.77e-02 +0.130  0.99 | 9.97e-01 6.15e-02 +0.029  1.00 | 1.4e+00 3.9e+00 1.253e+00
#4483   209   1 | 1.08e+00 9.42e-02 +0.787  0.87 | 1.04e+00 1.00e-01 -0.141  1.04 | 1.4e+00 4.4e+00 2.141e+00
#4484   412   1 | 1.04e+00 3.50e-02 +0.276  0.98 | 1.02e+00 8.00e-02 +0.055  1.00 | 1.4e+00 4.6e+00 2.107e+00
#4485  3735   1 | 4.57e-01 7.20e-02 -0.092  1.05 | 1.00e+00 7.12e-02 -0.025  1.01 | 1.4e+00 3.8e+00 1.232e+00
#4486  3615   1 | 1.29e+00 2.95e-02 +0.681  0.97 | 1.04e+00 4.84e-02 +0.205  0.98 | 1.4e+00 3.8e+00 2.672e+00
#4487  4578   1 | 1.08e+00 1.08e-01 -0.107  1.03 | 9.37e-01 1.31e-01 +0.291  0.94 | 1.3e+00 4.1e+00 2.029e+00
#4488  4860   1 | 1.15e+00 1.23e-02 -0.091  1.00 | 9.43e-01 8.04e-02 +0.335  0.95 | 1.3e+00 3.6e+00 2.172e+00
#4489  2072   1 | 1.11e+00 4.74e-03 -0.666  1.01 | 1.02e+00 5.64e-02 +0.051  1.00 | 1.5e+00 4.1e+00 2.261e+00
#4490  4316   1 | 1.09e+00 9.69e-02 +0.538  0.91 | 9.68e-01 1.02e-01 +0.137  0.98 | 1.3e+00 4.1e+00 1.994e+00
#4491  4167   1 | 1.06e+00 1.32e-02 -0.206  1.01 | 8.36e-01 1.04e-01 +0.295  0.94 | 1.3e+00 3.6e+00 1.788e+00
#4492  4380   1 | 6.99e-01 7.57e-02 -0.091  1.03 | 1.00e+00 9.13e-02 +0.056  1.00 | 1.4e+00 4.0e+00 1.507e+00
#4493   409   1 | 8.24e-01 8.19e-02 +0.413  0.93 | 9.42e-01 5.18e-02 +0.020  1.00 | 1.4e+00 4.4e+00 1.517e+00
#4494  3254   1 | 1.07e+00 2.70e-01 +0.389  0.87 | 9.93e-01 3.23e-02 +0.062  1.00 | 1.5e+00 3.5e+00 1.979e+00
#4495  1110   1 | 4.94e-01 7.66e-02 +0.022  1.02 | 1.12e+00 3.67e-02 +0.148  0.99 | 1.5e+00 4.0e+00 1.486e+00
#4496   553   1 | 1.07e+00 1.23e-01 +0.515  0.89 | 1.03e+00 3.15e-02 -0.053  1.00 | 1.5e+00 4.0e+00 2.087e+00
#4497  1109   1 | 1.11e+00 2.08e-01 +0.136  0.98 | 9.82e-01 3.45e-02 -0.052  1.00 | 1.5e+00 3.9e+00 2.178e+00
#4498  2976   1 | 1.30e+00 1.45e-01 -0.259  1.07 | 1.09e+00 2.86e-02 +0.198  0.99 | 1.6e+00 3.9e+00 2.989e+00
#4499   600   1 | 7.71e-01 3.17e-01 +0.338  0.89 | 9.59e-01 5.32e-02 +0.104  0.99 | 1.5e+00 4.1e+00 1.441e+00
#4500  1200   1 | 1.14e+00 5.19e-02 -0.688  1.06 | 9.75e-01 5.10e-02 +0.062  1.00 | 1.5e+00 4.2e+00 2.337e+00
#4501  3510   1 | 7.31e-01 1.19e-01 +0.587  0.83 | 1.09e+00 7.44e-02 +0.092  0.99 | 1.5e+00 3.9e+00 1.620e+00
#4502  3168   1 | 9.10e-01 8.58e-02 -0.154  1.04 | 9.18e-01 5.73e-02 -0.110  1.02 | 1.6e+00 5.0e+00 1.717e+00
#4503  2475   1 | 9.15e-01 7.66e-02 +0.788  0.87 | 9.51e-01 4.36e-02 -0.114  1.01 | 1.6e+00 4.2e+00 1.648e+00
#4504  2388   1 | 1.20e+00 1.72e-01 -0.531  1.17 | 1.05e+00 4.91e-02 -0.028  1.00 | 1.5e+00 3.9e+00 2.801e+00
#4505  4081   1 | 9.89e-01 1.66e-01 +0.378  0.90 | 1.07e+00 7.62e-02 +0.280  0.97 | 1.4e+00 3.8e+00 1.996e+00
#4506  1303   1 | 1.07e+00 1.13e-02 -0.080  1.00 | 9.70e-01 5.04e-02 -0.067  1.01 | 1.5e+00 3.9e+00 2.101e+00
#4507  2075   1 | 1.20e+00 1.05e-03 +0.815  1.00 | 9.11e-01 3.68e-02 +0.038  1.00 | 1.5e+00 4.0e+00 2.277e+00
#4508  3327   1 | 9.72e-01 2.36e-01 +0.491  0.82 | 9.60e-01 6.30e-02 -0.096  1.02 | 1.5e+00 4.2e+00 1.713e+00
#4509  1068   1 | 7.28e-01 1.52e-01 +0.252  0.94 | 9.46e-01 4.59e-02 +0.102  0.99 | 1.5e+00 3.9e+00 1.386e+00
#4510  2119   1 | 1.02e+00 1.35e-02 -0.132  1.00 | 9.92e-01 7.29e-02 +0.164  0.98 | 1.5e+00 4.1e+00 2.016e+00
#4511  1477   1 | 1.02e+00 4.47e-02 -0.081  1.01 | 1.13e+00 4.62e-02 +0.211  0.98 | 1.4e+00 4.1e+00 2.309e+00
#4512  2680   1 | 1.22e+00 2.70e-01 +0.361  0.89 | 1.10e+00 5.37e-02 +0.113  0.99 | 1.6e+00 4.4e+00 2.542e+00
#4513   955   1 | 5.46e-01 2.11e-01 +0.373  0.86 | 1.03e+00 5.38e-02 +0.076  0.99 | 1.5e+00 4.2e+00 1.309e+00
#4514  3474   1 | 4.76e-01 7.65e-02 -0.133  1.07 | 9.87e-01 4.43e-02 +0.227  0.98 | 1.5e+00 3.7e+00 1.199e+00
#4515  3983   1 | 1.10e+00 6.28e-02 +0.680  0.93 | 9.75e-01 9.93e-02 +0.111  0.99 | 1.5e+00 4.0e+00 2.067e+00
#4516   792   1 | 9.65e-01 8.35e-02 +0.013  1.01 | 1.03e+00 5.88e-02 -0.115  1.02 | 1.5e+00 4.1e+00 2.019e+00
#4517  2167   1 | 9.77e-01 5.13e-02 +0.689  0.93 | 1.04e+00 8.47e-02 +0.109  0.99 | 1.5e+00 3.8e+00 1.963e+00
#4518   126   1 | 7.38e-01 7.06e-02 +0.305  0.95 | 9.49e-01 5.17e-02 -0.163  1.02 | 1.5e+00 3.6e+00 1.437e+00
#4519  1486   1 | 9.22e-01 1.98e-01 +0.797  0.70 | 9.51e-01 6.62e-02 +0.010  1.00 | 1.4e+00 4.0e+00 1.505e+00
#4520  3700   1 | 8.00e-01 1.28e-01 +0.351  0.91 | 9.59e-01 1.07e-01 +0.187  0.97 | 1.5e+00 4.1e+00 1.477e+00
#4521  2806   1 | 9.09e-01 2.58e-01 +0.128  1.01 | 9.18e-01 3.67e-02 +0.091  0.99 | 1.6e+00 3.6e+00 1.670e+00
#4522  3672   1 | 9.79e-01 1.35e-01 +0.488  0.88 | 9.60e-01 7.07e-02 +0.141  0.98 | 1.6e+00 4.3e+00 1.754e+00
#4523   716   1 | 1.07e+00 1.09e-01 +0.020  1.01 | 9.70e-01 3.70e-02 -0.050  1.01 | 1.5e+00 3.9e+00 2.101e+00
#4524   894   1 | 1.31e+00 6.52e-02 +0.653  0.94 | 1.04e+00 4.91e-02 +0.051  1.00 | 1.5e+00 4.0e+00 2.675e+00
#4525   407   1 | 1.29e+00 1.33e-01 +0.019  1.01 | 9.64e-01 6.18e-02 +0.166  0.98 | 1.5e+00 4.7e+00 2.602e+00
#4526  2495   1 | 1.20e+00 1.54e-02 +0.541  0.99 | 1.05e+00 4.41e-02 -0.072  1.01 | 1.7e+00 4.2e+00 2.533e+00
#4527   779   1 | 1.08e+00 1.02e-01 +0.782  0.86 | 1.04e+00 7.05e-02 -0.084  1.02 | 1.5e+00 4.5e+00 2.108e+00
#4528  3374   1 | 1.66e+00 5.96e-02 -0.171  1.01 | 9.65e-01 5.51e-02 +0.038  1.00 | 1.7e+00 4.0e+00 3.734e+00
#4529   113   1 | 1.18e+00 2.39e-01 -0.452  1.22 | 9.58e-01 5.25e-02 -0.007  1.00 | 1.6e+00 4.0e+00 2.625e+00
#4530  1271   1 | 1.15e+00 6.76e-02 +0.041  1.00 | 9.43e-01 5.98e-02 +0.243  0.97 | 1.6e+00 4.0e+00 2.177e+00
#4531  4816   1 | 1.03e+00 4.76e-02 -0.179  1.02 | 9.92e-01 9.51e-02 +0.286  0.95 | 1.5e+00 3.8e+00 2.016e+00
#4532  1788   1 | 1.21e+00 5.55e-02 -0.265  1.03 | 9.11e-01 5.62e-02 +0.124  0.99 | 1.5e+00 3.7e+00 2.313e+00
#4533  2219   1 | 7.03e-01 1.92e-01 -0.081  1.12 | 1.00e+00 7.17e-02 -0.046  1.01 | 1.6e+00 4.1e+00 1.570e+00
#4534   793   1 | 1.32e+00 3.97e-02 -0.184  1.01 | 1.02e+00 4.40e-02 +0.148  0.99 | 1.6e+00 3.9e+00 2.785e+00
#4535  4558   1 | 1.40e+00 1.90e-01 +0.597  0.86 | 1.01e+00 9.04e-02 +0.075  0.99 | 1.4e+00 3.8e+00 2.706e+00
#4536  4902   1 | 1.30e+00 4.38e-02 +0.278  0.98 | 9.27e-01 1.60e-01 +0.195  0.96 | 1.4e+00 4.3e+00 2.483e+00
#4537  4265   1 | 9.98e-01 2.67e-01 +0.368  0.87 | 1.07e+00 1.12e-01 +0.035  1.00 | 1.4e+00 3.8e+00 2.030e+00
#4538    79   1 | 1.11e+00 1.36e-01 +0.136  0.98 | 9.80e-01 4.17e-02 +0.022  1.00 | 1.6e+00 3.5e+00 2.180e+00
#4539  2946   1 | 4.97e-01 8.09e-03 -0.092  1.00 | 1.12e+00 4.94e-02 -0.006  1.00 | 1.6e+00 4.4e+00 1.499e+00
#4540   626   1 | 1.12e+00 2.75e-01 +0.482  0.82 | 1.13e+00 5.57e-02 +0.149  0.99 | 1.6e+00 3.9e+00 2.306e+00
#4541  1605   1 | 9.70e-01 1.35e-01 +0.112  0.99 | 1.06e+00 6.22e-02 -0.043  1.01 | 1.5e+00 3.9e+00 2.059e+00
#4542  2627   1 | 5.54e-01 1.88e-01 +0.383  0.86 | 1.03e+00 6.12e-02 +0.104  0.99 | 1.7e+00 3.9e+00 1.312e+00
#4543  2003   1 | 5.56e-01 1.60e-02 -0.567  1.03 | 1.04e+00 6.53e-02 -0.081  1.01 | 1.6e+00 4.1e+00 1.421e+00
#4544  1214   1 | 8.26e-01 1.08e-01 -0.366  1.11 | 9.54e-01 4.87e-02 +0.150  0.99 | 1.6e+00 3.7e+00 1.657e+00
#4545  3770   1 | 1.00e+00 3.56e-01 +0.151  1.02 | 8.61e-01 8.70e-02 +0.364  0.94 | 1.6e+00 4.1e+00 1.720e+00
#4546  2235   1 | 1.10e+00 1.67e-01 +0.134  0.98 | 9.82e-01 5.39e-02 -0.001  1.00 | 1.5e+00 3.9e+00 2.162e+00
#4547   329   1 | 4.46e-01 6.69e-02 -0.072  1.04 | 1.00e+00 5.54e-02 +0.100  0.99 | 1.6e+00 4.1e+00 1.203e+00
#4548  1981   1 | 9.59e-01 1.29e-01 +0.523  0.88 | 1.07e+00 8.84e-02 +0.136  0.98 | 1.5e+00 4.2e+00 1.944e+00
#4549  4718   1 | 9.72e-01 8.56e-02 -0.238  1.05 | 1.02e+00 1.26e-01 +0.328  0.93 | 1.4e+00 3.8e+00 1.959e+00
#4550  3130   1 | 6.16e-01 1.38e-01 +0.595  0.78 | 1.08e+00 7.13e-02 +0.132  0.99 | 1.6e+00 4.0e+00 1.457e+00
#4551  4343   1 | 8.35e-01 1.95e-01 -0.406  1.24 | 9.42e-01 1.34e-01 +0.342  0.92 | 1.4e+00 3.9e+00 1.686e+00
#4552   365   1 | 5.68e-01 1.86e-01 -0.192  1.23 | 9.77e-01 1.16e-01 -0.004  1.01 | 1.5e+00 4.5e+00 1.368e+00
#4553   844   1 | 8.89e-01 6.52e-02 -0.436  1.07 | 9.15e-01 6.72e-02 -0.104  1.02 | 1.5e+00 3.6e+00 1.699e+00
#4554  2259   1 | 6.58e-01 9.54e-02 -0.000  1.02 | 1.07e+00 8.25e-02 +0.042  1.00 | 1.6e+00 3.7e+00 1.586e+00
#4555   288   1 | 1.35e+00 2.02e-01 +0.683  0.82 | 1.00e+00 7.92e-02 -0.204  1.04 | 1.5e+00 4.0e+00 2.528e+00
#4556  1976   1 | 1.29e+00 7.26e-02 -0.019  1.01 | 1.08e+00 8.62e-02 +0.194  0.98 | 1.5e+00 3.4e+00 2.808e+00
#4557  1976   1 | 1.08e+00 3.97e-01 +0.533  0.74 | 9.68e-01 9.54e-02 +0.125  0.98 | 1.5e+00 3.7e+00 1.792e+00
#4558   757   1 | 1.11e+00 7.60e-02 +0.304  0.96 | 1.06e+00 5.50e-02 +0.148  0.99 | 1.5e+00 4.0e+00 2.288e+00
#4559  1375   1 | 9.98e-01 1.94e-01 +0.667  0.78 | 9.45e-01 1.13e-01 -0.129  1.05 | 1.5e+00 4.1e+00 1.710e+00
#4560  3178   1 | 1.05e+00 1.38e-02 +0.669  0.98 | 1.03e+00 8.76e-02 -0.078  1.02 | 1.7e+00 3.9e+00 2.176e+00
#4561  1487   1 | 1.38e+00 2.29e-01 +0.158  0.98 | 1.03e+00 6.63e-02 +0.229  0.97 | 1.5e+00 3.9e+00 2.883e+00
#4562  3617   1 | 5.24e-01 3.11e-02 +0.172  0.98 | 9.97e-01 9.67e-02 +0.141  0.98 | 1.6e+00 4.3e+00 1.245e+00
#4563   503   1 | 1.23e+00 1.60e-01 -0.781  1.22 | 9.89e-01 3.60e-02 +0.147  0.99 | 1.6e+00 4.0e+00 2.825e+00
#4564  2013   1 | 8.55e-01 1.82e-01 +0.244  0.94 | 9.10e-01 7.24e-02 +0.010  1.00 | 1.6e+00 3.8e+00 1.521e+00
#4565  3748   1 | 1.28e+00 1.17e-01 -0.159  1.04 | 1.01e+00 1.03e-01 +0.169  0.98 | 1.6e+00 3.9e+00 2.693e+00
#4566  4665   1 | 1.10e+00 3.33e-01 +0.121  1.02 | 1.08e+00 1.56e-01 +0.248  0.95 | 1.4e+00 4.2e+00 2.336e+00
#4567  1006   1 | 1.08e+00 1.63e-01 -0.170  1.07 | 9.97e-01 6.85e-02 +0.141  0.99 | 1.6e+00 3.9e+00 2.226e+00
#4568   142   1 | 1.12e+00 2.30e-01 -0.021  1.05 | 1.01e+00 9.57e-02 -0.090  1.03 | 1.5e+00 4.4e+00 2.363e+00
#4569   699   1 | 1.13e+00 1.23e-01 +0.376  0.93 | 1.05e+00 8.46e-02 +0.114  0.99 | 1.5e+00 4.4e+00 2.289e+00
#4570  3085   1 | 1.17e+00 2.11e-03 -0.420  1.00 | 1.17e+00 6.58e-02 +0.150  0.99 | 1.7e+00 3.7e+00 2.713e+00
#4571  1916   1 | 1.11e+00 2.20e-01 +0.728  0.75 | 1.02e+00 7.46e-02 -0.011  1.01 | 1.6e+00 3.8e+00 1.960e+00
#4572  2765   1 | 1.14e+00 6.56e-02 +0.043  1.00 | 9.88e-01 5.41e-02 +0.134  0.99 | 1.7e+00 3.8e+00 2.254e+00
#4573  3517   1 | 1.05e+00 2.97e-01 +0.212  0.96 | 8.36e-01 1.15e-01 +0.285  0.94 | 1.6e+00 4.5e+00 1.724e+00
#4574   341   1 | 1.04e+00 3.51e-02 +0.280  0.98 | 1.02e+00 6.64e-02 +0.183  0.98 | 1.5e+00 4.0e+00 2.089e+00
#4575  2338   1 | 1.04e+00 2.03e-01 +0.800  0.73 | 1.08e+00 6.58e-02 -0.066  1.01 | 1.6e+00 4.1e+00 1.976e+00
#4576  1139   1 | 1.31e+00 8.92e-02 -0.261  1.04 | 1.09e+00 6.05e-02 +0.105  0.99 | 1.5e+00 4.1e+00 2.962e+00
#4577     9   1 | 1.08e+00 2.19e-02 +0.398  0.98 | 9.93e-01 6.43e-02 +0.023  1.00 | 1.5e+00 3.8e+00 2.139e+00
#4578  3705   1 | 5.92e-01 4.89e-02 -0.212  1.04 | 1.05e+00 8.67e-02 +0.040  1.00 | 1.6e+00 3.9e+00 1.474e+00
#4579  2404   1 | 1.32e+00 1.51e-01 +0.673  0.86 | 1.12e+00 6.12e-02 +0.146  0.99 | 1.6e+00 3.8e+00 2.728e+00
#4580  4318   1 | 9.69e-01 9.29e-02 +0.068  1.00 | 1.06e+00 1.31e-01 +0.249  0.95 | 1.4e+00 3.9e+00 2.015e+00
#4581  4219   1 | 7.17e-01 2.02e-01 +0.578  0.75 | 1.09e+00 9.91e-02 -0.087  1.02 | 1.5e+00 3.9e+00 1.600e+00
#4582  4170   1 | 1.23e+00 1.33e-01 -0.363  1.09 | 1.10e+00 1.76e-01 +0.136  0.98 | 1.5e+00 4.2e+00 2.858e+00
#4583   477   1 | 1.02e+00 5.84e-02 -0.053  1.01 | 1.13e+00 7.84e-02 -0.115  1.02 | 1.6e+00 4.0e+00 2.355e+00
#4584  4331   1 | 8.36e-01 1.58e-01 -0.733  1.31 | 1.01e+00 1.45e-01 +0.227  0.96 | 1.5e+00 3.6e+00 1.899e+00
#4585   367   1 | 7.28e-01 1.33e-02 -0.216  1.01 | 9.46e-01 8.85e-02 +0.040  1.00 | 1.5e+00 3.6e+00 1.431e+00
#4586  4382   1 | 6.22e-01 1.41e-01 +0.131  0.99 | 1.03e+00 1.41e-01 +0.428  0.90 | 1.5e+00 4.1e+00 1.337e+00
#4587   269   1 | 1.09e+00 1.24e-01 +0.119  0.99 | 9.37e-01 6.56e-02 +0.094  0.99 | 1.5e+00 4.1e+00 2.037e+00
#4588   600   1 | 7.38e-01 2.18e-02 +0.323  0.98 | 9.49e-01 6.21e-02 -0.008  1.01 | 1.5e+00 3.7e+00 1.440e+00
#4589    78   1 | 6.58e-01 2.94e-02 -0.011  1.00 | 1.07e+00 7.27e-02 -0.074  1.01 | 1.6e+00 3.7e+00 1.595e+00
#4590  3080   1 | 7.20e-01 1.83e-01 +0.577  0.77 | 1.09e+00 6.59e-02 +0.079  0.99 | 1.7e+00 3.5e+00 1.576e+00
#4591  2790   1 | 1.12e+00 1.47e-01 +0.374  0.92 | 1.05e+00 9.45e-02 +0.369  0.94 | 1.7e+00 4.2e+00 2.198e+00
#4592    52   1 | 1.23e+00 1.77e-01 +0.775  0.80 | 9.89e-01 1.20e-01 +0.253  0.95 | 1.5e+00 4.8e+00 2.147e+00
#4593  4061   1 | 1.09e+00 3.24e-02 -0.095  1.01 | 9.80e-01 1.04e-01 +0.248  0.96 | 1.4e+00 3.5e+00 2.111e+00
#4594  4597   1 | 1.10e+00 1.71e-01 +0.120  0.99 | 1.08e+00 1.67e-01 +0.340  0.92 | 1.5e+00 3.7e+00 2.266e+00
#4595  4571   1 | 1.21e+00 9.66e-02 -0.288  1.05 | 9.11e-01 1.57e-01 +0.271  0.94 | 1.4e+00 4.1e+00 2.316e+00
#4596  2457   1 | 4.49e-01 1.68e-02 -0.097  1.01 | 1.00e+00 8.82e-02 +0.041  1.00 | 1.6e+00 3.6e+00 1.207e+00
#4597   807   1 | 1.11e+00 3.15e-02 +0.316  0.98 | 1.06e+00 1.04e-01 +0.116  0.99 | 1.5e+00 4.1e+00 2.311e+00
#4598  4561   1 | 9.22e-01 6.91e-02 +0.807  0.88 | 9.51e-01 1.37e-01 +0.111  0.99 | 1.5e+00 3.3e+00 1.645e+00
#4599  3820   1 | 1.07e+00 8.03e-02 -0.167  1.03 | 9.97e-01 1.58e-01 +0.202  0.96 | 1.7e+00 4.3e+00 2.128e+00
#4600  4141   1 | 1.23e+00 1.49e-02 +0.399  0.99 | 1.10e+00 2.02e-01 +0.072  1.01 | 1.5e+00 4.0e+00 2.737e+00
#4601  3314   1 | 1.08e+00 2.31e-01 +0.534  0.82 | 9.68e-01 1.47e-01 +0.183  0.97 | 1.7e+00 4.2e+00 1.850e+00
#4602   185   1 | 1.30e+00 3.68e-02 +0.013  1.00 | 9.64e-01 1.54e-01 +0.152  0.98 | 1.5e+00 4.2e+00 2.586e+00
#4603  2241   1 | 9.72e-01 1.71e-02 +0.158  0.99 | 1.06e+00 1.22e-01 -0.002  1.01 | 1.6e+00 3.6e+00 2.075e+00
#4604  2208   1 | 1.12e+00 3.44e-01 +0.481  0.80 | 1.13e+00 2.19e-01 +0.194  0.96 | 1.6e+00 4.6e+00 2.232e+00
#4605  1896   1 | 1.04e+00 1.60e-01 +0.275  0.94 | 1.02e+00 1.62e-01 +0.097  0.99 | 1.6e+00 3.8e+00 2.051e+00
#4606  3201   1 | 9.00e-01 1.94e-01 +0.397  0.88 | 9.15e-01 1.53e-01 +0.039  1.01 | 1.6e+00 4.8e+00 1.559e+00
#4607    55   1 | 8.53e-01 1.97e-01 +0.243  0.94 | 9.10e-01 1.35e-01 +0.081  1.00 | 1.6e+00 4.1e+00 1.511e+00
#4608  2131   1 | 1.38e+00 9.18e-02 -0.157  1.03 | 1.03e+00 1.10e-01 -0.064  1.03 | 1.7e+00 4.0e+00 3.037e+00
#4609  4625   1 | 1.12e+00 4.42e-02 -0.708  1.06 | 1.02e+00 1.94e-01 +0.279  0.93 | 1.6e+00 4.1e+00 2.283e+00
#4610  4830   1 | 4.92e-01 7.76e-02 -0.022  1.03 | 1.12e+00 1.47e-01 +0.302  0.94 | 1.5e+00 4.1e+00 1.420e+00
#4611  3853   1 | 5.80e-01 7.24e-02 +0.542  0.88 | 1.04e+00 1.11e-01 +0.107  0.99 | 1.7e+00 3.5e+00 1.370e+00
#4612  1483   1 | 1.14e+00 3.06e-02 +0.025  1.00 | 9.88e-01 1.41e-01 -0.074  1.04 | 1.6e+00 4.4e+00 2.317e+00
#4613  2728   1 | 1.04e+00 2.43e-01 +0.800  0.68 | 1.08e+00 1.05e-01 -0.036  1.02 | 1.8e+00 3.9e+00 1.924e+00
#4614  2310   1 | 1.30e+00 1.26e-01 +0.635  0.89 | 1.04e+00 9.56e-02 +0.108  0.99 | 1.7e+00 4.1e+00 2.571e+00
#4615  3838   1 | 8.50e-01 1.41e-01 -0.733  1.27 | 1.01e+00 1.71e-01 +0.118  0.99 | 1.7e+00 4.3e+00 1.933e+00
#4616  1669   1 | 1.17e+00 8.44e-02 +0.497  0.93 | 1.17e+00 1.14e-01 -0.012  1.01 | 1.6e+00 4.0e+00 2.659e+00
#4617  1512   1 | 1.08e+00 2.05e-01 +0.392  0.89 | 9.93e-01 8.10e-02 +0.050  1.00 | 1.6e+00 3.9e+00 2.019e+00
#4618    46   1 | 9.98e-01 1.64e-01 +0.133  0.98 | 8.61e-01 1.21e-01 +0.057  1.00 | 1.7e+00 4.5e+00 1.724e+00
#4619  3833   1 | 7.14e-01 1.60e-01 -0.080  1.09 | 1.00e+00 8.90e-02 +0.036  1.00 | 1.9e+00 4.1e+00 1.560e+00
#4620   518   1 | 1.08e+00 8.61e-02 +0.780  0.88 | 1.04e+00 6.75e-02 +0.004  1.00 | 1.7e+00 3.9e+00 2.119e+00
#4621  1048   1 | 1.02e+00 2.12e-01 +0.165  0.97 | 9.92e-01 4.38e-02 +0.128  0.99 | 1.8e+00 3.8e+00 1.997e+00
#4622  1138   1 | 9.64e-01 3.13e-01 +0.082  1.05 | 1.06e+00 4.98e-02 +0.079  0.99 | 1.8e+00 3.8e+00 2.104e+00
#4623  1983   1 | 9.76e-01 6.92e-02 -0.726  1.11 | 1.04e+00 7.14e-02 +0.172  0.98 | 1.8e+00 4.4e+00 2.122e+00
#4624   482   1 | 9.57e-01 2.48e-01 +0.525  0.79 | 1.07e+00 6.32e-02 +0.130  0.99 | 1.8e+00 4.4e+00 1.869e+00
#4625  2866   1 | 1.28e+00 6.38e-02 -0.024  1.00 | 1.08e+00 4.83e-02 +0.124  0.99 | 1.9e+00 4.0e+00 2.805e+00
#4626  1646   1 | 5.98e-01 1.61e-01 -0.589  1.39 | 1.08e+00 6.18e-02 -0.030  1.01 | 1.7e+00 4.2e+00 1.680e+00
#4627  3703   1 | 1.29e+00 1.35e-01 +0.259  0.96 | 9.27e-01 6.07e-02 +0.123  0.99 | 1.9e+00 3.8e+00 2.435e+00
#4628  2878   1 | 1.41e+00 2.61e-01 +0.591  0.81 | 1.01e+00 4.96e-02 -0.017  1.00 | 2.0e+00 4.2e+00 2.638e+00
#4629  4693   1 | 1.18e+00 1.07e-01 -0.453  1.09 | 9.58e-01 5.76e-02 +0.074  0.99 | 1.7e+00 3.1e+00 2.430e+00
#4630  1847   1 | 1.32e+00 1.33e-01 +0.677  0.87 | 1.12e+00 4.02e-02 +0.093  0.99 | 1.8e+00 3.6e+00 2.773e+00
#4631  2998   1 | 5.85e-01 1.59e-01 +0.216  0.96 | 1.05e+00 4.24e-02 +0.150  0.99 | 1.9e+00 3.7e+00 1.424e+00
#4632  3673   1 | 1.32e+00 4.88e-01 -0.157  1.25 | 1.02e+00 5.17e-02 -0.007  1.00 | 2.0e+00 3.9e+00 3.224e+00
#4633    78   1 | 9.61e-01 1.20e-01 -0.478  1.14 | 9.60e-01 3.95e-02 -0.094  1.01 | 1.8e+00 3.7e+00 1.978e+00
#4634  3673   1 | 1.17e+00 3.50e-01 +0.518  0.78 | 1.05e+00 5.48e-02 +0.045  1.00 | 2.0e+00 3.9e+00 2.177e+00
#4635   372   1 | 1.65e+00 2.32e-01 +0.156  0.98 | 9.65e-01 6.05e-02 -0.097  1.02 | 1.7e+00 4.2e+00 3.616e+00
#4636  4950   1 | 8.01e-01 2.55e-01 -0.399  1.36 | 9.42e-01 6.80e-02 +0.200  0.98 | 1.7e+00 3.7e+00 1.737e+00
#4637  2721   1 | 1.08e+00 8.79e-02 -0.027  1.01 | 9.70e-01 3.27e-02 +0.022  1.00 | 2.1e+00 4.0e+00 2.114e+00
#4638  4285   1 | 6.26e-01 1.26e-01 +0.127  0.99 | 1.03e+00 9.45e-02 +0.327  0.95 | 1.6e+00 4.3e+00 1.392e+00
#4639  4451   1 | 1.10e+00 1.46e-01 -0.139  1.05 | 9.82e-01 1.08e-01 +0.345  0.94 | 1.6e+00 4.3e+00 2.177e+00
#4640   561   1 | 9.72e-01 1.82e-01 +0.240  0.95 | 1.02e+00 5.03e-02 +0.026  1.00 | 1.7e+00 3.5e+00 1.928e+00
#4641  4675   1 | 7.59e-01 7.80e-02 +0.350  0.94 | 9.59e-01 1.25e-01 +0.228  0.96 | 1.6e+00 4.0e+00 1.420e+00
#4642   402   1 | 1.04e+00 7.09e-02 -0.211  1.03 | 8.36e-01 8.16e-02 +0.036  1.00 | 1.7e+00 4.2e+00 1.821e+00
#4643  1926   1 | 7.29e-01 2.62e-02 -0.257  1.02 | 9.46e-01 8.23e-02 -0.023  1.01 | 1.7e+00 3.8e+00 1.448e+00
#4644   776   1 | 9.98e-01 1.10e-01 +0.675  0.86 | 9.45e-01 6.42e-02 -0.101  1.02 | 1.6e+00 4.0e+00 1.770e+00
#4645  4184   1 | 1.33e+00 4.58e-02 +0.679  0.95 | 1.00e+00 1.27e-01 +0.044  1.01 | 1.7e+00 3.8e+00 2.697e+00
#4646   610   1 | 5.69e-01 2.28e-01 -0.208  1.33 | 9.77e-01 6.70e-02 -0.023  1.01 | 1.7e+00 4.2e+00 1.392e+00
#4647  2213   1 | 9.99e-01 2.43e-01 +0.375  0.88 | 1.07e+00 9.39e-02 +0.176  0.98 | 1.7e+00 3.5e+00 2.004e+00
#4648  4780   1 | 1.07e+00 8.70e-02 +0.109  0.99 | 9.37e-01 1.45e-01 +0.322  0.92 | 1.5e+00 3.9e+00 1.954e+00
#4649  4103   1 | 1.29e+00 1.19e-01 -0.262  1.06 | 1.09e+00 1.53e-01 +0.021  1.01 | 1.6e+00 4.3e+00 2.980e+00
#4650  4289   1 | 9.68e-01 4.21e-02 +0.009  1.00 | 1.03e+00 1.66e-01 +0.145  0.98 | 1.5e+00 3.6e+00 1.981e+00
#4651  1983   1 | 5.13e-01 8.38e-02 -0.136  1.07 | 9.97e-01 8.83e-02 +0.069  1.00 | 1.6e+00 4.1e+00 1.272e+00
#4652  2514   1 | 5.53e-01 2.05e-01 +0.383  0.85 | 1.03e+00 8.80e-02 +0.114  0.99 | 1.8e+00 4.4e+00 1.306e+00
#4653  3827   1 | 1.04e+00 2.71e-01 -0.510  1.33 | 1.03e+00 1.23e-01 +0.098  0.99 | 1.7e+00 4.0e+00 2.502e+00
#4654  2871   1 | 4.73e-01 2.65e-01 -0.114  1.44 | 9.87e-01 9.61e-02 +0.043  1.00 | 1.7e+00 4.2e+00 1.298e+00
#4655  3499   1 | 1.03e+00 6.10e-03 +0.087  1.00 | 1.13e+00 1.07e-01 +0.259  0.96 | 1.6e+00 3.9e+00 2.299e+00
#4656  4965   1 | 1.34e+00 3.11e-02 -0.209  1.01 | 1.01e+00 1.52e-01 +0.289  0.94 | 1.5e+00 4.3e+00 2.760e+00
#4657  2596   1 | 1.12e+00 7.03e-02 -0.022  1.01 | 1.01e+00 1.17e-01 +0.115  0.99 | 1.7e+00 4.1e+00 2.272e+00
#4658   730   1 | 9.07e-01 2.98e-02 +0.089  1.00 | 9.18e-01 6.85e-02 +0.195  0.98 | 1.5e+00 3.9e+00 1.641e+00
#4659  3041   1 | 1.13e+00 9.08e-02 +0.683  0.90 | 9.75e-01 1.38e-01 +0.079  1.00 | 1.5e+00 4.1e+00 2.085e+00
#4660  3121   1 | 1.14e+00 1.98e-01 -0.015  1.04 | 9.43e-01 1.04e-01 +0.202  0.97 | 1.6e+00 3.8e+00 2.213e+00
#4661  1586   1 | 8.27e-01 1.64e-01 +0.379  0.89 | 9.54e-01 1.25e-01 +0.151  0.98 | 1.4e+00 4.3e+00 1.497e+00
#4662  1846   1 | 1.11e+00 8.38e-02 +0.723  0.90 | 1.02e+00 1.02e-01 +0.070  1.00 | 1.5e+00 3.4e+00 2.127e+00
#4663  1798   1 | 1.10e+00 8.57e-02 +0.136  0.98 | 1.08e+00 1.28e-01 +0.248  0.96 | 1.5e+00 3.6e+00 2.301e+00
#4664  2390   1 | 9.16e-01 1.85e-01 +0.803  0.72 | 9.51e-01 1.59e-01 -0.068  1.05 | 1.5e+00 4.2e+00 1.551e+00
#4665  3618   1 | 1.29e+00 8.66e-02 +0.264  0.97 | 9.27e-01 1.71e-01 +0.116  0.99 | 1.5e+00 3.9e+00 2.459e+00
#4666  2444   1 | 8.30e-01 2.84e-02 +0.332  0.98 | 9.54e-01 1.24e-01 +0.155  0.98 | 1.6e+00 3.9e+00 1.562e+00
#4667  3439   1 | 1.41e+00 2.01e-01 +0.599  0.85 | 1.01e+00 2.16e-01 +0.178  0.97 | 1.6e+00 4.3e+00 2.678e+00
#4668  2762   1 | 1.38e+00 7.48e-02 +0.158  0.99 | 1.03e+00 9.26e-02 +0.030  1.00 | 1.6e+00 3.7e+00 2.947e+00
#4669  3570   1 | 4.58e-01 7.40e-02 +0.090  1.00 | 1.00e+00 1.39e-01 +0.110  0.99 | 1.7e+00 3.7e+00 1.201e+00
#4670  3634   1 | 7.15e-01 2.70e-01 -0.091  1.21 | 1.00e+00 1.74e-01 -0.018  1.04 | 1.6e+00 4.0e+00 1.661e+00
#4671  4270   1 | 1.08e+00 3.06e-01 +0.534  0.78 | 9.68e-01 1.37e-01 +0.122  0.99 | 1.4e+00 4.4e+00 1.838e+00
#4672  3980   1 | 6.58e-01 4.22e-02 +0.011  1.00 | 1.07e+00 1.75e-01 +0.228  0.95 | 1.5e+00 3.9e+00 1.524e+00
#4673  4690   1 | 1.09e+00 2.06e-01 +0.396  0.89 | 9.93e-01 1.46e-01 +0.256  0.95 | 1.4e+00 3.7e+00 1.981e+00
#4674  4634   1 | 1.30e+00 2.26e-01 -0.012  1.03 | 1.08e+00 1.51e-01 +0.317  0.93 | 1.5e+00 3.9e+00 2.835e+00
#4675  2688   1 | 4.72e-01 1.27e-01 -0.120  1.14 | 9.87e-01 9.33e-02 +0.090  0.99 | 1.7e+00 3.8e+00 1.220e+00
#4676  3518   1 | 5.79e-01 1.39e-01 +0.526  0.80 | 1.04e+00 1.27e-01 +0.166  0.97 | 1.6e+00 4.4e+00 1.328e+00
#4677  4426   1 | 1.32e+00 2.41e-01 -0.158  1.09 | 1.02e+00 1.61e-01 +0.270  0.94 | 1.4e+00 3.9e+00 2.888e+00
#4678  1958   1 | 1.12e+00 8.27e-02 -0.491  1.08 | 1.13e+00 1.20e-01 +0.024  1.01 | 1.6e+00 4.1e+00 2.641e+00
#4679  3222   1 | 5.20e-01 5.59e-02 -0.156  1.05 | 9.97e-01 1.32e-01 +0.128  0.98 | 1.6e+00 4.1e+00 1.260e+00
#4680  4459   1 | 1.11e+00 6.05e-02 -0.301  1.04 | 1.06e+00 1.46e-01 +0.204  0.96 | 1.5e+00 3.9e+00 2.361e+00
#4681  4687   1 | 9.05e-01 9.02e-02 -0.117  1.03 | 9.18e-01 1.74e-01 +0.269  0.93 | 1.4e+00 4.1e+00 1.633e+00
#4682  4516   1 | 1.20e+00 1.78e-01 -0.530  1.18 | 1.05e+00 1.70e-01 +0.300  0.93 | 1.4e+00 3.7e+00 2.739e+00
#4683  4230   1 | 1.06e+00 2.17e-01 -0.518  1.25 | 1.03e+00 1.98e-01 +0.238  0.95 | 1.5e+00 4.1e+00 2.405e+00
#4684  3087   1 | 7.48e-01 1.09e-01 -0.332  1.12 | 9.49e-01 1.14e-01 -0.015  1.02 | 1.6e+00 4.0e+00 1.543e+00
#4685  4407   1 | 1.31e+00 1.90e-01 +0.661  0.83 | 1.12e+00 1.80e-01 +0.139  0.98 | 1.3e+00 4.2e+00 2.665e+00
#4686  3124   1 | 9.59e-01 9.98e-02 +0.063  1.00 | 1.06e+00 1.24e-01 +0.130  0.98 | 1.5e+00 3.7e+00 2.030e+00
#4687  1468   1 | 8.53e-01 2.29e-01 +0.240  0.94 | 9.10e-01 2.04e-01 +0.060  1.02 | 1.4e+00 4.4e+00 1.534e+00
#4688  1930   1 | 5.99e-01 2.63e-01 +0.587  0.68 | 1.08e+00 1.35e-01 +0.076  1.00 | 1.5e+00 3.9e+00 1.414e+00
#4689  4540   1 | 9.52e-01 6.30e-02 -0.519  1.07 | 1.07e+00 1.56e-01 +0.212  0.96 | 1.3e+00 3.9e+00 2.080e+00
#4690   884   1 | 6.24e-01 2.95e-02 -0.143  1.02 | 1.03e+00 8.05e-02 +0.155  0.98 | 1.4e+00 3.3e+00 1.434e+00
#4691  4822   1 | 1.05e+00 6.19e-02 +0.285  0.97 | 1.02e+00 1.23e-01 +0.427  0.91 | 1.3e+00 3.9e+00 2.024e+00
#4692  4550   1 | 1.05e+00 5.09e-03 -0.785  1.01 | 1.08e+00 1.72e-01 +0.201  0.96 | 1.3e+00 4.0e+00 2.243e+00
#4693  4955   1 | 1.07e+00 1.04e-01 +0.112  0.99 | 9.37e-01 2.02e-01 +0.303  0.92 | 1.3e+00 3.9e+00 1.939e+00
#4694  4999   1 | 9.43e-01 2.15e-01 -0.478  1.27 | 9.60e-01 1.48e-01 +0.227  0.95 | 1.3e+00 3.7e+00 2.008e+00
#4695   990   1 | 4.94e-01 9.92e-02 +0.039  1.02 | 1.12e+00 1.35e-01 +0.187  0.97 | 1.3e+00 4.1e+00 1.460e+00
#4696  2332   1 | 7.76e-01 5.38e-02 -0.347  1.05 | 9.59e-01 1.13e-01 -0.008  1.02 | 1.4e+00 3.9e+00 1.567e+00
#4697  1669   1 | 5.69e-01 1.83e-01 -0.203  1.23 | 9.77e-01 1.84e-01 +0.033  1.02 | 1.3e+00 4.2e+00 1.377e+00
#4698  4736   1 | 1.03e+00 1.41e-01 -0.168  1.06 | 9.92e-01 1.86e-01 +0.164  0.97 | 1.2e+00 4.0e+00 2.084e+00
#4699  1078   1 | 8.89e-01 2.53e-01 +0.394  0.86 | 9.15e-01 1.76e-01 +0.087  1.00 | 1.3e+00 4.2e+00 1.516e+00
#4700  1183   1 | 8.22e-01 5.78e-02 +0.729  0.90 | 1.01e+00 1.33e-01 +0.061  1.00 | 1.3e+00 3.8e+00 1.637e+00
#4701  3930   1 | 1.02e+00 5.15e-02 +0.698  0.93 | 9.45e-01 1.78e-01 +0.142  0.98 | 1.3e+00 3.8e+00 1.856e+00
#4702  2511   1 | 7.31e-01 4.28e-03 -0.331  1.00 | 9.46e-01 1.36e-01 +0.040  1.01 | 1.3e+00 4.1e+00 1.439e+00
#4703  1772   1 | 1.34e+00 3.51e-02 +0.718  0.96 | 1.00e+00 1.02e-01 -0.005  1.01 | 1.2e+00 2.9e+00 2.757e+00
#4704  1472   1 | 5.79e-01 1.00e-01 -0.201  1.10 | 1.05e+00 1.83e-01 +0.096  1.00 | 1.2e+00 4.2e+00 1.473e+00
#4705  1049   1 | 9.69e-01 1.09e-01 +0.115  0.99 | 1.06e+00 1.58e-01 -0.103  1.05 | 1.3e+00 4.3e+00 2.106e+00
#4706  3485   1 | 9.71e-01 1.39e-01 +0.238  0.95 | 1.02e+00 1.55e-01 +0.099  0.99 | 1.3e+00 3.9e+00 1.926e+00
#4707  1032   1 | 1.22e+00 6.55e-02 -0.364  1.04 | 1.10e+00 1.17e-01 +0.125  0.98 | 1.3e+00 4.5e+00 2.759e+00
#4708   858   1 | 1.12e+00 2.06e-03 -0.047  1.00 | 1.01e+00 6.37e-02 -0.057  1.01 | 1.3e+00 3.7e+00 2.284e+00
#4709  2479   1 | 9.79e-01 1.93e-02 -0.684  1.03 | 1.04e+00 6.03e-02 +0.057  1.00 | 1.3e+00 3.2e+00 2.067e+00
#4710  2412   1 | 7.11e-01 1.68e-01 +0.573  0.78 | 1.09e+00 6.81e-02 +0.053  1.00 | 1.4e+00 3.9e+00 1.577e+00
#4711   357   1 | 1.14e+00 8.88e-02 -0.697  1.11 | 9.75e-01 7.55e-02 -0.063  1.02 | 1.2e+00 3.8e+00 2.424e+00
#4712    97   1 | 1.11e+00 7.24e-02 -0.140  1.02 | 9.82e-01 7.92e-02 -0.121  1.03 | 1.2e+00 4.1e+00 2.247e+00
#4713  1771   1 | 9.64e-01 2.31e-02 +0.006  1.00 | 1.03e+00 5.58e-02 -0.135  1.02 | 1.3e+00 3.9e+00 2.013e+00
#4714  3498   1 | 1.66e+00 7.65e-02 +0.182  0.99 | 9.65e-01 3.09e-02 +0.115  0.99 | 1.3e+00 3.9e+00 3.656e+00
#4715  3941   1 | 5.71e-01 1.72e-01 +0.394  0.85 | 1.03e+00 5.80e-02 +0.178  0.98 | 1.3e+00 4.1e+00 1.319e+00
#4716   727   1 | 1.21e+00 1.41e-01 +0.292  0.95 | 9.11e-01 2.44e-02 +0.096  1.00 | 1.3e+00 3.8e+00 2.206e+00
#4717  1530   1 | 1.29e+00 2.70e-02 -0.021  1.00 | 9.64e-01 3.38e-02 +0.134  0.99 | 1.2e+00 3.9e+00 2.601e+00
#4718   426   1 | 1.00e+00 8.05e-02 +0.377  0.95 | 1.07e+00 4.15e-02 +0.226  0.98 | 1.3e+00 4.7e+00 2.089e+00
#4719   907   1 | 1.13e+00 2.43e-01 +0.381  0.88 | 1.05e+00 2.40e-02 +0.171  0.99 | 1.3e+00 3.9e+00 2.233e+00
#4720  4621   1 | 1.17e+00 5.17e-02 -0.496  1.05 | 1.17e+00 1.28e-01 +0.223  0.96 | 1.1e+00 4.4e+00 2.756e+00
#4721  2469   1 | 1.18e+00 1.46e-01 -0.450  1.13 | 9.58e-01 2.18e-02 +0.043  1.00 | 1.5e+00 3.9e+00 2.481e+00
#4722  4410   1 | 1.14e+00 5.47e-02 -0.045  1.01 | 9.43e-01 7.30e-02 +0.254  0.97 | 1.1e+00 3.9e+00 2.174e+00
#4723  1326   1 | 1.31e+00 4.98e-02 -0.282  1.02 | 1.09e+00 1.48e-02 +0.152  1.00 | 1.3e+00 3.8e+00 2.937e+00
#4724  4756   1 | 1.08e+00 1.05e-01 -0.148  1.04 | 9.97e-01 1.38e-01 +0.151  0.98 | 1.2e+00 4.5e+00 2.188e+00
#4725  4965   1 | 9.99e-01 9.77e-02 +0.048  1.00 | 1.13e+00 6.21e-02 +0.306  0.97 | 1.2e+00 3.7e+00 2.245e+00
#4726  4647   1 | 1.09e+00 8.13e-02 +0.785  0.89 | 1.04e+00 1.44e-01 +0.279  0.94 | 1.2e+00 4.3e+00 2.078e+00
#4727  2318   1 | 1.30e+00 1.61e-01 +0.641  0.86 | 1.04e+00 4.87e-02 +0.158  0.99 | 1.2e+00 3.8e+00 2.519e+00
#4728  2059   1 | 1.11e+00 1.18e-01 +0.105  0.99 | 9.80e-01 5.45e-02 +0.091  0.99 | 1.4e+00 3.7e+00 2.172e+00
#4729   486   1 | 1.31e+00 8.06e-03 -0.011  1.00 | 1.01e+00 5.17e-02 +0.052  1.00 | 1.3e+00 4.2e+00 2.743e+00
#4730   770   1 | 1.14e+00 8.01e-02 -0.018  1.01 | 9.88e-01 5.10e-02 -0.057  1.01 | 1.3e+00 4.6e+00 2.298e+00
#4731   900   1 | 1.23e+00 1.65e-01 +0.776  0.81 | 9.89e-01 6.67e-02 +0.065  1.00 | 1.3e+00 4.2e+00 2.205e+00
#4732  4995   1 | 8.01e-01 1.38e-01 +0.402  0.89 | 9.42e-01 1.13e-01 +0.361  0.93 | 1.2e+00 3.6e+00 1.394e+00
#4733  1570   1 | 1.04e+00 2.59e-02 +0.231  0.99 | 8.36e-01 1.07e-01 +0.035  1.01 | 1.2e+00 4.0e+00 1.778e+00
#4734  4936   1 | 9.95e-01 1.73e-02 -0.179  1.01 | 8.61e-01 1.07e-01 +0.357  0.93 | 1.2e+00 4.0e+00 1.683e+00
#4735  1787   1 | 1.07e+00 1.67e-01 +0.024  1.02 | 9.70e-01 6.60e-02 -0.052  1.01 | 1.2e+00 3.3e+00 2.122e+00
#4736   321   1 | 6.58e-01 1.30e-02 -0.052  1.00 | 1.07e+00 8.54e-02 -0.053  1.01 | 1.2e+00 4.2e+00 1.595e+00
#4737  1132   1 | 5.53e-01 2.09e-01 +0.490  0.77 | 1.04e+00 6.43e-02 -0.084  1.01 | 1.3e+00 4.4e+00 1.338e+00
#4738  2371   1 | 1.10e+00 8.13e-02 +0.730  0.90 | 1.02e+00 7.78e-02 +0.074  0.99 | 1.3e+00 3.7e+00 2.123e+00
#4739  2331   1 | 1.12e+00 1.14e-01 -0.470  1.11 | 1.13e+00 6.09e-02 +0.025  1.00 | 1.4e+00 3.9e+00 2.662e+00
#4740  2709   1 | 1.28e+00 3.14e-02 -0.063  1.00 | 1.08e+00 1.05e-01 +0.190  0.97 | 1.5e+00 4.1e+00 2.787e+00
#4741  4749   1 | 8.07e-01 5.26e-02 -0.412  1.06 | 9.42e-01 2.12e-01 +0.271  0.93 | 1.2e+00 4.1e+00 1.514e+00
#4742  3858   1 | 1.32e+00 2.14e-02 -0.230  1.01 | 1.02e+00 1.15e-01 +0.161  0.98 | 1.3e+00 3.6e+00 2.774e+00
#4743  3762   1 | 1.11e+00 7.86e-02 +0.686  0.91 | 9.75e-01 8.15e-02 +0.159  0.98 | 1.4e+00 3.7e+00 2.040e+00
#4744  4039   1 | 1.09e+00 1.52e-01 -0.027  1.03 | 9.70e-01 1.77e-01 +0.122  0.99 | 1.2e+00 4.1e+00 2.143e+00
#4745  4505   1 | 9.71e-01 9.09e-02 -0.092  1.03 | 1.06e+00 1.29e-01 -0.037  1.02 | 1.2e+00 3.5e+00 2.126e+00
#4746    87   1 | 1.38e+00 1.27e-02 +0.229  1.00 | 1.03e+00 6.18e-02 +0.047  1.00 | 1.3e+00 3.8e+00 2.946e+00
#4747  3186   1 | 1.10e+00 1.73e-01 -0.114  1.06 | 1.08e+00 8.57e-02 +0.143  0.98 | 1.4e+00 4.2e+00 2.429e+00
#4748   743   1 | 1.04e+00 2.08e-02 -0.163  1.01 | 8.36e-01 9.53e-02 +0.126  0.98 | 1.3e+00 4.0e+00 1.780e+00
#4749  4391   1 | 6.99e-01 1.21e-01 +0.078  1.00 | 1.00e+00 1.70e-01 +0.216  0.96 | 1.2e+00 3.8e+00 1.450e+00
#4750  1959   1 | 4.95e-01 6.57e-03 -0.077  1.00 | 1.12e+00 6.18e-02 -0.019  1.01 | 1.4e+00 3.7e+00 1.500e+00
#4751  1948   1 | 9.76e-01 2.03e-01 +0.704  0.75 | 1.04e+00 1.41e-01 -0.052  1.03 | 1.4e+00 4.6e+00 1.837e+00
#4752   630   1 | 7.38e-01 3.30e-02 -0.294  1.03 | 9.49e-01 6.23e-02 -0.020  1.01 | 1.3e+00 3.8e+00 1.467e+00
#4753  4309   1 | 5.78e-01 7.53e-02 -0.227  1.08 | 1.05e+00 9.14e-02 +0.194  0.97 | 1.3e+00 3.8e+00 1.438e+00
#4754   606   1 | 1.11e+00 1.01e-01 -0.291  1.06 | 1.06e+00 7.10e-02 +0.038  1.00 | 1.3e+00 4.1e+00 2.422e+00
#4755  1456   1 | 5.47e-01 1.53e-01 +0.367  0.87 | 1.03e+00 1.00e-01 +0.188  0.97 | 1.3e+00 4.4e+00 1.291e+00
#4756  2874   1 | 7.82e-01 2.31e-01 +0.341  0.89 | 9.59e-01 7.86e-02 +0.168  0.98 | 1.4e+00 3.7e+00 1.441e+00
#4757  4125   1 | 6.21e-01 1.73e-01 +0.604  0.74 | 1.08e+00 1.13e-01 +0.070  1.00 | 1.2e+00 3.3e+00 1.456e+00
#4758  3436   1 | 1.05e+00 1.55e-02 -0.798  1.02 | 1.04e+00 8.54e-02 -0.049  1.01 | 1.4e+00 3.8e+00 2.230e+00
#4759  2872   1 | 1.20e+00 1.73e-01 -0.283  1.10 | 9.11e-01 1.01e-01 +0.111  0.99 | 1.4e+00 4.4e+00 2.394e+00
#4760  1776   1 | 1.18e+00 1.66e-01 -0.445  1.15 | 9.58e-01 7.71e-02 +0.018  1.00 | 1.3e+00 4.2e+00 2.512e+00
#4761  4834   1 | 1.01e+00 6.12e-02 +0.366  0.96 | 1.07e+00 1.69e-01 +0.371  0.91 | 1.3e+00 4.3e+00 2.033e+00
#4762  1210   1 | 9.70e-01 8.12e-02 +0.125  0.99 | 1.06e+00 7.42e-02 +0.016  1.00 | 1.3e+00 4.4e+00 2.049e+00
#4763    27   1 | 1.15e+00 7.19e-02 +0.031  1.00 | 9.43e-01 9.24e-02 +0.192  0.97 | 1.3e+00 3.9e+00 2.175e+00
#4764   610   1 | 1.31e+00 1.30e-01 +0.644  0.88 | 1.04e+00 6.68e-02 +0.025  1.00 | 1.3e+00 4.2e+00 2.584e+00
#4765  2473   1 | 1.30e+00 1.88e-02 +0.052  1.00 | 9.64e-01 6.68e-02 +0.043  1.00 | 1.5e+00 3.7e+00 2.606e+00
#4766  4310   1 | 1.34e+00 4.66e-02 -0.639  1.05 | 1.00e+00 1.39e-01 +0.171  0.97 | 1.2e+00 4.0e+00 2.847e+00
#4767  2057   1 | 1.30e+00 1.32e-01 +0.251  0.96 | 1.09e+00 9.38e-02 -0.062  1.02 | 1.4e+00 3.9e+00 2.850e+00
#4768  2388   1 | 1.00e+00 2.86e-02 -0.630  1.04 | 9.45e-01 6.46e-02 -0.075  1.01 | 1.3e+00 3.8e+00 1.948e+00
#4769  4663   1 | 1.05e+00 6.42e-02 +0.277  0.97 | 1.02e+00 1.47e-01 +0.168  0.97 | 1.2e+00 4.3e+00 2.084e+00
#4770  3908   1 | 4.54e-01 2.35e-03 -0.008  1.00 | 1.00e+00 1.03e-01 +0.249  0.96 | 1.2e+00 3.6e+00 1.169e+00
#4771   217   1 | 1.08e+00 1.38e-01 +0.392  0.92 | 9.93e-01 5.45e-02 +0.045  1.00 | 1.3e+00 3.7e+00 2.056e+00
#4772  3497   1 | 9.06e-01 1.16e-02 -0.553  1.01 | 9.15e-01 1.01e-01 +0.063  1.00 | 1.3e+00 4.0e+00 1.667e+00
#4773    54   1 | 1.30e+00 1.16e-01 +0.263  0.96 | 9.27e-01 9.09e-02 +0.097  0.99 | 1.3e+00 4.3e+00 2.466e+00
#4774  1592   1 | 1.32e+00 1.41e-01 +0.674  0.87 | 1.12e+00 7.66e-02 +0.035  1.00 | 1.3e+00 4.3e+00 2.770e+00
#4775  1143   1 | 8.26e-01 1.40e-01 +0.369  0.90 | 9.54e-01 4.47e-02 +0.172  0.99 | 1.3e+00 3.8e+00 1.513e+00
#4776   222   1 | 1.13e+00 5.66e-02 +0.380  0.96 | 1.05e+00 8.71e-02 +0.109  0.99 | 1.3e+00 4.4e+00 2.335e+00
#4777   988   1 | 1.11e+00 1.52e-01 +0.111  0.99 | 9.80e-01 3.29e-02 +0.281  0.98 | 1.3e+00 3.6e+00 2.169e+00
#4778    11   1 | 1.31e+00 7.49e-02 +0.145  0.99 | 1.01e+00 4.67e-02 +0.049  1.00 | 1.3e+00 3.6e+00 2.720e+00
#4779  1889   1 | 9.20e-01 2.09e-01 +0.805  0.69 | 9.51e-01 7.11e-02 -0.022  1.01 | 1.3e+00 4.1e+00 1.493e+00
#4780   577   1 | 1.11e+00 2.81e-01 +0.133  1.00 | 9.82e-01 7.46e-02 +0.049  1.00 | 1.4e+00 4.1e+00 2.189e+00
#4781  2252   1 | 9.71e-01 1.55e-01 +0.242  0.95 | 1.02e+00 4.60e-02 -0.036  1.01 | 1.4e+00 4.1e+00 1.935e+00
#4782  2034   1 | 1.22e+00 1.53e-01 +0.353  0.93 | 1.10e+00 7.17e-02 +0.079  0.99 | 1.4e+00 4.2e+00 2.599e+00
#4783  4592   1 | 1.15e+00 3.24e-03 +0.404  1.00 | 9.88e-01 1.63e-01 +0.101  0.99 | 1.3e+00 4.2e+00 2.285e+00
#4784  1811   1 | 1.23e+00 2.19e-01 +0.780  0.75 | 9.89e-01 5.31e-02 +0.160  0.99 | 1.4e+00 3.6e+00 2.106e+00
#4785   634   1 | 1.02e+00 1.25e-01 -0.053  1.03 | 1.13e+00 4.82e-02 -0.044  1.01 | 1.4e+00 3.9e+00 2.354e+00
#4786  2789   1 | 1.02e+00 1.70e-02 +0.172  0.99 | 9.92e-01 3.94e-02 +0.111  0.99 | 1.5e+00 3.7e+00 2.014e+00
#4787  1717   1 | 9.58e-01 1.61e-01 +0.531  0.85 | 1.07e+00 3.77e-02 +0.022  1.00 | 1.5e+00 3.8e+00 1.935e+00
#4788  4954   1 | 6.09e-01 3.95e-02 +0.105  0.99 | 1.03e+00 1.03e-01 +0.356  0.94 | 1.4e+00 3.5e+00 1.361e+00
#4789   846   1 | 1.12e+00 1.23e-01 -0.023  1.02 | 1.01e+00 4.49e-02 -0.053  1.01 | 1.5e+00 4.2e+00 2.301e+00
#4790  4681   1 | 1.40e+00 2.22e-01 +0.587  0.84 | 1.01e+00 8.05e-02 +0.222  0.97 | 1.4e+00 3.7e+00 2.637e+00
#4791  3522   1 | 5.23e-01 1.73e-01 -0.141  1.20 | 9.97e-01 5.38e-02 +0.249  0.98 | 1.6e+00 4.0e+00 1.299e+00
#4792  2122   1 | 1.08e+00 1.48e-02 +0.137  1.00 | 9.97e-01 7.27e-02 +0.171  0.98 | 1.6e+00 4.4e+00 2.127e+00
#4793  3701   1 | 1.07e+00 1.85e-01 +0.537  0.84 | 9.68e-01 8.92e-02 +0.150  0.98 | 1.5e+00 4.0e+00 1.888e+00
#4794  1778   1 | 1.65e+00 4.80e-02 +0.152  0.99 | 9.65e-01 6.22e-02 -0.101  1.02 | 1.6e+00 3.9e+00 3.663e+00
#4795  1488   1 | 4.70e-01 5.15e-03 +0.065  1.00 | 9.87e-01 9.52e-02 +0.112  0.99 | 1.5e+00 4.2e+00 1.184e+00
#4796   415   1 | 9.98e-01 5.15e-02 +0.150  0.99 | 8.61e-01 6.60e-02 +0.008  1.00 | 1.5e+00 3.7e+00 1.728e+00
#4797  4726   1 | 6.89e-01 8.54e-02 +0.546  0.88 | 1.09e+00 1.01e-01 +0.007  1.01 | 1.4e+00 3.4e+00 1.609e+00
#4798  4294   1 | 9.07e-01 1.34e-02 +0.040  1.00 | 9.18e-01 1.19e-01 +0.050  1.00 | 1.5e+00 4.1e+00 1.667e+00
#4799  2995   1 | 1.19e+00 1.21e-01 +0.522  0.90 | 1.05e+00 4.39e-02 +0.013  1.00 | 1.7e+00 3.7e+00 2.391e+00
#4800  4333   1 | 7.27e-01 1.49e-01 -0.252  1.15 | 9.46e-01 1.47e-01 -0.001  1.02 | 1.5e+00 4.4e+00 1.523e+00
#4801  3539   1 | 8.77e-01 2.42e-01 +0.258  0.93 | 9.10e-01 6.18e-02 +0.029  1.00 | 1.8e+00 3.8e+00 1.547e+00
#4802  3897   1 | 1.11e+00 1.74e-01 -0.119  1.06 | 9.37e-01 7.09e-02 +0.229  0.97 | 1.7e+00 3.9e+00 2.165e+00
#4803   302   1 | 9.60e-01 3.13e-03 +0.262  1.00 | 9.60e-01 6.15e-02 -0.158  1.02 | 1.6e+00 4.2e+00 1.865e+00
#4804  2875   1 | 1.03e+00 1.03e-01 +0.803  0.85 | 1.08e+00 4.38e-02 -0.024  1.00 | 1.8e+00 3.9e+00 2.086e+00
#4805   266   1 | 1.07e+00 1.02e-02 +0.380  0.99 | 1.03e+00 6.10e-02 +0.087  0.99 | 1.6e+00 3.7e+00 2.188e+00
#4806   960   1 | 9.65e-01 2.26e-01 +0.030  1.04 | 1.03e+00 3.16e-02 -0.037  1.00 | 1.7e+00 3.3e+00 2.037e+00
#4807  2492   1 | 1.17e+00 3.51e-01 +0.493  0.79 | 1.17e+00 4.30e-02 +0.071  1.00 | 1.9e+00 4.0e+00 2.445e+00
#4808  2836   1 | 5.74e-01 3.08e-02 +0.199  0.98 | 9.77e-01 3.52e-02 +0.105  0.99 | 1.9e+00 3.9e+00 1.273e+00
#4809  1386   1 | 8.22e-01 2.41e-01 +0.719  0.66 | 1.01e+00 4.26e-02 +0.002  1.00 | 1.6e+00 3.9e+00 1.477e+00
#4810  2656   1 | 8.32e-01 1.14e-01 -0.409  1.13 | 9.42e-01 2.50e-02 +0.160  0.99 | 1.9e+00 3.7e+00 1.663e+00
#4811  3816   1 | 1.67e+00 8.05e-02 -0.173  1.02 | 9.65e-01 5.32e-02 +0.079  0.99 | 1.9e+00 4.1e+00 3.764e+00
#4812   388   1 | 1.08e+00 2.66e-01 -0.157  1.14 | 9.97e-01 3.82e-02 +0.057  1.00 | 1.7e+00 4.1e+00 2.313e+00
#4813  4320   1 | 4.69e-01 1.13e-01 -0.099  1.11 | 9.87e-01 7.26e-02 +0.189  0.98 | 1.6e+00 3.7e+00 1.196e+00
#4814  3490   1 | 9.55e-01 4.58e-02 -0.062  1.01 | 1.03e+00 5.13e-02 +0.191  0.98 | 1.8e+00 4.0e+00 1.967e+00
#4815  1376   1 | 1.29e+00 2.97e-02 -0.025  1.00 | 9.64e-01 4.95e-02 +0.008  1.00 | 1.7e+00 3.9e+00 2.610e+00
#4816  2566   1 | 1.10e+00 2.62e-01 +0.725  0.71 | 1.02e+00 4.01e-02 +0.205  0.99 | 2.1e+00 4.4e+00 1.884e+00
#4817   930   1 | 7.01e-01 1.37e-02 -0.017  1.00 | 1.00e+00 3.71e-02 -0.005  1.00 | 1.7e+00 4.1e+00 1.498e+00
#4818  4379   1 | 1.09e+00 3.67e-01 +0.534  0.75 | 9.68e-01 9.15e-02 +0.176  0.98 | 1.6e+00 4.0e+00 1.804e+00
#4819   407   1 | 1.31e+00 1.90e-01 +0.159  0.97 | 1.01e+00 5.47e-02 +0.074  0.99 | 1.7e+00 4.3e+00 2.697e+00
#4820  4526   1 | 9.18e-01 1.75e-01 +0.798  0.73 | 9.51e-01 1.00e-01 +0.112  0.99 | 1.6e+00 3.9e+00 1.510e+00
#4821  4972   1 | 1.23e+00 2.72e-01 -0.291  1.18 | 9.11e-01 1.28e-01 +0.222  0.96 | 1.6e+00 4.5e+00 2.588e+00
#4822  2481   1 | 5.52e-01 9.11e-02 +0.382  0.90 | 1.03e+00 5.03e-02 +0.149  0.99 | 2.0e+00 3.9e+00 1.321e+00
#4823  2803   1 | 1.28e+00 9.85e-02 -0.008  1.01 | 1.08e+00 4.91e-02 +0.156  0.99 | 2.0e+00 4.6e+00 2.808e+00
#4824  1166   1 | 1.31e+00 1.41e-01 +0.257  0.96 | 1.09e+00 6.29e-02 -0.166  1.02 | 1.7e+00 4.0e+00 2.855e+00
#4825   454   1 | 7.28e-01 2.17e-01 +0.246  0.94 | 9.46e-01 5.82e-02 -0.049  1.01 | 1.8e+00 4.3e+00 1.403e+00
#4826   580   1 | 6.23e-01 3.20e-01 +0.125  1.13 | 1.03e+00 5.00e-02 +0.023  1.00 | 1.8e+00 4.2e+00 1.499e+00
#4827  1707   1 | 8.54e-01 3.61e-01 +0.248  0.97 | 9.10e-01 4.82e-02 +0.003  1.00 | 1.7e+00 3.7e+00 1.537e+00
#4828  4270   1 | 1.30e+00 1.16e-01 -0.645  1.12 | 1.04e+00 8.12e-02 +0.152  0.98 | 1.6e+00 3.9e+00 2.960e+00
#4829  3627   1 | 1.32e+00 6.73e-02 +0.673  0.93 | 1.00e+00 6.96e-02 +0.120  0.99 | 1.9e+00 4.0e+00 2.630e+00
#4830  2760   1 | 9.81e-01 7.69e-02 +0.716  0.89 | 1.04e+00 5.86e-02 +0.048  1.00 | 2.0e+00 4.0e+00 1.944e+00
#4831  1642   1 | 1.29e+00 1.24e-01 +0.261  0.96 | 9.27e-01 8.27e-02 +0.092  0.99 | 1.6e+00 4.2e+00 2.460e+00
#4832  3956   1 | 1.04e+00 3.40e-02 -0.533  1.04 | 1.03e+00 1.11e-01 +0.086  0.99 | 1.7e+00 4.4e+00 2.184e+00
#4833  1513   1 | 1.40e+00 9.36e-02 +0.600  0.92 | 1.01e+00 1.01e-01 +0.009  1.01 | 1.6e+00 4.3e+00 2.851e+00
#4834  3708   1 | 9.83e-01 1.30e-01 +0.377  0.92 | 1.07e+00 8.59e-02 +0.099  0.99 | 2.0e+00 4.1e+00 2.031e+00
#4835  2119   1 | 1.07e+00 1.53e-01 -0.027  1.03 | 9.70e-01 5.88e-02 -0.154  1.02 | 1.9e+00 3.8e+00 2.147e+00
#4836  3269   1 | 1.01e+00 2.92e-02 -0.691  1.04 | 9.45e-01 4.10e-02 +0.019  1.00 | 1.9e+00 3.8e+00 1.960e+00
#4837   552   1 | 1.08e+00 3.53e-01 +0.395  0.85 | 9.93e-01 4.25e-02 +0.084  0.99 | 1.7e+00 4.0e+00 1.973e+00
#4838  2632   1 | 1.11e+00 4.78e-02 +0.281  0.98 | 1.06e+00 4.55e-02 +0.085  0.99 | 2.0e+00 4.5e+00 2.321e+00
#4839   885   1 | 5.96e-01 5.24e-01 +0.584  0.75 | 1.08e+00 6.23e-02 -0.150  1.02 | 1.7e+00 4.2e+00 1.464e+00
#4840   946   1 | 1.04e+00 2.31e-02 +0.272  0.99 | 1.02e+00 4.01e-02 +0.079  1.00 | 1.8e+00 3.9e+00 2.110e+00
#4841  3658   1 | 9.78e-01 4.97e-02 -0.494  1.05 | 9.60e-01 6.85e-02 +0.200  0.98 | 1.8e+00 4.2e+00 1.908e+00
#4842  1404   1 | 1.09e+00 2.52e-01 -0.113  1.11 | 9.37e-01 5.09e-02 +0.089  0.99 | 1.7e+00 3.9e+00 2.182e+00
#4843  4687   1 | 1.14e+00 4.06e-01 +0.482  0.78 | 1.13e+00 1.16e-01 +0.320  0.95 | 1.6e+00 4.1e+00 2.223e+00
#4844  2548   1 | 4.96e-01 2.15e-01 -0.042  1.22 | 1.12e+00 4.49e-02 -0.022  1.00 | 2.0e+00 4.2e+00 1.553e+00
#4845  1654   1 | 5.69e-01 2.69e-02 +0.189  0.98 | 9.77e-01 4.55e-02 -0.048  1.01 | 1.6e+00 3.7e+00 1.281e+00
#4846  4763   1 | 9.71e-01 3.98e-02 -0.239  1.02 | 1.02e+00 9.72e-02 +0.246  0.96 | 1.6e+00 3.8e+00 1.959e+00
#4847  2842   1 | 9.09e-01 1.62e-03 +0.097  1.00 | 9.18e-01 5.84e-02 +0.168  0.98 | 2.0e+00 3.9e+00 1.653e+00
#4848  4209   1 | 1.10e+00 3.49e-01 +0.103  1.04 | 9.80e-01 1.25e-01 +0.317  0.94 | 1.6e+00 4.7e+00 2.142e+00
#4849   331   1 | 9.98e-01 1.38e-01 +0.133  0.98 | 8.61e-01 7.99e-02 +0.047  1.00 | 1.6e+00 4.2e+00 1.720e+00
#4850  3818   1 | 1.10e+00 2.07e-01 +0.683  0.78 | 9.75e-01 1.02e-01 +0.263  0.96 | 1.9e+00 3.9e+00 1.858e+00
#4851  1391   1 | 1.32e+00 1.02e-01 -0.162  1.03 | 1.02e+00 6.33e-02 +0.062  1.00 | 1.6e+00 3.7e+00 2.825e+00
#4852   900   1 | 6.58e-01 9.70e-03 -0.086  1.00 | 1.07e+00 6.39e-02 -0.032  1.01 | 1.8e+00 4.0e+00 1.587e+00
#4853  2865   1 | 1.17e+00 1.56e-01 +0.494  0.89 | 1.17e+00 1.14e-01 +0.100  0.99 | 1.7e+00 4.0e+00 2.561e+00
#4854   726   1 | 8.21e-01 2.40e-01 +0.719  0.67 | 1.01e+00 7.11e-02 +0.122  0.99 | 1.6e+00 4.3e+00 1.463e+00
#4855  4353   1 | 9.81e-01 4.23e-01 +0.119  1.08 | 1.06e+00 1.56e-01 +0.249  0.95 | 1.6e+00 3.9e+00 2.104e+00
#4856  3953   1 | 7.54e-01 7.74e-02 -0.323  1.08 | 9.49e-01 1.76e-01 +0.022  1.03 | 1.7e+00 4.3e+00 1.537e+00
#4857  3525   1 | 1.02e+00 2.09e-02 +0.182  0.99 | 9.92e-01 1.17e-01 +0.146  0.98 | 1.8e+00 3.9e+00 1.990e+00
#4858  1701   1 | 7.06e-01 2.52e-02 -0.487  1.04 | 1.09e+00 1.06e-01 -0.038  1.02 | 1.6e+00 4.2e+00 1.720e+00
#4859  2850   1 | 5.17e-01 1.67e-01 +0.133  1.02 | 9.97e-01 1.43e-01 +0.208  0.96 | 1.7e+00 3.9e+00 1.227e+00
#4860   108   1 | 9.57e-01 6.75e-02 -0.517  1.08 | 1.07e+00 1.15e-01 +0.147  0.98 | 1.6e+00 4.1e+00 2.119e+00
#4861  2406   1 | 1.10e+00 1.13e-01 +0.132  0.98 | 9.82e-01 1.17e-01 +0.068  1.00 | 1.7e+00 4.0e+00 2.154e+00
#4862   830   1 | 1.14e+00 1.43e-01 +0.032  1.01 | 9.88e-01 1.10e-01 +0.016  1.01 | 1.6e+00 4.2e+00 2.298e+00
#4863   315   1 | 8.89e-01 1.03e-01 +0.393  0.92 | 9.15e-01 1.40e-01 +0.094  0.99 | 1.5e+00 4.3e+00 1.561e+00
#4864   131   1 | 1.18e+00 4.20e-01 -0.453  1.45 | 9.58e-01 1.41e-01 -0.006  1.02 | 1.5e+00 5.0e+00 2.955e+00
#4865  4039   1 | 1.14e+00 5.45e-02 +0.017  1.00 | 9.43e-01 1.83e-01 +0.320  0.91 | 1.4e+00 3.7e+00 2.110e+00
#4866   666   1 | 1.08e+00 1.57e-01 +0.783  0.79 | 1.04e+00 1.79e-01 -0.119  1.07 | 1.5e+00 4.7e+00 2.088e+00
#4867  3857   1 | 5.80e-01 1.41e-01 -0.536  1.32 | 1.04e+00 1.52e-01 +0.065  1.00 | 1.7e+00 3.9e+00 1.532e+00
#4868  2068   1 | 1.12e+00 1.17e-01 -0.022  1.02 | 1.01e+00 1.20e-01 +0.092  0.99 | 1.8e+00 4.2e+00 2.285e+00
#4869  1519   1 | 1.20e+00 1.47e-01 -0.528  1.14 | 1.05e+00 7.37e-02 +0.039  1.00 | 1.5e+00 3.9e+00 2.768e+00
#4870  1607   1 | 1.13e+00 1.10e-01 +0.378  0.94 | 1.05e+00 1.32e-01 +0.149  0.98 | 1.4e+00 4.3e+00 2.281e+00
#4871   375   1 | 1.10e+00 4.49e-02 -0.111  1.01 | 1.08e+00 7.24e-02 +0.058  1.00 | 1.4e+00 3.9e+00 2.382e+00
#4872  3579   1 | 5.93e-01 1.21e-01 -0.238  1.14 | 1.05e+00 1.13e-01 +0.025  1.01 | 1.7e+00 3.8e+00 1.514e+00
#4873  1038   1 | 7.71e-01 1.95e-01 -0.343  1.24 | 9.59e-01 6.22e-02 -0.074  1.01 | 1.5e+00 4.8e+00 1.668e+00
#4874  3332   1 | 1.30e+00 2.89e-01 +0.663  0.75 | 1.12e+00 1.52e-01 +0.062  1.00 | 1.6e+00 4.3e+00 2.538e+00
#4875  4163   1 | 1.01e+00 2.46e-02 +0.807  0.96 | 1.08e+00 1.51e-01 +0.165  0.97 | 1.3e+00 4.2e+00 2.129e+00
#4876  1276   1 | 1.23e+00 5.80e-02 +0.790  0.93 | 9.89e-01 7.49e-02 +0.292  0.96 | 1.4e+00 4.2e+00 2.350e+00
#4877  4960   1 | 1.36e+00 2.04e-02 -0.154  1.00 | 1.03e+00 1.22e-01 +0.149  0.98 | 1.3e+00 4.0e+00 2.906e+00
#4878  1279   1 | 8.26e-01 5.43e-02 -0.375  1.05 | 9.54e-01 7.70e-02 +0.050  1.00 | 1.4e+00 3.9e+00 1.627e+00
#4879  4972   1 | 4.40e-01 1.29e-02 +0.115  0.99 | 1.00e+00 1.35e-01 +0.291  0.94 | 1.3e+00 4.0e+00 1.135e+00
#4880  2121   1 | 1.02e+00 9.34e-02 -0.060  1.02 | 1.13e+00 1.06e-01 +0.135  0.98 | 1.6e+00 4.0e+00 2.322e+00
#4881  4702   1 | 9.70e-01 6.49e-03 +0.100  1.00 | 1.06e+00 9.00e-02 +0.187  0.98 | 1.3e+00 3.5e+00 2.043e+00
#4882  1276   1 | 1.22e+00 7.22e-02 -0.370  1.05 | 1.10e+00 8.11e-02 +0.070  1.00 | 1.4e+00 4.1e+00 2.779e+00
#4883   803   1 | 1.04e+00 1.37e-01 +0.212  0.96 | 8.36e-01 5.33e-02 +0.111  0.99 | 1.4e+00 4.3e+00 1.734e+00
#4884  1574   1 | 1.08e+00 1.20e-01 -0.149  1.05 | 9.97e-01 8.49e-02 +0.162  0.98 | 1.4e+00 3.9e+00 2.185e+00
#4885  3423   1 | 1.29e+00 1.95e-02 +0.650  0.98 | 1.04e+00 7.64e-02 +0.108  0.99 | 1.5e+00 3.2e+00 2.706e+00
#4886   400   1 | 1.30e+00 2.00e-01 +0.261  0.94 | 9.27e-01 8.37e-02 +0.095  0.99 | 1.4e+00 4.1e+00 2.436e+00
#4887   507   1 | 1.08e+00 1.25e-01 +0.390  0.92 | 9.93e-01 4.76e-02 +0.004  1.00 | 1.4e+00 4.1e+00 2.067e+00
#4888  1749   1 | 9.76e-01 1.09e-01 +0.698  0.86 | 1.04e+00 6.31e-02 -0.013  1.01 | 1.5e+00 3.8e+00 1.908e+00
#4889  2199   1 | 1.11e+00 4.27e-02 +0.113  0.99 | 9.80e-01 9.51e-02 +0.206  0.97 | 1.5e+00 3.9e+00 2.153e+00
#4890  1389   1 | 1.11e+00 1.10e-01 -0.135  1.04 | 9.82e-01 9.31e-02 -0.066  1.02 | 1.4e+00 4.2e+00 2.257e+00
#4891   786   1 | 8.53e-01 9.20e-02 +0.241  0.96 | 9.10e-01 6.36e-02 +0.004  1.00 | 1.4e+00 4.0e+00 1.529e+00
#4892  3607   1 | 1.02e+00 1.50e-01 -0.275  1.10 | 1.02e+00 1.03e-01 +0.097  0.99 | 1.6e+00 3.8e+00 2.185e+00
#4893  3856   1 | 1.13e+00 6.21e-02 +0.035  1.00 | 9.88e-01 1.14e-01 +0.074  1.00 | 1.5e+00 4.1e+00 2.242e+00
#4894  3136   1 | 1.08e+00 1.78e-01 +0.530  0.85 | 9.68e-01 1.15e-01 -0.005  1.02 | 1.7e+00 4.2e+00 1.939e+00
#4895  2429   1 | 1.34e+00 1.78e-01 +0.684  0.84 | 1.00e+00 7.85e-02 -0.003  1.01 | 1.6e+00 3.9e+00 2.515e+00
#4896  2098   1 | 1.14e+00 9.18e-03 -0.605  1.01 | 9.75e-01 6.46e-02 -0.036  1.01 | 1.6e+00 3.5e+00 2.269e+00
#4897    33   1 | 1.04e+00 1.38e-01 +0.217  0.96 | 8.36e-01 8.91e-02 +0.050  1.00 | 1.5e+00 4.3e+00 1.741e+00
#4898   971   1 | 8.89e-01 5.67e-02 +0.396  0.95 | 9.15e-01 3.48e-02 -0.005  1.00 | 1.4e+00 3.7e+00 1.592e+00
#4899  2686   1 | 8.32e-01 9.19e-02 -0.409  1.10 | 9.42e-01 8.21e-02 +0.129  0.99 | 1.7e+00 4.0e+00 1.637e+00
#4900  2812   1 | 5.84e-01 4.94e-03 -0.011  1.00 | 1.05e+00 6.37e-02 +0.041  1.00 | 1.7e+00 3.9e+00 1.447e+00
#4901  2233   1 | 1.02e+00 2.02e-02 +0.049  1.00 | 1.13e+00 4.80e-02 +0.082  0.99 | 1.4e+00 3.8e+00 2.316e+00
#4902   647   1 | 7.04e-01 2.19e-01 +0.556  0.75 | 1.09e+00 3.35e-02 +0.005  1.00 | 1.4e+00 4.0e+00 1.557e+00
#4903   456   1 | 5.69e-01 1.74e-02 +0.192  0.99 | 9.77e-01 3.21e-02 -0.130  1.01 | 1.6e+00 4.0e+00 1.284e+00
#4904  1089   1 | 1.07e+00 1.74e-01 -0.031  1.04 | 9.70e-01 1.94e-02 -0.079  1.00 | 1.5e+00 3.6e+00 2.134e+00
#4905  1872   1 | 1.11e+00 1.03e-01 +0.723  0.87 | 1.02e+00 3.28e-02 +0.136  0.99 | 1.6e+00 3.8e+00 2.096e+00
#4906  4986   1 | 1.22e+00 2.00e-01 +0.357  0.91 | 1.10e+00 9.13e-02 +0.314  0.95 | 1.4e+00 4.1e+00 2.509e+00
#4907  3575   1 | 1.10e+00 5.55e-02 +0.375  0.96 | 1.05e+00 4.62e-02 +0.248  0.98 | 1.7e+00 3.8e+00 2.256e+00
#4908  2859   1 | 9.09e-01 2.11e-01 -0.116  1.11 | 9.18e-01 3.45e-02 +0.050  1.00 | 1.8e+00 4.2e+00 1.756e+00
#4909  2108   1 | 1.00e+00 1.70e-01 +0.368  0.90 | 1.07e+00 4.93e-02 +0.122  0.99 | 1.6e+00 3.8e+00 2.048e+00
#4910   484   1 | 4.46e-01 1.42e-02 -0.168  1.01 | 1.00e+00 2.86e-02 -0.096  1.01 | 1.7e+00 3.9e+00 1.211e+00
#4911  1189   1 | 1.21e+00 7.28e-03 -0.297  1.00 | 9.11e-01 2.98e-02 +0.121  0.99 | 1.5e+00 3.7e+00 2.288e+00
#4912    10   1 | 9.22e-01 6.71e-03 +0.819  0.99 | 9.51e-01 3.24e-02 -0.040  1.00 | 1.6e+00 4.1e+00 1.748e+00
#4913  4500   1 | 7.25e-01 1.50e-01 -0.232  1.14 | 9.46e-01 8.37e-02 +0.006  1.01 | 1.4e+00 3.7e+00 1.500e+00
#4914  1617   1 | 1.40e+00 1.46e-01 -0.591  1.13 | 1.01e+00 5.56e-02 +0.016  1.00 | 1.4e+00 4.6e+00 3.256e+00
#4915  4539   1 | 4.93e-01 1.30e-01 -0.045  1.09 | 1.12e+00 1.53e-01 +0.335  0.93 | 1.3e+00 3.9e+00 1.422e+00
#4916  1219   1 | 7.01e-01 5.66e-02 -0.101  1.02 | 1.00e+00 3.69e-02 -0.124  1.01 | 1.6e+00 4.3e+00 1.518e+00
#4917   214   1 | 1.12e+00 1.85e-02 -0.035  1.00 | 1.01e+00 4.54e-02 -0.114  1.01 | 1.6e+00 3.9e+00 2.287e+00
#4918  1922   1 | 9.63e-01 3.87e-01 -0.081  1.23 | 1.06e+00 5.59e-02 +0.234  0.98 | 1.7e+00 4.1e+00 2.244e+00
#4919   495   1 | 9.98e-01 6.95e-02 +0.150  0.98 | 8.61e-01 4.44e-02 +0.016  1.00 | 1.5e+00 3.7e+00 1.722e+00
#4920  2884   1 | 8.31e-01 1.93e-01 +0.717  0.72 | 1.01e+00 9.96e-02 +0.096  0.99 | 1.7e+00 4.4e+00 1.514e+00
#4921  2627   1 | 1.11e+00 3.24e-01 +0.285  0.92 | 1.06e+00 6.60e-02 +0.078  0.99 | 1.8e+00 4.1e+00 2.248e+00
#4922  4786   1 | 5.38e-01 9.88e-02 +0.484  0.86 | 1.04e+00 1.78e-01 +0.192  0.96 | 1.3e+00 4.1e+00 1.294e+00
#4923  2943   1 | 5.18e-01 4.87e-03 -0.202  1.00 | 9.97e-01 8.18e-02 +0.086  0.99 | 1.6e+00 4.2e+00 1.255e+00
#4924  4267   1 | 1.19e+00 4.43e-02 -0.417  1.03 | 9.58e-01 1.61e-01 -0.034  1.04 | 1.4e+00 4.1e+00 2.409e+00
#4925  4882   1 | 1.08e+00 1.99e-02 +0.568  0.98 | 1.03e+00 1.50e-01 +0.209  0.96 | 1.4e+00 3.9e+00 2.164e+00
#4926  2863   1 | 7.81e-01 1.12e-02 -0.382  1.01 | 9.59e-01 9.34e-02 +0.153  0.98 | 1.5e+00 4.4e+00 1.518e+00
#4927  3242   1 | 1.18e+00 1.76e-02 +0.521  0.98 | 1.05e+00 6.08e-02 -0.003  1.00 | 1.5e+00 3.5e+00 2.494e+00
#4928   209   1 | 1.09e+00 8.19e-04 +0.005  1.00 | 9.37e-01 8.67e-02 +0.015  1.01 | 1.4e+00 4.0e+00 2.066e+00
#4929   701   1 | 9.69e-01 1.26e-03 -0.282  1.00 | 1.06e+00 6.12e-02 -0.082  1.01 | 1.4e+00 4.1e+00 2.074e+00
#4930  1519   1 | 1.23e+00 1.17e-01 +0.776  0.86 | 9.89e-01 6.41e-02 +0.238  0.97 | 1.3e+00 3.8e+00 2.260e+00
#4931   309   1 | 1.31e+00 1.45e-01 +0.162  0.98 | 1.01e+00 8.58e-02 +0.149  0.98 | 1.4e+00 4.1e+00 2.686e+00
#4932  3632   1 | 6.48e-01 8.56e-03 -0.183  1.01 | 1.03e+00 9.42e-02 +0.170  0.98 | 1.7e+00 4.0e+00 1.456e+00
#4933   619   1 | 9.57e-01 2.17e-02 -0.471  1.02 | 1.07e+00 7.02e-02 +0.042  1.00 | 1.5e+00 3.8e+00 2.089e+00
#4934    52   1 | 9.66e-01 9.40e-02 +0.027  1.00 | 1.03e+00 8.64e-02 -0.169  1.04 | 1.4e+00 3.9e+00 2.039e+00
#4935  4268   1 | 6.58e-01 2.36e-03 +0.257  1.00 | 1.07e+00 1.50e-01 +0.144  0.98 | 1.4e+00 4.0e+00 1.552e+00
#4936   613   1 | 9.60e-01 1.31e-01 +0.488  0.89 | 9.60e-01 5.01e-02 +0.049  1.00 | 1.4e+00 3.5e+00 1.736e+00
#4937   709   1 | 9.71e-01 1.32e-01 +0.238  0.95 | 1.02e+00 6.83e-02 +0.036  1.00 | 1.4e+00 4.1e+00 1.936e+00
#4938  1224   1 | 1.17e+00 5.06e-02 +0.493  0.96 | 1.17e+00 5.60e-02 -0.015  1.00 | 1.5e+00 3.4e+00 2.684e+00
#4939  4699   1 | 1.03e+00 4.73e-02 +0.156  0.99 | 9.92e-01 1.26e-01 +0.252  0.95 | 1.4e+00 4.1e+00 1.983e+00
#4940   643   1 | 1.15e+00 1.17e-01 +0.018  1.01 | 9.43e-01 3.04e-02 +0.155  0.99 | 1.4e+00 4.4e+00 2.203e+00
#4941  3690   1 | 1.29e+00 4.94e-02 -0.270  1.02 | 1.09e+00 1.04e-01 +0.013  1.01 | 1.7e+00 4.4e+00 2.902e+00
#4942  4291   1 | 5.49e-01 1.10e-01 +0.380  0.89 | 1.03e+00 1.20e-01 +0.064  1.00 | 1.4e+00 4.0e+00 1.325e+00
#4943   259   1 | 9.98e-01 4.01e-01 +0.666  0.63 | 9.45e-01 5.67e-02 -0.172  1.02 | 1.4e+00 4.1e+00 1.540e+00
#4944  4299   1 | 1.33e+00 8.90e-02 +0.156  0.98 | 1.02e+00 1.44e-01 +0.276  0.94 | 1.5e+00 4.1e+00 2.708e+00
#4945  1190   1 | 8.26e-01 1.38e-01 +0.374  0.90 | 9.54e-01 4.54e-02 +0.077  0.99 | 1.5e+00 4.6e+00 1.521e+00
#4946  4531   1 | 1.08e+00 2.22e-02 -0.764  1.03 | 1.04e+00 1.40e-01 +0.129  0.98 | 1.4e+00 3.9e+00 2.268e+00
#4947  2357   1 | 1.38e+00 4.57e-03 -0.314  1.00 | 1.03e+00 4.81e-02 -0.023  1.00 | 1.6e+00 4.1e+00 2.973e+00
#4948  2102   1 | 1.66e+00 8.94e-02 +0.169  0.98 | 9.65e-01 5.46e-02 -0.000  1.00 | 1.7e+00 4.1e+00 3.632e+00
#4949  4628   1 | 1.13e+00 5.54e-02 +0.458  0.96 | 1.13e+00 1.26e-01 +0.250  0.96 | 1.5e+00 4.0e+00 2.454e+00
#4950  4753   1 | 5.75e-01 1.78e-01 +0.569  0.74 | 1.08e+00 1.21e-01 +0.200  0.97 | 1.4e+00 4.0e+00 1.383e+00
#4951  2600   1 | 4.72e-01 1.70e-01 -0.108  1.21 | 9.87e-01 3.87e-02 -0.109  1.01 | 1.8e+00 4.0e+00 1.253e+00
#4952  1435   1 | 1.32e+00 2.19e-01 +0.672  0.80 | 1.12e+00 2.76e-02 +0.045  1.00 | 1.4e+00 4.0e+00 2.660e+00
#4953  3711   1 | 1.30e+00 1.74e-01 +0.018  1.01 | 9.64e-01 5.15e-02 +0.051  1.00 | 1.8e+00 4.5e+00 2.645e+00
#4954   239   1 | 7.38e-01 7.57e-02 +0.297  0.95 | 9.49e-01 2.79e-02 -0.015  1.00 | 1.5e+00 3.9e+00 1.419e+00
#4955  1958   1 | 1.10e+00 2.89e-01 -0.124  1.14 | 1.08e+00 3.58e-02 +0.157  0.99 | 1.8e+00 3.8e+00 2.523e+00
#4956  1339   1 | 1.05e+00 3.68e-01 +0.804  0.56 | 1.08e+00 4.75e-02 -0.160  1.02 | 1.6e+00 4.7e+00 1.807e+00
#4957  1753   1 | 1.29e+00 6.76e-02 +0.002  1.00 | 1.08e+00 3.54e-02 +0.012  1.00 | 1.6e+00 4.2e+00 2.835e+00
#4958   463   1 | 1.04e+00 1.73e-01 +0.277  0.94 | 1.02e+00 2.57e-02 +0.115  0.99 | 1.5e+00 3.8e+00 2.053e+00
#4959  4692   1 | 1.06e+00 6.20e-02 -0.808  1.10 | 1.08e+00 8.87e-02 +0.250  0.97 | 1.5e+00 3.6e+00 2.376e+00
#4960  1521   1 | 1.12e+00 2.23e-01 -0.482  1.23 | 1.13e+00 2.27e-02 +0.218  0.99 | 1.5e+00 3.9e+00 2.820e+00
#4961   140   1 | 8.24e-01 1.51e-02 +0.413  0.99 | 9.42e-01 3.13e-02 +0.117  0.99 | 1.5e+00 3.8e+00 1.550e+00
#4962  2473   1 | 1.12e+00 6.48e-02 +0.021  1.00 | 1.01e+00 4.86e-02 +0.036  1.00 | 1.9e+00 4.2e+00 2.276e+00
#4963  3088   1 | 1.11e+00 5.68e-02 +0.294  0.97 | 1.06e+00 3.52e-02 +0.154  0.99 | 1.9e+00 3.9e+00 2.317e+00
#4964  4084   1 | 4.95e-01 1.03e-01 +0.036  1.03 | 1.12e+00 1.11e-01 +0.316  0.95 | 1.7e+00 3.7e+00 1.434e+00
#4965  1009   1 | 1.32e+00 2.51e-01 +0.155  0.98 | 1.02e+00 2.74e-02 +0.076  1.00 | 1.6e+00 3.8e+00 2.732e+00
#4966  1447   1 | 1.30e+00 2.94e-01 +0.259  0.93 | 1.09e+00 6.16e-02 -0.067  1.01 | 1.5e+00 3.9e+00 2.802e+00
#4967  2427   1 | 1.08e+00 2.00e-01 +0.532  0.84 | 9.68e-01 6.28e-02 +0.147  0.99 | 1.8e+00 3.9e+00 1.900e+00
#4968  2258   1 | 5.14e-01 2.43e-01 -0.128  1.34 | 9.97e-01 6.42e-02 +0.018  1.00 | 1.7e+00 4.6e+00 1.351e+00
#4969  3279   1 | 7.89e-01 6.19e-02 -0.359  1.06 | 9.59e-01 8.53e-02 +0.182  0.98 | 1.7e+00 4.2e+00 1.558e+00
#4970  1921   1 | 1.13e+00 4.71e-02 -0.371  1.03 | 1.05e+00 1.26e-01 +0.157  0.98 | 1.7e+00 4.9e+00 2.400e+00
#4971  1081   1 | 5.78e-01 1.11e-01 -0.214  1.12 | 1.05e+00 6.99e-02 +0.192  0.98 | 1.5e+00 4.1e+00 1.458e+00
#4972  4468   1 | 8.52e-01 6.03e-02 +0.246  0.97 | 9.10e-01 1.86e-01 +0.158  0.98 | 1.4e+00 3.9e+00 1.514e+00
#4973  2675   1 | 5.55e-01 8.63e-02 +0.382  0.91 | 1.03e+00 1.73e-01 +0.148  0.98 | 1.8e+00 4.7e+00 1.314e+00
#4974  3894   1 | 9.74e-01 2.43e-01 +0.240  0.94 | 1.02e+00 1.76e-01 +0.171  0.97 | 1.6e+00 4.1e+00 1.900e+00
#4975   938   1 | 5.96e-01 1.99e-01 +0.584  0.72 | 1.08e+00 1.02e-01 +0.007  1.01 | 1.5e+00 4.1e+00 1.440e+00
#4976  1547   1 | 9.99e-01 1.61e-01 +0.140  0.98 | 8.61e-01 1.44e-01 +0.012  1.02 | 1.5e+00 3.9e+00 1.737e+00
#4977  3173   1 | 7.35e-01 1.22e-01 +0.275  0.94 | 9.46e-01 1.35e-01 +0.071  1.00 | 1.7e+00 4.2e+00 1.400e+00
#4978  3521   1 | 1.05e+00 1.23e-01 -0.773  1.20 | 1.04e+00 1.05e-01 -0.060  1.02 | 1.7e+00 3.5e+00 2.421e+00
#4979  2626   1 | 9.80e-01 5.69e-02 +0.711  0.92 | 1.04e+00 1.07e-01 +0.173  0.97 | 1.7e+00 3.9e+00 1.944e+00
#4980  3930   1 | 6.58e-01 2.35e-01 -0.007  1.13 | 1.07e+00 1.86e-01 +0.218  0.95 | 1.5e+00 3.9e+00 1.583e+00
#4981  2411   1 | 1.14e+00 1.41e-01 +0.030  1.01 | 9.88e-01 9.02e-02 +0.095  0.99 | 1.7e+00 3.6e+00 2.273e+00
#4982  4674   1 | 1.12e+00 4.39e-02 +0.146  0.99 | 9.82e-01 2.07e-01 +0.344  0.90 | 1.4e+00 4.1e+00 2.111e+00
#4983  2544   1 | 1.08e+00 1.39e-01 -0.020  1.02 | 9.70e-01 1.37e-01 -0.023  1.03 | 1.7e+00 4.3e+00 2.149e+00
#4984  1185   1 | 9.64e-01 1.10e-01 +0.083  0.99 | 1.06e+00 6.28e-02 +0.052  1.00 | 1.4e+00 4.0e+00 2.053e+00
#4985  2296   1 | 9.08e-01 4.25e-02 -0.120  1.01 | 9.18e-01 1.39e-01 +0.048  1.01 | 1.6e+00 4.0e+00 1.684e+00
#4986    80   1 | 9.57e-01 1.55e-01 +0.523  0.86 | 1.07e+00 1.12e-01 +0.010  1.01 | 1.5e+00 3.8e+00 1.950e+00
#4987  4396   1 | 1.02e+00 2.20e-02 -0.068  1.00 | 1.13e+00 2.15e-01 +0.163  0.97 | 1.3e+00 4.4e+00 2.304e+00
#4988  3089   1 | 1.07e+00 2.58e-01 +0.395  0.87 | 9.93e-01 1.22e-01 +0.154  0.98 | 1.7e+00 4.1e+00 1.963e+00
#4989  4322   1 | 1.18e+00 1.03e-01 +0.499  0.92 | 1.17e+00 2.21e-01 +0.212  0.96 | 1.5e+00 4.3e+00 2.578e+00
#4990  3141   1 | 1.06e+00 1.15e-01 -0.510  1.12 | 1.03e+00 1.12e-01 +0.138  0.98 | 1.5e+00 4.2e+00 2.293e+00
#4991  2965   1 | 1.30e+00 1.39e-01 +0.639  0.87 | 1.04e+00 1.06e-01 +0.029  1.00 | 1.6e+00 3.8e+00 2.558e+00
#4992  3512   1 | 9.86e-01 5.81e-02 -0.357  1.05 | 1.07e+00 1.16e-01 +0.120  0.99 | 1.6e+00 3.9e+00 2.155e+00
#4993  4438   1 | 1.09e+00 3.19e-02 +0.119  0.99 | 9.37e-01 1.68e-01 +0.241  0.95 | 1.4e+00 4.0e+00 2.006e+00
#4994  1569   1 | 6.25e-01 7.94e-02 +0.129  0.98 | 1.03e+00 5.41e-02 +0.121  0.99 | 1.4e+00 3.6e+00 1.432e+00
#4995   278   1 | 1.11e+00 2.54e-01 +0.724  0.72 | 1.02e+00 4.19e-02 -0.131  1.01 | 1.4e+00 3.7e+00 1.935e+00
#4996   124   1 | 1.11e+00 1.64e-01 +0.107  0.99 | 9.80e-01 6.12e-02 -0.021  1.01 | 1.4e+00 4.4e+00 2.196e+00
#4997  3278   1 | 1.29e+00 1.85e-01 +0.261  0.95 | 9.27e-01 7.96e-02 +0.113  0.99 | 1.6e+00 3.9e+00 2.423e+00
#4998   432   1 | 1.10e+00 3.61e-02 -0.107  1.01 | 1.08e+00 4.55e-02 +0.065  1.00 | 1.5e+00 3.7e+00 2.378e+00
#4999  3203   1 | 1.22e+00 1.63e-01 +0.774  0.81 | 9.89e-01 9.43e-02 +0.101  0.99 | 1.7e+00 3.9e+00 2.167e+00

Done in 1339.8s, 5000 steps

=== AGGREGATE over last 50 steps ===
  ratio_tr (mean):   0.977    (lower=better, baseline=1.0)
  ratio_p  (mean):   0.989    (lower=better, baseline=1.0)
  |cos_tr| (mean):   0.318    (higher=better)
  |cos_p|  (mean):   0.120    (higher=better)
  pred_tr_rms (mean):1.395e-01
  pred_p_rms  (mean):9.483e-02
  loss     (mean):   2.028

Legend: ratio < 0.5 -> learning. cos|>| > 0.3 -> direction-aligned.

[save] wrote /home/haotiant/Projects/CMU/dtmol/dtmol/models/bindingpose_20260507_fcc_Al_lr5e-5/ckpt-5000.pt (715.8MB)
[save] best ckpt at step 700 (ratio_p=0.9487) -> /home/haotiant/Projects/CMU/dtmol/dtmol/models/bindingpose_20260507_fcc_Al_lr5e-5/ckpt-best-step700.pt
/home/haotiant/conda/envs/dtmol/lib/python3.8/site-packages/torch/jit/_check.py:177: UserWarning: The TorchScript type system doesn't support instance-level annotations on empty non-base types in `__init__`. Instead, either 1) use a type annotation in the class body, or 2) wrap the type in `torch.jit.Attribute`.
  warnings.warn(
/home/haotiant/conda/envs/dtmol/lib/python3.8/site-packages/torch/jit/_check.py:177: UserWarning: The TorchScript type system doesn't support instance-level annotations on empty non-base types in `__init__`. Instead, either 1) use a type annotation in the class body, or 2) wrap the type in `torch.jit.Attribute`.
  warnings.warn(
/home/haotiant/conda/envs/dtmol/lib/python3.8/site-packages/torch/jit/_check.py:177: UserWarning: The TorchScript type system doesn't support instance-level annotations on empty non-base types in `__init__`. Instead, either 1) use a type annotation in the class body, or 2) wrap the type in `torch.jit.Attribute`.
  warnings.warn(
/home/haotiant/conda/envs/dtmol/lib/python3.8/site-packages/torch/jit/_check.py:177: UserWarning: The TorchScript type system doesn't support instance-level annotations on empty non-base types in `__init__`. Instead, either 1) use a type annotation in the class body, or 2) wrap the type in `torch.jit.Attribute`.
  warnings.warn(
/home/haotiant/conda/envs/dtmol/lib/python3.8/site-packages/torch/jit/_check.py:177: UserWarning: The TorchScript type system doesn't support instance-level annotations on empty non-base types in `__init__`. Instead, either 1) use a type annotation in the class body, or 2) wrap the type in `torch.jit.Attribute`.
  warnings.warn(
/home/haotiant/conda/envs/dtmol/lib/python3.8/site-packages/torch/jit/_check.py:177: UserWarning: The TorchScript type system doesn't support instance-level annotations on empty non-base types in `__init__`. Instead, either 1) use a type annotation in the class body, or 2) wrap the type in `torch.jit.Attribute`.
  warnings.warn(
/home/haotiant/conda/envs/dtmol/lib/python3.8/site-packages/torch/jit/_check.py:177: UserWarning: The TorchScript type system doesn't support instance-level annotations on empty non-base types in `__init__`. Instead, either 1) use a type annotation in the class body, or 2) wrap the type in `torch.jit.Attribute`.
  warnings.warn(
/home/haotiant/conda/envs/dtmol/lib/python3.8/site-packages/torch/jit/_check.py:177: UserWarning: The TorchScript type system doesn't support instance-level annotations on empty non-base types in `__init__`. Instead, either 1) use a type annotation in the class body, or 2) wrap the type in `torch.jit.Attribute`.
  warnings.warn(
