/home/haotiant/conda/envs/dtmol/lib/python3.8/site-packages/torch/jit/_check.py:177: UserWarning: The TorchScript type system doesn't support instance-level annotations on empty non-base types in `__init__`. Instead, either 1) use a type annotation in the class body, or 2) wrap the type in `torch.jit.Attribute`.
  warnings.warn(
/home/haotiant/conda/envs/dtmol/lib/python3.8/site-packages/torch/jit/_check.py:177: UserWarning: The TorchScript type system doesn't support instance-level annotations on empty non-base types in `__init__`. Instead, either 1) use a type annotation in the class body, or 2) wrap the type in `torch.jit.Attribute`.
  warnings.warn(
/home/haotiant/conda/envs/dtmol/lib/python3.8/site-packages/torch/jit/_check.py:177: UserWarning: The TorchScript type system doesn't support instance-level annotations on empty non-base types in `__init__`. Instead, either 1) use a type annotation in the class body, or 2) wrap the type in `torch.jit.Attribute`.
  warnings.warn(
/home/haotiant/conda/envs/dtmol/lib/python3.8/site-packages/torch/jit/_check.py:177: UserWarning: The TorchScript type system doesn't support instance-level annotations on empty non-base types in `__init__`. Instead, either 1) use a type annotation in the class body, or 2) wrap the type in `torch.jit.Attribute`.
  warnings.warn(
/home/haotiant/conda/envs/dtmol/lib/python3.8/site-packages/torch/jit/_check.py:177: UserWarning: The TorchScript type system doesn't support instance-level annotations on empty non-base types in `__init__`. Instead, either 1) use a type annotation in the class body, or 2) wrap the type in `torch.jit.Attribute`.
  warnings.warn(
/home/haotiant/conda/envs/dtmol/lib/python3.8/site-packages/torch/jit/_check.py:177: UserWarning: The TorchScript type system doesn't support instance-level annotations on empty non-base types in `__init__`. Instead, either 1) use a type annotation in the class body, or 2) wrap the type in `torch.jit.Attribute`.
  warnings.warn(
/home/haotiant/conda/envs/dtmol/lib/python3.8/site-packages/torch/jit/_check.py:177: UserWarning: The TorchScript type system doesn't support instance-level annotations on empty non-base types in `__init__`. Instead, either 1) use a type annotation in the class body, or 2) wrap the type in `torch.jit.Attribute`.
  warnings.warn(
/home/haotiant/conda/envs/dtmol/lib/python3.8/site-packages/torch/jit/_check.py:177: UserWarning: The TorchScript type system doesn't support instance-level annotations on empty non-base types in `__init__`. Instead, either 1) use a type annotation in the class body, or 2) wrap the type in `torch.jit.Attribute`.
  warnings.warn(
/home/haotiant/conda/envs/dtmol/lib/python3.8/site-packages/torch/jit/_check.py:177: UserWarning: The TorchScript type system doesn't support instance-level annotations on empty non-base types in `__init__`. Instead, either 1) use a type annotation in the class body, or 2) wrap the type in `torch.jit.Attribute`.
  warnings.warn(
/home/haotiant/conda/envs/dtmol/lib/python3.8/site-packages/torch/jit/_check.py:177: UserWarning: The TorchScript type system doesn't support instance-level annotations on empty non-base types in `__init__`. Instead, either 1) use a type annotation in the class body, or 2) wrap the type in `torch.jit.Attribute`.
  warnings.warn(
/home/haotiant/conda/envs/dtmol/lib/python3.8/site-packages/torch/jit/_check.py:177: UserWarning: The TorchScript type system doesn't support instance-level annotations on empty non-base types in `__init__`. Instead, either 1) use a type annotation in the class body, or 2) wrap the type in `torch.jit.Attribute`.
  warnings.warn(
/home/haotiant/conda/envs/dtmol/lib/python3.8/site-packages/torch/jit/_check.py:177: UserWarning: The TorchScript type system doesn't support instance-level annotations on empty non-base types in `__init__`. Instead, either 1) use a type annotation in the class body, or 2) wrap the type in `torch.jit.Attribute`.
  warnings.warn(
/home/haotiant/conda/envs/dtmol/lib/python3.8/site-packages/torch/jit/_check.py:177: UserWarning: The TorchScript type system doesn't support instance-level annotations on empty non-base types in `__init__`. Instead, either 1) use a type annotation in the class body, or 2) wrap the type in `torch.jit.Attribute`.
  warnings.warn(
/home/haotiant/conda/envs/dtmol/lib/python3.8/site-packages/torch/jit/_check.py:177: UserWarning: The TorchScript type system doesn't support instance-level annotations on empty non-base types in `__init__`. Instead, either 1) use a type annotation in the class body, or 2) wrap the type in `torch.jit.Attribute`.
  warnings.warn(
/home/haotiant/conda/envs/dtmol/lib/python3.8/site-packages/torch/jit/_check.py:177: UserWarning: The TorchScript type system doesn't support instance-level annotations on empty non-base types in `__init__`. Instead, either 1) use a type annotation in the class body, or 2) wrap the type in `torch.jit.Attribute`.
  warnings.warn(
/home/haotiant/conda/envs/dtmol/lib/python3.8/site-packages/torch/jit/_check.py:177: UserWarning: The TorchScript type system doesn't support instance-level annotations on empty non-base types in `__init__`. Instead, either 1) use a type annotation in the class body, or 2) wrap the type in `torch.jit.Attribute`.
  warnings.warn(
/home/haotiant/conda/envs/dtmol/lib/python3.8/site-packages/torch/jit/_check.py:177: UserWarning: The TorchScript type system doesn't support instance-level annotations on empty non-base types in `__init__`. Instead, either 1) use a type annotation in the class body, or 2) wrap the type in `torch.jit.Attribute`.
  warnings.warn(
/home/haotiant/conda/envs/dtmol/lib/python3.8/site-packages/torch/jit/_check.py:177: UserWarning: The TorchScript type system doesn't support instance-level annotations on empty non-base types in `__init__`. Instead, either 1) use a type annotation in the class body, or 2) wrap the type in `torch.jit.Attribute`.
  warnings.warn(
/home/haotiant/conda/envs/dtmol/lib/python3.8/site-packages/torch/jit/_check.py:177: UserWarning: The TorchScript type system doesn't support instance-level annotations on empty non-base types in `__init__`. Instead, either 1) use a type annotation in the class body, or 2) wrap the type in `torch.jit.Attribute`.
  warnings.warn(
/home/haotiant/conda/envs/dtmol/lib/python3.8/site-packages/torch/jit/_check.py:177: UserWarning: The TorchScript type system doesn't support instance-level annotations on empty non-base types in `__init__`. Instead, either 1) use a type annotation in the class body, or 2) wrap the type in `torch.jit.Attribute`.
  warnings.warn(
/home/haotiant/conda/envs/dtmol/lib/python3.8/site-packages/torch/jit/_check.py:177: UserWarning: The TorchScript type system doesn't support instance-level annotations on empty non-base types in `__init__`. Instead, either 1) use a type annotation in the class body, or 2) wrap the type in `torch.jit.Attribute`.
  warnings.warn(
/home/haotiant/conda/envs/dtmol/lib/python3.8/site-packages/torch/jit/_check.py:177: UserWarning: The TorchScript type system doesn't support instance-level annotations on empty non-base types in `__init__`. Instead, either 1) use a type annotation in the class body, or 2) wrap the type in `torch.jit.Attribute`.
  warnings.warn(
/home/haotiant/conda/envs/dtmol/lib/python3.8/site-packages/torch/jit/_check.py:177: UserWarning: The TorchScript type system doesn't support instance-level annotations on empty non-base types in `__init__`. Instead, either 1) use a type annotation in the class body, or 2) wrap the type in `torch.jit.Attribute`.
  warnings.warn(
/home/haotiant/conda/envs/dtmol/lib/python3.8/site-packages/torch/jit/_check.py:177: UserWarning: The TorchScript type system doesn't support instance-level annotations on empty non-base types in `__init__`. Instead, either 1) use a type annotation in the class body, or 2) wrap the type in `torch.jit.Attribute`.
  warnings.warn(
/home/haotiant/conda/envs/dtmol/lib/python3.8/site-packages/torch/jit/_check.py:177: UserWarning: The TorchScript type system doesn't support instance-level annotations on empty non-base types in `__init__`. Instead, either 1) use a type annotation in the class body, or 2) wrap the type in `torch.jit.Attribute`.
  warnings.warn(
/home/haotiant/conda/envs/dtmol/lib/python3.8/site-packages/torch/jit/_check.py:177: UserWarning: The TorchScript type system doesn't support instance-level annotations on empty non-base types in `__init__`. Instead, either 1) use a type annotation in the class body, or 2) wrap the type in `torch.jit.Attribute`.
  warnings.warn(
/home/haotiant/conda/envs/dtmol/lib/python3.8/site-packages/torch/jit/_check.py:177: UserWarning: The TorchScript type system doesn't support instance-level annotations on empty non-base types in `__init__`. Instead, either 1) use a type annotation in the class body, or 2) wrap the type in `torch.jit.Attribute`.
  warnings.warn(
/home/haotiant/conda/envs/dtmol/lib/python3.8/site-packages/torch/jit/_check.py:177: UserWarning: The TorchScript type system doesn't support instance-level annotations on empty non-base types in `__init__`. Instead, either 1) use a type annotation in the class body, or 2) wrap the type in `torch.jit.Attribute`.
  warnings.warn(
/home/haotiant/conda/envs/dtmol/lib/python3.8/site-packages/torch/jit/_check.py:177: UserWarning: The TorchScript type system doesn't support instance-level annotations on empty non-base types in `__init__`. Instead, either 1) use a type annotation in the class body, or 2) wrap the type in `torch.jit.Attribute`.
  warnings.warn(
/home/haotiant/conda/envs/dtmol/lib/python3.8/site-packages/torch/jit/_check.py:177: UserWarning: The TorchScript type system doesn't support instance-level annotations on empty non-base types in `__init__`. Instead, either 1) use a type annotation in the class body, or 2) wrap the type in `torch.jit.Attribute`.
  warnings.warn(
/home/haotiant/conda/envs/dtmol/lib/python3.8/site-packages/torch/jit/_check.py:177: UserWarning: The TorchScript type system doesn't support instance-level annotations on empty non-base types in `__init__`. Instead, either 1) use a type annotation in the class body, or 2) wrap the type in `torch.jit.Attribute`.
  warnings.warn(
/home/haotiant/conda/envs/dtmol/lib/python3.8/site-packages/torch/jit/_check.py:177: UserWarning: The TorchScript type system doesn't support instance-level annotations on empty non-base types in `__init__`. Instead, either 1) use a type annotation in the class body, or 2) wrap the type in `torch.jit.Attribute`.
  warnings.warn(
/home/haotiant/conda/envs/dtmol/lib/python3.8/site-packages/torch/jit/_check.py:177: UserWarning: The TorchScript type system doesn't support instance-level annotations on empty non-base types in `__init__`. Instead, either 1) use a type annotation in the class body, or 2) wrap the type in `torch.jit.Attribute`.
  warnings.warn(
/home/haotiant/conda/envs/dtmol/lib/python3.8/site-packages/torch/jit/_check.py:177: UserWarning: The TorchScript type system doesn't support instance-level annotations on empty non-base types in `__init__`. Instead, either 1) use a type annotation in the class body, or 2) wrap the type in `torch.jit.Attribute`.
  warnings.warn(
/home/haotiant/conda/envs/dtmol/lib/python3.8/site-packages/torch/jit/_check.py:177: UserWarning: The TorchScript type system doesn't support instance-level annotations on empty non-base types in `__init__`. Instead, either 1) use a type annotation in the class body, or 2) wrap the type in `torch.jit.Attribute`.
  warnings.warn(
/home/haotiant/conda/envs/dtmol/lib/python3.8/site-packages/torch/jit/_check.py:177: UserWarning: The TorchScript type system doesn't support instance-level annotations on empty non-base types in `__init__`. Instead, either 1) use a type annotation in the class body, or 2) wrap the type in `torch.jit.Attribute`.
  warnings.warn(
/home/haotiant/conda/envs/dtmol/lib/python3.8/site-packages/torch/jit/_check.py:177: UserWarning: The TorchScript type system doesn't support instance-level annotations on empty non-base types in `__init__`. Instead, either 1) use a type annotation in the class body, or 2) wrap the type in `torch.jit.Attribute`.
  warnings.warn(
/home/haotiant/conda/envs/dtmol/lib/python3.8/site-packages/torch/jit/_check.py:177: UserWarning: The TorchScript type system doesn't support instance-level annotations on empty non-base types in `__init__`. Instead, either 1) use a type annotation in the class body, or 2) wrap the type in `torch.jit.Attribute`.
  warnings.warn(
/home/haotiant/conda/envs/dtmol/lib/python3.8/site-packages/torch/jit/_check.py:177: UserWarning: The TorchScript type system doesn't support instance-level annotations on empty non-base types in `__init__`. Instead, either 1) use a type annotation in the class body, or 2) wrap the type in `torch.jit.Attribute`.
  warnings.warn(
/home/haotiant/conda/envs/dtmol/lib/python3.8/site-packages/torch/jit/_check.py:177: UserWarning: The TorchScript type system doesn't support instance-level annotations on empty non-base types in `__init__`. Instead, either 1) use a type annotation in the class body, or 2) wrap the type in `torch.jit.Attribute`.
  warnings.warn(
/home/haotiant/conda/envs/dtmol/lib/python3.8/site-packages/torch/jit/_check.py:177: UserWarning: The TorchScript type system doesn't support instance-level annotations on empty non-base types in `__init__`. Instead, either 1) use a type annotation in the class body, or 2) wrap the type in `torch.jit.Attribute`.
  warnings.warn(
/home/haotiant/conda/envs/dtmol/lib/python3.8/site-packages/torch/jit/_check.py:177: UserWarning: The TorchScript type system doesn't support instance-level annotations on empty non-base types in `__init__`. Instead, either 1) use a type annotation in the class body, or 2) wrap the type in `torch.jit.Attribute`.
  warnings.warn(
/home/haotiant/conda/envs/dtmol/lib/python3.8/site-packages/torch/jit/_check.py:177: UserWarning: The TorchScript type system doesn't support instance-level annotations on empty non-base types in `__init__`. Instead, either 1) use a type annotation in the class body, or 2) wrap the type in `torch.jit.Attribute`.
  warnings.warn(
/home/haotiant/conda/envs/dtmol/lib/python3.8/site-packages/torch/jit/_check.py:177: UserWarning: The TorchScript type system doesn't support instance-level annotations on empty non-base types in `__init__`. Instead, either 1) use a type annotation in the class body, or 2) wrap the type in `torch.jit.Attribute`.
  warnings.warn(
/home/haotiant/conda/envs/dtmol/lib/python3.8/site-packages/torch/jit/_check.py:177: UserWarning: The TorchScript type system doesn't support instance-level annotations on empty non-base types in `__init__`. Instead, either 1) use a type annotation in the class body, or 2) wrap the type in `torch.jit.Attribute`.
  warnings.warn(
/home/haotiant/conda/envs/dtmol/lib/python3.8/site-packages/torch/jit/_check.py:177: UserWarning: The TorchScript type system doesn't support instance-level annotations on empty non-base types in `__init__`. Instead, either 1) use a type annotation in the class body, or 2) wrap the type in `torch.jit.Attribute`.
  warnings.warn(
/home/haotiant/conda/envs/dtmol/lib/python3.8/site-packages/torch/jit/_check.py:177: UserWarning: The TorchScript type system doesn't support instance-level annotations on empty non-base types in `__init__`. Instead, either 1) use a type annotation in the class body, or 2) wrap the type in `torch.jit.Attribute`.
  warnings.warn(
/home/haotiant/conda/envs/dtmol/lib/python3.8/site-packages/torch/jit/_check.py:177: UserWarning: The TorchScript type system doesn't support instance-level annotations on empty non-base types in `__init__`. Instead, either 1) use a type annotation in the class body, or 2) wrap the type in `torch.jit.Attribute`.
  warnings.warn(
fused_multi_tensor is not installed corrected
fused_rounding is not installed corrected
fused_layer_norm is not installed corrected
fused_softmax is not installed corrected
unicore_fused_layernorm is not installed corrected
apex fused layer norm is not installed correctly, apex will be disabled.
[mode] all nn.Dropout p=0 (BN still in train mode)
#  i mol_t sgl |    tg_tr    pr_tr cos_tr  r_tr |     tg_p     pr_p  cos_p   r_p |     dec    node     loss
#  0  2926   1 | 1.12e+00 0.00e+00   +nan  1.00 | 1.05e+00 0.00e+00   +nan  1.00 | 0.0e+00 3.3e+00 2.352e+00
#  1  2260   1 | 1.08e+00 9.38e-07 +0.142  1.00 | 1.00e+00 1.03e-04 +0.018  1.00 | 0.0e+00 3.8e+00 2.181e+00
#  2  2404   1 | 7.37e-01 9.65e-07 -0.665  1.00 | 9.70e-01 3.24e-04 -0.055  1.00 | 6.8e-03 3.7e+00 1.483e+00
#  3  3386   1 | 6.96e-01 9.37e-07 +0.448  1.00 | 9.76e-01 2.51e-04 -0.053  1.00 | 8.8e-03 4.0e+00 1.437e+00
#  4    61   1 | 1.14e+00 8.44e-07 +0.521  1.00 | 9.84e-01 3.80e-04 -0.012  1.00 | 1.2e-02 3.6e+00 2.276e+00
#  5  3370   1 | 9.80e-01 1.15e-06 -0.035  1.00 | 9.83e-01 9.16e-05 -0.079  1.00 | 1.8e-02 3.8e+00 1.927e+00
#  6  1070   1 | 9.40e-01 7.98e-07 -0.187  1.00 | 9.88e-01 8.99e-05 +0.061  1.00 | 2.4e-02 3.6e+00 1.860e+00
#  7  1582   1 | 1.21e+00 2.36e-06 -0.494  1.00 | 1.05e+00 5.56e-05 +0.035  1.00 | 2.9e-02 3.7e+00 2.569e+00
#  8  3099   1 | 2.79e-01 3.41e-06 -0.109  1.00 | 1.05e+00 1.71e-04 +0.074  1.00 | 3.7e-02 3.5e+00 1.188e+00
#  9  1993   1 | 1.14e+00 3.14e-06 +0.330  1.00 | 9.62e-01 4.32e-05 +0.030  1.00 | 3.5e-02 3.8e+00 2.217e+00
# 10   185   1 | 1.05e+00 8.90e-06 +0.006  1.00 | 9.97e-01 4.85e-04 +0.035  1.00 | 3.1e-02 3.0e+00 2.097e+00
# 11   656   1 | 8.54e-01 1.47e-05 +0.503  1.00 | 1.03e+00 3.83e-04 +0.027  1.00 | 3.8e-02 4.7e+00 1.783e+00
# 12  2125   1 | 5.60e-01 1.32e-05 -0.078  1.00 | 1.10e+00 4.38e-04 -0.172  1.00 | 5.3e-02 4.5e+00 1.516e+00
# 13  1561   1 | 1.46e+00 1.06e-05 -0.056  1.00 | 9.91e-01 5.14e-04 +0.019  1.00 | 3.1e-02 4.2e+00 3.101e+00
# 14  3543   1 | 5.78e-01 1.92e-05 +0.145  1.00 | 1.02e+00 5.91e-04 +0.055  1.00 | 5.3e-02 4.1e+00 1.366e+00
# 15   906   1 | 8.13e-01 6.50e-06 +0.758  1.00 | 1.05e+00 3.40e-04 -0.069  1.00 | 5.6e-02 3.6e+00 1.767e+00
# 16  4274   1 | 1.26e+00 4.94e-06 +0.266  1.00 | 9.81e-01 1.25e-04 +0.051  1.00 | 5.3e-02 3.4e+00 2.544e+00
# 17   241   1 | 9.59e-01 1.36e-05 +0.417  1.00 | 1.00e+00 7.07e-04 +0.076  1.00 | 3.2e-02 3.9e+00 1.925e+00
# 18  3204   1 | 7.31e-01 1.53e-05 +0.237  1.00 | 9.27e-01 4.18e-04 +0.099  1.00 | 6.0e-02 3.8e+00 1.394e+00
# 19  4708   1 | 1.40e+00 2.89e-05 +0.646  1.00 | 1.03e+00 4.71e-04 +0.188  1.00 | 7.0e-02 5.6e+00 3.017e+00
# 20  3933   1 | 8.38e-01 2.83e-05 +0.070  1.00 | 1.07e+00 2.90e-03 +0.130  1.00 | 5.6e-02 4.0e+00 1.839e+00
# 21   271   1 | 5.53e-01 2.48e-05 +0.075  1.00 | 1.01e+00 1.18e-03 +0.078  1.00 | 6.8e-02 3.3e+00 1.317e+00
# 22  2864   1 | 8.49e-01 2.77e-05 +0.481  1.00 | 1.05e+00 1.29e-03 +0.042  1.00 | 8.5e-02 4.1e+00 1.817e+00
# 23  1715   1 | 9.01e-01 1.40e-05 +0.140  1.00 | 1.01e+00 1.85e-03 +0.077  1.00 | 5.0e-02 3.6e+00 1.834e+00
# 24    29   1 | 8.01e-01 1.42e-05 +0.317  1.00 | 1.00e+00 1.81e-04 +0.105  1.00 | 8.4e-02 3.6e+00 1.647e+00
# 25  3623   1 | 8.93e-01 1.51e-05 +0.122  1.00 | 9.75e-01 5.22e-04 +0.008  1.00 | 8.8e-02 3.9e+00 1.747e+00
# 26  4632   1 | 1.18e+00 9.82e-06 +0.218  1.00 | 1.09e+00 2.29e-03 +0.383  1.00 | 9.2e-02 3.6e+00 2.562e+00
# 27  3013   1 | 8.43e-01 1.63e-04 -0.407  1.00 | 9.17e-01 1.51e-03 +0.026  1.00 | 1.0e-01 3.9e+00 1.551e+00
# 28  1033   1 | 1.09e+00 1.35e-04 -0.352  1.00 | 9.29e-01 1.13e-03 -0.011  1.00 | 1.0e-01 3.7e+00 2.047e+00
# 29  1240   1 | 8.43e-01 9.96e-05 -0.897  1.00 | 9.99e-01 2.12e-03 +0.043  1.00 | 9.7e-02 3.3e+00 1.709e+00
# 30  2293   1 | 9.88e-01 6.88e-05 +0.106  1.00 | 9.80e-01 1.16e-03 +0.059  1.00 | 1.1e-01 3.4e+00 1.935e+00
# 31  4385   1 | 1.11e+00 5.56e-05 -0.103  1.00 | 9.29e-01 3.56e-03 +0.069  1.00 | 1.1e-01 3.5e+00 2.105e+00
# 32  3035   1 | 6.63e-01 4.76e-05 +0.779  1.00 | 1.01e+00 1.38e-03 +0.129  1.00 | 1.1e-01 3.4e+00 1.458e+00
# 33  3123   1 | 1.00e+00 9.35e-05 +0.431  1.00 | 1.02e+00 3.44e-03 +0.122  1.00 | 1.1e-01 4.2e+00 2.046e+00
# 34  3548   1 | 1.06e+00 3.36e-05 -0.134  1.00 | 1.02e+00 1.57e-03 +0.092  1.00 | 1.1e-01 3.2e+00 2.170e+00
# 35  2571   1 | 8.57e-01 4.34e-05 -0.091  1.00 | 1.03e+00 1.01e-03 +0.024  1.00 | 1.1e-01 3.6e+00 1.803e+00
# 36   840   1 | 1.23e+00 3.01e-05 +0.721  1.00 | 9.11e-01 3.23e-03 +0.094  1.00 | 1.0e-01 3.1e+00 2.348e+00
# 37   164   1 | 7.81e-01 1.68e-05 +0.865  1.00 | 1.00e+00 4.05e-03 -0.005  1.00 | 8.6e-02 3.3e+00 1.612e+00
# 38  3701   1 | 8.17e-01 5.28e-05 -0.386  1.00 | 7.88e-01 4.79e-03 -0.018  1.00 | 9.2e-02 3.6e+00 1.290e+00
# 39  2642   1 | 1.30e+00 7.58e-05 +0.420  1.00 | 1.11e+00 3.90e-03 +0.089  1.00 | 1.2e-01 4.3e+00 2.934e+00
# 40  4803   1 | 7.46e-01 6.84e-05 +0.122  1.00 | 1.11e+00 3.51e-03 +0.395  1.00 | 1.2e-01 3.7e+00 1.788e+00
# 41  2444   1 | 1.70e+00 6.92e-05 +0.321  1.00 | 1.01e+00 6.49e-03 -0.085  1.00 | 1.2e-01 3.8e+00 3.895e+00
# 42   559   1 | 1.15e+00 9.09e-05 +0.375  1.00 | 9.39e-01 6.13e-03 -0.063  1.00 | 1.4e-01 4.0e+00 2.201e+00
# 43  4711   1 | 1.44e+00 1.25e-04 +0.280  1.00 | 9.80e-01 2.40e-03 +0.203  1.00 | 1.4e-01 4.6e+00 3.029e+00
# 44  2563   1 | 8.90e-01 5.71e-05 +0.571  1.00 | 9.64e-01 5.33e-03 +0.079  1.00 | 1.3e-01 3.1e+00 1.721e+00
# 45  1449   1 | 9.16e-01 7.51e-05 +0.180  1.00 | 1.05e+00 4.45e-03 +0.095  1.00 | 1.3e-01 4.2e+00 1.936e+00
# 46  2144   1 | 1.22e+00 1.51e-04 +0.064  1.00 | 1.03e+00 6.25e-03 +0.026  1.00 | 1.4e-01 4.1e+00 2.548e+00
# 47   957   1 | 1.01e+00 5.70e-05 +0.171  1.00 | 9.93e-01 1.02e-03 -0.027  1.00 | 1.4e-01 3.1e+00 2.001e+00
# 48  3874   1 | 9.61e-01 5.24e-05 +0.036  1.00 | 1.07e+00 1.50e-03 +0.095  1.00 | 1.4e-01 3.8e+00 2.058e+00
# 49  3467   1 | 1.02e+00 9.26e-05 +0.368  1.00 | 9.70e-01 3.00e-03 +0.045  1.00 | 1.6e-01 3.7e+00 1.989e+00
# 50   572   1 | 1.15e+00 3.09e-04 +0.419  1.00 | 9.52e-01 6.11e-03 +0.124  1.00 | 1.4e-01 4.2e+00 2.229e+00
# 51   983   1 | 5.12e-01 2.38e-04 -0.098  1.00 | 1.11e+00 4.69e-03 +0.104  1.00 | 1.6e-01 4.3e+00 1.492e+00
# 52  1006   1 | 1.48e+00 5.70e-05 +0.795  1.00 | 9.82e-01 5.83e-03 +0.023  1.00 | 1.4e-01 3.0e+00 3.158e+00
# 53  3974   1 | 1.07e+00 1.20e-04 +0.157  1.00 | 1.16e+00 5.29e-03 +0.241  1.00 | 1.2e-01 3.9e+00 2.490e+00
# 54  3960   1 | 9.89e-01 7.98e-05 +0.061  1.00 | 1.00e+00 6.63e-03 +0.223  1.00 | 1.8e-01 3.6e+00 1.980e+00
# 55  4437   1 | 7.49e-01 2.34e-04 +0.220  1.00 | 1.03e+00 7.27e-03 +0.269  1.00 | 1.9e-01 3.7e+00 1.620e+00
# 56  3293   1 | 1.07e+00 2.04e-04 -0.079  1.00 | 1.01e+00 1.04e-02 +0.084  1.00 | 1.9e-01 3.6e+00 2.164e+00
# 57   647   1 | 7.26e-01 4.73e-04 -0.246  1.00 | 9.81e-01 8.68e-03 -0.042  1.00 | 2.0e-01 3.9e+00 1.491e+00
# 58  3491   1 | 1.18e+00 1.30e-04 +0.484  1.00 | 1.00e+00 1.42e-03 +0.030  1.00 | 1.8e-01 3.0e+00 2.395e+00
# 59   522   1 | 1.27e+00 4.51e-04 +0.666  1.00 | 1.11e+00 7.23e-03 +0.071  1.00 | 1.8e-01 3.5e+00 2.831e+00
# 60  2737   1 | 1.15e+00 2.22e-04 +0.353  1.00 | 9.88e-01 3.54e-03 +0.063  1.00 | 1.8e-01 3.2e+00 2.293e+00
# 61  4748   1 | 8.92e-01 2.39e-04 -0.184  1.00 | 9.71e-01 3.05e-03 +0.104  1.00 | 1.9e-01 3.6e+00 1.737e+00
# 62  4704   1 | 1.14e+00 2.60e-04 +0.399  1.00 | 1.15e+00 8.81e-03 +0.300  1.00 | 2.1e-01 4.1e+00 2.611e+00
# 63   713   1 | 7.06e-01 2.57e-04 +0.066  1.00 | 1.02e+00 3.98e-03 -0.007  1.00 | 2.0e-01 3.7e+00 1.541e+00
# 64  3233   1 | 1.05e+00 2.97e-04 -0.335  1.00 | 1.01e+00 7.21e-03 +0.033  1.00 | 2.2e-01 2.9e+00 2.113e+00
# 65   374   1 | 1.05e+00 3.46e-04 -0.111  1.00 | 1.06e+00 8.20e-03 -0.016  1.00 | 2.2e-01 2.9e+00 2.222e+00
# 66  2094   1 | 1.11e+00 2.25e-04 +0.124  1.00 | 9.85e-01 6.64e-03 +0.070  1.00 | 2.0e-01 3.9e+00 2.206e+00
# 67  2231   1 | 1.23e+00 2.48e-04 -0.237  1.00 | 1.01e+00 7.00e-03 +0.189  1.00 | 1.8e-01 3.6e+00 2.526e+00
# 68  1224   1 | 9.68e-01 7.08e-04 -0.178  1.00 | 9.97e-01 6.78e-03 -0.014  1.00 | 1.9e-01 3.8e+00 1.931e+00
# 69  1535   1 | 1.02e+00 2.33e-04 -0.399  1.00 | 9.92e-01 1.57e-03 -0.004  1.00 | 1.9e-01 4.0e+00 2.030e+00
# 70  3068   1 | 9.54e-01 5.78e-04 -0.017  1.00 | 9.42e-01 1.06e-02 -0.001  1.00 | 2.3e-01 3.5e+00 1.797e+00
# 71   152   1 | 1.18e+00 2.68e-04 -0.365  1.00 | 9.66e-01 1.09e-02 +0.056  1.00 | 1.6e-01 4.5e+00 2.336e+00
# 72  3988   1 | 6.87e-01 4.88e-04 +0.536  1.00 | 9.72e-01 4.44e-03 +0.140  1.00 | 2.2e-01 4.8e+00 1.416e+00
# 73   127   1 | 9.99e-01 1.39e-04 +0.603  1.00 | 9.74e-01 7.78e-03 +0.007  1.00 | 2.3e-01 3.2e+00 1.946e+00
# 74  4107   1 | 1.04e+00 1.02e-03 +0.410  1.00 | 1.04e+00 5.91e-03 +0.368  1.00 | 2.1e-01 4.1e+00 2.171e+00
# 75  1028   1 | 9.85e-01 2.40e-04 +0.216  1.00 | 9.93e-01 9.00e-03 -0.060  1.00 | 2.3e-01 4.3e+00 1.957e+00
# 76  1150   1 | 1.08e+00 5.01e-04 -0.018  1.00 | 1.01e+00 1.26e-02 +0.033  1.00 | 2.0e-01 5.1e+00 2.177e+00
# 77  3060   1 | 1.02e+00 5.68e-04 +0.596  1.00 | 1.06e+00 3.91e-03 +0.064  1.00 | 1.7e-01 3.7e+00 2.162e+00
# 78   627   1 | 7.03e-01 8.59e-04 -0.178  1.00 | 1.03e+00 5.24e-03 +0.012  1.00 | 2.1e-01 3.3e+00 1.548e+00
# 79   172   1 | 1.28e+00 6.46e-04 -0.495  1.00 | 8.93e-01 2.95e-03 +0.137  1.00 | 2.2e-01 3.8e+00 2.445e+00
# 80  4199   1 | 7.48e-01 7.57e-04 +0.748  1.00 | 1.01e+00 4.31e-03 +0.178  1.00 | 2.3e-01 4.4e+00 1.580e+00
# 81  2098   1 | 2.45e-01 1.25e-03 +0.491  1.00 | 9.82e-01 1.02e-02 +0.006  1.00 | 2.4e-01 3.9e+00 1.023e+00
# 82  4253   1 | 1.20e+00 1.26e-04 -0.014  1.00 | 9.75e-01 2.12e-03 +0.071  1.00 | 1.8e-01 4.4e+00 2.383e+00
# 83  4677   1 | 4.47e-01 6.35e-04 -0.186  1.00 | 1.03e+00 1.11e-02 +0.308  0.99 | 2.7e-01 3.1e+00 1.255e+00
# 84  3465   1 | 6.17e-01 6.67e-04 -0.115  1.00 | 9.66e-01 9.38e-03 +0.277  0.99 | 2.5e-01 3.4e+00 1.308e+00
# 85  4164   1 | 1.43e+00 2.91e-04 -0.415  1.00 | 9.94e-01 1.46e-03 +0.100  1.00 | 2.3e-01 3.0e+00 3.020e+00
# 86  4583   1 | 1.18e+00 8.62e-04 +0.339  1.00 | 9.79e-01 4.08e-03 +0.159  1.00 | 2.4e-01 2.7e+00 2.350e+00
# 87  2748   1 | 9.45e-01 2.67e-03 +0.203  1.00 | 9.60e-01 1.19e-02 +0.154  1.00 | 2.8e-01 3.6e+00 1.809e+00
# 88   768   1 | 7.78e-01 6.48e-04 -0.055  1.00 | 9.88e-01 1.88e-02 -0.057  1.00 | 2.1e-01 4.1e+00 1.583e+00
# 89   365   1 | 7.67e-01 1.34e-03 +0.391  1.00 | 1.01e+00 5.60e-03 -0.021  1.00 | 2.7e-01 4.3e+00 1.606e+00
# 90  1312   1 | 9.56e-01 2.41e-03 -0.089  1.00 | 1.01e+00 1.03e-02 -0.016  1.00 | 2.7e-01 3.8e+00 1.937e+00
# 91  3712   1 | 9.89e-01 1.02e-03 -0.009  1.00 | 1.00e+00 1.47e-03 +0.146  1.00 | 2.6e-01 3.5e+00 1.987e+00
# 92   241   1 | 1.01e+00 8.81e-04 +0.763  1.00 | 1.03e+00 1.36e-03 +0.032  1.00 | 2.8e-01 4.4e+00 2.089e+00
# 93  3767   1 | 9.98e-01 7.19e-04 -0.636  1.00 | 1.04e+00 1.33e-02 +0.136  1.00 | 2.5e-01 4.6e+00 2.085e+00
# 94   406   1 | 1.22e+00 4.01e-04 -0.199  1.00 | 1.01e+00 1.05e-02 +0.041  1.00 | 2.8e-01 3.5e+00 2.524e+00
# 95   295   1 | 8.45e-01 2.26e-03 +0.047  1.00 | 9.96e-01 4.19e-03 -0.037  1.00 | 2.7e-01 5.1e+00 1.706e+00
# 96  2944   1 | 1.05e+00 1.55e-03 -0.000  1.00 | 1.00e+00 4.64e-03 +0.019  1.00 | 3.0e-01 4.5e+00 2.118e+00
# 97  1944   1 | 7.07e-01 1.73e-03 -0.501  1.00 | 9.84e-01 1.18e-02 +0.093  1.00 | 2.7e-01 3.4e+00 1.467e+00
# 98   272   1 | 6.44e-01 2.68e-03 +0.036  1.00 | 1.04e+00 5.13e-03 +0.027  1.00 | 2.8e-01 3.4e+00 1.495e+00
# 99   236   1 | 9.92e-01 2.55e-03 +0.122  1.00 | 1.00e+00 3.82e-03 +0.063  1.00 | 2.9e-01 3.9e+00 1.989e+00
#100  2526   1 | 5.01e-01 2.11e-03 +0.088  1.00 | 9.61e-01 1.58e-02 +0.131  1.00 | 3.3e-01 3.5e+00 1.171e+00
#101   895   1 | 8.24e-01 6.71e-03 +0.360  0.99 | 1.01e+00 1.26e-02 -0.038  1.00 | 3.1e-01 3.5e+00 1.698e+00
#102   109   1 | 1.15e+00 3.11e-03 +0.438  1.00 | 9.89e-01 1.09e-02 +0.036  1.00 | 2.5e-01 3.5e+00 2.285e+00
#103  3371   1 | 1.25e+00 3.00e-03 -0.606  1.00 | 9.99e-01 1.23e-02 +0.139  1.00 | 3.5e-01 4.3e+00 2.569e+00
#104   678   1 | 1.23e+00 1.05e-03 -0.488  1.00 | 1.05e+00 5.76e-03 -0.096  1.00 | 2.7e-01 3.3e+00 2.609e+00
#105   909   1 | 4.32e-01 1.15e-03 +0.738  1.00 | 9.76e-01 6.93e-03 -0.070  1.00 | 2.6e-01 3.5e+00 1.139e+00
#106  2576   1 | 9.11e-01 2.36e-03 +0.155  1.00 | 9.57e-01 7.91e-03 +0.025  1.00 | 2.8e-01 3.5e+00 1.744e+00
#107  3066   1 | 1.26e+00 5.05e-03 -0.019  1.00 | 1.04e+00 2.97e-02 +0.090  1.00 | 2.5e-01 4.5e+00 2.672e+00
#108  2884   1 | 9.38e-01 3.27e-03 -0.065  1.00 | 1.02e+00 4.22e-03 +0.169  1.00 | 3.1e-01 4.7e+00 1.920e+00
#109  2845   1 | 1.11e+00 2.59e-03 -0.005  1.00 | 1.11e+00 1.49e-02 +0.116  1.00 | 2.5e-01 3.9e+00 2.457e+00
#110  2906   1 | 1.04e+00 1.93e-03 -0.283  1.00 | 1.04e+00 1.32e-02 +0.145  1.00 | 2.2e-01 3.4e+00 2.158e+00
#111   508   1 | 1.32e+00 2.24e-03 -0.280  1.00 | 1.02e+00 5.22e-03 +0.008  1.00 | 3.4e-01 3.6e+00 2.777e+00
#112   305   1 | 1.42e+00 1.49e-03 +0.590  1.00 | 1.01e+00 1.93e-02 -0.027  1.00 | 2.4e-01 5.8e+00 3.058e+00
#113   234   1 | 1.21e+00 1.26e-03 +0.327  1.00 | 1.04e+00 1.39e-03 -0.019  1.00 | 3.0e-01 3.5e+00 2.538e+00
#114  2336   1 | 1.20e+00 4.08e-03 -0.390  1.00 | 9.26e-01 1.08e-02 +0.021  1.00 | 3.2e-01 3.0e+00 2.288e+00
#115   455   1 | 1.14e+00 9.70e-04 +0.401  1.00 | 9.84e-01 9.41e-03 +0.041  1.00 | 3.4e-01 3.5e+00 2.271e+00
#116   383   1 | 8.99e-01 3.71e-03 +0.675  0.99 | 9.08e-01 1.96e-02 -0.051  1.00 | 3.0e-01 3.4e+00 1.630e+00
#117  2777   1 | 9.66e-01 5.38e-03 -0.489  1.01 | 9.46e-01 9.45e-03 +0.083  1.00 | 3.4e-01 3.4e+00 1.832e+00
#118   704   1 | 1.09e+00 5.30e-03 +0.142  1.00 | 9.42e-01 1.83e-02 +0.053  1.00 | 3.3e-01 4.2e+00 2.068e+00
#119  1992   1 | 9.86e-01 5.61e-04 -0.248  1.00 | 9.91e-01 2.01e-03 +0.045  1.00 | 2.9e-01 3.3e+00 1.955e+00
#120  4230   1 | 1.02e+00 4.53e-03 -0.120  1.00 | 8.98e-01 2.01e-02 +0.057  1.00 | 3.2e-01 3.7e+00 1.838e+00
#121   552   1 | 4.76e-01 4.01e-03 -0.382  1.01 | 9.72e-01 2.07e-02 +0.201  0.99 | 3.4e-01 4.4e+00 1.164e+00
#122   550   1 | 1.10e+00 1.39e-03 +0.540  1.00 | 1.05e+00 6.46e-03 +0.019  1.00 | 2.8e-01 3.8e+00 2.301e+00
#123  1274   1 | 4.92e-01 2.24e-03 +0.177  1.00 | 1.02e+00 6.63e-03 +0.032  1.00 | 2.7e-01 3.6e+00 1.274e+00
#124  2852   1 | 5.76e-01 2.52e-03 -0.345  1.00 | 9.91e-01 2.42e-03 +0.035  1.00 | 2.2e-01 4.9e+00 1.315e+00
#125  4158   1 | 1.17e+00 4.46e-03 +0.101  1.00 | 1.01e+00 3.04e-03 +0.168  1.00 | 2.5e-01 4.1e+00 2.390e+00
#126  3022   1 | 1.14e+00 1.88e-03 +0.178  1.00 | 1.05e+00 1.74e-02 +0.009  1.00 | 3.0e-01 2.9e+00 2.404e+00
#127  1119   1 | 1.02e+00 3.10e-03 +0.044  1.00 | 9.79e-01 7.20e-03 +0.012  1.00 | 3.3e-01 3.0e+00 1.996e+00
#128  4935   1 | 5.36e-01 2.24e-03 +0.045  1.00 | 1.05e+00 8.91e-03 +0.235  1.00 | 2.7e-01 3.8e+00 1.391e+00
#129  4963   1 | 1.54e+00 1.07e-03 +0.147  1.00 | 9.86e-01 6.36e-03 +0.252  1.00 | 2.9e-01 3.7e+00 3.326e+00
#130  1867   1 | 1.14e+00 8.79e-04 -0.027  1.00 | 1.00e+00 5.54e-03 +0.042  1.00 | 3.3e-01 3.1e+00 2.312e+00
#131  3191   1 | 9.25e-01 1.74e-03 +0.181  1.00 | 9.58e-01 7.11e-03 -0.006  1.00 | 3.0e-01 3.3e+00 1.772e+00
#132  3213   1 | 1.13e+00 3.22e-03 +0.286  1.00 | 9.76e-01 1.99e-02 +0.088  1.00 | 2.4e-01 2.8e+00 2.223e+00
#133  2135   1 | 9.77e-01 3.87e-04 -0.200  1.00 | 9.96e-01 1.66e-02 +0.026  1.00 | 2.2e-01 4.7e+00 1.945e+00
#134  1661   1 | 1.36e+00 1.76e-03 -0.001  1.00 | 9.24e-01 1.11e-02 +0.002  1.00 | 3.0e-01 4.7e+00 2.694e+00
#135  4835   1 | 1.13e+00 7.24e-04 -0.139  1.00 | 8.58e-01 2.06e-02 +0.138  0.99 | 2.1e-01 3.3e+00 2.002e+00
#136  2453   1 | 7.55e-01 1.61e-03 -0.167  1.00 | 1.03e+00 7.71e-03 +0.047  1.00 | 3.3e-01 3.7e+00 1.636e+00
#137  3584   1 | 7.47e-01 5.17e-03 -0.187  1.00 | 8.77e-01 2.77e-02 +0.206  0.99 | 3.3e-01 3.0e+00 1.319e+00
#138  4848   1 | 1.16e+00 1.35e-03 +0.661  1.00 | 1.01e+00 7.76e-03 +0.239  1.00 | 3.6e-01 2.9e+00 2.353e+00
#139  3810   1 | 9.95e-01 6.05e-03 -0.373  1.00 | 9.71e-01 2.48e-03 +0.145  1.00 | 3.2e-01 4.8e+00 1.937e+00
#140  4349   1 | 1.05e+00 8.06e-03 +0.442  0.99 | 1.10e+00 2.24e-02 +0.154  0.99 | 3.2e-01 4.7e+00 2.305e+00
#141  3158   1 | 1.20e+00 3.09e-03 -0.737  1.00 | 9.71e-01 1.10e-02 +0.152  1.00 | 3.3e-01 3.7e+00 2.392e+00
#142  3720   1 | 1.11e+00 4.53e-03 -0.789  1.01 | 9.88e-01 1.60e-02 +0.176  0.99 | 3.5e-01 3.7e+00 2.219e+00
#143  1310   1 | 8.15e-01 3.09e-03 -0.007  1.00 | 1.02e+00 5.32e-03 -0.003  1.00 | 3.1e-01 4.5e+00 1.706e+00
#144  3440   1 | 7.71e-01 7.07e-03 +0.154  1.00 | 1.08e+00 1.95e-02 +0.026  1.00 | 2.8e-01 4.5e+00 1.767e+00
#145   284   1 | 1.11e+00 4.28e-03 -0.438  1.00 | 1.02e+00 7.08e-03 +0.025  1.00 | 3.5e-01 4.5e+00 2.270e+00
#146  1343   1 | 1.01e+00 1.06e-02 -0.804  1.02 | 1.03e+00 1.90e-02 +0.149  0.99 | 2.8e-01 3.9e+00 2.084e+00
#147   850   1 | 5.88e-01 3.09e-03 +0.442  1.00 | 1.01e+00 1.94e-02 +0.043  1.00 | 2.8e-01 4.0e+00 1.356e+00
#148  3396   1 | 1.38e+00 2.29e-03 -0.535  1.00 | 9.00e-01 2.21e-02 +0.042  1.00 | 2.2e-01 3.5e+00 2.706e+00
#149   544   1 | 9.89e-01 5.25e-04 +0.247  1.00 | 9.88e-01 1.05e-02 -0.046  1.00 | 3.0e-01 3.1e+00 1.955e+00
#150  4566   1 | 1.43e+00 4.48e-04 +0.156  1.00 | 9.74e-01 3.52e-02 +0.041  1.00 | 2.1e-01 3.3e+00 2.992e+00
#151   351   1 | 1.14e+00 2.20e-03 -0.016  1.00 | 9.83e-01 1.68e-02 -0.008  1.00 | 2.4e-01 3.0e+00 2.259e+00
#152  3663   1 | 6.29e-01 2.20e-03 -0.070  1.00 | 9.67e-01 6.47e-03 +0.049  1.00 | 2.3e-01 2.9e+00 1.330e+00
#153  2321   1 | 1.06e+00 1.55e-03 +0.873  1.00 | 9.33e-01 1.57e-02 +0.107  1.00 | 2.6e-01 3.5e+00 1.980e+00
#154  3455   1 | 8.67e-01 3.89e-04 +0.285  1.00 | 9.92e-01 8.99e-03 +0.173  1.00 | 2.7e-01 3.5e+00 1.732e+00
#155  3719   1 | 1.23e+00 8.91e-04 +0.178  1.00 | 9.32e-01 5.84e-03 +0.071  1.00 | 2.3e-01 4.3e+00 2.377e+00
#156  4988   1 | 1.40e+00 9.50e-04 -0.110  1.00 | 1.11e+00 1.62e-02 +0.574  0.98 | 2.6e-01 3.9e+00 3.169e+00
#157  1822   1 | 1.07e+00 7.60e-04 -0.672  1.00 | 9.80e-01 1.94e-02 +0.104  1.00 | 1.8e-01 4.2e+00 2.107e+00
#158   126   1 | 9.03e-01 1.91e-03 +0.394  1.00 | 1.03e+00 2.20e-03 -0.048  1.00 | 2.1e-01 4.6e+00 1.872e+00
#159  3811   1 | 1.01e+00 1.84e-04 -0.704  1.00 | 1.02e+00 2.25e-03 +0.124  1.00 | 2.0e-01 2.8e+00 2.048e+00
#160   643   1 | 8.05e-01 9.95e-04 -0.312  1.00 | 1.03e+00 7.78e-03 +0.006  1.00 | 2.4e-01 4.4e+00 1.713e+00
#161  3983   1 | 1.29e+00 5.19e-04 +0.069  1.00 | 9.85e-01 2.86e-03 +0.190  1.00 | 2.0e-01 3.4e+00 2.626e+00
#162  2442   1 | 6.44e-01 2.06e-03 +0.041  1.00 | 9.66e-01 2.93e-02 +0.003  1.00 | 2.2e-01 4.2e+00 1.348e+00
#163  4650   1 | 1.26e+00 1.67e-03 -0.565  1.00 | 9.24e-01 1.48e-02 +0.419  0.99 | 1.9e-01 3.9e+00 2.440e+00
#164  2446   1 | 9.89e-01 2.26e-03 -0.488  1.00 | 9.68e-01 2.54e-02 +0.050  1.00 | 2.1e-01 3.2e+00 1.916e+00
#165  4551   1 | 8.90e-01 1.23e-03 +0.202  1.00 | 9.78e-01 7.55e-03 +0.228  1.00 | 2.2e-01 4.0e+00 1.746e+00
#166  1702   1 | 9.92e-01 2.31e-04 +0.400  1.00 | 9.95e-01 2.79e-02 +0.015  1.00 | 1.5e-01 3.9e+00 1.974e+00
#167  3249   1 | 1.09e+00 9.18e-04 +0.600  1.00 | 1.01e+00 9.57e-03 +0.138  1.00 | 1.9e-01 3.9e+00 2.210e+00
#168    93   1 | 1.11e+00 5.57e-04 -0.004  1.00 | 1.00e+00 5.44e-03 +0.050  1.00 | 2.1e-01 3.3e+00 2.227e+00
#169  1149   1 | 7.71e-01 5.28e-04 +0.033  1.00 | 1.02e+00 2.13e-02 -0.025  1.00 | 1.8e-01 3.3e+00 1.644e+00
#170  2870   1 | 6.84e-01 7.73e-04 -0.020  1.00 | 9.35e-01 2.68e-02 +0.040  1.00 | 2.0e-01 3.7e+00 1.340e+00
#171   735   1 | 1.01e+00 4.30e-04 -0.235  1.00 | 9.84e-01 8.96e-03 +0.006  1.00 | 2.1e-01 2.8e+00 1.985e+00
#172  1401   1 | 1.36e+00 1.58e-03 -0.483  1.00 | 1.02e+00 3.67e-02 +0.161  0.99 | 2.1e-01 4.0e+00 2.885e+00
#173  4148   1 | 9.72e-01 2.55e-04 +0.128  1.00 | 9.73e-01 4.01e-03 +0.186  1.00 | 1.7e-01 4.6e+00 1.889e+00
#174  1155   1 | 3.80e-01 1.08e-03 +0.069  1.00 | 1.02e+00 2.81e-03 +0.035  1.00 | 1.9e-01 4.7e+00 1.176e+00
#175   577   1 | 1.38e+00 8.83e-04 -0.466  1.00 | 9.68e-01 1.14e-02 +0.002  1.00 | 1.8e-01 3.7e+00 2.844e+00
#176  4026   1 | 5.99e-01 1.56e-03 +0.340  1.00 | 1.05e+00 1.67e-02 +0.174  0.99 | 1.5e-01 4.6e+00 1.449e+00
#177  4933   1 | 7.27e-01 3.18e-04 +0.284  1.00 | 9.66e-01 5.32e-02 +0.255  0.97 | 1.4e-01 4.2e+00 1.438e+00
#178  3667   1 | 7.47e-01 6.17e-05 +0.001  1.00 | 1.06e+00 2.43e-02 +0.198  0.99 | 1.2e-01 4.0e+00 1.668e+00
#179    69   1 | 9.24e-01 7.55e-04 +0.303  1.00 | 1.04e+00 9.22e-03 +0.035  1.00 | 1.9e-01 3.9e+00 1.944e+00
#180  1129   1 | 1.05e+00 1.36e-04 +0.815  1.00 | 9.83e-01 3.93e-03 -0.003  1.00 | 1.4e-01 3.8e+00 2.066e+00
#181  3180   1 | 6.07e-01 2.40e-04 +0.629  1.00 | 1.05e+00 1.37e-02 +0.114  1.00 | 1.5e-01 3.8e+00 1.461e+00
#182  1364   1 | 1.11e+00 8.18e-05 +0.769  1.00 | 1.01e+00 2.82e-02 +0.068  1.00 | 1.3e-01 4.6e+00 2.245e+00
#183   727   1 | 7.97e-01 9.91e-04 +0.755  1.00 | 9.80e-01 1.78e-02 +0.019  1.00 | 1.6e-01 3.8e+00 1.593e+00
#184   935   1 | 7.55e-01 4.68e-04 -0.463  1.00 | 1.02e+00 5.75e-03 +0.051  1.00 | 1.5e-01 3.6e+00 1.611e+00
#185  2314   1 | 9.16e-01 5.08e-04 -0.685  1.00 | 9.70e-01 1.57e-02 -0.026  1.00 | 1.6e-01 4.0e+00 1.781e+00
#186  3618   1 | 5.68e-01 1.02e-04 +0.195  1.00 | 1.04e+00 3.05e-02 +0.151  0.99 | 1.3e-01 4.5e+00 1.387e+00
#187  4533   1 | 4.57e-01 8.57e-04 -0.071  1.00 | 1.01e+00 8.50e-03 +0.216  1.00 | 1.5e-01 3.8e+00 1.227e+00
#188  2426   1 | 8.15e-01 4.63e-04 +0.254  1.00 | 1.09e+00 2.79e-02 +0.203  0.99 | 1.6e-01 3.2e+00 1.847e+00
#189    12   1 | 6.91e-01 2.33e-04 -0.100  1.00 | 9.29e-01 3.90e-02 +0.119  0.99 | 1.6e-01 3.2e+00 1.335e+00
#190   517   1 | 1.08e+00 4.32e-04 -0.605  1.00 | 9.88e-01 4.91e-03 +0.056  1.00 | 1.6e-01 4.4e+00 2.133e+00
#191  4928   1 | 5.59e-01 5.03e-04 +0.267  1.00 | 1.01e+00 6.29e-03 +0.368  1.00 | 1.4e-01 4.7e+00 1.335e+00
#192  2910   1 | 1.40e+00 5.42e-04 +0.454  1.00 | 9.91e-01 2.47e-03 +0.015  1.00 | 1.5e-01 3.4e+00 2.933e+00
#193  4239   1 | 7.15e-01 4.88e-04 +0.372  1.00 | 9.61e-01 2.56e-02 +0.335  0.98 | 1.6e-01 3.3e+00 1.417e+00
#194   659   1 | 1.28e+00 4.82e-04 +0.675  1.00 | 9.55e-01 2.90e-02 -0.006  1.00 | 1.7e-01 4.6e+00 2.562e+00
#195  4282   1 | 1.18e+00 1.01e-03 -0.295  1.00 | 9.83e-01 2.47e-02 +0.126  0.99 | 1.1e-01 4.0e+00 2.360e+00
#196  1668   1 | 1.60e+00 4.28e-05 +0.165  1.00 | 1.04e+00 2.42e-02 +0.044  1.00 | 1.2e-01 4.4e+00 3.642e+00
#197  3499   1 | 7.45e-01 7.30e-04 -0.818  1.00 | 1.04e+00 1.30e-02 +0.104  1.00 | 1.8e-01 4.3e+00 1.631e+00
#198  3982   1 | 9.89e-01 3.06e-04 +0.374  1.00 | 9.18e-01 5.98e-03 +0.143  1.00 | 1.3e-01 4.0e+00 1.819e+00
#199   936   1 | 1.25e+00 9.86e-04 +0.627  1.00 | 1.06e+00 8.17e-03 +0.078  1.00 | 1.5e-01 4.0e+00 2.685e+00
#200  2080   1 | 1.44e+00 4.98e-04 +0.335  1.00 | 1.02e+00 2.89e-02 +0.049  1.00 | 1.7e-01 4.0e+00 3.111e+00
#201  1913   1 | 6.62e-01 1.51e-03 -0.132  1.00 | 9.90e-01 3.23e-02 +0.027  1.00 | 1.7e-01 4.0e+00 1.418e+00
#202  3509   1 | 1.35e+00 6.02e-04 +0.507  1.00 | 1.00e+00 3.06e-02 +0.208  0.99 | 1.7e-01 3.3e+00 2.824e+00
#203  3474   1 | 1.02e+00 4.17e-04 -0.184  1.00 | 9.71e-01 4.92e-03 +0.121  1.00 | 1.5e-01 3.5e+00 1.976e+00
#204    50   1 | 7.33e-01 8.88e-04 +0.095  1.00 | 9.94e-01 4.93e-02 +0.127  0.99 | 1.5e-01 4.4e+00 1.515e+00
#205  2576   1 | 1.20e+00 2.92e-04 +0.757  1.00 | 9.50e-01 1.02e-02 -0.027  1.00 | 1.8e-01 4.5e+00 2.353e+00
#206   240   1 | 1.16e+00 1.70e-04 +0.567  1.00 | 9.86e-01 3.53e-02 +0.022  1.00 | 1.4e-01 3.2e+00 2.316e+00
#207  1259   1 | 1.21e+00 3.91e-04 +0.879  1.00 | 9.63e-01 2.48e-02 -0.144  1.01 | 1.7e-01 3.4e+00 2.386e+00
#208   997   1 | 1.09e+00 5.13e-04 -0.044  1.00 | 1.03e+00 2.42e-03 -0.056  1.00 | 1.7e-01 4.5e+00 2.247e+00
#209  3281   1 | 4.32e-01 7.23e-04 +0.254  1.00 | 9.86e-01 7.15e-03 +0.088  1.00 | 1.8e-01 3.3e+00 1.157e+00
#210  3670   1 | 1.05e+00 8.50e-04 -0.609  1.00 | 1.02e+00 3.30e-02 +0.072  1.00 | 1.7e-01 4.1e+00 2.155e+00
#211  3024   1 | 1.21e+00 4.44e-04 -0.637  1.00 | 9.94e-01 1.12e-02 +0.089  1.00 | 1.8e-01 4.0e+00 2.453e+00
#212  1380   1 | 1.01e+00 1.30e-03 -0.484  1.00 | 1.03e+00 3.39e-02 +0.092  0.99 | 1.8e-01 3.7e+00 2.064e+00
#213  3447   1 | 1.04e+00 2.88e-04 +0.309  1.00 | 9.43e-01 2.89e-02 -0.201  1.01 | 1.3e-01 4.6e+00 1.987e+00
#214   388   1 | 1.09e+00 4.48e-04 -0.657  1.00 | 1.03e+00 3.06e-02 +0.002  1.00 | 1.4e-01 3.4e+00 2.254e+00
#215  3416   1 | 8.15e-01 3.15e-04 +0.365  1.00 | 9.40e-01 3.56e-02 +0.204  0.99 | 1.7e-01 2.6e+00 1.535e+00
#216  3261   1 | 1.17e+00 8.60e-04 -0.679  1.00 | 1.03e+00 9.80e-03 +0.005  1.00 | 1.4e-01 4.2e+00 2.430e+00
#217  4855   1 | 5.67e-01 6.27e-04 +0.114  1.00 | 1.06e+00 2.26e-02 +0.155  0.99 | 1.6e-01 4.8e+00 1.433e+00
#218  3095   1 | 1.15e+00 1.03e-03 -0.169  1.00 | 9.28e-01 1.62e-02 +0.021  1.00 | 1.9e-01 3.5e+00 2.182e+00
#219  1366   1 | 1.29e+00 1.02e-04 -0.631  1.00 | 9.61e-01 3.74e-02 +0.028  1.00 | 1.3e-01 4.4e+00 2.576e+00
#220  2618   1 | 8.35e-01 4.44e-04 +0.413  1.00 | 1.00e+00 2.31e-02 +0.034  1.00 | 1.6e-01 3.6e+00 1.701e+00
#221  4583   1 | 7.38e-01 5.14e-04 +0.150  1.00 | 9.88e-01 1.21e-02 +0.183  1.00 | 1.7e-01 3.9e+00 1.517e+00
#222  4664   1 | 1.08e+00 4.56e-04 -0.338  1.00 | 8.49e-01 5.79e-02 +0.332  0.96 | 1.8e-01 3.5e+00 1.859e+00
#223  4018   1 | 1.12e+00 9.51e-04 +0.077  1.00 | 1.01e+00 1.34e-02 +0.169  1.00 | 1.3e-01 3.8e+00 2.268e+00
#224  1533   1 | 4.43e-01 5.10e-04 -0.384  1.00 | 1.01e+00 4.16e-02 +0.103  0.99 | 1.5e-01 3.8e+00 1.202e+00
#225   361   1 | 6.95e-01 7.37e-04 -0.117  1.00 | 1.02e+00 2.15e-02 +0.068  1.00 | 1.7e-01 3.7e+00 1.524e+00
#226  3608   1 | 8.87e-01 4.30e-04 -0.418  1.00 | 9.63e-01 1.61e-02 +0.157  1.00 | 1.4e-01 4.0e+00 1.711e+00
#227   327   1 | 9.55e-01 7.48e-04 -0.253  1.00 | 9.42e-01 1.75e-02 +0.053  1.00 | 1.7e-01 4.0e+00 1.799e+00
#228  3948   1 | 1.28e+00 1.97e-04 +0.045  1.00 | 1.02e+00 2.20e-02 +0.385  0.98 | 1.5e-01 4.4e+00 2.651e+00
#229  4832   1 | 1.40e+00 5.46e-04 -0.155  1.00 | 1.04e+00 2.93e-02 +0.395  0.98 | 1.5e-01 2.8e+00 3.029e+00
#230  3104   1 | 9.93e-01 3.65e-04 -0.413  1.00 | 1.01e+00 1.57e-02 +0.130  1.00 | 1.3e-01 3.2e+00 2.002e+00
#231   296   1 | 9.78e-01 1.40e-04 +0.287  1.00 | 1.02e+00 7.55e-03 -0.040  1.00 | 1.5e-01 3.7e+00 2.005e+00
#232   258   1 | 1.13e+00 4.21e-04 -0.283  1.00 | 9.51e-01 7.24e-03 -0.011  1.00 | 1.7e-01 4.1e+00 2.191e+00
#233  1817   1 | 1.25e+00 5.65e-04 +0.695  1.00 | 1.00e+00 2.24e-02 +0.090  1.00 | 1.4e-01 5.3e+00 2.560e+00
#234   874   1 | 1.34e+00 1.46e-04 +0.052  1.00 | 8.97e-01 2.68e-02 +0.211  0.99 | 1.8e-01 3.0e+00 2.591e+00
#235  4572   1 | 5.34e-01 1.32e-04 +0.324  1.00 | 1.03e+00 3.05e-02 +0.168  0.99 | 1.1e-01 3.5e+00 1.345e+00
#236  1229   1 | 9.32e-01 5.62e-04 +0.632  1.00 | 9.05e-01 4.22e-02 -0.059  1.01 | 1.6e-01 3.5e+00 1.693e+00
#237  4701   1 | 7.61e-01 3.62e-04 -0.380  1.00 | 9.89e-01 2.21e-02 +0.339  0.99 | 1.4e-01 3.4e+00 1.544e+00
#238   379   1 | 9.95e-01 5.27e-04 -0.036  1.00 | 1.03e+00 1.55e-02 +0.033  1.00 | 1.2e-01 3.0e+00 2.043e+00
#239  4223   1 | 3.32e-01 5.14e-04 -0.174  1.00 | 1.00e+00 2.48e-02 +0.230  0.99 | 1.3e-01 3.9e+00 1.105e+00
#240  4698   1 | 4.73e-01 4.95e-04 -0.235  1.00 | 1.04e+00 1.73e-02 +0.228  0.99 | 1.4e-01 4.6e+00 1.298e+00
#241  2839   1 | 6.31e-01 2.02e-04 +0.208  1.00 | 9.31e-01 3.72e-02 -0.119  1.01 | 1.5e-01 3.2e+00 1.275e+00
#242  3898   1 | 8.14e-01 2.76e-04 -0.106  1.00 | 1.05e+00 2.75e-02 +0.096  1.00 | 1.4e-01 3.7e+00 1.757e+00
#243   320   1 | 1.05e+00 3.86e-04 -0.583  1.00 | 9.50e-01 2.79e-02 -0.011  1.00 | 1.6e-01 3.5e+00 2.008e+00
#244   352   1 | 1.92e+00 5.50e-04 -0.677  1.00 | 1.05e+00 1.29e-02 -0.056  1.00 | 1.4e-01 3.3e+00 4.799e+00
#245  1951   1 | 1.03e+00 2.76e-04 +0.057  1.00 | 9.61e-01 2.59e-02 +0.103  1.00 | 1.4e-01 4.6e+00 1.988e+00
#246    60   1 | 7.00e-01 8.63e-04 +0.262  1.00 | 9.86e-01 1.01e-02 +0.059  1.00 | 1.4e-01 4.2e+00 1.461e+00
#247   361   1 | 1.06e+00 1.98e-04 +0.178  1.00 | 9.73e-01 4.10e-02 +0.086  0.99 | 1.5e-01 2.9e+00 2.056e+00
#248  4188   1 | 1.06e+00 1.37e-04 +0.559  1.00 | 1.01e+00 5.03e-02 +0.140  0.99 | 1.1e-01 3.6e+00 2.145e+00
#249   184   1 | 1.14e+00 6.69e-04 +0.218  1.00 | 9.16e-01 1.39e-02 +0.035  1.00 | 1.4e-01 3.3e+00 2.141e+00
#250  3121   1 | 9.58e-01 4.48e-04 +0.140  1.00 | 1.07e+00 2.56e-02 +0.111  1.00 | 1.3e-01 4.1e+00 2.061e+00
#251   713   1 | 1.24e+00 5.00e-04 +0.559  1.00 | 9.88e-01 2.87e-02 +0.063  1.00 | 1.7e-01 3.7e+00 2.499e+00
#252  2480   1 | 6.56e-01 3.71e-04 +0.100  1.00 | 1.10e+00 3.77e-02 +0.045  1.00 | 1.3e-01 3.2e+00 1.648e+00
#253   788   1 | 1.29e+00 4.24e-04 +0.243  1.00 | 9.92e-01 1.43e-02 +0.027  1.00 | 1.3e-01 4.3e+00 2.650e+00
#254   645   1 | 6.59e-01 1.98e-04 +0.534  1.00 | 9.83e-01 3.92e-02 +0.014  1.00 | 1.1e-01 3.7e+00 1.402e+00
#255  1216   1 | 1.02e+00 2.98e-04 -0.556  1.00 | 9.86e-01 4.02e-02 +0.024  1.00 | 1.1e-01 3.7e+00 2.013e+00
#256  3286   1 | 1.11e+00 4.73e-04 -0.091  1.00 | 9.67e-01 8.82e-02 +0.095  0.99 | 1.2e-01 4.0e+00 2.167e+00
#257  2889   1 | 1.03e+00 1.17e-04 -0.424  1.00 | 1.01e+00 5.22e-03 +0.073  1.00 | 1.5e-01 4.7e+00 2.073e+00
#258  3616   1 | 1.13e+00 5.48e-04 +0.697  1.00 | 9.49e-01 4.11e-02 +0.105  0.99 | 1.1e-01 3.6e+00 2.170e+00
#259  3736   1 | 1.45e+00 3.39e-04 +0.064  1.00 | 9.43e-01 3.98e-03 +0.051  1.00 | 1.5e-01 5.2e+00 2.976e+00
#260  4291   1 | 1.33e+00 1.26e-04 -0.699  1.00 | 9.69e-01 1.51e-02 +0.179  0.99 | 1.4e-01 3.2e+00 2.704e+00
#261  4738   1 | 5.25e-01 3.00e-04 -0.005  1.00 | 1.05e+00 2.15e-02 +0.288  0.99 | 1.4e-01 4.2e+00 1.367e+00
#262  1392   1 | 7.05e-01 4.58e-04 -0.277  1.00 | 9.83e-01 2.63e-02 +0.095  1.00 | 1.4e-01 3.3e+00 1.460e+00
#263  1652   1 | 1.10e+00 7.46e-04 +0.048  1.00 | 9.62e-01 1.35e-02 -0.065  1.00 | 1.6e-01 3.1e+00 2.137e+00
#264  1738   1 | 1.22e+00 7.34e-04 +0.632  1.00 | 9.41e-01 4.09e-02 +0.026  1.00 | 1.5e-01 3.2e+00 2.360e+00
#265  2497   1 | 1.01e+00 7.54e-04 -0.650  1.00 | 1.05e+00 5.08e-02 +0.094  0.99 | 1.3e-01 3.9e+00 2.121e+00
#266    46   1 | 6.82e-01 7.82e-04 +0.290  1.00 | 1.02e+00 1.13e-02 +0.043  1.00 | 1.2e-01 4.0e+00 1.507e+00
#267  3404   1 | 1.04e+00 3.30e-04 -0.704  1.00 | 1.02e+00 1.62e-02 +0.071  1.00 | 1.5e-01 4.1e+00 2.124e+00
#268   436   1 | 8.32e-01 2.89e-04 +0.284  1.00 | 1.02e+00 1.89e-02 -0.084  1.00 | 1.6e-01 4.1e+00 1.741e+00
#269  2988   1 | 9.92e-01 2.06e-04 +0.322  1.00 | 1.03e+00 4.21e-02 +0.127  0.99 | 1.4e-01 2.6e+00 2.040e+00
#270  4703   1 | 1.40e+00 4.58e-04 +0.060  1.00 | 9.86e-01 3.69e-02 +0.277  0.98 | 1.6e-01 3.7e+00 2.926e+00
#271  3525   1 | 8.17e-01 7.26e-04 +0.524  1.00 | 1.05e+00 2.10e-02 +0.104  1.00 | 1.3e-01 3.9e+00 1.756e+00
#272    42   1 | 6.72e-01 3.52e-04 -0.856  1.00 | 1.04e+00 2.52e-02 -0.093  1.01 | 1.8e-01 3.1e+00 1.536e+00
#273  3553   1 | 1.15e+00 1.38e-03 -0.112  1.00 | 9.89e-01 1.02e-01 +0.133  0.98 | 1.7e-01 3.7e+00 2.285e+00
#274  4031   1 | 1.08e+00 1.66e-04 -0.285  1.00 | 1.01e+00 1.03e-02 +0.089  1.00 | 1.7e-01 3.0e+00 2.184e+00
#275  4065   1 | 1.03e+00 4.26e-04 -0.124  1.00 | 9.72e-01 5.51e-02 +0.114  0.99 | 1.5e-01 3.6e+00 1.998e+00
#276  3016   1 | 1.38e+00 4.01e-04 +0.416  1.00 | 1.01e+00 2.38e-02 +0.069  1.00 | 1.3e-01 3.9e+00 2.919e+00
#277  3156   1 | 3.32e-01 4.89e-04 -0.425  1.00 | 1.10e+00 3.24e-02 +0.273  0.98 | 1.7e-01 4.3e+00 1.298e+00
#278  2943   1 | 1.53e+00 1.36e-04 -0.327  1.00 | 1.03e+00 1.59e-02 -0.021  1.00 | 1.5e-01 5.2e+00 3.399e+00
#279  4418   1 | 5.57e-01 2.34e-03 -0.396  1.00 | 9.25e-01 4.61e-02 +0.123  0.99 | 1.3e-01 3.7e+00 1.158e+00
#280  2389   1 | 8.20e-01 1.69e-03 +0.458  1.00 | 9.38e-01 3.72e-02 +0.158  0.99 | 1.4e-01 3.7e+00 1.541e+00
#281    26   1 | 8.88e-01 1.24e-04 +0.241  1.00 | 9.70e-01 1.45e-02 +0.008  1.00 | 1.7e-01 3.7e+00 1.729e+00
#282  3852   1 | 8.76e-01 2.27e-04 -0.066  1.00 | 1.03e+00 3.60e-02 +0.269  0.98 | 1.6e-01 3.2e+00 1.814e+00
#283   703   1 | 3.73e-01 7.15e-04 -0.418  1.00 | 8.27e-01 3.73e-02 +0.017  1.00 | 1.4e-01 3.9e+00 8.230e-01
#284  3496   1 | 1.21e+00 6.00e-04 +0.732  1.00 | 8.84e-01 2.06e-02 +0.178  0.99 | 1.8e-01 4.7e+00 2.250e+00
#285  4075   1 | 1.13e+00 1.75e-04 -0.218  1.00 | 1.04e+00 3.63e-02 +0.121  0.99 | 1.6e-01 3.7e+00 2.346e+00
#286  4117   1 | 6.97e-01 4.87e-04 +0.143  1.00 | 9.88e-01 3.00e-02 +0.218  0.99 | 1.7e-01 3.6e+00 1.449e+00
#287   468   1 | 1.06e+00 2.38e-04 +0.253  1.00 | 1.01e+00 7.49e-03 +0.064  1.00 | 1.6e-01 3.6e+00 2.151e+00
#288  3350   1 | 9.36e-01 1.36e-03 -0.043  1.00 | 9.66e-01 4.06e-02 +0.278  0.98 | 1.8e-01 3.8e+00 1.790e+00
#289   456   1 | 4.88e-01 6.46e-04 -0.390  1.00 | 1.02e+00 2.01e-02 +0.013  1.00 | 1.5e-01 3.1e+00 1.279e+00
#290  3347   1 | 7.62e-01 4.79e-04 -0.050  1.00 | 1.09e+00 4.93e-02 +0.239  0.98 | 1.6e-01 4.2e+00 1.747e+00
#291   625   1 | 8.83e-01 4.52e-04 -0.541  1.00 | 9.98e-01 4.02e-02 +0.299  0.98 | 1.6e-01 2.8e+00 1.754e+00
#292   300   1 | 1.10e+00 3.05e-04 -0.616  1.00 | 1.01e+00 8.47e-03 +0.087  1.00 | 1.4e-01 3.6e+00 2.238e+00
#293  2621   1 | 7.32e-01 1.61e-04 +0.061  1.00 | 9.96e-01 6.92e-03 +0.018  1.00 | 1.6e-01 3.7e+00 1.528e+00
#294  1644   1 | 5.98e-01 9.11e-04 +0.366  1.00 | 1.06e+00 4.40e-02 +0.080  1.00 | 1.7e-01 3.9e+00 1.483e+00
#295  4004   1 | 1.13e+00 9.42e-05 -0.632  1.00 | 1.01e+00 1.50e-02 +0.137  1.00 | 1.7e-01 3.4e+00 2.291e+00
#296  3575   1 | 1.32e+00 7.59e-04 +0.476  1.00 | 9.24e-01 4.33e-02 +0.148  0.99 | 1.8e-01 3.6e+00 2.573e+00
#297  4857   1 | 8.25e-01 4.26e-04 +0.194  1.00 | 1.01e+00 7.34e-03 +0.298  1.00 | 1.8e-01 3.4e+00 1.699e+00
#298   806   1 | 9.61e-01 1.52e-04 +0.371  1.00 | 1.00e+00 5.01e-03 -0.026  1.00 | 1.6e-01 4.6e+00 1.932e+00
#299  3546   1 | 9.52e-01 1.77e-03 +0.097  1.00 | 9.42e-01 5.08e-02 +0.115  0.99 | 1.9e-01 4.1e+00 1.784e+00
#300  4257   1 | 6.15e-01 7.84e-04 -0.766  1.00 | 9.80e-01 5.05e-02 +0.184  0.98 | 2.0e-01 4.2e+00 1.323e+00
#301  1314   1 | 7.83e-01 5.34e-04 -0.254  1.00 | 9.52e-01 1.38e-02 +0.054  1.00 | 1.5e-01 3.7e+00 1.517e+00
#302  3974   1 | 1.09e+00 1.76e-03 -0.239  1.00 | 1.03e+00 9.48e-02 +0.143  0.98 | 1.9e-01 4.5e+00 2.226e+00
#303  4317   1 | 1.66e+00 3.21e-04 -0.150  1.00 | 9.38e-01 5.34e-02 +0.241  0.98 | 1.6e-01 4.3e+00 3.611e+00
#304  2685   1 | 1.06e+00 4.46e-03 +0.368  1.00 | 1.01e+00 5.68e-02 -0.001  1.00 | 1.6e-01 4.1e+00 2.156e+00
#305  4586   1 | 1.18e+00 2.38e-04 +0.096  1.00 | 9.89e-01 2.30e-02 +0.218  0.99 | 1.8e-01 3.6e+00 2.370e+00
#306  2882   1 | 3.79e-01 3.93e-04 +0.678  1.00 | 9.48e-01 5.17e-02 +0.121  0.99 | 1.7e-01 3.3e+00 1.033e+00
#307  2359   1 | 1.07e+00 3.96e-04 +0.519  1.00 | 1.00e+00 9.43e-03 +0.084  1.00 | 1.7e-01 4.1e+00 2.145e+00
#308  4671   1 | 3.00e-01 1.68e-03 +0.065  1.00 | 9.96e-01 5.44e-02 +0.326  0.97 | 1.6e-01 3.5e+00 1.051e+00
#309  4340   1 | 7.03e-01 4.24e-04 -0.126  1.00 | 1.02e+00 1.51e-02 +0.181  0.99 | 1.9e-01 2.8e+00 1.530e+00
#310  2594   1 | 9.59e-01 3.00e-03 +0.277  1.00 | 9.55e-01 5.14e-02 +0.255  0.98 | 1.6e-01 3.8e+00 1.807e+00
#311   329   1 | 7.40e-01 5.77e-04 +0.624  1.00 | 1.05e+00 6.52e-02 +0.032  1.00 | 1.7e-01 3.6e+00 1.642e+00
#312  4041   1 | 5.17e-01 4.57e-04 -0.196  1.00 | 9.87e-01 9.62e-03 +0.174  1.00 | 2.1e-01 3.5e+00 1.238e+00
#313   864   1 | 6.44e-01 4.80e-04 +0.189  1.00 | 1.04e+00 2.11e-02 +0.127  1.00 | 1.7e-01 5.0e+00 1.490e+00
#314   129   1 | 9.99e-01 3.27e-04 +0.166  1.00 | 1.00e+00 2.34e-02 +0.036  1.00 | 1.5e-01 4.2e+00 2.001e+00
#315  3684   1 | 1.35e+00 2.73e-03 -0.083  1.00 | 9.83e-01 3.58e-02 +0.215  0.99 | 2.0e-01 3.6e+00 2.766e+00
#316  3814   1 | 7.54e-01 3.16e-03 +0.058  1.00 | 9.93e-01 9.02e-02 +0.159  0.98 | 2.2e-01 4.5e+00 1.533e+00
#317  3704   1 | 1.21e+00 3.76e-03 -0.570  1.00 | 9.97e-01 3.18e-02 +0.187  0.99 | 2.4e-01 3.4e+00 2.455e+00
#318  1613   1 | 1.12e+00 6.30e-04 +0.663  1.00 | 1.01e+00 1.65e-02 -0.022  1.00 | 1.9e-01 3.2e+00 2.262e+00
#319   774   1 | 9.26e-01 3.09e-04 +0.348  1.00 | 9.72e-01 1.92e-02 +0.027  1.00 | 1.7e-01 4.0e+00 1.802e+00
#320  3092   1 | 1.67e-01 1.68e-03 -0.110  1.00 | 9.85e-01 2.00e-02 +0.063  1.00 | 2.0e-01 3.9e+00 9.969e-01
#321  1115   1 | 8.38e-01 9.06e-04 -0.586  1.00 | 1.01e+00 5.44e-02 -0.017  1.00 | 1.6e-01 3.7e+00 1.728e+00
#322  4660   1 | 1.10e+00 1.55e-03 +0.424  1.00 | 1.02e+00 1.98e-01 +0.214  0.95 | 1.7e-01 4.6e+00 2.206e+00
#323  2347   1 | 6.11e-01 2.49e-04 +0.223  1.00 | 1.01e+00 2.67e-02 +0.044  1.00 | 2.0e-01 4.7e+00 1.388e+00
#324  3411   1 | 1.02e+00 8.78e-04 +0.266  1.00 | 9.76e-01 3.28e-02 +0.078  1.00 | 1.9e-01 4.3e+00 1.995e+00
#325  1853   1 | 5.48e-01 5.81e-04 +0.586  1.00 | 9.80e-01 2.98e-02 +0.012  1.00 | 2.0e-01 3.7e+00 1.260e+00
#326  4283   1 | 9.83e-01 4.02e-04 -0.086  1.00 | 1.03e+00 2.14e-02 +0.187  0.99 | 2.2e-01 2.9e+00 2.022e+00
#327   537   1 | 1.24e+00 4.88e-04 -0.473  1.00 | 9.97e-01 2.72e-02 +0.083  1.00 | 2.1e-01 3.4e+00 2.536e+00
#328  2436   1 | 9.09e-01 3.02e-03 -0.617  1.00 | 8.43e-01 4.07e-02 +0.185  0.98 | 2.5e-01 3.7e+00 1.528e+00
#329  4850   1 | 1.21e+00 9.29e-04 -0.595  1.00 | 1.02e+00 8.23e-03 +0.206  1.00 | 2.0e-01 3.1e+00 2.500e+00
#330  2615   1 | 1.11e+00 2.02e-03 +0.045  1.00 | 9.56e-01 1.98e-02 +0.036  1.00 | 2.3e-01 3.3e+00 2.136e+00
#331  4628   1 | 6.90e-01 2.06e-03 -0.210  1.00 | 1.04e+00 1.20e-02 +0.204  1.00 | 2.1e-01 4.5e+00 1.544e+00
#332  4967   1 | 6.46e-01 3.95e-03 +0.161  1.00 | 9.15e-01 3.58e-02 +0.324  0.98 | 1.9e-01 3.1e+00 1.233e+00
#333  1808   1 | 8.47e-01 9.70e-04 -0.920  1.00 | 1.02e+00 1.07e-02 -0.005  1.00 | 1.9e-01 3.8e+00 1.764e+00
#334   265   1 | 7.57e-01 1.11e-03 +0.513  1.00 | 1.01e+00 2.13e-02 +0.001  1.00 | 2.1e-01 4.1e+00 1.586e+00
#335  3272   1 | 1.03e+00 1.03e-03 -0.501  1.00 | 9.42e-01 3.60e-02 -0.018  1.00 | 1.8e-01 4.3e+00 1.945e+00
#336  3523   1 | 8.05e-01 2.47e-04 +0.047  1.00 | 9.80e-01 1.55e-02 +0.138  1.00 | 1.9e-01 3.9e+00 1.604e+00
#337   977   1 | 8.63e-01 4.18e-03 -0.493  1.00 | 1.01e+00 4.35e-02 +0.019  1.00 | 1.5e-01 3.3e+00 1.773e+00
#338  4345   1 | 1.16e+00 3.29e-03 -0.242  1.00 | 9.18e-01 6.15e-02 +0.113  0.99 | 1.7e-01 3.8e+00 2.183e+00
#339  2820   1 | 1.10e+00 1.54e-04 -0.152  1.00 | 1.01e+00 2.99e-02 +0.081  1.00 | 1.8e-01 4.5e+00 2.227e+00
#340  3119   1 | 4.74e-01 1.20e-04 -0.914  1.00 | 1.02e+00 1.60e-02 -0.025  1.00 | 1.8e-01 2.9e+00 1.266e+00
#341  2644   1 | 4.23e-01 6.93e-04 -0.329  1.00 | 1.01e+00 7.48e-02 +0.152  0.98 | 1.7e-01 3.6e+00 1.184e+00
#342  1423   1 | 1.09e+00 2.77e-04 -0.355  1.00 | 9.64e-01 2.96e-02 +0.041  1.00 | 1.9e-01 2.8e+00 2.113e+00
#343  1144   1 | 1.06e+00 4.41e-04 +0.415  1.00 | 9.65e-01 1.72e-02 +0.075  1.00 | 1.7e-01 3.1e+00 2.051e+00
#344  2746   1 | 8.42e-01 1.70e-03 -0.440  1.00 | 1.01e+00 7.70e-02 +0.032  1.00 | 1.7e-01 4.6e+00 1.741e+00
#345  2731   1 | 9.00e-01 7.88e-04 +0.683  1.00 | 9.76e-01 5.82e-02 -0.010  1.00 | 1.8e-01 4.1e+00 1.766e+00
#346  3205   1 | 9.20e-01 8.00e-04 +0.093  1.00 | 1.03e+00 2.24e-02 +0.116  1.00 | 2.1e-01 3.5e+00 1.893e+00
#347   331   1 | 9.87e-01 2.39e-03 -0.177  1.00 | 1.11e+00 4.38e-02 -0.021  1.00 | 2.0e-01 2.9e+00 2.221e+00
#348   552   1 | 7.28e-01 1.76e-04 -0.108  1.00 | 9.95e-01 1.98e-02 +0.003  1.00 | 1.8e-01 3.4e+00 1.520e+00
#349  2223   1 | 1.20e+00 1.44e-04 -0.120  1.00 | 9.82e-01 1.50e-02 +0.011  1.00 | 1.8e-01 2.8e+00 2.393e+00
#350  3642   1 | 1.49e+00 9.18e-04 -0.860  1.00 | 9.92e-01 6.27e-02 +0.074  0.99 | 2.0e-01 3.2e+00 3.209e+00
#351  3666   1 | 8.39e-01 1.31e-04 +0.018  1.00 | 1.02e+00 3.04e-02 +0.147  0.99 | 1.8e-01 4.1e+00 1.728e+00
#352  3416   1 | 1.06e+00 2.39e-04 +0.043  1.00 | 1.03e+00 7.78e-03 +0.098  1.00 | 1.8e-01 4.2e+00 2.165e+00
#353  1060   1 | 9.98e-01 4.31e-04 -0.233  1.00 | 1.01e+00 4.83e-02 -0.081  1.01 | 1.9e-01 3.0e+00 2.027e+00
#354  1346   1 | 9.60e-01 2.05e-03 +0.566  1.00 | 9.48e-01 6.16e-02 -0.160  1.03 | 1.5e-01 3.3e+00 1.841e+00
#355   563   1 | 9.70e-01 3.00e-04 -0.631  1.00 | 1.01e+00 2.49e-02 +0.015  1.00 | 1.7e-01 4.1e+00 1.964e+00
#356   415   1 | 1.07e+00 5.59e-04 +0.235  1.00 | 9.67e-01 4.25e-02 +0.019  1.00 | 1.9e-01 4.0e+00 2.090e+00
#357  4767   1 | 1.40e+00 3.86e-04 -0.633  1.00 | 9.60e-01 1.34e-02 +0.348  0.99 | 1.8e-01 4.0e+00 2.886e+00
#358  4524   1 | 9.86e-01 2.11e-04 +0.198  1.00 | 9.94e-01 3.42e-02 +0.143  0.99 | 1.9e-01 3.8e+00 1.951e+00
#359  2565   1 | 1.55e+00 6.68e-04 +0.136  1.00 | 9.73e-01 6.48e-02 +0.076  0.99 | 1.9e-01 4.5e+00 3.330e+00
#360  1562   1 | 9.44e-01 3.24e-04 -0.263  1.00 | 1.04e+00 3.07e-02 +0.067  1.00 | 1.7e-01 2.9e+00 1.962e+00
#361  2306   1 | 7.06e-01 3.80e-04 +0.074  1.00 | 9.51e-01 2.11e-02 +0.136  0.99 | 2.0e-01 3.2e+00 1.398e+00
#362  1555   1 | 1.00e+00 6.35e-04 -0.755  1.00 | 9.48e-01 5.44e-02 +0.104  0.99 | 1.8e-01 4.1e+00 1.899e+00
#363  1701   1 | 1.20e+00 1.82e-04 +0.440  1.00 | 1.01e+00 1.40e-02 +0.029  1.00 | 1.8e-01 4.2e+00 2.460e+00
#364   113   1 | 9.71e-01 4.77e-04 +0.403  1.00 | 9.65e-01 1.49e-02 +0.123  1.00 | 1.7e-01 3.8e+00 1.871e+00
#365   397   1 | 1.19e+00 2.38e-04 -0.125  1.00 | 9.72e-01 7.03e-02 +0.001  1.01 | 1.4e-01 3.3e+00 2.372e+00
#366  1851   1 | 4.28e-01 7.64e-04 -0.604  1.00 | 9.94e-01 6.10e-02 +0.193  0.98 | 1.8e-01 3.9e+00 1.151e+00
#367  1338   1 | 1.15e+00 4.59e-04 -0.370  1.00 | 1.00e+00 1.83e-02 +0.050  1.00 | 1.8e-01 4.0e+00 2.324e+00
#368  3120   1 | 1.25e+00 2.36e-04 +0.258  1.00 | 9.64e-01 3.57e-02 +0.052  1.00 | 1.9e-01 4.0e+00 2.489e+00
#369  1683   1 | 1.50e+00 7.03e-04 +0.147  1.00 | 9.60e-01 5.36e-02 +0.156  0.99 | 1.3e-01 3.7e+00 3.170e+00
#370   685   1 | 1.04e+00 7.92e-04 +0.356  1.00 | 8.48e-01 9.52e-02 -0.214  1.06 | 2.0e-01 3.8e+00 1.847e+00
#371  3971   1 | 1.14e+00 6.32e-04 -0.279  1.00 | 9.26e-01 4.71e-02 +0.200  0.98 | 1.8e-01 3.9e+00 2.131e+00
#372  4341   1 | 1.02e+00 7.09e-04 +0.472  1.00 | 1.02e+00 8.17e-02 +0.164  0.98 | 1.7e-01 4.5e+00 2.057e+00
#373   461   1 | 6.07e-01 3.69e-04 +0.075  1.00 | 1.02e+00 1.09e-02 -0.001  1.00 | 1.7e-01 3.4e+00 1.399e+00
#374  2823   1 | 9.59e-01 5.35e-04 -0.507  1.00 | 9.79e-01 1.82e-02 +0.080  1.00 | 1.8e-01 3.6e+00 1.878e+00
#375  1950   1 | 1.12e+00 4.36e-04 -0.265  1.00 | 1.02e+00 1.34e-02 +0.113  1.00 | 1.4e-01 4.2e+00 2.278e+00
#376  1654   1 | 6.52e-01 3.45e-04 +0.158  1.00 | 9.00e-01 3.63e-02 -0.079  1.01 | 1.5e-01 3.2e+00 1.241e+00
#377  1336   1 | 4.42e-01 2.17e-04 -0.000  1.00 | 1.01e+00 1.16e-02 +0.028  1.00 | 1.7e-01 2.7e+00 1.215e+00
#378  2710   1 | 2.52e-01 5.25e-04 -0.019  1.00 | 9.83e-01 2.81e-02 +0.099  1.00 | 1.9e-01 3.8e+00 1.026e+00
#379  2886   1 | 1.15e+00 1.11e-03 -0.393  1.00 | 1.14e+00 5.29e-02 +0.048  1.00 | 1.7e-01 4.4e+00 2.635e+00
#380  3044   1 | 1.47e+00 4.70e-04 -0.302  1.00 | 1.03e+00 5.68e-02 +0.130  0.99 | 1.4e-01 3.8e+00 3.216e+00
#381  1780   1 | 1.09e+00 2.94e-04 -0.255  1.00 | 1.07e+00 4.47e-02 +0.071  1.00 | 1.9e-01 3.3e+00 2.332e+00
#382  2823   1 | 1.05e+00 6.00e-04 +0.082  1.00 | 1.02e+00 1.82e-02 +0.059  1.00 | 1.6e-01 3.8e+00 2.122e+00
#383  4473   1 | 1.26e+00 6.83e-04 +0.352  1.00 | 1.03e+00 4.08e-02 +0.142  0.99 | 1.9e-01 4.6e+00 2.641e+00
#384  1263   1 | 9.28e-01 5.05e-04 +0.866  1.00 | 9.78e-01 4.76e-02 -0.017  1.00 | 1.6e-01 4.1e+00 1.821e+00
#385   903   1 | 1.05e+00 5.18e-04 -0.590  1.00 | 9.18e-01 4.73e-02 -0.000  1.00 | 1.7e-01 4.0e+00 1.943e+00
#386   951   1 | 1.22e+00 7.17e-04 +0.167  1.00 | 1.00e+00 6.09e-02 +0.080  0.99 | 1.8e-01 3.4e+00 2.477e+00
#387  3993   1 | 1.03e+00 4.92e-04 -0.633  1.00 | 1.01e+00 4.33e-02 +0.151  0.99 | 1.8e-01 3.8e+00 2.086e+00
#388  4650   1 | 1.15e+00 8.97e-04 +0.297  1.00 | 9.10e-01 6.38e-02 +0.406  0.95 | 1.9e-01 3.2e+00 2.099e+00
#389  2882   1 | 6.71e-01 6.79e-04 +0.338  1.00 | 1.02e+00 5.32e-02 +0.050  1.00 | 1.9e-01 3.1e+00 1.494e+00
#390   710   1 | 1.10e+00 2.27e-04 +0.210  1.00 | 9.16e-01 2.91e-02 -0.016  1.00 | 1.6e-01 3.6e+00 2.057e+00
#391  1943   1 | 8.08e-01 5.09e-04 -0.325  1.00 | 1.13e+00 6.19e-02 +0.111  0.99 | 1.6e-01 3.2e+00 1.928e+00
#392  3957   1 | 1.01e+00 3.80e-04 -0.442  1.00 | 9.65e-01 2.63e-02 +0.195  0.99 | 1.7e-01 3.0e+00 1.937e+00
#393  2627   1 | 6.76e-01 9.06e-04 -0.088  1.00 | 1.03e+00 2.88e-02 +0.048  1.00 | 1.7e-01 4.2e+00 1.522e+00
#394  2973   1 | 9.77e-01 4.25e-04 -0.403  1.00 | 1.01e+00 1.54e-02 +0.152  1.00 | 1.7e-01 3.7e+00 1.973e+00
#395  4128   1 | 3.88e-01 7.97e-04 -0.070  1.00 | 9.39e-01 5.54e-02 +0.075  0.99 | 1.7e-01 3.9e+00 1.028e+00
#396  2001   1 | 7.66e-01 4.81e-04 +0.282  1.00 | 1.04e+00 1.28e-02 +0.070  1.00 | 1.7e-01 3.1e+00 1.660e+00
#397  2327   1 | 1.03e+00 5.73e-04 +0.121  1.00 | 9.98e-01 8.95e-03 +0.066  1.00 | 1.7e-01 4.4e+00 2.057e+00
#398  4890   1 | 9.55e-01 3.23e-04 +0.658  1.00 | 1.07e+00 1.83e-02 +0.221  0.99 | 1.9e-01 3.1e+00 2.053e+00
#399   298   1 | 9.68e-01 2.57e-04 -0.394  1.00 | 1.04e+00 4.09e-02 -0.014  1.00 | 1.2e-01 3.8e+00 2.023e+00
#400  4440   1 | 1.04e+00 4.18e-04 +0.440  1.00 | 1.08e+00 6.29e-02 +0.363  0.96 | 1.5e-01 3.1e+00 2.199e+00
#401  1113   1 | 1.05e+00 6.81e-04 +0.165  1.00 | 9.41e-01 5.03e-02 +0.095  0.99 | 1.5e-01 3.3e+00 1.984e+00
#402  2424   1 | 6.99e-01 1.77e-04 -0.604  1.00 | 1.05e+00 3.15e-02 -0.012  1.00 | 1.6e-01 2.7e+00 1.589e+00
#403   512   1 | 1.37e+00 6.83e-04 +0.689  1.00 | 1.02e+00 3.90e-02 +0.030  1.00 | 1.8e-01 4.7e+00 2.932e+00
#404  3957   1 | 1.05e+00 1.77e-04 -0.231  1.00 | 1.02e+00 4.73e-02 +0.250  0.98 | 1.8e-01 2.7e+00 2.110e+00
#405    43   1 | 1.19e+00 6.94e-04 +0.263  1.00 | 1.02e+00 4.91e-02 -0.024  1.00 | 1.6e-01 3.2e+00 2.474e+00
#406  2536   1 | 5.55e-01 7.98e-04 -0.028  1.00 | 1.11e+00 5.06e-02 +0.137  0.99 | 1.8e-01 4.1e+00 1.518e+00
#407  4670   1 | 9.99e-01 3.00e-04 +0.067  1.00 | 1.05e+00 4.11e-02 +0.266  0.98 | 1.8e-01 3.2e+00 2.079e+00
#408   140   1 | 1.19e+00 4.49e-04 -0.244  1.00 | 1.03e+00 1.12e-02 +0.108  1.00 | 1.5e-01 3.3e+00 2.489e+00
#409  1568   1 | 4.74e-01 2.17e-04 -0.165  1.00 | 9.84e-01 2.13e-02 +0.011  1.00 | 1.6e-01 3.4e+00 1.193e+00
#410  2254   1 | 9.56e-01 1.54e-03 +0.771  1.00 | 9.77e-01 2.07e-02 +0.011  1.00 | 1.5e-01 4.1e+00 1.865e+00
#411  4868   1 | 1.34e+00 5.66e-04 +0.183  1.00 | 1.02e+00 7.89e-03 +0.252  1.00 | 1.9e-01 3.3e+00 2.845e+00
#412  3331   1 | 9.88e-01 1.84e-04 +0.609  1.00 | 9.15e-01 6.58e-02 +0.222  0.97 | 1.8e-01 3.3e+00 1.791e+00
#413  4437   1 | 9.47e-01 7.91e-04 +0.200  1.00 | 1.07e+00 8.90e-02 +0.312  0.95 | 1.3e-01 4.2e+00 1.982e+00
#414  2785   1 | 9.53e-01 4.50e-04 +0.303  1.00 | 9.82e-01 4.57e-02 +0.085  0.99 | 1.8e-01 3.4e+00 1.866e+00
#415  2663   1 | 9.42e-01 9.35e-04 +0.314  1.00 | 1.01e+00 1.71e-02 +0.059  1.00 | 1.8e-01 4.3e+00 1.895e+00
#416  3135   1 | 1.05e+00 8.95e-04 -0.740  1.00 | 9.15e-01 7.73e-02 +0.324  0.95 | 1.9e-01 4.2e+00 1.907e+00
#417  4251   1 | 7.29e-01 4.19e-04 -0.529  1.00 | 1.00e+00 9.06e-03 +0.115  1.00 | 1.7e-01 3.8e+00 1.532e+00
#418  1394   1 | 9.72e-01 6.22e-04 -0.487  1.00 | 9.46e-01 5.68e-02 -0.026  1.01 | 1.6e-01 3.6e+00 1.846e+00
#419   299   1 | 8.82e-01 9.02e-04 +0.400  1.00 | 1.01e+00 2.47e-02 -0.011  1.00 | 1.6e-01 3.9e+00 1.794e+00
#420  2283   1 | 1.27e+00 6.32e-04 +0.543  1.00 | 9.51e-01 1.45e-02 +0.104  1.00 | 1.9e-01 3.9e+00 2.522e+00
#421  2110   1 | 9.92e-01 3.61e-04 -0.465  1.00 | 9.64e-01 5.25e-02 +0.009  1.00 | 1.7e-01 4.0e+00 1.916e+00
#422  4631   1 | 9.33e-01 1.26e-03 +0.268  1.00 | 1.05e+00 3.34e-02 +0.345  0.98 | 1.7e-01 3.6e+00 1.955e+00
#423  3679   1 | 1.21e+00 9.91e-04 +0.258  1.00 | 1.01e+00 8.50e-02 +0.362  0.95 | 1.8e-01 3.9e+00 2.430e+00
#424  3843   1 | 1.08e+00 6.84e-04 +0.152  1.00 | 1.00e+00 3.88e-02 +0.187  0.99 | 1.9e-01 3.8e+00 2.157e+00
#425   803   1 | 1.00e+00 1.08e-03 -0.162  1.00 | 9.07e-01 9.32e-02 -0.011  1.01 | 1.6e-01 3.0e+00 1.834e+00
#426  2917   1 | 9.59e-01 2.65e-04 +0.697  1.00 | 1.01e+00 3.02e-02 +0.101  0.99 | 1.8e-01 3.4e+00 1.943e+00
#427  4672   1 | 1.06e+00 4.76e-04 -0.246  1.00 | 1.02e+00 7.40e-02 +0.157  0.98 | 1.8e-01 3.6e+00 2.137e+00
#428  4543   1 | 1.30e+00 5.48e-04 -0.019  1.00 | 1.02e+00 4.25e-02 +0.205  0.98 | 1.8e-01 3.3e+00 2.707e+00
#429  2276   1 | 5.68e-01 4.29e-04 -0.830  1.00 | 1.04e+00 2.29e-02 -0.004  1.00 | 1.9e-01 4.0e+00 1.401e+00
#430   602   1 | 8.37e-01 1.93e-03 -0.840  1.00 | 9.97e-01 4.35e-02 +0.011  1.00 | 1.8e-01 4.4e+00 1.699e+00
#431  1751   1 | 1.05e+00 5.14e-04 -0.864  1.00 | 1.06e+00 7.05e-02 +0.070  1.00 | 1.8e-01 4.3e+00 2.228e+00
#432  1277   1 | 1.35e+00 1.43e-03 -0.003  1.00 | 9.67e-01 5.61e-02 +0.126  0.99 | 1.6e-01 4.0e+00 2.743e+00
#433  1791   1 | 2.53e-01 4.50e-04 -0.522  1.00 | 9.94e-01 1.99e-02 +0.044  1.00 | 1.6e-01 2.8e+00 1.051e+00
#434   306   1 | 1.17e+00 4.47e-04 +0.183  1.00 | 1.10e+00 4.37e-02 +0.059  1.00 | 1.7e-01 3.2e+00 2.573e+00
#435  4924   1 | 6.28e-01 6.90e-04 +0.503  1.00 | 1.02e+00 2.26e-02 +0.197  0.99 | 2.0e-01 3.5e+00 1.425e+00
#436    51   1 | 1.08e+00 5.06e-04 +0.004  1.00 | 1.04e+00 7.53e-02 -0.066  1.01 | 1.6e-01 3.9e+00 2.278e+00
#437  1628   1 | 1.56e+00 5.50e-04 +0.631  1.00 | 9.21e-01 6.48e-02 -0.038  1.01 | 1.8e-01 3.3e+00 3.303e+00
#438  2906   1 | 1.05e+00 2.55e-04 +0.476  1.00 | 1.02e+00 1.31e-02 -0.031  1.00 | 1.5e-01 4.1e+00 2.150e+00
#439  3874   1 | 9.14e-01 4.26e-04 -0.275  1.00 | 9.75e-01 7.55e-02 +0.215  0.97 | 1.3e-01 3.7e+00 1.760e+00
#440   978   1 | 9.04e-01 5.19e-04 +0.394  1.00 | 9.76e-01 7.74e-02 -0.020  1.01 | 1.6e-01 3.2e+00 1.778e+00
#441  3349   1 | 7.71e-01 3.08e-04 -0.291  1.00 | 1.02e+00 7.16e-02 +0.214  0.97 | 1.8e-01 3.4e+00 1.613e+00
#442  1350   1 | 8.74e-01 3.50e-04 +0.167  1.00 | 1.02e+00 1.07e-02 +0.047  1.00 | 1.7e-01 3.6e+00 1.812e+00
#443  1449   1 | 4.07e-01 7.92e-04 +0.241  1.00 | 1.02e+00 1.00e-01 +0.103  0.99 | 1.4e-01 4.4e+00 1.186e+00
#444  1711   1 | 1.26e+00 7.13e-04 +0.107  1.00 | 1.00e+00 4.63e-02 +0.146  0.99 | 1.9e-01 3.4e+00 2.582e+00
#445  1648   1 | 7.01e-01 4.35e-04 +0.261  1.00 | 9.75e-01 7.26e-02 +0.126  0.99 | 1.9e-01 4.2e+00 1.430e+00
#446  2303   1 | 1.52e+00 1.83e-04 +0.668  1.00 | 1.00e+00 2.04e-02 +0.074  1.00 | 1.9e-01 3.5e+00 3.303e+00
#447  2456   1 | 7.24e-01 6.92e-04 -0.595  1.00 | 9.73e-01 6.80e-02 +0.091  0.99 | 1.5e-01 3.7e+00 1.464e+00
#448  3115   1 | 3.42e-01 3.66e-04 -0.111  1.00 | 9.68e-01 1.94e-02 +0.157  0.99 | 1.8e-01 3.7e+00 1.049e+00
#449  1449   1 | 8.36e-01 1.80e-04 +0.061  1.00 | 9.62e-01 2.75e-02 +0.089  1.00 | 1.7e-01 3.8e+00 1.620e+00
#450  3224   1 | 1.26e+00 6.64e-04 -0.111  1.00 | 8.55e-01 8.10e-02 +0.292  0.95 | 1.8e-01 3.6e+00 2.278e+00
#451  3865   1 | 1.04e+00 7.27e-04 +0.188  1.00 | 1.25e+00 1.16e-01 +0.238  0.96 | 1.8e-01 3.3e+00 2.582e+00
#452  2049   1 | 1.03e+00 2.72e-04 +0.288  1.00 | 1.00e+00 2.32e-02 -0.019  1.00 | 1.6e-01 3.6e+00 2.069e+00
#453  3413   1 | 1.04e+00 8.91e-04 +0.835  1.00 | 9.23e-01 3.06e-02 +0.070  1.00 | 1.6e-01 3.5e+00 1.924e+00
#454  1611   1 | 7.69e-01 1.00e-03 -0.422  1.00 | 1.15e+00 6.58e-02 +0.135  0.99 | 1.9e-01 4.0e+00 1.902e+00
#455  4106   1 | 8.75e-01 1.06e-04 -0.261  1.00 | 9.59e-01 6.88e-02 +0.292  0.96 | 1.5e-01 3.4e+00 1.652e+00
#456  4944   1 | 1.22e+00 1.62e-03 +0.398  1.00 | 9.60e-01 5.14e-02 +0.351  0.97 | 2.0e-01 4.3e+00 2.384e+00
#457  3920   1 | 5.44e-01 6.17e-04 -0.156  1.00 | 9.64e-01 2.91e-02 +0.080  1.00 | 2.0e-01 3.1e+00 1.221e+00
#458  1960   1 | 1.07e+00 8.87e-04 +0.946  1.00 | 9.72e-01 4.80e-02 +0.173  0.99 | 1.8e-01 3.2e+00 2.073e+00
#459   831   1 | 4.49e-01 1.26e-03 -0.765  1.00 | 1.07e+00 1.74e-02 -0.028  1.00 | 1.8e-01 3.9e+00 1.347e+00
#460  4047   1 | 9.12e-01 8.22e-04 -0.028  1.00 | 1.01e+00 1.85e-02 +0.212  0.99 | 2.1e-01 3.7e+00 1.841e+00
#461  1776   1 | 9.73e-01 7.80e-04 -0.378  1.00 | 9.77e-01 3.50e-02 +0.118  0.99 | 1.8e-01 4.5e+00 1.896e+00
#462  2437   1 | 7.85e-01 9.75e-04 -0.731  1.00 | 1.02e+00 2.67e-02 +0.070  1.00 | 1.9e-01 3.2e+00 1.655e+00
#463  1747   1 | 6.53e-01 1.83e-03 +0.481  1.00 | 1.04e+00 5.80e-02 -0.065  1.01 | 1.7e-01 3.4e+00 1.521e+00
#464  3514   1 | 5.37e-01 1.07e-03 -0.177  1.00 | 9.55e-01 6.25e-02 +0.300  0.97 | 1.9e-01 3.5e+00 1.169e+00
#465  4247   1 | 1.05e+00 2.86e-04 -0.630  1.00 | 9.94e-01 1.53e-02 +0.223  0.99 | 2.0e-01 3.7e+00 2.094e+00
#466  3185   1 | 8.38e-01 7.89e-04 +0.678  1.00 | 9.94e-01 6.98e-02 +0.025  1.00 | 1.7e-01 3.1e+00 1.691e+00
#467   915   1 | 5.67e-01 2.26e-03 +0.140  1.00 | 9.61e-01 2.64e-02 +0.050  1.00 | 1.9e-01 3.6e+00 1.243e+00
#468  2851   1 | 1.24e+00 9.75e-04 +0.270  1.00 | 1.01e+00 5.29e-03 +0.005  1.00 | 2.0e-01 3.3e+00 2.544e+00
#469  3104   1 | 1.21e+00 8.72e-04 +0.419  1.00 | 1.01e+00 1.15e-02 +0.096  1.00 | 1.8e-01 4.7e+00 2.482e+00
#470  1005   1 | 9.70e-01 1.58e-03 -0.026  1.00 | 9.79e-01 1.61e-02 -0.008  1.00 | 1.9e-01 3.4e+00 1.899e+00
#471  1449   1 | 1.07e+00 8.32e-04 +0.543  1.00 | 9.74e-01 4.88e-02 +0.097  0.99 | 2.0e-01 3.5e+00 2.096e+00
#472  1446   1 | 4.29e-01 1.69e-03 +0.085  1.00 | 1.00e+00 1.04e-01 -0.035  1.02 | 1.9e-01 4.3e+00 1.202e+00
#473  2442   1 | 8.75e-01 7.25e-04 -0.169  1.00 | 1.04e+00 9.84e-02 +0.137  0.98 | 1.9e-01 3.2e+00 1.834e+00
#474  3960   1 | 8.95e-01 1.35e-03 +0.201  1.00 | 9.80e-01 1.41e-02 +0.120  1.00 | 2.0e-01 3.6e+00 1.757e+00
#475  2562   1 | 8.34e-01 3.74e-03 -0.354  1.00 | 9.46e-01 5.16e-02 -0.052  1.01 | 2.0e-01 4.0e+00 1.599e+00
#476  3250   1 | 1.13e+00 2.12e-03 -0.573  1.00 | 1.02e+00 4.02e-02 +0.035  1.00 | 2.0e-01 3.2e+00 2.329e+00
#477  3559   1 | 1.30e+00 3.41e-03 -0.188  1.00 | 1.05e+00 9.91e-02 +0.066  1.00 | 2.3e-01 3.8e+00 2.809e+00
#478   237   1 | 1.42e+00 2.63e-03 +0.553  1.00 | 9.41e-01 8.60e-02 +0.108  0.99 | 1.8e-01 3.8e+00 2.878e+00
#479  2048   1 | 1.09e+00 1.31e-03 -0.219  1.00 | 1.00e+00 2.30e-02 +0.106  1.00 | 2.0e-01 3.6e+00 2.182e+00
#480  3285   1 | 1.19e+00 7.39e-04 -0.342  1.00 | 1.06e+00 6.07e-02 +0.183  0.98 | 2.2e-01 4.0e+00 2.525e+00
#481  2018   1 | 8.04e-01 2.27e-03 +0.500  1.00 | 1.01e+00 3.28e-02 +0.042  1.00 | 1.9e-01 4.5e+00 1.657e+00
#482  4321   1 | 1.26e+00 3.16e-03 -0.639  1.00 | 9.53e-01 9.12e-02 +0.368  0.94 | 1.6e-01 3.9e+00 2.438e+00
#483   758   1 | 9.21e-01 3.05e-03 +0.183  1.00 | 9.21e-01 7.31e-02 -0.109  1.02 | 1.8e-01 2.8e+00 1.716e+00
#484  3748   1 | 6.32e-01 1.87e-03 -0.205  1.00 | 9.91e-01 7.06e-02 +0.170  0.98 | 1.8e-01 4.4e+00 1.364e+00
#485  2691   1 | 6.87e-01 1.18e-03 -0.042  1.00 | 9.65e-01 5.05e-02 +0.032  1.00 | 1.5e-01 3.3e+00 1.403e+00
#486  3433   1 | 1.14e+00 2.24e-03 -0.046  1.00 | 1.01e+00 3.11e-02 +0.081  1.00 | 1.7e-01 3.7e+00 2.298e+00
#487  2818   1 | 1.20e+00 3.33e-03 -0.533  1.00 | 9.72e-01 4.19e-02 +0.141  0.99 | 2.1e-01 3.4e+00 2.379e+00
#488  2709   1 | 1.26e+00 1.77e-03 -0.243  1.00 | 1.04e+00 5.99e-03 +0.102  1.00 | 1.6e-01 5.2e+00 2.661e+00
#489   980   1 | 8.93e-01 2.13e-04 -0.421  1.00 | 9.68e-01 3.75e-02 -0.020  1.00 | 1.4e-01 2.9e+00 1.736e+00
#490  2262   1 | 8.56e-01 4.67e-04 -0.385  1.00 | 9.91e-01 1.09e-02 +0.047  1.00 | 1.9e-01 4.0e+00 1.714e+00
#491  3588   1 | 9.13e-01 8.31e-04 +0.246  1.00 | 1.00e+00 1.86e-02 +0.100  1.00 | 1.5e-01 3.7e+00 1.832e+00
#492  1647   1 | 1.04e+00 4.33e-04 -0.642  1.00 | 9.76e-01 9.57e-02 +0.038  1.00 | 1.2e-01 4.2e+00 2.029e+00
#493  2791   1 | 9.85e-01 6.25e-04 -0.400  1.00 | 9.98e-01 8.88e-03 +0.139  1.00 | 1.6e-01 4.4e+00 1.965e+00
#494  1255   1 | 1.06e+00 2.18e-03 -0.093  1.00 | 1.01e+00 8.25e-02 +0.069  1.00 | 1.5e-01 3.5e+00 2.144e+00
#495  1697   1 | 1.19e+00 2.06e-03 -0.437  1.00 | 1.05e+00 7.59e-02 +0.028  1.00 | 1.4e-01 4.1e+00 2.533e+00
#496   135   1 | 1.12e+00 5.76e-04 +0.034  1.00 | 9.44e-01 3.57e-02 +0.094  0.99 | 1.6e-01 3.5e+00 2.133e+00
#497  4054   1 | 1.25e+00 1.31e-03 +0.526  1.00 | 1.09e+00 8.26e-02 +0.449  0.94 | 1.5e-01 4.0e+00 2.666e+00
#498   908   1 | 7.49e-01 7.78e-04 +0.012  1.00 | 9.71e-01 6.06e-02 +0.078  0.99 | 1.4e-01 3.6e+00 1.497e+00
#499   406   1 | 1.31e+00 5.07e-04 +0.416  1.00 | 9.58e-01 7.31e-03 +0.030  1.00 | 1.4e-01 4.2e+00 2.643e+00
#500  3324   1 | 1.62e+00 4.16e-04 -0.261  1.00 | 1.03e+00 1.06e-01 +0.050  1.00 | 1.8e-01 3.3e+00 3.674e+00
#501  3149   1 | 9.40e-01 6.93e-04 -0.217  1.00 | 1.04e+00 3.75e-02 +0.203  0.99 | 1.7e-01 4.2e+00 1.956e+00
#502  1681   1 | 8.59e-01 9.95e-04 -0.075  1.00 | 9.91e-01 4.11e-02 -0.064  1.01 | 1.6e-01 3.8e+00 1.726e+00
#503  3050   1 | 1.55e+00 4.14e-04 +0.201  1.00 | 9.94e-01 7.21e-02 -0.037  1.01 | 1.9e-01 4.1e+00 3.403e+00
#504  3034   1 | 1.18e+00 1.93e-03 +0.088  1.00 | 9.00e-01 6.65e-02 +0.162  0.98 | 1.9e-01 3.5e+00 2.179e+00
#505   356   1 | 1.20e+00 1.15e-03 +0.611  1.00 | 9.82e-01 8.95e-02 -0.103  1.03 | 1.5e-01 3.6e+00 2.437e+00
#506   862   1 | 1.25e+00 3.04e-04 -0.107  1.00 | 1.01e+00 1.18e-02 +0.045  1.00 | 1.6e-01 3.4e+00 2.566e+00
#507   459   1 | 7.81e-01 3.32e-04 -0.520  1.00 | 1.02e+00 8.68e-03 -0.039  1.00 | 1.7e-01 3.3e+00 1.650e+00
#508  3562   1 | 9.03e-01 1.52e-03 +0.279  1.00 | 9.21e-01 7.06e-02 +0.377  0.95 | 2.1e-01 3.9e+00 1.619e+00
#509  1039   1 | 1.24e+00 5.05e-04 -0.748  1.00 | 9.73e-01 1.55e-02 +0.017  1.00 | 1.7e-01 4.8e+00 2.490e+00
#510   738   1 | 9.12e-01 1.41e-03 -0.114  1.00 | 1.05e+00 5.96e-02 +0.007  1.00 | 1.6e-01 3.8e+00 1.934e+00
#511   278   1 | 5.57e-01 3.73e-04 +0.240  1.00 | 9.60e-01 2.55e-02 -0.006  1.00 | 1.6e-01 3.5e+00 1.233e+00
#512   540   1 | 1.46e+00 1.37e-03 +0.493  1.00 | 9.67e-01 7.15e-02 +0.037  1.00 | 1.7e-01 4.3e+00 3.057e+00
#513   726   1 | 5.94e-01 7.22e-04 -0.354  1.00 | 9.83e-01 4.73e-02 +0.034  1.00 | 1.6e-01 3.6e+00 1.319e+00
#514  4005   1 | 9.76e-01 4.78e-04 +0.268  1.00 | 1.02e+00 4.68e-02 +0.258  0.98 | 1.8e-01 3.8e+00 1.972e+00
#515  1690   1 | 4.20e-01 6.54e-04 +0.493  1.00 | 1.13e+00 1.38e-01 +0.258  0.95 | 1.6e-01 3.3e+00 1.383e+00
#516  1857   1 | 6.51e-01 5.46e-04 +0.729  1.00 | 9.77e-01 6.16e-03 +0.038  1.00 | 1.6e-01 3.2e+00 1.377e+00
#517   230   1 | 1.33e+00 5.25e-04 +0.762  1.00 | 1.02e+00 8.17e-02 +0.203  0.97 | 1.8e-01 4.0e+00 2.770e+00
#518   841   1 | 1.36e+00 4.20e-04 -0.271  1.00 | 1.02e+00 2.64e-02 +0.086  1.00 | 1.5e-01 3.8e+00 2.890e+00
#519    22   1 | 1.09e+00 4.15e-04 +0.035  1.00 | 1.02e+00 8.69e-03 +0.043  1.00 | 2.0e-01 3.5e+00 2.215e+00
#520  3621   1 | 1.06e+00 4.80e-04 +0.275  1.00 | 9.92e-01 1.88e-02 +0.048  1.00 | 2.4e-01 2.3e+00 2.114e+00
#521  4711   1 | 1.12e+00 1.18e-03 -0.312  1.00 | 1.00e+00 4.53e-02 +0.239  0.98 | 2.2e-01 2.8e+00 2.233e+00
#522  1430   1 | 9.65e-01 6.76e-04 +0.487  1.00 | 1.06e+00 1.41e-01 +0.082  1.00 | 1.4e-01 4.2e+00 2.056e+00
#523  1029   1 | 1.11e+00 9.09e-04 -0.236  1.00 | 9.37e-01 9.31e-02 -0.074  1.02 | 1.8e-01 3.0e+00 2.124e+00
#524  4736   1 | 1.00e+00 7.13e-04 -0.482  1.00 | 1.00e+00 2.89e-02 +0.266  0.99 | 2.3e-01 3.7e+00 1.996e+00
#525   477   1 | 1.08e+00 3.30e-04 -0.129  1.00 | 9.82e-01 2.91e-02 +0.016  1.00 | 1.5e-01 3.7e+00 2.128e+00
#526  2889   1 | 9.26e-01 3.80e-03 +0.749  0.99 | 9.14e-01 5.08e-02 +0.122  0.99 | 1.9e-01 3.8e+00 1.679e+00
#527  1789   1 | 1.72e+00 4.82e-04 -0.425  1.00 | 1.04e+00 2.03e-02 +0.067  1.00 | 1.9e-01 4.0e+00 4.044e+00
#528  3180   1 | 6.91e-01 3.93e-04 +0.018  1.00 | 9.58e-01 5.29e-02 +0.068  1.00 | 1.8e-01 3.8e+00 1.392e+00
#529   863   1 | 1.01e+00 1.28e-03 +0.572  1.00 | 9.79e-01 1.06e-01 -0.019  1.02 | 1.9e-01 4.9e+00 1.990e+00
#530  3848   1 | 9.12e-01 6.95e-04 -0.337  1.00 | 9.88e-01 1.49e-01 +0.164  0.97 | 1.4e-01 3.9e+00 1.783e+00
#531  1829   1 | 9.15e-01 5.89e-04 +0.736  1.00 | 1.02e+00 7.74e-02 +0.024  1.00 | 2.1e-01 3.3e+00 1.877e+00
#532  2313   1 | 6.85e-01 5.76e-04 +0.039  1.00 | 1.04e+00 3.73e-02 +0.115  0.99 | 2.0e-01 3.2e+00 1.534e+00
#533  1860   1 | 8.35e-01 4.02e-04 -0.513  1.00 | 1.02e+00 2.21e-02 +0.068  1.00 | 1.9e-01 2.6e+00 1.743e+00
#534  2860   1 | 9.75e-01 2.13e-03 +0.553  1.00 | 9.76e-01 2.31e-02 +0.027  1.00 | 2.3e-01 2.9e+00 1.900e+00
#535   657   1 | 6.92e-01 5.86e-04 +0.126  1.00 | 1.01e+00 1.95e-02 -0.070  1.00 | 1.6e-01 3.6e+00 1.496e+00
#536   448   1 | 1.48e+00 4.96e-04 -0.642  1.00 | 9.88e-01 1.21e-02 -0.050  1.00 | 2.0e-01 3.7e+00 3.173e+00
#537  1504   1 | 3.61e-01 1.32e-03 -0.220  1.00 | 1.02e+00 4.19e-02 +0.091  0.99 | 2.0e-01 2.8e+00 1.165e+00
#538  1977   1 | 1.06e+00 9.89e-04 -0.426  1.00 | 1.02e+00 3.19e-02 +0.025  1.00 | 2.2e-01 4.5e+00 2.160e+00
#539  3283   1 | 8.66e-01 3.08e-04 +0.817  1.00 | 1.02e+00 1.67e-02 +0.133  1.00 | 2.3e-01 4.1e+00 1.779e+00
#540  1386   1 | 8.55e-01 5.16e-03 -0.382  1.00 | 8.97e-01 1.04e-01 +0.078  1.00 | 1.7e-01 5.5e+00 1.535e+00
#541  4514   1 | 4.79e-01 1.22e-03 -0.758  1.00 | 1.10e+00 1.84e-01 +0.278  0.94 | 1.6e-01 3.9e+00 1.360e+00
#542  1376   1 | 1.26e+00 2.63e-03 +0.520  1.00 | 1.05e+00 1.11e-01 +0.167  0.98 | 1.8e-01 3.9e+00 2.651e+00
#543   966   1 | 8.29e-01 3.03e-03 -0.474  1.00 | 9.87e-01 5.43e-02 +0.097  0.99 | 1.7e-01 4.4e+00 1.656e+00
#544  4106   1 | 9.73e-01 2.25e-04 -0.165  1.00 | 9.99e-01 2.83e-02 +0.139  0.99 | 2.1e-01 3.5e+00 1.937e+00
#545     8   1 | 9.07e-01 1.22e-03 -0.130  1.00 | 9.69e-01 8.19e-02 +0.009  1.01 | 2.2e-01 4.0e+00 1.766e+00
#546  2863   1 | 1.59e+00 4.06e-03 +0.225  1.00 | 9.43e-01 4.24e-02 +0.139  0.99 | 2.3e-01 4.3e+00 3.416e+00
#547   284   1 | 2.73e-01 1.33e-03 -0.684  1.01 | 1.03e+00 6.60e-02 -0.040  1.01 | 2.0e-01 2.9e+00 1.142e+00
#548  2039   1 | 9.57e-01 6.54e-04 -0.709  1.00 | 9.40e-01 5.92e-02 -0.006  1.00 | 2.4e-01 4.7e+00 1.805e+00
#549  2630   1 | 9.13e-01 4.08e-03 +0.126  1.00 | 8.90e-01 6.97e-02 +0.087  0.99 | 2.4e-01 4.0e+00 1.620e+00
#550  3228   1 | 1.11e+00 4.27e-03 +0.396  1.00 | 1.05e+00 7.63e-02 +0.185  0.98 | 2.5e-01 3.8e+00 2.315e+00
#551  1474   1 | 6.99e-01 1.20e-03 -0.314  1.00 | 9.29e-01 8.24e-02 +0.139  0.98 | 2.0e-01 3.7e+00 1.337e+00
#552  1783   1 | 5.95e-01 2.10e-03 -0.338  1.00 | 9.75e-01 9.53e-02 +0.242  0.96 | 2.1e-01 3.2e+00 1.270e+00
#553   861   1 | 3.62e-01 5.19e-04 +0.002  1.00 | 9.50e-01 8.10e-02 +0.042  1.00 | 1.3e-01 3.4e+00 1.035e+00
#554  1605   1 | 1.10e+00 1.41e-03 -0.808  1.00 | 9.85e-01 2.99e-02 +0.088  1.00 | 2.1e-01 4.0e+00 2.190e+00
#555  2783   1 | 7.40e-01 4.40e-03 -0.241  1.00 | 9.77e-01 3.53e-02 +0.104  0.99 | 2.4e-01 4.5e+00 1.497e+00
#556  1916   1 | 1.21e+00 2.38e-03 -0.590  1.00 | 9.85e-01 5.63e-02 +0.088  0.99 | 2.3e-01 3.4e+00 2.428e+00
#557  4831   1 | 3.79e-01 1.65e-03 -0.093  1.00 | 1.01e+00 4.40e-02 +0.219  0.98 | 2.5e-01 4.2e+00 1.137e+00
#558  1792   1 | 7.32e-01 1.42e-03 -0.356  1.00 | 9.71e-01 4.74e-02 +0.054  1.00 | 2.0e-01 3.0e+00 1.476e+00
#559  3252   1 | 1.32e+00 1.27e-03 -0.585  1.00 | 9.99e-01 2.83e-02 +0.118  0.99 | 2.1e-01 3.4e+00 2.744e+00
#560     8   1 | 1.09e+00 1.29e-03 -0.422  1.00 | 1.00e+00 9.47e-02 +0.056  1.00 | 1.6e-01 4.0e+00 2.195e+00
#561   727   1 | 1.07e+00 2.46e-04 +0.552  1.00 | 1.06e+00 7.59e-02 -0.032  1.01 | 1.3e-01 3.6e+00 2.282e+00
#562  1316   1 | 7.97e-01 5.70e-04 -0.279  1.00 | 9.88e-01 6.58e-02 +0.026  1.00 | 1.3e-01 2.9e+00 1.613e+00
#563  4541   1 | 1.29e+00 3.17e-04 +0.660  1.00 | 9.97e-01 2.45e-02 +0.174  0.99 | 1.9e-01 3.1e+00 2.655e+00
#564   785   1 | 6.76e-01 1.14e-03 +0.079  1.00 | 1.04e+00 1.11e-01 +0.032  1.00 | 1.6e-01 3.7e+00 1.551e+00
#565  2056   1 | 1.30e+00 1.33e-03 +0.232  1.00 | 9.64e-01 7.87e-02 +0.084  0.99 | 2.0e-01 3.2e+00 2.617e+00
#566   885   1 | 1.12e+00 2.22e-04 -0.225  1.00 | 9.80e-01 4.07e-02 +0.016  1.00 | 1.9e-01 3.2e+00 2.222e+00
#567  4117   1 | 1.17e+00 2.49e-04 +0.501  1.00 | 9.52e-01 1.70e-01 +0.263  0.94 | 1.5e-01 3.0e+00 2.230e+00
#568  4527   1 | 7.83e-01 9.37e-04 -0.171  1.00 | 9.86e-01 1.07e-02 +0.132  1.00 | 1.9e-01 3.5e+00 1.582e+00
#569  4415   1 | 1.44e+00 3.87e-04 -0.761  1.00 | 9.46e-01 8.34e-02 +0.222  0.97 | 1.9e-01 4.1e+00 2.927e+00
#570  3680   1 | 8.64e-01 1.20e-03 -0.114  1.00 | 1.01e+00 6.84e-02 +0.261  0.97 | 2.1e-01 3.6e+00 1.727e+00
#571   137   1 | 7.04e-01 5.26e-04 +0.526  1.00 | 9.64e-01 2.59e-02 +0.046  1.00 | 1.8e-01 5.0e+00 1.422e+00
#572  4339   1 | 1.21e+00 6.93e-04 -0.678  1.00 | 9.99e-01 1.70e-02 +0.123  1.00 | 1.7e-01 3.2e+00 2.455e+00
#573  4022   1 | 1.33e+00 3.96e-04 -0.130  1.00 | 9.64e-01 2.31e-02 +0.144  0.99 | 1.7e-01 3.9e+00 2.688e+00
#574  3590   1 | 1.19e+00 2.31e-04 +0.378  1.00 | 1.01e+00 2.26e-02 +0.115  1.00 | 2.2e-01 3.4e+00 2.425e+00
#575  4972   1 | 1.80e+00 1.16e-03 -0.472  1.00 | 1.02e+00 1.02e-01 +0.255  0.96 | 1.8e-01 3.4e+00 4.244e+00
#576  4789   1 | 5.41e-01 1.22e-03 -0.418  1.00 | 8.83e-01 8.78e-02 +0.447  0.92 | 1.8e-01 3.8e+00 1.012e+00
#577  4189   1 | 1.19e+00 8.63e-04 +0.088  1.00 | 1.06e+00 6.48e-02 +0.258  0.97 | 1.8e-01 4.1e+00 2.506e+00
#578  4310   1 | 9.60e-01 7.53e-04 +0.055  1.00 | 9.34e-01 5.61e-02 +0.092  0.99 | 1.9e-01 3.9e+00 1.787e+00
#579  3177   1 | 4.62e-01 4.51e-04 -0.641  1.00 | 1.01e+00 8.99e-02 +0.122  0.99 | 1.9e-01 3.3e+00 1.227e+00
#580  4332   1 | 1.05e+00 1.34e-04 -0.291  1.00 | 1.02e+00 1.92e-02 +0.157  0.99 | 1.8e-01 4.1e+00 2.152e+00
#581   968   1 | 1.07e+00 2.17e-04 -0.098  1.00 | 1.01e+00 5.09e-02 +0.046  1.00 | 2.0e-01 2.5e+00 2.159e+00
#582  4077   1 | 1.52e+00 2.61e-04 -0.592  1.00 | 1.04e+00 7.22e-02 +0.163  0.98 | 1.9e-01 4.0e+00 3.370e+00
#583   457   1 | 9.11e-01 7.00e-04 -0.460  1.00 | 9.20e-01 8.88e-02 +0.041  1.00 | 1.9e-01 2.8e+00 1.679e+00
#584  2384   1 | 1.19e+00 8.28e-04 +0.438  1.00 | 1.05e+00 3.19e-02 +0.041  1.00 | 1.9e-01 3.7e+00 2.506e+00
#585  3933   1 | 9.37e-01 2.32e-04 -0.352  1.00 | 1.02e+00 4.00e-02 +0.136  0.99 | 1.7e-01 3.6e+00 1.907e+00
#586  3326   1 | 8.41e-01 6.03e-04 -0.210  1.00 | 1.03e+00 2.24e-02 +0.043  1.00 | 1.8e-01 3.5e+00 1.767e+00
#587  4799   1 | 8.90e-01 3.65e-04 -0.602  1.00 | 9.57e-01 4.45e-02 +0.296  0.97 | 1.7e-01 4.2e+00 1.686e+00
#588   583   1 | 1.35e+00 1.03e-03 +0.308  1.00 | 1.01e+00 8.88e-02 +0.089  0.99 | 2.2e-01 3.5e+00 2.834e+00
#589  1300   1 | 6.05e-01 3.88e-04 -0.141  1.00 | 9.67e-01 9.45e-03 +0.019  1.00 | 2.2e-01 3.1e+00 1.300e+00
#590  1296   1 | 4.95e-01 4.11e-04 -0.243  1.00 | 9.99e-01 3.81e-02 +0.067  1.00 | 2.2e-01 3.7e+00 1.239e+00
#591  1771   1 | 8.00e-01 1.32e-03 -0.182  1.00 | 8.96e-01 1.17e-01 +0.083  1.00 | 2.1e-01 3.9e+00 1.438e+00
#592  3947   1 | 6.23e-01 1.52e-04 +0.743  1.00 | 9.47e-01 3.53e-02 +0.106  0.99 | 2.2e-01 3.1e+00 1.279e+00
#593  3228   1 | 6.45e-01 5.16e-04 -0.329  1.00 | 1.02e+00 5.55e-02 +0.217  0.98 | 1.9e-01 4.5e+00 1.427e+00
#594  4566   1 | 1.10e+00 2.88e-04 -0.272  1.00 | 1.00e+00 6.57e-02 +0.088  0.99 | 2.1e-01 3.0e+00 2.195e+00
#595   463   1 | 8.25e-01 5.89e-04 -0.145  1.00 | 9.51e-01 6.49e-02 +0.115  0.99 | 2.5e-01 3.9e+00 1.575e+00
#596  2206   1 | 1.06e+00 2.38e-04 +0.160  1.00 | 1.07e+00 7.15e-02 +0.032  1.00 | 2.1e-01 3.4e+00 2.274e+00
#597  4799   1 | 5.59e-01 2.78e-04 -0.382  1.00 | 1.01e+00 2.78e-02 +0.337  0.98 | 1.9e-01 3.4e+00 1.311e+00
#598  3495   1 | 1.28e-01 4.71e-04 +0.507  1.00 | 1.03e+00 7.33e-02 +0.113  0.99 | 2.0e-01 4.8e+00 1.075e+00
#599  3476   1 | 1.03e+00 1.16e-04 -0.277  1.00 | 9.82e-01 2.98e-02 +0.190  0.99 | 2.0e-01 2.8e+00 2.010e+00
#600  4400   1 | 1.05e+00 1.14e-03 +0.536  1.00 | 1.07e+00 9.30e-02 +0.291  0.96 | 2.2e-01 3.3e+00 2.186e+00
#601  1464   1 | 1.46e+00 5.84e-04 -0.782  1.00 | 1.10e+00 5.44e-02 +0.201  0.98 | 2.4e-01 3.5e+00 3.326e+00
#602  2651   1 | 9.18e-01 1.32e-03 -0.358  1.00 | 9.21e-01 1.60e-01 +0.083  1.00 | 2.0e-01 3.7e+00 1.693e+00
#603  2504   1 | 8.12e-01 1.62e-03 -0.986  1.00 | 1.03e+00 8.92e-02 +0.094  0.99 | 2.2e-01 2.8e+00 1.718e+00
#604  2126   1 | 1.23e+00 7.46e-04 -0.297  1.00 | 1.05e+00 3.04e-02 +0.030  1.00 | 2.3e-01 3.8e+00 2.623e+00
#605  1928   1 | 7.10e-01 3.11e-04 -0.090  1.00 | 9.38e-01 6.63e-02 -0.030  1.01 | 1.9e-01 3.5e+00 1.392e+00
#606  2924   1 | 7.53e-01 1.92e-04 -0.023  1.00 | 1.02e+00 6.62e-02 +0.060  1.00 | 1.8e-01 2.9e+00 1.611e+00
#607     6   1 | 1.28e+00 2.91e-04 -0.600  1.00 | 1.04e+00 1.31e-02 +0.031  1.00 | 2.1e-01 3.3e+00 2.715e+00
#608  2227   1 | 1.03e+00 8.13e-04 +0.443  1.00 | 1.03e+00 4.07e-02 +0.054  1.00 | 2.0e-01 3.9e+00 2.126e+00
#609   801   1 | 1.44e+00 1.84e-04 +0.658  1.00 | 1.02e+00 8.54e-02 +0.182  0.98 | 2.1e-01 3.3e+00 3.083e+00
#610  3766   1 | 1.48e+00 4.42e-04 +0.532  1.00 | 9.93e-01 1.76e-01 +0.078  1.00 | 1.5e-01 3.8e+00 3.184e+00
#611   923   1 | 5.57e-01 3.00e-04 -0.850  1.00 | 1.05e+00 5.45e-02 +0.028  1.00 | 2.2e-01 3.9e+00 1.412e+00
#612  4449   1 | 1.14e+00 3.42e-04 +0.359  1.00 | 9.88e-01 1.59e-02 +0.198  0.99 | 2.2e-01 3.7e+00 2.259e+00
#613   875   1 | 1.10e+00 5.03e-04 -0.812  1.00 | 1.00e+00 2.32e-02 +0.064  1.00 | 2.3e-01 4.2e+00 2.211e+00
#614  4724   1 | 9.86e-01 2.57e-04 -0.015  1.00 | 1.11e+00 1.09e-01 +0.255  0.96 | 1.9e-01 3.3e+00 2.165e+00
#615  3717   1 | 1.01e+00 3.72e-04 +0.414  1.00 | 1.04e+00 3.61e-02 +0.256  0.98 | 2.0e-01 4.5e+00 2.092e+00
#616  1043   1 | 7.71e-01 9.43e-05 -0.282  1.00 | 9.99e-01 3.38e-02 -0.023  1.00 | 2.1e-01 3.3e+00 1.595e+00
#617   995   1 | 9.96e-01 2.31e-04 -0.560  1.00 | 1.02e+00 2.34e-02 +0.019  1.00 | 2.1e-01 3.6e+00 2.024e+00
#618  2821   1 | 1.30e+00 6.99e-04 +0.149  1.00 | 1.02e+00 4.23e-02 +0.089  0.99 | 1.8e-01 3.7e+00 2.734e+00
#619  1930   1 | 1.44e+00 5.54e-04 -0.449  1.00 | 8.99e-01 1.36e-01 -0.022  1.03 | 1.7e-01 4.1e+00 2.921e+00
#620  4874   1 | 1.46e+00 3.72e-04 -0.676  1.00 | 1.02e+00 9.08e-02 +0.225  0.97 | 1.8e-01 4.4e+00 3.122e+00
#621   368   1 | 1.01e+00 4.05e-04 -0.052  1.00 | 9.78e-01 1.38e-02 -0.012  1.00 | 2.4e-01 4.1e+00 1.972e+00
#622  1592   1 | 4.17e-01 1.25e-04 -0.434  1.00 | 1.02e+00 2.47e-02 -0.050  1.00 | 2.2e-01 3.7e+00 1.214e+00
#623  1951   1 | 1.10e+00 1.12e-04 +0.452  1.00 | 9.88e-01 2.64e-02 +0.030  1.00 | 1.9e-01 2.6e+00 2.192e+00
#624  4039   1 | 1.22e+00 7.73e-04 -0.322  1.00 | 9.40e-01 2.35e-01 +0.137  0.99 | 1.8e-01 3.9e+00 2.366e+00
#625  2573   1 | 1.04e+00 9.36e-05 -0.390  1.00 | 1.00e+00 3.69e-02 -0.014  1.00 | 2.0e-01 3.2e+00 2.098e+00
#626  1828   1 | 1.12e+00 2.05e-04 +0.093  1.00 | 9.90e-01 7.07e-02 -0.027  1.01 | 2.2e-01 3.9e+00 2.234e+00
#627   920   1 | 8.20e-01 5.13e-04 -0.322  1.00 | 1.01e+00 3.26e-02 +0.053  1.00 | 1.9e-01 3.6e+00 1.689e+00
#628  2238   1 | 3.08e-01 7.69e-05 -0.381  1.00 | 1.00e+00 6.35e-02 +0.111  0.99 | 1.8e-01 3.5e+00 1.085e+00
#629  1750   1 | 1.24e+00 2.04e-04 +0.050  1.00 | 1.03e+00 3.37e-02 -0.024  1.00 | 1.8e-01 3.8e+00 2.588e+00
#630  4061   1 | 1.01e+00 6.51e-05 -0.180  1.00 | 1.03e+00 2.17e-02 +0.232  0.99 | 2.0e-01 2.8e+00 2.091e+00
#631  2678   1 | 1.16e+00 1.33e-03 -0.484  1.00 | 9.64e-01 1.08e-01 +0.191  0.97 | 2.0e-01 4.9e+00 2.243e+00
#632   796   1 | 1.13e+00 1.39e-04 +0.167  1.00 | 9.72e-01 4.55e-02 +0.003  1.00 | 1.9e-01 4.5e+00 2.213e+00
#633  3853   1 | 1.05e+00 4.84e-04 +0.262  1.00 | 1.03e+00 1.77e-01 +0.145  0.98 | 1.8e-01 4.6e+00 2.136e+00
#634  3335   1 | 1.14e+00 1.92e-04 -0.122  1.00 | 1.03e+00 4.85e-02 +0.168  0.99 | 1.9e-01 3.9e+00 2.355e+00
#635  2393   1 | 8.58e-01 9.31e-05 -0.807  1.00 | 1.03e+00 1.47e-02 +0.093  1.00 | 2.0e-01 3.2e+00 1.804e+00
#636  4240   1 | 3.67e-01 3.81e-04 +0.280  1.00 | 9.90e-01 8.80e-02 +0.192  0.97 | 1.9e-01 3.4e+00 1.089e+00
#637  4010   1 | 9.63e-01 2.94e-04 +0.334  1.00 | 9.74e-01 8.92e-02 +0.152  0.98 | 1.8e-01 4.1e+00 1.856e+00
#638  1181   1 | 1.11e+00 4.53e-04 -0.526  1.00 | 9.41e-01 3.00e-02 -0.013  1.00 | 1.8e-01 3.8e+00 2.115e+00
#639  2553   1 | 1.24e+00 2.62e-04 -0.458  1.00 | 9.79e-01 9.19e-02 +0.180  0.97 | 1.9e-01 3.1e+00 2.460e+00
#640  2729   1 | 9.11e-01 3.98e-05 -0.267  1.00 | 9.98e-01 2.98e-02 +0.071  1.00 | 2.1e-01 4.0e+00 1.823e+00
#641  2102   1 | 9.49e-01 1.31e-04 +0.322  1.00 | 9.65e-01 2.27e-02 -0.043  1.00 | 1.7e-01 3.5e+00 1.836e+00
#642  4340   1 | 9.87e-01 9.38e-05 -0.084  1.00 | 1.01e+00 2.65e-02 +0.217  0.99 | 2.0e-01 3.5e+00 1.992e+00
#643  4181   1 | 9.67e-01 6.49e-04 +0.414  1.00 | 9.51e-01 8.10e-02 +0.354  0.95 | 1.9e-01 3.5e+00 1.790e+00
#644  4932   1 | 1.09e+00 3.77e-04 +0.110  1.00 | 1.01e+00 4.26e-02 +0.299  0.98 | 1.9e-01 3.4e+00 2.197e+00
#645  4561   1 | 1.21e+00 3.52e-04 -0.152  1.00 | 9.51e-01 8.39e-02 +0.214  0.97 | 2.0e-01 4.4e+00 2.347e+00
#646  4236   1 | 1.27e+00 1.98e-04 -0.325  1.00 | 1.02e+00 3.01e-02 +0.257  0.99 | 2.0e-01 4.7e+00 2.649e+00
#647  4234   1 | 1.33e+00 7.31e-04 -0.657  1.00 | 1.01e+00 1.03e-01 +0.213  0.97 | 1.9e-01 4.9e+00 2.743e+00
#648  1935   1 | 9.89e-01 1.70e-04 -0.661  1.00 | 9.88e-01 7.03e-02 +0.034  1.00 | 1.8e-01 4.2e+00 1.954e+00
#649  4232   1 | 5.68e-01 2.96e-04 -0.007  1.00 | 1.04e+00 4.40e-02 +0.168  0.99 | 1.9e-01 3.9e+00 1.400e+00
#650   393   1 | 8.88e-01 1.83e-04 -0.164  1.00 | 1.01e+00 2.12e-02 +0.007  1.00 | 2.0e-01 3.2e+00 1.815e+00
#651  3296   1 | 1.33e+00 4.33e-04 +0.197  1.00 | 1.10e+00 1.01e-01 +0.104  0.99 | 1.6e-01 4.5e+00 2.971e+00
#652  2357   1 | 7.69e-01 3.01e-04 +0.377  1.00 | 9.73e-01 2.73e-02 +0.002  1.00 | 1.9e-01 3.5e+00 1.538e+00
#653  2984   1 | 1.21e+00 2.06e-04 +0.386  1.00 | 1.02e+00 6.47e-02 +0.073  0.99 | 2.0e-01 2.9e+00 2.511e+00
#654  2081   1 | 1.29e+00 2.14e-04 +0.055  1.00 | 1.02e+00 5.82e-02 -0.024  1.01 | 2.0e-01 4.5e+00 2.718e+00
#655  4809   1 | 1.46e+00 3.58e-04 +0.599  1.00 | 1.02e+00 1.07e-01 +0.291  0.95 | 1.6e-01 3.6e+00 3.125e+00
#656  2113   1 | 1.29e+00 2.06e-04 +0.183  1.00 | 1.09e+00 6.98e-02 +0.036  1.00 | 1.7e-01 3.1e+00 2.838e+00
#657  1725   1 | 1.17e+00 1.73e-04 -0.288  1.00 | 9.75e-01 1.55e-02 +0.057  1.00 | 2.0e-01 4.3e+00 2.309e+00
#658  3652   1 | 1.35e+00 2.46e-04 +0.316  1.00 | 9.18e-01 5.17e-02 +0.195  0.98 | 1.9e-01 3.2e+00 2.660e+00
#659  2573   1 | 1.00e+00 1.50e-04 -0.666  1.00 | 9.97e-01 5.47e-02 +0.023  1.00 | 1.8e-01 4.2e+00 2.004e+00
#660  2568   1 | 1.12e+00 2.99e-04 -0.608  1.00 | 8.12e-01 1.38e-01 +0.088  1.00 | 1.9e-01 3.0e+00 1.915e+00
#661  3693   1 | 8.81e-01 1.08e-04 +0.087  1.00 | 1.01e+00 3.87e-02 +0.098  0.99 | 1.7e-01 2.7e+00 1.789e+00
#662  1982   1 | 8.57e-01 3.51e-04 +0.855  1.00 | 9.04e-01 7.36e-02 +0.050  1.00 | 1.8e-01 3.9e+00 1.550e+00
#663   580   1 | 8.48e-01 5.28e-04 +0.484  1.00 | 9.72e-01 8.92e-02 +0.106  0.99 | 1.7e-01 3.4e+00 1.654e+00
#664  3998   1 | 8.75e-01 1.16e-04 -0.599  1.00 | 1.01e+00 8.87e-02 +0.198  0.97 | 1.7e-01 4.2e+00 1.767e+00
#665  1939   1 | 1.06e+00 2.10e-04 +0.306  1.00 | 9.97e-01 3.85e-02 +0.072  1.00 | 1.7e-01 4.1e+00 2.109e+00
#666   235   1 | 8.42e-01 1.80e-04 -0.386  1.00 | 1.03e+00 4.54e-02 -0.094  1.01 | 1.8e-01 2.5e+00 1.778e+00
#667   406   1 | 1.18e+00 5.72e-04 -0.064  1.00 | 9.31e-01 8.70e-02 +0.109  0.99 | 1.9e-01 3.6e+00 2.240e+00
#668  2324   1 | 1.12e+00 2.26e-04 +0.244  1.00 | 1.08e+00 7.09e-02 +0.013  1.00 | 1.8e-01 3.5e+00 2.441e+00
#669  1688   1 | 1.08e+00 9.60e-04 -0.331  1.00 | 1.00e+00 9.66e-02 +0.053  1.00 | 1.9e-01 3.1e+00 2.185e+00
#670  2313   1 | 1.09e+00 1.65e-04 +0.145  1.00 | 1.00e+00 3.38e-02 +0.047  1.00 | 1.8e-01 3.7e+00 2.194e+00
#671   110   1 | 1.44e+00 2.23e-04 +0.642  1.00 | 1.04e+00 2.65e-02 -0.004  1.00 | 1.7e-01 4.1e+00 3.133e+00
#672  4461   1 | 1.16e+00 8.28e-04 +0.673  1.00 | 1.07e+00 1.46e-01 +0.262  0.95 | 1.8e-01 3.5e+00 2.442e+00
#673  4174   1 | 1.07e+00 7.69e-04 +0.315  1.00 | 1.00e+00 4.12e-02 +0.159  0.99 | 1.7e-01 3.9e+00 2.123e+00
#674  1709   1 | 8.05e-01 1.03e-04 -0.735  1.00 | 1.01e+00 3.84e-02 -0.008  1.00 | 1.8e-01 4.0e+00 1.665e+00
#675  2642   1 | 8.88e-01 6.71e-04 +0.679  1.00 | 1.01e+00 2.08e-01 +0.000  1.04 | 1.8e-01 2.9e+00 1.845e+00
#676  3767   1 | 1.13e+00 4.73e-04 +0.390  1.00 | 9.66e-01 6.09e-02 +0.035  1.00 | 1.8e-01 3.5e+00 2.205e+00
#677  4755   1 | 1.21e+00 1.54e-03 -0.163  1.00 | 9.75e-01 6.40e-02 +0.342  0.96 | 1.9e-01 3.8e+00 2.387e+00
#678  2400   1 | 1.22e+00 4.49e-04 +0.049  1.00 | 1.05e+00 1.30e-01 +0.083  0.99 | 1.9e-01 4.5e+00 2.574e+00
#679  1885   1 | 8.13e-01 5.45e-04 -0.063  1.00 | 9.99e-01 1.34e-02 -0.007  1.00 | 1.9e-01 3.5e+00 1.660e+00
#680  2686   1 | 1.08e+00 9.00e-04 -0.485  1.00 | 1.03e+00 9.05e-02 +0.033  1.00 | 1.7e-01 4.2e+00 2.222e+00
#681  1965   1 | 1.14e+00 1.92e-04 +0.384  1.00 | 1.01e+00 7.93e-02 +0.015  1.00 | 2.0e-01 4.5e+00 2.319e+00
#682  4243   1 | 3.84e-01 9.32e-04 -0.332  1.00 | 9.40e-01 1.11e-01 +0.277  0.95 | 2.0e-01 3.1e+00 9.860e-01
#683  2330   1 | 9.73e-01 2.99e-04 -0.299  1.00 | 1.05e+00 1.36e-02 +0.035  1.00 | 2.1e-01 3.4e+00 2.043e+00
#684  4477   1 | 1.14e+00 6.41e-04 +0.178  1.00 | 9.92e-01 7.21e-02 +0.194  0.98 | 2.1e-01 3.8e+00 2.253e+00
#685  3281   1 | 9.36e-01 3.81e-04 -0.444  1.00 | 1.03e+00 2.01e-02 +0.188  0.99 | 2.1e-01 4.1e+00 1.932e+00
#686  2014   1 | 9.54e-01 9.42e-04 +0.407  1.00 | 1.06e+00 6.81e-02 +0.105  0.99 | 2.1e-01 4.5e+00 2.023e+00
#687  2397   1 | 1.10e+00 1.50e-04 +0.330  1.00 | 9.77e-01 7.14e-02 +0.014  1.00 | 2.1e-01 3.7e+00 2.166e+00
#688  4864   1 | 3.29e-01 9.52e-04 -0.068  1.00 | 9.71e-01 3.22e-02 +0.223  0.99 | 2.3e-01 4.6e+00 1.039e+00
#689  2323   1 | 1.25e+00 4.07e-04 +0.531  1.00 | 1.20e+00 1.09e-01 +0.132  0.98 | 2.2e-01 3.4e+00 2.991e+00
#690  3119   1 | 1.23e+00 4.81e-04 -0.516  1.00 | 1.03e+00 4.01e-02 +0.065  1.00 | 2.2e-01 3.4e+00 2.575e+00
#691   530   1 | 9.74e-01 7.43e-04 +0.295  1.00 | 9.42e-01 5.70e-02 -0.010  1.00 | 2.2e-01 3.6e+00 1.841e+00
#692  1526   1 | 1.49e+00 3.92e-04 -0.153  1.00 | 9.40e-01 1.96e-01 +0.285  0.92 | 1.9e-01 3.6e+00 3.046e+00
#693   699   1 | 1.00e+00 1.94e-03 +0.149  1.00 | 9.64e-01 8.07e-02 +0.217  0.97 | 2.0e-01 3.7e+00 1.910e+00
#694  4725   1 | 1.16e+00 3.55e-04 -0.056  1.00 | 1.01e+00 1.38e-02 +0.200  0.99 | 1.9e-01 4.1e+00 2.357e+00
#695  1073   1 | 1.01e+00 1.71e-03 +0.505  1.00 | 9.23e-01 4.52e-02 +0.080  0.99 | 2.1e-01 3.7e+00 1.869e+00
#696  1821   1 | 1.36e+00 1.84e-03 -0.210  1.00 | 9.34e-01 5.44e-02 +0.083  0.99 | 2.1e-01 3.7e+00 2.713e+00
#697  1392   1 | 1.05e+00 5.46e-04 +0.145  1.00 | 9.95e-01 2.71e-02 +0.031  1.00 | 2.0e-01 3.2e+00 2.086e+00
#698  2492   1 | 8.11e-01 3.31e-04 +0.246  1.00 | 1.03e+00 3.31e-02 +0.104  0.99 | 2.0e-01 3.3e+00 1.704e+00
#699  4280   1 | 8.34e-01 6.86e-04 +0.099  1.00 | 1.00e+00 1.05e-01 +0.237  0.96 | 1.8e-01 4.6e+00 1.657e+00
#700  4557   1 | 1.11e+00 1.55e-03 +0.235  1.00 | 1.04e+00 2.97e-01 +0.313  0.90 | 2.0e-01 4.4e+00 2.217e+00
#701  3779   1 | 9.53e-01 7.99e-04 -0.189  1.00 | 1.01e+00 1.65e-02 +0.110  1.00 | 2.1e-01 3.3e+00 1.934e+00
#702   829   1 | 7.21e-01 1.29e-03 +0.456  1.00 | 1.08e+00 3.58e-02 +0.074  1.00 | 2.1e-01 3.1e+00 1.671e+00
#703  4380   1 | 1.27e+00 1.63e-03 -0.301  1.00 | 9.83e-01 9.33e-02 +0.228  0.97 | 2.2e-01 4.1e+00 2.548e+00
#704  2257   1 | 9.97e-01 4.93e-04 -0.663  1.00 | 9.98e-01 1.26e-02 +0.077  1.00 | 2.2e-01 4.6e+00 1.989e+00
#705  1072   1 | 1.21e+00 2.40e-04 -0.116  1.00 | 1.02e+00 6.41e-02 +0.041  1.00 | 2.1e-01 3.3e+00 2.513e+00
#706  1261   1 | 8.27e-01 1.11e-03 +0.416  1.00 | 9.37e-01 3.60e-02 +0.038  1.00 | 2.1e-01 3.7e+00 1.560e+00
#707  1124   1 | 8.63e-01 2.90e-04 -0.250  1.00 | 9.76e-01 2.64e-02 -0.010  1.00 | 2.1e-01 3.2e+00 1.699e+00
#708  1832   1 | 8.73e-01 2.50e-03 -0.066  1.00 | 9.86e-01 7.89e-02 +0.036  1.00 | 2.4e-01 3.7e+00 1.736e+00
#709   399   1 | 7.37e-01 5.97e-04 -0.260  1.00 | 9.64e-01 6.22e-02 -0.017  1.01 | 2.0e-01 2.7e+00 1.479e+00
#710  4380   1 | 2.69e-01 1.21e-03 -0.328  1.00 | 9.61e-01 2.28e-02 +0.267  0.99 | 2.4e-01 4.7e+00 9.859e-01
#711  2253   1 | 1.35e+00 6.59e-04 +0.036  1.00 | 9.84e-01 3.47e-02 +0.091  0.99 | 2.3e-01 3.2e+00 2.777e+00
#712  1211   1 | 1.04e+00 9.44e-04 +0.605  1.00 | 1.04e+00 4.56e-02 -0.036  1.01 | 2.2e-01 3.2e+00 2.153e+00
#713  3546   1 | 5.67e-01 9.83e-04 +0.235  1.00 | 9.41e-01 7.59e-02 +0.170  0.98 | 2.4e-01 2.7e+00 1.189e+00
#714  4749   1 | 9.99e-01 5.83e-04 -0.666  1.00 | 1.02e+00 1.71e-02 +0.360  0.99 | 2.3e-01 4.4e+00 2.032e+00
#715  3966   1 | 1.06e+00 6.30e-04 -0.725  1.00 | 1.06e+00 1.12e-01 +0.221  0.96 | 2.2e-01 3.4e+00 2.218e+00
#716  4992   1 | 1.10e+00 2.59e-03 +0.081  1.00 | 9.74e-01 1.04e-01 +0.331  0.94 | 2.4e-01 4.6e+00 2.106e+00
#717  2458   1 | 1.10e+00 3.21e-03 +0.546  1.00 | 9.97e-01 6.98e-02 +0.137  0.99 | 2.4e-01 3.8e+00 2.181e+00
#718  3480   1 | 5.48e-01 6.88e-04 +0.257  1.00 | 1.03e+00 3.70e-02 +0.099  0.99 | 2.3e-01 4.4e+00 1.361e+00
#719  4772   1 | 1.02e+00 1.14e-03 +0.560  1.00 | 9.58e-01 6.57e-02 +0.219  0.97 | 2.6e-01 5.3e+00 1.939e+00
#720  2222   1 | 2.72e-01 2.27e-03 +0.291  1.00 | 9.75e-01 8.90e-02 +0.144  0.98 | 2.7e-01 4.4e+00 1.007e+00
#721    60   1 | 6.81e-01 3.39e-03 -0.254  1.00 | 1.06e+00 7.38e-02 -0.020  1.01 | 2.4e-01 3.8e+00 1.591e+00
#722  4926   1 | 1.36e+00 8.01e-04 -0.468  1.00 | 9.75e-01 1.23e-01 +0.391  0.92 | 2.0e-01 3.3e+00 2.723e+00
#723  1056   1 | 7.22e-01 8.28e-04 +0.690  1.00 | 9.33e-01 1.11e-01 +0.030  1.01 | 2.6e-01 3.4e+00 1.396e+00
#724  3405   1 | 8.83e-01 1.03e-03 -0.594  1.00 | 9.75e-01 4.19e-02 +0.152  0.99 | 2.5e-01 3.3e+00 1.721e+00
#725    62   1 | 8.97e-01 1.77e-03 -0.124  1.00 | 1.04e+00 1.30e-01 +0.034  1.01 | 2.3e-01 3.4e+00 1.896e+00
#726  4546   1 | 2.15e-01 7.37e-04 -0.158  1.00 | 1.04e+00 4.93e-02 +0.127  0.99 | 2.7e-01 3.6e+00 1.116e+00
#727  4725   1 | 4.70e-01 2.20e-03 -0.679  1.01 | 9.73e-01 4.35e-01 +0.186  1.03 | 2.1e-01 4.6e+00 1.200e+00
#728  1162   1 | 1.19e+00 1.51e-03 +0.140  1.00 | 1.04e+00 8.16e-02 +0.056  1.00 | 2.5e-01 3.5e+00 2.496e+00
#729  3896   1 | 9.31e-01 3.97e-03 +0.794  0.99 | 9.90e-01 8.61e-02 +0.154  0.98 | 2.7e-01 4.3e+00 1.823e+00
#730  3364   1 | 1.10e+00 1.15e-03 +0.223  1.00 | 9.81e-01 1.11e-02 +0.142  1.00 | 2.7e-01 3.3e+00 2.165e+00
#731    91   1 | 6.07e-01 1.33e-03 +0.061  1.00 | 1.01e+00 2.89e-02 +0.037  1.00 | 3.0e-01 3.2e+00 1.398e+00
#732  3799   1 | 8.97e-01 3.50e-03 +0.460  1.00 | 1.01e+00 6.70e-02 +0.238  0.97 | 3.2e-01 3.2e+00 1.788e+00
#733   381   1 | 8.38e-01 4.53e-03 +0.299  1.00 | 9.96e-01 1.29e-01 +0.026  1.01 | 3.4e-01 3.4e+00 1.701e+00
#734  4591   1 | 1.06e+00 7.40e-03 -0.621  1.01 | 1.04e+00 5.64e-02 +0.264  0.97 | 3.1e-01 4.6e+00 2.171e+00
#735  4575   1 | 9.93e-01 1.84e-03 +0.228  1.00 | 1.01e+00 3.20e-02 +0.212  0.99 | 3.0e-01 3.9e+00 1.989e+00
#736  4042   1 | 1.24e+00 4.50e-03 -0.295  1.00 | 1.00e+00 2.32e-02 +0.178  0.99 | 3.3e-01 4.3e+00 2.536e+00
#737  3127   1 | 1.36e+00 4.51e-03 -0.210  1.00 | 1.02e+00 7.92e-02 +0.182  0.98 | 3.1e-01 3.3e+00 2.883e+00
#738  3146   1 | 1.05e+00 2.37e-03 +0.054  1.00 | 1.01e+00 1.17e-01 -0.042  1.02 | 2.9e-01 3.7e+00 2.164e+00
#739  3361   1 | 1.60e+00 3.21e-03 -0.697  1.00 | 9.98e-01 8.96e-02 +0.065  1.00 | 2.6e-01 3.5e+00 3.565e+00
#740    42   1 | 1.25e+00 9.62e-04 +0.600  1.00 | 9.56e-01 1.09e-02 -0.007  1.00 | 2.7e-01 3.2e+00 2.481e+00
#741  4994   1 | 1.27e+00 2.40e-03 +0.365  1.00 | 9.68e-01 6.95e-02 +0.316  0.96 | 2.6e-01 3.9e+00 2.505e+00
#742  4822   1 | 1.02e+00 1.00e-03 -0.134  1.00 | 1.01e+00 4.88e-02 +0.323  0.97 | 2.5e-01 3.3e+00 2.041e+00
#743   837   1 | 7.72e-01 5.48e-03 -0.271  1.00 | 9.82e-01 6.92e-02 +0.143  0.98 | 3.0e-01 4.1e+00 1.549e+00
#744  1101   1 | 7.09e-01 2.15e-03 +0.654  1.00 | 9.93e-01 3.84e-02 +0.010  1.00 | 2.9e-01 3.4e+00 1.486e+00
#745  2249   1 | 1.08e+00 1.46e-03 -0.296  1.00 | 9.85e-01 4.04e-02 +0.009  1.00 | 2.6e-01 3.7e+00 2.148e+00
#746  1185   1 | 1.08e+00 4.19e-03 -0.322  1.00 | 9.29e-01 1.17e-01 +0.185  0.97 | 3.0e-01 3.6e+00 2.008e+00
#747  3804   1 | 7.65e-01 6.41e-04 -0.149  1.00 | 1.00e+00 4.45e-02 +0.117  0.99 | 2.6e-01 3.7e+00 1.581e+00
#748  3266   1 | 1.11e+00 4.02e-03 -0.099  1.00 | 1.06e+00 5.97e-02 +0.110  0.99 | 2.6e-01 4.7e+00 2.330e+00
#749  4414   1 | 1.03e+00 4.18e-03 -0.502  1.00 | 1.02e+00 8.81e-02 +0.357  0.95 | 2.5e-01 4.0e+00 2.041e+00
#750  1966   1 | 1.05e+00 1.30e-03 -0.346  1.00 | 9.98e-01 2.51e-02 +0.050  1.00 | 2.0e-01 3.9e+00 2.103e+00
#751  1704   1 | 3.44e-01 1.96e-03 +0.395  1.00 | 9.17e-01 6.17e-02 +0.068  1.00 | 2.0e-01 4.2e+00 9.550e-01
#752  1020   1 | 7.70e-01 6.18e-04 +0.639  1.00 | 1.00e+00 5.50e-02 +0.055  1.00 | 1.8e-01 3.9e+00 1.592e+00
#753   702   1 | 1.10e+00 2.32e-03 +0.414  1.00 | 1.01e+00 3.49e-02 +0.069  1.00 | 1.6e-01 4.3e+00 2.229e+00
#754  4482   1 | 1.29e+00 6.29e-04 -0.314  1.00 | 1.01e+00 5.54e-02 +0.154  0.99 | 1.6e-01 3.1e+00 2.656e+00
#755  3136   1 | 4.95e-01 9.84e-04 -0.041  1.00 | 9.74e-01 7.01e-02 +0.123  0.99 | 1.6e-01 4.2e+00 1.182e+00
#756  4070   1 | 5.83e-01 3.30e-04 +0.620  1.00 | 9.01e-01 9.20e-02 +0.296  0.95 | 1.2e-01 3.1e+00 1.111e+00
#757   735   1 | 1.05e+00 1.63e-03 +0.370  1.00 | 1.05e+00 3.85e-02 +0.014  1.00 | 1.5e-01 4.6e+00 2.207e+00
#758  3832   1 | 5.82e-01 7.39e-04 +0.436  1.00 | 9.86e-01 2.68e-02 +0.113  0.99 | 1.5e-01 3.8e+00 1.305e+00
#759   298   1 | 9.86e-01 1.36e-03 -0.732  1.00 | 9.88e-01 8.88e-02 -0.023  1.01 | 1.5e-01 3.8e+00 1.962e+00
#760   400   1 | 1.15e+00 1.87e-03 +0.695  1.00 | 8.72e-01 8.76e-02 +0.024  1.01 | 1.4e-01 4.0e+00 2.085e+00
#761  1659   1 | 1.24e+00 1.98e-03 -0.783  1.00 | 9.47e-01 8.26e-02 -0.067  1.02 | 1.5e-01 4.0e+00 2.460e+00
#762  3291   1 | 9.65e-01 4.19e-04 +0.535  1.00 | 9.74e-01 5.93e-02 +0.097  0.99 | 1.3e-01 4.0e+00 1.873e+00
#763   987   1 | 3.95e-01 6.92e-04 -0.049  1.00 | 1.03e+00 6.74e-02 -0.042  1.01 | 1.4e-01 4.2e+00 1.223e+00
#764  2267   1 | 6.46e-01 2.36e-04 +0.402  1.00 | 1.02e+00 1.00e-01 -0.070  1.02 | 1.1e-01 2.3e+00 1.491e+00
#765  1148   1 | 1.05e+00 1.40e-03 +0.869  1.00 | 9.12e-01 1.12e-01 -0.024  1.02 | 1.3e-01 4.4e+00 1.951e+00
#766  2918   1 | 8.25e-01 8.69e-04 +0.085  1.00 | 1.00e+00 8.89e-02 +0.073  0.99 | 1.5e-01 3.1e+00 1.682e+00
#767   328   1 | 1.02e+00 1.07e-03 -0.342  1.00 | 1.05e+00 8.08e-02 -0.018  1.01 | 1.4e-01 4.1e+00 2.164e+00
#768   535   1 | 8.80e-01 8.93e-04 -0.255  1.00 | 1.06e+00 6.69e-02 -0.021  1.01 | 1.6e-01 4.1e+00 1.908e+00
#769  1202   1 | 1.34e+00 1.57e-03 +0.326  1.00 | 9.64e-01 7.12e-02 +0.058  1.00 | 1.6e-01 3.5e+00 2.710e+00
#770   978   1 | 8.03e-01 7.00e-04 +0.328  1.00 | 9.95e-01 3.80e-02 -0.003  1.00 | 1.8e-01 3.0e+00 1.636e+00
#771  3181   1 | 3.66e-01 8.43e-04 +0.638  1.00 | 9.54e-01 1.27e-01 +0.112  0.99 | 1.7e-01 3.6e+00 1.033e+00
#772   784   1 | 1.25e+00 2.24e-03 -0.096  1.00 | 9.49e-01 7.97e-02 +0.126  0.99 | 2.0e-01 3.6e+00 2.440e+00
#773  2300   1 | 9.55e-01 1.19e-03 +0.209  1.00 | 8.98e-01 1.00e-01 +0.152  0.98 | 2.1e-01 3.6e+00 1.701e+00
#774  3641   1 | 6.09e-01 1.48e-03 -0.043  1.00 | 1.02e+00 2.56e-02 +0.131  0.99 | 2.2e-01 4.4e+00 1.402e+00
#775   854   1 | 1.14e+00 1.49e-03 +0.029  1.00 | 9.67e-01 5.23e-02 +0.067  1.00 | 2.5e-01 4.7e+00 2.227e+00
#776  1508   1 | 1.09e+00 1.70e-03 -0.535  1.00 | 1.00e+00 2.06e-02 +0.080  1.00 | 2.2e-01 3.9e+00 2.197e+00
#777  2859   1 | 1.23e+00 1.50e-03 -0.821  1.00 | 1.01e+00 2.86e-02 +0.057  1.00 | 2.4e-01 3.1e+00 2.537e+00
#778  3587   1 | 7.15e-01 2.07e-03 +0.378  1.00 | 9.72e-01 4.69e-02 +0.195  0.98 | 2.3e-01 4.5e+00 1.439e+00
#779  3900   1 | 9.73e-01 1.91e-03 -0.423  1.00 | 1.04e+00 8.03e-02 +0.210  0.97 | 2.3e-01 3.1e+00 2.001e+00
#780  2337   1 | 1.35e+00 2.11e-03 +0.691  1.00 | 9.39e-01 7.68e-02 +0.098  0.99 | 2.2e-01 4.9e+00 2.693e+00
#781   867   1 | 1.18e+00 2.00e-03 +0.047  1.00 | 9.55e-01 1.11e-01 -0.117  1.04 | 2.4e-01 4.1e+00 2.352e+00
#782  1575   1 | 7.64e-01 1.31e-03 -0.608  1.00 | 9.96e-01 8.74e-02 +0.104  0.99 | 2.5e-01 3.3e+00 1.566e+00
#783  3711   1 | 1.04e+00 2.18e-03 +0.731  1.00 | 9.96e-01 4.47e-02 +0.068  1.00 | 2.4e-01 4.2e+00 2.066e+00
#784   585   1 | 1.24e+00 2.41e-03 +0.281  1.00 | 8.68e-01 7.42e-02 -0.127  1.03 | 2.5e-01 4.5e+00 2.300e+00
#785  4510   1 | 9.35e-01 1.29e-03 -0.610  1.00 | 9.99e-01 1.54e-01 +0.269  0.94 | 2.6e-01 4.1e+00 1.815e+00
#786  1534   1 | 1.01e+00 4.56e-03 +0.310  1.00 | 8.98e-01 9.84e-02 +0.084  0.99 | 2.9e-01 4.4e+00 1.818e+00
#787  1993   1 | 3.69e-01 3.42e-03 +0.433  0.99 | 1.08e+00 8.33e-02 +0.034  1.00 | 2.8e-01 3.3e+00 1.308e+00
#788   904   1 | 1.06e+00 9.56e-04 -0.789  1.00 | 1.00e+00 3.79e-02 +0.061  1.00 | 3.0e-01 3.0e+00 2.115e+00
#789   190   1 | 1.11e+00 5.93e-04 -0.810  1.00 | 9.65e-01 6.46e-02 -0.025  1.01 | 3.0e-01 4.3e+00 2.168e+00
#790  4521   1 | 9.63e-01 8.03e-04 -0.002  1.00 | 1.00e+00 1.07e-01 +0.188  0.97 | 2.4e-01 3.5e+00 1.898e+00
#791   715   1 | 1.41e+00 3.25e-03 +0.610  1.00 | 1.06e+00 8.54e-02 +0.071  1.00 | 3.4e-01 4.0e+00 3.105e+00
#792  4101   1 | 1.25e+00 1.32e-03 -0.352  1.00 | 1.04e+00 6.56e-02 +0.167  0.98 | 3.2e-01 3.4e+00 2.640e+00
#793  4609   1 | 1.28e+00 2.95e-03 +0.423  1.00 | 1.01e+00 1.18e-01 +0.320  0.94 | 3.2e-01 4.3e+00 2.601e+00
#794   494   1 | 1.11e+00 4.98e-03 -0.287  1.00 | 1.01e+00 3.44e-02 -0.029  1.00 | 3.8e-01 4.1e+00 2.266e+00
#795  4000   1 | 6.21e-01 4.07e-03 +0.122  1.00 | 1.04e+00 1.13e-01 +0.259  0.96 | 3.5e-01 3.5e+00 1.419e+00
#796  1755   1 | 1.25e+00 5.01e-03 -0.318  1.00 | 1.00e+00 4.76e-02 +0.086  0.99 | 3.5e-01 4.5e+00 2.573e+00
#797  3382   1 | 7.25e-01 8.23e-04 -0.028  1.00 | 1.01e+00 6.59e-02 +0.151  0.98 | 3.5e-01 4.7e+00 1.532e+00
#798  2159   1 | 4.28e-01 1.92e-03 -0.900  1.01 | 9.93e-01 3.98e-02 +0.043  1.00 | 3.7e-01 4.3e+00 1.170e+00
#799  2297   1 | 9.72e-01 1.53e-03 +0.491  1.00 | 1.09e+00 1.18e-01 +0.115  0.99 | 3.7e-01 3.9e+00 2.106e+00
#800  3088   1 | 1.49e+00 6.54e-03 +0.132  1.00 | 9.41e-01 7.79e-02 -0.007  1.01 | 3.6e-01 4.0e+00 3.104e+00
#801   703   1 | 9.39e-01 6.42e-03 -0.449  1.01 | 1.03e+00 8.06e-02 +0.016  1.00 | 3.8e-01 3.7e+00 1.947e+00
#802  4648   1 | 9.47e-01 2.93e-03 -0.377  1.00 | 1.02e+00 1.23e-01 +0.205  0.97 | 3.2e-01 4.1e+00 1.899e+00
#803  2878   1 | 5.66e-01 1.72e-03 +0.269  1.00 | 9.12e-01 6.56e-02 +0.056  1.00 | 3.2e-01 3.1e+00 1.149e+00
#804  2463   1 | 1.23e+00 5.39e-03 +0.489  1.00 | 9.82e-01 6.14e-02 +0.054  1.00 | 3.2e-01 4.5e+00 2.460e+00
#805  2291   1 | 9.34e-01 1.46e-03 +0.547  1.00 | 1.03e+00 7.43e-02 -0.042  1.01 | 3.2e-01 3.9e+00 1.949e+00
#806  4900   1 | 7.93e-01 4.62e-03 -0.209  1.00 | 9.52e-01 9.82e-02 +0.014  1.01 | 3.2e-01 4.6e+00 1.543e+00
#807   823   1 | 1.55e+00 3.16e-03 +0.246  1.00 | 9.85e-01 6.80e-02 -0.039  1.01 | 3.5e-01 4.2e+00 3.389e+00
#808  4912   1 | 4.22e-01 2.38e-03 -0.271  1.00 | 9.91e-01 6.57e-02 +0.092  0.99 | 3.3e-01 3.6e+00 1.154e+00
#809  4782   1 | 1.06e+00 2.80e-03 +0.328  1.00 | 1.04e+00 7.66e-02 +0.219  0.97 | 3.5e-01 3.7e+00 2.168e+00
#810  3153   1 | 4.30e-01 4.72e-03 -0.169  1.00 | 1.01e+00 3.02e-02 +0.102  0.99 | 3.6e-01 4.4e+00 1.206e+00
#811   787   1 | 1.35e+00 7.19e-03 -0.012  1.00 | 9.95e-01 1.10e-01 +0.103  0.99 | 3.6e-01 3.5e+00 2.799e+00
#812  1667   1 | 1.04e+00 2.62e-03 -0.314  1.00 | 1.04e+00 6.49e-02 +0.060  1.00 | 3.8e-01 3.6e+00 2.161e+00
#813  2087   1 | 1.19e+00 1.95e-03 -0.483  1.00 | 1.03e+00 9.27e-02 +0.051  1.00 | 3.4e-01 3.1e+00 2.481e+00
#814   885   1 | 1.11e+00 2.24e-03 +0.246  1.00 | 1.02e+00 6.80e-02 -0.013  1.01 | 3.9e-01 3.4e+00 2.277e+00
#815  2802   1 | 7.92e-01 3.95e-03 -0.309  1.00 | 1.01e+00 8.82e-02 +0.178  0.98 | 3.8e-01 4.3e+00 1.634e+00
#816   283   1 | 6.33e-01 1.17e-03 -0.412  1.00 | 9.75e-01 3.54e-02 +0.025  1.00 | 3.7e-01 3.7e+00 1.352e+00
#817  4141   1 | 1.33e+00 5.61e-03 +0.512  1.00 | 9.96e-01 9.03e-02 +0.227  0.97 | 3.8e-01 3.6e+00 2.730e+00
#818  3161   1 | 4.91e-01 9.30e-03 +0.549  0.98 | 9.25e-01 8.86e-02 +0.134  0.98 | 3.8e-01 3.5e+00 1.078e+00
#819  1825   1 | 1.24e+00 3.40e-03 +0.316  1.00 | 9.56e-01 6.79e-02 +0.186  0.98 | 3.9e-01 3.6e+00 2.418e+00
#820  2248   1 | 8.91e-01 7.96e-04 +0.106  1.00 | 1.02e+00 2.97e-02 -0.056  1.00 | 4.0e-01 4.1e+00 1.838e+00
#821  4313   1 | 1.12e+00 7.61e-03 +0.333  1.00 | 1.01e+00 1.01e-01 +0.236  0.96 | 4.5e-01 4.7e+00 2.238e+00
#822  3731   1 | 7.04e-01 4.06e-03 +0.052  1.00 | 9.80e-01 7.55e-02 +0.114  0.99 | 4.6e-01 3.1e+00 1.445e+00
#823  1817   1 | 1.19e+00 1.70e-02 +0.404  0.99 | 9.99e-01 8.49e-02 +0.035  1.00 | 4.9e-01 3.8e+00 2.395e+00
#824  3231   1 | 1.23e+00 3.69e-03 +0.375  1.00 | 1.02e+00 6.38e-02 +0.045  1.00 | 5.4e-01 4.1e+00 2.547e+00
#825  3610   1 | 1.13e+00 1.00e-03 -0.385  1.00 | 9.97e-01 5.61e-02 +0.180  0.98 | 5.5e-01 4.1e+00 2.250e+00
#826  1427   1 | 1.15e+00 1.96e-02 -0.366  1.01 | 9.81e-01 1.40e-01 +0.029  1.01 | 6.3e-01 3.6e+00 2.324e+00
#827  2622   1 | 6.28e-01 9.93e-03 -0.417  1.01 | 1.03e+00 1.01e-01 +0.041  1.00 | 6.7e-01 3.4e+00 1.453e+00
#828  4923   1 | 1.29e+00 6.53e-03 -0.019  1.00 | 9.64e-01 3.98e-02 +0.248  0.98 | 5.4e-01 3.6e+00 2.573e+00
#829  1794   1 | 9.37e-01 6.83e-03 -0.083  1.00 | 8.96e-01 9.18e-02 +0.150  0.98 | 6.2e-01 4.0e+00 1.667e+00
#830  3990   1 | 1.03e+00 3.06e-02 -0.602  1.04 | 9.55e-01 5.33e-02 +0.115  0.99 | 5.9e-01 4.2e+00 2.010e+00
#831  4728   1 | 1.05e+00 1.09e-02 +0.126  1.00 | 9.72e-01 7.27e-02 +0.278  0.96 | 5.2e-01 3.7e+00 2.011e+00
#832  3140   1 | 1.56e+00 5.10e-03 -0.222  1.00 | 9.58e-01 5.05e-02 +0.054  1.00 | 5.0e-01 4.1e+00 3.352e+00
#833  4778   1 | 1.27e+00 6.04e-03 +0.098  1.00 | 9.74e-01 3.43e-02 +0.108  0.99 | 4.2e-01 3.1e+00 2.559e+00
#834  4975   1 | 9.57e-01 2.62e-03 -0.195  1.00 | 1.07e+00 8.83e-02 +0.394  0.94 | 4.1e-01 5.0e+00 1.987e+00
#835  2561   1 | 5.98e-01 2.92e-03 -0.015  1.00 | 9.76e-01 3.26e-02 +0.022  1.00 | 3.9e-01 2.8e+00 1.309e+00
#836  4117   1 | 9.51e-01 6.00e-03 -0.602  1.01 | 9.74e-01 7.21e-02 +0.192  0.98 | 3.7e-01 3.1e+00 1.838e+00
#837  4096   1 | 9.26e-01 3.89e-04 -0.348  1.00 | 9.74e-01 8.01e-02 +0.164  0.98 | 3.2e-01 3.9e+00 1.788e+00
#838  2579   1 | 9.90e-01 3.11e-04 -0.146  1.00 | 1.06e+00 1.06e-01 +0.169  0.98 | 2.6e-01 3.0e+00 2.072e+00
#839   960   1 | 8.57e-01 8.55e-04 +0.371  1.00 | 9.70e-01 1.07e-01 +0.201  0.97 | 2.6e-01 4.2e+00 1.645e+00
#840  4643   1 | 1.05e+00 4.43e-04 +0.274  1.00 | 1.03e+00 6.26e-02 +0.180  0.98 | 2.8e-01 4.7e+00 2.142e+00
#841  2340   1 | 1.05e+00 5.07e-04 +0.230  1.00 | 9.54e-01 9.43e-02 +0.064  1.00 | 2.4e-01 3.5e+00 2.005e+00
#842  1392   1 | 1.13e+00 2.24e-04 +0.380  1.00 | 9.45e-01 8.94e-02 -0.031  1.01 | 2.4e-01 3.4e+00 2.184e+00
#843   534   1 | 3.49e-01 4.48e-04 -0.461  1.00 | 9.48e-01 4.01e-02 +0.029  1.00 | 2.5e-01 3.7e+00 1.019e+00
#844  4249   1 | 9.41e-01 2.27e-04 +0.576  1.00 | 9.28e-01 5.88e-02 +0.104  0.99 | 2.5e-01 4.0e+00 1.738e+00
#845   967   1 | 5.19e-01 1.01e-03 -0.858  1.00 | 9.77e-01 1.15e-01 -0.041  1.02 | 2.2e-01 3.6e+00 1.246e+00
#846  3295   1 | 1.17e+00 3.28e-04 -0.246  1.00 | 1.03e+00 3.56e-02 +0.134  0.99 | 2.4e-01 3.7e+00 2.412e+00
#847   146   1 | 4.23e-01 1.75e-04 -0.484  1.00 | 9.93e-01 2.18e-02 +0.011  1.00 | 2.5e-01 3.0e+00 1.165e+00
#848  3001   1 | 9.41e-01 1.41e-03 -0.254  1.00 | 1.06e+00 4.26e-01 +0.145  1.05 | 2.4e-01 4.2e+00 2.054e+00
#849  2830   1 | 8.15e-01 3.38e-04 +0.041  1.00 | 1.08e+00 6.32e-02 +0.009  1.00 | 2.4e-01 3.8e+00 1.841e+00
#850  4147   1 | 1.09e+00 9.38e-04 +0.347  1.00 | 9.85e-01 6.56e-02 +0.194  0.98 | 2.3e-01 3.5e+00 2.140e+00
#851   332   1 | 9.71e-01 7.11e-04 +0.466  1.00 | 9.44e-01 9.33e-02 +0.167  0.98 | 2.1e-01 4.0e+00 1.813e+00
#852  2556   1 | 1.04e+00 3.36e-04 +0.004  1.00 | 1.02e+00 7.59e-02 +0.035  1.00 | 2.2e-01 4.4e+00 2.115e+00
#853  4460   1 | 6.38e-01 6.99e-04 -0.013  1.00 | 9.12e-01 8.88e-02 +0.146  0.98 | 2.3e-01 3.7e+00 1.223e+00
#854  1999   1 | 1.05e+00 1.48e-04 -0.969  1.00 | 9.77e-01 1.47e-02 +0.019  1.00 | 2.4e-01 3.8e+00 2.056e+00
#855  2443   1 | 9.36e-01 8.86e-04 -0.273  1.00 | 1.01e+00 5.49e-02 +0.064  1.00 | 2.3e-01 4.5e+00 1.901e+00
#856  1541   1 | 1.21e+00 3.48e-04 -0.512  1.00 | 1.02e+00 6.77e-02 +0.000  1.00 | 2.3e-01 4.2e+00 2.508e+00
#857   282   1 | 1.06e+00 4.17e-04 +0.118  1.00 | 9.52e-01 5.23e-02 +0.008  1.00 | 2.4e-01 3.6e+00 2.038e+00
#858   119   1 | 9.01e-01 3.50e-04 +0.431  1.00 | 9.95e-01 2.44e-02 +0.049  1.00 | 2.3e-01 4.0e+00 1.798e+00
#859  3819   1 | 9.86e-01 2.60e-04 -0.691  1.00 | 9.53e-01 6.79e-02 +0.142  0.98 | 2.0e-01 4.2e+00 1.866e+00
#860  4841   1 | 1.36e+00 4.38e-04 -0.503  1.00 | 9.96e-01 7.16e-02 +0.148  0.98 | 2.2e-01 3.3e+00 2.833e+00
#861  2251   1 | 1.05e+00 5.25e-04 +0.778  1.00 | 1.01e+00 3.17e-02 +0.093  1.00 | 2.2e-01 2.8e+00 2.125e+00
#862  1223   1 | 1.34e+00 2.14e-04 +0.285  1.00 | 9.82e-01 2.85e-02 +0.017  1.00 | 2.1e-01 3.0e+00 2.764e+00
#863  4714   1 | 1.12e+00 1.20e-03 +0.186  1.00 | 1.06e+00 4.07e-02 +0.178  0.99 | 2.4e-01 4.6e+00 2.359e+00
#864  1795   1 | 1.09e+00 2.37e-04 -0.434  1.00 | 1.02e+00 8.71e-02 -0.013  1.01 | 2.2e-01 4.2e+00 2.242e+00
#865   411   1 | 1.34e+00 2.09e-04 +0.671  1.00 | 1.04e+00 1.09e-01 +0.059  1.00 | 2.1e-01 3.6e+00 2.888e+00
#866  3167   1 | 9.97e-01 9.24e-04 -0.326  1.00 | 9.68e-01 9.24e-02 +0.112  0.99 | 2.2e-01 3.5e+00 1.920e+00
#867  2866   1 | 1.10e+00 5.80e-04 +0.275  1.00 | 9.71e-01 8.32e-02 +0.097  0.99 | 2.3e-01 2.5e+00 2.139e+00
#868  1185   1 | 6.46e-01 3.19e-04 +0.490  1.00 | 9.94e-01 3.70e-02 +0.073  1.00 | 2.5e-01 3.4e+00 1.401e+00
#869  3109   1 | 1.16e+00 4.89e-04 +0.080  1.00 | 1.01e+00 7.89e-02 +0.138  0.98 | 2.4e-01 4.0e+00 2.345e+00
#870   714   1 | 4.64e-01 1.96e-03 +0.553  1.00 | 9.49e-01 5.63e-02 +0.037  1.00 | 2.5e-01 4.4e+00 1.113e+00
#871  2127   1 | 8.41e-01 2.43e-03 +0.704  1.00 | 9.36e-01 9.25e-02 -0.064  1.02 | 2.7e-01 4.0e+00 1.600e+00
#872  4967   1 | 7.33e-01 2.03e-04 -0.795  1.00 | 9.74e-01 5.38e-02 +0.185  0.98 | 2.8e-01 4.0e+00 1.470e+00
#873  4615   1 | 1.22e+00 1.17e-03 -0.698  1.00 | 1.04e+00 9.34e-02 +0.110  0.99 | 3.0e-01 3.5e+00 2.569e+00
#874   622   1 | 1.15e+00 9.96e-04 +0.282  1.00 | 1.00e+00 1.59e-02 +0.040  1.00 | 3.4e-01 4.7e+00 2.315e+00
#875  1778   1 | 1.19e+00 3.61e-03 -0.323  1.00 | 1.02e+00 5.72e-02 +0.001  1.00 | 3.5e-01 3.9e+00 2.460e+00
#876  2326   1 | 1.22e+00 4.74e-04 +0.766  1.00 | 1.04e+00 4.33e-02 +0.106  0.99 | 3.6e-01 3.9e+00 2.579e+00
#877  1429   1 | 6.29e-01 2.09e-03 -0.387  1.00 | 9.81e-01 6.00e-02 +0.054  1.00 | 3.7e-01 2.6e+00 1.356e+00
#878   434   1 | 1.25e+00 1.44e-03 +0.809  1.00 | 1.07e+00 2.27e-02 +0.055  1.00 | 3.7e-01 4.0e+00 2.693e+00
#879  1812   1 | 1.02e+00 1.84e-03 -0.637  1.00 | 1.11e+00 9.51e-02 -0.030  1.01 | 3.7e-01 4.2e+00 2.285e+00
#880  2323   1 | 1.15e+00 1.93e-03 -0.299  1.00 | 1.02e+00 2.57e-02 +0.077  1.00 | 3.8e-01 2.9e+00 2.372e+00
#881  3705   1 | 4.89e-01 2.61e-03 -0.284  1.00 | 9.52e-01 4.95e-02 +0.093  0.99 | 3.6e-01 4.7e+00 1.139e+00
#882   114   1 | 1.06e+00 1.29e-03 +0.601  1.00 | 1.04e+00 2.76e-02 +0.047  1.00 | 3.6e-01 4.1e+00 2.204e+00
#883  1349   1 | 9.34e-01 1.98e-03 -0.063  1.00 | 8.85e-01 8.38e-02 +0.115  0.99 | 3.8e-01 3.3e+00 1.645e+00
#884   390   1 | 6.28e-01 3.67e-03 +0.481  0.99 | 1.03e+00 6.68e-02 +0.063  1.00 | 4.0e-01 3.9e+00 1.447e+00
#885  2685   1 | 1.07e+00 2.04e-03 -0.075  1.00 | 9.98e-01 2.09e-02 -0.012  1.00 | 4.3e-01 2.9e+00 2.147e+00
#886  4838   1 | 1.16e+00 9.49e-04 -0.504  1.00 | 9.49e-01 2.07e-02 +0.167  0.99 | 4.0e-01 3.6e+00 2.233e+00
#887  1136   1 | 6.22e-01 4.42e-03 -0.331  1.00 | 9.96e-01 1.72e-02 +0.030  1.00 | 4.5e-01 3.5e+00 1.379e+00
#888   396   1 | 1.09e+00 2.74e-03 +0.118  1.00 | 9.98e-01 4.06e-02 -0.052  1.01 | 4.4e-01 3.2e+00 2.196e+00
#889  1971   1 | 8.10e-01 1.62e-02 -0.886  1.04 | 9.62e-01 4.99e-02 -0.046  1.01 | 4.4e-01 3.2e+00 1.612e+00
#890  2189   1 | 1.05e+00 1.33e-03 -0.567  1.00 | 9.07e-01 4.61e-02 +0.004  1.00 | 4.1e-01 3.8e+00 1.924e+00
#891   593   1 | 3.94e-01 8.15e-04 -0.507  1.00 | 9.90e-01 2.22e-02 +0.040  1.00 | 4.0e-01 4.1e+00 1.135e+00
#892   457   1 | 3.63e-01 1.01e-03 +0.043  1.00 | 9.91e-01 1.15e-02 -0.053  1.00 | 3.7e-01 4.2e+00 1.115e+00
#893  4047   1 | 1.07e+00 3.61e-04 -0.033  1.00 | 9.48e-01 2.69e-02 +0.092  1.00 | 3.4e-01 4.2e+00 2.045e+00
#894  2714   1 | 7.50e-01 1.60e-03 +0.298  1.00 | 1.00e+00 4.40e-02 +0.107  0.99 | 3.1e-01 2.4e+00 1.564e+00
#895  3210   1 | 3.32e-01 6.44e-04 -0.169  1.00 | 1.04e+00 5.52e-02 +0.182  0.98 | 3.0e-01 4.0e+00 1.171e+00
#896  1669   1 | 1.12e+00 1.24e-04 +0.832  1.00 | 9.67e-01 2.00e-02 +0.033  1.00 | 2.9e-01 4.7e+00 2.180e+00
#897  1241   1 | 4.33e-01 1.09e-04 -0.576  1.00 | 1.01e+00 5.91e-02 +0.012  1.00 | 2.9e-01 3.6e+00 1.213e+00
#898  2319   1 | 8.66e-01 1.42e-04 +0.681  1.00 | 9.44e-01 4.12e-02 +0.149  0.99 | 2.8e-01 4.4e+00 1.630e+00
#899  4718   1 | 1.08e+00 2.08e-04 +0.051  1.00 | 8.47e-01 3.59e-02 +0.223  0.98 | 2.9e-01 4.5e+00 1.871e+00
#900  2743   1 | 7.07e-01 1.14e-04 -0.068  1.00 | 9.98e-01 1.23e-02 +0.046  1.00 | 2.5e-01 4.0e+00 1.495e+00
#901  1376   1 | 8.51e-01 4.47e-05 +0.761  1.00 | 9.84e-01 1.26e-02 +0.011  1.00 | 2.6e-01 2.7e+00 1.692e+00
#902   107   1 | 1.06e+00 3.18e-04 -0.196  1.00 | 9.85e-01 3.16e-02 -0.031  1.00 | 2.8e-01 3.3e+00 2.103e+00
#903  1880   1 | 9.01e-01 5.43e-04 -0.739  1.00 | 9.47e-01 7.43e-02 +0.015  1.00 | 2.7e-01 2.9e+00 1.712e+00
#904  3951   1 | 1.03e+00 3.48e-04 +0.315  1.00 | 1.02e+00 5.87e-02 +0.180  0.98 | 3.0e-01 3.5e+00 2.076e+00
#905  2082   1 | 9.92e-01 1.13e-03 +0.321  1.00 | 9.43e-01 7.01e-02 -0.014  1.01 | 3.2e-01 4.6e+00 1.879e+00
#906  4857   1 | 1.01e+00 8.21e-04 +0.604  1.00 | 1.07e+00 2.65e-02 +0.282  0.99 | 3.6e-01 3.5e+00 2.155e+00
#907  1437   1 | 9.35e-01 8.87e-04 +0.257  1.00 | 9.70e-01 7.88e-02 +0.083  0.99 | 3.3e-01 4.2e+00 1.809e+00
#908  1181   1 | 1.07e+00 2.03e-03 -0.347  1.00 | 1.01e+00 1.12e-01 +0.021  1.01 | 3.4e-01 3.6e+00 2.164e+00
#909  1263   1 | 7.27e-01 1.68e-03 +0.639  1.00 | 1.04e+00 5.66e-02 -0.028  1.01 | 3.6e-01 3.4e+00 1.625e+00
#910  1000   1 | 1.62e+00 1.26e-03 -0.349  1.00 | 1.01e+00 5.06e-02 +0.042  1.00 | 3.6e-01 3.2e+00 3.664e+00
#911  1355   1 | 7.81e-01 4.22e-03 +0.050  1.00 | 9.45e-01 7.50e-02 +0.127  0.99 | 3.9e-01 4.6e+00 1.491e+00
#912  1604   1 | 1.15e+00 1.14e-03 +0.576  1.00 | 9.79e-01 2.22e-02 +0.043  1.00 | 3.9e-01 4.4e+00 2.268e+00
#913   518   1 | 1.01e+00 1.11e-03 +0.238  1.00 | 9.84e-01 1.18e-01 -0.002  1.01 | 4.1e-01 3.8e+00 2.002e+00
#914   992   1 | 1.06e+00 1.39e-03 +0.408  1.00 | 1.01e+00 2.20e-02 +0.021  1.00 | 4.0e-01 3.8e+00 2.133e+00
#915  3993   1 | 1.52e+00 2.11e-03 -0.021  1.00 | 1.07e+00 7.94e-02 +0.250  0.97 | 4.4e-01 4.2e+00 3.412e+00
#916  1300   1 | 1.07e+00 1.54e-03 +0.227  1.00 | 1.00e+00 8.81e-02 +0.028  1.00 | 4.2e-01 4.7e+00 2.149e+00
#917  1684   1 | 8.24e-01 1.73e-03 +0.059  1.00 | 9.90e-01 6.29e-02 +0.089  0.99 | 4.5e-01 2.8e+00 1.651e+00
#918  3656   1 | 6.63e-01 1.34e-03 +0.287  1.00 | 1.02e+00 2.79e-02 +0.082  1.00 | 4.8e-01 4.2e+00 1.466e+00
#919  2268   1 | 1.04e+00 1.28e-03 +0.140  1.00 | 1.04e+00 1.78e-02 +0.018  1.00 | 4.7e-01 3.8e+00 2.160e+00
#920  2938   1 | 9.80e-01 2.44e-03 +0.044  1.00 | 9.67e-01 8.28e-02 +0.225  0.97 | 4.4e-01 4.7e+00 1.867e+00
#921  1570   1 | 7.58e-01 2.22e-03 +0.725  1.00 | 1.00e+00 6.02e-02 -0.002  1.00 | 4.9e-01 3.6e+00 1.577e+00
#922  2777   1 | 2.76e-01 1.38e-03 +0.241  1.00 | 9.83e-01 1.76e-02 +0.080  1.00 | 4.9e-01 3.6e+00 1.040e+00
#923  1304   1 | 9.15e-01 5.94e-04 -0.577  1.00 | 9.95e-01 5.20e-02 +0.074  0.99 | 5.1e-01 4.4e+00 1.824e+00
#924  4151   1 | 1.28e+00 6.39e-03 -0.395  1.00 | 1.02e+00 7.16e-02 +0.291  0.96 | 5.2e-01 2.6e+00 2.628e+00
#925  4015   1 | 9.57e-01 7.54e-03 -0.792  1.01 | 1.02e+00 9.95e-02 +0.277  0.96 | 4.8e-01 4.1e+00 1.931e+00
#926   357   1 | 3.83e-01 4.03e-03 +0.634  0.99 | 1.02e+00 8.95e-02 +0.103  0.99 | 5.0e-01 3.8e+00 1.171e+00
#927  2049   1 | 9.56e-01 2.57e-03 -0.221  1.00 | 9.85e-01 7.60e-02 +0.054  1.00 | 4.9e-01 4.0e+00 1.883e+00
#928  3156   1 | 8.36e-01 4.97e-03 +0.181  1.00 | 8.97e-01 5.71e-02 +0.069  1.00 | 4.7e-01 4.8e+00 1.499e+00
#929   641   1 | 7.97e-01 4.85e-03 -0.541  1.01 | 1.03e+00 8.83e-02 -0.022  1.01 | 4.6e-01 3.9e+00 1.702e+00
#930  3229   1 | 1.28e+00 1.43e-03 +0.488  1.00 | 9.87e-01 7.58e-02 +0.051  1.00 | 4.7e-01 3.4e+00 2.597e+00
#931  3553   1 | 8.82e-01 4.43e-04 -0.339  1.00 | 9.15e-01 9.50e-02 +0.117  0.99 | 4.6e-01 4.0e+00 1.604e+00
#932  3743   1 | 1.38e+00 9.70e-04 +0.406  1.00 | 9.94e-01 6.07e-02 +0.075  0.99 | 4.4e-01 3.1e+00 2.890e+00
#933  2486   1 | 1.06e+00 3.53e-03 -0.722  1.00 | 1.04e+00 1.10e-01 +0.048  1.00 | 4.1e-01 4.5e+00 2.218e+00
#934  4666   1 | 5.32e-01 8.83e-04 +0.281  1.00 | 1.02e+00 5.94e-02 +0.295  0.97 | 4.7e-01 3.9e+00 1.285e+00
#935  3444   1 | 1.01e+00 8.28e-04 +0.048  1.00 | 1.04e+00 4.11e-02 +0.107  0.99 | 4.1e-01 3.1e+00 2.097e+00
#936  1441   1 | 6.18e-01 2.87e-03 -0.548  1.01 | 1.02e+00 9.52e-02 +0.152  0.98 | 3.9e-01 4.1e+00 1.397e+00
#937  3371   1 | 1.22e+00 7.41e-04 +0.498  1.00 | 1.00e+00 7.97e-02 +0.121  0.99 | 4.0e-01 3.5e+00 2.481e+00
#938  4486   1 | 8.79e-01 2.66e-04 +0.401  1.00 | 1.01e+00 8.29e-02 +0.163  0.98 | 4.0e-01 3.3e+00 1.776e+00
#939  1662   1 | 8.94e-01 1.00e-03 -0.675  1.00 | 9.77e-01 6.55e-02 -0.011  1.01 | 3.9e-01 4.1e+00 1.761e+00
#940  3230   1 | 1.51e+00 9.55e-04 +0.460  1.00 | 9.83e-01 2.87e-02 +0.019  1.00 | 3.9e-01 3.7e+00 3.236e+00
#941   488   1 | 1.06e+00 5.31e-04 +0.347  1.00 | 9.60e-01 4.80e-02 -0.014  1.00 | 3.5e-01 3.8e+00 2.059e+00
#942   156   1 | 5.33e-01 4.05e-04 -0.360  1.00 | 1.03e+00 2.44e-02 +0.055  1.00 | 3.4e-01 3.7e+00 1.353e+00
#943  2705   1 | 8.10e-01 4.06e-04 -0.362  1.00 | 1.00e+00 5.64e-02 +0.060  1.00 | 3.3e-01 4.4e+00 1.660e+00
#944  3816   1 | 5.61e-01 5.66e-04 +0.392  1.00 | 9.88e-01 6.98e-02 +0.232  0.97 | 3.7e-01 4.0e+00 1.264e+00
#945   654   1 | 9.88e-01 3.80e-04 +0.483  1.00 | 1.02e+00 8.03e-03 -0.014  1.00 | 3.0e-01 3.9e+00 2.015e+00
#946  4825   1 | 5.12e-01 2.84e-04 -0.175  1.00 | 9.88e-01 5.38e-02 +0.252  0.98 | 3.7e-01 4.5e+00 1.215e+00
#947   916   1 | 1.50e+00 8.44e-04 -0.865  1.00 | 1.00e+00 7.79e-02 -0.057  1.01 | 3.3e-01 3.7e+00 3.290e+00
#948  1140   1 | 1.37e+00 2.92e-04 +0.278  1.00 | 9.78e-01 2.66e-02 +0.070  1.00 | 3.4e-01 3.7e+00 2.839e+00
#949  4498   1 | 1.08e+00 1.46e-03 +0.603  1.00 | 9.49e-01 7.92e-02 +0.190  0.98 | 3.8e-01 3.9e+00 2.041e+00
#950  1291   1 | 1.02e+00 7.46e-04 +0.257  1.00 | 9.75e-01 3.73e-02 +0.002  1.00 | 3.6e-01 4.0e+00 2.001e+00
#951  2519   1 | 1.11e+00 3.48e-04 +0.104  1.00 | 9.29e-01 3.84e-02 -0.012  1.00 | 3.2e-01 4.1e+00 2.104e+00
#952  3046   1 | 4.58e-01 9.70e-04 +0.203  1.00 | 1.02e+00 1.12e-01 +0.162  0.98 | 3.4e-01 3.8e+00 1.225e+00
#953  3961   1 | 1.13e+00 4.06e-04 +0.489  1.00 | 1.01e+00 3.96e-02 +0.110  0.99 | 3.6e-01 3.8e+00 2.286e+00
#954  3974   1 | 1.84e+00 2.89e-04 +0.202  1.00 | 9.48e-01 3.80e-02 +0.169  0.99 | 3.4e-01 5.0e+00 4.287e+00
#955  2809   1 | 1.22e+00 2.84e-04 +0.044  1.00 | 1.00e+00 2.37e-02 +0.044  1.00 | 3.4e-01 3.7e+00 2.495e+00
#956  2026   1 | 8.36e-01 3.86e-04 +0.140  1.00 | 1.03e+00 3.82e-02 +0.035  1.00 | 3.6e-01 4.5e+00 1.753e+00
#957  2761   1 | 1.10e+00 2.87e-04 +0.584  1.00 | 9.81e-01 3.73e-02 +0.002  1.00 | 3.5e-01 4.3e+00 2.176e+00
#958  2048   1 | 1.16e+00 4.47e-04 +0.242  1.00 | 9.83e-01 3.89e-02 +0.009  1.00 | 3.9e-01 3.6e+00 2.310e+00
#959  4895   1 | 8.46e-01 1.99e-04 -0.233  1.00 | 9.92e-01 7.28e-02 +0.213  0.97 | 4.0e-01 3.3e+00 1.674e+00
#960  3797   1 | 1.13e+00 4.15e-04 +0.672  1.00 | 1.01e+00 6.14e-02 +0.146  0.99 | 3.7e-01 3.8e+00 2.286e+00
#961  2766   1 | 6.80e-01 5.73e-04 -0.235  1.00 | 9.55e-01 6.41e-02 +0.095  0.99 | 3.1e-01 3.9e+00 1.367e+00
#962  1529   1 | 1.33e+00 3.94e-04 +0.149  1.00 | 9.84e-01 2.97e-02 -0.018  1.00 | 3.7e-01 3.4e+00 2.735e+00
#963  3338   1 | 8.68e-01 1.47e-03 +0.761  1.00 | 9.27e-01 7.71e-02 -0.027  1.01 | 3.6e-01 3.6e+00 1.620e+00
#964  4527   1 | 6.49e-01 1.32e-03 +0.156  1.00 | 9.87e-01 2.55e-02 +0.172  0.99 | 4.2e-01 4.3e+00 1.386e+00
#965  1758   1 | 1.13e+00 1.19e-03 -0.242  1.00 | 9.83e-01 4.54e-02 +0.035  1.00 | 4.0e-01 4.5e+00 2.239e+00
#966  1866   1 | 1.11e+00 1.00e-03 -0.237  1.00 | 9.66e-01 4.92e-02 +0.071  1.00 | 3.6e-01 3.8e+00 2.164e+00
#967   332   1 | 5.42e-01 7.30e-04 +0.044  1.00 | 1.02e+00 6.06e-02 +0.001  1.00 | 3.5e-01 3.5e+00 1.334e+00
#968  3385   1 | 1.06e+00 1.31e-03 -0.062  1.00 | 1.06e+00 7.89e-02 +0.238  0.97 | 3.6e-01 5.2e+00 2.211e+00
#969  3586   1 | 1.24e+00 5.48e-04 +0.173  1.00 | 1.06e+00 1.09e-01 +0.243  0.96 | 3.7e-01 3.3e+00 2.610e+00
#970  2047   1 | 1.21e+00 2.08e-03 +0.567  1.00 | 1.05e+00 1.18e-01 +0.144  0.98 | 4.0e-01 3.5e+00 2.545e+00
#971  3083   1 | 9.87e-01 8.81e-04 +0.491  1.00 | 8.96e-01 1.01e-01 +0.195  0.97 | 3.7e-01 3.8e+00 1.751e+00
#972  4196   1 | 8.09e-01 1.48e-03 +0.128  1.00 | 9.71e-01 9.60e-02 +0.444  0.92 | 3.7e-01 3.8e+00 1.525e+00
#973  2461   1 | 1.82e-01 5.57e-04 +0.326  1.00 | 1.00e+00 2.79e-02 -0.064  1.00 | 3.7e-01 3.7e+00 1.038e+00
#974  1761   1 | 1.23e+00 1.77e-03 +0.263  1.00 | 1.01e+00 9.09e-02 +0.105  0.99 | 4.0e-01 4.8e+00 2.502e+00
#975   611   1 | 9.24e-01 9.55e-04 +0.259  1.00 | 9.84e-01 4.45e-02 +0.041  1.00 | 3.7e-01 3.7e+00 1.820e+00
#976  3920   1 | 9.02e-01 1.54e-03 -0.236  1.00 | 1.00e+00 1.03e-01 +0.079  0.99 | 3.7e-01 3.1e+00 1.808e+00
#977  1465   1 | 9.81e-01 4.68e-04 +0.442  1.00 | 9.39e-01 9.79e-02 +0.068  1.00 | 3.7e-01 4.6e+00 1.840e+00
#978  3703   1 | 1.15e+00 6.91e-04 +0.109  1.00 | 1.02e+00 6.15e-02 +0.147  0.99 | 4.0e-01 4.9e+00 2.343e+00
#979  2777   1 | 7.59e-01 2.26e-03 -0.091  1.00 | 1.01e+00 4.02e-02 +0.060  1.00 | 3.7e-01 4.2e+00 1.601e+00
#980  2386   1 | 5.79e-01 6.81e-04 +0.483  1.00 | 1.02e+00 3.02e-02 +0.020  1.00 | 4.0e-01 3.5e+00 1.381e+00
#981   158   1 | 9.64e-01 1.50e-03 -0.263  1.00 | 1.02e+00 2.43e-02 -0.010  1.00 | 4.2e-01 4.7e+00 1.968e+00
#982    27   1 | 1.28e+00 3.24e-03 +0.345  1.00 | 1.09e+00 1.01e-01 +0.178  0.98 | 4.2e-01 4.3e+00 2.795e+00
#983   314   1 | 1.41e+00 1.08e-03 +0.388  1.00 | 9.78e-01 7.40e-02 +0.029  1.00 | 4.1e-01 3.4e+00 2.938e+00
#984  3477   1 | 1.16e+00 7.78e-04 -0.612  1.00 | 9.82e-01 6.00e-02 +0.099  0.99 | 4.0e-01 3.5e+00 2.305e+00
#985   733   1 | 9.73e-01 1.73e-03 -0.371  1.00 | 9.26e-01 9.64e-02 +0.159  0.98 | 4.1e-01 3.9e+00 1.787e+00
#986  4332   1 | 7.00e-01 8.36e-04 -0.799  1.00 | 1.05e+00 7.13e-02 +0.147  0.98 | 4.1e-01 4.6e+00 1.576e+00
#987   510   1 | 1.12e+00 1.04e-03 +0.527  1.00 | 9.50e-01 6.22e-02 +0.017  1.00 | 3.9e-01 4.2e+00 2.149e+00
#988  3872   1 | 7.46e-01 6.56e-03 -0.519  1.01 | 9.02e-01 6.93e-02 +0.323  0.96 | 4.1e-01 4.1e+00 1.340e+00
#989    57   1 | 9.65e-01 4.13e-03 -0.262  1.00 | 1.08e+00 9.80e-02 +0.104  0.99 | 4.3e-01 3.9e+00 2.084e+00
#990  2578   1 | 9.74e-01 1.21e-03 +0.906  1.00 | 1.04e+00 2.66e-02 +0.039  1.00 | 3.9e-01 3.7e+00 2.021e+00
#991  3607   1 | 1.05e+00 1.13e-03 +0.309  1.00 | 9.54e-01 9.86e-02 +0.134  0.98 | 4.0e-01 4.1e+00 1.988e+00
#992  2931   1 | 8.21e-01 1.19e-03 +0.302  1.00 | 9.59e-01 1.11e-01 +0.149  0.98 | 3.5e-01 3.3e+00 1.574e+00
#993   295   1 | 5.88e-01 4.76e-04 +0.299  1.00 | 1.02e+00 5.84e-02 +0.001  1.00 | 4.0e-01 3.4e+00 1.390e+00
#994   249   1 | 8.66e-01 3.44e-03 -0.410  1.00 | 1.04e+00 5.74e-02 +0.078  0.99 | 4.3e-01 3.1e+00 1.833e+00
#995  1679   1 | 1.01e+00 1.55e-03 +0.260  1.00 | 9.85e-01 7.05e-02 +0.048  1.00 | 4.2e-01 4.6e+00 1.995e+00
#996  2883   1 | 1.13e+00 6.69e-04 +0.068  1.00 | 9.81e-01 8.32e-02 +0.280  0.96 | 4.3e-01 3.8e+00 2.207e+00
#997  4057   1 | 7.26e-01 1.99e-03 +0.703  1.00 | 1.02e+00 9.48e-02 +0.227  0.97 | 4.3e-01 2.8e+00 1.536e+00
#998  4766   1 | 4.81e-01 3.72e-04 -0.442  1.00 | 1.02e+00 7.62e-02 +0.402  0.95 | 4.7e-01 3.6e+00 1.220e+00
#999   822   1 | 1.27e+00 6.65e-04 -0.644  1.00 | 9.41e-01 5.18e-02 +0.069  1.00 | 4.3e-01 3.5e+00 2.508e+00
/home/haotiant/conda/envs/dtmol/lib/python3.8/site-packages/torch/jit/_check.py:177: UserWarning: The TorchScript type system doesn't support instance-level annotations on empty non-base types in `__init__`. Instead, either 1) use a type annotation in the class body, or 2) wrap the type in `torch.jit.Attribute`.
  warnings.warn(
/home/haotiant/conda/envs/dtmol/lib/python3.8/site-packages/torch/jit/_check.py:177: UserWarning: The TorchScript type system doesn't support instance-level annotations on empty non-base types in `__init__`. Instead, either 1) use a type annotation in the class body, or 2) wrap the type in `torch.jit.Attribute`.
  warnings.warn(
/home/haotiant/conda/envs/dtmol/lib/python3.8/site-packages/torch/jit/_check.py:177: UserWarning: The TorchScript type system doesn't support instance-level annotations on empty non-base types in `__init__`. Instead, either 1) use a type annotation in the class body, or 2) wrap the type in `torch.jit.Attribute`.
  warnings.warn(
/home/haotiant/conda/envs/dtmol/lib/python3.8/site-packages/torch/jit/_check.py:177: UserWarning: The TorchScript type system doesn't support instance-level annotations on empty non-base types in `__init__`. Instead, either 1) use a type annotation in the class body, or 2) wrap the type in `torch.jit.Attribute`.
  warnings.warn(
/home/haotiant/conda/envs/dtmol/lib/python3.8/site-packages/torch/jit/_check.py:177: UserWarning: The TorchScript type system doesn't support instance-level annotations on empty non-base types in `__init__`. Instead, either 1) use a type annotation in the class body, or 2) wrap the type in `torch.jit.Attribute`.
  warnings.warn(
/home/haotiant/conda/envs/dtmol/lib/python3.8/site-packages/torch/jit/_check.py:177: UserWarning: The TorchScript type system doesn't support instance-level annotations on empty non-base types in `__init__`. Instead, either 1) use a type annotation in the class body, or 2) wrap the type in `torch.jit.Attribute`.
  warnings.warn(
/home/haotiant/conda/envs/dtmol/lib/python3.8/site-packages/torch/jit/_check.py:177: UserWarning: The TorchScript type system doesn't support instance-level annotations on empty non-base types in `__init__`. Instead, either 1) use a type annotation in the class body, or 2) wrap the type in `torch.jit.Attribute`.
  warnings.warn(
/home/haotiant/conda/envs/dtmol/lib/python3.8/site-packages/torch/jit/_check.py:177: UserWarning: The TorchScript type system doesn't support instance-level annotations on empty non-base types in `__init__`. Instead, either 1) use a type annotation in the class body, or 2) wrap the type in `torch.jit.Attribute`.
  warnings.warn(

Done in 762.8s, 1000 steps

=== AGGREGATE over last 50 steps ===
  ratio_tr (mean):   1.000    (lower=better, baseline=1.0)
  ratio_p  (mean):   0.988    (lower=better, baseline=1.0)
  |cos_tr| (mean):   0.341    (higher=better)
  |cos_p|  (mean):   0.113    (higher=better)
  pred_tr_rms (mean):1.205e-03
  pred_p_rms  (mean):6.545e-02
  loss     (mean):   1.993

Legend: ratio < 0.5 -> learning. cos|>| > 0.3 -> direction-aligned.
