/home/haotiant/conda/envs/dtmol/lib/python3.8/site-packages/torch/jit/_check.py:177: UserWarning: The TorchScript type system doesn't support instance-level annotations on empty non-base types in `__init__`. Instead, either 1) use a type annotation in the class body, or 2) wrap the type in `torch.jit.Attribute`.
  warnings.warn(
/home/haotiant/conda/envs/dtmol/lib/python3.8/site-packages/torch/jit/_check.py:177: UserWarning: The TorchScript type system doesn't support instance-level annotations on empty non-base types in `__init__`. Instead, either 1) use a type annotation in the class body, or 2) wrap the type in `torch.jit.Attribute`.
  warnings.warn(
/home/haotiant/conda/envs/dtmol/lib/python3.8/site-packages/torch/jit/_check.py:177: UserWarning: The TorchScript type system doesn't support instance-level annotations on empty non-base types in `__init__`. Instead, either 1) use a type annotation in the class body, or 2) wrap the type in `torch.jit.Attribute`.
  warnings.warn(
/home/haotiant/conda/envs/dtmol/lib/python3.8/site-packages/torch/jit/_check.py:177: UserWarning: The TorchScript type system doesn't support instance-level annotations on empty non-base types in `__init__`. Instead, either 1) use a type annotation in the class body, or 2) wrap the type in `torch.jit.Attribute`.
  warnings.warn(
/home/haotiant/conda/envs/dtmol/lib/python3.8/site-packages/torch/jit/_check.py:177: UserWarning: The TorchScript type system doesn't support instance-level annotations on empty non-base types in `__init__`. Instead, either 1) use a type annotation in the class body, or 2) wrap the type in `torch.jit.Attribute`.
  warnings.warn(
/home/haotiant/conda/envs/dtmol/lib/python3.8/site-packages/torch/jit/_check.py:177: UserWarning: The TorchScript type system doesn't support instance-level annotations on empty non-base types in `__init__`. Instead, either 1) use a type annotation in the class body, or 2) wrap the type in `torch.jit.Attribute`.
  warnings.warn(
/home/haotiant/conda/envs/dtmol/lib/python3.8/site-packages/torch/jit/_check.py:177: UserWarning: The TorchScript type system doesn't support instance-level annotations on empty non-base types in `__init__`. Instead, either 1) use a type annotation in the class body, or 2) wrap the type in `torch.jit.Attribute`.
  warnings.warn(
/home/haotiant/conda/envs/dtmol/lib/python3.8/site-packages/torch/jit/_check.py:177: UserWarning: The TorchScript type system doesn't support instance-level annotations on empty non-base types in `__init__`. Instead, either 1) use a type annotation in the class body, or 2) wrap the type in `torch.jit.Attribute`.
  warnings.warn(
/home/haotiant/conda/envs/dtmol/lib/python3.8/site-packages/torch/jit/_check.py:177: UserWarning: The TorchScript type system doesn't support instance-level annotations on empty non-base types in `__init__`. Instead, either 1) use a type annotation in the class body, or 2) wrap the type in `torch.jit.Attribute`.
  warnings.warn(
/home/haotiant/conda/envs/dtmol/lib/python3.8/site-packages/torch/jit/_check.py:177: UserWarning: The TorchScript type system doesn't support instance-level annotations on empty non-base types in `__init__`. Instead, either 1) use a type annotation in the class body, or 2) wrap the type in `torch.jit.Attribute`.
  warnings.warn(
/home/haotiant/conda/envs/dtmol/lib/python3.8/site-packages/torch/jit/_check.py:177: UserWarning: The TorchScript type system doesn't support instance-level annotations on empty non-base types in `__init__`. Instead, either 1) use a type annotation in the class body, or 2) wrap the type in `torch.jit.Attribute`.
  warnings.warn(
/home/haotiant/conda/envs/dtmol/lib/python3.8/site-packages/torch/jit/_check.py:177: UserWarning: The TorchScript type system doesn't support instance-level annotations on empty non-base types in `__init__`. Instead, either 1) use a type annotation in the class body, or 2) wrap the type in `torch.jit.Attribute`.
  warnings.warn(
/home/haotiant/conda/envs/dtmol/lib/python3.8/site-packages/torch/jit/_check.py:177: UserWarning: The TorchScript type system doesn't support instance-level annotations on empty non-base types in `__init__`. Instead, either 1) use a type annotation in the class body, or 2) wrap the type in `torch.jit.Attribute`.
  warnings.warn(
/home/haotiant/conda/envs/dtmol/lib/python3.8/site-packages/torch/jit/_check.py:177: UserWarning: The TorchScript type system doesn't support instance-level annotations on empty non-base types in `__init__`. Instead, either 1) use a type annotation in the class body, or 2) wrap the type in `torch.jit.Attribute`.
  warnings.warn(
/home/haotiant/conda/envs/dtmol/lib/python3.8/site-packages/torch/jit/_check.py:177: UserWarning: The TorchScript type system doesn't support instance-level annotations on empty non-base types in `__init__`. Instead, either 1) use a type annotation in the class body, or 2) wrap the type in `torch.jit.Attribute`.
  warnings.warn(
/home/haotiant/conda/envs/dtmol/lib/python3.8/site-packages/torch/jit/_check.py:177: UserWarning: The TorchScript type system doesn't support instance-level annotations on empty non-base types in `__init__`. Instead, either 1) use a type annotation in the class body, or 2) wrap the type in `torch.jit.Attribute`.
  warnings.warn(
/home/haotiant/conda/envs/dtmol/lib/python3.8/site-packages/torch/jit/_check.py:177: UserWarning: The TorchScript type system doesn't support instance-level annotations on empty non-base types in `__init__`. Instead, either 1) use a type annotation in the class body, or 2) wrap the type in `torch.jit.Attribute`.
  warnings.warn(
/home/haotiant/conda/envs/dtmol/lib/python3.8/site-packages/torch/jit/_check.py:177: UserWarning: The TorchScript type system doesn't support instance-level annotations on empty non-base types in `__init__`. Instead, either 1) use a type annotation in the class body, or 2) wrap the type in `torch.jit.Attribute`.
  warnings.warn(
/home/haotiant/conda/envs/dtmol/lib/python3.8/site-packages/torch/jit/_check.py:177: UserWarning: The TorchScript type system doesn't support instance-level annotations on empty non-base types in `__init__`. Instead, either 1) use a type annotation in the class body, or 2) wrap the type in `torch.jit.Attribute`.
  warnings.warn(
/home/haotiant/conda/envs/dtmol/lib/python3.8/site-packages/torch/jit/_check.py:177: UserWarning: The TorchScript type system doesn't support instance-level annotations on empty non-base types in `__init__`. Instead, either 1) use a type annotation in the class body, or 2) wrap the type in `torch.jit.Attribute`.
  warnings.warn(
/home/haotiant/conda/envs/dtmol/lib/python3.8/site-packages/torch/jit/_check.py:177: UserWarning: The TorchScript type system doesn't support instance-level annotations on empty non-base types in `__init__`. Instead, either 1) use a type annotation in the class body, or 2) wrap the type in `torch.jit.Attribute`.
  warnings.warn(
/home/haotiant/conda/envs/dtmol/lib/python3.8/site-packages/torch/jit/_check.py:177: UserWarning: The TorchScript type system doesn't support instance-level annotations on empty non-base types in `__init__`. Instead, either 1) use a type annotation in the class body, or 2) wrap the type in `torch.jit.Attribute`.
  warnings.warn(
/home/haotiant/conda/envs/dtmol/lib/python3.8/site-packages/torch/jit/_check.py:177: UserWarning: The TorchScript type system doesn't support instance-level annotations on empty non-base types in `__init__`. Instead, either 1) use a type annotation in the class body, or 2) wrap the type in `torch.jit.Attribute`.
  warnings.warn(
/home/haotiant/conda/envs/dtmol/lib/python3.8/site-packages/torch/jit/_check.py:177: UserWarning: The TorchScript type system doesn't support instance-level annotations on empty non-base types in `__init__`. Instead, either 1) use a type annotation in the class body, or 2) wrap the type in `torch.jit.Attribute`.
  warnings.warn(
/home/haotiant/conda/envs/dtmol/lib/python3.8/site-packages/torch/jit/_check.py:177: UserWarning: The TorchScript type system doesn't support instance-level annotations on empty non-base types in `__init__`. Instead, either 1) use a type annotation in the class body, or 2) wrap the type in `torch.jit.Attribute`.
  warnings.warn(
/home/haotiant/conda/envs/dtmol/lib/python3.8/site-packages/torch/jit/_check.py:177: UserWarning: The TorchScript type system doesn't support instance-level annotations on empty non-base types in `__init__`. Instead, either 1) use a type annotation in the class body, or 2) wrap the type in `torch.jit.Attribute`.
  warnings.warn(
/home/haotiant/conda/envs/dtmol/lib/python3.8/site-packages/torch/jit/_check.py:177: UserWarning: The TorchScript type system doesn't support instance-level annotations on empty non-base types in `__init__`. Instead, either 1) use a type annotation in the class body, or 2) wrap the type in `torch.jit.Attribute`.
  warnings.warn(
/home/haotiant/conda/envs/dtmol/lib/python3.8/site-packages/torch/jit/_check.py:177: UserWarning: The TorchScript type system doesn't support instance-level annotations on empty non-base types in `__init__`. Instead, either 1) use a type annotation in the class body, or 2) wrap the type in `torch.jit.Attribute`.
  warnings.warn(
/home/haotiant/conda/envs/dtmol/lib/python3.8/site-packages/torch/jit/_check.py:177: UserWarning: The TorchScript type system doesn't support instance-level annotations on empty non-base types in `__init__`. Instead, either 1) use a type annotation in the class body, or 2) wrap the type in `torch.jit.Attribute`.
  warnings.warn(
/home/haotiant/conda/envs/dtmol/lib/python3.8/site-packages/torch/jit/_check.py:177: UserWarning: The TorchScript type system doesn't support instance-level annotations on empty non-base types in `__init__`. Instead, either 1) use a type annotation in the class body, or 2) wrap the type in `torch.jit.Attribute`.
  warnings.warn(
/home/haotiant/conda/envs/dtmol/lib/python3.8/site-packages/torch/jit/_check.py:177: UserWarning: The TorchScript type system doesn't support instance-level annotations on empty non-base types in `__init__`. Instead, either 1) use a type annotation in the class body, or 2) wrap the type in `torch.jit.Attribute`.
  warnings.warn(
/home/haotiant/conda/envs/dtmol/lib/python3.8/site-packages/torch/jit/_check.py:177: UserWarning: The TorchScript type system doesn't support instance-level annotations on empty non-base types in `__init__`. Instead, either 1) use a type annotation in the class body, or 2) wrap the type in `torch.jit.Attribute`.
  warnings.warn(
/home/haotiant/conda/envs/dtmol/lib/python3.8/site-packages/torch/jit/_check.py:177: UserWarning: The TorchScript type system doesn't support instance-level annotations on empty non-base types in `__init__`. Instead, either 1) use a type annotation in the class body, or 2) wrap the type in `torch.jit.Attribute`.
  warnings.warn(
/home/haotiant/conda/envs/dtmol/lib/python3.8/site-packages/torch/jit/_check.py:177: UserWarning: The TorchScript type system doesn't support instance-level annotations on empty non-base types in `__init__`. Instead, either 1) use a type annotation in the class body, or 2) wrap the type in `torch.jit.Attribute`.
  warnings.warn(
/home/haotiant/conda/envs/dtmol/lib/python3.8/site-packages/torch/jit/_check.py:177: UserWarning: The TorchScript type system doesn't support instance-level annotations on empty non-base types in `__init__`. Instead, either 1) use a type annotation in the class body, or 2) wrap the type in `torch.jit.Attribute`.
  warnings.warn(
/home/haotiant/conda/envs/dtmol/lib/python3.8/site-packages/torch/jit/_check.py:177: UserWarning: The TorchScript type system doesn't support instance-level annotations on empty non-base types in `__init__`. Instead, either 1) use a type annotation in the class body, or 2) wrap the type in `torch.jit.Attribute`.
  warnings.warn(
/home/haotiant/conda/envs/dtmol/lib/python3.8/site-packages/torch/jit/_check.py:177: UserWarning: The TorchScript type system doesn't support instance-level annotations on empty non-base types in `__init__`. Instead, either 1) use a type annotation in the class body, or 2) wrap the type in `torch.jit.Attribute`.
  warnings.warn(
/home/haotiant/conda/envs/dtmol/lib/python3.8/site-packages/torch/jit/_check.py:177: UserWarning: The TorchScript type system doesn't support instance-level annotations on empty non-base types in `__init__`. Instead, either 1) use a type annotation in the class body, or 2) wrap the type in `torch.jit.Attribute`.
  warnings.warn(
/home/haotiant/conda/envs/dtmol/lib/python3.8/site-packages/torch/jit/_check.py:177: UserWarning: The TorchScript type system doesn't support instance-level annotations on empty non-base types in `__init__`. Instead, either 1) use a type annotation in the class body, or 2) wrap the type in `torch.jit.Attribute`.
  warnings.warn(
/home/haotiant/conda/envs/dtmol/lib/python3.8/site-packages/torch/jit/_check.py:177: UserWarning: The TorchScript type system doesn't support instance-level annotations on empty non-base types in `__init__`. Instead, either 1) use a type annotation in the class body, or 2) wrap the type in `torch.jit.Attribute`.
  warnings.warn(
/home/haotiant/conda/envs/dtmol/lib/python3.8/site-packages/torch/jit/_check.py:177: UserWarning: The TorchScript type system doesn't support instance-level annotations on empty non-base types in `__init__`. Instead, either 1) use a type annotation in the class body, or 2) wrap the type in `torch.jit.Attribute`.
  warnings.warn(
/home/haotiant/conda/envs/dtmol/lib/python3.8/site-packages/torch/jit/_check.py:177: UserWarning: The TorchScript type system doesn't support instance-level annotations on empty non-base types in `__init__`. Instead, either 1) use a type annotation in the class body, or 2) wrap the type in `torch.jit.Attribute`.
  warnings.warn(
/home/haotiant/conda/envs/dtmol/lib/python3.8/site-packages/torch/jit/_check.py:177: UserWarning: The TorchScript type system doesn't support instance-level annotations on empty non-base types in `__init__`. Instead, either 1) use a type annotation in the class body, or 2) wrap the type in `torch.jit.Attribute`.
  warnings.warn(
/home/haotiant/conda/envs/dtmol/lib/python3.8/site-packages/torch/jit/_check.py:177: UserWarning: The TorchScript type system doesn't support instance-level annotations on empty non-base types in `__init__`. Instead, either 1) use a type annotation in the class body, or 2) wrap the type in `torch.jit.Attribute`.
  warnings.warn(
/home/haotiant/conda/envs/dtmol/lib/python3.8/site-packages/torch/jit/_check.py:177: UserWarning: The TorchScript type system doesn't support instance-level annotations on empty non-base types in `__init__`. Instead, either 1) use a type annotation in the class body, or 2) wrap the type in `torch.jit.Attribute`.
  warnings.warn(
/home/haotiant/conda/envs/dtmol/lib/python3.8/site-packages/torch/jit/_check.py:177: UserWarning: The TorchScript type system doesn't support instance-level annotations on empty non-base types in `__init__`. Instead, either 1) use a type annotation in the class body, or 2) wrap the type in `torch.jit.Attribute`.
  warnings.warn(
/home/haotiant/conda/envs/dtmol/lib/python3.8/site-packages/torch/jit/_check.py:177: UserWarning: The TorchScript type system doesn't support instance-level annotations on empty non-base types in `__init__`. Instead, either 1) use a type annotation in the class body, or 2) wrap the type in `torch.jit.Attribute`.
  warnings.warn(
/home/haotiant/conda/envs/dtmol/lib/python3.8/site-packages/torch/jit/_check.py:177: UserWarning: The TorchScript type system doesn't support instance-level annotations on empty non-base types in `__init__`. Instead, either 1) use a type annotation in the class body, or 2) wrap the type in `torch.jit.Attribute`.
  warnings.warn(
fused_multi_tensor is not installed corrected
fused_rounding is not installed corrected
fused_layer_norm is not installed corrected
fused_softmax is not installed corrected
unicore_fused_layernorm is not installed corrected
apex fused layer norm is not installed correctly, apex will be disabled.
[fix-E] filtered dataset 0 'unit_cell_synth' to 74 records matching system_id prefix 'fcc_Al_2x2x2'
[mode] all nn.Dropout p=0 (BN still in train mode)
#  i mol_t sgl |    tg_tr    pr_tr cos_tr  r_tr |     tg_p     pr_p  cos_p   r_p |     dec    node     loss
#  0  4100   1 | 1.23e+00 0.00e+00   +nan  1.00 | 1.10e+00 0.00e+00   +nan  1.00 | 1.0e+00 3.3e+00 2.742e+00
#  1  1209   1 | 9.64e-01 1.60e-05 +0.375  1.00 | 1.06e+00 1.63e-04 +0.250  1.00 | 1.0e+00 4.1e+00 2.061e+00
#  2   805   1 | 5.53e-01 1.72e-05 +0.019  1.00 | 1.04e+00 3.45e-04 +0.097  1.00 | 1.0e+00 3.8e+00 1.392e+00
#  3  1715   1 | 1.29e+00 5.75e-05 +0.332  1.00 | 9.27e-01 6.25e-04 +0.004  1.00 | 1.0e+00 4.9e+00 2.536e+00
#  4   533   1 | 8.53e-01 7.12e-05 +0.260  1.00 | 9.10e-01 8.27e-04 -0.079  1.00 | 1.0e+00 3.8e+00 1.555e+00
#  5  3919   1 | 1.06e+00 7.48e-05 -0.503  1.00 | 9.82e-01 7.27e-04 +0.169  1.00 | 1.0e+00 4.2e+00 2.098e+00
#  6  2791   1 | 1.02e+00 1.03e-04 +0.206  1.00 | 9.92e-01 8.85e-04 +0.129  1.00 | 1.0e+00 3.8e+00 2.027e+00
#  7  1414   1 | 1.10e+00 1.12e-04 +0.440  1.00 | 1.08e+00 9.77e-04 +0.062  1.00 | 1.0e+00 3.2e+00 2.371e+00
#  8  3146   1 | 9.71e-01 1.59e-04 -0.298  1.00 | 1.07e+00 1.32e-03 +0.242  1.00 | 1.0e+00 3.8e+00 2.097e+00
#  9  1768   1 | 1.05e+00 1.10e-04 +0.291  1.00 | 1.08e+00 1.90e-03 +0.195  1.00 | 1.0e+00 3.8e+00 2.268e+00
# 10  3435   1 | 5.70e-01 3.13e-04 +0.568  1.00 | 1.03e+00 2.03e-03 +0.194  1.00 | 9.9e-01 3.8e+00 1.382e+00
# 11  3328   1 | 1.11e+00 2.95e-04 -0.301  1.00 | 1.06e+00 1.91e-03 +0.124  1.00 | 1.0e+00 3.2e+00 2.366e+00
# 12  3047   1 | 1.30e+00 3.00e-04 -0.325  1.00 | 1.04e+00 2.29e-03 +0.129  1.00 | 1.0e+00 3.6e+00 2.762e+00
# 13  1311   1 | 4.70e-01 1.48e-04 -0.104  1.00 | 9.87e-01 2.60e-03 +0.184  1.00 | 1.0e+00 3.4e+00 1.195e+00
# 14  1326   1 | 9.75e-01 9.98e-05 +0.032  1.00 | 1.04e+00 3.54e-03 +0.296  1.00 | 1.0e+00 3.5e+00 2.035e+00
# 15   124   1 | 9.23e-01 3.09e-04 +0.227  1.00 | 9.51e-01 3.21e-03 +0.055  1.00 | 1.0e+00 3.6e+00 1.755e+00
# 16    69   1 | 1.17e+00 6.85e-04 +0.270  1.00 | 1.17e+00 2.97e-03 +0.184  1.00 | 1.0e+00 4.1e+00 2.735e+00
# 17  4134   1 | 5.15e-01 5.68e-05 +0.261  1.00 | 9.97e-01 4.48e-03 +0.311  1.00 | 1.0e+00 3.3e+00 1.256e+00
# 18  4520   1 | 8.21e-01 7.67e-04 +0.142  1.00 | 9.42e-01 3.28e-03 +0.423  1.00 | 1.0e+00 4.3e+00 1.558e+00
# 19   612   1 | 1.31e+00 2.78e-04 +0.213  1.00 | 1.09e+00 5.24e-03 -0.028  1.00 | 1.0e+00 5.3e+00 2.905e+00
# 20   247   1 | 8.26e-01 4.21e-04 +0.113  1.00 | 9.54e-01 4.49e-03 +0.082  1.00 | 1.0e+00 3.6e+00 1.590e+00
# 21  2784   1 | 1.05e+00 7.50e-04 +0.622  1.00 | 8.36e-01 5.59e-03 +0.193  1.00 | 1.0e+00 5.0e+00 1.791e+00
# 22  3974   1 | 1.08e+00 2.88e-04 +0.441  1.00 | 1.13e+00 3.92e-03 +0.260  1.00 | 1.0e+00 3.6e+00 2.457e+00
# 23  4460   1 | 1.66e+00 1.46e-03 +0.172  1.00 | 9.65e-01 6.67e-03 +0.387  0.99 | 1.0e+00 3.5e+00 3.666e+00
# 24  1358   1 | 8.22e-01 1.19e-03 +0.654  1.00 | 1.01e+00 4.81e-03 +0.078  1.00 | 1.0e+00 3.7e+00 1.700e+00
# 25  4551   1 | 1.21e+00 3.48e-04 -0.523  1.00 | 9.11e-01 7.61e-03 +0.340  0.99 | 1.0e+00 4.2e+00 2.283e+00
# 26  4151   1 | 1.31e+00 1.45e-03 +0.629  1.00 | 9.64e-01 6.76e-03 +0.363  0.99 | 1.0e+00 3.8e+00 2.631e+00
# 27  3503   1 | 9.86e-01 1.56e-03 -0.782  1.00 | 1.07e+00 5.71e-03 +0.222  1.00 | 1.0e+00 4.4e+00 2.127e+00
# 28  4846   1 | 6.10e-01 4.30e-04 -0.607  1.00 | 1.03e+00 7.05e-03 +0.499  0.99 | 1.1e+00 3.2e+00 1.424e+00
# 29  3909   1 | 7.36e-01 2.22e-03 -0.200  1.00 | 1.09e+00 7.31e-03 +0.135  1.00 | 1.1e+00 5.2e+00 1.723e+00
# 30  1050   1 | 4.47e-01 6.87e-04 -0.162  1.00 | 1.00e+00 7.38e-03 +0.219  1.00 | 1.1e+00 2.9e+00 1.199e+00
# 31  4550   1 | 9.06e-01 1.67e-03 -0.082  1.00 | 9.18e-01 1.02e-02 +0.341  0.99 | 1.1e+00 3.5e+00 1.656e+00
# 32  3686   1 | 1.04e+00 9.21e-04 -0.019  1.00 | 1.04e+00 8.07e-03 +0.156  1.00 | 1.1e+00 3.9e+00 2.166e+00
# 33  1623   1 | 9.99e-01 7.59e-04 +0.012  1.00 | 8.61e-01 9.17e-03 +0.161  1.00 | 1.1e+00 3.4e+00 1.736e+00
# 34  4467   1 | 1.08e+00 5.90e-04 -0.777  1.00 | 9.97e-01 8.14e-03 +0.305  1.00 | 1.1e+00 2.7e+00 2.162e+00
# 35  2027   1 | 5.70e-01 2.44e-03 +0.332  1.00 | 9.77e-01 9.83e-03 +0.061  1.00 | 1.1e+00 3.3e+00 1.278e+00
# 36   998   1 | 1.02e+00 1.92e-03 +0.385  1.00 | 1.13e+00 8.31e-03 -0.005  1.00 | 1.1e+00 3.2e+00 2.317e+00
# 37  1433   1 | 1.08e+00 2.15e-03 -0.236  1.00 | 9.68e-01 1.07e-02 +0.134  1.00 | 1.1e+00 3.9e+00 2.107e+00
# 38  3141   1 | 9.70e-01 4.17e-03 -0.662  1.01 | 9.60e-01 1.53e-02 +0.141  1.00 | 1.1e+00 3.4e+00 1.864e+00
# 39  4376   1 | 1.07e+00 1.88e-03 +0.253  1.00 | 9.70e-01 1.79e-02 +0.243  0.99 | 1.1e+00 3.9e+00 2.080e+00
# 40  4195   1 | 1.33e+00 1.50e-03 -0.246  1.00 | 1.00e+00 1.25e-02 +0.271  0.99 | 1.1e+00 3.5e+00 2.770e+00
# 41   576   1 | 7.01e-01 1.96e-03 -0.438  1.00 | 1.00e+00 1.45e-02 +0.066  1.00 | 1.1e+00 3.5e+00 1.496e+00
# 42  3893   1 | 1.07e+00 3.16e-03 +0.679  1.00 | 9.93e-01 9.55e-03 +0.251  1.00 | 1.1e+00 5.5e+00 2.114e+00
# 43    10   1 | 1.32e+00 1.22e-03 +0.361  1.00 | 1.12e+00 1.08e-02 -0.025  1.00 | 1.1e+00 4.1e+00 3.007e+00
# 44  2951   1 | 1.28e+00 8.88e-04 +0.125  1.00 | 1.08e+00 1.16e-02 +0.154  1.00 | 1.1e+00 3.0e+00 2.801e+00
# 45  1937   1 | 1.00e+00 2.84e-03 -0.170  1.00 | 9.45e-01 1.17e-02 +0.105  1.00 | 1.1e+00 3.7e+00 1.892e+00
# 46  3662   1 | 5.93e-01 1.95e-03 -0.336  1.00 | 1.05e+00 1.05e-02 +0.192  1.00 | 1.1e+00 4.3e+00 1.456e+00
# 47  1850   1 | 8.90e-01 7.54e-04 -0.483  1.00 | 9.15e-01 1.20e-02 -0.042  1.00 | 1.1e+00 3.6e+00 1.631e+00
# 48  4178   1 | 1.11e+00 2.04e-03 -0.139  1.00 | 9.75e-01 1.27e-02 +0.340  0.99 | 1.1e+00 3.4e+00 2.180e+00
# 49  4196   1 | 6.58e-01 4.77e-03 -0.048  1.00 | 1.07e+00 1.94e-02 +0.227  0.99 | 1.1e+00 3.6e+00 1.568e+00
# 50   896   1 | 1.13e+00 1.62e-03 -0.601  1.00 | 1.05e+00 1.17e-02 +0.251  0.99 | 1.1e+00 3.2e+00 2.388e+00
# 51  3407   1 | 7.54e-01 1.89e-03 -0.371  1.00 | 9.49e-01 2.15e-02 +0.234  0.99 | 1.1e+00 3.4e+00 1.461e+00
# 52  3474   1 | 1.39e+00 1.78e-03 -0.316  1.00 | 1.03e+00 1.66e-02 +0.123  1.00 | 1.1e+00 3.9e+00 2.993e+00
# 53  1049   1 | 5.96e-01 1.66e-03 +0.514  1.00 | 1.08e+00 1.71e-02 +0.049  1.00 | 1.1e+00 3.4e+00 1.528e+00
# 54  2497   1 | 9.74e-01 9.66e-04 +0.141  1.00 | 1.06e+00 1.41e-02 +0.123  1.00 | 1.1e+00 3.1e+00 2.063e+00
# 55   447   1 | 1.23e+00 1.27e-03 -0.117  1.00 | 9.89e-01 1.22e-02 +0.184  1.00 | 1.1e+00 3.5e+00 2.496e+00
# 56   392   1 | 1.32e+00 8.56e-04 -0.413  1.00 | 1.02e+00 1.43e-02 -0.011  1.00 | 1.1e+00 3.2e+00 2.778e+00
# 57  2725   1 | 9.71e-01 1.05e-03 +0.312  1.00 | 1.02e+00 1.32e-02 +0.037  1.00 | 1.0e+00 3.9e+00 1.977e+00
# 58  3891   1 | 9.55e-01 8.70e-04 +0.179  1.00 | 1.03e+00 1.71e-02 +0.228  0.99 | 1.1e+00 3.7e+00 1.969e+00
# 59  1258   1 | 7.28e-01 1.08e-03 +0.265  1.00 | 9.46e-01 1.43e-02 +0.013  1.00 | 1.1e+00 3.5e+00 1.425e+00
# 60  3394   1 | 4.99e-01 2.25e-03 -0.165  1.00 | 1.12e+00 1.58e-02 +0.293  0.99 | 1.0e+00 3.9e+00 1.487e+00
# 61  3668   1 | 1.13e+00 4.89e-04 +0.113  1.00 | 1.01e+00 1.70e-02 +0.208  0.99 | 1.0e+00 3.1e+00 2.285e+00
# 62  3337   1 | 1.14e+00 4.35e-04 +0.487  1.00 | 9.43e-01 1.68e-02 +0.215  0.99 | 1.0e+00 3.1e+00 2.186e+00
# 63  4949   1 | 1.39e+00 7.40e-04 -0.107  1.00 | 1.01e+00 1.45e-02 +0.496  0.99 | 1.0e+00 3.9e+00 2.953e+00
# 64  2610   1 | 1.04e+00 4.98e-04 +0.056  1.00 | 1.02e+00 1.51e-02 +0.247  0.99 | 1.1e+00 3.2e+00 2.108e+00
# 65  2178   1 | 1.20e+00 6.99e-04 -0.494  1.00 | 1.05e+00 2.25e-02 +0.210  0.99 | 1.0e+00 3.7e+00 2.543e+00
# 66    74   1 | 7.71e-01 1.06e-03 -0.056  1.00 | 9.59e-01 1.64e-02 -0.007  1.00 | 1.1e+00 3.7e+00 1.515e+00
# 67  1750   1 | 1.07e+00 7.28e-04 +0.513  1.00 | 1.03e+00 1.75e-02 +0.011  1.00 | 1.1e+00 3.6e+00 2.197e+00
# 68  4307   1 | 1.10e+00 6.42e-04 -0.459  1.00 | 9.80e-01 2.31e-02 +0.420  0.98 | 1.0e+00 3.3e+00 2.158e+00
# 69  3731   1 | 1.13e+00 9.18e-04 +0.635  1.00 | 9.88e-01 1.06e-02 +0.151  1.00 | 1.0e+00 2.8e+00 2.242e+00
# 70  2612   1 | 1.30e+00 6.04e-04 +0.420  1.00 | 1.01e+00 1.96e-02 +0.102  1.00 | 1.1e+00 3.5e+00 2.717e+00
# 71  2006   1 | 1.09e+00 7.18e-04 -0.301  1.00 | 9.37e-01 1.62e-02 +0.013  1.00 | 1.0e+00 3.0e+00 2.066e+00
# 72  3480   1 | 1.09e+00 1.41e-03 -0.364  1.00 | 1.02e+00 1.70e-02 +0.366  0.99 | 1.0e+00 3.8e+00 2.207e+00
# 73  3521   1 | 1.18e+00 4.66e-04 +0.582  1.00 | 9.58e-01 1.70e-02 +0.028  1.00 | 1.0e+00 3.1e+00 2.305e+00
# 74  4436   1 | 7.26e-01 7.99e-04 +0.049  1.00 | 9.46e-01 2.67e-02 +0.262  0.99 | 1.1e+00 3.5e+00 1.410e+00
# 75  2179   1 | 1.22e+00 2.68e-03 -0.321  1.00 | 1.10e+00 2.02e-02 +0.203  0.99 | 1.0e+00 4.6e+00 2.709e+00
# 76  4221   1 | 1.14e+00 1.43e-03 -0.004  1.00 | 9.43e-01 2.14e-02 +0.305  0.99 | 1.0e+00 4.1e+00 2.177e+00
# 77  3751   1 | 1.04e+00 2.32e-03 +0.242  1.00 | 1.04e+00 1.59e-02 +0.193  0.99 | 1.0e+00 3.5e+00 2.156e+00
# 78  4548   1 | 1.08e+00 7.39e-04 -0.104  1.00 | 9.37e-01 3.16e-02 +0.210  0.99 | 1.0e+00 3.7e+00 2.038e+00
# 79  4272   1 | 9.07e-01 1.74e-03 -0.234  1.00 | 9.18e-01 3.18e-02 +0.293  0.98 | 1.0e+00 4.3e+00 1.649e+00
# 80  4787   1 | 4.92e-01 9.40e-04 +0.087  1.00 | 1.12e+00 2.02e-02 +0.542  0.98 | 1.0e+00 3.6e+00 1.466e+00
# 81  3195   1 | 9.58e-01 1.19e-03 +0.112  1.00 | 1.03e+00 2.73e-02 +0.103  1.00 | 1.0e+00 4.3e+00 1.977e+00
# 82   813   1 | 1.04e+00 5.37e-04 +0.406  1.00 | 1.02e+00 2.21e-02 +0.156  0.99 | 1.0e+00 2.4e+00 2.120e+00
# 83  3341   1 | 8.72e-01 3.25e-03 -0.684  1.01 | 9.10e-01 3.60e-02 +0.113  0.99 | 1.0e+00 3.7e+00 1.586e+00
# 84  3127   1 | 6.37e-01 7.14e-04 +0.387  1.00 | 1.03e+00 2.17e-02 +0.133  0.99 | 1.1e+00 3.0e+00 1.458e+00
# 85  4712   1 | 1.32e+00 2.04e-03 +0.239  1.00 | 1.01e+00 2.92e-02 +0.476  0.97 | 1.0e+00 4.2e+00 2.750e+00
# 86  2050   1 | 9.71e-01 1.02e-03 -0.411  1.00 | 1.02e+00 2.18e-02 +0.004  1.00 | 1.0e+00 3.7e+00 1.980e+00
# 87  3495   1 | 1.18e+00 1.07e-03 -0.145  1.00 | 9.58e-01 1.74e-02 +0.022  1.00 | 1.0e+00 3.6e+00 2.306e+00
# 88  2313   1 | 4.71e-01 6.25e-04 +0.160  1.00 | 9.87e-01 1.72e-02 +0.232  0.99 | 1.1e+00 3.2e+00 1.189e+00
# 89  3729   1 | 1.02e+00 9.62e-04 +0.032  1.00 | 9.92e-01 2.59e-02 +0.126  0.99 | 1.0e+00 3.8e+00 2.010e+00
# 90  2606   1 | 1.17e+00 5.54e-04 +0.159  1.00 | 1.17e+00 2.10e-02 +0.324  0.99 | 1.0e+00 3.2e+00 2.716e+00
# 91   793   1 | 5.69e-01 4.93e-04 -0.431  1.00 | 9.77e-01 2.83e-02 +0.008  1.00 | 1.0e+00 4.4e+00 1.279e+00
# 92  2380   1 | 1.04e+00 1.90e-03 +0.793  1.00 | 8.36e-01 2.32e-02 +0.140  0.99 | 1.1e+00 4.2e+00 1.781e+00
# 93  1114   1 | 8.24e-01 1.18e-03 +0.237  1.00 | 9.42e-01 2.27e-02 -0.019  1.00 | 1.0e+00 3.8e+00 1.567e+00
# 94  4689   1 | 1.13e+00 9.51e-04 -0.595  1.00 | 9.80e-01 3.93e-02 +0.418  0.97 | 1.0e+00 3.5e+00 2.197e+00
# 95   587   1 | 1.38e+00 6.63e-04 -0.019  1.00 | 1.03e+00 2.36e-02 -0.047  1.00 | 1.0e+00 3.8e+00 2.959e+00
# 96  2786   1 | 9.76e-01 5.38e-04 +0.166  1.00 | 1.06e+00 2.84e-02 +0.139  0.99 | 1.1e+00 2.5e+00 2.064e+00
# 97  3404   1 | 6.24e-01 3.76e-04 -0.271  1.00 | 1.08e+00 3.69e-02 +0.114  0.99 | 1.0e+00 3.0e+00 1.557e+00
# 98  3697   1 | 1.29e+00 2.90e-04 -0.165  1.00 | 1.04e+00 2.57e-02 +0.207  0.99 | 1.1e+00 3.2e+00 2.728e+00
# 99  1997   1 | 1.30e+00 8.90e-04 -0.034  1.00 | 1.09e+00 2.74e-02 +0.055  1.00 | 1.1e+00 3.7e+00 2.896e+00
#100  3744   1 | 1.13e+00 3.57e-04 +0.215  1.00 | 9.88e-01 1.59e-02 +0.200  0.99 | 1.0e+00 2.6e+00 2.240e+00
#101  3556   1 | 1.07e+00 1.37e-03 +0.745  1.00 | 9.93e-01 3.24e-02 +0.223  0.99 | 1.0e+00 4.1e+00 2.110e+00
#102  4264   1 | 1.18e+00 4.71e-04 +0.436  1.00 | 1.05e+00 5.13e-02 +0.234  0.98 | 1.0e+00 3.3e+00 2.478e+00
#103  3025   1 | 1.10e+00 3.20e-04 +0.356  1.00 | 1.02e+00 2.58e-02 +0.288  0.99 | 1.0e+00 3.1e+00 2.223e+00
#104  1269   1 | 6.58e-01 7.25e-04 -0.058  1.00 | 1.07e+00 6.23e-02 +0.275  0.97 | 1.1e+00 4.6e+00 1.544e+00
#105  2903   1 | 1.13e+00 1.03e-03 -0.108  1.00 | 9.75e-01 2.44e-02 +0.139  0.99 | 1.1e+00 3.8e+00 2.219e+00
#106  2911   1 | 9.08e-01 3.19e-04 -0.199  1.00 | 9.51e-01 2.76e-02 +0.094  1.00 | 1.1e+00 3.0e+00 1.724e+00
#107   966   1 | 1.40e+00 4.98e-04 +0.194  1.00 | 1.01e+00 3.06e-02 -0.103  1.01 | 1.1e+00 2.3e+00 2.998e+00
#108  2415   1 | 1.66e+00 3.11e-03 -0.165  1.00 | 9.65e-01 3.84e-02 +0.230  0.98 | 1.1e+00 3.8e+00 3.661e+00
#109  2521   1 | 7.05e-01 4.94e-04 -0.103  1.00 | 1.00e+00 4.43e-02 +0.163  0.99 | 1.1e+00 3.7e+00 1.489e+00
#110  1453   1 | 9.64e-01 1.26e-03 -0.744  1.00 | 1.06e+00 3.09e-02 +0.319  0.98 | 1.1e+00 3.7e+00 2.042e+00
#111  1068   1 | 5.12e-01 7.66e-04 +0.034  1.00 | 9.97e-01 2.76e-02 +0.002  1.00 | 1.0e+00 3.9e+00 1.257e+00
#112   285   1 | 4.46e-01 3.64e-04 -0.548  1.00 | 1.00e+00 3.05e-02 +0.239  0.99 | 1.1e+00 3.2e+00 1.189e+00
#113   963   1 | 9.75e-01 4.87e-04 -0.597  1.00 | 1.04e+00 4.86e-02 +0.282  0.98 | 1.1e+00 3.4e+00 2.011e+00
#114  1607   1 | 9.99e-01 7.40e-04 +0.055  1.00 | 8.61e-01 3.49e-02 +0.155  0.99 | 1.1e+00 4.4e+00 1.730e+00
#115  4321   1 | 7.38e-01 1.59e-03 +0.140  1.00 | 9.49e-01 1.10e-01 +0.253  0.95 | 1.0e+00 3.9e+00 1.405e+00
#116  1300   1 | 5.54e-01 3.93e-04 -0.667  1.00 | 1.04e+00 4.06e-02 +0.043  1.00 | 1.1e+00 3.4e+00 1.391e+00
#117  4109   1 | 8.01e-01 7.23e-04 -0.549  1.00 | 9.59e-01 4.27e-02 +0.317  0.97 | 1.0e+00 3.0e+00 1.537e+00
#118  4795   1 | 8.16e-01 2.51e-03 +0.362  1.00 | 9.54e-01 1.33e-01 +0.308  0.93 | 1.0e+00 4.4e+00 1.514e+00
#119  2048   1 | 5.80e-01 3.67e-04 -0.248  1.00 | 1.05e+00 3.27e-02 +0.239  0.99 | 1.1e+00 4.0e+00 1.429e+00
#120  1127   1 | 9.98e-01 6.89e-04 +0.523  1.00 | 9.45e-01 3.03e-02 +0.090  1.00 | 1.1e+00 4.4e+00 1.885e+00
#121  4137   1 | 1.07e+00 6.40e-04 -0.114  1.00 | 9.82e-01 3.35e-02 +0.322  0.98 | 1.0e+00 4.0e+00 2.089e+00
#122  2336   1 | 8.25e-01 1.53e-03 +0.457  1.00 | 1.01e+00 3.29e-02 +0.047  1.00 | 1.1e+00 3.2e+00 1.705e+00
#123  4082   1 | 1.05e+00 1.60e-03 -0.171  1.00 | 1.03e+00 2.60e-02 +0.222  0.99 | 1.1e+00 4.5e+00 2.151e+00
#124  1591   1 | 1.29e+00 8.75e-04 -0.482  1.00 | 9.64e-01 4.89e-02 +0.151  0.99 | 1.1e+00 3.4e+00 2.595e+00
#125   465   1 | 1.08e+00 3.77e-04 +0.128  1.00 | 9.68e-01 3.75e-02 +0.109  0.99 | 1.1e+00 3.3e+00 2.105e+00
#126  2382   1 | 1.32e+00 9.98e-04 +0.287  1.00 | 1.02e+00 3.65e-02 +0.156  0.99 | 1.1e+00 3.0e+00 2.765e+00
#127  1079   1 | 1.30e+00 2.79e-03 +0.416  1.00 | 9.27e-01 3.30e-02 +0.014  1.00 | 1.1e+00 3.8e+00 2.534e+00
#128   454   1 | 1.02e+00 5.64e-04 -0.438  1.00 | 1.13e+00 3.03e-02 -0.037  1.00 | 1.1e+00 3.4e+00 2.322e+00
#129   276   1 | 5.45e-01 6.92e-04 -0.540  1.00 | 1.03e+00 4.29e-02 +0.189  0.99 | 1.1e+00 3.3e+00 1.342e+00
#130   389   1 | 1.12e+00 1.12e-03 -0.749  1.00 | 1.13e+00 2.61e-02 +0.065  1.00 | 1.1e+00 3.2e+00 2.543e+00
#131   137   1 | 1.29e+00 6.86e-04 +0.083  1.00 | 1.08e+00 2.38e-02 +0.017  1.00 | 1.1e+00 2.9e+00 2.837e+00
#132  4543   1 | 1.21e+00 1.55e-03 -0.172  1.00 | 9.11e-01 1.08e-01 +0.270  0.95 | 1.1e+00 3.8e+00 2.245e+00
#133  3141   1 | 1.31e+00 3.49e-04 -0.089  1.00 | 1.12e+00 3.16e-02 +0.176  0.99 | 1.1e+00 3.7e+00 2.951e+00
#134  1053   1 | 1.10e+00 5.98e-04 +0.497  1.00 | 1.08e+00 4.49e-02 +0.131  0.99 | 1.1e+00 3.5e+00 2.360e+00
#135   192   1 | 1.11e+00 4.89e-04 -0.255  1.00 | 1.06e+00 4.03e-02 -0.206  1.02 | 1.1e+00 3.0e+00 2.368e+00
#136   514   1 | 7.04e-01 1.39e-03 +0.421  1.00 | 1.09e+00 3.57e-02 +0.081  1.00 | 1.1e+00 4.3e+00 1.674e+00
#137  1336   1 | 9.57e-01 1.37e-03 -0.574  1.00 | 1.07e+00 3.63e-02 +0.110  0.99 | 1.1e+00 3.6e+00 2.066e+00
#138  4819   1 | 1.15e+00 3.87e-04 +0.692  1.00 | 1.05e+00 5.31e-02 +0.432  0.96 | 1.0e+00 3.2e+00 2.392e+00
#139  4420   1 | 1.13e+00 2.23e-04 +0.317  1.00 | 1.01e+00 5.03e-02 +0.218  0.98 | 1.1e+00 3.2e+00 2.270e+00
#140  3993   1 | 1.09e+00 4.67e-03 -0.043  1.00 | 9.70e-01 1.77e-01 +0.191  0.96 | 1.1e+00 5.0e+00 2.092e+00
#141  1780   1 | 1.00e+00 7.94e-04 +0.584  1.00 | 1.07e+00 4.78e-02 +0.172  0.99 | 1.1e+00 3.8e+00 2.140e+00
#142  2002   1 | 1.04e+00 1.59e-03 +0.450  1.00 | 1.08e+00 4.61e-02 +0.223  0.98 | 1.1e+00 3.3e+00 2.244e+00
#143  2924   1 | 9.67e-01 1.17e-03 -0.315  1.00 | 9.60e-01 1.61e-01 +0.165  0.97 | 1.1e+00 4.4e+00 1.833e+00
#144   666   1 | 1.35e+00 9.15e-04 +0.780  1.00 | 1.00e+00 3.30e-02 -0.002  1.00 | 1.1e+00 4.1e+00 2.817e+00
#145  1518   1 | 1.08e+00 1.27e-03 -0.674  1.00 | 9.97e-01 3.76e-02 +0.190  0.99 | 1.1e+00 3.3e+00 2.142e+00
#146  1835   1 | 1.23e+00 4.00e-04 +0.931  1.00 | 9.89e-01 4.20e-02 +0.221  0.98 | 1.1e+00 4.0e+00 2.475e+00
#147  4265   1 | 9.07e-01 3.44e-04 -0.285  1.00 | 9.15e-01 5.13e-02 +0.110  0.99 | 1.1e+00 3.3e+00 1.652e+00
#148  2513   1 | 6.29e-01 5.65e-04 -0.072  1.00 | 1.03e+00 4.33e-02 +0.111  0.99 | 1.1e+00 3.5e+00 1.446e+00
#149  2204   1 | 1.10e+00 4.09e-04 -0.046  1.00 | 9.82e-01 3.60e-02 +0.010  1.00 | 1.1e+00 3.6e+00 2.182e+00
#150  1529   1 | 8.22e-01 1.16e-03 +0.780  1.00 | 1.01e+00 4.00e-02 +0.084  0.99 | 1.1e+00 4.6e+00 1.695e+00
#151   599   1 | 9.98e-01 1.18e-03 +0.015  1.00 | 8.61e-01 4.14e-02 +0.148  0.99 | 1.1e+00 4.2e+00 1.729e+00
#152  1812   1 | 5.99e-01 6.86e-04 +0.044  1.00 | 1.08e+00 7.83e-02 +0.118  0.99 | 1.1e+00 4.1e+00 1.519e+00
#153   228   1 | 1.00e+00 9.06e-04 +0.459  1.00 | 1.07e+00 5.28e-02 +0.165  0.99 | 1.1e+00 4.8e+00 2.145e+00
#154  3284   1 | 9.71e-01 6.16e-04 +0.489  1.00 | 1.02e+00 3.05e-02 +0.094  1.00 | 1.1e+00 4.2e+00 1.973e+00
#155  1308   1 | 1.02e+00 8.75e-05 +0.611  1.00 | 9.92e-01 2.65e-02 +0.092  1.00 | 1.1e+00 3.8e+00 2.028e+00
#156  1822   1 | 5.55e-01 8.99e-04 +0.028  1.00 | 1.04e+00 6.11e-02 +0.098  0.99 | 1.1e+00 3.7e+00 1.386e+00
#157  4070   1 | 1.26e+00 2.93e-04 -0.857  1.00 | 1.08e+00 3.64e-02 +0.389  0.97 | 1.1e+00 3.0e+00 2.739e+00
#158    58   1 | 1.22e+00 1.46e-03 +0.216  1.00 | 1.10e+00 4.44e-02 +0.099  0.99 | 1.1e+00 4.1e+00 2.708e+00
#159  2216   1 | 1.14e+00 1.19e-04 -0.062  1.00 | 9.88e-01 3.00e-02 -0.085  1.01 | 1.1e+00 3.8e+00 2.280e+00
#160   200   1 | 4.94e-01 1.84e-03 -0.042  1.00 | 1.12e+00 6.36e-02 +0.106  0.99 | 1.1e+00 3.4e+00 1.481e+00
#161  4823   1 | 9.60e-01 5.20e-03 +0.703  0.99 | 1.04e+00 8.52e-02 +0.299  0.96 | 1.1e+00 3.6e+00 1.957e+00
#162  4741   1 | 7.28e-01 1.21e-02 +0.274  0.99 | 9.49e-01 2.62e-01 +0.242  0.94 | 1.1e+00 5.0e+00 1.375e+00
#163   239   1 | 1.35e+00 2.47e-03 +0.792  1.00 | 1.00e+00 3.78e-02 -0.008  1.00 | 1.1e+00 4.1e+00 2.816e+00
#164   328   1 | 9.65e-01 2.01e-03 -0.141  1.00 | 1.06e+00 2.71e-02 +0.271  0.99 | 1.1e+00 3.7e+00 2.049e+00
#165  1747   1 | 1.05e+00 3.22e-03 +0.744  1.00 | 1.08e+00 9.94e-02 +0.219  0.97 | 1.1e+00 3.8e+00 2.227e+00
#166   227   1 | 9.07e-01 6.89e-04 +0.179  1.00 | 9.18e-01 4.96e-02 +0.063  1.00 | 1.1e+00 3.2e+00 1.661e+00
#167  2006   1 | 1.08e+00 5.17e-04 -0.725  1.00 | 1.04e+00 3.56e-02 +0.102  0.99 | 1.1e+00 2.7e+00 2.239e+00
#168  2888   1 | 1.30e+00 3.33e-03 -0.261  1.00 | 1.01e+00 5.33e-02 +0.148  0.99 | 1.2e+00 3.9e+00 2.700e+00
#169  1289   1 | 1.08e+00 3.58e-03 +0.044  1.00 | 9.97e-01 7.22e-02 +0.215  0.97 | 1.1e+00 3.5e+00 2.127e+00
#170  3833   1 | 7.37e-01 3.72e-03 +0.622  0.99 | 1.09e+00 6.30e-02 +0.088  0.99 | 1.2e+00 2.8e+00 1.715e+00
#171  4231   1 | 7.03e-01 5.54e-03 -0.097  1.00 | 1.00e+00 7.22e-02 +0.262  0.97 | 1.2e+00 3.8e+00 1.467e+00
#172  1532   1 | 8.54e-01 3.98e-03 +0.284  1.00 | 9.10e-01 6.98e-02 +0.057  1.00 | 1.2e+00 3.6e+00 1.552e+00
#173  1302   1 | 9.22e-01 2.90e-03 -0.792  1.00 | 9.51e-01 4.02e-02 +0.047  1.00 | 1.2e+00 3.8e+00 1.757e+00
#174  4536   1 | 1.21e+00 1.41e-02 -0.265  1.01 | 9.11e-01 2.86e-01 +0.247  0.94 | 1.2e+00 5.3e+00 2.248e+00
#175  2705   1 | 1.02e+00 4.35e-03 -0.069  1.00 | 1.13e+00 4.04e-02 +0.166  0.99 | 1.2e+00 2.8e+00 2.317e+00
#176  2430   1 | 5.72e-01 4.00e-03 +0.259  1.00 | 9.77e-01 9.21e-02 +0.127  0.98 | 1.2e+00 4.5e+00 1.266e+00
#177  1648   1 | 1.65e+00 1.78e-03 -0.204  1.00 | 9.65e-01 1.01e-01 +0.193  0.97 | 1.2e+00 3.5e+00 3.642e+00
#178  3480   1 | 5.23e-01 1.12e-03 -0.092  1.00 | 9.97e-01 1.16e-01 +0.282  0.95 | 1.2e+00 3.6e+00 1.216e+00
#179  4612   1 | 1.32e+00 4.68e-03 -0.233  1.00 | 1.02e+00 1.07e-01 +0.222  0.96 | 1.2e+00 4.4e+00 2.746e+00
#180  4999   1 | 1.08e+00 6.16e-04 +0.521  1.00 | 1.03e+00 6.38e-02 +0.342  0.96 | 1.2e+00 4.0e+00 2.191e+00
#181  3010   1 | 1.01e+00 6.78e-03 -0.712  1.01 | 9.45e-01 8.33e-02 +0.064  1.00 | 1.2e+00 4.2e+00 1.916e+00
#182  1066   1 | 4.70e-01 1.20e-03 +0.213  1.00 | 9.87e-01 4.67e-02 +0.208  0.98 | 1.2e+00 3.7e+00 1.178e+00
#183   353   1 | 1.08e+00 1.23e-03 -0.229  1.00 | 9.68e-01 7.73e-02 +0.109  0.99 | 1.1e+00 4.2e+00 2.102e+00
#184  2981   1 | 1.13e+00 7.24e-03 +0.094  1.00 | 1.01e+00 1.79e-01 +0.124  0.99 | 1.1e+00 4.4e+00 2.266e+00
#185  3257   1 | 1.39e+00 8.13e-03 +0.119  1.00 | 1.03e+00 1.07e-01 +0.121  0.99 | 1.1e+00 3.9e+00 2.968e+00
#186  2834   1 | 7.81e-01 3.83e-03 +0.208  1.00 | 9.59e-01 1.09e-01 +0.233  0.96 | 1.1e+00 3.6e+00 1.491e+00
#187  2472   1 | 5.82e-01 8.36e-04 -0.077  1.00 | 1.05e+00 1.24e-01 +0.235  0.96 | 1.1e+00 4.2e+00 1.400e+00
#188  4563   1 | 1.24e+00 9.37e-03 +0.756  0.99 | 9.89e-01 1.43e-01 +0.190  0.97 | 1.1e+00 4.2e+00 2.461e+00
#189  2126   1 | 9.60e-01 5.32e-04 +0.417  1.00 | 1.07e+00 5.19e-02 +0.149  0.99 | 1.1e+00 4.0e+00 2.062e+00
#190  4508   1 | 1.10e+00 1.33e-02 +0.125  1.00 | 1.08e+00 2.12e-01 +0.297  0.92 | 1.1e+00 4.3e+00 2.288e+00
#191  1582   1 | 1.11e+00 8.69e-04 +0.365  1.00 | 1.02e+00 8.00e-02 +0.116  0.99 | 1.1e+00 3.6e+00 2.247e+00
#192  2078   1 | 8.27e-01 6.41e-03 -0.382  1.01 | 9.42e-01 1.26e-01 +0.149  0.98 | 1.1e+00 3.7e+00 1.555e+00
#193  1603   1 | 7.29e-01 3.46e-03 +0.243  1.00 | 9.46e-01 6.88e-02 +0.105  0.99 | 1.1e+00 3.7e+00 1.416e+00
#194  2786   1 | 1.30e+00 5.24e-03 +0.234  1.00 | 1.09e+00 8.51e-02 +0.113  0.99 | 1.1e+00 3.8e+00 2.870e+00
#195     2   1 | 8.89e-01 3.31e-03 +0.284  1.00 | 9.15e-01 8.27e-02 -0.049  1.02 | 1.1e+00 3.3e+00 1.640e+00
#196  1829   1 | 1.17e+00 5.95e-03 -0.467  1.00 | 1.17e+00 8.62e-02 +0.296  0.96 | 1.1e+00 4.6e+00 2.688e+00
#197    43   1 | 1.15e+00 1.47e-03 -0.057  1.00 | 9.43e-01 6.59e-02 +0.124  0.99 | 1.2e+00 3.4e+00 2.189e+00
#198  1730   1 | 1.07e+00 1.54e-02 -0.032  1.00 | 9.70e-01 1.26e-01 +0.056  1.00 | 1.1e+00 4.0e+00 2.094e+00
#199  3405   1 | 1.12e+00 3.51e-03 -0.250  1.00 | 1.06e+00 6.03e-02 +0.145  0.99 | 1.1e+00 3.2e+00 2.355e+00
#200  2282   1 | 9.63e-01 4.84e-03 +0.116  1.00 | 1.03e+00 7.60e-02 +0.013  1.00 | 1.1e+00 3.8e+00 1.994e+00
#201  4968   1 | 1.05e+00 5.14e-03 +0.403  1.00 | 1.02e+00 2.10e-01 +0.301  0.92 | 1.1e+00 4.8e+00 2.061e+00
#202  2723   1 | 8.32e-01 1.53e-02 +0.407  0.99 | 9.54e-01 1.75e-01 +0.303  0.92 | 1.1e+00 4.6e+00 1.520e+00
#203  2298   1 | 1.04e+00 2.71e-03 +0.166  1.00 | 8.36e-01 5.74e-02 +0.127  0.99 | 1.2e+00 3.5e+00 1.778e+00
#204   103   1 | 1.30e+00 5.32e-04 +0.318  1.00 | 9.64e-01 6.30e-02 +0.144  0.99 | 1.1e+00 3.0e+00 2.593e+00
#205  1884   1 | 1.32e+00 6.36e-03 +0.645  0.99 | 1.12e+00 7.24e-02 +0.100  0.99 | 1.1e+00 3.3e+00 2.977e+00
#206  1305   1 | 4.47e-01 1.84e-03 -0.056  1.00 | 1.00e+00 9.09e-02 +0.238  0.97 | 1.2e+00 3.8e+00 1.168e+00
#207  2275   1 | 1.20e+00 1.13e-02 +0.573  0.99 | 1.05e+00 1.33e-01 +0.174  0.97 | 1.2e+00 4.5e+00 2.503e+00
#208  2206   1 | 9.62e-01 7.47e-03 +0.543  0.99 | 9.60e-01 2.45e-01 +0.215  0.96 | 1.2e+00 4.9e+00 1.799e+00
#209  2710   1 | 1.11e+00 6.84e-04 +0.789  1.00 | 1.13e+00 9.33e-02 +0.159  0.98 | 1.2e+00 3.5e+00 2.493e+00
#210  4339   1 | 1.31e+00 1.14e-02 -0.661  1.01 | 1.04e+00 1.11e-01 +0.266  0.95 | 1.2e+00 3.7e+00 2.749e+00
#211   235   1 | 1.13e+00 1.96e-03 +0.402  1.00 | 1.05e+00 4.25e-02 +0.271  0.98 | 1.2e+00 4.1e+00 2.369e+00
#212  2818   1 | 1.10e+00 1.33e-03 +0.074  1.00 | 9.37e-01 7.73e-02 +0.065  1.00 | 1.2e+00 3.3e+00 2.074e+00
#213  1783   1 | 1.11e+00 2.39e-02 +0.117  1.00 | 9.80e-01 1.41e-01 +0.396  0.91 | 1.2e+00 3.6e+00 2.101e+00
#214  4710   1 | 1.30e+00 4.83e-02 +0.261  0.98 | 9.27e-01 2.71e-01 +0.222  0.96 | 1.2e+00 5.1e+00 2.480e+00
#215  2941   1 | 9.78e-01 2.81e-02 +0.110  0.99 | 1.06e+00 2.14e-01 +0.096  1.00 | 1.2e+00 4.4e+00 2.072e+00
#216  2830   1 | 5.57e-01 1.44e-02 +0.395  0.98 | 1.03e+00 1.46e-01 +0.154  0.98 | 1.2e+00 3.6e+00 1.337e+00
#217  1803   1 | 1.40e+00 2.83e-03 -0.618  1.00 | 1.01e+00 7.74e-02 -0.026  1.01 | 1.2e+00 3.5e+00 3.007e+00
#218  1938   1 | 1.14e+00 1.26e-03 +0.914  1.00 | 9.75e-01 8.39e-02 +0.108  0.99 | 1.3e+00 3.1e+00 2.237e+00
#219  3121   1 | 1.07e+00 1.40e-02 -0.531  1.01 | 9.93e-01 1.27e-01 +0.135  0.98 | 1.3e+00 3.4e+00 2.135e+00
#220  4482   1 | 6.58e-01 8.17e-02 -0.003  1.02 | 1.07e+00 3.02e-01 +0.182  0.98 | 1.3e+00 5.2e+00 1.558e+00
#221   924   1 | 1.18e+00 8.27e-03 -0.432  1.01 | 9.58e-01 6.76e-02 -0.039  1.01 | 1.3e+00 3.4e+00 2.326e+00
#222  4097   1 | 7.32e-01 3.48e-02 +0.264  0.98 | 9.46e-01 1.50e-01 +0.257  0.94 | 1.3e+00 3.5e+00 1.368e+00
#223   432   1 | 8.89e-01 4.37e-03 +0.156  1.00 | 9.15e-01 3.95e-02 -0.023  1.00 | 1.2e+00 3.6e+00 1.629e+00
#224   861   1 | 9.23e-01 8.94e-04 +0.562  1.00 | 9.51e-01 5.07e-02 +0.042  1.00 | 1.2e+00 3.1e+00 1.754e+00
#225  1464   1 | 1.12e+00 5.34e-04 +0.591  1.00 | 1.13e+00 5.26e-02 +0.138  0.99 | 1.3e+00 2.7e+00 2.526e+00
#226  1962   1 | 5.70e-01 4.92e-03 -0.245  1.00 | 9.77e-01 8.56e-02 +0.155  0.98 | 1.3e+00 3.2e+00 1.263e+00
#227  1734   1 | 1.11e+00 7.01e-03 +0.147  1.00 | 9.82e-01 5.25e-02 -0.007  1.00 | 1.2e+00 3.2e+00 2.189e+00
#228  3958   1 | 1.11e+00 2.74e-03 -0.021  1.00 | 9.37e-01 1.50e-01 +0.159  0.97 | 1.3e+00 4.5e+00 2.090e+00
#229   529   1 | 8.53e-01 1.35e-02 +0.248  0.99 | 9.10e-01 1.01e-01 +0.054  1.00 | 1.2e+00 3.3e+00 1.550e+00
#230  3613   1 | 1.23e+00 4.39e-03 +0.148  1.00 | 1.10e+00 1.52e-01 +0.219  0.96 | 1.2e+00 4.2e+00 2.674e+00
#231  4691   1 | 1.29e+00 2.58e-02 -0.019  1.00 | 9.64e-01 1.49e-01 +0.328  0.92 | 1.2e+00 4.5e+00 2.529e+00
#232  2564   1 | 6.30e-01 2.08e-02 -0.132  1.01 | 1.03e+00 1.30e-01 +0.106  0.99 | 1.3e+00 4.6e+00 1.447e+00
#233  1088   1 | 1.23e+00 1.71e-02 +0.766  0.98 | 9.89e-01 1.53e-01 +0.227  0.95 | 1.3e+00 4.4e+00 2.421e+00
#234  2280   1 | 1.32e+00 1.71e-03 -0.285  1.00 | 1.02e+00 1.51e-01 +0.151  0.98 | 1.3e+00 4.5e+00 2.753e+00
#235   161   1 | 1.14e+00 1.60e-03 -0.075  1.00 | 9.88e-01 4.49e-02 -0.115  1.01 | 1.3e+00 3.8e+00 2.294e+00
#236  1920   1 | 1.08e+00 1.30e-02 +0.799  0.98 | 1.04e+00 7.01e-02 +0.146  0.98 | 1.2e+00 4.0e+00 2.207e+00
#237  3608   1 | 1.13e+00 7.18e-03 +0.071  1.00 | 1.01e+00 6.91e-02 +0.188  0.98 | 1.3e+00 3.6e+00 2.268e+00
#238   798   1 | 1.17e+00 2.00e-02 -0.503  1.02 | 1.17e+00 1.55e-01 +0.261  0.95 | 1.3e+00 3.8e+00 2.688e+00
#239  1160   1 | 1.11e+00 4.38e-02 +0.130  0.99 | 9.80e-01 1.77e-01 +0.375  0.90 | 1.3e+00 3.6e+00 2.090e+00
#240  4122   1 | 1.28e+00 8.94e-02 +0.152  0.98 | 1.01e+00 2.65e-01 +0.388  0.87 | 1.3e+00 5.2e+00 2.497e+00
#241  3782   1 | 6.58e-01 8.31e-02 +0.013  1.01 | 1.07e+00 2.95e-01 +0.145  1.00 | 1.3e+00 4.9e+00 1.578e+00
#242  1178   1 | 1.02e+00 4.05e-03 +0.106  1.00 | 1.13e+00 9.85e-02 +0.037  1.00 | 1.3e+00 3.7e+00 2.319e+00
#243  1000   1 | 9.07e-01 1.42e-02 +0.126  1.00 | 9.18e-01 9.93e-02 +0.159  0.98 | 1.3e+00 3.9e+00 1.643e+00
#244  2955   1 | 1.13e+00 2.05e-02 +0.701  0.97 | 9.75e-01 9.21e-02 +0.123  0.99 | 1.3e+00 3.6e+00 2.177e+00
#245  1430   1 | 9.64e-01 1.81e-02 +0.013  1.00 | 1.03e+00 7.88e-02 -0.000  1.01 | 1.3e+00 4.2e+00 2.001e+00
#246   732   1 | 9.98e-01 2.31e-02 -0.142  1.01 | 8.61e-01 1.29e-01 +0.164  0.97 | 1.2e+00 3.3e+00 1.725e+00
#247  2626   1 | 1.00e+00 2.61e-03 +0.642  1.00 | 9.45e-01 4.83e-02 +0.185  0.98 | 1.3e+00 3.8e+00 1.884e+00
#248  2874   1 | 1.04e+00 1.61e-03 -0.090  1.00 | 1.02e+00 1.41e-01 +0.266  0.95 | 1.3e+00 4.4e+00 2.054e+00
#249   890   1 | 1.08e+00 3.15e-02 -0.125  1.01 | 9.97e-01 1.88e-01 +0.215  0.95 | 1.3e+00 4.1e+00 2.118e+00
#250  4175   1 | 7.98e-01 8.12e-02 +0.342  0.94 | 9.59e-01 2.52e-01 +0.251  0.94 | 1.4e+00 5.7e+00 1.460e+00
#251  4173   1 | 1.19e+00 9.42e-03 +0.436  0.99 | 9.58e-01 6.55e-02 +0.143  0.99 | 1.4e+00 3.5e+00 2.302e+00
#252  4666   1 | 1.36e+00 1.05e-02 +0.723  0.99 | 1.00e+00 8.52e-02 +0.371  0.94 | 1.3e+00 4.2e+00 2.765e+00
#253  4607   1 | 1.09e+00 1.63e-02 -0.314  1.01 | 9.93e-01 1.75e-01 +0.242  0.95 | 1.4e+00 3.9e+00 2.126e+00
#254   329   1 | 1.07e+00 2.05e-03 -0.071  1.00 | 9.70e-01 4.20e-02 -0.110  1.01 | 1.3e+00 4.3e+00 2.099e+00
#255  4220   1 | 4.47e-01 1.32e-02 -0.170  1.01 | 1.00e+00 3.35e-01 +0.265  0.93 | 1.4e+00 5.7e+00 1.140e+00
#256  3323   1 | 1.05e+00 2.32e-02 +0.200  0.99 | 8.36e-01 7.61e-02 +0.380  0.94 | 1.5e+00 3.3e+00 1.753e+00
#257   508   1 | 9.69e-01 3.81e-02 -0.130  1.01 | 1.06e+00 8.49e-02 -0.003  1.01 | 1.4e+00 3.4e+00 2.078e+00
#258  3160   1 | 9.70e-01 1.14e-02 -0.537  1.01 | 9.60e-01 1.49e-01 +0.247  0.95 | 1.5e+00 3.4e+00 1.826e+00
#259  3280   1 | 1.29e+00 2.33e-02 +0.246  0.99 | 1.09e+00 1.04e-01 +0.201  0.97 | 1.5e+00 2.9e+00 2.824e+00
#260  2999   1 | 1.39e+00 1.53e-02 +0.155  1.00 | 1.03e+00 1.23e-01 +0.175  0.97 | 1.5e+00 3.4e+00 2.942e+00
#261  1659   1 | 8.22e-01 4.12e-03 -0.703  1.01 | 1.01e+00 9.09e-02 +0.134  0.98 | 1.5e+00 4.0e+00 1.691e+00
#262  1786   1 | 1.11e+00 1.65e-02 +0.760  0.98 | 1.02e+00 1.50e-01 +0.119  0.99 | 1.4e+00 3.9e+00 2.218e+00
#263  2547   1 | 1.13e+00 3.53e-03 +0.370  1.00 | 1.05e+00 6.57e-02 +0.338  0.96 | 1.5e+00 4.1e+00 2.326e+00
#264  3729   1 | 4.98e-01 4.32e-02 +0.037  1.00 | 1.12e+00 1.11e-01 +0.293  0.95 | 1.6e+00 3.6e+00 1.437e+00
#265  4433   1 | 8.23e-01 2.91e-01 +0.357  0.87 | 9.54e-01 4.31e-01 +0.300  0.93 | 1.5e+00 6.0e+00 1.439e+00
#266  3328   1 | 9.71e-01 1.88e-02 +0.276  0.99 | 1.02e+00 7.22e-02 +0.058  1.00 | 1.6e+00 4.1e+00 1.965e+00
#267  4606   1 | 1.03e+00 2.66e-03 -0.165  1.00 | 9.92e-01 1.72e-01 +0.209  0.96 | 1.5e+00 3.7e+00 2.004e+00
#268  4695   1 | 5.78e-01 8.17e-03 +0.105  1.00 | 1.08e+00 2.07e-01 +0.207  0.96 | 1.6e+00 4.5e+00 1.458e+00
#269  2898   1 | 8.35e-01 9.48e-02 -0.408  1.11 | 9.42e-01 1.54e-01 +0.195  0.96 | 1.5e+00 5.8e+00 1.625e+00
#270  3016   1 | 5.18e-01 8.12e-02 -0.085  1.05 | 9.97e-01 2.55e-01 +0.248  0.94 | 1.5e+00 4.2e+00 1.215e+00
#271  4066   1 | 1.29e+00 1.30e-01 +0.280  0.95 | 9.27e-01 2.35e-01 +0.235  0.94 | 1.5e+00 5.1e+00 2.405e+00
#272  2920   1 | 1.14e+00 4.22e-02 +0.016  1.00 | 9.43e-01 1.67e-01 +0.197  0.96 | 1.5e+00 4.2e+00 2.164e+00
#273  3456   1 | 1.41e+00 4.32e-02 +0.564  0.97 | 1.01e+00 1.38e-01 +0.105  0.99 | 1.5e+00 4.0e+00 2.931e+00
#274  3129   1 | 1.03e+00 1.31e-01 +0.790  0.81 | 1.08e+00 3.89e-01 +0.201  0.98 | 1.4e+00 5.5e+00 2.016e+00
#275   658   1 | 1.32e+00 3.14e-02 +0.681  0.97 | 1.12e+00 7.25e-02 +0.142  0.99 | 1.4e+00 4.5e+00 2.933e+00
#276  3564   1 | 9.85e-01 1.60e-02 +0.941  0.97 | 1.07e+00 1.30e-01 +0.290  0.94 | 1.7e+00 3.7e+00 2.032e+00
#277  3651   1 | 1.05e+00 2.04e-02 +0.543  0.98 | 1.03e+00 6.59e-02 +0.153  0.98 | 1.7e+00 4.0e+00 2.115e+00
#278  2050   1 | 1.29e+00 2.93e-02 +0.330  0.99 | 1.08e+00 8.06e-02 +0.196  0.98 | 1.6e+00 3.5e+00 2.775e+00
#279   212   1 | 9.57e-01 4.70e-03 -0.168  1.00 | 1.07e+00 6.11e-02 +0.088  0.99 | 1.6e+00 3.8e+00 2.064e+00
#280  2078   1 | 9.77e-01 8.32e-02 -0.415  1.08 | 1.04e+00 1.97e-01 +0.267  0.93 | 1.8e+00 4.0e+00 2.044e+00
#281  2173   1 | 5.80e-01 4.54e-02 -0.109  1.02 | 1.05e+00 2.39e-01 +0.231  0.95 | 1.8e+00 4.4e+00 1.393e+00
#282   823   1 | 7.38e-01 2.56e-02 +0.318  0.98 | 9.49e-01 8.38e-02 +0.121  0.99 | 1.6e+00 4.6e+00 1.422e+00
#283  3396   1 | 1.18e+00 3.21e-02 -0.511  1.03 | 9.11e-01 2.36e-01 +0.163  0.98 | 2.1e+00 4.6e+00 2.255e+00
#284  2337   1 | 1.66e+00 3.04e-01 +0.161  0.97 | 9.65e-01 2.84e-01 +0.318  0.90 | 1.9e+00 5.2e+00 3.511e+00
#285  2085   1 | 1.11e+00 3.39e-02 -0.501  1.03 | 1.06e+00 1.65e-01 +0.057  1.01 | 1.8e+00 3.8e+00 2.396e+00
#286  2134   1 | 1.10e+00 9.67e-02 -0.123  1.03 | 1.08e+00 1.25e-01 +0.180  0.97 | 1.8e+00 3.9e+00 2.374e+00
#287  3720   1 | 4.76e-01 2.90e-02 -0.182  1.03 | 9.87e-01 7.50e-02 +0.368  0.95 | 2.0e+00 4.1e+00 1.158e+00
#288  4459   1 | 1.20e+00 1.71e-01 +0.639  0.84 | 1.05e+00 2.87e-01 +0.199  0.97 | 1.9e+00 5.3e+00 2.276e+00
#289  3180   1 | 5.70e-01 1.13e-01 +0.510  0.84 | 1.04e+00 1.19e-01 +0.185  0.97 | 2.0e+00 3.6e+00 1.326e+00
#290  2213   1 | 5.50e-01 2.96e-01 +0.421  0.84 | 1.03e+00 2.04e-01 +0.163  0.97 | 1.9e+00 4.7e+00 1.285e+00
#291  4982   1 | 6.93e-01 1.33e-01 -0.080  1.07 | 1.00e+00 1.17e-01 +0.284  0.95 | 2.1e+00 4.2e+00 1.465e+00
#292  4863   1 | 9.68e-01 7.92e-02 -0.479  1.09 | 1.06e+00 1.15e-01 +0.463  0.91 | 2.1e+00 3.2e+00 2.049e+00
#293  1794   1 | 1.31e+00 4.09e-02 -0.258  1.02 | 1.04e+00 1.28e-01 +0.162  0.98 | 1.7e+00 4.2e+00 2.783e+00
#294  3160   1 | 7.22e-01 5.28e-02 +0.298  0.96 | 1.09e+00 1.57e-01 +0.115  0.99 | 1.9e+00 3.7e+00 1.670e+00
#295  2582   1 | 1.08e+00 6.77e-02 -0.504  1.07 | 9.68e-01 1.42e-01 +0.175  0.97 | 1.7e+00 4.1e+00 2.153e+00
#296  3749   1 | 1.10e+00 1.69e-01 -0.052  1.04 | 1.08e+00 1.77e-01 +0.300  0.93 | 1.9e+00 3.6e+00 2.344e+00
#297  3687   1 | 1.13e+00 2.57e-02 -0.004  1.00 | 9.88e-01 4.12e-02 +0.242  0.98 | 1.8e+00 4.4e+00 2.230e+00
#298     9   1 | 1.07e+00 4.00e-02 +0.635  0.95 | 1.03e+00 7.73e-02 -0.039  1.01 | 1.5e+00 3.9e+00 2.163e+00
#299  3674   1 | 1.28e+00 1.32e-01 +0.071  1.00 | 1.01e+00 1.74e-01 +0.341  0.91 | 1.5e+00 3.5e+00 2.565e+00
#300  3215   1 | 9.58e-01 1.04e-01 +0.201  0.97 | 1.06e+00 1.69e-01 +0.259  0.94 | 1.5e+00 5.1e+00 1.956e+00
#301    23   1 | 5.53e-01 4.95e-02 -0.342  1.07 | 1.04e+00 1.16e-01 +0.072  1.00 | 1.5e+00 4.2e+00 1.409e+00
#302  4247   1 | 5.79e-01 1.53e-02 -0.397  1.02 | 1.05e+00 1.07e-01 +0.266  0.96 | 1.5e+00 3.6e+00 1.402e+00
#303   321   1 | 1.21e+00 1.80e-01 +0.620  0.84 | 1.05e+00 3.33e-01 +0.152  1.00 | 1.4e+00 5.5e+00 2.332e+00
#304   746   1 | 8.26e-01 1.27e-01 +0.368  0.91 | 9.54e-01 2.49e-01 +0.258  0.93 | 1.4e+00 4.7e+00 1.470e+00
#305  2045   1 | 1.22e+00 1.04e-02 -0.398  1.01 | 1.10e+00 1.20e-01 +0.251  0.96 | 1.4e+00 4.1e+00 2.674e+00
#306  1569   1 | 1.07e+00 5.10e-02 +0.083  0.99 | 9.70e-01 7.94e-02 +0.040  1.00 | 1.4e+00 4.7e+00 2.084e+00
#307  2677   1 | 9.12e-01 2.01e-02 +0.479  0.98 | 9.51e-01 8.95e-02 +0.109  0.99 | 1.4e+00 4.6e+00 1.708e+00
#308   822   1 | 1.12e+00 1.57e-02 -0.713  1.02 | 1.13e+00 1.14e-01 +0.153  0.98 | 1.4e+00 3.8e+00 2.542e+00
#309  4036   1 | 1.29e+00 2.09e-01 +0.711  0.80 | 1.12e+00 2.86e-01 +0.293  0.92 | 1.4e+00 4.8e+00 2.478e+00
#310  1167   1 | 1.11e+00 1.74e-01 +0.844  0.76 | 1.02e+00 2.39e-01 +0.145  0.99 | 1.4e+00 4.4e+00 1.955e+00
#311  2003   1 | 1.23e+00 1.55e-01 +0.794  0.82 | 9.89e-01 2.33e-01 +0.219  0.95 | 1.6e+00 4.7e+00 2.165e+00
#312  4399   1 | 7.04e-01 4.70e-02 +0.592  0.93 | 1.09e+00 9.22e-02 +0.185  0.98 | 1.8e+00 3.4e+00 1.614e+00
#313  2270   1 | 1.00e+00 1.56e-01 +0.659  0.82 | 9.45e-01 1.91e-01 +0.223  0.95 | 1.8e+00 3.4e+00 1.671e+00
#314    23   1 | 1.12e+00 4.42e-02 -0.037  1.00 | 1.01e+00 7.10e-02 +0.074  0.99 | 2.0e+00 4.0e+00 2.274e+00
#315  1185   1 | 1.32e+00 4.41e-02 +0.044  1.00 | 1.02e+00 8.34e-02 +0.119  0.99 | 2.1e+00 3.2e+00 2.759e+00
#316  2770   1 | 1.08e+00 1.46e-01 +0.561  0.87 | 9.68e-01 7.31e-02 +0.188  0.98 | 2.1e+00 4.4e+00 1.924e+00
#317  4613   1 | 1.10e+00 3.70e-01 -0.219  1.26 | 1.06e+00 1.68e-01 +0.278  0.94 | 2.3e+00 3.6e+00 2.587e+00
#318  4090   1 | 1.11e+00 5.75e-02 -0.078  1.01 | 9.37e-01 9.49e-02 +0.210  0.97 | 2.5e+00 3.5e+00 2.087e+00
#319  1750   1 | 1.21e+00 1.76e-01 +0.233  0.95 | 9.11e-01 1.08e-01 +0.183  0.97 | 2.1e+00 3.8e+00 2.192e+00
#320  4199   1 | 9.65e-01 7.19e-01 -0.094  1.69 | 1.03e+00 3.43e-01 +0.092  1.05 | 2.3e+00 5.5e+00 2.696e+00
#321  4853   1 | 6.94e-01 1.34e-01 +0.061  1.01 | 1.00e+00 1.65e-01 +0.230  0.95 | 2.2e+00 4.6e+00 1.444e+00
#322  4740   1 | 1.29e+00 3.37e-01 -0.033  1.09 | 9.64e-01 2.14e-01 +0.396  0.87 | 2.0e+00 4.5e+00 2.620e+00
#323    94   1 | 1.08e+00 7.74e-03 -0.283  1.00 | 9.93e-01 6.69e-02 +0.020  1.00 | 1.8e+00 3.2e+00 2.162e+00
#324  2142   1 | 1.30e+00 1.90e-01 +0.254  0.95 | 1.09e+00 1.95e-01 +0.171  0.97 | 1.9e+00 4.3e+00 2.772e+00
#325  3847   1 | 6.47e-01 2.63e-01 -0.157  1.29 | 1.03e+00 1.21e-01 +0.403  0.92 | 1.9e+00 4.2e+00 1.513e+00
#326   272   1 | 8.24e-01 1.70e-01 +0.385  0.88 | 9.42e-01 1.57e-01 -0.014  1.03 | 1.9e+00 3.8e+00 1.516e+00
#327    20   1 | 9.61e-01 4.26e-02 +0.711  0.94 | 9.60e-01 6.48e-02 +0.102  0.99 | 1.8e+00 4.5e+00 1.780e+00
#328  2459   1 | 1.04e+00 1.44e-01 +0.226  0.96 | 8.36e-01 1.40e-01 +0.254  0.94 | 1.7e+00 4.0e+00 1.702e+00
#329  2707   1 | 1.07e+00 4.54e-02 -0.519  1.05 | 9.97e-01 1.18e-01 +0.246  0.96 | 1.6e+00 3.5e+00 2.155e+00
#330  2281   1 | 1.08e+00 2.15e-01 +0.789  0.72 | 1.04e+00 2.47e-01 +0.123  1.00 | 1.7e+00 4.8e+00 1.918e+00
#331  1150   1 | 7.38e-01 1.25e-01 +0.345  0.91 | 9.49e-01 1.81e-01 +0.148  0.98 | 1.7e+00 4.0e+00 1.380e+00
#332  1336   1 | 1.02e+00 4.40e-03 -0.329  1.00 | 9.92e-01 5.65e-02 +0.094  0.99 | 1.5e+00 3.8e+00 2.028e+00
#333  2417   1 | 1.17e+00 1.39e-01 -0.449  1.12 | 1.17e+00 1.75e-01 +0.322  0.93 | 1.6e+00 3.2e+00 2.796e+00
#334  2989   1 | 5.75e-01 2.82e-01 -0.229  1.46 | 9.77e-01 2.34e-01 +0.220  0.95 | 1.6e+00 4.1e+00 1.394e+00
#335  1815   1 | 1.11e+00 3.43e-02 +0.159  0.99 | 9.82e-01 5.28e-02 +0.117  0.99 | 1.5e+00 4.1e+00 2.167e+00
#336  2203   1 | 6.58e-01 8.90e-02 +0.022  1.01 | 1.07e+00 1.47e-01 +0.316  0.93 | 1.6e+00 3.7e+00 1.505e+00
#337  2002   1 | 1.00e+00 3.74e-02 +0.502  0.96 | 1.07e+00 6.61e-02 +0.247  0.97 | 1.5e+00 4.5e+00 2.088e+00
#338  1769   1 | 5.98e-01 2.73e-02 -0.615  1.06 | 1.08e+00 1.20e-01 +0.104  0.99 | 1.5e+00 3.3e+00 1.541e+00
#339  4879   1 | 1.05e+00 6.25e-02 +0.074  0.99 | 1.02e+00 3.01e-01 +0.307  0.91 | 1.4e+00 4.7e+00 2.047e+00
#340  3916   1 | 9.15e-01 5.44e-02 +0.366  0.96 | 9.15e-01 8.67e-02 -0.036  1.02 | 1.3e+00 3.2e+00 1.653e+00
#341   361   1 | 5.45e-01 5.42e-02 +0.527  0.91 | 1.03e+00 1.32e-01 +0.207  0.96 | 1.5e+00 3.6e+00 1.289e+00
#342  1404   1 | 9.99e-01 4.65e-02 -0.153  1.02 | 8.61e-01 7.72e-02 +0.156  0.98 | 1.3e+00 3.7e+00 1.740e+00
#343  3658   1 | 8.46e-01 3.17e-02 +0.692  0.95 | 1.01e+00 6.18e-02 +0.177  0.98 | 1.4e+00 3.6e+00 1.687e+00
#344   504   1 | 1.35e+00 3.31e-02 +0.700  0.97 | 1.00e+00 7.08e-02 -0.009  1.01 | 1.3e+00 3.5e+00 2.764e+00
#345  1606   1 | 1.65e+00 1.39e-01 +0.167  0.98 | 9.65e-01 2.23e-01 +0.274  0.93 | 1.4e+00 4.6e+00 3.542e+00
#346  3787   1 | 9.97e-01 3.82e-01 +0.671  0.63 | 1.04e+00 3.42e-01 +0.221  0.96 | 1.4e+00 5.6e+00 1.674e+00
#347  4473   1 | 1.11e+00 1.85e-01 -0.113  1.06 | 9.80e-01 4.48e-01 +0.346  0.89 | 1.4e+00 6.0e+00 2.180e+00
#348  2864   1 | 7.32e-01 1.68e-01 +0.247  0.94 | 9.46e-01 2.91e-01 +0.146  1.00 | 1.4e+00 5.2e+00 1.403e+00
#349   666   1 | 1.31e+00 6.61e-02 +0.626  0.94 | 1.04e+00 1.04e-01 +0.009  1.01 | 1.4e+00 4.7e+00 2.691e+00
#350  1828   1 | 9.71e-01 2.58e-03 -0.532  1.00 | 1.06e+00 6.18e-02 +0.089  0.99 | 1.4e+00 2.8e+00 2.056e+00
#351  1120   1 | 1.18e+00 6.08e-02 +0.328  0.97 | 9.58e-01 1.23e-01 +0.015  1.01 | 1.5e+00 3.8e+00 2.276e+00
#352  4726   1 | 9.05e-01 4.43e-02 +0.166  0.99 | 9.18e-01 2.06e-01 +0.244  0.94 | 1.4e+00 4.9e+00 1.600e+00
#353  4931   1 | 1.08e+00 3.38e-02 -0.746  1.05 | 1.08e+00 8.64e-02 +0.427  0.94 | 1.4e+00 4.4e+00 2.316e+00
#354   366   1 | 4.70e-01 3.90e-02 +0.089  0.99 | 9.87e-01 7.19e-02 +0.214  0.97 | 1.6e+00 4.6e+00 1.169e+00
#355   230   1 | 9.72e-01 3.74e-03 -0.695  1.01 | 1.02e+00 5.23e-02 -0.032  1.01 | 1.5e+00 3.6e+00 1.992e+00
#356  1676   1 | 5.13e-01 6.30e-02 -0.106  1.04 | 9.97e-01 8.93e-02 +0.068  1.00 | 1.6e+00 3.6e+00 1.264e+00
#357  1635   1 | 9.58e-01 1.90e-02 +0.512  0.98 | 1.07e+00 6.73e-02 +0.147  0.99 | 1.6e+00 2.9e+00 2.038e+00
#358   464   1 | 1.13e+00 2.20e-02 +0.405  0.98 | 1.05e+00 8.25e-02 +0.281  0.96 | 1.6e+00 4.0e+00 2.331e+00
#359   408   1 | 1.30e+00 1.02e-01 +0.268  0.96 | 9.27e-01 1.05e-01 +0.094  0.99 | 1.6e+00 3.6e+00 2.471e+00
#360  4537   1 | 1.40e+00 5.78e-02 +0.508  0.96 | 1.01e+00 1.32e-01 +0.209  0.96 | 1.4e+00 3.9e+00 2.878e+00
#361  3280   1 | 1.03e+00 1.39e-01 -0.078  1.04 | 1.13e+00 1.21e-01 +0.279  0.95 | 1.6e+00 3.8e+00 2.323e+00
#362  1462   1 | 1.38e+00 1.00e-02 +0.346  1.00 | 1.03e+00 7.52e-02 +0.070  1.00 | 1.6e+00 3.6e+00 2.943e+00
#363  1666   1 | 7.72e-01 1.83e-02 +0.326  0.99 | 9.59e-01 1.06e-01 +0.171  0.97 | 1.6e+00 3.4e+00 1.483e+00
#364  2800   1 | 1.13e+00 1.37e-01 +0.693  0.85 | 9.75e-01 1.13e-01 +0.129  0.98 | 1.6e+00 3.2e+00 2.017e+00
#365  1983   1 | 8.55e-01 1.11e-01 +0.275  0.95 | 9.10e-01 1.39e-01 +0.080  1.00 | 1.5e+00 4.2e+00 1.519e+00
#366   608   1 | 4.46e-01 3.23e-02 +0.114  0.99 | 1.00e+00 9.38e-02 +0.224  0.97 | 1.7e+00 3.4e+00 1.167e+00
#367  3741   1 | 1.26e+00 2.03e-02 +0.037  1.00 | 1.08e+00 1.01e-01 +0.337  0.95 | 1.5e+00 4.2e+00 2.697e+00
#368   555   1 | 4.94e-01 5.71e-02 -0.057  1.03 | 1.12e+00 6.66e-02 +0.105  0.99 | 1.6e+00 3.8e+00 1.488e+00
#369  4227   1 | 1.14e+00 1.63e-02 +0.321  0.99 | 9.43e-01 2.02e-01 +0.275  0.93 | 1.5e+00 4.5e+00 2.113e+00
#370  3486   1 | 9.78e-01 5.31e-02 +0.513  0.95 | 1.07e+00 1.03e-01 +0.232  0.96 | 1.6e+00 3.9e+00 2.020e+00
#371  2982   1 | 9.71e-01 1.16e-02 -0.033  1.00 | 1.02e+00 6.07e-02 +0.117  0.99 | 1.5e+00 3.3e+00 1.969e+00
#372  1261   1 | 1.20e+00 2.68e-01 +0.552  0.80 | 1.05e+00 2.50e-01 +0.157  0.98 | 1.8e+00 3.6e+00 2.259e+00
#373   491   1 | 1.29e+00 5.59e-02 +0.069  1.00 | 1.08e+00 8.94e-02 +0.091  0.99 | 1.6e+00 3.7e+00 2.820e+00
#374  2601   1 | 5.15e-01 9.84e-02 -0.097  1.07 | 9.97e-01 1.21e-01 +0.187  0.97 | 1.6e+00 4.4e+00 1.249e+00
#375  2492   1 | 9.64e-01 5.95e-02 +0.649  0.92 | 9.60e-01 1.89e-01 +0.272  0.93 | 1.6e+00 4.0e+00 1.717e+00
#376  1719   1 | 1.05e+00 3.99e-01 +0.794  0.54 | 1.08e+00 4.62e-01 +0.180  1.03 | 1.5e+00 5.8e+00 1.799e+00
#377  1219   1 | 1.31e+00 7.43e-02 +0.069  1.00 | 1.01e+00 1.79e-01 +0.181  0.97 | 1.8e+00 3.6e+00 2.702e+00
#378  4268   1 | 6.08e-01 1.78e-02 +0.046  1.00 | 1.08e+00 2.23e-01 +0.109  1.00 | 1.5e+00 4.1e+00 1.541e+00
#379  4466   1 | 4.93e-01 1.43e-02 +0.304  0.98 | 1.12e+00 1.95e-01 +0.337  0.91 | 1.5e+00 4.1e+00 1.378e+00
#380  1290   1 | 1.21e+00 2.22e-01 +0.298  0.92 | 9.11e-01 1.52e-01 +0.171  0.97 | 1.9e+00 3.4e+00 2.153e+00
#381   757   1 | 7.38e-01 2.58e-01 +0.324  0.90 | 9.49e-01 2.82e-01 +0.141  1.00 | 1.9e+00 4.0e+00 1.392e+00
#382  4980   1 | 9.99e-01 1.52e-02 +0.017  1.00 | 1.13e+00 1.81e-01 +0.257  0.94 | 1.6e+00 3.7e+00 2.211e+00
#383  2761   1 | 1.31e+00 4.09e-01 +0.683  0.67 | 1.12e+00 2.54e-01 +0.242  0.94 | 1.8e+00 4.1e+00 2.340e+00
#384  3863   1 | 5.80e-01 3.88e-01 +0.562  0.70 | 1.04e+00 2.29e-01 +0.181  0.97 | 1.8e+00 3.8e+00 1.286e+00
#385   797   1 | 7.01e-01 4.26e-02 +0.118  0.99 | 1.00e+00 1.03e-01 +0.096  0.99 | 1.9e+00 3.4e+00 1.482e+00
#386  1124   1 | 1.35e+00 1.28e-01 +0.698  0.88 | 1.00e+00 8.91e-02 -0.043  1.02 | 1.9e+00 3.6e+00 2.609e+00
#387  3942   1 | 1.40e+00 3.34e-02 +0.512  0.98 | 1.03e+00 1.19e-01 +0.216  0.96 | 1.9e+00 4.1e+00 2.925e+00
#388  4850   1 | 1.17e+00 1.86e-02 +0.519  0.98 | 1.17e+00 6.69e-02 +0.289  0.97 | 1.7e+00 4.0e+00 2.674e+00
#389  1830   1 | 1.29e+00 4.54e-01 +0.263  0.94 | 9.27e-01 2.27e-01 +0.183  0.97 | 2.3e+00 3.7e+00 2.406e+00
#390  4638   1 | 1.04e+00 1.95e-01 +0.466  0.86 | 8.36e-01 2.14e-01 +0.370  0.88 | 1.9e+00 4.1e+00 1.538e+00
#391   466   1 | 1.08e+00 3.30e-01 +0.533  0.77 | 9.68e-01 1.45e-01 +0.043  1.01 | 2.3e+00 3.8e+00 1.847e+00
#392  2741   1 | 9.81e-01 8.77e-01 +0.696  0.55 | 1.04e+00 4.57e-01 +0.183  1.03 | 2.3e+00 6.2e+00 1.655e+00
#393  2440   1 | 1.15e+00 7.15e-02 +0.029  1.00 | 9.43e-01 2.14e-01 +0.231  0.95 | 2.2e+00 3.8e+00 2.153e+00
#394  3485   1 | 4.76e-01 9.65e-02 -0.110  1.09 | 9.87e-01 8.16e-02 +0.368  0.95 | 2.3e+00 3.9e+00 1.168e+00
#395  1928   1 | 1.11e+00 6.12e-01 +0.008  1.30 | 9.80e-01 2.73e-01 +0.388  0.86 | 2.3e+00 4.6e+00 2.425e+00
#396  4069   1 | 1.11e+00 2.11e-01 +0.122  0.99 | 9.37e-01 9.36e-02 +0.196  0.97 | 2.3e+00 4.3e+00 2.067e+00
#397   199   1 | 9.98e-01 2.66e-01 +0.700  0.70 | 9.45e-01 2.13e-01 +0.186  0.97 | 2.3e+00 3.9e+00 1.560e+00
#398  3793   1 | 1.41e+00 2.74e-01 +0.576  0.81 | 1.01e+00 1.76e-01 +0.111  0.99 | 2.2e+00 4.1e+00 2.639e+00
#399  1937   1 | 1.11e+00 4.69e-01 +0.777  0.52 | 1.02e+00 2.51e-01 +0.164  0.98 | 2.2e+00 4.2e+00 1.651e+00
#400  1208   1 | 1.14e+00 6.31e-01 +0.669  0.57 | 9.75e-01 1.88e-01 +0.064  1.01 | 2.4e+00 3.5e+00 1.702e+00
#401  3233   1 | 1.08e+00 1.48e-01 -0.105  1.05 | 9.70e-01 1.71e-01 +0.151  0.98 | 2.2e+00 3.9e+00 2.150e+00
#402  3114   1 | 5.87e-01 1.17e-01 +0.163  0.97 | 1.05e+00 1.69e-01 +0.198  0.96 | 2.3e+00 3.7e+00 1.401e+00
#403  3835   1 | 1.07e+00 5.10e-02 +0.380  0.97 | 9.82e-01 7.15e-02 +0.317  0.96 | 2.2e+00 3.9e+00 2.021e+00
#404  3860   1 | 1.20e+00 6.14e-01 +0.791  0.45 | 9.89e-01 2.90e-01 +0.158  0.99 | 2.1e+00 4.2e+00 1.627e+00
#405  1729   1 | 1.08e+00 6.87e-01 +0.815  0.37 | 1.04e+00 3.45e-01 +0.121  1.03 | 2.4e+00 5.3e+00 1.542e+00
#406   992   1 | 9.64e-01 2.29e-01 +0.046  1.03 | 1.06e+00 1.41e-01 +0.245  0.95 | 2.4e+00 3.6e+00 2.040e+00
#407  4367   1 | 1.12e+00 2.18e-01 +0.404  0.88 | 1.05e+00 1.33e-01 +0.388  0.92 | 2.0e+00 4.8e+00 2.121e+00
#408  1899   1 | 8.90e-01 3.81e-01 +0.403  0.84 | 9.15e-01 8.98e-02 -0.042  1.02 | 2.2e+00 3.8e+00 1.516e+00
#409   553   1 | 8.53e-01 4.57e-01 +0.345  0.92 | 9.10e-01 1.62e-01 +0.059  1.01 | 2.4e+00 3.8e+00 1.503e+00
#410  1166   1 | 1.08e+00 1.86e-01 +0.113  0.99 | 9.97e-01 7.56e-02 +0.201  0.98 | 2.5e+00 2.9e+00 2.118e+00
#411  2182   1 | 1.18e+00 4.20e-01 +0.476  0.79 | 9.58e-01 1.90e-01 +0.036  1.03 | 2.4e+00 4.5e+00 2.035e+00
#412  3816   1 | 6.47e-01 2.91e-01 -0.131  1.32 | 1.03e+00 1.06e-01 +0.423  0.92 | 2.3e+00 3.9e+00 1.530e+00
#413  3273   1 | 1.11e+00 9.02e-02 +0.533  0.92 | 1.06e+00 9.59e-02 +0.194  0.97 | 2.4e+00 3.5e+00 2.236e+00
#414  1708   1 | 1.04e+00 1.61e-01 -0.280  1.11 | 1.02e+00 9.08e-02 +0.142  0.98 | 2.6e+00 4.2e+00 2.226e+00
#415  1319   1 | 8.22e-01 4.16e-01 +0.666  0.58 | 1.01e+00 1.16e-01 +0.173  0.97 | 2.6e+00 3.9e+00 1.392e+00
#416  2975   1 | 5.75e-01 1.10e-01 +0.205  0.96 | 9.77e-01 7.97e-02 +0.194  0.98 | 2.6e+00 4.1e+00 1.248e+00
#417  4088   1 | 1.05e+00 1.00e-01 +0.799  0.86 | 1.03e+00 2.09e-01 +0.065  1.01 | 2.5e+00 4.7e+00 2.020e+00
#418  2971   1 | 9.60e-01 1.60e-01 -0.315  1.13 | 1.03e+00 1.24e-01 +0.308  0.94 | 2.6e+00 3.2e+00 2.045e+00
#419  3574   1 | 8.49e-01 2.88e-01 -0.389  1.38 | 9.42e-01 1.01e-01 +0.302  0.95 | 2.5e+00 3.8e+00 1.835e+00
#420  2535   1 | 6.58e-01 5.23e-01 -0.005  1.64 | 1.07e+00 2.01e-01 +0.275  0.93 | 2.5e+00 4.2e+00 1.776e+00
#421  4094   1 | 1.14e+00 2.70e-01 +0.006  1.05 | 1.01e+00 7.00e-02 +0.177  0.98 | 2.5e+00 4.1e+00 2.354e+00
#422  2195   1 | 9.99e-01 3.72e-01 -0.227  1.31 | 8.61e-01 8.18e-02 +0.191  0.97 | 2.2e+00 3.2e+00 2.026e+00
#423  1758   1 | 9.70e-01 3.57e-02 +0.298  0.98 | 1.06e+00 5.68e-02 +0.130  0.99 | 2.4e+00 3.4e+00 2.029e+00
#424  4108   1 | 9.08e-01 1.22e-01 +0.112  0.99 | 9.18e-01 1.61e-01 +0.268  0.94 | 2.3e+00 2.9e+00 1.604e+00
#425  1585   1 | 1.30e+00 1.39e-01 +0.275  0.95 | 1.09e+00 1.11e-01 +0.139  0.98 | 2.3e+00 3.5e+00 2.799e+00
#426  3631   1 | 9.84e-01 1.30e-01 +0.711  0.83 | 1.07e+00 1.39e-01 +0.308  0.94 | 1.9e+00 4.1e+00 1.885e+00
#427  4194   1 | 1.67e+00 5.42e-01 +0.404  0.84 | 9.65e-01 3.57e-01 +0.309  0.91 | 1.9e+00 5.1e+00 3.185e+00
#428  4468   1 | 7.73e-01 3.10e-01 +0.329  0.90 | 9.59e-01 2.03e-01 +0.243  0.94 | 1.8e+00 3.8e+00 1.402e+00
#429  3921   1 | 5.72e-01 2.02e-01 +0.436  0.82 | 1.03e+00 9.68e-02 +0.190  0.97 | 1.7e+00 2.8e+00 1.297e+00
#430  2222   1 | 1.32e+00 9.90e-02 +0.227  0.97 | 1.02e+00 1.04e-01 +0.167  0.98 | 1.8e+00 4.7e+00 2.701e+00
#431  3101   1 | 1.23e+00 2.14e-02 -0.445  1.02 | 1.10e+00 7.22e-02 +0.326  0.96 | 1.8e+00 3.9e+00 2.698e+00
#432  3425   1 | 8.94e-01 2.34e-01 +0.691  0.71 | 9.51e-01 1.56e-01 +0.098  0.99 | 2.0e+00 3.5e+00 1.464e+00
#433  2544   1 | 1.10e+00 7.58e-02 +0.278  0.97 | 1.08e+00 8.43e-02 +0.179  0.98 | 1.4e+00 3.7e+00 2.307e+00
#434   373   1 | 8.26e-01 3.04e-01 +0.320  0.90 | 9.54e-01 2.00e-01 +0.242  0.94 | 1.9e+00 4.3e+00 1.470e+00
#435   715   1 | 7.04e-01 4.37e-02 +0.592  0.93 | 1.09e+00 7.92e-02 +0.064  1.00 | 1.8e+00 3.5e+00 1.640e+00
#436  1621   1 | 1.12e+00 3.41e-02 +0.521  0.97 | 1.13e+00 8.25e-02 +0.190  0.98 | 1.8e+00 4.6e+00 2.472e+00
#437  1992   1 | 1.14e+00 4.01e-02 +0.052  1.00 | 9.88e-01 5.49e-02 +0.042  1.00 | 1.7e+00 3.7e+00 2.270e+00
#438  2455   1 | 1.30e+00 1.06e-01 +0.610  0.91 | 1.04e+00 1.28e-01 +0.023  1.01 | 1.6e+00 3.8e+00 2.627e+00
#439   980   1 | 1.29e+00 5.85e-02 +0.091  0.99 | 9.64e-01 9.29e-02 +0.234  0.96 | 1.8e+00 4.0e+00 2.562e+00
#440  4840   1 | 1.09e+00 9.30e-02 +0.097  0.99 | 9.93e-01 8.53e-02 +0.411  0.94 | 1.6e+00 3.4e+00 2.096e+00
#441    86   1 | 1.03e+00 9.66e-02 -0.155  1.04 | 9.92e-01 4.04e-02 +0.079  1.00 | 1.9e+00 4.2e+00 2.071e+00
#442  3110   1 | 7.34e-01 7.02e-02 -0.045  1.02 | 9.46e-01 8.90e-02 +0.148  0.98 | 1.9e+00 5.3e+00 1.427e+00
#443  2995   1 | 4.53e-01 5.45e-02 -0.033  1.02 | 1.00e+00 6.97e-02 +0.167  0.98 | 1.6e+00 3.3e+00 1.194e+00
#444    80   1 | 1.08e+00 1.65e-01 +0.563  0.85 | 9.68e-01 8.54e-02 +0.089  0.99 | 1.9e+00 3.7e+00 1.930e+00
#445  2422   1 | 1.12e+00 4.77e-02 +0.115  0.99 | 1.01e+00 6.16e-02 +0.188  0.98 | 1.7e+00 3.5e+00 2.246e+00
#446  2362   1 | 9.08e-01 8.52e-02 -0.268  1.06 | 9.18e-01 1.92e-01 +0.189  0.96 | 1.8e+00 4.0e+00 1.686e+00
#447  2704   1 | 9.65e-01 1.52e-01 +0.484  0.87 | 1.07e+00 1.30e-01 +0.158  0.98 | 1.7e+00 3.7e+00 1.940e+00
#448  3986   1 | 1.07e+00 9.22e-02 +0.431  0.93 | 9.93e-01 6.43e-02 +0.330  0.96 | 1.7e+00 3.8e+00 2.013e+00
#449  1655   1 | 5.69e-01 4.48e-02 +0.264  0.96 | 9.77e-01 7.29e-02 +0.086  0.99 | 1.9e+00 2.6e+00 1.261e+00
#450   561   1 | 8.24e-01 1.29e-01 +0.355  0.91 | 9.42e-01 9.89e-02 -0.073  1.03 | 1.8e+00 3.6e+00 1.530e+00
#451    88   1 | 1.23e+00 5.78e-01 +0.822  0.45 | 9.89e-01 3.11e-01 +0.210  0.97 | 2.0e+00 5.2e+00 1.629e+00
#452  3723   1 | 6.58e-01 1.27e-02 +0.362  0.99 | 1.07e+00 7.72e-02 +0.234  0.97 | 1.9e+00 3.3e+00 1.539e+00
#453  2518   1 | 1.06e+00 1.81e-01 +0.650  0.81 | 1.03e+00 1.28e-01 +0.026  1.01 | 1.8e+00 3.4e+00 1.982e+00
#454  3282   1 | 5.89e-01 1.53e-01 +0.092  1.02 | 1.05e+00 1.71e-01 +0.176  0.97 | 2.1e+00 2.7e+00 1.427e+00
#455  2829   1 | 1.30e+00 1.03e-01 +0.072  0.99 | 9.64e-01 8.76e-02 +0.228  0.97 | 1.8e+00 3.1e+00 2.573e+00
#456  4004   1 | 1.26e+00 7.79e-02 -0.234  1.03 | 1.08e+00 9.38e-02 +0.318  0.95 | 2.0e+00 4.4e+00 2.759e+00
#457  2136   1 | 5.57e-01 3.51e-01 +0.668  0.55 | 1.04e+00 1.57e-01 +0.166  0.97 | 2.0e+00 4.5e+00 1.229e+00
#458  4034   1 | 1.04e+00 5.32e-01 +0.725  0.52 | 1.04e+00 2.31e-01 +0.101  1.00 | 2.1e+00 5.2e+00 1.646e+00
#459  3443   1 | 1.03e+00 1.99e-01 -0.024  1.05 | 1.13e+00 1.06e-01 +0.283  0.96 | 2.1e+00 2.9e+00 2.342e+00
#460  4844   1 | 1.34e+00 6.72e-01 +0.718  0.53 | 1.12e+00 4.19e-01 +0.336  0.89 | 2.0e+00 5.5e+00 2.073e+00
#461  4779   1 | 9.84e-01 7.63e-01 +0.511  0.81 | 9.45e-01 3.26e-01 +0.217  0.97 | 2.1e+00 5.2e+00 1.650e+00
#462  4473   1 | 6.98e-01 2.74e-01 +0.080  1.09 | 1.00e+00 2.53e-01 +0.181  0.97 | 2.1e+00 4.4e+00 1.508e+00
#463  4404   1 | 4.68e-01 6.30e-02 -0.060  1.03 | 9.87e-01 9.16e-02 +0.398  0.93 | 1.9e+00 3.8e+00 1.138e+00
#464    29   1 | 1.00e+00 4.68e-01 +0.351  0.89 | 1.07e+00 1.42e-01 +0.109  0.99 | 2.2e+00 4.6e+00 2.038e+00
#465   348   1 | 1.04e+00 1.15e-01 +0.272  0.95 | 1.02e+00 8.58e-02 +0.139  0.98 | 2.0e+00 3.5e+00 2.060e+00
#466   969   1 | 1.14e+00 6.15e-02 +0.031  1.00 | 9.88e-01 5.77e-02 -0.054  1.01 | 2.2e+00 3.0e+00 2.288e+00
#467  1957   1 | 1.34e+00 1.14e-01 +0.536  0.92 | 1.00e+00 9.16e-02 -0.038  1.02 | 1.8e+00 3.9e+00 2.675e+00
#468  3787   1 | 1.08e+00 2.28e-01 +0.000  1.04 | 9.80e-01 1.36e-01 +0.422  0.90 | 1.9e+00 4.1e+00 2.093e+00
#469  1731   1 | 7.72e-01 1.82e-01 +0.341  0.89 | 9.59e-01 1.13e-01 +0.187  0.97 | 2.1e+00 4.2e+00 1.425e+00
#470   793   1 | 1.65e+00 5.65e-01 +0.178  0.99 | 9.65e-01 2.75e-01 +0.240  0.94 | 2.1e+00 4.8e+00 3.600e+00
#471  4188   1 | 9.80e-01 1.06e-01 -0.216  1.06 | 1.02e+00 7.62e-02 +0.222  0.97 | 2.0e+00 3.6e+00 2.025e+00
#472   937   1 | 1.05e+00 1.65e-01 +0.513  0.86 | 1.08e+00 1.95e-01 +0.180  0.97 | 2.2e+00 3.6e+00 2.087e+00
#473  1054   1 | 5.46e-01 3.19e-01 +0.430  0.84 | 1.03e+00 1.44e-01 +0.208  0.96 | 2.1e+00 3.4e+00 1.267e+00
#474  2785   1 | 1.13e+00 5.06e-01 +0.601  0.66 | 9.75e-01 2.10e-01 +0.142  0.99 | 1.9e+00 4.0e+00 1.784e+00
#475   588   1 | 1.30e+00 1.96e-01 +0.268  0.94 | 9.27e-01 1.08e-01 +0.117  0.99 | 2.1e+00 3.8e+00 2.429e+00
#476   977   1 | 8.89e-01 2.05e-01 +0.388  0.87 | 9.15e-01 1.00e-01 -0.036  1.02 | 1.9e+00 3.5e+00 1.544e+00
#477  2783   1 | 1.12e+00 2.74e-01 +0.592  0.77 | 1.05e+00 2.38e-01 +0.281  0.92 | 1.9e+00 4.2e+00 1.991e+00
#478  1541   1 | 1.07e+00 9.89e-03 -0.295  1.01 | 9.70e-01 5.79e-02 +0.004  1.00 | 2.1e+00 3.1e+00 2.099e+00
#479  2936   1 | 1.11e+00 2.84e-02 +0.671  0.97 | 1.13e+00 7.94e-02 +0.207  0.98 | 1.9e+00 3.6e+00 2.438e+00
#480  2842   1 | 4.96e-01 6.23e-02 -0.178  1.06 | 1.12e+00 5.68e-02 +0.224  0.98 | 1.8e+00 3.7e+00 1.484e+00
#481  4832   1 | 9.47e-01 1.30e-01 +0.845  0.79 | 9.51e-01 1.13e-01 +0.294  0.94 | 1.9e+00 2.9e+00 1.559e+00
#482  4674   1 | 1.22e+00 5.04e-02 -0.180  1.02 | 1.10e+00 1.88e-01 +0.270  0.94 | 1.8e+00 3.9e+00 2.660e+00
#483  1277   1 | 5.97e-01 8.39e-03 +0.397  0.99 | 1.08e+00 7.59e-02 -0.029  1.01 | 2.1e+00 3.7e+00 1.538e+00
#484  4254   1 | 1.03e+00 5.11e-02 +0.358  0.97 | 9.92e-01 5.49e-02 +0.191  0.98 | 1.9e+00 4.5e+00 1.988e+00
#485  4512   1 | 1.11e+00 3.20e-01 +0.487  0.80 | 1.06e+00 2.13e-01 +0.360  0.90 | 1.9e+00 3.9e+00 1.993e+00
#486  4861   1 | 1.33e+00 7.52e-01 +0.163  1.13 | 1.01e+00 2.79e-01 +0.403  0.85 | 2.0e+00 4.4e+00 2.888e+00
#487  4292   1 | 1.41e+00 7.09e-01 +0.533  0.72 | 1.01e+00 3.90e-01 +0.085  1.08 | 2.0e+00 5.7e+00 2.538e+00
#488  4650   1 | 1.15e+00 4.38e-02 -0.029  1.00 | 9.43e-01 1.14e-01 +0.356  0.93 | 2.0e+00 3.6e+00 2.147e+00
#489  2743   1 | 8.32e-01 2.42e-01 +0.411  0.85 | 9.54e-01 1.88e-01 +0.292  0.92 | 2.0e+00 4.9e+00 1.425e+00
#490  1227   1 | 1.04e+00 8.18e-01 +0.447  0.92 | 8.36e-01 2.99e-01 +0.225  0.97 | 2.1e+00 4.2e+00 1.668e+00
#491  3639   1 | 1.11e+00 6.29e-02 +0.073  0.99 | 9.37e-01 7.19e-02 +0.163  0.98 | 1.9e+00 3.2e+00 2.086e+00
#492  3684   1 | 6.48e-01 3.93e-02 -0.279  1.04 | 1.03e+00 5.85e-02 +0.446  0.95 | 1.9e+00 2.7e+00 1.444e+00
#493   420   1 | 1.38e+00 4.73e-02 +0.441  0.97 | 1.03e+00 6.44e-02 -0.048  1.01 | 1.9e+00 4.0e+00 2.911e+00
#494  3894   1 | 8.51e-01 1.32e-01 +0.811  0.77 | 1.01e+00 8.83e-02 +0.241  0.97 | 1.8e+00 4.0e+00 1.551e+00
#495  3030   1 | 1.10e+00 1.08e+00 +0.766  0.46 | 1.02e+00 3.61e-01 +0.174  1.00 | 1.9e+00 5.3e+00 1.590e+00
#496  4649   1 | 9.62e-01 1.01e-01 -0.284  1.07 | 1.06e+00 1.31e-01 +0.344  0.93 | 1.8e+00 2.9e+00 2.032e+00
#497  1498   1 | 9.64e-01 7.43e-02 +0.433  0.94 | 1.06e+00 6.78e-02 +0.268  0.97 | 1.8e+00 3.3e+00 1.970e+00
#498  2160   1 | 1.31e+00 2.09e-01 +0.621  0.83 | 1.04e+00 1.74e-01 +0.025  1.02 | 1.8e+00 3.1e+00 2.504e+00
#499  4118   1 | 9.83e-01 1.58e-01 -0.336  1.13 | 9.60e-01 1.10e-01 +0.174  0.97 | 1.7e+00 2.8e+00 1.992e+00
#500   114   1 | 1.17e+00 9.98e-02 -0.072  1.02 | 1.17e+00 1.37e-01 +0.231  0.96 | 1.7e+00 3.9e+00 2.708e+00
#501  1422   1 | 1.31e+00 2.88e-01 +0.218  0.95 | 1.09e+00 1.73e-01 +0.152  0.98 | 1.9e+00 4.0e+00 2.793e+00
#502  2342   1 | 1.20e+00 2.22e-01 +0.332  0.91 | 9.11e-01 1.21e-01 +0.170  0.97 | 1.8e+00 3.0e+00 2.124e+00
#503  2378   1 | 1.18e+00 3.85e-01 +0.593  0.72 | 9.58e-01 2.28e-01 +0.035  1.04 | 1.8e+00 4.0e+00 1.953e+00
#504  2152   1 | 7.40e-01 1.92e-01 +0.325  0.90 | 9.49e-01 1.53e-01 +0.177  0.97 | 1.9e+00 4.4e+00 1.366e+00
#505  1296   1 | 1.11e+00 4.05e-02 +0.251  0.98 | 9.82e-01 4.41e-02 +0.169  0.99 | 1.7e+00 3.5e+00 2.158e+00
#506   811   1 | 9.74e-01 4.53e-01 +0.671  0.59 | 1.04e+00 3.22e-01 +0.115  1.02 | 1.7e+00 5.0e+00 1.676e+00
#507  3674   1 | 1.00e+00 7.01e-02 +0.216  0.97 | 8.61e-01 9.89e-02 +0.246  0.96 | 1.5e+00 3.6e+00 1.693e+00
#508  2771   1 | 1.32e+00 7.43e-02 +0.237  0.98 | 1.02e+00 9.42e-02 +0.233  0.97 | 1.9e+00 3.9e+00 2.700e+00
#509  3084   1 | 5.19e-01 1.81e-01 +0.118  1.04 | 9.97e-01 1.35e-01 +0.250  0.95 | 1.8e+00 3.4e+00 1.225e+00
#510  3293   1 | 8.71e-01 5.87e-01 +0.541  0.72 | 9.10e-01 2.95e-01 +0.092  1.04 | 1.9e+00 4.5e+00 1.415e+00
#511   535   1 | 1.10e+00 1.22e-01 +0.470  0.91 | 1.08e+00 6.03e-02 +0.079  0.99 | 1.7e+00 3.9e+00 2.255e+00
#512  1091   1 | 1.20e+00 2.60e-01 +0.690  0.75 | 1.05e+00 1.34e-01 +0.150  0.98 | 1.8e+00 2.9e+00 2.175e+00
#513  1054   1 | 9.65e-01 3.64e-02 +0.599  0.96 | 1.03e+00 5.79e-02 -0.039  1.01 | 1.8e+00 3.2e+00 1.963e+00
#514  1593   1 | 4.47e-01 3.36e-02 -0.041  1.01 | 1.00e+00 7.16e-02 +0.253  0.97 | 1.9e+00 3.7e+00 1.174e+00
#515  2094   1 | 1.08e+00 6.24e-02 -0.638  1.08 | 9.97e-01 7.69e-02 +0.258  0.97 | 1.8e+00 3.5e+00 2.206e+00
#516  1021   1 | 7.28e-01 6.28e-02 +0.164  0.98 | 9.46e-01 1.09e-01 +0.039  1.00 | 1.8e+00 3.6e+00 1.418e+00
#517   215   1 | 7.04e-01 6.57e-02 +0.520  0.91 | 1.09e+00 1.01e-01 +0.025  1.00 | 1.8e+00 3.7e+00 1.641e+00
#518  1328   1 | 1.08e+00 8.83e-02 +0.773  0.88 | 9.93e-01 6.89e-02 +0.026  1.00 | 1.7e+00 3.1e+00 2.014e+00
#519  3241   1 | 1.11e+00 4.37e-01 +0.663  0.63 | 1.05e+00 2.92e-01 +0.260  0.93 | 2.0e+00 4.6e+00 1.814e+00
#520  1241   1 | 9.75e-01 4.74e-01 -0.676  1.89 | 1.04e+00 3.02e-01 -0.091  1.14 | 2.0e+00 4.5e+00 3.033e+00
#521  3103   1 | 7.34e-01 4.15e-01 +0.250  1.04 | 9.46e-01 3.21e-01 +0.121  1.03 | 1.7e+00 4.6e+00 1.483e+00
#522  1955   1 | 1.14e+00 2.09e-01 +0.537  0.84 | 9.75e-01 1.56e-01 +0.099  0.99 | 1.9e+00 3.2e+00 2.032e+00
#523  3810   1 | 8.84e-01 1.45e-01 +0.718  0.79 | 9.10e-01 9.62e-02 +0.150  0.98 | 1.8e+00 3.4e+00 1.430e+00
#524  2887   1 | 5.64e-01 2.64e-01 +0.658  0.60 | 1.04e+00 1.08e-01 +0.143  0.98 | 1.9e+00 3.7e+00 1.258e+00
#525  1573   1 | 9.58e-01 1.77e-01 +0.497  0.85 | 1.07e+00 1.47e-01 +0.151  0.98 | 1.8e+00 3.9e+00 1.910e+00
#526  1184   1 | 1.29e+00 2.09e-02 +0.483  0.98 | 1.08e+00 5.46e-02 +0.046  1.00 | 1.7e+00 4.0e+00 2.806e+00
#527   137   1 | 5.96e-01 1.02e-02 +0.338  0.99 | 1.08e+00 7.84e-02 -0.121  1.02 | 1.6e+00 2.5e+00 1.553e+00
#528  4571   1 | 1.15e+00 9.87e-02 -0.060  1.02 | 9.88e-01 1.19e-01 +0.407  0.92 | 1.8e+00 4.1e+00 2.235e+00
#529  2612   1 | 6.58e-01 5.76e-02 -0.095  1.02 | 1.07e+00 1.12e-01 +0.264  0.96 | 1.7e+00 3.5e+00 1.537e+00
#530  1981   1 | 9.71e-01 5.29e-02 +0.350  0.96 | 1.02e+00 7.67e-02 +0.089  0.99 | 1.6e+00 3.2e+00 1.937e+00
#531   488   1 | 6.23e-01 3.91e-02 -0.453  1.06 | 1.03e+00 5.99e-02 +0.107  0.99 | 1.5e+00 4.0e+00 1.461e+00
#532  1272   1 | 7.38e-01 2.12e-01 +0.391  0.86 | 9.49e-01 1.73e-01 +0.150  0.98 | 1.7e+00 3.1e+00 1.349e+00
#533  2133   1 | 1.66e+00 1.95e-01 +0.208  0.96 | 9.65e-01 1.56e-01 +0.267  0.94 | 1.9e+00 4.3e+00 3.519e+00
#534  3895   1 | 1.14e+00 1.73e-01 -0.031  1.03 | 9.43e-01 1.27e-01 +0.267  0.95 | 1.8e+00 3.3e+00 2.181e+00
#535  4577   1 | 8.19e-01 4.58e-01 +0.464  0.79 | 9.54e-01 2.53e-01 +0.304  0.91 | 1.7e+00 5.0e+00 1.360e+00
#536  2709   1 | 1.30e+00 2.99e-01 -0.064  1.08 | 1.01e+00 1.29e-01 +0.370  0.92 | 1.9e+00 4.1e+00 2.777e+00
#537  3569   1 | 1.13e+00 3.00e-02 +0.364  0.98 | 1.01e+00 7.18e-02 +0.217  0.97 | 1.8e+00 3.2e+00 2.239e+00
#538  2825   1 | 5.17e-01 1.53e-01 +0.133  1.01 | 9.97e-01 1.22e-01 +0.245  0.95 | 1.9e+00 4.1e+00 1.218e+00
#539  4134   1 | 1.00e+00 1.24e-01 +0.303  0.94 | 8.61e-01 1.54e-01 +0.210  0.96 | 1.6e+00 3.6e+00 1.649e+00
#540  3675   1 | 4.58e-01 5.40e-02 +0.152  0.98 | 1.00e+00 9.23e-02 +0.233  0.97 | 1.7e+00 4.3e+00 1.174e+00
#541  3269   1 | 9.11e-01 1.34e-01 +0.032  1.01 | 9.18e-01 1.05e-01 +0.176  0.97 | 1.9e+00 3.0e+00 1.659e+00
#542  1993   1 | 4.95e-01 8.67e-02 -0.162  1.09 | 1.12e+00 8.45e-02 +0.194  0.98 | 1.6e+00 3.9e+00 1.485e+00
#543   640   1 | 1.21e+00 3.40e-01 +0.722  0.67 | 1.05e+00 2.66e-01 +0.148  0.99 | 1.4e+00 4.8e+00 2.077e+00
#544  4521   1 | 6.97e-01 1.21e-01 +0.092  1.00 | 1.00e+00 1.29e-01 +0.225  0.96 | 1.6e+00 3.7e+00 1.448e+00
#545  4953   1 | 7.48e-01 1.65e-01 +0.304  0.91 | 9.59e-01 1.29e-01 +0.285  0.94 | 1.6e+00 4.6e+00 1.376e+00
#546  2226   1 | 1.07e+00 4.45e-02 -0.175  1.02 | 9.70e-01 7.13e-02 +0.038  1.00 | 1.8e+00 2.8e+00 2.113e+00
#547   442   1 | 1.00e+00 1.73e-01 +0.773  0.76 | 1.07e+00 1.63e-01 +0.216  0.96 | 1.6e+00 4.6e+00 1.874e+00
#548  4297   1 | 1.19e+00 5.96e-01 +0.752  0.50 | 9.58e-01 2.49e-01 +0.073  1.03 | 1.7e+00 4.9e+00 1.645e+00
#549    23   1 | 1.38e+00 7.24e-02 +0.441  0.96 | 1.03e+00 6.44e-02 +0.031  1.00 | 1.8e+00 3.7e+00 2.873e+00
#550  3367   1 | 1.30e+00 1.05e-01 +0.190  0.98 | 9.64e-01 1.02e-01 +0.208  0.97 | 1.7e+00 3.1e+00 2.547e+00
#551   273   1 | 1.08e+00 3.65e-01 +0.586  0.72 | 9.68e-01 1.81e-01 +0.009  1.03 | 1.8e+00 3.3e+00 1.811e+00
#552  1873   1 | 8.23e-01 3.90e-01 +0.550  0.70 | 1.01e+00 1.58e-01 +0.180  0.97 | 1.9e+00 3.8e+00 1.470e+00
#553   652   1 | 9.65e-01 1.44e-01 +0.764  0.79 | 1.06e+00 1.04e-01 +0.234  0.96 | 1.9e+00 4.5e+00 1.830e+00
#554   785   1 | 9.69e-01 2.85e-02 -0.251  1.02 | 1.06e+00 5.93e-02 -0.006  1.00 | 1.9e+00 3.6e+00 2.078e+00
#555  1030   1 | 1.32e+00 1.40e-01 +0.360  0.93 | 1.02e+00 9.33e-02 +0.115  0.99 | 2.0e+00 3.2e+00 2.649e+00
#556  3839   1 | 1.17e+00 5.71e-02 +0.375  0.97 | 9.11e-01 6.82e-02 +0.286  0.96 | 1.8e+00 3.9e+00 2.121e+00
#557  1462   1 | 8.89e-01 2.97e-01 +0.429  0.82 | 9.15e-01 1.05e-01 -0.048  1.02 | 1.9e+00 3.6e+00 1.509e+00
#558  3410   1 | 1.10e+00 9.44e-02 -0.681  1.12 | 1.13e+00 1.16e-01 +0.238  0.96 | 2.0e+00 3.6e+00 2.586e+00
#559  3727   1 | 5.76e-01 2.09e-01 +0.428  0.82 | 1.03e+00 7.54e-02 +0.184  0.98 | 1.9e+00 3.4e+00 1.308e+00
#560   573   1 | 8.24e-01 2.95e-01 +0.316  0.90 | 9.42e-01 1.31e-01 -0.068  1.04 | 2.1e+00 3.3e+00 1.533e+00
#561  3867   1 | 1.29e+00 1.71e-01 +0.054  1.00 | 1.09e+00 9.24e-02 +0.273  0.96 | 1.9e+00 3.8e+00 2.814e+00
#562   241   1 | 1.11e+00 1.38e-01 +0.710  0.84 | 1.06e+00 8.62e-02 -0.022  1.01 | 2.0e+00 2.6e+00 2.161e+00
#563  4177   1 | 7.20e-01 1.36e-01 -0.156  1.09 | 1.09e+00 1.07e-01 +0.174  0.98 | 1.9e+00 3.2e+00 1.722e+00
#564  2727   1 | 1.22e+00 9.72e-01 +0.892  0.21 | 9.89e-01 3.98e-01 +0.181  1.02 | 1.9e+00 5.6e+00 1.316e+00
#565  4334   1 | 9.69e-01 1.04e-01 +0.233  0.96 | 1.03e+00 6.99e-02 +0.370  0.95 | 2.0e+00 3.9e+00 1.919e+00
#566  3756   1 | 1.32e+00 1.10e-01 +0.521  0.92 | 1.00e+00 5.12e-02 +0.070  1.00 | 1.7e+00 4.2e+00 2.608e+00
#567  3986   1 | 1.17e+00 6.51e-01 +0.243  1.04 | 1.17e+00 2.80e-01 +0.166  0.98 | 1.9e+00 4.7e+00 2.756e+00
#568    58   1 | 5.78e-01 4.29e-02 -0.195  1.03 | 1.05e+00 6.50e-02 +0.153  0.98 | 2.1e+00 3.1e+00 1.437e+00
#569  1229   1 | 9.23e-01 4.20e-01 +0.731  0.54 | 9.51e-01 1.50e-01 +0.046  1.01 | 2.1e+00 3.7e+00 1.374e+00
#570  4980   1 | 1.08e+00 1.10e-01 +0.154  0.98 | 1.03e+00 7.10e-02 +0.243  0.97 | 1.9e+00 3.8e+00 2.177e+00
#571  2392   1 | 1.04e+00 1.45e-01 +0.197  0.96 | 1.02e+00 7.36e-02 +0.231  0.97 | 2.1e+00 3.3e+00 2.050e+00
#572  1571   1 | 5.69e-01 8.38e-02 +0.260  0.95 | 9.77e-01 8.34e-02 +0.057  1.00 | 2.2e+00 2.9e+00 1.259e+00
#573   712   1 | 1.32e+00 4.76e-01 +0.802  0.55 | 1.12e+00 1.57e-01 +0.234  0.95 | 2.2e+00 3.6e+00 2.166e+00
#574  1992   1 | 1.08e+00 1.67e-02 +0.272  0.99 | 9.97e-01 5.14e-02 +0.148  0.99 | 2.0e+00 2.6e+00 2.129e+00
#575  2987   1 | 1.10e+00 5.17e-02 +0.102  0.99 | 9.37e-01 7.47e-02 +0.119  0.99 | 2.0e+00 3.0e+00 2.062e+00
#576  3783   1 | 1.08e+00 2.50e-01 +0.768  0.70 | 1.02e+00 8.19e-02 +0.355  0.95 | 2.0e+00 3.6e+00 1.800e+00
#577  3947   1 | 1.00e+00 6.41e-01 +0.832  0.35 | 1.08e+00 3.31e-01 +0.195  0.97 | 2.0e+00 4.6e+00 1.493e+00
#578  1137   1 | 1.31e+00 3.43e-01 +0.680  0.71 | 1.04e+00 1.12e-01 -0.010  1.01 | 2.3e+00 3.7e+00 2.307e+00
#579  3084   1 | 1.29e+00 3.65e-01 +0.171  0.98 | 9.27e-01 1.23e-01 +0.183  0.97 | 2.1e+00 3.6e+00 2.472e+00
#580  4080   1 | 1.23e+00 3.40e-02 +0.009  1.00 | 1.10e+00 1.32e-01 +0.305  0.94 | 2.2e+00 3.6e+00 2.670e+00
#581    36   1 | 1.10e+00 9.81e-02 -0.278  1.06 | 1.08e+00 7.48e-02 +0.102  0.99 | 2.4e+00 3.8e+00 2.432e+00
#582  2167   1 | 1.02e+00 1.42e-01 +0.272  0.94 | 9.92e-01 5.90e-02 +0.116  0.99 | 2.2e+00 2.9e+00 1.962e+00
#583  4540   1 | 1.01e+00 2.02e-01 -0.137  1.09 | 1.13e+00 7.18e-02 +0.228  0.98 | 2.2e+00 2.8e+00 2.381e+00
#584   465   1 | 1.11e+00 9.88e-02 +0.612  0.90 | 9.80e-01 7.56e-02 +0.208  0.97 | 2.5e+00 3.0e+00 2.052e+00
#585  4774   1 | 9.84e-01 2.71e-01 +0.456  0.82 | 9.45e-01 1.27e-01 +0.178  0.97 | 2.2e+00 3.6e+00 1.667e+00
#586  1414   1 | 1.40e+00 5.89e-01 +0.713  0.58 | 1.01e+00 2.45e-01 -0.046  1.08 | 2.4e+00 4.0e+00 2.243e+00
#587  3654   1 | 1.06e+00 5.10e-01 +0.631  0.62 | 8.36e-01 1.51e-01 +0.299  0.92 | 2.3e+00 3.6e+00 1.343e+00
#588  1824   1 | 4.70e-01 1.19e-01 +0.108  1.01 | 9.87e-01 7.69e-02 +0.241  0.97 | 2.5e+00 3.0e+00 1.167e+00
#589  1177   1 | 1.08e+00 5.95e-01 +0.691  0.54 | 1.04e+00 1.60e-01 +0.160  0.97 | 2.4e+00 3.5e+00 1.688e+00
#590  3917   1 | 9.84e-01 2.27e-01 +0.168  0.98 | 9.60e-01 8.45e-02 +0.172  0.98 | 2.3e+00 3.1e+00 1.845e+00
#591  2505   1 | 1.10e+00 2.82e-01 +0.161  0.98 | 9.82e-01 6.85e-02 +0.304  0.96 | 2.4e+00 4.3e+00 2.117e+00
#592  2373   1 | 1.11e+00 2.70e-01 +0.678  0.73 | 1.06e+00 1.01e-01 +0.173  0.98 | 2.3e+00 3.2e+00 1.993e+00
#593  1221   1 | 1.31e+00 1.25e-01 +0.120  0.99 | 1.09e+00 5.03e-02 +0.082  0.99 | 2.5e+00 3.1e+00 2.873e+00
#594  2716   1 | 7.32e-01 3.81e-01 +0.359  0.90 | 9.46e-01 1.34e-01 +0.139  0.98 | 2.4e+00 3.4e+00 1.358e+00
#595  1910   1 | 1.10e+00 1.57e-01 +0.267  0.94 | 9.82e-01 6.56e-02 +0.286  0.97 | 2.3e+00 2.9e+00 2.085e+00
#596  2448   1 | 1.11e+00 1.42e-01 +0.427  0.91 | 9.80e-01 6.58e-02 +0.172  0.98 | 2.3e+00 4.0e+00 2.055e+00
#597   710   1 | 7.01e-01 5.85e-02 +0.257  0.96 | 1.00e+00 6.73e-02 +0.118  0.99 | 2.6e+00 2.8e+00 1.467e+00
#598  4100   1 | 8.81e-01 6.67e-01 +0.833  0.31 | 9.51e-01 1.88e-01 +0.102  1.00 | 2.4e+00 4.1e+00 1.145e+00
#599  3720   1 | 1.06e+00 6.47e-01 +0.797  0.40 | 8.36e-01 1.75e-01 +0.307  0.92 | 2.3e+00 3.5e+00 1.087e+00
#600  1977   1 | 1.38e+00 2.55e-01 +0.317  0.92 | 1.03e+00 7.60e-02 +0.093  0.99 | 2.2e+00 3.2e+00 2.793e+00
#601   612   1 | 1.08e+00 3.65e-02 -0.843  1.06 | 9.97e-01 3.76e-02 +0.038  1.00 | 2.3e+00 3.8e+00 2.221e+00
#602  2843   1 | 1.07e+00 8.87e-01 +0.758  0.43 | 1.04e+00 2.76e-01 +0.122  1.01 | 2.3e+00 4.9e+00 1.578e+00
#603  3830   1 | 4.56e-01 1.61e-01 +0.007  1.12 | 1.00e+00 1.09e-01 +0.273  0.95 | 2.3e+00 3.4e+00 1.188e+00
#604  4580   1 | 1.07e+00 5.62e-01 -0.214  1.50 | 9.70e-01 2.16e-01 +0.216  0.95 | 2.2e+00 4.2e+00 2.603e+00
#605  4222   1 | 8.45e-01 2.18e-01 +0.064  1.03 | 9.42e-01 7.42e-02 +0.217  0.97 | 2.2e+00 3.7e+00 1.600e+00
#606  4320   1 | 9.03e-01 1.04e-01 -0.220  1.06 | 9.15e-01 7.59e-02 -0.007  1.01 | 2.0e+00 3.9e+00 1.712e+00
#607   112   1 | 1.11e+00 4.41e-01 +0.934  0.42 | 1.02e+00 1.98e-01 +0.125  0.99 | 1.9e+00 3.7e+00 1.535e+00
#608  1942   1 | 1.18e+00 6.64e-01 +0.643  0.59 | 9.58e-01 1.98e-01 +0.040  1.03 | 2.0e+00 3.6e+00 1.766e+00
#609  4847   1 | 9.60e-01 8.95e-01 +0.472  0.99 | 1.04e+00 2.79e-01 +0.176  0.98 | 2.0e+00 5.1e+00 1.973e+00
#610   869   1 | 9.07e-01 5.86e-02 -0.251  1.04 | 9.18e-01 7.27e-02 +0.167  0.98 | 2.0e+00 4.3e+00 1.678e+00
#611  1120   1 | 1.14e+00 3.01e-01 +0.776  0.66 | 9.75e-01 1.40e-01 -0.100  1.05 | 2.4e+00 3.2e+00 1.860e+00
#612  1220   1 | 1.10e+00 4.00e-01 +0.520  0.75 | 1.08e+00 1.51e-01 +0.085  1.00 | 2.3e+00 3.2e+00 2.071e+00
#613  1631   1 | 1.12e+00 2.33e-01 +0.482  0.84 | 1.13e+00 1.32e-01 +0.116  0.99 | 1.9e+00 3.2e+00 2.324e+00
#614  4941   1 | 9.44e-01 4.59e-02 -0.145  1.02 | 9.60e-01 4.31e-02 +0.379  0.97 | 1.5e+00 2.7e+00 1.798e+00
#615  1846   1 | 7.73e-01 2.71e-01 +0.291  0.92 | 9.59e-01 1.26e-01 +0.189  0.97 | 1.8e+00 4.0e+00 1.438e+00
#616  1528   1 | 1.13e+00 6.66e-01 +0.615  0.62 | 1.05e+00 2.71e-01 +0.240  0.94 | 2.1e+00 4.7e+00 1.841e+00
#617  4052   1 | 9.94e-01 1.03e-01 -0.093  1.03 | 1.06e+00 7.65e-02 +0.356  0.95 | 1.5e+00 3.3e+00 2.085e+00
#618  1957   1 | 5.56e-01 3.87e-01 +0.699  0.51 | 1.04e+00 1.36e-01 +0.163  0.97 | 1.6e+00 4.0e+00 1.217e+00
#619  2853   1 | 6.58e-01 2.54e-01 +0.010  1.14 | 1.07e+00 1.08e-01 -0.161  1.04 | 1.7e+00 3.4e+00 1.688e+00
#620   877   1 | 1.29e+00 2.14e-01 +0.258  0.94 | 9.64e-01 1.02e-01 +0.250  0.96 | 1.8e+00 3.9e+00 2.470e+00
#621  4093   1 | 1.02e+00 3.58e-01 +0.473  0.79 | 9.45e-01 1.92e-01 +0.179  0.97 | 1.4e+00 3.9e+00 1.693e+00
#622  3577   1 | 1.02e+00 2.96e-02 -0.314  1.02 | 9.92e-01 4.63e-02 +0.114  0.99 | 1.4e+00 3.7e+00 2.029e+00
#623  2658   1 | 1.41e+00 3.54e-01 +0.789  0.67 | 1.01e+00 2.36e-01 +0.031  1.04 | 1.8e+00 4.6e+00 2.378e+00
#624  1371   1 | 1.02e+00 6.59e-02 -0.014  1.01 | 1.13e+00 4.99e-02 +0.189  0.99 | 2.1e+00 3.3e+00 2.306e+00
#625  4348   1 | 9.98e-01 1.01e-01 +0.322  0.95 | 8.61e-01 1.44e-01 +0.219  0.95 | 1.3e+00 4.2e+00 1.648e+00
#626  3455   1 | 7.29e-01 1.25e-02 +0.509  0.98 | 1.09e+00 4.79e-02 +0.106  0.99 | 1.6e+00 4.2e+00 1.698e+00
#627  3819   1 | 1.29e+00 7.19e-02 +0.660  0.93 | 1.04e+00 4.54e-02 +0.083  0.99 | 1.5e+00 3.2e+00 2.614e+00
#628  4841   1 | 5.73e-01 1.84e-02 -0.381  1.03 | 1.08e+00 2.75e-02 +0.237  0.99 | 1.2e+00 3.1e+00 1.498e+00
#629  3922   1 | 6.44e-01 6.65e-02 -0.376  1.09 | 1.03e+00 6.11e-02 +0.455  0.95 | 1.6e+00 3.2e+00 1.456e+00
#630  4641   1 | 8.18e-01 3.43e-01 +0.457  0.79 | 9.54e-01 2.38e-01 +0.317  0.90 | 1.3e+00 4.2e+00 1.353e+00
#631  1936   1 | 1.07e+00 1.91e-01 +0.830  0.73 | 1.03e+00 1.12e-01 -0.040  1.02 | 1.7e+00 3.7e+00 1.917e+00
#632  3191   1 | 1.13e+00 2.37e-02 +0.145  0.99 | 9.88e-01 3.64e-02 +0.059  1.00 | 1.9e+00 3.8e+00 2.250e+00
#633  1390   1 | 5.13e-01 5.92e-02 +0.521  0.89 | 9.97e-01 3.26e-02 -0.002  1.00 | 2.5e+00 2.5e+00 1.230e+00
#634  4335   1 | 1.00e+00 2.63e-01 +0.918  0.59 | 1.07e+00 1.02e-01 +0.212  0.97 | 1.9e+00 3.4e+00 1.707e+00
#635  4799   1 | 1.07e+00 4.01e-01 +0.790  0.55 | 1.08e+00 2.72e-01 +0.194  0.97 | 1.4e+00 4.8e+00 1.764e+00
#636  1774   1 | 1.21e+00 9.52e-02 +0.390  0.94 | 9.11e-01 2.51e-02 +0.097  1.00 | 2.3e+00 2.9e+00 2.200e+00
#637  2013   1 | 8.24e-01 6.68e-01 +0.649  0.60 | 1.01e+00 1.82e-01 +0.239  0.95 | 2.2e+00 3.5e+00 1.382e+00
#638  3064   1 | 1.29e+00 5.22e-01 +0.209  0.99 | 9.27e-01 1.36e-01 +0.216  0.96 | 2.0e+00 3.8e+00 2.481e+00
#639   804   1 | 1.22e+00 7.62e-02 +0.342  0.96 | 1.10e+00 4.76e-02 +0.220  0.98 | 2.7e+00 2.7e+00 2.636e+00
#640   565   1 | 1.09e+00 1.40e-01 +0.033  1.01 | 9.37e-01 6.20e-02 +0.147  0.98 | 2.6e+00 3.3e+00 2.057e+00
#641  4596   1 | 1.32e+00 4.30e-01 +0.127  1.02 | 1.01e+00 1.78e-01 +0.402  0.89 | 1.5e+00 4.3e+00 2.685e+00
#642  3179   1 | 1.07e+00 1.07e-01 +0.834  0.84 | 9.93e-01 5.89e-02 +0.223  0.98 | 1.8e+00 3.6e+00 1.933e+00
#643   846   1 | 5.69e-01 2.07e-02 -0.514  1.04 | 9.77e-01 8.55e-02 +0.069  1.00 | 2.6e+00 3.0e+00 1.287e+00
#644  1773   1 | 1.65e+00 3.58e-01 +0.148  0.98 | 9.65e-01 1.29e-01 +0.256  0.95 | 2.3e+00 4.0e+00 3.575e+00
#645  1308   1 | 8.53e-01 5.74e-01 +0.680  0.54 | 9.10e-01 1.01e-01 +0.002  1.01 | 2.6e+00 3.2e+00 1.230e+00
#646  1378   1 | 1.29e+00 8.80e-02 +0.157  0.98 | 1.08e+00 2.88e-02 +0.034  1.00 | 2.4e+00 2.8e+00 2.804e+00
#647  4711   1 | 9.44e-01 3.62e-01 +0.436  0.81 | 1.07e+00 1.13e-01 +0.196  0.97 | 1.8e+00 4.0e+00 1.844e+00
#648  2252   1 | 1.34e+00 3.25e-01 +0.559  0.79 | 1.00e+00 1.25e-01 -0.116  1.04 | 1.9e+00 3.6e+00 2.469e+00
#649   780   1 | 9.65e-01 1.42e-01 +0.536  0.86 | 1.03e+00 4.90e-02 -0.007  1.00 | 2.5e+00 3.2e+00 1.872e+00
#650  2030   1 | 9.63e-01 4.83e-01 -0.543  1.80 | 1.06e+00 1.80e-01 -0.161  1.08 | 1.7e+00 3.6e+00 2.891e+00
#651  3324   1 | 5.67e-01 3.45e-01 +0.464  0.81 | 1.03e+00 7.42e-02 +0.173  0.98 | 2.0e+00 3.3e+00 1.296e+00
#652  3470   1 | 7.55e-01 7.58e-01 +0.394  1.22 | 9.49e-01 2.29e-01 +0.244  0.94 | 2.0e+00 4.4e+00 1.541e+00
#653  1444   1 | 5.79e-01 1.39e-01 +0.075  1.02 | 1.05e+00 5.11e-02 +0.155  0.99 | 2.4e+00 3.3e+00 1.436e+00
#654  3202   1 | 4.75e-01 8.72e-02 -0.114  1.08 | 9.87e-01 4.05e-02 +0.358  0.97 | 1.9e+00 3.0e+00 1.190e+00
#655  2900   1 | 1.03e+00 2.87e-01 +0.259  0.93 | 1.02e+00 1.23e-01 +0.191  0.97 | 1.7e+00 4.3e+00 2.005e+00
#656  3300   1 | 9.71e-01 3.78e-02 +0.503  0.96 | 1.02e+00 4.29e-02 +0.150  0.99 | 1.6e+00 2.9e+00 1.932e+00
#657  2684   1 | 1.22e+00 3.15e-01 +0.899  0.60 | 9.89e-01 1.18e-01 +0.127  0.98 | 1.6e+00 3.3e+00 1.867e+00
#658  1099   1 | 4.94e-01 1.03e-01 -0.287  1.16 | 1.12e+00 6.68e-02 +0.053  1.00 | 2.1e+00 3.3e+00 1.529e+00
#659  2276   1 | 1.15e+00 3.33e-02 +0.106  0.99 | 9.43e-01 6.09e-02 +0.289  0.97 | 1.6e+00 3.5e+00 2.164e+00
#660  4156   1 | 1.17e+00 3.58e-01 +0.692  0.67 | 1.05e+00 1.90e-01 +0.185  0.97 | 1.5e+00 3.8e+00 1.993e+00
#661  3267   1 | 1.08e+00 2.18e-01 +0.598  0.80 | 9.68e-01 6.47e-02 +0.113  0.99 | 1.8e+00 3.0e+00 1.850e+00
#662  3596   1 | 1.32e+00 8.90e-02 +0.126  0.99 | 1.02e+00 8.02e-02 +0.226  0.97 | 1.4e+00 3.0e+00 2.727e+00
#663  3259   1 | 1.30e+00 5.59e-01 +0.707  0.58 | 1.12e+00 1.77e-01 +0.307  0.93 | 1.8e+00 4.1e+00 2.147e+00
#664  1352   1 | 1.12e+00 7.09e-02 +0.167  0.98 | 1.01e+00 4.92e-02 +0.184  0.98 | 2.0e+00 4.3e+00 2.235e+00
#665   662   1 | 1.17e+00 2.68e-01 +0.574  0.79 | 1.17e+00 1.03e-01 +0.152  0.98 | 2.1e+00 3.7e+00 2.421e+00
#666  2873   1 | 1.07e+00 4.66e-02 +0.329  0.97 | 9.97e-01 4.61e-02 +0.117  0.99 | 1.5e+00 4.0e+00 2.105e+00
#667  1022   1 | 1.65e+00 9.58e-02 +0.166  0.98 | 9.65e-01 8.33e-02 +0.158  0.98 | 2.3e+00 3.7e+00 3.605e+00
#668  2622   1 | 1.04e+00 2.51e-01 +0.264  0.93 | 1.02e+00 1.51e-01 +0.160  0.97 | 1.6e+00 3.7e+00 2.014e+00
#669  2564   1 | 1.06e+00 2.75e-01 +0.728  0.69 | 1.03e+00 1.46e-01 -0.046  1.03 | 1.6e+00 3.9e+00 1.874e+00
#670  2794   1 | 9.81e-01 4.11e-01 +0.542  0.72 | 1.04e+00 1.17e-01 +0.205  0.97 | 1.9e+00 4.5e+00 1.745e+00
#671  2389   1 | 1.14e+00 5.78e-01 +0.661  0.59 | 9.75e-01 1.68e-01 +0.043  1.01 | 1.5e+00 4.1e+00 1.722e+00
#672  2208   1 | 1.20e+00 5.30e-01 +0.711  0.57 | 1.05e+00 1.60e-01 +0.100  0.99 | 1.4e+00 4.4e+00 1.920e+00
#673   924   1 | 7.01e-01 9.16e-02 +0.196  0.97 | 1.00e+00 5.99e-02 +0.083  0.99 | 2.5e+00 4.2e+00 1.473e+00
#674  4070   1 | 9.61e-01 1.96e-01 +0.197  0.96 | 1.06e+00 1.62e-01 +0.325  0.92 | 1.5e+00 3.1e+00 1.933e+00
#675  4088   1 | 1.09e+00 2.52e-02 +0.102  1.00 | 9.70e-01 4.15e-02 +0.121  0.99 | 1.6e+00 2.9e+00 2.105e+00
#676  2964   1 | 1.10e+00 3.23e-01 +0.784  0.63 | 9.80e-01 1.62e-01 +0.131  0.98 | 1.9e+00 4.2e+00 1.705e+00
#677   180   1 | 8.89e-01 1.46e-01 +0.403  0.89 | 9.15e-01 6.74e-02 -0.055  1.01 | 1.8e+00 3.2e+00 1.555e+00
#678  1342   1 | 1.14e+00 1.22e-01 +0.013  1.01 | 9.88e-01 4.67e-02 -0.079  1.01 | 2.1e+00 2.6e+00 2.299e+00
#679   541   1 | 9.98e-01 3.81e-01 +0.623  0.67 | 9.45e-01 1.28e-01 +0.205  0.96 | 2.4e+00 3.6e+00 1.528e+00
#680  2147   1 | 6.58e-01 1.58e-01 -0.022  1.07 | 1.07e+00 3.09e-02 +0.138  0.99 | 1.7e+00 3.6e+00 1.599e+00
#681   565   1 | 8.26e-01 2.27e-01 -0.431  1.31 | 9.54e-01 6.72e-02 -0.236  1.04 | 2.4e+00 4.2e+00 1.839e+00
#682   155   1 | 7.28e-01 5.45e-02 +0.176  0.98 | 9.46e-01 5.64e-02 +0.058  1.00 | 2.3e+00 5.5e+00 1.411e+00
#683  1614   1 | 1.08e+00 2.79e-01 -0.216  1.18 | 9.93e-01 6.85e-02 +0.033  1.00 | 1.8e+00 4.1e+00 2.360e+00
#684  3246   1 | 9.11e-01 2.56e-01 -0.038  1.10 | 9.18e-01 6.79e-02 +0.125  0.99 | 1.9e+00 4.0e+00 1.743e+00
#685  1893   1 | 7.73e-01 8.55e-02 +0.322  0.94 | 9.59e-01 5.98e-02 +0.062  1.00 | 1.7e+00 5.1e+00 1.478e+00
#686  4039   1 | 5.72e-01 5.10e-01 +0.667  0.61 | 1.04e+00 1.03e-01 +0.195  0.97 | 1.7e+00 3.7e+00 1.253e+00
#687  3448   1 | 1.41e+00 3.29e-01 +0.547  0.80 | 1.01e+00 1.52e-01 +0.047  1.01 | 1.6e+00 5.0e+00 2.619e+00
#688   878   1 | 9.98e-01 3.36e-01 -0.222  1.26 | 8.61e-01 6.88e-02 +0.136  0.98 | 2.0e+00 4.0e+00 1.987e+00
#689  2229   1 | 9.61e-01 2.43e-01 +0.494  0.81 | 1.07e+00 1.22e-01 +0.157  0.98 | 1.5e+00 4.0e+00 1.880e+00
#690  3868   1 | 1.17e+00 1.15e-01 +0.367  0.94 | 1.17e+00 1.19e-01 +0.289  0.95 | 1.5e+00 3.1e+00 2.577e+00
#691   800   1 | 4.94e-01 3.40e-02 +0.087  0.99 | 1.12e+00 6.24e-02 +0.040  1.00 | 1.8e+00 3.8e+00 1.489e+00
#692  1747   1 | 1.23e+00 6.63e-01 +0.886  0.34 | 9.89e-01 1.49e-01 +0.148  0.98 | 1.8e+00 4.8e+00 1.466e+00
#693  2206   1 | 1.09e+00 1.16e-01 +0.169  0.98 | 9.37e-01 3.49e-02 +0.134  0.99 | 1.6e+00 3.6e+00 2.031e+00
#694  3590   1 | 1.01e+00 3.51e-01 +0.744  0.60 | 1.08e+00 1.58e-01 +0.214  0.96 | 1.6e+00 4.7e+00 1.746e+00
#695  3540   1 | 5.73e-01 1.07e-01 +0.454  0.87 | 1.03e+00 6.10e-02 +0.203  0.98 | 1.6e+00 2.8e+00 1.321e+00
#696  1878   1 | 1.11e+00 1.77e-01 +0.231  0.95 | 9.82e-01 8.85e-02 +0.158  0.98 | 1.6e+00 3.3e+00 2.108e+00
#697  3109   1 | 1.10e+00 1.01e+00 +0.798  0.38 | 1.02e+00 2.52e-01 +0.178  0.97 | 1.8e+00 4.2e+00 1.462e+00
#698  2488   1 | 1.29e+00 1.89e-01 +0.218  0.96 | 9.27e-01 8.25e-02 +0.221  0.97 | 1.5e+00 4.0e+00 2.434e+00
#699  3667   1 | 8.52e-01 2.18e-02 +0.294  0.99 | 9.42e-01 4.58e-02 +0.222  0.98 | 1.6e+00 3.7e+00 1.586e+00
#700  3887   1 | 1.07e+00 1.51e-01 +0.567  0.86 | 9.68e-01 5.41e-02 +0.128  0.99 | 1.7e+00 4.2e+00 1.915e+00
#701  4139   1 | 1.33e+00 1.11e-01 +0.582  0.91 | 1.00e+00 7.36e-02 +0.219  0.97 | 1.4e+00 3.5e+00 2.582e+00
#702  1603   1 | 9.64e-01 1.47e-01 +0.410  0.90 | 1.03e+00 5.57e-02 -0.030  1.01 | 1.9e+00 4.0e+00 1.906e+00
#703  3293   1 | 8.98e-01 3.45e-01 +0.727  0.59 | 9.51e-01 1.05e-01 +0.064  1.00 | 1.8e+00 3.5e+00 1.377e+00
#704  2027   1 | 9.62e-01 6.56e-02 +0.330  0.96 | 9.60e-01 8.11e-02 +0.189  0.98 | 1.5e+00 3.2e+00 1.787e+00
#705   358   1 | 1.18e+00 2.83e-01 +0.408  0.86 | 9.58e-01 8.30e-02 +0.085  0.99 | 2.1e+00 4.0e+00 2.110e+00
#706  4470   1 | 1.31e+00 6.28e-02 -0.022  1.00 | 1.04e+00 5.26e-02 +0.063  1.00 | 1.7e+00 3.4e+00 2.796e+00
#707  1981   1 | 4.71e-01 6.52e-02 -0.137  1.06 | 9.87e-01 5.43e-02 +0.239  0.98 | 1.6e+00 3.1e+00 1.186e+00
#708  1228   1 | 1.29e+00 3.53e-01 +0.492  0.81 | 9.64e-01 1.24e-01 +0.218  0.96 | 2.1e+00 3.5e+00 2.244e+00
#709  2821   1 | 1.22e+00 7.97e-02 -0.261  1.04 | 1.10e+00 6.97e-02 +0.307  0.97 | 1.9e+00 3.1e+00 2.734e+00
#710  1736   1 | 7.39e-01 1.00e-01 +0.337  0.93 | 9.49e-01 4.28e-02 +0.149  0.99 | 2.1e+00 4.4e+00 1.397e+00
#711  1977   1 | 8.55e-01 9.62e-02 -0.719  1.17 | 9.10e-01 2.79e-02 -0.120  1.01 | 1.7e+00 3.1e+00 1.694e+00
#712  4453   1 | 1.31e+00 3.99e-01 -0.038  1.12 | 1.09e+00 1.09e-01 +0.272  0.96 | 1.9e+00 2.7e+00 3.055e+00
#713  4325   1 | 5.68e-01 7.98e-02 +0.326  0.93 | 9.77e-01 5.52e-02 +0.340  0.96 | 2.0e+00 3.7e+00 1.221e+00
#714  3559   1 | 1.18e+00 2.54e-02 -0.202  1.01 | 9.11e-01 4.40e-02 +0.245  0.98 | 1.8e+00 3.2e+00 2.212e+00
#715  1391   1 | 1.04e+00 6.51e-02 -0.886  1.11 | 8.36e-01 4.56e-02 -0.168  1.02 | 2.0e+00 3.9e+00 1.923e+00
#716  4955   1 | 1.11e+00 5.72e-02 -0.019  1.00 | 1.04e+00 4.92e-02 +0.166  0.99 | 1.7e+00 3.4e+00 2.308e+00
#717   652   1 | 1.02e+00 1.25e-01 -0.151  1.05 | 1.13e+00 5.86e-02 -0.086  1.01 | 2.2e+00 3.6e+00 2.387e+00
#718  4192   1 | 1.11e+00 1.21e-01 +0.576  0.89 | 1.05e+00 5.97e-02 +0.354  0.96 | 1.6e+00 3.4e+00 2.147e+00
#719  1138   1 | 9.69e-01 3.92e-02 -0.538  1.05 | 1.06e+00 4.39e-02 +0.016  1.00 | 2.3e+00 4.3e+00 2.102e+00
#720  2465   1 | 9.71e-01 7.44e-02 +0.390  0.95 | 1.02e+00 5.47e-02 +0.131  0.99 | 1.6e+00 3.2e+00 1.916e+00
#721  2124   1 | 5.80e-01 8.60e-02 -0.046  1.04 | 1.05e+00 5.32e-02 +0.200  0.98 | 1.6e+00 2.9e+00 1.437e+00
#722  1895   1 | 1.29e+00 3.08e-02 +0.759  0.96 | 1.08e+00 6.67e-02 +0.117  0.99 | 1.5e+00 3.7e+00 2.757e+00
#723  1181   1 | 6.24e-01 8.88e-02 +0.151  0.98 | 1.03e+00 5.37e-02 +0.062  1.00 | 2.2e+00 3.2e+00 1.435e+00
#724   768   1 | 7.04e-01 1.42e-01 -0.704  1.33 | 1.09e+00 7.32e-02 +0.126  0.99 | 2.1e+00 3.6e+00 1.826e+00
#725  1133   1 | 1.15e+00 1.14e-01 +0.028  1.00 | 9.43e-01 4.61e-02 +0.188  0.98 | 2.3e+00 3.4e+00 2.194e+00
#726  4441   1 | 1.13e+00 1.82e-01 +0.228  0.95 | 1.01e+00 5.73e-02 +0.215  0.98 | 1.6e+00 2.8e+00 2.205e+00
#727  4102   1 | 1.09e+00 3.81e-02 +0.265  0.98 | 1.13e+00 6.02e-02 +0.278  0.97 | 1.7e+00 3.6e+00 2.415e+00
#728   789   1 | 1.38e+00 4.15e-02 -0.464  1.03 | 1.03e+00 5.69e-02 -0.053  1.01 | 1.9e+00 3.9e+00 3.020e+00
#729  1294   1 | 1.32e+00 4.80e-01 +0.350  0.88 | 1.02e+00 1.37e-01 +0.121  0.99 | 2.1e+00 4.0e+00 2.548e+00
#730  4075   1 | 4.50e-01 2.46e-01 +0.114  1.17 | 1.00e+00 1.21e-01 +0.304  0.94 | 1.7e+00 3.7e+00 1.182e+00
#731   980   1 | 8.21e-01 2.46e-01 +0.684  0.68 | 1.01e+00 4.01e-02 +0.149  0.99 | 2.3e+00 2.3e+00 1.475e+00
#732  2345   1 | 1.10e+00 1.85e-01 +0.429  0.88 | 1.08e+00 8.19e-02 +0.148  0.98 | 1.7e+00 3.8e+00 2.213e+00
#733  2819   1 | 9.95e-01 9.20e-02 -0.482  1.10 | 1.07e+00 5.37e-02 +0.138  0.99 | 1.7e+00 4.1e+00 2.229e+00
#734  3400   1 | 1.02e+00 1.05e-01 +0.061  1.00 | 9.92e-01 3.98e-02 +0.080  1.00 | 1.7e+00 2.9e+00 2.013e+00
#735  4405   1 | 1.11e+00 2.33e-01 -0.025  1.05 | 1.06e+00 1.02e-01 +0.270  0.96 | 1.5e+00 3.6e+00 2.384e+00
#736   804   1 | 1.32e+00 1.17e+00 +0.783  0.40 | 1.12e+00 2.23e-01 +0.175  0.97 | 2.1e+00 4.3e+00 1.913e+00
#737  4241   1 | 6.11e-01 2.80e-02 -0.573  1.05 | 1.08e+00 5.04e-02 +0.162  0.99 | 1.5e+00 3.5e+00 1.553e+00
#738  1910   1 | 1.31e+00 6.90e-02 -0.189  1.02 | 1.01e+00 5.66e-02 +0.268  0.97 | 1.5e+00 2.9e+00 2.748e+00
#739  3247   1 | 5.20e-01 1.63e-01 -0.008  1.10 | 9.97e-01 6.36e-02 +0.142  0.99 | 1.9e+00 3.8e+00 1.279e+00
#740  1191   1 | 1.08e+00 1.61e-01 -0.412  1.15 | 9.97e-01 8.55e-02 +0.177  0.98 | 1.9e+00 2.7e+00 2.299e+00
#741  3436   1 | 8.41e-01 1.15e-01 -0.351  1.12 | 9.54e-01 4.92e-02 +0.028  1.00 | 1.6e+00 3.4e+00 1.698e+00
#742  3755   1 | 7.58e-01 3.93e-01 +0.411  0.84 | 9.49e-01 1.90e-01 +0.271  0.93 | 1.5e+00 4.0e+00 1.324e+00
#743  3267   1 | 6.20e-01 1.74e-01 -0.478  1.35 | 1.08e+00 6.84e-02 +0.119  0.99 | 2.0e+00 3.7e+00 1.679e+00
#744  1507   1 | 1.29e+00 1.88e-01 +0.537  0.86 | 9.64e-01 1.20e-01 +0.167  0.97 | 1.5e+00 2.8e+00 2.355e+00
#745  4011   1 | 9.84e-01 9.03e-02 -0.362  1.07 | 9.60e-01 7.20e-02 +0.107  0.99 | 1.5e+00 3.6e+00 1.953e+00
#746    16   1 | 1.23e+00 5.44e-01 +0.881  0.42 | 9.89e-01 1.58e-01 +0.134  0.98 | 1.8e+00 4.0e+00 1.596e+00
#747   479   1 | 1.32e+00 2.23e-01 +0.348  0.91 | 1.02e+00 1.32e-01 +0.091  0.99 | 1.5e+00 4.0e+00 2.614e+00
#748  3470   1 | 1.05e+00 4.31e-02 +0.708  0.94 | 1.03e+00 4.67e-02 +0.071  1.00 | 1.3e+00 3.3e+00 2.095e+00
#749   812   1 | 1.12e+00 3.00e-01 +0.726  0.68 | 1.13e+00 1.01e-01 +0.187  0.97 | 2.0e+00 3.4e+00 2.112e+00
#750  4584   1 | 5.35e-01 3.64e-02 +0.596  0.92 | 1.03e+00 5.54e-02 +0.283  0.97 | 1.1e+00 3.5e+00 1.293e+00
#751  1086   1 | 1.04e+00 3.16e-01 +0.272  0.93 | 1.02e+00 1.26e-01 +0.129  0.98 | 2.0e+00 3.9e+00 2.030e+00
#752  4691   1 | 9.88e-01 4.41e-02 +0.418  0.96 | 9.45e-01 7.28e-02 +0.184  0.98 | 1.1e+00 2.8e+00 1.815e+00
#753  2476   1 | 1.66e+00 1.38e-01 +0.202  0.97 | 9.65e-01 1.15e-01 +0.287  0.95 | 1.3e+00 3.3e+00 3.552e+00
#754  4561   1 | 1.12e+00 8.28e-02 +0.851  0.88 | 9.80e-01 7.22e-02 +0.277  0.96 | 1.2e+00 3.6e+00 2.029e+00
#755  2841   1 | 1.31e+00 5.09e-01 +0.807  0.52 | 1.12e+00 1.56e-01 +0.272  0.94 | 1.4e+00 4.0e+00 2.087e+00
#756  3595   1 | 1.01e+00 1.57e-01 -0.782  1.27 | 1.08e+00 3.72e-02 +0.065  1.00 | 1.6e+00 2.6e+00 2.468e+00
#757  2429   1 | 1.18e+00 1.56e-01 +0.694  0.83 | 9.58e-01 5.99e-02 +0.087  0.99 | 1.5e+00 3.0e+00 2.069e+00
#758    16   1 | 5.78e-01 1.40e-01 -0.038  1.08 | 1.05e+00 5.92e-02 +0.136  0.99 | 2.1e+00 3.6e+00 1.454e+00
#759   143   1 | 9.65e-01 1.10e-01 +0.831  0.82 | 1.06e+00 4.70e-02 +0.107  0.99 | 2.2e+00 2.7e+00 1.890e+00
#760  4328   1 | 1.19e+00 1.12e-01 -0.264  1.06 | 9.11e-01 8.31e-02 +0.293  0.95 | 1.6e+00 3.3e+00 2.283e+00
#761  2814   1 | 5.17e-01 1.17e-02 +0.260  0.99 | 9.97e-01 7.57e-02 +0.151  0.98 | 1.9e+00 3.0e+00 1.241e+00
#762  2759   1 | 1.30e+00 3.37e-01 +0.119  1.01 | 1.01e+00 1.25e-01 +0.383  0.92 | 1.9e+00 3.2e+00 2.644e+00
#763  3189   1 | 4.98e-01 1.22e-01 +0.128  1.00 | 1.12e+00 6.56e-02 +0.183  0.98 | 1.9e+00 3.0e+00 1.473e+00
#764  3456   1 | 1.05e+00 1.88e-01 +0.750  0.76 | 1.04e+00 9.68e-02 +0.115  0.99 | 2.1e+00 3.3e+00 1.911e+00
#765   487   1 | 1.22e+00 1.82e-01 +0.188  0.97 | 1.10e+00 6.29e-02 +0.276  0.97 | 2.0e+00 4.0e+00 2.631e+00
#766  2028   1 | 1.29e+00 7.62e-02 +0.168  0.98 | 9.27e-01 5.79e-02 +0.159  0.98 | 1.7e+00 4.1e+00 2.493e+00
#767  1949   1 | 1.38e+00 5.14e-02 +0.334  0.98 | 1.03e+00 6.41e-02 +0.055  1.00 | 1.9e+00 3.5e+00 2.912e+00
#768  4956   1 | 9.95e-01 2.13e-01 +0.248  0.94 | 8.61e-01 1.09e-01 +0.221  0.96 | 1.7e+00 3.8e+00 1.642e+00
#769  1123   1 | 6.24e-01 1.08e-01 +0.466  0.87 | 1.03e+00 5.44e-02 +0.046  1.00 | 2.4e+00 3.6e+00 1.394e+00
#770  1273   1 | 9.75e-01 5.30e-01 +0.588  0.66 | 1.04e+00 1.26e-01 +0.162  0.98 | 2.3e+00 3.8e+00 1.684e+00
#771   357   1 | 1.04e+00 3.19e-01 +0.647  0.70 | 8.36e-01 7.67e-02 +0.090  0.99 | 2.4e+00 4.6e+00 1.450e+00
#772   440   1 | 9.65e-01 1.87e-01 +0.624  0.80 | 1.03e+00 6.60e-02 -0.114  1.02 | 2.4e+00 3.3e+00 1.826e+00
#773  1339   1 | 1.02e+00 1.69e-01 +0.161  0.97 | 9.92e-01 5.41e-02 +0.092  0.99 | 2.3e+00 3.3e+00 1.999e+00
#774   863   1 | 1.11e+00 1.06e-01 -0.560  1.12 | 1.06e+00 5.28e-02 -0.004  1.00 | 2.3e+00 3.2e+00 2.493e+00
#775  4063   1 | 7.08e-01 1.54e-01 +0.180  0.97 | 1.00e+00 1.12e-01 +0.250  0.96 | 1.9e+00 3.6e+00 1.446e+00
#776  4798   1 | 9.41e-01 1.47e-01 +0.520  0.86 | 1.07e+00 5.51e-02 +0.347  0.97 | 2.0e+00 3.0e+00 1.881e+00
#777  2383   1 | 1.30e+00 1.89e-01 -0.011  1.02 | 1.09e+00 6.91e-02 +0.038  1.00 | 2.2e+00 3.6e+00 2.934e+00
#778  4076   1 | 9.08e-01 9.86e-02 -0.096  1.03 | 9.18e-01 5.60e-02 +0.273  0.97 | 2.0e+00 4.0e+00 1.669e+00
#779  2065   1 | 6.58e-01 3.63e-01 -0.029  1.34 | 1.07e+00 1.05e-01 +0.281  0.95 | 2.0e+00 2.8e+00 1.671e+00
#780  1957   1 | 1.12e+00 2.18e-01 +0.188  0.96 | 1.01e+00 6.24e-02 +0.210  0.98 | 1.9e+00 4.1e+00 2.206e+00
#781  2675   1 | 4.50e-01 1.04e-01 +0.024  1.04 | 1.00e+00 5.06e-02 +0.045  1.00 | 2.1e+00 3.0e+00 1.212e+00
#782  2663   1 | 5.73e-01 2.55e-01 +0.425  0.82 | 9.77e-01 8.32e-02 +0.128  0.99 | 2.3e+00 3.2e+00 1.210e+00
#783  1478   1 | 8.22e-01 3.42e-01 +0.707  0.58 | 1.01e+00 1.24e-01 +0.065  1.00 | 2.1e+00 3.3e+00 1.421e+00
#784   801   1 | 8.89e-01 2.90e-01 +0.481  0.79 | 9.15e-01 1.08e-01 -0.056  1.03 | 2.0e+00 3.7e+00 1.485e+00
#785  3734   1 | 1.26e+00 5.45e-02 -0.117  1.01 | 1.08e+00 5.56e-02 +0.299  0.97 | 1.9e+00 3.8e+00 2.749e+00
#786  1220   1 | 1.31e+00 7.81e-01 +0.554  0.70 | 1.04e+00 1.86e-01 -0.046  1.05 | 2.4e+00 3.5e+00 2.315e+00
#787  3394   1 | 1.10e+00 1.92e-01 +0.408  0.89 | 1.08e+00 6.04e-02 +0.154  0.99 | 2.1e+00 4.1e+00 2.224e+00
#788  1912   1 | 7.07e-01 2.60e-02 +0.005  1.00 | 1.09e+00 6.46e-02 +0.160  0.98 | 1.8e+00 3.5e+00 1.666e+00
#789  3292   1 | 9.89e-01 3.81e-01 +0.848  0.50 | 1.07e+00 1.10e-01 +0.196  0.97 | 2.1e+00 3.1e+00 1.606e+00
#790   901   1 | 1.35e+00 3.62e-01 +0.622  0.74 | 1.00e+00 1.15e-01 -0.105  1.04 | 2.1e+00 3.7e+00 2.379e+00
#791  3099   1 | 5.68e-01 2.75e-01 +0.626  0.63 | 1.04e+00 9.08e-02 +0.146  0.98 | 1.8e+00 2.6e+00 1.270e+00
#792  2386   1 | 1.08e+00 1.65e-01 +0.500  0.87 | 9.93e-01 7.52e-02 +0.153  0.98 | 1.8e+00 3.6e+00 1.979e+00
#793  4165   1 | 1.17e+00 9.19e-01 +0.721  0.48 | 1.05e+00 2.63e-01 +0.154  0.99 | 1.9e+00 4.6e+00 1.760e+00
#794  3215   1 | 8.40e-01 1.75e-01 +0.331  0.91 | 9.42e-01 7.54e-02 +0.131  0.99 | 2.2e+00 2.8e+00 1.514e+00
#795  1310   1 | 9.70e-01 1.30e-01 +0.155  0.98 | 1.06e+00 5.27e-02 +0.153  0.99 | 2.4e+00 3.0e+00 2.023e+00
#796  3663   1 | 7.38e-01 3.38e-02 -0.326  1.03 | 9.46e-01 5.70e-02 +0.126  0.99 | 2.1e+00 3.2e+00 1.447e+00
#797  2264   1 | 1.09e+00 2.17e-01 +0.157  0.98 | 9.37e-01 4.71e-02 +0.058  1.00 | 2.3e+00 2.6e+00 2.038e+00
#798   926   1 | 8.53e-01 7.31e-01 +0.629  0.66 | 9.10e-01 1.04e-01 +0.035  1.00 | 2.7e+00 4.6e+00 1.310e+00
#799   680   1 | 1.07e+00 1.91e-01 +0.080  1.00 | 9.70e-01 7.71e-02 -0.095  1.02 | 2.5e+00 4.1e+00 2.112e+00
#800   252   1 | 1.11e+00 1.04e+00 +0.923  0.15 | 1.02e+00 2.11e-01 +0.123  0.99 | 2.7e+00 3.7e+00 1.210e+00
#801   205   1 | 9.72e-01 1.70e-01 +0.210  0.96 | 1.02e+00 5.80e-02 +0.060  1.00 | 2.5e+00 3.1e+00 1.937e+00
#802  4592   1 | 1.15e+00 8.37e-01 +0.535  0.75 | 9.75e-01 2.30e-01 +0.248  0.94 | 1.9e+00 3.6e+00 1.885e+00
#803  4324   1 | 1.03e+00 4.98e-02 +0.099  0.99 | 1.13e+00 6.54e-02 +0.286  0.97 | 2.2e+00 3.2e+00 2.298e+00
#804  4755   1 | 1.17e+00 2.87e-01 +0.248  0.94 | 1.17e+00 1.16e-01 +0.283  0.95 | 2.0e+00 4.0e+00 2.592e+00
#805  1632   1 | 1.15e+00 1.00e-01 +0.083  0.99 | 9.43e-01 4.79e-02 +0.206  0.98 | 2.4e+00 3.2e+00 2.177e+00
#806  4400   1 | 1.09e+00 2.02e-01 +0.581  0.82 | 9.68e-01 7.69e-02 +0.131  0.99 | 1.8e+00 4.0e+00 1.892e+00
#807  1340   1 | 7.71e-01 1.48e-01 +0.001  1.04 | 9.59e-01 7.83e-02 +0.007  1.01 | 2.5e+00 3.6e+00 1.541e+00
#808  4642   1 | 1.12e+00 6.32e-01 +0.236  1.05 | 9.82e-01 2.25e-01 +0.270  0.93 | 2.0e+00 4.1e+00 2.212e+00
#809  1283   1 | 4.70e-01 1.59e-01 -0.137  1.21 | 9.87e-01 7.56e-02 +0.202  0.97 | 2.6e+00 3.0e+00 1.217e+00
#810  2690   1 | 1.14e+00 1.35e-01 +0.048  1.00 | 9.88e-01 5.55e-02 -0.017  1.01 | 2.2e+00 3.8e+00 2.277e+00
#811   284   1 | 1.13e+00 8.52e-02 +0.479  0.93 | 1.05e+00 9.05e-02 +0.239  0.97 | 2.5e+00 3.5e+00 2.270e+00
#812  3893   1 | 1.41e+00 1.04e+00 +0.437  0.90 | 1.01e+00 3.18e-01 +0.046  1.07 | 1.9e+00 4.8e+00 2.894e+00
#813  3065   1 | 9.04e-01 4.60e-01 +0.841  0.40 | 9.51e-01 1.26e-01 +0.002  1.02 | 1.9e+00 4.3e+00 1.250e+00
#814  2243   1 | 4.71e-01 2.08e-01 -0.092  1.28 | 9.87e-01 7.65e-02 +0.252  0.97 | 2.0e+00 3.7e+00 1.225e+00
#815  3400   1 | 1.29e+00 4.52e-01 +0.166  1.01 | 9.27e-01 1.10e-01 +0.223  0.96 | 2.3e+00 4.3e+00 2.499e+00
#816  3757   1 | 1.18e+00 4.81e-01 +0.742  0.56 | 9.58e-01 1.53e-01 +0.092  1.00 | 1.9e+00 3.8e+00 1.695e+00
#817  2622   1 | 9.75e-01 7.65e-02 +0.470  0.93 | 1.06e+00 6.61e-02 +0.241  0.97 | 1.8e+00 3.1e+00 1.975e+00
#818  2370   1 | 1.22e+00 6.53e-02 -0.142  1.02 | 1.10e+00 8.38e-02 +0.293  0.96 | 1.9e+00 3.6e+00 2.696e+00
#819  4074   1 | 5.69e-01 3.38e-01 +0.636  0.60 | 1.04e+00 1.08e-01 +0.129  0.98 | 1.6e+00 2.9e+00 1.262e+00
#820  3539   1 | 1.33e+00 2.05e-01 +0.607  0.84 | 1.00e+00 6.74e-02 +0.015  1.00 | 1.6e+00 4.5e+00 2.478e+00
#821  4709   1 | 9.44e-01 2.84e-01 +0.480  0.80 | 1.07e+00 1.28e-01 +0.238  0.96 | 1.4e+00 3.2e+00 1.820e+00
#822  2589   1 | 1.11e+00 4.18e-01 +0.656  0.65 | 9.80e-01 1.33e-01 +0.132  0.98 | 2.0e+00 4.1e+00 1.735e+00
#823  4650   1 | 6.58e-01 1.07e-01 -0.122  1.07 | 1.07e+00 7.46e-02 +0.368  0.95 | 1.4e+00 2.8e+00 1.552e+00
#824  4417   1 | 9.06e-01 2.69e-01 +0.861  0.58 | 9.51e-01 1.21e-01 +0.139  0.98 | 1.5e+00 3.0e+00 1.360e+00
#825  2090   1 | 9.71e-01 1.11e-01 +0.208  0.97 | 1.02e+00 6.30e-02 +0.117  0.99 | 1.6e+00 3.6e+00 1.935e+00
#826   848   1 | 4.94e-01 1.37e-01 +0.129  1.01 | 1.12e+00 8.01e-02 +0.019  1.00 | 2.3e+00 3.0e+00 1.497e+00
#827  4377   1 | 1.30e+00 3.48e-01 +0.089  1.02 | 1.01e+00 1.81e-01 +0.420  0.88 | 1.5e+00 4.0e+00 2.629e+00
#828  2221   1 | 1.10e+00 2.11e-01 +0.298  0.92 | 9.82e-01 1.23e-01 +0.182  0.97 | 1.8e+00 3.3e+00 2.057e+00
#829  4552   1 | 1.21e+00 7.75e-03 -0.050  1.00 | 9.11e-01 7.96e-02 +0.303  0.95 | 1.4e+00 2.6e+00 2.251e+00
#830  2802   1 | 1.22e+00 1.05e+00 +0.878  0.23 | 9.89e-01 1.91e-01 +0.123  0.99 | 2.1e+00 4.7e+00 1.310e+00
#831  4090   1 | 1.00e+00 3.00e-01 +0.250  0.94 | 8.61e-01 1.33e-01 +0.174  0.97 | 1.7e+00 4.6e+00 1.660e+00
#832   183   1 | 1.21e+00 1.41e+00 +0.746  0.62 | 1.05e+00 2.48e-01 +0.154  0.98 | 2.4e+00 5.2e+00 1.995e+00
#833   741   1 | 8.53e-01 3.13e-01 +0.633  0.67 | 9.10e-01 7.83e-02 -0.023  1.01 | 2.2e+00 3.0e+00 1.325e+00
#834  3894   1 | 9.99e-01 5.09e-01 +0.264  0.99 | 1.04e+00 1.34e-01 +0.217  0.96 | 1.8e+00 3.8e+00 2.033e+00
#835  1639   1 | 8.25e-01 1.27e-01 +0.253  0.95 | 9.42e-01 4.89e-02 +0.160  0.99 | 2.1e+00 3.7e+00 1.518e+00
#836  4264   1 | 1.08e+00 6.46e-02 -0.683  1.09 | 9.97e-01 8.70e-02 +0.203  0.97 | 1.6e+00 3.5e+00 2.229e+00
#837  3063   1 | 1.01e+00 4.31e-01 +0.369  0.87 | 9.45e-01 1.30e-01 +0.207  0.96 | 2.1e+00 3.2e+00 1.742e+00
#838  1983   1 | 1.07e+00 7.97e-02 +0.672  0.91 | 1.03e+00 6.37e-02 +0.016  1.00 | 1.5e+00 3.3e+00 2.090e+00
#839  4348   1 | 7.84e-01 2.52e-01 +0.315  0.90 | 9.59e-01 1.44e-01 +0.284  0.94 | 1.5e+00 3.4e+00 1.415e+00
#840  1714   1 | 1.08e+00 1.96e-01 +0.299  0.92 | 9.93e-01 8.35e-02 +0.044  1.00 | 1.8e+00 3.2e+00 2.063e+00
#841  2654   1 | 4.50e-01 1.70e-01 +0.136  1.04 | 1.00e+00 4.71e-02 +0.019  1.00 | 2.3e+00 3.4e+00 1.214e+00
#842  4338   1 | 9.07e-01 4.18e-02 -0.065  1.01 | 9.18e-01 7.65e-02 +0.206  0.97 | 1.6e+00 4.0e+00 1.647e+00
#843  1281   1 | 1.32e+00 4.99e-01 +0.392  0.85 | 1.02e+00 1.87e-01 +0.105  1.00 | 2.3e+00 3.3e+00 2.504e+00
#844   106   1 | 1.04e+00 3.11e-01 +0.714  0.66 | 8.36e-01 9.20e-02 +0.096  0.99 | 2.0e+00 4.3e+00 1.412e+00
#845  4757   1 | 1.00e+00 4.72e-02 +0.072  1.00 | 1.13e+00 5.41e-02 +0.296  0.97 | 1.4e+00 2.8e+00 2.257e+00
#846  3134   1 | 7.21e-01 1.94e-01 +0.183  0.97 | 1.09e+00 1.32e-01 +0.108  0.99 | 1.8e+00 3.4e+00 1.676e+00
#847  2364   1 | 1.10e+00 1.83e-01 +0.616  0.82 | 1.08e+00 9.50e-02 +0.101  0.99 | 1.8e+00 3.5e+00 2.147e+00
#848  4065   1 | 1.12e+00 2.54e-01 +0.544  0.81 | 1.06e+00 1.79e-01 +0.320  0.92 | 1.4e+00 3.7e+00 2.053e+00
#849  2349   1 | 6.28e-01 5.25e-02 +0.168  0.98 | 1.03e+00 7.82e-02 +0.076  0.99 | 1.6e+00 3.1e+00 1.438e+00
#850    28   1 | 1.38e+00 1.49e-01 +0.349  0.94 | 1.03e+00 5.02e-02 -0.075  1.01 | 1.8e+00 3.8e+00 2.845e+00
#851  4838   1 | 1.16e+00 3.32e-01 +0.640  0.71 | 1.05e+00 2.04e-01 +0.302  0.92 | 1.4e+00 3.8e+00 1.971e+00
#852  3906   1 | 1.13e+00 1.79e-01 +0.327  0.92 | 1.01e+00 7.40e-02 +0.174  0.98 | 1.9e+00 3.1e+00 2.179e+00
#853  1571   1 | 5.98e-01 1.21e-01 +0.616  0.79 | 1.08e+00 7.47e-02 +0.054  1.00 | 2.1e+00 3.4e+00 1.455e+00
#854  1378   1 | 1.15e+00 7.74e-02 +0.096  0.99 | 9.43e-01 4.79e-02 +0.202  0.98 | 2.2e+00 3.3e+00 2.175e+00
#855  3642   1 | 1.01e+00 2.86e-01 +0.697  0.68 | 1.08e+00 1.35e-01 +0.066  1.00 | 1.8e+00 3.2e+00 1.873e+00
#856  2544   1 | 5.53e-01 3.05e-01 +0.475  0.78 | 1.03e+00 9.81e-02 +0.203  0.97 | 1.9e+00 3.3e+00 1.266e+00
#857  4048   1 | 1.09e+00 5.04e-01 +0.752  0.52 | 1.02e+00 1.17e-01 +0.281  0.95 | 1.9e+00 3.5e+00 1.592e+00
#858  4102   1 | 1.27e+00 8.56e-02 -0.395  1.06 | 1.08e+00 6.89e-02 +0.271  0.97 | 1.8e+00 2.7e+00 2.829e+00
#859  3908   1 | 9.83e-01 1.72e-01 -0.289  1.13 | 9.60e-01 7.48e-02 +0.057  1.00 | 2.1e+00 3.6e+00 2.014e+00
#860  1643   1 | 1.65e+00 6.58e-01 +0.206  0.99 | 9.65e-01 2.05e-01 +0.225  0.95 | 2.2e+00 3.7e+00 3.607e+00
#861  1545   1 | 8.26e-01 1.02e-01 -0.118  1.04 | 9.54e-01 4.63e-02 +0.203  0.98 | 2.3e+00 3.7e+00 1.607e+00
#862  4495   1 | 8.91e-01 1.74e-02 +0.233  0.99 | 9.15e-01 8.26e-02 +0.105  0.99 | 1.7e+00 2.6e+00 1.616e+00
#863  3880   1 | 1.17e+00 4.01e-01 +0.420  0.83 | 1.17e+00 1.27e-01 +0.179  0.97 | 2.2e+00 3.9e+00 2.460e+00
#864  4614   1 | 1.29e+00 9.44e-02 -0.054  1.01 | 9.64e-01 9.59e-02 +0.350  0.94 | 1.7e+00 3.8e+00 2.572e+00
#865  4351   1 | 1.14e+00 1.05e-01 +0.012  1.01 | 9.88e-01 5.30e-02 +0.340  0.97 | 1.9e+00 4.0e+00 2.258e+00
#866  1318   1 | 9.64e-01 7.50e-01 +0.542  0.76 | 1.06e+00 2.00e-01 +0.202  0.96 | 2.4e+00 3.6e+00 1.793e+00
#867   521   1 | 1.12e+00 4.96e-01 +0.743  0.54 | 1.13e+00 1.44e-01 +0.180  0.97 | 2.3e+00 3.4e+00 1.925e+00
#868  2922   1 | 1.30e+00 1.81e-01 +0.090  0.99 | 1.09e+00 1.01e-01 +0.135  0.98 | 2.4e+00 3.6e+00 2.855e+00
#869   851   1 | 1.02e+00 1.87e-01 +0.020  1.03 | 9.92e-01 6.63e-02 +0.078  0.99 | 2.2e+00 3.8e+00 2.055e+00
#870  2185   1 | 1.32e+00 7.74e-01 +0.814  0.39 | 1.12e+00 1.92e-01 +0.197  0.96 | 2.2e+00 3.4e+00 1.884e+00
#871  2252   1 | 1.40e+00 1.35e-01 +0.606  0.89 | 1.01e+00 4.27e-02 -0.042  1.01 | 2.3e+00 3.7e+00 2.788e+00
#872  1024   1 | 1.14e+00 7.75e-01 +0.559  0.70 | 9.75e-01 1.17e-01 +0.045  1.00 | 2.5e+00 3.2e+00 1.872e+00
#873  1267   1 | 1.08e+00 7.73e-01 +0.691  0.52 | 1.04e+00 2.13e-01 +0.140  0.98 | 2.4e+00 4.3e+00 1.676e+00
#874  3203   1 | 5.77e-01 2.66e-01 +0.465  0.78 | 9.77e-01 9.18e-02 +0.253  0.96 | 2.5e+00 2.4e+00 1.180e+00
#875   712   1 | 1.09e+00 1.23e-01 -0.056  1.03 | 9.37e-01 5.23e-02 +0.031  1.00 | 2.4e+00 3.6e+00 2.091e+00
#876   973   1 | 1.00e+00 6.12e-01 +0.873  0.31 | 1.07e+00 1.59e-01 +0.192  0.97 | 2.5e+00 3.3e+00 1.423e+00
#877   120   1 | 8.22e-01 6.38e-01 +0.680  0.55 | 1.01e+00 1.51e-01 +0.206  0.96 | 2.5e+00 3.1e+00 1.355e+00
#878  1007   1 | 5.12e-01 3.77e-02 +0.245  0.97 | 9.97e-01 7.96e-02 -0.047  1.01 | 2.5e+00 4.5e+00 1.262e+00
#879  2867   1 | 7.32e-01 9.62e-02 -0.100  1.04 | 9.46e-01 8.01e-02 +0.113  0.99 | 2.5e+00 4.3e+00 1.444e+00
#880  4767   1 | 1.06e+00 8.56e-02 +0.376  0.95 | 9.70e-01 3.42e-02 +0.374  0.97 | 2.2e+00 4.4e+00 1.981e+00
#881   913   1 | 5.78e-01 1.23e-01 +0.219  0.95 | 1.05e+00 5.84e-02 +0.129  0.99 | 2.5e+00 3.5e+00 1.413e+00
#882  1563   1 | 1.04e+00 1.80e-01 +0.260  0.94 | 1.02e+00 8.11e-02 +0.139  0.98 | 2.4e+00 3.5e+00 2.043e+00
#883  4080   1 | 7.07e-01 3.58e-01 +0.296  0.96 | 1.00e+00 1.31e-01 +0.234  0.96 | 2.3e+00 4.0e+00 1.439e+00
#884    42   1 | 1.08e+00 2.74e-01 +0.603  0.76 | 9.68e-01 1.15e-01 -0.009  1.02 | 2.5e+00 3.6e+00 1.844e+00
#885  1305   1 | 1.31e+00 3.86e-01 +0.540  0.77 | 1.04e+00 1.36e-01 -0.046  1.03 | 2.5e+00 4.0e+00 2.419e+00
#886  1416   1 | 7.38e-01 3.68e-01 +0.336  0.91 | 9.49e-01 1.17e-01 +0.141  0.98 | 2.5e+00 3.1e+00 1.382e+00
#887    76   1 | 9.66e-01 3.24e-01 +0.622  0.70 | 1.03e+00 8.95e-02 -0.127  1.03 | 2.6e+00 3.7e+00 1.745e+00
#888  4985   1 | 4.67e-01 2.74e-01 +0.103  1.22 | 9.87e-01 8.99e-02 +0.376  0.94 | 2.3e+00 2.7e+00 1.182e+00
#889  4490   1 | 8.23e-01 4.29e-01 +0.664  0.58 | 1.01e+00 7.51e-02 +0.223  0.97 | 2.2e+00 3.1e+00 1.391e+00
#890  4433   1 | 9.71e-01 2.83e-01 -0.115  1.15 | 1.03e+00 1.07e-01 +0.234  0.96 | 2.2e+00 3.3e+00 2.111e+00
#891   416   1 | 9.75e-01 2.83e-01 +0.676  0.69 | 1.04e+00 1.04e-01 +0.181  0.97 | 2.6e+00 3.8e+00 1.716e+00
#892  3057   1 | 1.22e+00 1.25e+00 +0.897  0.21 | 9.89e-01 2.10e-01 +0.131  0.99 | 2.5e+00 4.5e+00 1.283e+00
#893  1996   1 | 1.12e+00 5.75e-01 +0.716  0.53 | 1.13e+00 1.65e-01 +0.167  0.97 | 2.5e+00 3.6e+00 1.909e+00
#894   335   1 | 1.07e+00 1.02e-01 +0.746  0.87 | 1.03e+00 8.51e-02 +0.067  1.00 | 2.6e+00 3.7e+00 2.046e+00
#895  4002   1 | 1.14e+00 1.85e-01 +0.094  1.00 | 9.43e-01 5.85e-02 +0.198  0.98 | 2.6e+00 3.6e+00 2.162e+00
#896  3525   1 | 1.30e+00 3.53e-01 +0.564  0.77 | 9.64e-01 6.97e-02 +0.307  0.96 | 2.5e+00 3.2e+00 2.192e+00
#897  3818   1 | 8.84e-01 3.66e-01 +0.466  0.79 | 9.10e-01 8.07e-02 +0.115  0.99 | 2.6e+00 3.3e+00 1.432e+00
#898  4196   1 | 1.03e+00 3.07e-01 +0.225  0.95 | 9.92e-01 5.64e-02 +0.106  0.99 | 2.1e+00 3.4e+00 1.981e+00
#899  2899   1 | 1.10e+00 6.57e-01 +0.706  0.51 | 1.02e+00 1.67e-01 +0.226  0.95 | 2.6e+00 4.0e+00 1.606e+00
#900  4663   1 | 1.37e+00 2.67e-01 -0.313  1.16 | 1.03e+00 7.10e-02 +0.102  0.99 | 2.5e+00 2.8e+00 3.225e+00
#901   975   1 | 7.05e-01 8.32e-02 +0.558  0.88 | 1.09e+00 8.17e-02 +0.130  0.99 | 2.5e+00 3.4e+00 1.605e+00
#902  4488   1 | 1.09e+00 3.38e-01 +0.752  0.63 | 9.93e-01 1.22e-01 +0.235  0.96 | 2.1e+00 3.6e+00 1.686e+00
#903  4030   1 | 1.06e+00 9.82e-01 +0.713  0.54 | 8.36e-01 1.84e-01 +0.341  0.90 | 2.4e+00 3.6e+00 1.234e+00
#904  4578   1 | 5.84e-01 1.59e-01 -0.616  1.41 | 1.08e+00 7.06e-02 +0.220  0.98 | 2.2e+00 3.9e+00 1.627e+00
#905  1417   1 | 1.08e+00 3.85e-01 +0.558  0.73 | 9.68e-01 1.17e-01 -0.004  1.02 | 2.5e+00 4.5e+00 1.806e+00
#906   485   1 | 5.45e-01 3.18e-01 +0.502  0.75 | 1.03e+00 8.62e-02 +0.190  0.98 | 2.6e+00 3.1e+00 1.257e+00
#907  3075   1 | 7.48e-01 5.78e-01 +0.413  0.96 | 9.49e-01 1.24e-01 +0.182  0.97 | 2.5e+00 3.3e+00 1.410e+00
#908  3972   1 | 4.53e-01 1.89e-01 +0.046  1.14 | 1.00e+00 1.68e-01 +0.274  0.94 | 2.4e+00 3.4e+00 1.172e+00
#909  4314   1 | 1.00e+00 8.43e-01 +0.809  0.35 | 1.07e+00 1.60e-01 +0.302  0.93 | 2.3e+00 3.9e+00 1.424e+00
#910  2009   1 | 1.04e+00 3.22e-01 +0.271  0.93 | 1.02e+00 1.08e-01 +0.174  0.97 | 2.4e+00 3.8e+00 2.017e+00
#911  1653   1 | 1.32e+00 5.69e-01 +0.387  0.85 | 1.02e+00 1.65e-01 +0.127  0.99 | 2.5e+00 3.0e+00 2.503e+00
#912   628   1 | 1.12e+00 1.19e-01 +0.287  0.95 | 1.01e+00 7.20e-02 +0.094  0.99 | 2.6e+00 4.2e+00 2.201e+00
#913  2850   1 | 6.33e-01 2.37e-01 -0.330  1.39 | 1.03e+00 8.90e-02 +0.006  1.01 | 2.4e+00 3.3e+00 1.621e+00
#914  4506   1 | 6.97e-01 1.65e-01 +0.253  0.94 | 1.00e+00 6.61e-02 +0.274  0.97 | 2.2e+00 3.8e+00 1.427e+00
#915  4164   1 | 1.14e+00 1.18e-01 -0.032  1.02 | 9.88e-01 5.12e-02 +0.228  0.98 | 2.1e+00 2.9e+00 2.268e+00
#916  1084   1 | 1.40e+00 9.45e-01 +0.672  0.55 | 1.01e+00 2.41e-01 -0.049  1.08 | 2.4e+00 4.3e+00 2.184e+00
#917  3427   1 | 1.09e+00 4.94e-01 +0.778  0.50 | 9.80e-01 1.24e-01 +0.153  0.98 | 2.5e+00 3.5e+00 1.536e+00
#918  1443   1 | 8.24e-01 3.55e-01 +0.288  0.94 | 9.42e-01 9.99e-02 +0.011  1.01 | 2.4e+00 3.6e+00 1.532e+00
#919  1833   1 | 1.32e+00 1.41e+00 +0.819  0.39 | 1.12e+00 2.98e-01 +0.182  0.97 | 2.3e+00 4.4e+00 1.903e+00
#920  2852   1 | 9.09e-01 5.01e-01 +0.794  0.43 | 9.51e-01 1.37e-01 -0.014  1.02 | 2.2e+00 3.4e+00 1.281e+00
#921  2296   1 | 1.00e+00 4.03e-01 +0.461  0.79 | 9.45e-01 1.58e-01 +0.225  0.95 | 2.4e+00 3.0e+00 1.645e+00
#922    48   1 | 1.18e+00 4.40e-01 +0.604  0.69 | 9.58e-01 9.73e-02 +0.089  0.99 | 2.4e+00 3.3e+00 1.868e+00
#923  1548   1 | 1.21e+00 1.39e-01 +0.655  0.86 | 9.11e-01 5.96e-02 +0.139  0.99 | 2.2e+00 3.6e+00 2.075e+00
#924  3063   1 | 1.09e+00 5.59e-01 +0.285  0.97 | 9.82e-01 2.10e-01 +0.193  0.96 | 2.2e+00 4.0e+00 2.081e+00
#925  4752   1 | 7.54e-01 3.82e-01 +0.171  1.08 | 9.59e-01 1.55e-01 +0.307  0.93 | 2.0e+00 3.4e+00 1.468e+00
#926  1871   1 | 9.63e-01 1.05e-01 +0.796  0.84 | 1.06e+00 5.66e-02 +0.185  0.98 | 1.9e+00 2.7e+00 1.890e+00
#927  3035   1 | 9.69e-01 4.10e-01 +0.356  0.88 | 1.07e+00 1.73e-01 +0.169  0.97 | 2.1e+00 3.8e+00 1.946e+00
#928     9   1 | 5.53e-01 2.73e-01 +0.427  0.82 | 1.04e+00 9.03e-02 +0.085  0.99 | 2.5e+00 3.8e+00 1.330e+00
#929   410   1 | 1.30e+00 3.30e-01 +0.211  0.96 | 9.27e-01 1.12e-01 +0.132  0.98 | 2.2e+00 3.4e+00 2.453e+00
#930  3734   1 | 1.04e+00 3.80e-01 +0.727  0.60 | 1.04e+00 1.84e-01 +0.145  0.98 | 2.1e+00 4.0e+00 1.713e+00
#931  1382   1 | 1.31e+00 3.86e-01 +0.618  0.72 | 1.04e+00 1.67e-01 -0.066  1.05 | 2.2e+00 3.7e+00 2.359e+00
#932  4290   1 | 1.23e+00 2.25e-01 +0.104  1.00 | 1.10e+00 8.09e-02 +0.200  0.98 | 1.9e+00 3.7e+00 2.703e+00
#933  1707   1 | 1.09e+00 1.18e-01 +0.122  0.99 | 9.37e-01 6.06e-02 +0.078  0.99 | 1.8e+00 3.2e+00 2.041e+00
#934  2834   1 | 1.28e+00 2.07e-01 +0.515  0.86 | 1.08e+00 5.38e-02 +0.127  0.99 | 2.0e+00 4.0e+00 2.566e+00
#935  2809   1 | 1.30e+00 5.27e-01 -0.007  1.17 | 1.01e+00 1.63e-01 +0.344  0.91 | 2.1e+00 2.9e+00 2.915e+00
#936  4197   1 | 7.30e-01 2.50e-01 +0.404  0.84 | 9.46e-01 1.22e-01 +0.223  0.96 | 1.7e+00 4.1e+00 1.306e+00
#937  1253   1 | 9.71e-01 2.19e-01 +0.422  0.86 | 1.02e+00 8.87e-02 +0.049  1.00 | 2.0e+00 2.8e+00 1.846e+00
#938  1730   1 | 1.14e+00 1.52e-01 +0.718  0.83 | 9.75e-01 6.52e-02 -0.025  1.01 | 1.8e+00 3.5e+00 2.034e+00
#939  4958   1 | 5.61e-01 1.89e-02 -0.702  1.05 | 9.77e-01 4.94e-02 +0.410  0.96 | 1.8e+00 2.9e+00 1.249e+00
#940  3383   1 | 1.09e+00 1.90e-01 +0.343  0.91 | 9.70e-01 9.85e-02 +0.022  1.01 | 2.2e+00 3.2e+00 2.020e+00
#941  3031   1 | 1.00e+00 8.78e-02 +0.367  0.94 | 8.61e-01 7.09e-02 +0.132  0.99 | 1.8e+00 2.6e+00 1.677e+00
#942  1484   1 | 1.10e+00 2.01e-01 +0.609  0.81 | 1.08e+00 6.76e-02 +0.133  0.99 | 2.0e+00 3.7e+00 2.128e+00
#943  4544   1 | 1.35e+00 2.81e-01 +0.626  0.78 | 1.00e+00 6.88e-02 +0.325  0.96 | 1.6e+00 3.4e+00 2.393e+00
#944   795   1 | 1.31e+00 1.96e-01 +0.180  0.97 | 1.09e+00 7.60e-02 -0.052  1.01 | 2.3e+00 2.4e+00 2.865e+00
#945  2448   1 | 1.07e+00 1.33e-01 +0.810  0.81 | 9.97e-01 8.30e-02 +0.182  0.98 | 2.1e+00 3.1e+00 1.911e+00
#946   925   1 | 1.11e+00 3.09e-01 +0.641  0.72 | 1.06e+00 8.69e-02 +0.036  1.00 | 2.3e+00 2.9e+00 2.005e+00
#947   576   1 | 1.17e+00 4.25e-01 +0.501  0.77 | 1.17e+00 1.51e-01 +0.155  0.98 | 2.5e+00 3.7e+00 2.386e+00
#948  3542   1 | 9.07e-01 2.86e-02 +0.479  0.97 | 9.15e-01 5.18e-02 -0.068  1.01 | 2.2e+00 3.4e+00 1.644e+00
#949  1245   1 | 9.70e-01 1.03e-01 +0.305  0.95 | 1.06e+00 6.11e-02 +0.143  0.99 | 2.3e+00 3.3e+00 1.994e+00
#950  2656   1 | 4.96e-01 3.08e-01 -0.120  1.53 | 1.12e+00 9.25e-02 +0.090  0.99 | 2.4e+00 3.5e+00 1.616e+00
#951   918   1 | 5.12e-01 2.17e-01 +0.112  1.08 | 9.97e-01 9.43e-02 -0.059  1.02 | 2.5e+00 3.1e+00 1.298e+00
#952    89   1 | 1.13e+00 7.41e-01 +0.630  0.60 | 1.05e+00 2.34e-01 +0.238  0.94 | 2.6e+00 3.2e+00 1.820e+00
#953  1531   1 | 1.02e+00 1.16e-01 -0.091  1.03 | 1.13e+00 6.64e-02 +0.027  1.00 | 2.5e+00 2.9e+00 2.355e+00
#954  1227   1 | 9.07e-01 9.08e-02 +0.411  0.93 | 9.18e-01 1.27e-01 +0.169  0.97 | 2.4e+00 3.1e+00 1.582e+00
#955  2759   1 | 5.83e-01 4.85e-02 +0.619  0.90 | 1.05e+00 7.04e-02 +0.282  0.97 | 2.4e+00 3.2e+00 1.378e+00
#956  1905   1 | 1.66e+00 7.51e-02 +0.198  0.98 | 9.65e-01 1.05e-01 +0.115  0.99 | 2.4e+00 2.8e+00 3.614e+00
#957  1452   1 | 6.58e-01 1.84e-01 -0.122  1.15 | 1.07e+00 5.24e-02 +0.172  0.99 | 2.4e+00 3.1e+00 1.624e+00
#958  1993   1 | 1.04e+00 6.42e-01 +0.699  0.52 | 1.08e+00 1.79e-01 +0.172  0.97 | 2.3e+00 3.5e+00 1.707e+00
#959  2042   1 | 1.20e+00 7.99e-01 +0.742  0.46 | 1.05e+00 1.50e-01 +0.155  0.98 | 2.5e+00 4.0e+00 1.743e+00
#960   432   1 | 8.26e-01 1.60e-01 +0.566  0.82 | 9.54e-01 5.88e-02 +0.151  0.99 | 2.6e+00 3.4e+00 1.453e+00
#961  1149   1 | 9.60e-01 2.55e-01 +0.702  0.70 | 9.60e-01 8.11e-02 +0.091  0.99 | 2.5e+00 3.1e+00 1.557e+00
#962  2909   1 | 9.60e-01 5.05e-01 +0.746  0.49 | 1.06e+00 1.45e-01 +0.211  0.96 | 2.3e+00 3.0e+00 1.540e+00
#963  1849   1 | 9.99e-01 3.31e-01 +0.351  0.88 | 8.61e-01 1.12e-01 +0.073  1.00 | 2.3e+00 3.3e+00 1.615e+00
#964  2452   1 | 8.26e-01 2.70e-01 +0.667  0.67 | 1.01e+00 8.98e-02 +0.161  0.98 | 2.6e+00 3.2e+00 1.463e+00
#965  1672   1 | 5.55e-01 3.97e-01 +0.615  0.63 | 1.04e+00 1.04e-01 +0.140  0.98 | 2.6e+00 3.4e+00 1.261e+00
#966   940   1 | 8.89e-01 7.64e-01 +0.522  0.84 | 9.15e-01 1.98e-01 -0.057  1.07 | 2.6e+00 3.6e+00 1.562e+00
#967  1220   1 | 9.57e-01 5.17e-01 +0.472  0.78 | 1.07e+00 1.46e-01 +0.118  0.99 | 2.5e+00 2.7e+00 1.856e+00
#968  1245   1 | 5.78e-01 1.11e-01 +0.090  1.00 | 1.05e+00 7.02e-02 +0.253  0.97 | 2.5e+00 3.0e+00 1.411e+00
#969  3248   1 | 1.10e+00 7.30e-01 +0.672  0.55 | 1.08e+00 1.61e-01 +0.103  0.99 | 2.4e+00 3.2e+00 1.821e+00
#970  3312   1 | 1.07e+00 1.48e-01 +0.480  0.89 | 9.93e-01 6.09e-02 +0.212  0.98 | 2.2e+00 4.0e+00 1.980e+00
#971  2820   1 | 4.51e-01 9.77e-02 +0.026  1.04 | 1.00e+00 6.91e-02 +0.073  0.99 | 2.4e+00 3.7e+00 1.209e+00
#972  2707   1 | 8.61e-01 7.01e-01 +0.644  0.61 | 9.10e-01 1.40e-01 +0.087  1.00 | 2.6e+00 3.2e+00 1.281e+00
#973  3901   1 | 1.00e+00 6.30e-01 +0.413  0.88 | 1.08e+00 1.74e-01 +0.180  0.97 | 2.5e+00 3.6e+00 2.021e+00
#974   730   1 | 1.21e+00 8.01e-01 +0.709  0.50 | 1.05e+00 1.21e-01 +0.161  0.98 | 2.7e+00 4.1e+00 1.811e+00
#975  4182   1 | 1.07e+00 3.33e-01 +0.220  0.96 | 9.82e-01 1.36e-01 +0.291  0.94 | 2.3e+00 3.4e+00 2.009e+00
#976  3537   1 | 1.33e+00 3.94e-01 +0.528  0.77 | 1.00e+00 1.03e-01 +0.015  1.01 | 2.2e+00 3.5e+00 2.374e+00
#977   246   1 | 1.32e+00 4.23e-01 +0.416  0.84 | 1.02e+00 1.03e-01 +0.040  1.00 | 2.7e+00 3.0e+00 2.494e+00
#978  3539   1 | 1.41e+00 6.16e-01 +0.572  0.69 | 1.01e+00 1.47e-01 +0.075  1.00 | 2.5e+00 4.0e+00 2.396e+00
#979  2980   1 | 1.66e+00 4.99e-01 +0.237  0.95 | 9.65e-01 1.86e-01 +0.286  0.93 | 2.3e+00 3.4e+00 3.473e+00
#980  2209   1 | 9.62e-01 2.80e-01 +0.759  0.64 | 9.60e-01 9.21e-02 +0.142  0.98 | 2.5e+00 2.7e+00 1.501e+00
#981  1790   1 | 1.31e+00 7.37e-02 +0.587  0.94 | 1.01e+00 6.02e-02 +0.124  0.99 | 2.5e+00 3.9e+00 2.619e+00
#982  4166   1 | 1.04e+00 1.70e-01 +0.074  1.00 | 1.13e+00 9.11e-02 +0.239  0.97 | 2.4e+00 3.3e+00 2.322e+00
#983    98   1 | 1.17e+00 4.09e-01 +0.566  0.73 | 1.17e+00 1.06e-01 +0.120  0.99 | 2.7e+00 3.4e+00 2.343e+00
#984  4831   1 | 1.11e+00 3.24e-01 +0.745  0.65 | 1.04e+00 1.40e-01 +0.204  0.96 | 2.6e+00 3.6e+00 1.835e+00
#985  2159   1 | 1.10e+00 5.51e-01 +0.861  0.39 | 1.02e+00 1.57e-01 +0.201  0.96 | 2.8e+00 3.5e+00 1.472e+00
#986  3299   1 | 4.75e-01 2.04e-01 +0.122  1.08 | 9.87e-01 9.42e-02 +0.338  0.94 | 2.2e+00 3.8e+00 1.165e+00
#987  4347   1 | 1.09e+00 7.33e-01 -0.132  1.63 | 9.37e-01 1.74e-01 +0.195  0.96 | 2.5e+00 3.0e+00 2.786e+00
#988  2096   1 | 1.18e+00 1.21e+00 +0.568  0.89 | 9.58e-01 1.85e-01 +0.067  1.01 | 2.8e+00 2.9e+00 2.159e+00
#989   653   1 | 9.65e-01 2.56e-01 +0.632  0.74 | 1.03e+00 8.58e-02 -0.092  1.02 | 2.7e+00 3.7e+00 1.773e+00
#990  2232   1 | 7.03e-01 1.11e-01 +0.036  1.01 | 1.00e+00 7.41e-02 +0.169  0.98 | 2.5e+00 3.2e+00 1.486e+00
#991  3602   1 | 7.38e-01 5.25e-01 +0.336  1.03 | 9.46e-01 1.71e-01 +0.191  0.96 | 2.3e+00 5.2e+00 1.423e+00
#992  3128   1 | 9.85e-01 3.65e-01 +0.490  0.77 | 1.04e+00 1.66e-01 +0.240  0.95 | 1.9e+00 4.1e+00 1.782e+00
#993  2660   1 | 9.12e-01 1.17e+00 +0.848  0.47 | 9.51e-01 2.09e-01 +0.037  1.03 | 2.1e+00 3.7e+00 1.321e+00
#994   422   1 | 9.69e-01 1.40e-01 +0.216  0.96 | 1.06e+00 9.26e-02 +0.096  0.99 | 2.4e+00 4.4e+00 2.010e+00
#995  1606   1 | 1.14e+00 8.55e-02 -0.039  1.01 | 9.88e-01 7.86e-02 -0.007  1.01 | 1.6e+00 3.1e+00 2.299e+00
#996   153   1 | 4.94e-01 1.21e-01 +0.219  0.95 | 1.12e+00 1.01e-01 +0.064  1.00 | 2.0e+00 4.2e+00 1.477e+00
#997  2650   1 | 1.11e+00 3.59e-01 +0.686  0.66 | 9.80e-01 1.54e-01 +0.146  0.98 | 1.5e+00 4.3e+00 1.746e+00
#998   266   1 | 1.07e+00 1.23e-01 +0.830  0.82 | 1.03e+00 1.10e-01 +0.038  1.00 | 1.9e+00 4.1e+00 2.004e+00
#999  2379   1 | 1.30e+00 1.28e-01 +0.127  0.98 | 1.09e+00 1.08e-01 +0.101  0.99 | 1.5e+00 3.3e+00 2.856e+00
#1000  1156   1 | 9.71e-01 3.75e-02 +0.396  0.97 | 1.02e+00 7.70e-02 +0.076  0.99 | 1.4e+00 3.0e+00 1.946e+00
#1001  3991   1 | 1.10e+00 1.88e-01 +0.624  0.82 | 1.05e+00 2.10e-01 +0.334  0.91 | 1.3e+00 3.3e+00 1.981e+00
#1002  1237   1 | 1.32e+00 5.65e-01 +0.806  0.49 | 1.12e+00 2.00e-01 +0.268  0.94 | 1.5e+00 4.0e+00 2.039e+00
#1003    59   1 | 1.04e+00 2.44e-01 +0.746  0.71 | 8.36e-01 9.65e-02 -0.023  1.02 | 2.1e+00 4.2e+00 1.478e+00
#1004   671   1 | 7.04e-01 2.60e-01 +0.662  0.65 | 1.09e+00 1.47e-01 +0.139  0.98 | 1.9e+00 2.6e+00 1.482e+00
#1005  1378   1 | 1.12e+00 3.07e-01 +0.753  0.66 | 1.13e+00 1.40e-01 +0.169  0.97 | 1.8e+00 3.9e+00 2.083e+00
#1006  4494   1 | 1.14e+00 2.97e-02 -0.077  1.00 | 9.43e-01 5.91e-02 +0.399  0.95 | 1.3e+00 4.3e+00 2.164e+00
#1007  2443   1 | 1.29e+00 4.94e-01 +0.226  0.97 | 9.27e-01 1.61e-01 +0.208  0.96 | 2.0e+00 3.7e+00 2.452e+00
#1008  4971   1 | 1.03e+00 6.21e-02 -0.176  1.02 | 9.92e-01 1.01e-01 +0.240  0.96 | 1.5e+00 3.9e+00 2.027e+00
#1009  3394   1 | 1.03e+00 2.82e-01 +0.187  0.97 | 1.02e+00 1.27e-01 +0.294  0.94 | 2.1e+00 3.6e+00 2.007e+00
#1010   478   1 | 1.00e+00 3.97e-01 +0.760  0.56 | 1.07e+00 1.25e-01 +0.162  0.98 | 2.1e+00 3.3e+00 1.686e+00
#1011  1967   1 | 8.26e-01 1.16e-01 +0.172  0.97 | 9.42e-01 1.07e-01 +0.089  0.99 | 2.0e+00 3.6e+00 1.544e+00
#1012   347   1 | 1.29e+00 6.96e-02 +0.375  0.96 | 1.08e+00 5.35e-02 +0.017  1.00 | 2.4e+00 4.2e+00 2.775e+00
#1013  2660   1 | 5.54e-01 2.66e-01 +0.236  1.00 | 1.03e+00 8.30e-02 +0.154  0.98 | 2.4e+00 3.7e+00 1.347e+00
#1014  3652   1 | 1.12e+00 6.20e-01 +0.652  0.58 | 1.06e+00 1.98e-01 +0.274  0.93 | 2.2e+00 4.1e+00 1.780e+00
#1015  4624   1 | 1.37e+00 1.83e-02 +0.043  1.00 | 1.03e+00 7.62e-02 +0.251  0.97 | 1.7e+00 2.7e+00 2.903e+00
#1016  4088   1 | 6.58e-01 3.42e-01 -0.102  1.38 | 1.07e+00 1.08e-01 +0.227  0.96 | 2.0e+00 3.4e+00 1.699e+00
#1017   664   1 | 7.71e-01 1.96e-01 +0.203  0.96 | 9.59e-01 1.38e-01 -0.013  1.02 | 2.6e+00 3.3e+00 1.513e+00
#1018  2042   1 | 7.40e-01 1.24e-01 +0.439  0.88 | 9.49e-01 8.87e-02 +0.068  1.00 | 2.2e+00 3.9e+00 1.380e+00
#1019  2940   1 | 6.34e-01 1.20e-01 -0.115  1.08 | 1.03e+00 8.79e-02 +0.033  1.00 | 2.3e+00 3.9e+00 1.494e+00
#1020   932   1 | 1.12e+00 2.61e-01 +0.110  1.00 | 1.01e+00 7.42e-02 +0.003  1.01 | 2.6e+00 2.0e+00 2.281e+00
#1021  3354   1 | 1.30e+00 2.81e-01 +0.491  0.83 | 1.04e+00 1.03e-01 +0.120  0.99 | 2.3e+00 3.9e+00 2.458e+00
#1022  2799   1 | 1.22e+00 6.58e-01 +0.814  0.41 | 9.89e-01 2.14e-01 +0.192  0.96 | 2.2e+00 5.0e+00 1.561e+00
#1023  4508   1 | 5.09e-01 2.77e-01 +0.080  1.21 | 9.97e-01 1.62e-01 +0.303  0.93 | 1.8e+00 3.9e+00 1.235e+00
#1024    23   1 | 9.07e-01 2.97e-01 +0.009  1.10 | 9.18e-01 9.24e-02 +0.091  0.99 | 2.7e+00 3.7e+00 1.741e+00
#1025  2452   1 | 1.14e+00 5.75e-01 +0.690  0.56 | 9.75e-01 1.38e-01 -0.049  1.03 | 2.4e+00 3.3e+00 1.702e+00
#1026  4556   1 | 1.23e+00 3.58e-02 +0.209  0.99 | 1.10e+00 8.88e-02 +0.340  0.95 | 1.7e+00 3.6e+00 2.645e+00
#1027  4509   1 | 1.20e+00 6.93e-02 -0.069  1.01 | 9.11e-01 6.70e-02 +0.329  0.96 | 1.8e+00 4.1e+00 2.259e+00
#1028   719   1 | 9.98e-01 2.87e-01 +0.395  0.86 | 9.45e-01 1.32e-01 +0.204  0.96 | 2.5e+00 3.9e+00 1.712e+00
#1029  3539   1 | 1.07e+00 5.47e-01 +0.612  0.64 | 9.68e-01 1.02e-01 +0.178  0.97 | 2.4e+00 3.6e+00 1.643e+00
#1030  1050   1 | 5.96e-01 1.41e-01 +0.823  0.67 | 1.08e+00 1.04e-01 -0.028  1.01 | 2.6e+00 3.7e+00 1.429e+00
#1031  1869   1 | 1.07e+00 1.23e-01 +0.390  0.92 | 9.70e-01 7.99e-02 +0.031  1.00 | 2.2e+00 2.4e+00 2.005e+00
#1032  1338   1 | 1.08e+00 1.63e-01 +0.761  0.79 | 9.97e-01 7.84e-02 +0.110  0.99 | 2.5e+00 4.0e+00 1.902e+00
#1033  1621   1 | 5.69e-01 2.64e-01 +0.501  0.75 | 9.77e-01 9.04e-02 +0.041  1.00 | 2.3e+00 3.1e+00 1.199e+00
#1034  1005   1 | 1.29e+00 4.71e-02 +0.031  1.00 | 9.64e-01 1.24e-01 +0.139  0.98 | 2.6e+00 4.4e+00 2.587e+00
#1035    72   1 | 8.26e-01 1.96e-01 +0.259  0.93 | 9.54e-01 9.29e-02 -0.039  1.02 | 2.7e+00 2.6e+00 1.561e+00
#1036  1528   1 | 1.31e+00 1.18e-01 +0.687  0.88 | 1.04e+00 1.32e-01 +0.044  1.00 | 2.6e+00 4.0e+00 2.590e+00
#1037  1707   1 | 1.08e+00 1.32e-01 +0.803  0.82 | 9.97e-01 7.93e-02 +0.159  0.98 | 2.2e+00 4.0e+00 1.922e+00
#1038  1998   1 | 1.11e+00 4.23e-01 +0.507  0.76 | 1.06e+00 9.21e-02 -0.000  1.01 | 2.5e+00 3.5e+00 2.062e+00
#1039  2954   1 | 1.10e+00 4.40e-01 +0.649  0.64 | 1.08e+00 1.22e-01 +0.152  0.98 | 2.5e+00 3.8e+00 1.916e+00
#1040  2647   1 | 9.12e-01 9.65e-01 +0.870  0.28 | 9.51e-01 1.19e-01 +0.047  1.00 | 2.9e+00 3.7e+00 1.139e+00
#1041  1942   1 | 8.55e-01 5.38e-01 +0.598  0.64 | 9.10e-01 9.19e-02 +0.052  1.00 | 2.9e+00 3.7e+00 1.298e+00
#1042  1878   1 | 5.79e-01 2.97e-02 -0.053  1.01 | 1.05e+00 1.21e-01 +0.263  0.95 | 2.9e+00 4.1e+00 1.394e+00
#1043  3410   1 | 1.09e+00 1.16e+00 +0.699  0.64 | 9.80e-01 1.98e-01 +0.165  0.97 | 3.0e+00 3.3e+00 1.700e+00
#1044  4277   1 | 1.41e+00 4.63e-01 +0.656  0.68 | 1.01e+00 9.43e-02 +0.120  0.99 | 2.5e+00 4.1e+00 2.362e+00
#1045  3114   1 | 7.09e-01 2.42e-01 +0.033  1.09 | 1.00e+00 1.08e-01 +0.259  0.96 | 2.8e+00 3.8e+00 1.510e+00
#1046  3149   1 | 1.30e+00 1.03e+00 +0.078  1.51 | 1.09e+00 2.02e-01 +0.174  0.97 | 3.1e+00 3.7e+00 3.699e+00
#1047  2702   1 | 1.04e+00 8.28e-01 +0.732  0.47 | 1.08e+00 1.45e-01 +0.192  0.97 | 2.9e+00 3.5e+00 1.639e+00
#1048   254   1 | 1.08e+00 7.39e-01 +0.627  0.61 | 9.68e-01 1.61e-01 -0.011  1.03 | 3.1e+00 3.7e+00 1.683e+00
#1049  4841   1 | 5.62e-01 3.65e-01 +0.276  1.06 | 9.77e-01 5.07e-02 +0.226  0.98 | 2.7e+00 4.1e+00 1.271e+00
#1050  4783   1 | 9.84e-01 1.05e+00 +0.404  1.28 | 9.45e-01 2.22e-01 +0.207  0.96 | 2.7e+00 4.0e+00 2.096e+00
#1051  1313   1 | 9.75e-01 1.18e+00 +0.585  1.06 | 1.04e+00 2.73e-01 +0.179  0.97 | 2.8e+00 4.4e+00 2.062e+00
#1052  1663   1 | 8.89e-01 5.96e-02 +0.439  0.95 | 9.15e-01 6.61e-02 -0.071  1.02 | 2.5e+00 4.0e+00 1.598e+00
#1053   173   1 | 1.00e+00 1.11e+00 +0.827  0.39 | 1.07e+00 2.30e-01 +0.149  0.98 | 2.7e+00 3.5e+00 1.530e+00
#1054  4068   1 | 9.94e-01 5.28e-01 +0.124  1.15 | 1.06e+00 1.85e-01 +0.284  0.93 | 2.1e+00 3.3e+00 2.179e+00
#1055   611   1 | 1.30e+00 1.39e-01 +0.103  0.99 | 9.27e-01 1.07e-01 +0.103  0.99 | 2.3e+00 3.5e+00 2.511e+00
#1056  3049   1 | 9.69e-01 7.13e-02 +0.445  0.94 | 9.60e-01 6.53e-02 +0.136  0.99 | 1.9e+00 3.6e+00 1.791e+00
#1057   600   1 | 1.07e+00 1.69e-01 +0.100  0.99 | 9.70e-01 9.25e-02 -0.015  1.01 | 2.1e+00 4.6e+00 2.092e+00
#1058   370   1 | 1.29e+00 6.96e-02 +0.442  0.96 | 1.08e+00 5.31e-02 +0.036  1.00 | 2.1e+00 4.8e+00 2.761e+00
#1059  3701   1 | 8.47e-01 1.17e-01 +0.867  0.78 | 1.01e+00 7.06e-02 +0.192  0.98 | 1.6e+00 3.0e+00 1.563e+00
#1060  2835   1 | 4.51e-01 7.45e-02 +0.296  0.93 | 1.00e+00 7.21e-02 +0.179  0.98 | 1.6e+00 3.9e+00 1.172e+00
#1061  3359   1 | 1.12e+00 6.09e-01 +0.574  0.67 | 9.75e-01 2.11e-01 +0.130  0.99 | 1.6e+00 3.8e+00 1.780e+00
#1062   261   1 | 9.65e-01 2.63e-01 +0.802  0.64 | 1.06e+00 1.34e-01 +0.182  0.97 | 2.0e+00 3.5e+00 1.692e+00
#1063  3516   1 | 1.03e+00 1.17e-01 +0.216  0.96 | 1.02e+00 1.40e-01 +0.302  0.94 | 1.6e+00 3.0e+00 1.986e+00
#1064  4128   1 | 1.00e+00 3.56e-01 +0.272  0.93 | 8.61e-01 2.04e-01 +0.184  0.97 | 1.6e+00 3.9e+00 1.651e+00
#1065  1746   1 | 8.27e-01 9.35e-02 +0.177  0.97 | 9.54e-01 7.59e-02 +0.151  0.98 | 1.6e+00 3.9e+00 1.559e+00
#1066  2698   1 | 6.31e-01 7.56e-02 +0.467  0.90 | 1.03e+00 9.46e-02 +0.047  1.00 | 1.6e+00 4.2e+00 1.418e+00
#1067   550   1 | 1.32e+00 8.00e-01 +0.756  0.45 | 1.12e+00 3.17e-01 +0.228  0.95 | 1.8e+00 4.5e+00 1.984e+00
#1068  4560   1 | 9.76e-01 3.69e-02 +0.310  0.98 | 1.02e+00 5.87e-02 +0.296  0.97 | 1.4e+00 3.8e+00 1.936e+00
#1069  4960   1 | 1.11e+00 7.07e-02 +0.286  0.97 | 1.01e+00 6.82e-02 +0.298  0.96 | 1.4e+00 2.8e+00 2.174e+00
#1070  2067   1 | 1.12e+00 3.73e-02 +0.643  0.96 | 1.13e+00 4.82e-02 +0.060  1.00 | 1.5e+00 4.1e+00 2.477e+00
#1071  4061   1 | 5.70e-01 2.05e-01 +0.662  0.65 | 1.04e+00 1.12e-01 +0.302  0.95 | 1.4e+00 3.7e+00 1.241e+00
#1072  4191   1 | 1.14e+00 5.83e-02 +0.183  0.98 | 9.88e-01 7.83e-02 +0.368  0.95 | 1.4e+00 3.7e+00 2.197e+00
#1073  2935   1 | 1.66e+00 1.32e-01 +0.219  0.97 | 9.65e-01 1.43e-01 +0.288  0.94 | 1.5e+00 3.5e+00 3.546e+00
#1074  3776   1 | 4.75e-01 7.63e-02 +0.290  0.93 | 9.87e-01 9.72e-02 +0.352  0.94 | 1.6e+00 3.4e+00 1.127e+00
#1075  1206   1 | 7.05e-01 2.47e-01 +0.530  0.75 | 1.09e+00 1.94e-01 +0.147  0.98 | 1.6e+00 4.1e+00 1.533e+00
#1076  3921   1 | 9.56e-01 7.29e-02 +0.393  0.95 | 1.03e+00 7.67e-02 +0.348  0.95 | 1.6e+00 3.1e+00 1.880e+00
#1077  4833   1 | 1.12e+00 1.81e-01 +0.810  0.77 | 1.02e+00 1.29e-01 +0.294  0.94 | 1.5e+00 3.0e+00 1.938e+00
#1078  2446   1 | 6.04e-01 8.07e-02 +0.822  0.80 | 1.08e+00 6.27e-02 -0.032  1.01 | 1.7e+00 3.6e+00 1.474e+00
#1079   219   1 | 1.38e+00 1.14e-01 +0.548  0.92 | 1.03e+00 6.77e-02 -0.023  1.01 | 2.0e+00 3.8e+00 2.804e+00
#1080  1653   1 | 1.21e+00 1.14e-01 +0.636  0.89 | 9.11e-01 1.00e-01 +0.153  0.98 | 1.8e+00 3.7e+00 2.106e+00
#1081   109   1 | 5.12e-01 2.44e-01 +0.095  1.14 | 9.97e-01 1.31e-01 -0.044  1.03 | 2.1e+00 3.9e+00 1.320e+00
#1082  1479   1 | 1.32e+00 2.36e-01 +0.411  0.88 | 1.02e+00 1.20e-01 +0.127  0.98 | 1.9e+00 3.3e+00 2.559e+00
#1083  3286   1 | 1.02e+00 1.31e-01 -0.256  1.08 | 9.92e-01 6.52e-02 +0.085  0.99 | 1.8e+00 5.1e+00 2.100e+00
#1084  1355   1 | 1.04e+00 3.67e-01 +0.703  0.63 | 8.36e-01 9.82e-02 +0.129  0.98 | 2.1e+00 4.1e+00 1.370e+00
#1085   260   1 | 1.07e+00 1.39e-01 +0.743  0.82 | 1.03e+00 1.31e-01 +0.026  1.01 | 2.2e+00 3.5e+00 2.012e+00
#1086   906   1 | 5.46e-01 6.39e-02 +0.608  0.87 | 1.03e+00 1.01e-01 +0.175  0.98 | 2.0e+00 4.5e+00 1.292e+00
#1087  3978   1 | 1.06e+00 1.20e-01 +0.223  0.96 | 9.82e-01 1.31e-01 +0.219  0.96 | 1.9e+00 3.6e+00 2.017e+00
#1088  1815   1 | 6.58e-01 1.60e-01 -0.168  1.14 | 1.07e+00 5.63e-02 +0.216  0.98 | 2.0e+00 3.2e+00 1.616e+00
#1089  1965   1 | 8.26e-01 2.20e-01 +0.271  0.93 | 9.42e-01 1.19e-01 +0.010  1.01 | 2.0e+00 3.3e+00 1.532e+00
#1090  4689   1 | 1.36e+00 2.39e-01 +0.224  0.95 | 1.00e+00 9.39e-02 +0.324  0.95 | 1.8e+00 4.0e+00 2.703e+00
#1091  2189   1 | 1.17e+00 2.99e-01 +0.521  0.80 | 1.17e+00 1.12e-01 +0.133  0.98 | 2.1e+00 2.6e+00 2.436e+00
#1092  1468   1 | 1.13e+00 4.50e-01 +0.645  0.65 | 1.05e+00 2.37e-01 +0.277  0.93 | 2.1e+00 4.2e+00 1.851e+00
#1093  4288   1 | 1.23e+00 6.41e-02 +0.217  0.98 | 1.10e+00 1.50e-01 +0.272  0.94 | 1.9e+00 3.4e+00 2.642e+00
#1094  3116   1 | 1.06e+00 5.04e-01 +0.752  0.51 | 1.04e+00 2.24e-01 +0.148  0.98 | 1.6e+00 4.8e+00 1.638e+00
#1095  4898   1 | 1.07e+00 4.06e-01 -0.163  1.27 | 9.37e-01 1.38e-01 +0.181  0.97 | 2.0e+00 4.4e+00 2.308e+00
#1096  4505   1 | 7.71e-01 3.73e-01 +0.266  0.98 | 9.59e-01 1.26e-01 +0.365  0.92 | 2.0e+00 3.0e+00 1.427e+00
#1097  1680   1 | 9.58e-01 2.66e-01 +0.265  0.93 | 1.07e+00 8.12e-02 +0.091  0.99 | 2.1e+00 2.9e+00 1.999e+00
#1098  4934   1 | 1.00e+00 7.65e-02 +0.320  0.96 | 1.13e+00 8.87e-02 +0.206  0.97 | 2.0e+00 3.9e+00 2.208e+00
#1099  4220   1 | 1.17e+00 4.07e-01 +0.692  0.64 | 1.05e+00 2.15e-01 +0.170  0.97 | 1.9e+00 4.7e+00 1.966e+00
#1100  2374   1 | 7.42e-01 2.21e-01 +0.397  0.85 | 9.49e-01 1.25e-01 +0.028  1.01 | 2.1e+00 3.5e+00 1.379e+00
#1101  2205   1 | 7.30e-01 1.24e-01 +0.169  0.97 | 9.46e-01 1.62e-01 +0.168  0.97 | 2.1e+00 3.3e+00 1.387e+00
#1102  3582   1 | 1.14e+00 4.38e-02 -0.079  1.01 | 9.43e-01 9.01e-02 +0.340  0.94 | 2.0e+00 3.5e+00 2.150e+00
#1103  2179   1 | 1.08e+00 2.67e-01 +0.477  0.82 | 9.93e-01 1.14e-01 +0.033  1.01 | 2.0e+00 2.8e+00 1.950e+00
#1104  3789   1 | 1.28e+00 2.60e-01 +0.338  0.90 | 1.01e+00 1.19e-01 +0.318  0.94 | 2.1e+00 4.5e+00 2.434e+00
#1105  3909   1 | 1.18e+00 7.89e-01 +0.695  0.52 | 9.58e-01 2.50e-01 +0.061  1.04 | 2.0e+00 4.2e+00 1.674e+00
#1106   575   1 | 1.29e+00 1.74e-01 +0.453  0.90 | 9.64e-01 1.34e-01 +0.111  0.99 | 2.2e+00 3.0e+00 2.422e+00
#1107  4758   1 | 9.05e-01 4.84e-02 +0.109  0.99 | 9.18e-01 5.72e-02 +0.197  0.98 | 2.0e+00 3.2e+00 1.636e+00
#1108  1882   1 | 4.95e-01 6.93e-02 -0.054  1.03 | 1.12e+00 8.48e-02 +0.124  0.99 | 2.2e+00 3.9e+00 1.485e+00
#1109  4764   1 | 1.25e+00 7.96e-01 +0.820  0.36 | 9.89e-01 2.55e-01 +0.160  0.98 | 2.0e+00 4.6e+00 1.523e+00
#1110  1793   1 | 9.64e-01 5.03e-02 -0.119  1.02 | 1.03e+00 8.35e-02 +0.027  1.00 | 2.2e+00 3.5e+00 2.010e+00
#1111  3892   1 | 5.78e-01 1.06e-01 +0.375  0.90 | 9.77e-01 9.73e-02 +0.347  0.94 | 2.1e+00 3.1e+00 1.198e+00
#1112  2729   1 | 9.09e-01 1.57e-01 +0.098  1.00 | 9.18e-01 6.26e-02 +0.276  0.97 | 2.2e+00 2.9e+00 1.637e+00
#1113  2360   1 | 9.71e-01 1.52e-01 -0.007  1.03 | 1.02e+00 1.12e-01 +0.107  0.99 | 2.3e+00 3.2e+00 1.992e+00
#1114  3147   1 | 5.69e-01 7.46e-01 +0.658  0.99 | 1.04e+00 1.90e-01 +0.155  0.98 | 2.1e+00 4.1e+00 1.383e+00
#1115  2996   1 | 4.53e-01 1.94e-01 +0.220  1.00 | 1.00e+00 8.33e-02 +0.185  0.98 | 2.2e+00 2.9e+00 1.183e+00
#1116  4977   1 | 1.31e+00 1.53e-01 -0.761  1.19 | 1.08e+00 9.81e-02 +0.427  0.93 | 2.2e+00 3.6e+00 3.131e+00
#1117  4004   1 | 1.29e+00 2.98e-01 +0.682  0.74 | 1.04e+00 1.47e-01 +0.003  1.02 | 2.2e+00 4.2e+00 2.327e+00
#1118  4214   1 | 6.29e-01 2.05e-01 -0.364  1.34 | 1.03e+00 1.46e-01 +0.388  0.91 | 2.1e+00 3.8e+00 1.496e+00
#1119  1294   1 | 7.71e-01 7.32e-02 +0.132  0.98 | 9.59e-01 8.98e-02 -0.031  1.01 | 2.2e+00 3.7e+00 1.518e+00
#1120  4284   1 | 1.03e+00 2.08e-01 -0.181  1.11 | 9.92e-01 8.10e-02 +0.166  0.98 | 2.1e+00 3.2e+00 2.142e+00
#1121  4448   1 | 1.10e+00 1.57e-01 +0.296  0.94 | 9.82e-01 1.51e-01 +0.281  0.94 | 2.0e+00 3.7e+00 2.032e+00
#1122   956   1 | 9.60e-01 1.88e-01 +0.697  0.76 | 9.60e-01 7.92e-02 +0.037  1.00 | 2.2e+00 3.1e+00 1.627e+00
#1123  1364   1 | 1.32e+00 3.98e-01 +0.406  0.85 | 1.02e+00 1.31e-01 +0.106  0.99 | 2.2e+00 3.4e+00 2.497e+00
#1124  4021   1 | 1.04e+00 2.32e-01 +0.045  1.03 | 1.13e+00 8.53e-02 +0.244  0.97 | 2.1e+00 3.9e+00 2.360e+00
#1125  3344   1 | 7.52e-01 8.48e-02 +0.414  0.92 | 9.49e-01 7.04e-02 +0.213  0.97 | 1.7e+00 4.0e+00 1.398e+00
#1126  2584   1 | 1.17e+00 6.16e-01 +0.507  0.74 | 1.17e+00 1.67e-01 +0.114  0.99 | 2.1e+00 3.7e+00 2.365e+00
#1127  1616   1 | 8.25e-01 6.79e-02 +0.183  0.98 | 9.42e-01 6.52e-02 +0.081  0.99 | 2.0e+00 3.0e+00 1.546e+00
#1128   374   1 | 1.13e+00 5.76e-01 +0.646  0.60 | 1.05e+00 2.17e-01 +0.257  0.94 | 2.2e+00 4.3e+00 1.811e+00
#1129  4668   1 | 1.06e+00 1.79e-01 +0.332  0.92 | 9.70e-01 4.28e-02 +0.180  0.99 | 1.8e+00 3.5e+00 1.962e+00
#1130   968   1 | 1.05e+00 4.55e-01 -0.816  1.90 | 1.08e+00 1.28e-01 -0.076  1.03 | 2.0e+00 3.2e+00 3.297e+00
#1131   454   1 | 1.14e+00 7.93e-01 +0.771  0.41 | 9.75e-01 2.21e-01 -0.098  1.10 | 2.2e+00 4.1e+00 1.580e+00
#1132  2989   1 | 4.73e-01 2.08e-01 +0.095  1.11 | 9.87e-01 1.23e-01 +0.297  0.94 | 1.7e+00 3.5e+00 1.166e+00
#1133   173   1 | 1.22e+00 1.93e-01 +0.147  0.98 | 1.10e+00 8.44e-02 +0.226  0.97 | 2.2e+00 4.0e+00 2.649e+00
#1134  4025   1 | 9.94e-01 6.15e-02 +0.330  0.96 | 1.06e+00 8.20e-02 +0.301  0.96 | 1.9e+00 3.5e+00 2.026e+00
#1135  2679   1 | 9.61e-01 3.83e-01 +0.701  0.60 | 1.06e+00 1.83e-01 +0.218  0.95 | 1.8e+00 4.2e+00 1.634e+00
#1136  1836   1 | 1.11e+00 3.84e-01 +0.606  0.70 | 1.06e+00 1.21e-01 +0.059  1.00 | 1.8e+00 4.2e+00 1.980e+00
#1137  2303   1 | 1.20e+00 2.12e-01 +0.537  0.84 | 9.11e-01 1.17e-01 +0.134  0.98 | 1.8e+00 3.7e+00 2.032e+00
#1138  4151   1 | 1.39e+00 1.12e-01 +0.551  0.92 | 1.03e+00 9.05e-02 +0.215  0.97 | 1.7e+00 3.6e+00 2.804e+00
#1139  2312   1 | 1.66e+00 2.34e-01 +0.233  0.95 | 9.65e-01 1.72e-01 +0.256  0.94 | 1.9e+00 3.6e+00 3.492e+00
#1140  1434   1 | 1.08e+00 1.34e-01 +0.802  0.82 | 9.97e-01 7.65e-02 +0.120  0.99 | 2.0e+00 3.7e+00 1.927e+00
#1141  3756   1 | 9.96e-01 2.61e-01 +0.019  1.06 | 1.04e+00 1.38e-01 +0.178  0.97 | 2.0e+00 4.7e+00 2.106e+00
#1142  1993   1 | 8.28e-01 5.73e-02 -0.095  1.02 | 9.54e-01 8.42e-02 +0.229  0.97 | 1.9e+00 4.0e+00 1.577e+00
#1143  4294   1 | 1.11e+00 8.11e-02 -0.394  1.06 | 1.08e+00 1.02e-01 +0.296  0.95 | 1.8e+00 3.3e+00 2.417e+00
#1144  1834   1 | 1.12e+00 1.13e-01 +0.691  0.87 | 1.13e+00 5.94e-02 +0.116  0.99 | 2.0e+00 4.2e+00 2.363e+00
#1145  2910   1 | 1.07e+00 5.85e-01 +0.751  0.48 | 1.04e+00 3.00e-01 +0.136  1.00 | 1.9e+00 4.6e+00 1.629e+00
#1146  3470   1 | 1.07e+00 4.86e-01 +0.606  0.66 | 9.68e-01 1.34e-01 +0.173  0.97 | 2.0e+00 4.3e+00 1.666e+00
#1147  1031   1 | 5.96e-01 3.82e-01 +0.824  0.36 | 1.08e+00 1.52e-01 -0.101  1.05 | 2.1e+00 4.5e+00 1.357e+00
#1148  2484   1 | 5.82e-01 9.89e-02 -0.255  1.12 | 1.05e+00 1.15e-01 +0.173  0.97 | 2.1e+00 3.8e+00 1.456e+00
#1149  2974   1 | 1.29e+00 2.58e-01 +0.231  0.95 | 9.27e-01 1.60e-01 +0.209  0.96 | 1.9e+00 4.1e+00 2.404e+00
#1150  4088   1 | 9.81e-01 4.91e-01 +0.375  0.88 | 1.07e+00 1.87e-01 +0.126  0.99 | 2.0e+00 3.3e+00 1.981e+00
#1151  2281   1 | 1.23e+00 1.05e+00 +0.860  0.26 | 9.89e-01 3.22e-01 +0.219  0.96 | 2.3e+00 5.4e+00 1.336e+00
#1152  1746   1 | 1.31e+00 1.58e-01 +0.433  0.91 | 1.01e+00 7.97e-02 +0.112  0.99 | 2.2e+00 3.0e+00 2.573e+00
#1153  1895   1 | 6.58e-01 1.41e-01 -0.244  1.15 | 1.07e+00 5.91e-02 +0.138  0.99 | 2.1e+00 3.6e+00 1.628e+00
#1154  2673   1 | 8.94e-01 1.32e-01 +0.337  0.92 | 9.15e-01 8.63e-02 -0.020  1.01 | 2.1e+00 3.2e+00 1.585e+00
#1155  1714   1 | 1.04e+00 7.55e-01 +0.726  0.47 | 8.36e-01 2.01e-01 +0.208  0.96 | 2.3e+00 3.7e+00 1.184e+00
#1156  3756   1 | 1.02e+00 7.75e-01 +0.353  1.04 | 9.45e-01 2.45e-01 +0.180  0.97 | 2.2e+00 4.1e+00 1.957e+00
#1157  3476   1 | 7.38e-01 1.44e-01 -0.078  1.07 | 9.46e-01 1.02e-01 +0.223  0.96 | 2.1e+00 4.1e+00 1.444e+00
#1158  4813   1 | 1.07e+00 2.56e-01 -0.164  1.13 | 9.37e-01 1.14e-01 +0.265  0.95 | 2.0e+00 4.3e+00 2.143e+00
#1159   906   1 | 1.11e+00 9.37e-01 +0.916  0.17 | 1.02e+00 3.35e-01 +0.154  1.01 | 2.2e+00 4.8e+00 1.247e+00
#1160  4320   1 | 1.41e+00 4.48e-01 +0.548  0.75 | 1.01e+00 1.66e-01 +0.068  1.00 | 1.8e+00 3.7e+00 2.529e+00
#1161  2183   1 | 1.15e+00 4.59e-02 -0.020  1.00 | 9.43e-01 9.36e-02 +0.248  0.96 | 2.0e+00 3.2e+00 2.170e+00
#1162   369   1 | 5.12e-01 7.23e-02 +0.064  1.00 | 9.97e-01 9.15e-02 +0.019  1.01 | 2.2e+00 3.0e+00 1.262e+00
#1163  2517   1 | 1.11e+00 3.66e-01 +0.717  0.64 | 9.80e-01 1.54e-01 +0.181  0.97 | 2.0e+00 4.2e+00 1.708e+00
#1164  4938   1 | 1.15e+00 2.69e-01 +0.158  0.98 | 9.88e-01 1.41e-01 +0.388  0.91 | 1.9e+00 3.6e+00 2.182e+00
#1165  3500   1 | 1.05e+00 2.16e-01 +0.715  0.75 | 1.03e+00 1.13e-01 +0.127  0.98 | 1.8e+00 3.3e+00 1.866e+00
#1166  3220   1 | 9.00e-01 4.43e-01 +0.831  0.42 | 9.51e-01 1.64e-01 +0.062  1.01 | 1.8e+00 4.0e+00 1.255e+00
#1167   929   1 | 1.04e+00 2.53e-01 +0.270  0.93 | 1.02e+00 1.18e-01 +0.094  0.99 | 2.1e+00 3.6e+00 2.039e+00
#1168  1488   1 | 1.30e+00 1.68e-01 +0.157  0.98 | 1.09e+00 1.08e-01 +0.026  1.00 | 2.3e+00 3.9e+00 2.866e+00
#1169   108   1 | 1.08e+00 2.58e-01 +0.515  0.81 | 9.93e-01 1.05e-01 -0.055  1.02 | 2.1e+00 3.4e+00 1.958e+00
#1170  3533   1 | 1.30e+00 1.43e-01 +0.530  0.90 | 9.64e-01 8.00e-02 +0.302  0.96 | 2.1e+00 3.6e+00 2.405e+00
#1171  1247   1 | 1.35e+00 3.31e-01 +0.462  0.83 | 1.00e+00 1.64e-01 -0.061  1.05 | 2.1e+00 4.7e+00 2.561e+00
#1172  4325   1 | 1.31e+00 5.26e-01 +0.717  0.59 | 1.12e+00 2.21e-01 +0.308  0.92 | 1.9e+00 4.0e+00 2.152e+00
#1173  3487   1 | 4.99e-01 1.17e-01 +0.197  0.96 | 1.12e+00 1.01e-01 +0.308  0.95 | 2.2e+00 3.4e+00 1.429e+00
#1174  3213   1 | 1.18e+00 6.71e-01 +0.716  0.51 | 1.05e+00 2.33e-01 +0.160  0.98 | 1.9e+00 4.8e+00 1.802e+00
#1175   382   1 | 1.00e+00 9.37e-01 +0.877  0.23 | 1.07e+00 1.61e-01 +0.149  0.98 | 2.5e+00 4.4e+00 1.365e+00
#1176   727   1 | 8.21e-01 8.03e-01 +0.813  0.37 | 1.01e+00 2.05e-01 +0.166  0.97 | 2.5e+00 3.5e+00 1.246e+00
#1177  3512   1 | 1.13e+00 2.50e-01 +0.336  0.90 | 1.01e+00 9.44e-02 +0.170  0.98 | 2.4e+00 3.7e+00 2.137e+00
#1178  3791   1 | 5.76e-01 3.50e-01 +0.592  0.65 | 1.03e+00 9.27e-02 +0.146  0.98 | 2.4e+00 3.7e+00 1.255e+00
#1179  4345   1 | 8.63e-01 1.51e-01 +0.657  0.80 | 9.10e-01 1.04e-01 +0.209  0.97 | 2.0e+00 3.9e+00 1.395e+00
#1180   636   1 | 1.18e+00 1.09e+00 +0.770  0.43 | 9.58e-01 2.38e-01 +0.032  1.05 | 2.6e+00 3.8e+00 1.557e+00
#1181  1141   1 | 7.01e-01 5.33e-01 +0.461  0.88 | 1.00e+00 1.38e-01 +0.175  0.97 | 2.4e+00 4.5e+00 1.407e+00
#1182  3293   1 | 1.00e+00 2.60e-01 +0.270  0.93 | 8.61e-01 1.10e-01 +0.183  0.97 | 1.8e+00 3.9e+00 1.651e+00
#1183   463   1 | 7.04e-01 5.07e-01 +0.483  0.82 | 1.09e+00 1.88e-01 +0.128  0.99 | 2.4e+00 3.8e+00 1.575e+00
#1184  2645   1 | 6.06e-01 8.51e-02 +0.706  0.82 | 1.08e+00 6.48e-02 +0.102  0.99 | 2.5e+00 4.1e+00 1.467e+00
#1185  3224   1 | 7.23e-01 3.18e-01 +0.401  0.84 | 1.09e+00 1.68e-01 +0.122  0.99 | 2.3e+00 3.5e+00 1.607e+00
#1186  4620   1 | 7.30e-01 2.66e-01 +0.395  0.85 | 9.49e-01 1.02e-01 +0.384  0.93 | 2.1e+00 4.0e+00 1.287e+00
#1187  4152   1 | 1.19e+00 8.12e-01 +0.728  0.47 | 9.58e-01 1.98e-01 +0.090  1.01 | 2.3e+00 4.4e+00 1.587e+00
#1188  1150   1 | 1.08e+00 5.73e-01 +0.598  0.65 | 9.68e-01 1.67e-01 +0.011  1.03 | 2.3e+00 3.5e+00 1.720e+00
#1189  4217   1 | 1.06e+00 4.32e-01 +0.223  0.98 | 1.03e+00 1.15e-01 +0.199  0.97 | 2.3e+00 3.4e+00 2.126e+00
#1190  2100   1 | 1.04e+00 2.64e-01 +0.244  0.94 | 1.02e+00 9.26e-02 +0.140  0.98 | 2.3e+00 3.9e+00 2.039e+00
#1191  1850   1 | 1.29e+00 1.28e-01 +0.569  0.90 | 9.64e-01 1.12e-01 +0.165  0.98 | 2.3e+00 3.2e+00 2.411e+00
#1192  2637   1 | 4.72e-01 3.13e-01 +0.214  1.16 | 9.87e-01 1.24e-01 +0.196  0.97 | 2.5e+00 4.3e+00 1.200e+00
#1193  3258   1 | 1.03e+00 2.55e-02 -0.032  1.00 | 1.13e+00 8.08e-02 +0.178  0.98 | 2.0e+00 3.6e+00 2.319e+00
#1194   113   1 | 5.68e-01 3.17e-01 +0.375  0.89 | 9.77e-01 9.63e-02 +0.018  1.01 | 2.6e+00 3.5e+00 1.250e+00
#1195  4934   1 | 5.27e-01 2.30e-01 +0.469  0.78 | 1.03e+00 8.56e-02 +0.347  0.95 | 2.3e+00 3.2e+00 1.222e+00
#1196  2100   1 | 1.11e+00 4.93e-01 +0.775  0.51 | 9.80e-01 1.81e-01 +0.149  0.98 | 2.4e+00 3.5e+00 1.567e+00
#1197   901   1 | 5.78e-01 3.93e-02 +0.656  0.92 | 1.05e+00 1.16e-01 +0.264  0.95 | 2.5e+00 3.3e+00 1.363e+00
#1198  3773   1 | 1.32e+00 4.50e-01 +0.239  0.95 | 1.02e+00 1.50e-01 +0.223  0.96 | 2.4e+00 3.6e+00 2.655e+00
#1199  1175   1 | 7.71e-01 3.30e-01 +0.263  0.96 | 9.59e-01 1.11e-01 +0.074  1.00 | 2.4e+00 3.8e+00 1.485e+00
#1200  4312   1 | 9.81e-01 1.93e-01 +0.291  0.92 | 1.02e+00 7.69e-02 +0.236  0.97 | 2.3e+00 4.0e+00 1.894e+00
#1201  4716   1 | 1.12e+00 7.06e-01 +0.821  0.36 | 1.02e+00 1.41e-01 +0.299  0.94 | 2.3e+00 4.0e+00 1.423e+00
#1202  3384   1 | 9.11e-01 2.59e-01 -0.135  1.16 | 9.18e-01 1.22e-01 +0.259  0.95 | 2.2e+00 2.9e+00 1.760e+00
#1203  1978   1 | 1.12e+00 2.29e-01 +0.268  0.93 | 1.01e+00 7.25e-02 +0.049  1.00 | 2.5e+00 4.1e+00 2.186e+00
#1204  2408   1 | 1.02e+00 1.57e-01 -0.204  1.09 | 9.92e-01 7.44e-02 +0.053  1.00 | 2.6e+00 3.4e+00 2.117e+00
#1205   559   1 | 9.65e-01 2.33e-01 +0.499  0.82 | 1.03e+00 1.03e-01 -0.046  1.02 | 2.6e+00 3.9e+00 1.847e+00
#1206  4632   1 | 1.08e+00 2.07e-01 -0.146  1.09 | 9.37e-01 7.30e-02 +0.341  0.95 | 2.4e+00 4.1e+00 2.109e+00
#1207   898   1 | 8.26e-01 2.35e-01 +0.499  0.80 | 9.54e-01 1.25e-01 +0.239  0.95 | 2.4e+00 3.5e+00 1.412e+00
#1208  1513   1 | 1.05e+00 7.73e-01 +0.803  0.36 | 1.08e+00 1.99e-01 +0.181  0.97 | 2.6e+00 4.4e+00 1.531e+00
#1209  4088   1 | 1.09e+00 1.99e-01 +0.481  0.86 | 9.70e-01 1.07e-01 +0.163  0.98 | 2.5e+00 3.4e+00 1.927e+00
#1210   505   1 | 1.21e+00 1.13e+00 +0.746  0.48 | 1.05e+00 2.66e-01 +0.139  0.99 | 2.6e+00 4.4e+00 1.805e+00
#1211  3378   1 | 1.29e+00 1.12e-01 +0.184  0.98 | 1.09e+00 1.02e-01 +0.110  0.99 | 2.0e+00 3.8e+00 2.815e+00
#1212  1956   1 | 1.34e+00 3.58e-01 +0.593  0.76 | 1.00e+00 1.59e-01 -0.053  1.04 | 2.5e+00 3.8e+00 2.411e+00
#1213  1043   1 | 5.53e-01 3.53e-01 +0.719  0.49 | 1.04e+00 1.07e-01 +0.063  1.00 | 2.3e+00 3.5e+00 1.234e+00
#1214  2648   1 | 1.08e+00 4.60e-01 +0.616  0.66 | 9.93e-01 1.07e-01 +0.077  1.00 | 2.4e+00 3.9e+00 1.742e+00
#1215  3299   1 | 9.74e-01 2.61e-01 +0.390  0.86 | 1.07e+00 1.42e-01 +0.142  0.98 | 1.7e+00 3.9e+00 1.950e+00
#1216  1860   1 | 1.08e+00 1.28e+00 +0.699  0.75 | 1.04e+00 3.15e-01 +0.138  1.01 | 2.7e+00 4.6e+00 1.962e+00
#1217  3858   1 | 1.17e+00 2.64e-01 +0.535  0.81 | 9.11e-01 1.00e-01 +0.208  0.97 | 2.4e+00 4.1e+00 1.910e+00
#1218  4796   1 | 7.23e-01 4.24e-01 +0.330  0.96 | 9.46e-01 1.31e-01 +0.320  0.93 | 2.6e+00 4.0e+00 1.334e+00
#1219  3137   1 | 8.68e-01 4.00e-01 +0.735  0.54 | 9.10e-01 1.10e-01 +0.103  0.99 | 2.1e+00 3.0e+00 1.222e+00
#1220  3988   1 | 1.12e+00 7.21e-01 +0.682  0.54 | 1.06e+00 2.32e-01 +0.328  0.90 | 2.5e+00 3.4e+00 1.695e+00
#1221  4610   1 | 1.40e+00 3.29e-01 +0.488  0.83 | 1.01e+00 1.18e-01 +0.111  0.99 | 2.4e+00 4.3e+00 2.634e+00
#1222    44   1 | 6.23e-01 4.12e-01 +0.494  0.78 | 1.03e+00 1.47e-01 -0.002  1.02 | 2.6e+00 4.0e+00 1.385e+00
#1223  4297   1 | 1.12e+00 7.69e-01 +0.500  0.78 | 9.75e-01 2.06e-01 +0.221  0.95 | 2.5e+00 3.6e+00 1.891e+00
#1224  1295   1 | 1.14e+00 2.38e-01 +0.107  1.00 | 9.88e-01 1.18e-01 -0.052  1.03 | 2.4e+00 3.8e+00 2.303e+00
#1225  2474   1 | 1.13e+00 5.07e-01 +0.637  0.63 | 1.05e+00 2.14e-01 +0.285  0.93 | 2.5e+00 3.7e+00 1.821e+00
#1226  3546   1 | 1.28e+00 3.22e-01 +0.414  0.85 | 1.01e+00 1.34e-01 +0.254  0.95 | 2.4e+00 3.8e+00 2.381e+00
#1227  2619   1 | 8.31e-01 4.07e-01 +0.273  0.97 | 9.42e-01 1.25e-01 -0.023  1.02 | 2.5e+00 3.6e+00 1.580e+00
#1228  1274   1 | 1.38e+00 8.21e-02 +0.685  0.92 | 1.03e+00 7.25e-02 +0.010  1.00 | 2.4e+00 3.7e+00 2.812e+00
#1229  2321   1 | 1.00e+00 3.68e-01 +0.377  0.86 | 8.61e-01 1.07e-01 +0.096  0.99 | 2.4e+00 3.4e+00 1.592e+00
#1230  4541   1 | 9.20e-01 4.47e-01 +0.873  0.39 | 9.51e-01 1.57e-01 +0.207  0.96 | 2.1e+00 3.7e+00 1.194e+00
#1231  2677   1 | 4.96e-01 3.69e-02 -0.693  1.11 | 1.12e+00 8.05e-02 +0.083  0.99 | 2.4e+00 2.7e+00 1.513e+00
#1232  1853   1 | 1.10e+00 2.61e-01 +0.623  0.76 | 1.08e+00 1.11e-01 +0.122  0.99 | 2.3e+00 4.1e+00 2.066e+00
#1233  4804   1 | 1.34e+00 1.52e+00 +0.794  0.49 | 1.12e+00 4.37e-01 +0.312  0.91 | 2.2e+00 5.3e+00 2.015e+00
#1234   513   1 | 7.01e-01 4.21e-01 +0.482  0.78 | 1.00e+00 1.23e-01 +0.163  0.98 | 2.5e+00 4.2e+00 1.364e+00
#1235  1358   1 | 9.64e-01 5.83e-01 +0.802  0.40 | 1.06e+00 1.80e-01 +0.188  0.96 | 2.4e+00 3.6e+00 1.460e+00
#1236  1154   1 | 9.75e-01 9.72e-01 -0.583  3.16 | 1.04e+00 3.06e-01 -0.115  1.15 | 2.3e+00 4.0e+00 4.254e+00
#1237  4966   1 | 9.43e-01 6.61e-02 -0.485  1.07 | 9.60e-01 7.89e-02 +0.344  0.95 | 1.9e+00 3.7e+00 1.831e+00
#1238  3557   1 | 1.05e+00 7.62e-01 +0.863  0.28 | 8.36e-01 2.32e-01 +0.331  0.89 | 2.0e+00 4.1e+00 9.306e-01
#1239   437   1 | 1.31e+00 5.73e-01 +0.574  0.69 | 1.04e+00 2.40e-01 -0.056  1.08 | 2.1e+00 3.9e+00 2.339e+00
#1240  4655   1 | 1.13e+00 1.40e-01 +0.372  0.92 | 1.13e+00 1.21e-01 +0.337  0.94 | 1.6e+00 3.0e+00 2.392e+00
#1241   842   1 | 1.15e+00 4.56e-02 +0.105  0.99 | 9.43e-01 5.88e-02 +0.198  0.98 | 1.7e+00 3.7e+00 2.174e+00
#1242   600   1 | 8.21e-01 2.47e-01 +0.733  0.65 | 1.01e+00 1.20e-01 +0.223  0.96 | 1.7e+00 3.7e+00 1.425e+00
#1243  1986   1 | 5.13e-01 2.26e-02 +0.110  0.99 | 9.97e-01 7.28e-02 -0.010  1.01 | 1.4e+00 3.1e+00 1.262e+00
#1244  2517   1 | 6.58e-01 3.42e-02 -0.387  1.04 | 1.07e+00 6.28e-02 +0.206  0.98 | 1.5e+00 4.0e+00 1.572e+00
#1245  2701   1 | 1.29e+00 9.76e-02 +0.228  0.97 | 9.27e-01 1.20e-01 +0.202  0.96 | 1.4e+00 4.2e+00 2.452e+00
#1246  3527   1 | 1.02e+00 8.04e-02 +0.361  0.95 | 9.45e-01 7.87e-02 +0.152  0.98 | 1.5e+00 3.7e+00 1.859e+00
#1247    27   1 | 1.22e+00 1.61e-01 -0.009  1.02 | 1.10e+00 1.03e-01 +0.173  0.98 | 1.6e+00 3.3e+00 2.717e+00
#1248  3686   1 | 4.58e-01 7.37e-02 +0.033  1.02 | 1.00e+00 1.49e-01 +0.224  0.96 | 1.4e+00 3.3e+00 1.171e+00
#1249  1959   1 | 9.71e-01 1.32e-02 -0.245  1.01 | 1.06e+00 8.11e-02 +0.196  0.98 | 1.2e+00 3.5e+00 2.041e+00
#1250   873   1 | 8.89e-01 4.50e-02 +0.569  0.94 | 9.15e-01 9.92e-02 +0.013  1.01 | 1.4e+00 4.1e+00 1.591e+00
#1251  1750   1 | 1.11e+00 7.61e-02 +0.188  0.98 | 9.82e-01 1.05e-01 +0.147  0.98 | 1.3e+00 3.4e+00 2.143e+00
#1252  1174   1 | 1.08e+00 1.17e-01 +0.805  0.84 | 9.97e-01 9.86e-02 +0.087  0.99 | 1.3e+00 3.3e+00 1.956e+00
#1253  4863   1 | 1.31e+00 4.43e-03 -0.317  1.00 | 1.08e+00 8.09e-02 +0.346  0.95 | 1.2e+00 3.8e+00 2.828e+00
#1254  1099   1 | 1.65e+00 2.21e-02 -0.107  1.00 | 9.65e-01 9.46e-02 +0.009  1.01 | 1.3e+00 3.4e+00 3.682e+00
#1255  3406   1 | 9.88e-01 4.53e-01 +0.867  0.42 | 1.07e+00 2.28e-01 +0.243  0.94 | 1.4e+00 4.3e+00 1.493e+00
#1256   561   1 | 1.23e+00 3.91e-01 +0.871  0.55 | 9.89e-01 2.51e-01 +0.220  0.95 | 1.4e+00 4.9e+00 1.766e+00
#1257  4538   1 | 1.18e+00 4.65e-02 -0.040  1.00 | 1.17e+00 8.87e-02 +0.324  0.96 | 1.2e+00 3.8e+00 2.694e+00
#1258  1371   1 | 9.22e-01 2.23e-01 +0.813  0.67 | 9.51e-01 1.66e-01 +0.019  1.02 | 1.4e+00 3.8e+00 1.492e+00
#1259  2834   1 | 1.30e+00 7.99e-02 +0.615  0.93 | 9.64e-01 9.27e-02 +0.255  0.96 | 1.5e+00 3.0e+00 2.454e+00
#1260  1257   1 | 8.24e-01 7.67e-02 +0.166  0.98 | 9.42e-01 8.70e-02 -0.001  1.01 | 1.6e+00 3.4e+00 1.559e+00
#1261  1227   1 | 1.65e+00 4.14e-02 +0.350  0.98 | 9.65e-01 1.18e-01 +0.122  0.99 | 1.7e+00 3.1e+00 3.607e+00
#1262   781   1 | 9.07e-01 3.60e-02 +0.058  1.00 | 9.18e-01 1.04e-01 +0.121  0.99 | 1.8e+00 3.3e+00 1.650e+00
#1263  1147   1 | 7.01e-01 1.73e-01 +0.652  0.74 | 1.00e+00 1.03e-01 +0.174  0.97 | 1.8e+00 4.1e+00 1.343e+00
#1264  4571   1 | 1.08e+00 9.91e-02 -0.168  1.04 | 9.37e-01 7.00e-02 +0.339  0.95 | 1.6e+00 3.7e+00 2.054e+00
#1265   546   1 | 1.38e+00 3.71e-01 +0.607  0.75 | 1.03e+00 1.01e-01 -0.078  1.03 | 2.0e+00 3.2e+00 2.499e+00
#1266  2004   1 | 1.30e+00 1.27e-01 +0.357  0.94 | 1.09e+00 9.86e-02 +0.079  0.99 | 1.9e+00 3.5e+00 2.788e+00
#1267  2588   1 | 1.00e+00 2.16e-01 +0.467  0.84 | 8.61e-01 9.85e-02 +0.141  0.98 | 2.2e+00 3.5e+00 1.572e+00
#1268  1943   1 | 1.29e+00 2.42e-01 +0.717  0.77 | 1.08e+00 1.25e-01 +0.138  0.98 | 2.1e+00 2.7e+00 2.418e+00
#1269  3616   1 | 1.02e+00 2.51e-01 +0.144  0.99 | 1.02e+00 1.45e-01 +0.292  0.94 | 2.2e+00 3.2e+00 2.011e+00
#1270  4254   1 | 1.30e+00 5.29e-02 +0.433  0.97 | 1.04e+00 8.41e-02 +0.195  0.97 | 2.2e+00 3.9e+00 2.684e+00
#1271  4153   1 | 5.14e-01 2.94e-01 +0.044  1.28 | 9.97e-01 1.77e-01 +0.280  0.93 | 2.1e+00 3.5e+00 1.264e+00
#1272  2669   1 | 7.44e-01 1.82e-01 +0.419  0.86 | 9.49e-01 1.07e-01 +0.036  1.00 | 2.3e+00 4.5e+00 1.378e+00
#1273  1267   1 | 7.71e-01 8.45e-02 -0.189  1.05 | 9.59e-01 7.10e-02 +0.031  1.00 | 2.4e+00 2.8e+00 1.547e+00
#1274   542   1 | 9.60e-01 2.59e-01 +0.616  0.74 | 9.60e-01 8.15e-02 -0.024  1.01 | 2.5e+00 4.2e+00 1.615e+00
#1275   648   1 | 8.21e-01 2.60e-01 +0.623  0.71 | 1.01e+00 5.83e-02 +0.191  0.98 | 2.5e+00 3.5e+00 1.483e+00
#1276  4091   1 | 1.07e+00 2.54e-01 +0.838  0.66 | 9.97e-01 9.62e-02 +0.156  0.98 | 2.4e+00 4.1e+00 1.733e+00
#1277   109   1 | 1.11e+00 5.76e-01 +0.807  0.43 | 9.80e-01 1.65e-01 +0.089  1.00 | 2.6e+00 3.9e+00 1.496e+00
#1278  4158   1 | 1.30e+00 2.73e-01 +0.045  1.03 | 9.27e-01 1.33e-01 +0.233  0.95 | 2.4e+00 4.3e+00 2.540e+00
#1279    66   1 | 1.14e+00 2.62e-01 +0.166  0.98 | 9.88e-01 1.18e-01 -0.063  1.03 | 2.7e+00 3.6e+00 2.279e+00
#1280  2657   1 | 6.31e-01 8.41e-02 +0.487  0.89 | 1.03e+00 8.19e-02 +0.098  0.99 | 2.7e+00 3.8e+00 1.402e+00
#1281  3896   1 | 1.13e+00 5.02e-01 +0.326  0.91 | 1.01e+00 1.32e-01 +0.146  0.98 | 2.6e+00 3.9e+00 2.159e+00
#1282  3350   1 | 1.18e+00 3.43e-01 +0.551  0.76 | 9.58e-01 7.89e-02 +0.021  1.00 | 2.5e+00 3.3e+00 1.982e+00
#1283   345   1 | 1.07e+00 1.28e-01 +0.871  0.81 | 1.03e+00 1.20e-01 +0.012  1.01 | 2.9e+00 3.5e+00 1.993e+00
#1284  3845   1 | 5.90e-01 8.66e-02 -0.677  1.22 | 1.05e+00 7.83e-02 +0.166  0.98 | 2.7e+00 3.3e+00 1.511e+00
#1285  1103   1 | 1.11e+00 1.02e+00 +0.879  0.23 | 1.02e+00 3.05e-01 +0.159  0.99 | 2.7e+00 4.4e+00 1.311e+00
#1286  2974   1 | 1.19e+00 6.37e-01 +0.796  0.43 | 1.05e+00 1.64e-01 +0.181  0.97 | 2.8e+00 4.0e+00 1.691e+00
#1287  2951   1 | 1.08e+00 4.01e-01 +0.314  0.90 | 9.70e-01 9.10e-02 -0.077  1.02 | 2.9e+00 5.1e+00 2.017e+00
#1288  4380   1 | 5.67e-01 2.15e-01 +0.282  0.93 | 9.77e-01 7.54e-02 +0.352  0.95 | 2.8e+00 3.8e+00 1.208e+00
#1289   144   1 | 9.72e-01 3.99e-01 +0.438  0.81 | 1.02e+00 1.51e-01 +0.026  1.01 | 3.0e+00 3.2e+00 1.815e+00
#1290   794   1 | 4.46e-01 3.14e-01 -0.164  1.72 | 1.00e+00 1.19e-01 +0.093  0.99 | 2.9e+00 3.1e+00 1.339e+00
#1291  1398   1 | 1.11e+00 7.67e-01 +0.652  0.58 | 1.06e+00 1.57e-01 +0.004  1.02 | 3.0e+00 3.6e+00 1.853e+00
#1292   699   1 | 1.14e+00 5.62e-01 +0.758  0.50 | 9.75e-01 1.58e-01 -0.081  1.05 | 3.0e+00 3.4e+00 1.649e+00
#1293   128   1 | 8.89e-01 2.03e-01 +0.538  0.81 | 9.15e-01 1.04e-01 +0.043  1.00 | 3.0e+00 2.7e+00 1.477e+00
#1294  1695   1 | 9.75e-01 5.31e-01 -0.087  1.39 | 1.04e+00 7.32e-02 -0.105  1.02 | 3.0e+00 4.1e+00 2.432e+00
#1295  1687   1 | 1.15e+00 1.31e-01 +0.020  1.01 | 9.43e-01 8.87e-02 +0.194  0.97 | 3.0e+00 3.1e+00 2.188e+00
#1296   828   1 | 1.12e+00 5.36e-01 +0.689  0.57 | 1.13e+00 1.22e-01 +0.145  0.98 | 3.0e+00 3.4e+00 1.977e+00
#1297    87   1 | 1.03e+00 2.26e-01 +0.362  0.89 | 9.92e-01 9.72e-02 -0.015  1.01 | 2.9e+00 3.7e+00 1.931e+00
#1298  2660   1 | 9.97e-01 8.48e-01 +0.890  0.21 | 1.07e+00 1.48e-01 +0.178  0.97 | 3.0e+00 3.3e+00 1.328e+00
#1299  3154   1 | 1.31e+00 1.30e+00 +0.782  0.44 | 1.12e+00 1.76e-01 +0.264  0.94 | 2.7e+00 4.4e+00 1.926e+00
#1300  1472   1 | 1.21e+00 6.84e-01 +0.478  0.78 | 9.11e-01 1.31e-01 +0.053  1.01 | 2.9e+00 2.9e+00 1.969e+00
#1301  3355   1 | 5.68e-01 4.65e-01 +0.486  0.87 | 1.03e+00 9.98e-02 +0.134  0.98 | 2.7e+00 2.8e+00 1.323e+00
#1302  2064   1 | 1.40e+00 3.98e-01 +0.792  0.63 | 1.01e+00 1.14e-01 -0.022  1.02 | 2.8e+00 3.5e+00 2.284e+00
#1303  3806   1 | 8.84e-01 7.40e-01 +0.749  0.45 | 9.10e-01 1.16e-01 +0.107  0.99 | 2.5e+00 3.9e+00 1.168e+00
#1304  4394   1 | 5.50e-01 5.46e-01 +0.760  0.48 | 1.04e+00 7.11e-02 +0.320  0.96 | 2.5e+00 3.3e+00 1.188e+00
#1305  4579   1 | 1.17e+00 3.83e-01 +0.017  1.09 | 1.17e+00 1.09e-01 +0.182  0.97 | 2.4e+00 3.7e+00 2.842e+00
#1306  1758   1 | 1.04e+00 8.42e-01 +0.862  0.26 | 8.36e-01 1.16e-01 +0.162  0.97 | 2.6e+00 4.4e+00 9.630e-01
#1307    70   1 | 7.05e-01 1.58e-01 +0.667  0.75 | 1.09e+00 7.05e-02 +0.086  0.99 | 2.5e+00 3.7e+00 1.548e+00
#1308  3859   1 | 6.35e-01 2.95e-02 -0.250  1.03 | 1.08e+00 4.50e-02 +0.156  0.99 | 2.3e+00 4.1e+00 1.575e+00
#1309   269   1 | 1.31e+00 1.79e-01 -0.137  1.06 | 1.01e+00 7.75e-02 +0.034  1.00 | 2.5e+00 3.9e+00 2.843e+00
#1310  4771   1 | 9.69e-01 2.66e-01 +0.800  0.64 | 1.06e+00 1.11e-01 +0.315  0.95 | 2.2e+00 3.8e+00 1.667e+00
#1311  1913   1 | 1.23e+00 1.20e+00 +0.959  0.08 | 9.89e-01 3.29e-01 +0.204  0.97 | 2.3e+00 5.3e+00 1.076e+00
#1312   487   1 | 4.70e-01 1.71e-01 +0.141  1.03 | 9.87e-01 1.06e-01 +0.158  0.98 | 2.3e+00 3.3e+00 1.180e+00
#1313  4335   1 | 1.10e+00 2.99e-01 +0.658  0.72 | 1.08e+00 1.44e-01 +0.242  0.95 | 2.1e+00 3.8e+00 1.993e+00
#1314  1319   1 | 1.35e+00 4.82e-01 +0.149  1.02 | 1.00e+00 1.98e-01 -0.081  1.07 | 2.3e+00 3.5e+00 2.926e+00
#1315  4595   1 | 9.71e-01 2.31e-01 +0.235  0.94 | 1.03e+00 8.44e-02 +0.345  0.95 | 1.9e+00 3.6e+00 1.904e+00
#1316  3331   1 | 4.99e-01 1.28e-01 +0.382  0.87 | 1.12e+00 1.32e-01 +0.185  0.97 | 2.3e+00 3.3e+00 1.427e+00
#1317  1601   1 | 1.05e+00 3.61e-01 -0.572  1.51 | 1.08e+00 1.63e-01 -0.044  1.04 | 2.1e+00 3.6e+00 2.875e+00
#1318  3377   1 | 1.08e+00 2.77e-01 +0.269  0.93 | 9.82e-01 1.38e-01 +0.215  0.96 | 2.1e+00 3.6e+00 2.009e+00
#1319  4303   1 | 1.01e+00 6.36e-02 +0.486  0.94 | 9.45e-01 7.10e-02 +0.144  0.98 | 1.6e+00 3.4e+00 1.844e+00
#1320  2905   1 | 1.02e+00 5.07e-02 +0.366  0.97 | 1.13e+00 7.14e-02 +0.155  0.98 | 1.7e+00 4.4e+00 2.278e+00
#1321  2157   1 | 9.60e-01 2.94e-01 +0.174  0.99 | 1.07e+00 1.29e-01 +0.129  0.98 | 1.6e+00 3.5e+00 2.046e+00
#1322  2101   1 | 8.28e-01 5.64e-02 +0.610  0.92 | 9.54e-01 1.07e-01 +0.236  0.96 | 1.5e+00 2.3e+00 1.505e+00
#1323  2328   1 | 1.08e+00 1.09e-01 +0.799  0.85 | 9.93e-01 1.03e-01 +0.045  1.00 | 1.3e+00 4.1e+00 1.973e+00
#1324  3999   1 | 1.10e+00 2.91e-01 +0.589  0.76 | 1.05e+00 1.73e-01 +0.329  0.92 | 1.5e+00 4.4e+00 1.926e+00
#1325  1535   1 | 1.08e+00 1.62e-01 +0.630  0.83 | 9.68e-01 1.19e-01 +0.041  1.00 | 1.4e+00 3.9e+00 1.918e+00
#1326  2442   1 | 7.31e-01 1.73e-01 +0.196  0.96 | 9.46e-01 1.25e-01 +0.236  0.96 | 1.7e+00 3.7e+00 1.369e+00
#1327  3186   1 | 6.59e-01 6.85e-02 -0.293  1.07 | 1.07e+00 9.57e-02 +0.197  0.97 | 1.9e+00 3.6e+00 1.578e+00
#1328  4989   1 | 1.22e+00 4.18e-02 +0.157  0.99 | 1.10e+00 9.18e-02 +0.431  0.94 | 1.1e+00 3.4e+00 2.604e+00
#1329  1110   1 | 1.32e+00 3.12e-01 +0.449  0.84 | 1.02e+00 1.59e-01 +0.085  1.00 | 1.7e+00 3.1e+00 2.502e+00
#1330  2864   1 | 9.77e-01 5.96e-02 -0.023  1.01 | 1.06e+00 7.59e-02 +0.214  0.97 | 1.7e+00 3.2e+00 2.051e+00
#1331  4205   1 | 1.05e+00 1.38e-01 +0.662  0.84 | 1.04e+00 1.05e-01 +0.209  0.97 | 1.5e+00 4.8e+00 1.972e+00
#1332  2839   1 | 6.58e-01 5.98e-02 -0.464  1.09 | 1.07e+00 6.70e-02 +0.238  0.97 | 1.7e+00 4.2e+00 1.588e+00
#1333  1425   1 | 7.71e-01 1.09e-01 -0.358  1.12 | 9.59e-01 1.04e-01 +0.115  0.99 | 1.7e+00 3.7e+00 1.574e+00
#1334  2378   1 | 1.40e+00 4.55e-01 +0.839  0.56 | 1.01e+00 2.02e-01 -0.025  1.05 | 2.1e+00 4.2e+00 2.181e+00
#1335  3128   1 | 9.59e-01 5.58e-01 +0.746  0.47 | 1.06e+00 1.85e-01 +0.214  0.96 | 1.9e+00 3.8e+00 1.514e+00
#1336  4070   1 | 1.12e+00 3.11e-01 +0.690  0.69 | 1.06e+00 1.97e-01 +0.331  0.91 | 1.7e+00 3.8e+00 1.903e+00
#1337  4621   1 | 8.14e-01 1.79e-02 -0.088  1.00 | 9.42e-01 6.03e-02 +0.236  0.97 | 1.4e+00 3.2e+00 1.529e+00
#1338  4919   1 | 1.01e+00 6.64e-01 +0.755  0.44 | 1.07e+00 1.81e-01 +0.376  0.90 | 1.8e+00 4.0e+00 1.494e+00
#1339  1201   1 | 1.09e+00 3.59e-02 +0.150  0.99 | 9.37e-01 6.71e-02 +0.158  0.98 | 2.0e+00 2.5e+00 2.036e+00
#1340  2995   1 | 5.75e-01 6.63e-02 +0.524  0.89 | 9.77e-01 8.60e-02 +0.224  0.97 | 2.0e+00 3.3e+00 1.220e+00
#1341  4804   1 | 1.14e+00 3.38e-01 +0.648  0.70 | 1.13e+00 1.08e-01 +0.411  0.93 | 2.0e+00 3.1e+00 2.111e+00
#1342  4825   1 | 1.15e+00 1.78e-01 +0.188  0.97 | 9.88e-01 1.00e-01 +0.459  0.92 | 2.0e+00 4.4e+00 2.170e+00
#1343  3322   1 | 7.26e-01 1.78e-01 +0.824  0.66 | 1.09e+00 1.14e-01 +0.108  0.99 | 2.4e+00 2.8e+00 1.515e+00
#1344  1358   1 | 7.29e-01 2.50e-01 +0.338  0.89 | 9.46e-01 1.20e-01 +0.051  1.00 | 2.3e+00 4.0e+00 1.368e+00
#1345  1211   1 | 1.32e+00 1.21e+00 +0.842  0.30 | 1.12e+00 2.97e-01 +0.231  0.95 | 2.4e+00 4.2e+00 1.710e+00
#1346  3200   1 | 9.71e-01 3.40e-01 +0.860  0.52 | 9.60e-01 1.30e-01 +0.147  0.98 | 2.5e+00 3.9e+00 1.392e+00
#1347  3887   1 | 9.10e-01 1.17e-01 +0.079  1.00 | 9.18e-01 6.41e-02 +0.290  0.96 | 2.4e+00 4.9e+00 1.637e+00
#1348   141   1 | 9.98e-01 2.65e-01 +0.578  0.76 | 8.61e-01 7.87e-02 +0.048  1.00 | 2.5e+00 3.2e+00 1.502e+00
#1349  4730   1 | 6.12e-01 1.29e-01 +0.324  0.91 | 1.03e+00 1.02e-01 +0.452  0.92 | 2.3e+00 3.5e+00 1.314e+00
#1350  3966   1 | 1.28e+00 4.18e-01 +0.226  0.96 | 1.01e+00 1.59e-01 +0.384  0.90 | 2.5e+00 4.2e+00 2.486e+00
#1351  3266   1 | 8.99e-01 1.08e+00 +0.812  0.49 | 9.51e-01 2.30e-01 +0.052  1.03 | 2.3e+00 3.2e+00 1.334e+00
#1352    24   1 | 1.32e+00 6.79e-01 +0.432  0.82 | 1.02e+00 1.88e-01 +0.093  1.00 | 2.6e+00 3.6e+00 2.465e+00
#1353   388   1 | 9.66e-01 1.85e-01 +0.540  0.83 | 1.03e+00 1.18e-01 -0.007  1.01 | 2.6e+00 3.6e+00 1.854e+00
#1354   456   1 | 1.08e+00 4.70e-01 +0.796  0.50 | 9.97e-01 1.15e-01 +0.074  1.00 | 2.6e+00 3.5e+00 1.566e+00
#1355  4739   1 | 1.31e+00 6.54e-01 +0.121  1.13 | 1.09e+00 1.37e-01 +0.330  0.93 | 2.6e+00 3.7e+00 3.066e+00
#1356  1903   1 | 1.34e+00 3.55e-01 +0.145  0.99 | 1.00e+00 1.62e-01 -0.075  1.05 | 2.6e+00 3.6e+00 2.849e+00
#1357  2905   1 | 1.22e+00 1.14e+00 +0.967  0.07 | 9.89e-01 3.09e-01 +0.191  0.98 | 2.5e+00 4.9e+00 1.054e+00
#1358  2812   1 | 4.51e-01 1.16e-01 +0.506  0.81 | 1.00e+00 5.62e-02 +0.122  0.99 | 2.5e+00 3.2e+00 1.157e+00
#1359  3872   1 | 1.16e+00 9.58e-01 +0.772  0.41 | 1.05e+00 3.28e-01 +0.179  0.99 | 2.4e+00 5.3e+00 1.647e+00
#1360   297   1 | 5.45e-01 1.19e-01 +0.560  0.80 | 1.03e+00 9.09e-02 +0.190  0.97 | 2.6e+00 3.4e+00 1.270e+00
#1361  1979   1 | 1.10e+00 1.79e-01 -0.011  1.03 | 9.82e-01 1.06e-01 +0.116  0.99 | 2.4e+00 2.9e+00 2.208e+00
#1362  1648   1 | 1.65e+00 3.44e-01 +0.254  0.94 | 9.65e-01 1.18e-01 +0.203  0.97 | 2.4e+00 3.6e+00 3.465e+00
#1363  2515   1 | 8.59e-01 4.27e-01 +0.731  0.52 | 9.10e-01 9.83e-02 +0.078  0.99 | 2.4e+00 3.9e+00 1.207e+00
#1364   902   1 | 9.57e-01 1.66e-01 +0.389  0.90 | 1.07e+00 8.40e-02 +0.143  0.98 | 2.4e+00 3.4e+00 1.956e+00
#1365   767   1 | 1.21e+00 4.79e-01 +0.652  0.64 | 9.11e-01 1.59e-01 +0.047  1.01 | 2.4e+00 3.8e+00 1.776e+00
#1366    82   1 | 1.10e+00 9.76e-01 +0.621  0.69 | 1.08e+00 2.76e-01 +0.063  1.03 | 2.5e+00 4.3e+00 2.036e+00
#1367  4626   1 | 1.18e+00 5.69e-01 +0.608  0.65 | 9.58e-01 1.38e-01 +0.144  0.98 | 2.2e+00 4.2e+00 1.800e+00
#1368  2807   1 | 1.07e+00 2.71e-01 +0.507  0.81 | 9.93e-01 9.33e-02 +0.121  0.99 | 2.1e+00 4.3e+00 1.906e+00
#1369  4025   1 | 1.26e+00 1.59e-01 +0.341  0.93 | 1.08e+00 5.87e-02 +0.245  0.98 | 2.2e+00 3.2e+00 2.626e+00
#1370  1885   1 | 1.31e+00 2.79e-01 +0.508  0.83 | 1.04e+00 1.36e-01 +0.098  0.99 | 2.4e+00 3.0e+00 2.478e+00
#1371  3745   1 | 9.72e-01 2.18e-01 +0.345  0.90 | 1.02e+00 8.87e-02 +0.138  0.98 | 2.0e+00 3.4e+00 1.864e+00
#1372    45   1 | 1.07e+00 3.25e-01 -0.080  1.14 | 9.70e-01 7.69e-02 -0.093  1.02 | 2.5e+00 3.4e+00 2.270e+00
#1373  3475   1 | 1.03e+00 6.96e-02 +0.350  0.96 | 1.13e+00 8.14e-02 +0.203  0.98 | 1.8e+00 3.4e+00 2.274e+00
#1374  2842   1 | 1.13e+00 1.81e-01 +0.205  0.96 | 1.01e+00 9.35e-02 +0.156  0.98 | 2.2e+00 2.7e+00 2.207e+00
#1375  1558   1 | 1.04e+00 1.86e-01 +0.262  0.94 | 1.02e+00 7.26e-02 +0.156  0.98 | 2.4e+00 4.2e+00 2.040e+00
#1376  3198   1 | 1.17e+00 2.39e-01 +0.527  0.83 | 1.17e+00 1.72e-01 +0.131  0.98 | 1.5e+00 3.0e+00 2.469e+00
#1377  2048   1 | 1.08e+00 4.65e-01 +0.647  0.63 | 9.68e-01 9.54e-02 +0.120  0.99 | 2.3e+00 4.2e+00 1.659e+00
#1378  4755   1 | 9.63e-01 5.24e-01 -0.058  1.36 | 1.04e+00 1.36e-01 +0.194  0.97 | 2.3e+00 3.4e+00 2.311e+00
#1379  3120   1 | 8.99e-01 7.95e-02 -0.036  1.01 | 9.15e-01 6.98e-02 -0.077  1.02 | 1.5e+00 3.4e+00 1.672e+00
#1380   450   1 | 5.53e-01 2.75e-01 +0.723  0.53 | 1.04e+00 6.96e-02 +0.028  1.00 | 2.6e+00 4.3e+00 1.248e+00
#1381  1825   1 | 1.14e+00 6.33e-01 +0.703  0.53 | 9.75e-01 1.72e-01 -0.067  1.06 | 2.3e+00 5.0e+00 1.689e+00
#1382  2195   1 | 7.41e-01 1.13e-01 +0.372  0.91 | 9.49e-01 7.28e-02 +0.139  0.98 | 2.3e+00 3.9e+00 1.386e+00
#1383  4177   1 | 4.70e-01 2.53e-01 +0.381  0.88 | 9.87e-01 1.34e-01 +0.366  0.92 | 2.2e+00 4.1e+00 1.091e+00
#1384   359   1 | 1.29e+00 9.35e-02 +0.422  0.94 | 9.64e-01 9.24e-02 +0.224  0.97 | 2.5e+00 3.7e+00 2.482e+00
#1385  4565   1 | 1.09e+00 1.83e-01 +0.652  0.81 | 1.04e+00 8.11e-02 +0.228  0.97 | 2.1e+00 3.7e+00 2.000e+00
#1386  1189   1 | 8.26e-01 1.60e-01 +0.436  0.87 | 9.54e-01 9.51e-02 +0.140  0.98 | 2.1e+00 3.3e+00 1.486e+00
#1387  3674   1 | 6.33e-01 7.76e-02 +0.829  0.81 | 1.08e+00 4.72e-02 +0.104  0.99 | 1.7e+00 3.9e+00 1.492e+00
#1388  1809   1 | 5.13e-01 3.63e-02 -0.397  1.06 | 9.97e-01 8.03e-02 +0.000  1.01 | 2.2e+00 4.7e+00 1.280e+00
#1389   606   1 | 1.11e+00 2.65e-01 +0.708  0.72 | 9.80e-01 1.06e-01 +0.037  1.00 | 2.4e+00 5.4e+00 1.858e+00
#1390  3019   1 | 8.32e-01 6.48e-02 -0.255  1.05 | 1.01e+00 6.65e-02 +0.144  0.99 | 1.9e+00 4.1e+00 1.736e+00
#1391  4921   1 | 1.08e+00 2.59e-01 +0.844  0.65 | 1.08e+00 1.50e-01 +0.251  0.95 | 2.1e+00 3.9e+00 1.870e+00
#1392  2551   1 | 7.05e-01 2.12e-01 +0.171  0.99 | 1.00e+00 1.39e-01 +0.233  0.95 | 2.4e+00 3.5e+00 1.450e+00
#1393  3395   1 | 5.90e-01 2.52e-02 +0.421  0.97 | 1.05e+00 7.01e-02 +0.163  0.98 | 1.8e+00 2.9e+00 1.425e+00
#1394  1741   1 | 9.70e-01 1.01e-01 -0.009  1.01 | 1.06e+00 5.19e-02 +0.157  0.99 | 2.5e+00 4.1e+00 2.058e+00
#1395  4400   1 | 1.38e+00 3.59e-01 +0.372  0.87 | 1.03e+00 1.37e-01 +0.220  0.96 | 2.4e+00 3.1e+00 2.680e+00
#1396  1578   1 | 9.99e-01 1.16e-01 +0.345  0.93 | 9.45e-01 7.92e-02 +0.190  0.98 | 2.5e+00 3.7e+00 1.803e+00
#1397  2221   1 | 1.06e+00 2.42e-01 +0.764  0.70 | 1.03e+00 1.30e-01 +0.047  1.00 | 2.5e+00 4.7e+00 1.863e+00
#1398  4390   1 | 1.30e+00 2.68e-01 +0.159  0.98 | 9.27e-01 1.03e-01 +0.283  0.95 | 2.5e+00 4.0e+00 2.466e+00
#1399  3794   1 | 1.23e+00 3.30e-02 +0.410  0.98 | 1.10e+00 1.49e-01 +0.298  0.94 | 2.1e+00 4.2e+00 2.623e+00
#1400  2277   1 | 1.13e+00 9.02e-01 +0.629  0.63 | 1.05e+00 3.15e-01 +0.282  0.92 | 2.4e+00 4.4e+00 1.824e+00
#1401  2434   1 | 4.95e-01 6.76e-02 -0.251  1.09 | 1.12e+00 9.63e-02 +0.017  1.00 | 2.4e+00 3.9e+00 1.521e+00
#1402  2966   1 | 1.14e+00 1.11e-01 +0.016  1.01 | 9.43e-01 4.12e-02 +0.242  0.98 | 2.3e+00 4.9e+00 2.188e+00
#1403  1976   1 | 1.11e+00 3.40e-01 +0.924  0.53 | 1.02e+00 1.72e-01 +0.230  0.95 | 2.6e+00 3.6e+00 1.627e+00
#1404  3036   1 | 1.02e+00 6.80e-02 +0.391  0.95 | 9.92e-01 5.43e-02 +0.086  0.99 | 1.9e+00 3.5e+00 1.969e+00
#1405   552   1 | 1.04e+00 9.35e-01 +0.839  0.30 | 8.36e-01 1.47e-01 +0.140  0.98 | 2.8e+00 3.6e+00 1.012e+00
#1406   349   1 | 1.10e+00 5.16e-01 +0.460  0.79 | 1.08e+00 1.41e-01 +0.106  0.99 | 2.8e+00 2.9e+00 2.106e+00
#1407  4460   1 | 8.25e-01 1.09e-01 -0.100  1.04 | 9.42e-01 6.75e-02 +0.238  0.97 | 2.7e+00 3.4e+00 1.572e+00
#1408  2857   1 | 1.11e+00 5.47e-01 +0.661  0.59 | 1.06e+00 1.77e-01 +0.140  0.98 | 2.4e+00 3.3e+00 1.832e+00
#1409  1466   1 | 1.02e+00 1.82e-01 +0.020  1.02 | 1.13e+00 6.81e-02 +0.086  0.99 | 2.7e+00 3.7e+00 2.336e+00
#1410  2310   1 | 1.10e+00 1.21e+00 +0.917  0.19 | 1.02e+00 2.85e-01 +0.190  0.97 | 2.8e+00 4.3e+00 1.240e+00
#1411  3054   1 | 1.66e+00 5.15e-01 +0.257  0.94 | 9.65e-01 1.98e-01 +0.298  0.92 | 2.1e+00 3.5e+00 3.438e+00
#1412  2619   1 | 1.23e+00 1.18e+00 +0.951  0.09 | 9.89e-01 2.57e-01 +0.203  0.96 | 2.5e+00 5.3e+00 1.084e+00
#1413  1660   1 | 7.29e-01 5.01e-01 +0.454  0.85 | 9.46e-01 1.57e-01 +0.125  0.99 | 2.9e+00 4.1e+00 1.333e+00
#1414  1113   1 | 1.31e+00 3.82e-01 +0.387  0.86 | 1.01e+00 1.22e-01 +0.097  0.99 | 2.6e+00 3.4e+00 2.493e+00
#1415  3567   1 | 8.78e-01 5.85e-01 +0.749  0.45 | 9.10e-01 1.47e-01 +0.093  1.00 | 2.1e+00 4.1e+00 1.169e+00
#1416  3264   1 | 9.01e-01 4.42e-01 -0.422  1.65 | 9.15e-01 8.72e-02 -0.116  1.03 | 1.8e+00 4.0e+00 2.207e+00
#1417   167   1 | 1.35e+00 4.34e-01 +0.477  0.80 | 1.00e+00 1.45e-01 -0.000  1.02 | 2.7e+00 4.2e+00 2.471e+00
#1418  4904   1 | 1.15e+00 3.30e-01 -0.138  1.16 | 9.88e-01 1.35e-01 +0.396  0.91 | 2.7e+00 3.2e+00 2.422e+00
#1419   381   1 | 9.57e-01 9.52e-02 +0.336  0.94 | 1.07e+00 7.61e-02 +0.133  0.99 | 2.8e+00 3.7e+00 2.002e+00
#1420  1457   1 | 4.94e-01 1.15e-01 +0.242  0.94 | 1.12e+00 9.74e-02 -0.002  1.01 | 2.7e+00 3.1e+00 1.488e+00
#1421   889   1 | 5.53e-01 8.23e-01 +0.776  0.91 | 1.04e+00 1.48e-01 +0.105  0.99 | 2.7e+00 3.7e+00 1.353e+00
#1422   843   1 | 1.31e+00 7.01e-01 +0.523  0.73 | 1.04e+00 2.23e-01 -0.072  1.08 | 2.8e+00 3.9e+00 2.400e+00
#1423  1720   1 | 1.08e+00 4.88e-01 +0.574  0.69 | 9.93e-01 8.62e-02 -0.015  1.01 | 2.6e+00 3.6e+00 1.795e+00
#1424  4634   1 | 6.14e-01 6.87e-02 +0.448  0.91 | 1.03e+00 1.05e-01 +0.408  0.93 | 2.4e+00 3.7e+00 1.325e+00
#1425  4924   1 | 9.69e-01 4.67e-01 +0.052  1.18 | 1.03e+00 1.12e-01 +0.265  0.95 | 2.3e+00 3.3e+00 2.126e+00
#1426  3418   1 | 1.10e+00 1.89e-01 +0.614  0.82 | 1.13e+00 1.52e-01 +0.191  0.97 | 1.3e+00 3.4e+00 2.224e+00
#1427   820   1 | 7.38e-01 1.53e-01 +0.387  0.88 | 9.49e-01 1.06e-01 +0.038  1.00 | 2.7e+00 3.0e+00 1.385e+00
#1428  3978   1 | 1.26e+00 2.27e-01 +0.542  0.84 | 1.08e+00 8.22e-02 +0.218  0.97 | 1.9e+00 4.0e+00 2.470e+00
#1429  3244   1 | 8.37e-01 1.87e-01 +0.599  0.78 | 9.54e-01 2.46e-01 +0.312  0.91 | 1.2e+00 3.7e+00 1.372e+00
#1430  4819   1 | 6.86e-01 5.33e-02 -0.903  1.15 | 1.09e+00 6.79e-02 +0.248  0.97 | 2.3e+00 2.9e+00 1.691e+00
#1431  2297   1 | 1.14e+00 5.27e-01 +0.510  0.74 | 9.75e-01 1.01e-01 +0.069  1.00 | 2.4e+00 4.0e+00 1.906e+00
#1432   209   1 | 1.21e+00 6.70e-01 +0.625  0.61 | 9.11e-01 1.79e-01 +0.026  1.03 | 2.6e+00 3.7e+00 1.751e+00
#1433   800   1 | 9.07e-01 1.89e-01 +0.240  0.94 | 9.18e-01 8.12e-02 +0.068  1.00 | 2.7e+00 4.3e+00 1.615e+00
#1434  2256   1 | 1.32e+00 9.32e-01 +0.842  0.31 | 1.12e+00 1.98e-01 +0.212  0.96 | 2.3e+00 4.2e+00 1.738e+00
#1435  3628   1 | 1.18e+00 7.36e-01 +0.737  0.47 | 9.58e-01 2.24e-01 +0.030  1.04 | 1.8e+00 4.3e+00 1.608e+00
#1436  4718   1 | 1.09e+00 4.87e-01 +0.654  0.62 | 9.68e-01 1.23e-01 +0.149  0.98 | 2.3e+00 4.3e+00 1.646e+00
#1437  2683   1 | 5.55e-01 2.21e-01 +0.303  0.92 | 1.03e+00 7.33e-02 +0.176  0.98 | 2.6e+00 3.7e+00 1.320e+00
#1438   890   1 | 9.71e-01 4.00e-01 +0.428  0.82 | 1.02e+00 1.48e-01 +0.029  1.01 | 2.6e+00 2.8e+00 1.820e+00
#1439  3388   1 | 1.11e+00 6.02e-01 +0.644  0.60 | 1.05e+00 3.05e-01 +0.273  0.93 | 1.5e+00 4.7e+00 1.755e+00
#1440  2143   1 | 1.02e+00 1.95e-01 +0.367  0.90 | 9.92e-01 5.64e-02 -0.005  1.00 | 2.6e+00 4.1e+00 1.926e+00
#1441  3634   1 | 6.59e-01 1.42e-01 +0.049  1.03 | 1.07e+00 8.88e-02 +0.226  0.97 | 2.3e+00 4.3e+00 1.554e+00
#1442  1548   1 | 9.99e-01 1.47e-01 +0.670  0.82 | 8.61e-01 7.67e-02 +0.082  0.99 | 2.7e+00 4.3e+00 1.558e+00
#1443  2181   1 | 1.40e+00 1.98e-01 +0.408  0.90 | 1.01e+00 3.66e-02 -0.189  1.01 | 2.8e+00 4.2e+00 2.821e+00
#1444  2293   1 | 1.30e+00 2.49e-01 +0.644  0.79 | 9.64e-01 9.64e-02 +0.220  0.97 | 2.8e+00 3.4e+00 2.224e+00
#1445   243   1 | 9.60e-01 5.46e-01 +0.815  0.40 | 9.60e-01 1.49e-01 -0.055  1.04 | 2.9e+00 4.0e+00 1.325e+00
#1446  3860   1 | 6.35e-01 2.16e-01 +0.812  0.56 | 1.08e+00 5.26e-02 +0.083  0.99 | 2.6e+00 4.3e+00 1.395e+00
#1447  1482   1 | 9.64e-01 1.04e+00 +0.789  0.46 | 1.06e+00 2.34e-01 +0.197  0.96 | 2.9e+00 3.8e+00 1.516e+00
#1448  3405   1 | 1.18e+00 1.11e+00 +0.736  0.50 | 1.05e+00 3.17e-01 +0.159  0.99 | 1.9e+00 5.2e+00 1.802e+00
#1449  2332   1 | 9.99e-01 1.11e+00 +0.875  0.29 | 1.07e+00 1.65e-01 +0.181  0.97 | 2.9e+00 4.4e+00 1.406e+00
#1450  1419   1 | 1.08e+00 6.03e-01 +0.728  0.50 | 9.97e-01 1.15e-01 +0.081  0.99 | 2.8e+00 3.2e+00 1.566e+00
#1451   596   1 | 1.30e+00 4.53e-01 -0.189  1.25 | 9.27e-01 8.11e-02 -0.101  1.03 | 2.8e+00 3.7e+00 2.987e+00
#1452  4411   1 | 1.09e+00 6.22e-01 +0.267  1.02 | 9.82e-01 1.88e-01 +0.282  0.93 | 2.7e+00 3.7e+00 2.115e+00
#1453  1714   1 | 1.07e+00 2.20e-01 +0.489  0.84 | 9.70e-01 6.16e-02 -0.050  1.01 | 2.7e+00 3.2e+00 1.918e+00
#1454  1451   1 | 1.12e+00 2.26e-01 +0.186  0.97 | 1.01e+00 7.04e-02 +0.057  1.00 | 2.7e+00 2.5e+00 2.226e+00
#1455  4711   1 | 1.13e+00 6.53e-01 +0.873  0.32 | 9.80e-01 1.28e-01 +0.216  0.96 | 2.5e+00 3.8e+00 1.333e+00
#1456  4045   1 | 5.74e-01 1.17e-01 +0.305  0.92 | 9.77e-01 8.95e-02 +0.300  0.95 | 2.7e+00 3.8e+00 1.213e+00
#1457  3861   1 | 1.17e+00 3.18e-01 +0.350  0.88 | 1.17e+00 1.30e-01 +0.119  0.99 | 2.6e+00 3.2e+00 2.550e+00
#1458  2108   1 | 1.08e+00 7.90e-01 +0.686  0.53 | 1.04e+00 1.42e-01 +0.133  0.98 | 2.6e+00 3.7e+00 1.679e+00
#1459  4335   1 | 1.05e+00 6.53e-01 +0.820  0.37 | 8.36e-01 1.24e-01 +0.338  0.92 | 2.6e+00 4.0e+00 1.052e+00
#1460  1919   1 | 1.32e+00 5.20e-01 +0.488  0.77 | 1.02e+00 1.45e-01 +0.132  0.98 | 2.7e+00 3.9e+00 2.360e+00
#1461   184   1 | 1.31e+00 2.36e-01 +0.159  0.98 | 1.09e+00 7.69e-02 -0.064  1.01 | 2.6e+00 3.4e+00 2.880e+00
#1462  3771   1 | 7.15e-01 7.06e-01 +0.483  1.02 | 1.00e+00 1.51e-01 +0.188  0.97 | 2.6e+00 4.6e+00 1.493e+00
#1463  1805   1 | 1.22e+00 1.29e-01 +0.234  0.96 | 1.10e+00 5.90e-02 +0.233  0.98 | 2.6e+00 3.3e+00 2.631e+00
#1464  1388   1 | 9.75e-01 6.36e-01 +0.149  1.23 | 1.04e+00 1.29e-01 -0.025  1.02 | 2.6e+00 4.3e+00 2.280e+00
#1465  4712   1 | 1.05e+00 2.68e-01 +0.039  1.04 | 1.02e+00 8.08e-02 +0.386  0.95 | 2.6e+00 3.3e+00 2.140e+00
#1466  3545   1 | 1.02e+00 7.11e-01 +0.471  0.83 | 9.45e-01 1.57e-01 +0.221  0.95 | 2.5e+00 3.9e+00 1.712e+00
#1467  2139   1 | 4.48e-01 1.66e-01 +0.029  1.12 | 1.00e+00 8.53e-02 +0.087  0.99 | 2.6e+00 4.1e+00 1.219e+00
#1468  4062   1 | 1.14e+00 2.27e-01 +0.048  1.02 | 9.43e-01 6.45e-02 +0.256  0.97 | 2.5e+00 4.3e+00 2.186e+00
#1469  2807   1 | 4.73e-01 4.48e-01 +0.156  1.60 | 9.87e-01 1.27e-01 +0.340  0.93 | 2.5e+00 2.9e+00 1.264e+00
#1470    38   1 | 8.22e-01 2.93e-01 +0.417  0.83 | 1.01e+00 5.40e-02 +0.214  0.98 | 2.4e+00 3.6e+00 1.566e+00
#1471  4338   1 | 1.09e+00 2.28e-01 -0.206  1.13 | 9.37e-01 8.71e-02 +0.230  0.97 | 2.4e+00 3.4e+00 2.197e+00
#1472  1496   1 | 1.38e+00 3.78e-01 +0.641  0.72 | 1.03e+00 7.74e-02 -0.070  1.02 | 2.4e+00 3.1e+00 2.450e+00
#1473  1270   1 | 9.23e-01 3.42e-01 +0.861  0.50 | 9.51e-01 1.09e-01 -0.007  1.01 | 2.4e+00 4.1e+00 1.342e+00
#1474  3626   1 | 5.93e-01 6.29e-02 +0.185  0.97 | 1.05e+00 5.61e-02 +0.098  0.99 | 2.5e+00 4.1e+00 1.441e+00
#1475  1406   1 | 5.13e-01 6.62e-02 -0.224  1.07 | 9.97e-01 7.55e-02 -0.003  1.01 | 2.3e+00 4.7e+00 1.282e+00
#1476  4930   1 | 9.53e-01 1.30e-01 -0.485  1.15 | 1.06e+00 8.52e-02 +0.389  0.94 | 2.3e+00 3.2e+00 2.101e+00
#1477  1575   1 | 1.05e+00 1.83e-01 -0.101  1.07 | 1.08e+00 1.42e-01 +0.030  1.01 | 2.2e+00 3.4e+00 2.354e+00
#1478  1206   1 | 1.07e+00 2.95e-01 +0.852  0.61 | 1.03e+00 1.37e-01 +0.004  1.02 | 2.3e+00 3.7e+00 1.769e+00
#1479  2248   1 | 7.75e-01 2.04e-01 -0.381  1.27 | 9.59e-01 1.33e-01 +0.166  0.97 | 2.4e+00 3.0e+00 1.658e+00
#1480  2870   1 | 7.16e-01 1.07e-01 +0.486  0.88 | 1.09e+00 9.10e-02 +0.079  0.99 | 2.3e+00 4.0e+00 1.626e+00
#1481  2752   1 | 8.32e-01 6.62e-01 +0.584  0.70 | 9.54e-01 1.96e-01 +0.315  0.91 | 2.4e+00 3.7e+00 1.318e+00
#1482  3393   1 | 1.18e+00 5.35e-01 +0.526  0.73 | 9.11e-01 1.87e-01 +0.068  1.01 | 2.0e+00 3.7e+00 1.862e+00
#1483   322   1 | 1.31e+00 7.00e-02 +0.602  0.94 | 1.01e+00 6.96e-02 +0.093  0.99 | 2.2e+00 3.3e+00 2.632e+00
#1484  4949   1 | 1.39e+00 4.23e-01 +0.669  0.69 | 1.01e+00 1.44e-01 +0.322  0.93 | 2.1e+00 3.4e+00 2.284e+00
#1485  1933   1 | 9.71e-01 6.84e-02 +0.429  0.94 | 1.02e+00 9.53e-02 +0.041  1.00 | 2.2e+00 3.8e+00 1.927e+00
#1486  1034   1 | 8.24e-01 1.66e-01 +0.327  0.91 | 9.42e-01 8.09e-02 -0.041  1.01 | 2.3e+00 5.3e+00 1.517e+00
#1487   354   1 | 1.07e+00 3.85e-01 +0.856  0.51 | 1.03e+00 1.61e-01 -0.013  1.03 | 2.2e+00 4.2e+00 1.678e+00
#1488  3371   1 | 1.03e+00 3.14e-01 +0.016  1.08 | 1.02e+00 1.77e-01 +0.276  0.93 | 2.0e+00 3.5e+00 2.117e+00
#1489  4403   1 | 9.77e-01 1.47e-01 +0.261  0.94 | 1.06e+00 8.88e-02 +0.349  0.95 | 2.1e+00 3.6e+00 1.963e+00
#1490  3633   1 | 6.32e-01 1.23e-01 +0.839  0.71 | 1.08e+00 5.36e-02 +0.089  0.99 | 2.4e+00 3.7e+00 1.452e+00
#1491  3555   1 | 1.13e+00 1.13e-01 +0.298  0.95 | 9.88e-01 7.09e-02 +0.179  0.98 | 2.4e+00 3.6e+00 2.167e+00
#1492  2738   1 | 1.22e+00 8.98e-01 +0.956  0.14 | 9.89e-01 2.63e-01 +0.204  0.96 | 2.4e+00 3.9e+00 1.145e+00
#1493  1981   1 | 7.29e-01 2.51e-01 +0.479  0.79 | 9.46e-01 1.47e-01 +0.171  0.97 | 2.3e+00 3.4e+00 1.289e+00
#1494  4238   1 | 4.94e-01 2.00e-01 +0.325  0.90 | 1.12e+00 1.86e-01 +0.310  0.92 | 2.4e+00 3.8e+00 1.374e+00
#1495  2801   1 | 9.09e-01 1.43e-01 +0.441  0.89 | 9.18e-01 7.58e-02 +0.352  0.95 | 2.5e+00 3.0e+00 1.531e+00
#1496  1033   1 | 1.10e+00 4.45e-01 +0.652  0.63 | 1.08e+00 1.42e-01 +0.080  1.00 | 2.5e+00 3.2e+00 1.929e+00
#1497   395   1 | 1.31e+00 6.80e-01 +0.574  0.67 | 1.04e+00 2.09e-01 -0.078  1.07 | 2.5e+00 3.8e+00 2.306e+00
#1498  1375   1 | 1.00e+00 1.64e-01 +0.909  0.73 | 1.07e+00 8.47e-02 +0.202  0.97 | 2.6e+00 4.0e+00 1.856e+00
#1499  3376   1 | 1.00e+00 2.72e-01 +0.504  0.80 | 8.61e-01 1.35e-01 +0.233  0.95 | 1.6e+00 3.7e+00 1.511e+00
#1500  1594   1 | 1.29e+00 4.81e-01 +0.585  0.70 | 9.64e-01 1.08e-01 +0.228  0.96 | 2.6e+00 3.5e+00 2.073e+00
#1501  1500   1 | 9.75e-01 2.93e-01 -0.507  1.39 | 1.04e+00 3.94e-02 +0.165  0.99 | 2.6e+00 4.1e+00 2.401e+00
#1502  3011   1 | 1.32e+00 4.21e-01 +0.493  0.79 | 1.02e+00 1.41e-01 +0.169  0.97 | 2.6e+00 3.1e+00 2.379e+00
#1503  1701   1 | 4.47e-01 4.41e-01 -0.367  2.69 | 1.00e+00 9.38e-02 +0.119  0.99 | 2.7e+00 3.4e+00 1.528e+00
#1504  4529   1 | 9.18e-01 4.55e-01 +0.861  0.39 | 9.51e-01 1.31e-01 +0.220  0.96 | 2.6e+00 3.4e+00 1.197e+00
#1505  1901   1 | 1.13e+00 5.42e-01 +0.517  0.73 | 1.05e+00 1.39e-01 +0.281  0.94 | 2.7e+00 3.5e+00 1.981e+00
#1506   454   1 | 6.23e-01 2.53e-01 +0.175  1.02 | 1.03e+00 8.86e-02 +0.015  1.00 | 2.7e+00 3.2e+00 1.461e+00
#1507  2458   1 | 1.66e+00 3.91e-01 +0.074  1.02 | 9.65e-01 1.66e-01 +0.296  0.93 | 2.9e+00 3.4e+00 3.664e+00
#1508   232   1 | 1.38e+00 4.21e-01 +0.605  0.72 | 1.03e+00 6.38e-02 -0.008  1.00 | 2.8e+00 4.3e+00 2.437e+00
#1509  1374   1 | 5.69e-01 1.70e-01 +0.610  0.72 | 9.77e-01 9.23e-02 +0.106  0.99 | 2.7e+00 3.2e+00 1.179e+00
#1510  3002   1 | 1.02e+00 6.92e-02 +0.233  0.97 | 1.13e+00 7.14e-02 +0.154  0.98 | 2.6e+00 3.4e+00 2.288e+00
#1511  3363   1 | 1.12e+00 6.86e-01 +0.528  0.73 | 9.75e-01 1.49e-01 -0.035  1.03 | 2.1e+00 3.4e+00 1.893e+00
#1512  2990   1 | 1.28e+00 3.18e-01 +0.650  0.74 | 1.08e+00 1.15e-01 +0.150  0.98 | 2.7e+00 4.0e+00 2.352e+00
#1513  1253   1 | 1.08e+00 5.59e-01 +0.517  0.73 | 9.97e-01 1.11e-01 +0.124  0.98 | 2.8e+00 3.8e+00 1.828e+00
#1514   311   1 | 7.38e-01 4.81e-01 +0.338  0.99 | 9.49e-01 1.46e-01 +0.025  1.02 | 2.8e+00 4.6e+00 1.452e+00
#1515  3124   1 | 1.30e+00 1.40e-01 +0.039  1.00 | 1.09e+00 9.69e-02 +0.203  0.97 | 1.9e+00 3.5e+00 2.850e+00
#1516  1744   1 | 1.11e+00 7.95e-01 +0.904  0.22 | 1.02e+00 2.01e-01 +0.175  0.97 | 2.7e+00 4.0e+00 1.271e+00
#1517  2881   1 | 1.31e+00 1.10e+00 +0.827  0.32 | 1.12e+00 1.98e-01 +0.234  0.95 | 2.7e+00 4.3e+00 1.736e+00
#1518   149   1 | 8.89e-01 2.35e-01 +0.587  0.76 | 9.15e-01 1.17e-01 +0.025  1.01 | 2.7e+00 3.7e+00 1.446e+00
#1519  2515   1 | 4.72e-01 1.49e-01 +0.373  0.86 | 9.87e-01 1.09e-01 +0.279  0.95 | 2.7e+00 3.9e+00 1.119e+00
#1520   754   1 | 1.08e+00 3.85e-01 +0.741  0.60 | 9.93e-01 1.08e-01 -0.032  1.02 | 2.7e+00 2.7e+00 1.705e+00
#1521  1456   1 | 9.58e-01 1.99e-01 +0.411  0.87 | 1.07e+00 7.34e-02 +0.103  0.99 | 2.7e+00 3.6e+00 1.944e+00
#1522  1060   1 | 1.11e+00 6.26e-01 +0.872  0.34 | 9.80e-01 1.70e-01 +0.092  1.00 | 2.7e+00 4.1e+00 1.374e+00
#1523  1180   1 | 1.05e+00 8.80e-01 +0.315  1.18 | 1.08e+00 2.28e-01 +0.093  1.01 | 2.7e+00 3.9e+00 2.473e+00
#1524  4983   1 | 1.15e+00 3.73e-01 +0.109  1.03 | 9.43e-01 1.11e-01 +0.212  0.96 | 2.6e+00 4.5e+00 2.230e+00
#1525  4349   1 | 9.70e-01 2.98e-01 +0.048  1.06 | 1.03e+00 8.82e-02 +0.332  0.95 | 2.5e+00 3.4e+00 2.013e+00
#1526  4160   1 | 5.58e-01 2.86e-01 +0.131  1.13 | 1.03e+00 7.49e-02 +0.220  0.97 | 2.6e+00 3.4e+00 1.381e+00
#1527  1427   1 | 7.72e-01 1.72e-01 -0.056  1.07 | 9.59e-01 9.02e-02 +0.079  0.99 | 2.5e+00 3.8e+00 1.553e+00
#1528  3819   1 | 1.06e+00 8.78e-01 +0.860  0.26 | 8.36e-01 1.52e-01 +0.391  0.89 | 2.5e+00 4.4e+00 9.167e-01
#1529   817   1 | 1.22e+00 1.27e-01 +0.198  0.97 | 1.10e+00 6.86e-02 +0.031  1.00 | 2.4e+00 3.2e+00 2.670e+00
#1530   969   1 | 1.18e+00 1.73e-01 +0.506  0.87 | 9.58e-01 6.82e-02 +0.057  1.00 | 2.3e+00 3.2e+00 2.128e+00
#1531  2077   1 | 9.62e-01 2.62e-01 +0.838  0.62 | 9.60e-01 1.27e-01 +0.038  1.01 | 2.3e+00 3.9e+00 1.500e+00
#1532   568   1 | 8.53e-01 3.50e-01 +0.684  0.61 | 9.10e-01 1.14e-01 -0.002  1.02 | 2.5e+00 3.7e+00 1.282e+00
#1533   254   1 | 1.35e+00 2.22e-01 +0.625  0.82 | 1.00e+00 1.41e-01 -0.050  1.03 | 2.5e+00 4.1e+00 2.529e+00
#1534  2046   1 | 1.10e+00 2.01e-01 -0.024  1.04 | 9.82e-01 9.86e-02 +0.095  0.99 | 2.5e+00 3.6e+00 2.226e+00
#1535  4125   1 | 1.04e+00 6.03e-01 +0.625  0.61 | 1.04e+00 1.86e-01 +0.144  0.98 | 2.4e+00 3.6e+00 1.723e+00
#1536  1068   1 | 1.12e+00 1.58e-01 +0.189  0.97 | 1.01e+00 8.89e-02 +0.071  1.00 | 2.6e+00 3.3e+00 2.225e+00
#1537  1640   1 | 5.13e-01 1.51e-01 -0.100  1.15 | 9.97e-01 1.00e-01 +0.013  1.01 | 2.3e+00 4.3e+00 1.303e+00
#1538  2517   1 | 1.17e+00 1.48e-01 +0.331  0.93 | 1.17e+00 7.01e-02 +0.192  0.98 | 2.7e+00 2.6e+00 2.612e+00
#1539  3051   1 | 1.08e+00 4.90e-01 +0.420  0.82 | 9.70e-01 1.16e-01 +0.004  1.01 | 2.4e+00 3.1e+00 1.917e+00
#1540   801   1 | 5.78e-01 1.29e-01 +0.099  1.01 | 1.05e+00 9.34e-02 +0.213  0.97 | 2.6e+00 4.5e+00 1.411e+00
#1541  3430   1 | 1.18e+00 6.96e-01 +0.747  0.47 | 1.05e+00 1.97e-01 +0.184  0.97 | 2.5e+00 3.6e+00 1.722e+00
#1542  2838   1 | 1.11e+00 2.76e-01 +0.707  0.71 | 1.06e+00 1.13e-01 +0.124  0.98 | 2.8e+00 3.9e+00 1.984e+00
#1543  2306   1 | 1.08e+00 6.41e-01 +0.638  0.59 | 9.68e-01 1.20e-01 +0.116  0.99 | 2.8e+00 3.6e+00 1.618e+00
#1544    32   1 | 1.09e+00 1.02e-01 +0.032  1.00 | 9.37e-01 8.36e-02 +0.081  0.99 | 2.7e+00 4.4e+00 2.059e+00
#1545  2038   1 | 1.29e+00 1.64e-01 +0.187  0.97 | 9.27e-01 8.86e-02 +0.119  0.99 | 2.7e+00 3.2e+00 2.471e+00
#1546   766   1 | 6.58e-01 1.40e-01 -0.335  1.19 | 1.07e+00 4.73e-02 +0.224  0.98 | 2.8e+00 4.5e+00 1.638e+00
#1547  2254   1 | 9.62e-01 5.36e-01 +0.650  0.59 | 1.06e+00 1.37e-01 +0.253  0.95 | 2.9e+00 4.1e+00 1.620e+00
#1548   451   1 | 5.53e-01 2.73e-01 +0.730  0.52 | 1.04e+00 9.53e-02 -0.037  1.02 | 2.8e+00 3.1e+00 1.263e+00
#1549  1114   1 | 7.01e-01 1.99e-01 +0.430  0.84 | 1.00e+00 9.50e-02 +0.185  0.97 | 2.8e+00 3.1e+00 1.390e+00
#1550  3383   1 | 8.39e-01 6.84e-01 +0.243  1.27 | 1.01e+00 1.87e-01 +0.075  1.01 | 1.9e+00 3.8e+00 1.926e+00
#1551  2036   1 | 1.12e+00 1.82e-01 +0.627  0.82 | 1.13e+00 6.29e-02 +0.106  0.99 | 2.9e+00 3.6e+00 2.301e+00
#1552  4335   1 | 1.03e+00 2.15e-01 -0.180  1.12 | 9.92e-01 7.31e-02 +0.134  0.99 | 2.8e+00 3.2e+00 2.156e+00
#1553  1467   1 | 9.99e-01 1.47e-01 +0.642  0.83 | 9.45e-01 8.64e-02 +0.197  0.97 | 2.9e+00 5.0e+00 1.699e+00
#1554  2369   1 | 9.62e-01 6.09e-01 +0.701  0.51 | 1.06e+00 1.71e-01 +0.243  0.95 | 3.0e+00 4.1e+00 1.547e+00
#1555  1218   1 | 4.94e-01 2.49e-01 +0.252  1.00 | 1.12e+00 8.97e-02 +0.060  1.00 | 3.0e+00 4.9e+00 1.489e+00
#1556   486   1 | 1.32e+00 3.56e-01 +0.939  0.57 | 1.12e+00 9.75e-02 +0.114  0.99 | 3.0e+00 4.3e+00 2.235e+00
#1557   712   1 | 1.38e+00 5.02e-01 +0.594  0.70 | 1.03e+00 7.17e-02 -0.030  1.01 | 3.2e+00 3.0e+00 2.395e+00
#1558  3043   1 | 6.58e-01 3.27e-01 -0.298  1.54 | 1.07e+00 9.71e-02 +0.216  0.97 | 2.8e+00 3.8e+00 1.777e+00
#1559   919   1 | 1.10e+00 6.17e-01 +0.687  0.54 | 1.08e+00 1.49e-01 +0.074  1.00 | 3.3e+00 3.1e+00 1.823e+00
#1560  1338   1 | 5.54e-01 4.06e-01 +0.771  0.41 | 1.04e+00 1.10e-01 +0.040  1.00 | 3.3e+00 4.4e+00 1.214e+00
#1561   947   1 | 4.46e-01 1.97e-01 -0.337  1.49 | 1.00e+00 9.31e-02 +0.179  0.98 | 3.4e+00 4.3e+00 1.276e+00
#1562   634   1 | 1.18e+00 7.07e-01 +0.720  0.50 | 9.58e-01 1.26e-01 +0.052  1.00 | 3.6e+00 3.0e+00 1.611e+00
#1563   796   1 | 1.05e+00 1.54e+00 +0.449  1.85 | 1.08e+00 3.20e-01 +0.158  0.99 | 3.4e+00 5.7e+00 3.200e+00
#1564  3915   1 | 1.41e+00 6.57e-01 +0.748  0.52 | 1.01e+00 1.05e-01 +0.109  0.99 | 3.0e+00 4.3e+00 2.054e+00
#1565  3863   1 | 9.83e-01 3.48e-01 +0.826  0.54 | 9.60e-01 1.34e-01 +0.138  0.98 | 3.0e+00 4.0e+00 1.426e+00
#1566  2186   1 | 7.09e-01 2.47e-01 +0.932  0.47 | 1.09e+00 1.23e-01 +0.008  1.01 | 3.0e+00 3.9e+00 1.434e+00
#1567   543   1 | 1.12e+00 3.39e-01 +0.720  0.66 | 1.13e+00 8.25e-02 +0.188  0.98 | 3.2e+00 3.6e+00 2.083e+00
#1568  1970   1 | 1.20e+00 5.05e-01 +0.590  0.68 | 9.11e-01 1.51e-01 +0.062  1.01 | 2.9e+00 3.2e+00 1.824e+00
#1569  2959   1 | 1.02e+00 1.59e-01 +0.186  0.97 | 1.13e+00 8.70e-02 +0.118  0.99 | 2.8e+00 2.6e+00 2.284e+00
#1570  2481   1 | 1.66e+00 1.69e-01 +0.173  0.98 | 9.65e-01 1.44e-01 +0.278  0.94 | 2.9e+00 4.1e+00 3.550e+00
#1571  4505   1 | 1.30e+00 3.52e-01 +0.603  0.75 | 9.64e-01 1.16e-01 +0.307  0.94 | 2.7e+00 3.9e+00 2.133e+00
#1572  1938   1 | 9.76e-01 3.78e-01 -0.230  1.33 | 1.04e+00 1.39e-01 -0.102  1.05 | 2.9e+00 4.0e+00 2.401e+00
#1573  1540   1 | 9.58e-01 3.07e-01 +0.426  0.83 | 1.07e+00 9.06e-02 +0.102  0.99 | 2.8e+00 3.2e+00 1.905e+00
#1574  3546   1 | 1.03e+00 3.58e-01 +0.154  1.01 | 1.02e+00 1.44e-01 +0.280  0.94 | 2.7e+00 3.6e+00 2.044e+00
#1575    63   1 | 1.29e+00 2.71e-01 +0.702  0.75 | 1.08e+00 9.14e-02 +0.096  0.99 | 2.9e+00 4.1e+00 2.408e+00
#1576   230   1 | 8.26e-01 2.38e-01 +0.679  0.69 | 9.54e-01 8.95e-02 +0.116  0.99 | 3.0e+00 3.4e+00 1.369e+00
#1577   333   1 | 5.96e-01 1.98e-01 +0.826  0.56 | 1.08e+00 5.95e-02 -0.042  1.01 | 2.7e+00 3.4e+00 1.383e+00
#1578  2210   1 | 1.08e+00 7.39e-01 +0.668  0.55 | 1.04e+00 2.08e-01 +0.121  0.99 | 2.8e+00 3.9e+00 1.714e+00
#1579  1045   1 | 9.23e-01 3.62e-01 +0.868  0.47 | 9.51e-01 1.21e-01 -0.026  1.02 | 2.6e+00 2.9e+00 1.327e+00
#1580  4026   1 | 7.09e-01 4.38e-01 +0.378  0.91 | 1.00e+00 1.51e-01 +0.210  0.96 | 2.7e+00 3.7e+00 1.423e+00
#1581  3989   1 | 1.08e+00 1.45e+00 +0.759  0.76 | 1.02e+00 2.22e-01 +0.229  0.95 | 2.7e+00 3.9e+00 1.879e+00
#1582  3230   1 | 1.13e+00 1.42e-01 +0.307  0.94 | 1.01e+00 9.71e-02 +0.153  0.98 | 1.9e+00 3.7e+00 2.185e+00
#1583   786   1 | 9.98e-01 1.07e-01 +0.008  1.01 | 8.61e-01 1.17e-01 +0.122  0.99 | 2.7e+00 3.5e+00 1.737e+00
#1584  4467   1 | 9.71e-01 4.04e-01 +0.202  1.01 | 1.03e+00 9.12e-02 +0.370  0.94 | 2.5e+00 4.2e+00 1.952e+00
#1585  3873   1 | 8.51e-01 2.27e-01 +0.776  0.66 | 1.01e+00 7.80e-02 +0.252  0.97 | 2.4e+00 3.1e+00 1.468e+00
#1586  3136   1 | 1.12e+00 6.78e-01 +0.666  0.56 | 9.75e-01 1.79e-01 -0.065  1.06 | 1.8e+00 3.9e+00 1.712e+00
#1587   530   1 | 1.35e+00 6.73e-01 +0.803  0.45 | 1.00e+00 1.65e-01 +0.023  1.02 | 2.6e+00 3.5e+00 1.836e+00
#1588  4976   1 | 1.09e+00 9.03e-01 +0.619  0.66 | 9.68e-01 1.72e-01 +0.315  0.92 | 2.4e+00 2.9e+00 1.645e+00
#1589  1722   1 | 1.31e+00 1.37e-01 +0.147  0.98 | 1.01e+00 8.40e-02 +0.107  0.99 | 2.5e+00 3.4e+00 2.694e+00
#1590   437   1 | 5.12e-01 1.41e-01 -0.028  1.09 | 9.97e-01 9.99e-02 +0.043  1.00 | 2.6e+00 3.4e+00 1.281e+00
#1591  1089   1 | 8.24e-01 1.33e-01 +0.418  0.89 | 9.42e-01 6.98e-02 +0.013  1.00 | 2.4e+00 3.5e+00 1.495e+00
#1592  2827   1 | 1.10e+00 5.88e-01 +0.787  0.45 | 9.80e-01 2.03e-01 +0.145  0.98 | 2.4e+00 4.4e+00 1.486e+00
#1593  1726   1 | 5.47e-01 1.13e-01 +0.455  0.86 | 1.03e+00 8.02e-02 +0.152  0.98 | 2.5e+00 2.7e+00 1.296e+00
#1594  2597   1 | 1.02e+00 2.79e-01 +0.340  0.89 | 9.92e-01 8.06e-02 -0.046  1.01 | 2.7e+00 2.8e+00 1.926e+00
#1595   796   1 | 9.07e-01 5.76e-02 +0.333  0.96 | 9.18e-01 1.41e-01 +0.152  0.98 | 2.6e+00 3.1e+00 1.614e+00
#1596   782   1 | 1.04e+00 2.23e-01 +0.833  0.69 | 8.36e-01 8.60e-02 +0.067  1.00 | 2.6e+00 3.1e+00 1.444e+00
#1597  3058   1 | 1.01e+00 5.64e-01 +0.558  0.69 | 9.45e-01 2.04e-01 +0.220  0.95 | 2.0e+00 4.1e+00 1.551e+00
#1598  3925   1 | 1.09e+00 3.30e-01 +0.413  0.84 | 9.70e-01 1.32e-01 +0.150  0.98 | 2.4e+00 4.6e+00 1.921e+00
#1599  4354   1 | 9.01e-01 4.88e-01 +0.516  0.73 | 9.15e-01 1.26e-01 +0.124  0.98 | 2.6e+00 2.9e+00 1.421e+00
#1600   418   1 | 1.30e+00 2.55e-01 +0.253  0.94 | 9.27e-01 9.28e-02 +0.123  0.99 | 2.9e+00 2.9e+00 2.424e+00
#1601  1862   1 | 1.23e+00 7.40e-01 +0.891  0.29 | 9.89e-01 2.27e-01 +0.227  0.95 | 2.6e+00 4.2e+00 1.366e+00
#1602  4993   1 | 7.23e-01 2.61e-01 +0.287  0.92 | 9.46e-01 1.02e-01 +0.416  0.92 | 2.5e+00 3.5e+00 1.307e+00
#1603  1885   1 | 1.17e+00 3.20e-01 +0.555  0.77 | 1.17e+00 1.08e-01 +0.210  0.97 | 2.6e+00 3.9e+00 2.379e+00
#1604  3632   1 | 4.76e-01 1.04e-01 +0.499  0.83 | 9.87e-01 1.23e-01 +0.290  0.94 | 2.4e+00 3.2e+00 1.108e+00
#1605   825   1 | 7.71e-01 2.57e-01 +0.163  1.00 | 9.59e-01 9.10e-02 -0.094  1.03 | 2.9e+00 4.6e+00 1.539e+00
#1606   624   1 | 1.22e+00 7.32e-02 +0.508  0.94 | 1.10e+00 6.30e-02 +0.076  0.99 | 3.0e+00 3.5e+00 2.623e+00
#1607  2445   1 | 1.30e+00 1.26e-01 +0.092  0.99 | 1.09e+00 8.14e-02 +0.001  1.01 | 2.5e+00 4.3e+00 2.885e+00
#1608  2710   1 | 1.07e+00 2.75e-01 +0.746  0.68 | 9.97e-01 8.43e-02 +0.102  0.99 | 2.0e+00 2.8e+00 1.772e+00
#1609  3572   1 | 1.07e+00 2.24e-01 +0.309  0.91 | 9.93e-01 1.14e-01 +0.186  0.97 | 2.0e+00 3.1e+00 1.998e+00
#1610  2378   1 | 7.42e-01 2.76e-01 +0.472  0.79 | 9.49e-01 1.04e-01 +0.075  1.00 | 2.4e+00 4.8e+00 1.330e+00
#1611  1771   1 | 1.09e+00 1.53e-01 +0.065  1.00 | 9.37e-01 5.57e-02 +0.092  0.99 | 3.0e+00 3.5e+00 2.059e+00
#1612  3692   1 | 1.10e+00 1.22e+00 +0.676  0.73 | 1.05e+00 3.18e-01 +0.287  0.92 | 2.4e+00 4.0e+00 1.901e+00
#1613  3383   1 | 5.90e-01 4.95e-02 +0.562  0.91 | 1.05e+00 5.83e-02 +0.118  0.99 | 1.3e+00 4.2e+00 1.415e+00
#1614   756   1 | 9.69e-01 1.11e-01 +0.026  1.01 | 1.06e+00 8.41e-02 +0.130  0.99 | 3.1e+00 4.2e+00 2.049e+00
#1615  3805   1 | 1.14e+00 3.08e-01 +0.127  1.00 | 9.43e-01 1.25e-01 +0.250  0.95 | 2.1e+00 4.1e+00 2.150e+00
#1616   268   1 | 8.53e-01 6.03e-01 +0.661  0.57 | 9.10e-01 1.21e-01 +0.046  1.01 | 3.2e+00 2.7e+00 1.244e+00
#1617  2427   1 | 1.20e+00 9.04e-01 +0.799  0.36 | 1.05e+00 2.02e-01 +0.172  0.97 | 2.8e+00 4.2e+00 1.601e+00
#1618   720   1 | 1.11e+00 3.16e-01 +0.049  1.05 | 9.82e-01 9.88e-02 +0.082  0.99 | 3.1e+00 3.7e+00 2.254e+00
#1619  3179   1 | 6.38e-01 2.12e-01 +0.459  0.81 | 1.03e+00 1.08e-01 +0.109  0.99 | 2.0e+00 3.6e+00 1.373e+00
#1620  1111   1 | 1.14e+00 1.70e-01 +0.109  0.99 | 9.88e-01 7.39e-02 -0.058  1.01 | 2.8e+00 3.5e+00 2.279e+00
#1621  3155   1 | 9.91e-01 4.60e-01 +0.898  0.38 | 1.07e+00 1.55e-01 +0.222  0.96 | 1.9e+00 4.1e+00 1.481e+00
#1622  4312   1 | 9.81e-01 3.04e-01 +0.425  0.83 | 1.02e+00 1.15e-01 +0.309  0.94 | 2.5e+00 3.8e+00 1.778e+00
#1623   501   1 | 1.32e+00 5.61e-01 +0.422  0.82 | 1.02e+00 1.30e-01 +0.066  1.00 | 3.1e+00 3.6e+00 2.466e+00
#1624    77   1 | 1.31e+00 7.67e-01 +0.620  0.62 | 1.04e+00 2.03e-01 -0.090  1.07 | 3.0e+00 4.9e+00 2.209e+00
#1625    16   1 | 5.69e-01 3.24e-01 +0.417  0.85 | 9.77e-01 1.14e-01 +0.020  1.01 | 2.8e+00 3.0e+00 1.238e+00
#1626  2932   1 | 1.11e+00 8.99e-01 +0.661  0.58 | 1.06e+00 2.15e-01 +0.188  0.96 | 2.1e+00 3.9e+00 1.806e+00
#1627  3807   1 | 1.04e+00 3.83e-01 +0.725  0.60 | 1.03e+00 1.26e-01 +0.109  0.99 | 1.8e+00 3.4e+00 1.705e+00
#1628  2985   1 | 1.09e+00 3.44e-01 +0.161  1.00 | 9.82e-01 1.60e-01 +0.199  0.96 | 1.7e+00 3.8e+00 2.116e+00
#1629  4114   1 | 1.02e+00 2.53e-01 +0.352  0.89 | 9.92e-01 4.05e-02 +0.143  0.99 | 2.3e+00 3.2e+00 1.904e+00
#1630  2637   1 | 8.31e-01 6.11e-01 +0.530  0.76 | 9.54e-01 2.03e-01 +0.279  0.93 | 2.5e+00 3.8e+00 1.368e+00
#1631  2139   1 | 1.06e+00 4.48e-01 +0.786  0.52 | 1.03e+00 1.55e-01 +0.036  1.01 | 2.5e+00 4.2e+00 1.657e+00
#1632  3263   1 | 1.66e+00 2.34e-01 +0.192  0.97 | 9.65e-01 1.66e-01 +0.332  0.92 | 1.2e+00 3.6e+00 3.520e+00
#1633   776   1 | 1.04e+00 9.92e-02 +0.210  0.97 | 1.02e+00 6.94e-02 +0.034  1.00 | 2.7e+00 3.9e+00 2.094e+00
#1634  3083   1 | 6.36e-01 2.69e-02 +0.184  0.99 | 1.03e+00 8.48e-02 +0.148  0.98 | 1.3e+00 2.9e+00 1.439e+00
#1635  4165   1 | 1.08e+00 1.98e-01 +0.725  0.77 | 9.70e-01 6.98e-02 +0.133  0.99 | 2.3e+00 4.1e+00 1.827e+00
#1636  1606   1 | 9.99e-01 5.66e-01 +0.493  0.76 | 8.61e-01 1.19e-01 +0.016  1.01 | 2.9e+00 2.6e+00 1.513e+00
#1637   917   1 | 1.13e+00 5.29e-01 +0.537  0.72 | 1.05e+00 1.51e-01 +0.274  0.94 | 2.8e+00 3.4e+00 1.962e+00
#1638  4330   1 | 1.33e+00 2.72e-01 -0.231  1.14 | 1.02e+00 1.42e-01 +0.218  0.96 | 2.5e+00 2.6e+00 2.994e+00
#1639   802   1 | 8.24e-01 1.27e-01 +0.427  0.89 | 9.42e-01 5.57e-02 +0.006  1.00 | 2.8e+00 3.1e+00 1.495e+00
#1640  2263   1 | 1.11e+00 5.38e-01 +0.620  0.63 | 1.06e+00 1.36e-01 +0.111  0.99 | 2.5e+00 4.2e+00 1.888e+00
#1641   819   1 | 1.09e+00 1.71e-01 +0.134  0.98 | 9.37e-01 4.50e-02 +0.006  1.00 | 2.8e+00 2.8e+00 2.042e+00
#1642  2314   1 | 1.34e+00 8.38e-01 +0.581  0.66 | 1.00e+00 1.80e-01 -0.058  1.05 | 2.5e+00 4.0e+00 2.254e+00
#1643  4850   1 | 9.54e-01 2.12e-01 +0.345  0.90 | 1.06e+00 7.29e-02 +0.439  0.94 | 2.6e+00 3.4e+00 1.873e+00
#1644  4476   1 | 1.30e+00 6.00e-01 -0.003  1.22 | 9.27e-01 1.60e-01 +0.251  0.94 | 2.4e+00 3.2e+00 2.867e+00
#1645  3990   1 | 7.32e-01 1.14e-01 -0.229  1.10 | 1.09e+00 9.23e-02 +0.163  0.98 | 2.1e+00 3.2e+00 1.747e+00
#1646  1337   1 | 1.05e+00 7.60e-01 +0.857  0.28 | 1.08e+00 3.57e-01 +0.150  1.01 | 2.6e+00 4.5e+00 1.499e+00
#1647  2695   1 | 1.30e+00 5.62e-01 +0.649  0.63 | 9.64e-01 1.59e-01 +0.220  0.95 | 2.5e+00 4.3e+00 1.939e+00
#1648  1084   1 | 5.53e-01 2.84e-01 +0.819  0.42 | 1.04e+00 8.19e-02 +0.043  1.00 | 2.5e+00 3.5e+00 1.215e+00
#1649  2071   1 | 1.14e+00 5.43e-01 +0.774  0.49 | 9.75e-01 1.81e-01 -0.085  1.07 | 2.7e+00 3.4e+00 1.648e+00
#1650  4528   1 | 1.11e+00 3.28e-01 +0.827  0.60 | 1.02e+00 1.20e-01 +0.236  0.96 | 2.4e+00 3.3e+00 1.735e+00
#1651  4454   1 | 1.12e+00 1.51e-01 +0.581  0.86 | 1.13e+00 1.33e-01 +0.386  0.92 | 2.4e+00 3.7e+00 2.261e+00
#1652  2679   1 | 1.19e+00 9.27e-01 +0.826  0.32 | 1.05e+00 1.72e-01 +0.172  0.97 | 2.5e+00 4.5e+00 1.536e+00
#1653  3429   1 | 1.13e+00 8.48e-02 -0.149  1.03 | 9.88e-01 8.72e-02 +0.095  0.99 | 2.4e+00 3.2e+00 2.281e+00
#1654  1746   1 | 1.31e+00 2.59e-01 +0.259  0.94 | 1.01e+00 9.55e-02 +0.118  0.99 | 3.0e+00 3.1e+00 2.617e+00
#1655  1371   1 | 9.64e-01 6.33e-02 +0.644  0.92 | 1.03e+00 6.92e-02 +0.017  1.00 | 2.9e+00 3.4e+00 1.923e+00
#1656  4097   1 | 9.98e-01 6.61e-01 +0.069  1.35 | 1.04e+00 1.91e-01 +0.195  0.96 | 2.3e+00 4.9e+00 2.389e+00
#1657   682   1 | 9.98e-01 6.31e-02 -0.509  1.07 | 9.45e-01 6.93e-02 +0.172  0.98 | 2.9e+00 2.9e+00 1.940e+00
#1658  4178   1 | 7.44e-01 2.44e-01 +0.269  0.93 | 9.49e-01 1.04e-01 +0.326  0.94 | 2.4e+00 3.9e+00 1.363e+00
#1659  4294   1 | 5.68e-01 5.33e-02 +0.056  1.00 | 9.77e-01 9.92e-02 +0.362  0.94 | 2.3e+00 3.8e+00 1.217e+00
#1660  3582   1 | 9.77e-01 3.60e-01 +0.834  0.52 | 9.60e-01 1.29e-01 +0.182  0.97 | 2.4e+00 3.1e+00 1.390e+00
#1661  2913   1 | 9.94e-01 5.24e-01 +0.921  0.31 | 1.07e+00 1.49e-01 +0.204  0.96 | 2.3e+00 4.4e+00 1.415e+00
#1662  3426   1 | 7.13e-01 4.55e-01 +0.403  0.89 | 1.00e+00 1.82e-01 +0.229  0.95 | 2.2e+00 3.5e+00 1.408e+00
#1663  4798   1 | 5.74e-01 2.25e-01 +0.137  1.05 | 1.08e+00 9.78e-02 +0.195  0.97 | 2.4e+00 3.7e+00 1.488e+00
#1664  3149   1 | 1.31e+00 1.23e+00 +0.896  0.20 | 1.12e+00 3.45e-01 +0.259  0.94 | 2.1e+00 5.0e+00 1.514e+00
#1665  4102   1 | 1.09e+00 9.95e-01 +0.798  0.38 | 9.80e-01 3.60e-01 +0.155  1.02 | 1.9e+00 4.2e+00 1.428e+00
#1666  3673   1 | 8.46e-01 7.14e-01 +0.635  0.64 | 1.01e+00 1.62e-01 +0.224  0.95 | 2.2e+00 3.7e+00 1.437e+00
#1667   392   1 | 8.89e-01 2.54e-01 +0.592  0.74 | 9.15e-01 9.09e-02 +0.012  1.01 | 2.8e+00 3.0e+00 1.430e+00
#1668    35   1 | 1.22e+00 9.25e-02 +0.239  0.97 | 1.10e+00 7.45e-02 +0.055  1.00 | 2.6e+00 3.4e+00 2.667e+00
#1669  3358   1 | 5.90e-01 8.56e-02 +0.492  0.88 | 1.05e+00 7.60e-02 +0.133  0.99 | 1.4e+00 4.0e+00 1.398e+00
#1670  2863   1 | 9.66e-01 6.49e-01 +0.404  0.91 | 1.07e+00 2.62e-01 +0.135  0.99 | 1.7e+00 3.9e+00 1.996e+00
#1671    10   1 | 7.71e-01 2.20e-01 +0.250  0.94 | 9.59e-01 9.38e-02 -0.078  1.02 | 2.5e+00 4.0e+00 1.501e+00
#1672  2519   1 | 4.96e-01 1.56e-01 -0.068  1.14 | 1.12e+00 1.17e-01 +0.072  1.00 | 2.3e+00 3.0e+00 1.524e+00
#1673   187   1 | 1.21e+00 5.29e-01 +0.591  0.67 | 9.11e-01 1.60e-01 +0.022  1.02 | 2.5e+00 2.9e+00 1.833e+00
#1674  1740   1 | 5.13e-01 7.77e-02 +0.104  0.99 | 9.97e-01 1.03e-01 -0.043  1.02 | 2.3e+00 3.0e+00 1.274e+00
#1675  3700   1 | 6.58e-01 4.98e-02 +0.259  0.97 | 1.07e+00 7.99e-02 +0.170  0.98 | 1.6e+00 3.8e+00 1.541e+00
#1676  4357   1 | 9.00e-01 5.67e-01 +0.865  0.31 | 9.51e-01 2.16e-01 +0.122  1.00 | 1.7e+00 4.3e+00 1.149e+00
#1677  1847   1 | 9.63e-01 3.28e-01 +0.763  0.60 | 1.06e+00 1.09e-01 +0.200  0.97 | 2.1e+00 3.5e+00 1.651e+00
#1678    50   1 | 1.10e+00 4.79e-01 +0.684  0.59 | 1.08e+00 1.55e-01 +0.059  1.00 | 2.3e+00 3.5e+00 1.889e+00
#1679  1277   1 | 1.08e+00 1.87e-01 +0.847  0.74 | 9.93e-01 6.53e-02 +0.020  1.00 | 2.1e+00 4.0e+00 1.848e+00
#1680  3657   1 | 1.40e+00 1.93e-01 +0.487  0.88 | 1.03e+00 1.44e-01 +0.201  0.96 | 1.7e+00 3.1e+00 2.741e+00
#1681  3282   1 | 1.07e+00 5.82e-02 +0.671  0.93 | 9.97e-01 8.53e-02 +0.139  0.98 | 1.2e+00 4.0e+00 2.042e+00
#1682  3269   1 | 1.17e+00 2.83e-01 +0.339  0.89 | 1.17e+00 3.07e-01 +0.089  1.02 | 1.1e+00 4.5e+00 2.614e+00
#1683  2857   1 | 1.07e+00 3.61e-01 +0.788  0.58 | 1.04e+00 3.09e-01 +0.100  1.03 | 1.3e+00 4.0e+00 1.775e+00
#1684  2455   1 | 1.08e+00 5.26e-01 +0.642  0.61 | 9.68e-01 1.34e-01 +0.050  1.01 | 2.0e+00 3.4e+00 1.656e+00
#1685  3903   1 | 1.04e+00 7.48e-02 +0.110  0.99 | 1.13e+00 7.80e-02 +0.276  0.97 | 1.5e+00 2.7e+00 2.314e+00
#1686  4477   1 | 9.06e-01 2.73e-01 -0.099  1.15 | 9.18e-01 8.55e-02 +0.306  0.95 | 2.2e+00 3.0e+00 1.746e+00
#1687  3906   1 | 5.73e-01 2.03e-01 +0.418  0.83 | 1.03e+00 9.27e-02 +0.203  0.97 | 1.5e+00 3.1e+00 1.300e+00
#1688   270   1 | 1.31e+00 6.18e-01 +0.602  0.65 | 1.04e+00 1.65e-01 -0.078  1.05 | 3.2e+00 3.3e+00 2.249e+00
#1689  1993   1 | 4.48e-01 7.31e-02 -0.070  1.05 | 1.00e+00 7.21e-02 +0.165  0.98 | 2.7e+00 3.2e+00 1.195e+00
#1690  1673   1 | 7.29e-01 2.06e-01 +0.399  0.85 | 9.46e-01 7.98e-02 +0.124  0.99 | 3.0e+00 3.8e+00 1.337e+00
#1691   494   1 | 1.29e+00 3.65e-01 +0.765  0.65 | 1.08e+00 8.96e-02 +0.103  0.99 | 3.2e+00 3.3e+00 2.236e+00
#1692  3330   1 | 4.76e-01 1.18e-01 -0.065  1.09 | 9.87e-01 9.66e-02 +0.391  0.93 | 1.4e+00 3.8e+00 1.157e+00
#1693  4655   1 | 1.24e+00 1.38e+00 +0.851  0.34 | 9.89e-01 2.31e-01 +0.144  0.99 | 2.1e+00 3.7e+00 1.496e+00
#1694    69   1 | 1.15e+00 1.05e-01 +0.010  1.01 | 9.43e-01 6.77e-02 +0.165  0.98 | 3.0e+00 3.9e+00 2.193e+00
#1695  4533   1 | 9.77e-01 1.09e-01 +0.541  0.89 | 1.02e+00 9.41e-02 +0.276  0.96 | 2.4e+00 3.2e+00 1.843e+00
#1696  4222   1 | 1.19e+00 3.81e-01 +0.747  0.62 | 9.58e-01 1.23e-01 +0.074  1.00 | 1.9e+00 3.0e+00 1.794e+00
#1697  2224   1 | 1.04e+00 4.02e-01 +0.922  0.44 | 8.36e-01 7.87e-02 +0.200  0.97 | 2.8e+00 3.8e+00 1.156e+00
#1698  4681   1 | 1.31e+00 1.44e-01 -0.002  1.01 | 1.09e+00 5.76e-02 +0.371  0.96 | 2.5e+00 3.7e+00 2.903e+00
#1699  4911   1 | 1.40e+00 3.94e-01 +0.647  0.71 | 1.01e+00 1.36e-01 +0.345  0.93 | 2.4e+00 3.3e+00 2.336e+00
#1700  4711   1 | 1.12e+00 4.93e-01 +0.278  0.95 | 1.01e+00 1.01e-01 +0.174  0.98 | 2.5e+00 4.0e+00 2.175e+00
#1701  1144   1 | 8.53e-01 2.28e-01 +0.683  0.71 | 9.10e-01 5.88e-02 -0.038  1.01 | 2.8e+00 3.9e+00 1.349e+00
#1702  3311   1 | 1.08e+00 2.67e-01 +0.282  0.92 | 9.82e-01 1.77e-01 +0.223  0.95 | 1.5e+00 4.4e+00 1.999e+00
#1703  2474   1 | 6.04e-01 1.66e-01 +0.688  0.70 | 1.08e+00 4.28e-02 +0.035  1.00 | 2.8e+00 3.6e+00 1.428e+00
#1704  4678   1 | 1.16e+00 1.05e+00 +0.391  1.11 | 9.75e-01 1.62e-01 +0.265  0.94 | 3.0e+00 4.4e+00 2.378e+00
#1705  4451   1 | 1.31e+00 1.80e-01 -0.250  1.09 | 1.04e+00 6.70e-02 +0.252  0.97 | 2.5e+00 3.1e+00 2.910e+00
#1706  1100   1 | 9.07e-01 1.45e-01 +0.425  0.89 | 9.18e-01 6.21e-02 +0.144  0.99 | 2.6e+00 2.5e+00 1.561e+00
#1707  2301   1 | 7.30e-01 1.53e-01 +0.767  0.72 | 9.46e-01 5.14e-02 +0.114  0.99 | 2.6e+00 3.2e+00 1.272e+00
#1708  3021   1 | 1.07e+00 2.48e-01 +0.805  0.68 | 9.93e-01 1.13e-01 +0.077  1.00 | 1.7e+00 3.1e+00 1.768e+00
#1709   347   1 | 1.23e+00 5.70e-01 +0.846  0.43 | 9.89e-01 1.22e-01 +0.240  0.96 | 2.4e+00 2.8e+00 1.592e+00
#1710  4208   1 | 9.10e-01 2.01e-01 +0.382  0.88 | 9.15e-01 9.34e-02 +0.104  0.99 | 1.8e+00 3.3e+00 1.557e+00
#1711  3438   1 | 8.40e-01 1.44e-01 +0.471  0.87 | 1.01e+00 1.82e-02 +0.164  0.99 | 2.0e+00 3.5e+00 1.634e+00
#1712   467   1 | 4.46e-01 6.33e-02 +0.109  0.99 | 1.00e+00 8.07e-02 +0.160  0.98 | 1.6e+00 2.8e+00 1.181e+00
#1713   578   1 | 1.08e+00 5.34e-01 +0.599  0.65 | 9.68e-01 1.20e-01 +0.032  1.01 | 2.4e+00 3.4e+00 1.710e+00
#1714  1036   1 | 1.38e+00 7.49e-01 +0.547  0.70 | 1.03e+00 9.54e-02 -0.066  1.02 | 2.3e+00 4.4e+00 2.410e+00
#1715   445   1 | 7.38e-01 2.83e-01 +0.427  0.82 | 9.49e-01 8.12e-02 +0.071  1.00 | 2.2e+00 4.2e+00 1.343e+00
#1716  2844   1 | 1.20e+00 3.61e-01 +0.682  0.68 | 9.11e-01 1.19e-01 +0.067  1.00 | 2.1e+00 3.4e+00 1.801e+00
#1717  1093   1 | 1.04e+00 1.62e-01 +0.206  0.96 | 1.02e+00 7.16e-02 +0.076  0.99 | 1.9e+00 3.5e+00 2.077e+00
#1718  2230   1 | 1.30e+00 5.78e-01 +0.609  0.66 | 9.64e-01 1.33e-01 +0.208  0.96 | 2.3e+00 4.0e+00 1.994e+00
#1719   264   1 | 6.23e-01 4.42e-01 +0.462  0.85 | 1.03e+00 1.18e-01 +0.004  1.01 | 2.0e+00 3.6e+00 1.401e+00
#1720  1128   1 | 1.14e+00 1.50e-01 -0.005  1.02 | 9.88e-01 5.46e-02 +0.014  1.00 | 2.4e+00 4.0e+00 2.304e+00
#1721  1214   1 | 9.98e-01 3.26e-01 +0.428  0.83 | 8.61e-01 8.41e-02 +0.048  1.00 | 2.5e+00 3.7e+00 1.566e+00
#1722   237   1 | 1.15e+00 2.43e-01 +0.092  1.01 | 9.43e-01 5.88e-02 +0.194  0.98 | 2.9e+00 4.0e+00 2.191e+00
#1723  1562   1 | 1.00e+00 3.01e-01 +0.901  0.55 | 1.07e+00 1.12e-01 +0.189  0.97 | 1.5e+00 2.9e+00 1.672e+00
#1724  4280   1 | 7.01e-01 2.18e-01 +0.064  1.06 | 1.00e+00 1.40e-01 +0.250  0.95 | 1.7e+00 2.5e+00 1.474e+00
#1725  4242   1 | 5.52e-01 1.48e-01 -0.219  1.19 | 1.03e+00 8.12e-02 +0.246  0.97 | 1.8e+00 2.5e+00 1.387e+00
#1726  2062   1 | 9.77e-01 4.54e-01 +0.679  0.58 | 1.04e+00 2.38e-01 +0.197  0.96 | 2.6e+00 4.2e+00 1.604e+00
#1727  2699   1 | 5.73e-01 5.96e-01 +0.364  1.32 | 9.77e-01 1.09e-01 +0.114  0.99 | 2.9e+00 3.0e+00 1.377e+00
#1728  1717   1 | 1.07e+00 1.14e+00 +0.825  0.38 | 1.03e+00 1.90e-01 -0.019  1.04 | 2.9e+00 3.4e+00 1.533e+00
#1729  2551   1 | 1.00e+00 7.61e-01 +0.429  0.92 | 9.45e-01 1.51e-01 +0.243  0.95 | 2.9e+00 3.9e+00 1.778e+00
#1730  4708   1 | 1.15e+00 3.99e-01 +0.608  0.70 | 1.05e+00 1.55e-01 +0.353  0.92 | 1.8e+00 3.4e+00 1.936e+00
#1731  1460   1 | 7.06e-01 2.26e-01 +0.691  0.66 | 1.09e+00 8.80e-02 +0.023  1.00 | 2.6e+00 5.6e+00 1.515e+00
#1732  1324   1 | 9.71e-01 1.88e-01 +0.374  0.89 | 1.02e+00 1.05e-01 +0.048  1.00 | 2.8e+00 3.6e+00 1.878e+00
#1733  4923   1 | 6.58e-01 2.98e-01 +0.016  1.19 | 1.07e+00 8.04e-02 +0.320  0.96 | 2.4e+00 3.5e+00 1.611e+00
#1734   376   1 | 1.35e+00 3.97e-01 +0.729  0.66 | 1.00e+00 1.51e-01 -0.019  1.03 | 3.0e+00 3.8e+00 2.225e+00
#1735  4580   1 | 1.33e+00 2.29e-02 -0.411  1.01 | 1.12e+00 2.65e-01 +0.259  0.93 | 1.3e+00 4.9e+00 2.960e+00
#1736  1293   1 | 1.18e+00 8.69e-01 +0.595  0.67 | 9.58e-01 1.38e-01 +0.109  0.99 | 2.3e+00 3.6e+00 1.833e+00
#1737  1324   1 | 1.22e+00 1.29e-01 +0.442  0.92 | 1.10e+00 7.53e-02 +0.104  0.99 | 2.6e+00 3.5e+00 2.580e+00
#1738  3199   1 | 5.88e-01 1.25e-01 +0.595  0.79 | 1.05e+00 5.83e-02 +0.170  0.98 | 1.8e+00 3.8e+00 1.363e+00
#1739  2407   1 | 7.76e-01 3.43e-01 +0.269  0.96 | 9.59e-01 1.39e-01 +0.181  0.97 | 2.6e+00 3.9e+00 1.467e+00
#1740  3579   1 | 1.05e+00 7.68e-01 +0.877  0.25 | 8.36e-01 1.31e-01 +0.361  0.91 | 2.5e+00 3.4e+00 9.200e-01
#1741  4616   1 | 1.13e+00 2.58e-01 +0.739  0.71 | 1.13e+00 1.05e-01 +0.402  0.93 | 1.7e+00 2.7e+00 2.113e+00
#1742  1720   1 | 9.64e-01 2.06e-01 +0.581  0.80 | 1.03e+00 7.35e-02 +0.034  1.00 | 2.7e+00 3.8e+00 1.806e+00
#1743  3584   1 | 1.13e+00 4.73e-01 +0.326  0.90 | 1.01e+00 1.03e-01 +0.142  0.98 | 2.5e+00 3.6e+00 2.146e+00
#1744  4121   1 | 9.79e-01 3.38e-01 +0.035  1.09 | 1.07e+00 9.07e-02 +0.144  0.98 | 2.2e+00 2.5e+00 2.184e+00
#1745  3702   1 | 8.44e-01 2.02e-01 +0.686  0.73 | 9.54e-01 8.92e-02 +0.325  0.95 | 2.5e+00 2.6e+00 1.381e+00
#1746  2363   1 | 5.15e-01 1.06e-01 +0.080  1.01 | 9.97e-01 9.15e-02 +0.020  1.00 | 2.6e+00 3.1e+00 1.266e+00
#1747  4557   1 | 1.03e+00 1.11e-01 -0.364  1.09 | 9.92e-01 1.61e-01 +0.220  0.95 | 2.1e+00 4.7e+00 2.097e+00
#1748  1574   1 | 1.17e+00 1.38e-01 +0.314  0.94 | 1.17e+00 6.53e-02 +0.145  0.99 | 2.7e+00 4.0e+00 2.634e+00
#1749  4209   1 | 9.66e-01 4.24e-02 +0.199  0.98 | 1.06e+00 7.85e-02 +0.392  0.95 | 2.4e+00 4.2e+00 1.991e+00
#1750    64   1 | 4.94e-01 4.26e-01 +0.239  1.33 | 1.12e+00 1.32e-01 +0.089  0.99 | 3.2e+00 4.2e+00 1.564e+00
#1751  2541   1 | 1.66e+00 4.62e-01 +0.264  0.93 | 9.65e-01 1.40e-01 +0.296  0.94 | 3.0e+00 3.6e+00 3.426e+00
#1752  4331   1 | 1.18e+00 6.84e-01 +0.490  0.77 | 1.05e+00 2.02e-01 +0.202  0.96 | 2.5e+00 4.0e+00 2.144e+00
#1753  3230   1 | 1.41e+00 9.50e-01 +0.773  0.41 | 1.01e+00 2.73e-01 +0.022  1.06 | 2.0e+00 3.9e+00 1.900e+00
#1754  3860   1 | 1.00e+00 3.21e-01 +0.771  0.61 | 1.08e+00 2.88e-01 +0.204  0.96 | 2.5e+00 4.6e+00 1.745e+00
#1755    81   1 | 1.32e+00 5.71e-01 +0.386  0.85 | 1.02e+00 1.19e-01 -0.026  1.02 | 3.1e+00 3.3e+00 2.543e+00
#1756  2676   1 | 1.07e+00 1.21e-01 +0.668  0.86 | 1.04e+00 1.22e-01 +0.034  1.01 | 2.7e+00 2.8e+00 2.075e+00
#1757  1426   1 | 8.24e-01 1.12e-01 +0.084  1.00 | 9.42e-01 5.04e-02 +0.078  0.99 | 2.9e+00 4.1e+00 1.559e+00
#1758   502   1 | 1.31e+00 1.30e-01 +0.498  0.91 | 1.09e+00 5.21e-02 -0.028  1.00 | 3.2e+00 3.6e+00 2.758e+00
#1759  4909   1 | 1.08e+00 2.42e-01 +0.546  0.81 | 9.97e-01 9.23e-02 +0.370  0.94 | 2.7e+00 3.1e+00 1.877e+00
#1760  2407   1 | 1.10e+00 6.09e-01 +0.873  0.34 | 1.02e+00 1.72e-01 +0.161  0.97 | 3.0e+00 4.2e+00 1.423e+00
#1761  3830   1 | 1.28e+00 1.65e-01 -0.601  1.17 | 1.01e+00 7.06e-02 +0.242  0.97 | 2.8e+00 3.4e+00 2.903e+00
#1762   612   1 | 1.07e+00 3.10e-01 +0.080  1.04 | 9.70e-01 7.33e-02 -0.179  1.03 | 3.4e+00 3.2e+00 2.162e+00
#1763  1218   1 | 9.60e-01 7.20e-01 +0.842  0.30 | 9.60e-01 1.35e-01 -0.069  1.04 | 2.9e+00 2.6e+00 1.234e+00
#1764   288   1 | 1.11e+00 1.06e+00 +0.822  0.34 | 9.80e-01 1.80e-01 +0.095  1.00 | 3.3e+00 3.8e+00 1.383e+00
#1765  4345   1 | 9.81e-01 2.46e-01 +0.374  0.88 | 1.06e+00 7.97e-02 +0.363  0.95 | 3.0e+00 3.1e+00 1.907e+00
#1766   322   1 | 1.11e+00 5.34e-01 +0.717  0.54 | 1.06e+00 1.15e-01 +0.033  1.00 | 3.4e+00 3.0e+00 1.791e+00
#1767   215   1 | 1.29e+00 8.64e-01 +0.738  0.46 | 1.08e+00 1.24e-01 +0.099  0.99 | 3.3e+00 3.6e+00 1.925e+00
#1768  4838   1 | 1.00e+00 4.27e-01 +0.021  1.16 | 1.13e+00 8.58e-02 +0.233  0.97 | 3.0e+00 3.1e+00 2.416e+00
#1769  4603   1 | 1.10e+00 3.11e-01 +0.205  0.96 | 1.08e+00 8.61e-02 +0.322  0.96 | 2.8e+00 2.7e+00 2.280e+00
#1770  1160   1 | 8.53e-01 3.29e-01 +0.685  0.62 | 9.10e-01 7.78e-02 +0.009  1.01 | 3.1e+00 3.6e+00 1.284e+00
#1771  4495   1 | 1.08e+00 3.35e-01 -0.016  1.11 | 9.37e-01 9.77e-02 +0.367  0.93 | 2.8e+00 3.7e+00 2.121e+00
#1772  3364   1 | 8.96e-01 7.96e-01 +0.837  0.30 | 9.51e-01 1.70e-01 +0.052  1.01 | 1.9e+00 4.1e+00 1.159e+00
#1773   368   1 | 1.30e+00 4.80e-01 +0.231  0.97 | 9.27e-01 1.13e-01 +0.158  0.98 | 3.3e+00 3.2e+00 2.461e+00
#1774  1337   1 | 5.54e-01 2.57e-01 +0.774  0.50 | 1.04e+00 8.50e-02 +0.008  1.01 | 3.1e+00 3.9e+00 1.244e+00
#1775  2128   1 | 4.71e-01 4.67e-01 +0.029  1.93 | 9.87e-01 1.11e-01 +0.154  0.98 | 3.0e+00 3.2e+00 1.381e+00
#1776  1765   1 | 6.58e-01 2.61e-01 -0.292  1.39 | 1.07e+00 7.80e-02 +0.156  0.98 | 3.2e+00 3.4e+00 1.725e+00
#1777  1436   1 | 1.65e+00 3.04e-01 +0.264  0.94 | 9.65e-01 9.79e-02 +0.146  0.98 | 3.2e+00 3.3e+00 3.477e+00
#1778   643   1 | 1.11e+00 1.72e-01 -0.064  1.04 | 9.82e-01 8.96e-02 +0.119  0.99 | 3.4e+00 3.5e+00 2.235e+00
#1779  2038   1 | 5.56e-01 4.52e-01 +0.628  0.64 | 1.04e+00 1.04e-01 +0.031  1.00 | 3.1e+00 3.2e+00 1.288e+00
#1780   708   1 | 1.11e+00 4.27e-01 +0.728  0.59 | 1.06e+00 9.01e-02 +0.108  0.99 | 3.2e+00 3.8e+00 1.829e+00
#1781  4816   1 | 1.15e+00 2.26e-01 -0.133  1.09 | 9.43e-01 1.22e-01 +0.260  0.95 | 2.7e+00 3.6e+00 2.288e+00
#1782  4159   1 | 1.10e+00 8.46e-01 +0.567  0.72 | 1.05e+00 1.76e-01 +0.296  0.93 | 2.3e+00 2.9e+00 1.902e+00
#1783  1762   1 | 1.11e+00 5.82e-01 +0.844  0.39 | 9.80e-01 1.51e-01 +0.097  0.99 | 2.9e+00 4.6e+00 1.437e+00
#1784  4815   1 | 1.05e+00 2.83e-01 +0.147  0.99 | 1.02e+00 1.30e-01 +0.354  0.93 | 2.6e+00 3.3e+00 2.064e+00
#1785  3140   1 | 8.34e-01 3.37e-01 +0.139  1.05 | 1.01e+00 1.18e-01 +0.042  1.00 | 2.0e+00 3.3e+00 1.762e+00
#1786  2419   1 | 1.12e+00 7.44e-01 +0.326  1.01 | 1.01e+00 1.24e-01 +0.140  0.98 | 2.7e+00 3.7e+00 2.264e+00
#1787  1688   1 | 1.09e+00 1.39e-01 +0.017  1.01 | 9.37e-01 5.85e-02 +0.091  0.99 | 2.7e+00 4.1e+00 2.071e+00
#1788  3674   1 | 1.40e+00 4.67e-01 +0.541  0.75 | 1.03e+00 1.33e-01 +0.198  0.97 | 2.3e+00 3.2e+00 2.482e+00
#1789   110   1 | 1.14e+00 2.26e-01 +0.138  0.98 | 9.88e-01 7.27e-02 -0.015  1.01 | 3.0e+00 3.5e+00 2.268e+00
#1790  3685   1 | 1.41e+00 5.03e-01 +0.761  0.58 | 1.01e+00 1.42e-01 +0.067  1.00 | 2.2e+00 3.7e+00 2.189e+00
#1791   683   1 | 1.11e+00 2.97e-01 +0.893  0.59 | 1.02e+00 1.52e-01 +0.125  0.98 | 2.9e+00 3.3e+00 1.749e+00
#1792   907   1 | 7.28e-01 2.95e-01 +0.353  0.88 | 9.46e-01 7.50e-02 +0.075  0.99 | 2.8e+00 3.6e+00 1.356e+00
#1793  4509   1 | 1.35e+00 1.22e-01 +0.190  0.97 | 1.00e+00 9.71e-02 +0.310  0.95 | 2.0e+00 3.8e+00 2.726e+00
#1794  4944   1 | 9.58e-01 7.97e-01 +0.483  0.89 | 1.04e+00 2.21e-01 +0.198  0.96 | 2.3e+00 5.0e+00 1.859e+00
#1795  2828   1 | 8.32e-01 1.31e-01 +0.588  0.84 | 9.54e-01 8.11e-02 +0.297  0.96 | 2.3e+00 2.6e+00 1.452e+00
#1796  2760   1 | 1.05e+00 1.03e+00 +0.843  0.31 | 8.36e-01 2.26e-01 +0.278  0.92 | 1.9e+00 3.6e+00 9.839e-01
#1797   554   1 | 9.98e-01 1.98e-01 +0.443  0.86 | 9.45e-01 1.20e-01 +0.142  0.98 | 2.5e+00 3.7e+00 1.736e+00
#1798  2024   1 | 1.22e+00 1.44e-01 +0.337  0.93 | 1.10e+00 9.50e-02 +0.089  0.99 | 2.3e+00 2.9e+00 2.608e+00
#1799  3469   1 | 6.27e-01 1.65e-01 -0.045  1.09 | 1.08e+00 7.93e-02 +0.019  1.00 | 2.0e+00 3.1e+00 1.607e+00
#1800   952   1 | 1.29e+00 4.31e-01 +0.516  0.77 | 9.64e-01 1.34e-01 +0.188  0.97 | 2.1e+00 4.5e+00 2.185e+00
#1801  2957   1 | 9.68e-01 1.88e-01 +0.878  0.70 | 9.60e-01 8.63e-02 +0.108  0.99 | 1.7e+00 3.4e+00 1.563e+00
#1802  3471   1 | 1.21e+00 7.73e-01 +0.907  0.25 | 9.89e-01 1.76e-01 +0.175  0.97 | 1.9e+00 4.8e+00 1.313e+00
#1803  4477   1 | 5.65e-01 1.08e-01 +0.192  0.96 | 9.77e-01 6.81e-02 +0.236  0.97 | 1.8e+00 3.3e+00 1.236e+00
#1804    67   1 | 1.18e+00 4.72e-01 +0.745  0.56 | 9.58e-01 1.09e-01 +0.053  1.00 | 2.5e+00 3.8e+00 1.704e+00
#1805   879   1 | 1.08e+00 3.48e-01 +0.585  0.73 | 9.68e-01 9.98e-02 +0.065  1.00 | 2.2e+00 3.2e+00 1.788e+00
#1806  1013   1 | 4.94e-01 3.59e-01 -0.163  1.77 | 1.12e+00 1.12e-01 +0.050  1.00 | 2.2e+00 4.8e+00 1.680e+00
#1807  1052   1 | 1.02e+00 4.44e-02 -0.180  1.02 | 1.13e+00 9.86e-02 -0.054  1.02 | 2.0e+00 3.6e+00 2.358e+00
#1808   801   1 | 1.21e+00 2.63e-01 +0.656  0.76 | 9.11e-01 1.39e-01 +0.030  1.01 | 2.1e+00 3.1e+00 1.954e+00
#1809  4439   1 | 1.31e+00 6.40e-02 -0.207  1.02 | 1.09e+00 5.84e-02 +0.235  0.98 | 1.7e+00 3.1e+00 2.919e+00
#1810   316   1 | 1.32e+00 1.00e+00 +0.866  0.26 | 1.12e+00 2.13e-01 +0.224  0.95 | 2.5e+00 4.8e+00 1.653e+00
#1811  3317   1 | 9.02e-01 2.68e-01 +0.366  0.87 | 9.15e-01 7.88e-02 +0.057  1.00 | 2.0e+00 3.3e+00 1.544e+00
#1812  2868   1 | 4.52e-01 6.35e-02 +0.192  0.97 | 1.00e+00 7.05e-02 +0.138  0.99 | 1.8e+00 3.2e+00 1.186e+00
#1813   927   1 | 1.08e+00 1.85e-01 +0.666  0.80 | 9.93e-01 5.33e-02 -0.020  1.01 | 1.9e+00 3.7e+00 1.926e+00
#1814   785   1 | 9.69e-01 5.65e-02 +0.206  0.98 | 1.06e+00 7.71e-02 +0.156  0.98 | 2.0e+00 2.8e+00 2.020e+00
#1815  1145   1 | 1.14e+00 4.03e-01 +0.779  0.57 | 9.75e-01 1.50e-01 -0.119  1.06 | 1.9e+00 4.3e+00 1.758e+00
#1816  2585   1 | 5.53e-01 2.95e-01 +0.409  0.85 | 1.03e+00 7.98e-02 +0.146  0.98 | 2.4e+00 3.9e+00 1.301e+00
#1817  4719   1 | 1.08e+00 9.63e-02 -0.426  1.08 | 1.03e+00 1.21e-01 +0.273  0.95 | 1.8e+00 3.9e+00 2.270e+00
#1818  3080   1 | 9.70e-01 3.10e-01 +0.413  0.84 | 1.07e+00 1.51e-01 +0.155  0.98 | 1.8e+00 3.9e+00 1.915e+00
#1819   343   1 | 1.08e+00 9.37e-01 +0.578  0.75 | 9.97e-01 1.62e-01 +0.046  1.01 | 2.6e+00 3.4e+00 1.878e+00
#1820  4665   1 | 9.33e-01 1.70e-01 +0.839  0.73 | 9.51e-01 8.84e-02 +0.219  0.97 | 1.9e+00 3.7e+00 1.508e+00
#1821  1811   1 | 9.07e-01 1.20e-01 +0.229  0.96 | 9.18e-01 6.35e-02 +0.226  0.97 | 2.1e+00 4.4e+00 1.608e+00
#1822  3131   1 | 5.87e-01 4.29e-02 +0.290  0.96 | 1.05e+00 6.96e-02 +0.116  0.99 | 1.8e+00 3.4e+00 1.427e+00
#1823  3536   1 | 1.05e+00 6.78e-01 +0.730  0.47 | 1.04e+00 2.42e-01 +0.074  1.02 | 2.0e+00 4.0e+00 1.623e+00
#1824  4261   1 | 1.11e+00 1.10e-01 +0.542  0.90 | 1.08e+00 1.31e-01 +0.336  0.93 | 1.7e+00 4.3e+00 2.197e+00
#1825  2814   1 | 7.06e-01 2.26e-01 +0.255  0.94 | 1.00e+00 1.17e-01 +0.257  0.95 | 2.0e+00 2.9e+00 1.426e+00
#1826  2448   1 | 1.11e+00 4.34e-01 +0.659  0.64 | 1.13e+00 1.37e-01 +0.128  0.98 | 2.2e+00 3.1e+00 2.056e+00
#1827  1407   1 | 1.31e+00 5.78e-01 +0.300  0.93 | 1.01e+00 1.25e-01 +0.141  0.98 | 2.4e+00 2.9e+00 2.601e+00
#1828  3574   1 | 8.49e-01 9.58e-02 -0.245  1.07 | 9.42e-01 8.09e-02 +0.064  1.00 | 2.1e+00 3.7e+00 1.654e+00
#1829  3190   1 | 1.08e+00 2.46e-01 +0.517  0.82 | 9.70e-01 8.46e-02 -0.049  1.02 | 2.0e+00 4.5e+00 1.913e+00
#1830  1914   1 | 1.02e+00 1.86e-01 +0.056  1.01 | 9.92e-01 4.71e-02 +0.153  0.99 | 2.3e+00 2.6e+00 2.032e+00
#1831  2130   1 | 1.00e+00 3.69e-01 +0.935  0.45 | 1.07e+00 1.03e-01 +0.185  0.97 | 2.2e+00 3.4e+00 1.570e+00
#1832  3057   1 | 1.28e+00 3.22e-01 +0.723  0.70 | 1.08e+00 9.23e-02 +0.172  0.98 | 1.8e+00 4.4e+00 2.283e+00
#1833  4693   1 | 6.90e-01 1.84e-02 -0.090  1.01 | 1.09e+00 5.10e-02 +0.269  0.98 | 1.9e+00 3.5e+00 1.635e+00
#1834  3176   1 | 1.03e+00 9.14e-01 +0.823  0.33 | 1.08e+00 3.67e-01 +0.189  0.99 | 2.1e+00 4.7e+00 1.505e+00
#1835   147   1 | 8.53e-01 4.40e-01 +0.700  0.54 | 9.10e-01 7.81e-02 +0.004  1.01 | 2.8e+00 3.3e+00 1.229e+00
#1836  1696   1 | 9.64e-01 1.48e-01 +0.621  0.83 | 1.03e+00 8.45e-02 +0.025  1.00 | 2.5e+00 2.7e+00 1.841e+00
#1837  2675   1 | 7.44e-01 5.87e-01 +0.477  0.87 | 9.49e-01 1.69e-01 +0.198  0.96 | 2.5e+00 3.3e+00 1.348e+00
#1838   174   1 | 1.32e+00 7.93e-01 +0.539  0.71 | 1.02e+00 1.40e-01 +0.091  0.99 | 2.9e+00 4.5e+00 2.273e+00
#1839  3272   1 | 1.00e+00 2.15e-01 +0.368  0.89 | 8.61e-01 7.90e-02 +0.111  0.99 | 1.7e+00 3.2e+00 1.626e+00
#1840   560   1 | 4.70e-01 2.96e-01 +0.038  1.35 | 9.87e-01 9.77e-02 +0.170  0.98 | 3.0e+00 2.8e+00 1.249e+00
#1841  3994   1 | 9.76e-01 1.15e-01 +0.368  0.93 | 1.02e+00 9.71e-02 +0.197  0.97 | 2.2e+00 2.4e+00 1.890e+00
#1842  4215   1 | 1.30e+00 2.69e-01 +0.013  1.04 | 9.27e-01 9.47e-02 +0.250  0.96 | 2.1e+00 4.2e+00 2.569e+00
#1843   221   1 | 7.71e-01 2.41e-01 +0.152  1.00 | 9.59e-01 1.08e-01 +0.064  1.00 | 2.9e+00 4.8e+00 1.513e+00
#1844    32   1 | 1.31e+00 4.10e-01 +0.596  0.72 | 1.04e+00 1.30e-01 -0.042  1.03 | 2.8e+00 3.9e+00 2.343e+00
#1845  4045   1 | 9.60e-01 7.58e-01 +0.786  0.38 | 1.06e+00 1.45e-01 +0.226  0.96 | 2.3e+00 4.1e+00 1.435e+00
#1846  1295   1 | 6.24e-01 2.66e-01 +0.134  1.07 | 1.03e+00 1.38e-01 +0.142  0.98 | 2.6e+00 3.8e+00 1.453e+00
#1847  1604   1 | 1.17e+00 3.02e-01 +0.467  0.83 | 1.17e+00 6.76e-02 +0.118  0.99 | 2.8e+00 3.3e+00 2.481e+00
#1848  2109   1 | 1.20e+00 1.00e+00 +0.682  0.56 | 1.05e+00 2.22e-01 +0.170  0.97 | 2.6e+00 3.9e+00 1.887e+00
#1849  2209   1 | 5.14e-01 1.27e-01 +0.358  0.88 | 9.97e-01 7.13e-02 -0.050  1.01 | 2.7e+00 3.8e+00 1.240e+00
#1850  3692   1 | 8.53e-01 2.36e-02 +0.284  0.99 | 9.42e-01 6.84e-02 +0.142  0.98 | 2.4e+00 2.8e+00 1.590e+00
#1851  2867   1 | 1.09e+00 4.39e-01 +0.247  0.96 | 9.82e-01 1.82e-01 +0.201  0.96 | 2.4e+00 4.3e+00 2.078e+00
#1852  4011   1 | 9.58e-01 5.08e-01 +0.476  0.78 | 1.03e+00 1.22e-01 +0.284  0.95 | 2.2e+00 3.8e+00 1.721e+00
#1853  3062   1 | 6.14e-01 7.05e-02 -0.727  1.18 | 1.08e+00 7.24e-02 +0.071  0.99 | 2.0e+00 3.1e+00 1.614e+00
#1854  2433   1 | 5.72e-01 3.48e-01 +0.560  0.69 | 9.77e-01 7.79e-02 +0.113  0.99 | 2.6e+00 3.3e+00 1.169e+00
#1855  4127   1 | 1.67e+00 8.64e-01 +0.268  0.99 | 9.65e-01 2.56e-01 +0.329  0.90 | 2.2e+00 4.3e+00 3.591e+00
#1856  2548   1 | 1.08e+00 2.46e-01 +0.705  0.73 | 9.70e-01 4.81e-02 -0.068  1.01 | 2.7e+00 3.6e+00 1.794e+00
#1857  3713   1 | 1.17e+00 4.87e-01 +0.211  1.00 | 1.17e+00 1.34e-01 +0.107  0.99 | 2.3e+00 3.8e+00 2.708e+00
#1858   110   1 | 1.12e+00 8.78e-01 +0.701  0.51 | 1.13e+00 1.62e-01 +0.143  0.98 | 2.9e+00 3.2e+00 1.906e+00
#1859  1240   1 | 9.07e-01 1.29e-01 +0.423  0.90 | 9.18e-01 6.84e-02 +0.111  0.99 | 2.2e+00 4.0e+00 1.573e+00
#1860   858   1 | 1.08e+00 5.55e-01 +0.805  0.44 | 9.93e-01 1.13e-01 +0.002  1.01 | 2.5e+00 2.9e+00 1.509e+00
#1861  3269   1 | 1.23e+00 1.11e-01 -0.194  1.04 | 1.10e+00 7.12e-02 +0.200  0.98 | 1.6e+00 4.0e+00 2.761e+00
#1862   414   1 | 8.21e-01 1.72e-01 +0.401  0.88 | 1.01e+00 4.32e-02 +0.160  0.99 | 2.4e+00 3.7e+00 1.605e+00
#1863  4537   1 | 1.12e+00 9.20e-02 +0.254  0.97 | 1.01e+00 7.71e-02 +0.162  0.98 | 1.7e+00 2.2e+00 2.214e+00
#1864  4103   1 | 4.50e-01 8.87e-02 +0.552  0.82 | 1.00e+00 1.24e-01 +0.283  0.95 | 1.6e+00 4.1e+00 1.114e+00
#1865  4148   1 | 1.28e+00 9.92e-02 +0.085  0.99 | 1.01e+00 1.23e-01 +0.154  0.98 | 1.6e+00 3.7e+00 2.630e+00
#1866  1689   1 | 9.71e-01 2.42e-01 +0.247  0.94 | 1.02e+00 9.67e-02 +0.020  1.01 | 2.1e+00 3.8e+00 1.927e+00
#1867  1887   1 | 6.58e-01 1.41e-01 -0.233  1.15 | 1.07e+00 5.77e-02 +0.100  0.99 | 1.9e+00 3.8e+00 1.631e+00
#1868   435   1 | 1.08e+00 3.35e-01 +0.762  0.62 | 9.97e-01 9.05e-02 +0.053  1.00 | 2.3e+00 3.7e+00 1.716e+00
#1869    20   1 | 5.12e-01 1.26e-01 +0.124  1.00 | 9.97e-01 9.64e-02 +0.035  1.00 | 2.2e+00 4.4e+00 1.259e+00
#1870  4538   1 | 1.11e+00 1.99e-01 +0.654  0.80 | 1.06e+00 1.97e-01 +0.387  0.89 | 1.7e+00 3.8e+00 1.978e+00
#1871   927   1 | 1.08e+00 5.96e-02 -0.658  1.08 | 1.04e+00 4.74e-02 -0.069  1.01 | 2.1e+00 3.1e+00 2.351e+00
#1872  1867   1 | 5.79e-01 1.09e-01 +0.783  0.74 | 1.05e+00 5.48e-02 +0.276  0.97 | 2.0e+00 3.8e+00 1.328e+00
#1873   158   1 | 1.31e+00 2.05e-01 +0.222  0.95 | 1.09e+00 5.19e-02 -0.029  1.01 | 2.5e+00 3.0e+00 2.835e+00
#1874   980   1 | 1.30e+00 8.08e-02 +0.324  0.96 | 9.27e-01 7.08e-02 +0.139  0.98 | 2.2e+00 4.0e+00 2.463e+00
#1875  3238   1 | 7.11e-01 4.38e-01 +0.481  0.79 | 1.00e+00 1.72e-01 +0.224  0.95 | 1.7e+00 2.8e+00 1.354e+00
#1876  4784   1 | 1.03e+00 2.09e-01 +0.787  0.72 | 8.36e-01 9.78e-02 +0.444  0.91 | 1.8e+00 3.6e+00 1.403e+00
#1877  3061   1 | 1.10e+00 1.22e-01 +0.117  0.99 | 9.37e-01 4.81e-02 +0.174  0.98 | 1.8e+00 3.0e+00 2.055e+00
#1878  2313   1 | 1.14e+00 2.09e-01 +0.184  0.97 | 9.88e-01 6.96e-02 +0.009  1.00 | 2.4e+00 3.2e+00 2.233e+00
#1879  3937   1 | 1.32e+00 9.73e-01 +0.201  1.25 | 1.00e+00 1.85e-01 +0.171  0.97 | 1.9e+00 4.6e+00 3.153e+00
#1880  4661   1 | 1.15e+00 5.74e-01 +0.660  0.59 | 1.05e+00 1.68e-01 +0.342  0.92 | 1.9e+00 3.5e+00 1.787e+00
#1881  1059   1 | 1.02e+00 3.73e-02 -0.030  1.00 | 9.92e-01 5.26e-02 +0.041  1.00 | 2.2e+00 3.6e+00 2.035e+00
#1882  3947   1 | 9.57e-01 4.43e-01 +0.763  0.51 | 1.06e+00 1.90e-01 +0.207  0.96 | 1.6e+00 4.1e+00 1.549e+00
#1883  4273   1 | 9.91e-01 1.63e-01 +0.772  0.77 | 1.04e+00 2.09e-01 +0.113  0.99 | 1.7e+00 4.1e+00 1.839e+00
#1884  2350   1 | 1.11e+00 2.19e-01 +0.783  0.73 | 9.80e-01 1.12e-01 +0.153  0.98 | 1.9e+00 3.8e+00 1.835e+00
#1885    57   1 | 1.10e+00 3.23e-01 +0.708  0.67 | 1.08e+00 1.07e-01 +0.096  0.99 | 2.3e+00 3.6e+00 1.965e+00
#1886  3014   1 | 1.28e+00 3.57e-01 +0.704  0.69 | 1.08e+00 1.36e-01 +0.152  0.98 | 1.7e+00 2.9e+00 2.262e+00
#1887  1485   1 | 9.22e-01 2.45e-01 +0.878  0.60 | 9.51e-01 9.16e-02 -0.073  1.02 | 2.4e+00 4.1e+00 1.439e+00
#1888  3312   1 | 1.03e+00 2.72e-01 +0.243  0.94 | 1.02e+00 1.37e-01 +0.259  0.95 | 1.8e+00 3.7e+00 1.983e+00
#1889  3082   1 | 7.85e-01 3.27e-01 +0.293  0.93 | 9.59e-01 1.87e-01 +0.217  0.95 | 1.6e+00 3.9e+00 1.449e+00
#1890  2052   1 | 1.14e+00 9.93e-01 +0.758  0.44 | 9.75e-01 2.18e-01 -0.105  1.10 | 2.5e+00 4.4e+00 1.612e+00
#1891   165   1 | 1.00e+00 8.16e-01 +0.864  0.26 | 1.07e+00 1.20e-01 +0.136  0.98 | 2.8e+00 3.4e+00 1.393e+00
#1892  3457   1 | 1.03e+00 1.27e-01 -0.066  1.03 | 1.13e+00 1.60e-01 +0.111  0.99 | 2.2e+00 3.4e+00 2.369e+00
#1893    61   1 | 1.15e+00 1.83e-01 -0.148  1.07 | 9.43e-01 5.89e-02 +0.020  1.00 | 3.0e+00 4.4e+00 2.297e+00
#1894  3379   1 | 1.18e+00 5.99e-02 +0.253  0.98 | 9.58e-01 3.11e-02 +0.028  1.00 | 1.7e+00 3.2e+00 2.274e+00
#1895  4285   1 | 6.26e-01 6.51e-02 -0.317  1.08 | 1.03e+00 6.05e-02 +0.368  0.96 | 2.2e+00 3.6e+00 1.438e+00
#1896  4241   1 | 4.94e-01 7.76e-02 +0.204  0.96 | 1.12e+00 1.25e-01 +0.362  0.93 | 2.2e+00 4.0e+00 1.397e+00
#1897  1582   1 | 9.70e-01 2.62e-01 +0.396  0.86 | 1.06e+00 9.51e-02 +0.068  1.00 | 2.9e+00 3.0e+00 1.923e+00
#1898  3594   1 | 5.74e-01 2.42e-01 +0.624  0.65 | 1.03e+00 9.21e-02 +0.139  0.98 | 2.2e+00 2.8e+00 1.256e+00
#1899  1577   1 | 1.07e+00 3.05e-01 +0.733  0.66 | 1.03e+00 1.16e-01 -0.010  1.01 | 3.0e+00 3.4e+00 1.831e+00
#1900  4233   1 | 1.02e+00 3.95e-01 +0.771  0.55 | 1.08e+00 4.27e-01 +0.191  1.00 | 2.1e+00 4.9e+00 1.755e+00
#1901  1035   1 | 1.23e+00 1.16e+00 +0.707  0.55 | 9.89e-01 1.40e-01 +0.224  0.96 | 2.4e+00 4.7e+00 1.776e+00
#1902   276   1 | 8.53e-01 8.92e-01 +0.705  0.62 | 9.10e-01 1.29e-01 +0.046  1.01 | 2.9e+00 2.9e+00 1.284e+00
#1903  1678   1 | 8.89e-01 2.18e-01 +0.598  0.77 | 9.15e-01 8.34e-02 +0.033  1.00 | 2.6e+00 4.6e+00 1.446e+00
#1904  2653   1 | 8.31e-01 2.20e-01 +0.415  0.85 | 9.54e-01 1.10e-01 +0.292  0.95 | 2.3e+00 3.1e+00 1.448e+00
#1905  3878   1 | 7.36e-01 5.04e-02 -0.285  1.04 | 1.09e+00 5.54e-02 +0.089  0.99 | 1.8e+00 4.2e+00 1.742e+00
#1906  3262   1 | 4.75e-01 1.03e-01 +0.165  0.98 | 9.87e-01 1.01e-01 +0.368  0.94 | 1.6e+00 2.8e+00 1.132e+00
#1907    98   1 | 1.32e+00 9.27e-01 +0.737  0.46 | 1.12e+00 1.82e-01 +0.162  0.97 | 2.7e+00 3.6e+00 2.026e+00
#1908  4316   1 | 1.30e+00 5.52e-02 +0.205  0.98 | 1.04e+00 1.06e-01 +0.152  0.98 | 2.3e+00 3.2e+00 2.726e+00
#1909   104   1 | 1.11e+00 7.44e-01 +0.926  0.21 | 1.02e+00 1.81e-01 +0.113  0.99 | 2.9e+00 4.4e+00 1.282e+00
#1910   690   1 | 7.28e-01 1.54e-01 -0.200  1.13 | 9.46e-01 5.79e-02 +0.032  1.00 | 2.7e+00 3.9e+00 1.494e+00
#1911  1340   1 | 7.38e-01 2.19e-01 +0.415  0.84 | 9.49e-01 7.48e-02 +0.135  0.98 | 2.4e+00 3.4e+00 1.347e+00
#1912  1255   1 | 1.20e+00 1.33e-01 +0.673  0.86 | 1.05e+00 3.15e-02 -0.002  1.00 | 2.4e+00 3.1e+00 2.366e+00
#1913  3505   1 | 9.75e-01 4.29e-01 +0.741  0.54 | 9.60e-01 1.40e-01 +0.108  0.99 | 2.0e+00 3.2e+00 1.427e+00
#1914  4662   1 | 9.96e-01 2.37e-01 +0.154  0.98 | 8.61e-01 1.03e-01 +0.295  0.94 | 2.4e+00 3.1e+00 1.674e+00
#1915  4247   1 | 1.08e+00 5.65e-01 +0.564  0.68 | 9.68e-01 1.26e-01 +0.092  0.99 | 2.3e+00 3.7e+00 1.732e+00
#1916  3707   1 | 1.02e+00 3.49e-01 +0.591  0.71 | 9.45e-01 9.42e-02 +0.188  0.97 | 2.3e+00 3.9e+00 1.612e+00
#1917  2290   1 | 9.61e-01 2.76e-01 +0.287  0.92 | 1.07e+00 8.08e-02 +0.095  0.99 | 2.8e+00 4.2e+00 1.992e+00
#1918  3393   1 | 1.41e+00 8.71e-01 +0.835  0.35 | 1.01e+00 2.05e-01 +0.011  1.04 | 2.0e+00 4.4e+00 1.755e+00
#1919    46   1 | 1.30e+00 6.42e-01 +0.573  0.68 | 9.64e-01 9.70e-02 +0.174  0.98 | 2.8e+00 3.3e+00 2.043e+00
#1920  4394   1 | 5.50e-01 1.28e-01 -0.495  1.28 | 1.04e+00 5.68e-02 +0.334  0.97 | 2.4e+00 3.8e+00 1.439e+00
#1921   259   1 | 1.32e+00 8.10e-01 +0.352  0.94 | 1.02e+00 1.16e-01 +0.035  1.00 | 3.0e+00 4.3e+00 2.686e+00
#1922  4409   1 | 1.38e+00 4.33e-01 +0.415  0.84 | 1.03e+00 1.44e-01 +0.221  0.96 | 2.4e+00 2.9e+00 2.609e+00
#1923   635   1 | 1.21e+00 7.69e-01 +0.687  0.53 | 9.11e-01 1.31e-01 +0.019  1.02 | 3.1e+00 3.6e+00 1.617e+00
#1924  2331   1 | 8.92e-01 9.06e-01 +0.561  0.89 | 9.15e-01 1.02e-01 +0.056  1.00 | 2.9e+00 5.1e+00 1.546e+00
#1925  4650   1 | 1.15e+00 7.53e-02 +0.148  0.98 | 9.43e-01 6.28e-02 +0.157  0.98 | 2.4e+00 4.6e+00 2.172e+00
#1926  4754   1 | 1.37e+00 3.82e-01 +0.376  0.87 | 1.03e+00 1.34e-01 +0.239  0.95 | 2.3e+00 2.7e+00 2.634e+00
#1927  1377   1 | 8.24e-01 2.10e-01 +0.216  0.96 | 9.42e-01 4.84e-02 +0.199  0.98 | 2.6e+00 3.1e+00 1.520e+00
#1928  3484   1 | 1.03e+00 2.08e-01 +0.103  1.00 | 1.02e+00 1.24e-01 +0.266  0.95 | 2.3e+00 4.3e+00 2.040e+00
#1929   530   1 | 7.28e-01 1.85e-01 +0.422  0.85 | 9.46e-01 6.92e-02 +0.128  0.99 | 2.9e+00 3.2e+00 1.334e+00
#1930  2369   1 | 1.22e+00 9.46e-02 +0.032  1.00 | 1.10e+00 9.90e-02 +0.136  0.98 | 2.6e+00 3.3e+00 2.698e+00
#1931  3692   1 | 1.20e+00 1.57e+00 +0.905  0.34 | 9.89e-01 2.10e-01 +0.161  0.98 | 2.3e+00 5.7e+00 1.450e+00
#1932  2004   1 | 1.13e+00 3.69e-01 +0.614  0.71 | 1.05e+00 1.38e-01 +0.294  0.94 | 2.3e+00 3.5e+00 1.941e+00
#1933  3723   1 | 8.01e-01 4.61e-01 +0.325  0.96 | 9.59e-01 1.42e-01 +0.241  0.95 | 2.1e+00 3.9e+00 1.488e+00
#1934  3697   1 | 6.58e-01 1.93e-01 -0.012  1.09 | 1.07e+00 8.25e-02 +0.194  0.98 | 2.1e+00 3.0e+00 1.591e+00
#1935  2714   1 | 1.19e+00 7.66e-01 +0.717  0.49 | 1.05e+00 1.73e-01 +0.178  0.97 | 2.4e+00 4.4e+00 1.779e+00
#1936  3645   1 | 8.44e-01 8.57e-02 -0.187  1.05 | 9.54e-01 4.48e-02 +0.280  0.98 | 2.0e+00 4.0e+00 1.634e+00
#1937  2574   1 | 1.07e+00 6.50e-01 +0.828  0.36 | 9.97e-01 1.21e-01 +0.068  1.00 | 2.3e+00 3.8e+00 1.412e+00
#1938  3635   1 | 1.04e+00 8.85e-02 +0.333  0.95 | 1.13e+00 7.29e-02 +0.175  0.98 | 1.9e+00 3.5e+00 2.280e+00
#1939  2738   1 | 7.06e-01 4.99e-01 +0.422  0.90 | 1.00e+00 1.14e-01 +0.207  0.97 | 2.2e+00 2.8e+00 1.420e+00
#1940  1113   1 | 1.04e+00 9.02e-01 +0.887  0.21 | 8.36e-01 1.74e-01 +0.216  0.95 | 2.2e+00 3.9e+00 8.979e-01
#1941  1025   1 | 1.09e+00 2.81e-01 +0.230  0.95 | 9.37e-01 5.34e-02 +0.145  0.99 | 2.5e+00 3.9e+00 1.988e+00
#1942  3250   1 | 8.99e-01 4.07e-01 +0.868  0.42 | 9.51e-01 1.17e-01 +0.047  1.00 | 2.0e+00 4.8e+00 1.246e+00
#1943   696   1 | 1.32e+00 1.09e+00 +0.775  0.40 | 1.12e+00 1.70e-01 +0.189  0.97 | 2.7e+00 4.0e+00 1.915e+00
#1944  4114   1 | 1.33e+00 9.32e-02 +0.194  0.98 | 1.02e+00 8.38e-02 +0.246  0.97 | 1.9e+00 3.5e+00 2.721e+00
#1945    43   1 | 7.38e-01 2.84e-01 +0.499  0.76 | 9.49e-01 7.50e-02 +0.059  1.00 | 2.7e+00 3.2e+00 1.314e+00
#1946  1340   1 | 1.11e+00 4.87e-01 +0.752  0.53 | 9.80e-01 1.09e-01 +0.113  0.99 | 2.3e+00 2.9e+00 1.608e+00
#1947   972   1 | 1.31e+00 3.07e-01 +0.159  0.98 | 1.01e+00 6.21e-02 +0.126  0.99 | 2.4e+00 3.3e+00 2.699e+00
#1948  3657   1 | 5.82e-01 7.14e-02 +0.217  0.96 | 9.77e-01 6.59e-02 +0.312  0.96 | 2.1e+00 3.5e+00 1.245e+00
#1949  2732   1 | 1.28e+00 6.47e-01 +0.752  0.50 | 1.08e+00 1.25e-01 +0.150  0.98 | 2.4e+00 3.3e+00 1.958e+00
#1950   659   1 | 9.75e-01 1.38e-01 -0.641  1.20 | 1.04e+00 5.19e-02 +0.037  1.00 | 2.8e+00 3.4e+00 2.227e+00
#1951  4857   1 | 9.69e-01 4.35e-01 +0.414  0.83 | 1.02e+00 9.58e-02 +0.399  0.93 | 2.2e+00 3.1e+00 1.746e+00
#1952  4774   1 | 9.05e-01 2.95e-01 -0.112  1.18 | 9.18e-01 1.03e-01 +0.289  0.95 | 2.1e+00 3.9e+00 1.763e+00
#1953  4811   1 | 1.30e+00 5.40e-01 +0.052  1.13 | 9.27e-01 1.58e-01 +0.247  0.94 | 2.1e+00 3.9e+00 2.718e+00
#1954  3442   1 | 1.30e+00 1.76e-01 +0.627  0.85 | 9.64e-01 7.23e-02 +0.280  0.96 | 2.2e+00 3.9e+00 2.329e+00
#1955  1369   1 | 4.47e-01 8.07e-02 -0.383  1.17 | 1.00e+00 7.17e-02 +0.143  0.98 | 2.5e+00 4.0e+00 1.221e+00
#1956  4865   1 | 1.09e+00 1.51e-01 +0.719  0.82 | 1.08e+00 8.37e-02 +0.420  0.94 | 2.0e+00 3.7e+00 2.078e+00
#1957  1527   1 | 1.35e+00 6.80e-02 -0.624  1.07 | 1.00e+00 1.25e-01 -0.026  1.02 | 2.4e+00 4.3e+00 2.955e+00
#1958  3096   1 | 5.61e-01 4.11e-01 +0.533  0.76 | 1.03e+00 1.15e-01 +0.139  0.98 | 2.1e+00 3.7e+00 1.277e+00
#1959  2026   1 | 1.08e+00 4.07e-02 +0.177  0.99 | 1.04e+00 7.08e-02 -0.005  1.01 | 2.1e+00 3.3e+00 2.236e+00
#1960   992   1 | 5.12e-01 9.15e-02 +0.132  0.98 | 9.97e-01 1.10e-01 -0.011  1.01 | 1.9e+00 3.0e+00 1.267e+00
#1961   748   1 | 1.00e+00 1.95e-01 +0.877  0.70 | 1.07e+00 6.92e-02 +0.087  0.99 | 2.1e+00 3.9e+00 1.847e+00
#1962  3317   1 | 9.72e-01 4.53e-01 +0.845  0.43 | 9.60e-01 1.63e-01 +0.089  1.00 | 2.1e+00 3.9e+00 1.327e+00
#1963  1752   1 | 1.31e+00 2.00e-01 +0.669  0.82 | 1.04e+00 1.75e-01 -0.022  1.04 | 2.0e+00 3.0e+00 2.510e+00
#1964  2161   1 | 8.56e-01 1.01e-01 +0.581  0.88 | 9.10e-01 7.37e-02 -0.001  1.01 | 2.1e+00 2.7e+00 1.477e+00
#1965   796   1 | 1.12e+00 2.73e-01 +0.420  0.85 | 1.01e+00 9.87e-02 +0.007  1.01 | 2.2e+00 3.9e+00 2.098e+00
#1966  2340   1 | 1.20e+00 4.75e-01 +0.660  0.63 | 9.11e-01 1.71e-01 +0.072  1.01 | 2.1e+00 4.0e+00 1.754e+00
#1967   491   1 | 1.08e+00 3.18e-01 +0.472  0.81 | 9.68e-01 1.03e-01 +0.116  0.99 | 2.2e+00 2.7e+00 1.875e+00
#1968  3298   1 | 9.57e-01 6.06e-02 -0.097  1.02 | 1.03e+00 5.05e-02 +0.298  0.97 | 2.4e+00 3.6e+00 1.967e+00
#1969  4123   1 | 6.34e-01 6.34e-02 -0.478  1.11 | 1.03e+00 7.76e-02 +0.397  0.95 | 1.8e+00 3.4e+00 1.446e+00
#1970  1382   1 | 5.54e-01 1.77e-01 +0.707  0.65 | 1.04e+00 1.13e-01 -0.061  1.03 | 2.3e+00 2.9e+00 1.313e+00
#1971  2673   1 | 1.10e+00 1.25e-01 -0.247  1.07 | 9.82e-01 1.14e-01 +0.145  0.98 | 2.4e+00 2.8e+00 2.232e+00
#1972   757   1 | 1.11e+00 3.61e-01 +0.734  0.63 | 1.06e+00 1.03e-01 +0.087  0.99 | 2.7e+00 3.1e+00 1.883e+00
#1973  4221   1 | 7.17e-01 6.18e-02 +0.406  0.94 | 1.09e+00 5.58e-02 +0.141  0.99 | 1.9e+00 4.3e+00 1.652e+00
#1974  1857   1 | 1.40e+00 3.36e-01 +0.878  0.64 | 1.01e+00 1.38e-01 -0.016  1.02 | 2.2e+00 4.0e+00 2.300e+00
#1975    66   1 | 1.11e+00 8.48e-01 +0.827  0.32 | 1.02e+00 2.53e-01 +0.112  1.01 | 2.9e+00 4.1e+00 1.435e+00
#1976  1406   1 | 4.94e-01 6.85e-02 +0.130  0.98 | 1.12e+00 1.09e-01 +0.056  1.00 | 2.8e+00 4.1e+00 1.487e+00
#1977  4255   1 | 1.19e+00 3.63e-01 +0.775  0.62 | 9.58e-01 9.87e-02 +0.057  1.00 | 2.5e+00 3.2e+00 1.789e+00
#1978  2181   1 | 1.14e+00 2.86e-01 +0.482  0.82 | 9.75e-01 5.11e-02 -0.078  1.01 | 3.1e+00 3.8e+00 2.024e+00
#1979  3002   1 | 1.11e+00 2.82e-01 -0.710  1.43 | 1.13e+00 5.80e-02 +0.121  0.99 | 3.0e+00 3.7e+00 3.018e+00
#1980   750   1 | 1.07e+00 4.21e-01 +0.793  0.53 | 1.03e+00 1.13e-01 -0.023  1.02 | 3.7e+00 3.9e+00 1.684e+00
#1981  2039   1 | 1.30e+00 4.89e-01 +0.120  1.05 | 1.09e+00 9.55e-02 +0.025  1.00 | 3.6e+00 3.5e+00 2.988e+00
#1982  2715   1 | 1.00e+00 3.95e-01 +0.414  0.83 | 8.61e-01 1.06e-01 +0.080  1.00 | 3.1e+00 3.7e+00 1.567e+00
#1983   872   1 | 1.07e+00 1.80e-01 +0.403  0.89 | 9.70e-01 5.00e-02 -0.126  1.02 | 3.7e+00 3.1e+00 1.980e+00
#1984   926   1 | 8.21e-01 2.67e-01 +0.531  0.76 | 1.01e+00 7.05e-02 +0.192  0.98 | 3.9e+00 2.4e+00 1.517e+00
#1985  3399   1 | 6.24e-01 1.64e-01 -0.432  1.30 | 1.08e+00 7.07e-02 +0.040  1.00 | 2.9e+00 3.3e+00 1.679e+00
#1986  3596   1 | 9.55e-01 1.21e+00 +0.799  0.58 | 1.06e+00 1.54e-01 +0.235  0.95 | 3.6e+00 3.3e+00 1.610e+00
#1987  2484   1 | 1.02e+00 9.54e-01 +0.230  1.44 | 9.92e-01 8.33e-02 +0.126  0.99 | 3.7e+00 3.6e+00 2.477e+00
#1988  3359   1 | 1.07e+00 1.92e-01 +0.656  0.80 | 9.93e-01 7.04e-02 +0.235  0.97 | 3.0e+00 3.5e+00 1.870e+00
#1989  3036   1 | 1.66e+00 5.05e-01 +0.282  0.92 | 9.65e-01 1.09e-01 +0.295  0.95 | 2.9e+00 4.1e+00 3.418e+00
#1990  3731   1 | 1.01e+00 1.40e+00 +0.798  0.71 | 1.08e+00 3.87e-01 +0.209  0.98 | 3.3e+00 4.9e+00 1.871e+00
#1991  4288   1 | 1.14e+00 1.73e-01 -0.273  1.11 | 9.88e-01 8.63e-02 +0.190  0.97 | 3.1e+00 4.1e+00 2.390e+00
#1992  2069   1 | 1.00e+00 3.00e-01 -0.017  1.10 | 9.45e-01 6.23e-02 +0.193  0.98 | 3.3e+00 3.4e+00 1.976e+00
#1993  4979   1 | 4.67e-01 1.91e-01 +0.135  1.06 | 9.87e-01 9.45e-02 +0.436  0.93 | 2.9e+00 3.3e+00 1.132e+00
#1994  3559   1 | 1.17e+00 5.24e-01 +0.104  1.11 | 1.17e+00 1.02e-01 +0.171  0.98 | 3.0e+00 4.0e+00 2.842e+00
#1995  2661   1 | 9.64e-01 1.35e-01 +0.457  0.89 | 1.07e+00 7.87e-02 +0.120  0.99 | 2.8e+00 4.1e+00 1.970e+00
#1996  4782   1 | 9.56e-01 5.42e-01 +0.070  1.24 | 1.06e+00 1.48e-01 +0.368  0.92 | 2.5e+00 2.9e+00 2.162e+00
#1997  3642   1 | 5.93e-01 1.22e-01 +0.335  0.90 | 1.05e+00 5.83e-02 +0.085  0.99 | 2.3e+00 4.0e+00 1.418e+00
#1998  2917   1 | 9.60e-01 5.56e-01 +0.849  0.35 | 1.06e+00 1.36e-01 +0.235  0.96 | 2.2e+00 3.8e+00 1.406e+00
#1999   402   1 | 6.23e-01 7.38e-01 -0.312  3.14 | 1.03e+00 1.19e-01 +0.136  0.98 | 2.6e+00 3.6e+00 2.260e+00
/home/haotiant/conda/envs/dtmol/lib/python3.8/site-packages/torch/jit/_check.py:177: UserWarning: The TorchScript type system doesn't support instance-level annotations on empty non-base types in `__init__`. Instead, either 1) use a type annotation in the class body, or 2) wrap the type in `torch.jit.Attribute`.
  warnings.warn(
/home/haotiant/conda/envs/dtmol/lib/python3.8/site-packages/torch/jit/_check.py:177: UserWarning: The TorchScript type system doesn't support instance-level annotations on empty non-base types in `__init__`. Instead, either 1) use a type annotation in the class body, or 2) wrap the type in `torch.jit.Attribute`.
  warnings.warn(
/home/haotiant/conda/envs/dtmol/lib/python3.8/site-packages/torch/jit/_check.py:177: UserWarning: The TorchScript type system doesn't support instance-level annotations on empty non-base types in `__init__`. Instead, either 1) use a type annotation in the class body, or 2) wrap the type in `torch.jit.Attribute`.
  warnings.warn(
/home/haotiant/conda/envs/dtmol/lib/python3.8/site-packages/torch/jit/_check.py:177: UserWarning: The TorchScript type system doesn't support instance-level annotations on empty non-base types in `__init__`. Instead, either 1) use a type annotation in the class body, or 2) wrap the type in `torch.jit.Attribute`.
  warnings.warn(
/home/haotiant/conda/envs/dtmol/lib/python3.8/site-packages/torch/jit/_check.py:177: UserWarning: The TorchScript type system doesn't support instance-level annotations on empty non-base types in `__init__`. Instead, either 1) use a type annotation in the class body, or 2) wrap the type in `torch.jit.Attribute`.
  warnings.warn(
/home/haotiant/conda/envs/dtmol/lib/python3.8/site-packages/torch/jit/_check.py:177: UserWarning: The TorchScript type system doesn't support instance-level annotations on empty non-base types in `__init__`. Instead, either 1) use a type annotation in the class body, or 2) wrap the type in `torch.jit.Attribute`.
  warnings.warn(
/home/haotiant/conda/envs/dtmol/lib/python3.8/site-packages/torch/jit/_check.py:177: UserWarning: The TorchScript type system doesn't support instance-level annotations on empty non-base types in `__init__`. Instead, either 1) use a type annotation in the class body, or 2) wrap the type in `torch.jit.Attribute`.
  warnings.warn(
/home/haotiant/conda/envs/dtmol/lib/python3.8/site-packages/torch/jit/_check.py:177: UserWarning: The TorchScript type system doesn't support instance-level annotations on empty non-base types in `__init__`. Instead, either 1) use a type annotation in the class body, or 2) wrap the type in `torch.jit.Attribute`.
  warnings.warn(

Done in 540.7s, 2000 steps

=== AGGREGATE over last 50 steps ===
  ratio_tr (mean):   0.940    (lower=better, baseline=1.0)
  ratio_p  (mean):   0.985    (lower=better, baseline=1.0)
  |cos_tr| (mean):   0.468    (higher=better)
  |cos_p|  (mean):   0.150    (higher=better)
  pred_tr_rms (mean):3.387e-01
  pred_p_rms  (mean):1.066e-01
  loss     (mean):   1.949

Legend: ratio < 0.5 -> learning. cos|>| > 0.3 -> direction-aligned.
