/home/haotiant/conda/envs/dtmol/lib/python3.8/site-packages/torch/jit/_check.py:177: UserWarning: The TorchScript type system doesn't support instance-level annotations on empty non-base types in `__init__`. Instead, either 1) use a type annotation in the class body, or 2) wrap the type in `torch.jit.Attribute`.
  warnings.warn(
/home/haotiant/conda/envs/dtmol/lib/python3.8/site-packages/torch/jit/_check.py:177: UserWarning: The TorchScript type system doesn't support instance-level annotations on empty non-base types in `__init__`. Instead, either 1) use a type annotation in the class body, or 2) wrap the type in `torch.jit.Attribute`.
  warnings.warn(
/home/haotiant/conda/envs/dtmol/lib/python3.8/site-packages/torch/jit/_check.py:177: UserWarning: The TorchScript type system doesn't support instance-level annotations on empty non-base types in `__init__`. Instead, either 1) use a type annotation in the class body, or 2) wrap the type in `torch.jit.Attribute`.
  warnings.warn(
/home/haotiant/conda/envs/dtmol/lib/python3.8/site-packages/torch/jit/_check.py:177: UserWarning: The TorchScript type system doesn't support instance-level annotations on empty non-base types in `__init__`. Instead, either 1) use a type annotation in the class body, or 2) wrap the type in `torch.jit.Attribute`.
  warnings.warn(
/home/haotiant/conda/envs/dtmol/lib/python3.8/site-packages/torch/jit/_check.py:177: UserWarning: The TorchScript type system doesn't support instance-level annotations on empty non-base types in `__init__`. Instead, either 1) use a type annotation in the class body, or 2) wrap the type in `torch.jit.Attribute`.
  warnings.warn(
/home/haotiant/conda/envs/dtmol/lib/python3.8/site-packages/torch/jit/_check.py:177: UserWarning: The TorchScript type system doesn't support instance-level annotations on empty non-base types in `__init__`. Instead, either 1) use a type annotation in the class body, or 2) wrap the type in `torch.jit.Attribute`.
  warnings.warn(
/home/haotiant/conda/envs/dtmol/lib/python3.8/site-packages/torch/jit/_check.py:177: UserWarning: The TorchScript type system doesn't support instance-level annotations on empty non-base types in `__init__`. Instead, either 1) use a type annotation in the class body, or 2) wrap the type in `torch.jit.Attribute`.
  warnings.warn(
/home/haotiant/conda/envs/dtmol/lib/python3.8/site-packages/torch/jit/_check.py:177: UserWarning: The TorchScript type system doesn't support instance-level annotations on empty non-base types in `__init__`. Instead, either 1) use a type annotation in the class body, or 2) wrap the type in `torch.jit.Attribute`.
  warnings.warn(
/home/haotiant/conda/envs/dtmol/lib/python3.8/site-packages/torch/jit/_check.py:177: UserWarning: The TorchScript type system doesn't support instance-level annotations on empty non-base types in `__init__`. Instead, either 1) use a type annotation in the class body, or 2) wrap the type in `torch.jit.Attribute`.
  warnings.warn(
/home/haotiant/conda/envs/dtmol/lib/python3.8/site-packages/torch/jit/_check.py:177: UserWarning: The TorchScript type system doesn't support instance-level annotations on empty non-base types in `__init__`. Instead, either 1) use a type annotation in the class body, or 2) wrap the type in `torch.jit.Attribute`.
  warnings.warn(
/home/haotiant/conda/envs/dtmol/lib/python3.8/site-packages/torch/jit/_check.py:177: UserWarning: The TorchScript type system doesn't support instance-level annotations on empty non-base types in `__init__`. Instead, either 1) use a type annotation in the class body, or 2) wrap the type in `torch.jit.Attribute`.
  warnings.warn(
/home/haotiant/conda/envs/dtmol/lib/python3.8/site-packages/torch/jit/_check.py:177: UserWarning: The TorchScript type system doesn't support instance-level annotations on empty non-base types in `__init__`. Instead, either 1) use a type annotation in the class body, or 2) wrap the type in `torch.jit.Attribute`.
  warnings.warn(
/home/haotiant/conda/envs/dtmol/lib/python3.8/site-packages/torch/jit/_check.py:177: UserWarning: The TorchScript type system doesn't support instance-level annotations on empty non-base types in `__init__`. Instead, either 1) use a type annotation in the class body, or 2) wrap the type in `torch.jit.Attribute`.
  warnings.warn(
/home/haotiant/conda/envs/dtmol/lib/python3.8/site-packages/torch/jit/_check.py:177: UserWarning: The TorchScript type system doesn't support instance-level annotations on empty non-base types in `__init__`. Instead, either 1) use a type annotation in the class body, or 2) wrap the type in `torch.jit.Attribute`.
  warnings.warn(
/home/haotiant/conda/envs/dtmol/lib/python3.8/site-packages/torch/jit/_check.py:177: UserWarning: The TorchScript type system doesn't support instance-level annotations on empty non-base types in `__init__`. Instead, either 1) use a type annotation in the class body, or 2) wrap the type in `torch.jit.Attribute`.
  warnings.warn(
/home/haotiant/conda/envs/dtmol/lib/python3.8/site-packages/torch/jit/_check.py:177: UserWarning: The TorchScript type system doesn't support instance-level annotations on empty non-base types in `__init__`. Instead, either 1) use a type annotation in the class body, or 2) wrap the type in `torch.jit.Attribute`.
  warnings.warn(
/home/haotiant/conda/envs/dtmol/lib/python3.8/site-packages/torch/jit/_check.py:177: UserWarning: The TorchScript type system doesn't support instance-level annotations on empty non-base types in `__init__`. Instead, either 1) use a type annotation in the class body, or 2) wrap the type in `torch.jit.Attribute`.
  warnings.warn(
/home/haotiant/conda/envs/dtmol/lib/python3.8/site-packages/torch/jit/_check.py:177: UserWarning: The TorchScript type system doesn't support instance-level annotations on empty non-base types in `__init__`. Instead, either 1) use a type annotation in the class body, or 2) wrap the type in `torch.jit.Attribute`.
  warnings.warn(
/home/haotiant/conda/envs/dtmol/lib/python3.8/site-packages/torch/jit/_check.py:177: UserWarning: The TorchScript type system doesn't support instance-level annotations on empty non-base types in `__init__`. Instead, either 1) use a type annotation in the class body, or 2) wrap the type in `torch.jit.Attribute`.
  warnings.warn(
/home/haotiant/conda/envs/dtmol/lib/python3.8/site-packages/torch/jit/_check.py:177: UserWarning: The TorchScript type system doesn't support instance-level annotations on empty non-base types in `__init__`. Instead, either 1) use a type annotation in the class body, or 2) wrap the type in `torch.jit.Attribute`.
  warnings.warn(
/home/haotiant/conda/envs/dtmol/lib/python3.8/site-packages/torch/jit/_check.py:177: UserWarning: The TorchScript type system doesn't support instance-level annotations on empty non-base types in `__init__`. Instead, either 1) use a type annotation in the class body, or 2) wrap the type in `torch.jit.Attribute`.
  warnings.warn(
/home/haotiant/conda/envs/dtmol/lib/python3.8/site-packages/torch/jit/_check.py:177: UserWarning: The TorchScript type system doesn't support instance-level annotations on empty non-base types in `__init__`. Instead, either 1) use a type annotation in the class body, or 2) wrap the type in `torch.jit.Attribute`.
  warnings.warn(
/home/haotiant/conda/envs/dtmol/lib/python3.8/site-packages/torch/jit/_check.py:177: UserWarning: The TorchScript type system doesn't support instance-level annotations on empty non-base types in `__init__`. Instead, either 1) use a type annotation in the class body, or 2) wrap the type in `torch.jit.Attribute`.
  warnings.warn(
/home/haotiant/conda/envs/dtmol/lib/python3.8/site-packages/torch/jit/_check.py:177: UserWarning: The TorchScript type system doesn't support instance-level annotations on empty non-base types in `__init__`. Instead, either 1) use a type annotation in the class body, or 2) wrap the type in `torch.jit.Attribute`.
  warnings.warn(
/home/haotiant/conda/envs/dtmol/lib/python3.8/site-packages/torch/jit/_check.py:177: UserWarning: The TorchScript type system doesn't support instance-level annotations on empty non-base types in `__init__`. Instead, either 1) use a type annotation in the class body, or 2) wrap the type in `torch.jit.Attribute`.
  warnings.warn(
/home/haotiant/conda/envs/dtmol/lib/python3.8/site-packages/torch/jit/_check.py:177: UserWarning: The TorchScript type system doesn't support instance-level annotations on empty non-base types in `__init__`. Instead, either 1) use a type annotation in the class body, or 2) wrap the type in `torch.jit.Attribute`.
  warnings.warn(
/home/haotiant/conda/envs/dtmol/lib/python3.8/site-packages/torch/jit/_check.py:177: UserWarning: The TorchScript type system doesn't support instance-level annotations on empty non-base types in `__init__`. Instead, either 1) use a type annotation in the class body, or 2) wrap the type in `torch.jit.Attribute`.
  warnings.warn(
/home/haotiant/conda/envs/dtmol/lib/python3.8/site-packages/torch/jit/_check.py:177: UserWarning: The TorchScript type system doesn't support instance-level annotations on empty non-base types in `__init__`. Instead, either 1) use a type annotation in the class body, or 2) wrap the type in `torch.jit.Attribute`.
  warnings.warn(
/home/haotiant/conda/envs/dtmol/lib/python3.8/site-packages/torch/jit/_check.py:177: UserWarning: The TorchScript type system doesn't support instance-level annotations on empty non-base types in `__init__`. Instead, either 1) use a type annotation in the class body, or 2) wrap the type in `torch.jit.Attribute`.
  warnings.warn(
/home/haotiant/conda/envs/dtmol/lib/python3.8/site-packages/torch/jit/_check.py:177: UserWarning: The TorchScript type system doesn't support instance-level annotations on empty non-base types in `__init__`. Instead, either 1) use a type annotation in the class body, or 2) wrap the type in `torch.jit.Attribute`.
  warnings.warn(
/home/haotiant/conda/envs/dtmol/lib/python3.8/site-packages/torch/jit/_check.py:177: UserWarning: The TorchScript type system doesn't support instance-level annotations on empty non-base types in `__init__`. Instead, either 1) use a type annotation in the class body, or 2) wrap the type in `torch.jit.Attribute`.
  warnings.warn(
/home/haotiant/conda/envs/dtmol/lib/python3.8/site-packages/torch/jit/_check.py:177: UserWarning: The TorchScript type system doesn't support instance-level annotations on empty non-base types in `__init__`. Instead, either 1) use a type annotation in the class body, or 2) wrap the type in `torch.jit.Attribute`.
  warnings.warn(
/home/haotiant/conda/envs/dtmol/lib/python3.8/site-packages/torch/jit/_check.py:177: UserWarning: The TorchScript type system doesn't support instance-level annotations on empty non-base types in `__init__`. Instead, either 1) use a type annotation in the class body, or 2) wrap the type in `torch.jit.Attribute`.
  warnings.warn(
/home/haotiant/conda/envs/dtmol/lib/python3.8/site-packages/torch/jit/_check.py:177: UserWarning: The TorchScript type system doesn't support instance-level annotations on empty non-base types in `__init__`. Instead, either 1) use a type annotation in the class body, or 2) wrap the type in `torch.jit.Attribute`.
  warnings.warn(
/home/haotiant/conda/envs/dtmol/lib/python3.8/site-packages/torch/jit/_check.py:177: UserWarning: The TorchScript type system doesn't support instance-level annotations on empty non-base types in `__init__`. Instead, either 1) use a type annotation in the class body, or 2) wrap the type in `torch.jit.Attribute`.
  warnings.warn(
/home/haotiant/conda/envs/dtmol/lib/python3.8/site-packages/torch/jit/_check.py:177: UserWarning: The TorchScript type system doesn't support instance-level annotations on empty non-base types in `__init__`. Instead, either 1) use a type annotation in the class body, or 2) wrap the type in `torch.jit.Attribute`.
  warnings.warn(
/home/haotiant/conda/envs/dtmol/lib/python3.8/site-packages/torch/jit/_check.py:177: UserWarning: The TorchScript type system doesn't support instance-level annotations on empty non-base types in `__init__`. Instead, either 1) use a type annotation in the class body, or 2) wrap the type in `torch.jit.Attribute`.
  warnings.warn(
/home/haotiant/conda/envs/dtmol/lib/python3.8/site-packages/torch/jit/_check.py:177: UserWarning: The TorchScript type system doesn't support instance-level annotations on empty non-base types in `__init__`. Instead, either 1) use a type annotation in the class body, or 2) wrap the type in `torch.jit.Attribute`.
  warnings.warn(
/home/haotiant/conda/envs/dtmol/lib/python3.8/site-packages/torch/jit/_check.py:177: UserWarning: The TorchScript type system doesn't support instance-level annotations on empty non-base types in `__init__`. Instead, either 1) use a type annotation in the class body, or 2) wrap the type in `torch.jit.Attribute`.
  warnings.warn(
/home/haotiant/conda/envs/dtmol/lib/python3.8/site-packages/torch/jit/_check.py:177: UserWarning: The TorchScript type system doesn't support instance-level annotations on empty non-base types in `__init__`. Instead, either 1) use a type annotation in the class body, or 2) wrap the type in `torch.jit.Attribute`.
  warnings.warn(
/home/haotiant/conda/envs/dtmol/lib/python3.8/site-packages/torch/jit/_check.py:177: UserWarning: The TorchScript type system doesn't support instance-level annotations on empty non-base types in `__init__`. Instead, either 1) use a type annotation in the class body, or 2) wrap the type in `torch.jit.Attribute`.
  warnings.warn(
/home/haotiant/conda/envs/dtmol/lib/python3.8/site-packages/torch/jit/_check.py:177: UserWarning: The TorchScript type system doesn't support instance-level annotations on empty non-base types in `__init__`. Instead, either 1) use a type annotation in the class body, or 2) wrap the type in `torch.jit.Attribute`.
  warnings.warn(
/home/haotiant/conda/envs/dtmol/lib/python3.8/site-packages/torch/jit/_check.py:177: UserWarning: The TorchScript type system doesn't support instance-level annotations on empty non-base types in `__init__`. Instead, either 1) use a type annotation in the class body, or 2) wrap the type in `torch.jit.Attribute`.
  warnings.warn(
/home/haotiant/conda/envs/dtmol/lib/python3.8/site-packages/torch/jit/_check.py:177: UserWarning: The TorchScript type system doesn't support instance-level annotations on empty non-base types in `__init__`. Instead, either 1) use a type annotation in the class body, or 2) wrap the type in `torch.jit.Attribute`.
  warnings.warn(
/home/haotiant/conda/envs/dtmol/lib/python3.8/site-packages/torch/jit/_check.py:177: UserWarning: The TorchScript type system doesn't support instance-level annotations on empty non-base types in `__init__`. Instead, either 1) use a type annotation in the class body, or 2) wrap the type in `torch.jit.Attribute`.
  warnings.warn(
/home/haotiant/conda/envs/dtmol/lib/python3.8/site-packages/torch/jit/_check.py:177: UserWarning: The TorchScript type system doesn't support instance-level annotations on empty non-base types in `__init__`. Instead, either 1) use a type annotation in the class body, or 2) wrap the type in `torch.jit.Attribute`.
  warnings.warn(
/home/haotiant/conda/envs/dtmol/lib/python3.8/site-packages/torch/jit/_check.py:177: UserWarning: The TorchScript type system doesn't support instance-level annotations on empty non-base types in `__init__`. Instead, either 1) use a type annotation in the class body, or 2) wrap the type in `torch.jit.Attribute`.
  warnings.warn(
/home/haotiant/conda/envs/dtmol/lib/python3.8/site-packages/torch/jit/_check.py:177: UserWarning: The TorchScript type system doesn't support instance-level annotations on empty non-base types in `__init__`. Instead, either 1) use a type annotation in the class body, or 2) wrap the type in `torch.jit.Attribute`.
  warnings.warn(
fused_multi_tensor is not installed corrected
fused_rounding is not installed corrected
fused_layer_norm is not installed corrected
fused_softmax is not installed corrected
unicore_fused_layernorm is not installed corrected
apex fused layer norm is not installed correctly, apex will be disabled.
[fix-E] filtered dataset 0 'unit_cell_synth' to 74 records matching system_id prefix 'fcc_Al_2x2x2'
[mode] all nn.Dropout p=0 (BN still in train mode)
#  i mol_t sgl |    tg_tr    pr_tr cos_tr  r_tr |     tg_p     pr_p  cos_p   r_p |     dec    node     loss
#  0  4378   1 | 1.23e+00 0.00e+00   +nan  1.00 | 1.10e+00 0.00e+00   +nan  1.00 | 1.0e+00 4.6e+00 2.735e+00
#  1  4254   1 | 9.67e-01 1.62e-05 +0.123  1.00 | 1.06e+00 2.11e-04 +0.385  1.00 | 1.0e+00 4.2e+00 2.067e+00
#  2   416   1 | 5.53e-01 1.17e-05 -0.610  1.00 | 1.04e+00 3.13e-04 +0.022  1.00 | 1.0e+00 3.3e+00 1.392e+00
#  3  4868   1 | 1.30e+00 4.34e-05 +0.501  1.00 | 9.27e-01 5.33e-04 +0.322  1.00 | 1.0e+00 4.9e+00 2.545e+00
#  4  2527   1 | 8.59e-01 1.49e-04 -0.012  1.00 | 9.10e-01 7.89e-04 +0.052  1.00 | 1.0e+00 4.7e+00 1.566e+00
#  5  4909   1 | 1.14e+00 9.10e-05 -0.107  1.00 | 9.82e-01 9.19e-04 +0.478  1.00 | 9.9e-01 4.7e+00 2.253e+00
#  6  3188   1 | 1.02e+00 7.54e-05 -0.276  1.00 | 9.92e-01 1.37e-03 +0.096  1.00 | 1.0e+00 3.2e+00 2.023e+00
#  7  4947   1 | 1.09e+00 2.76e-04 +0.135  1.00 | 1.08e+00 1.42e-03 +0.409  1.00 | 1.0e+00 5.0e+00 2.358e+00
#  8  1532   1 | 9.58e-01 7.15e-05 +0.265  1.00 | 1.07e+00 1.82e-03 +0.137  1.00 | 1.0e+00 3.2e+00 2.072e+00
#  9   578   1 | 1.05e+00 6.76e-05 -0.856  1.00 | 1.08e+00 2.13e-03 +0.133  1.00 | 1.0e+00 3.7e+00 2.275e+00
# 10  1886   1 | 5.48e-01 1.35e-04 -0.547  1.00 | 1.03e+00 1.77e-03 +0.162  1.00 | 1.0e+00 3.4e+00 1.358e+00
# 11  3200   1 | 1.11e+00 5.11e-05 -0.524  1.00 | 1.06e+00 2.24e-03 +0.078  1.00 | 1.0e+00 4.4e+00 2.363e+00
# 12  4192   1 | 1.30e+00 1.52e-04 +0.674  1.00 | 1.04e+00 3.18e-03 +0.180  1.00 | 1.0e+00 3.9e+00 2.759e+00
# 13  1653   1 | 4.70e-01 7.35e-05 +0.121  1.00 | 9.87e-01 2.87e-03 +0.155  1.00 | 1.0e+00 3.3e+00 1.195e+00
# 14  1302   1 | 9.75e-01 1.93e-04 -0.705  1.00 | 1.04e+00 3.96e-03 +0.297  1.00 | 1.0e+00 3.5e+00 2.035e+00
# 15  2244   1 | 9.17e-01 6.92e-05 +0.727  1.00 | 9.51e-01 3.12e-03 +0.062  1.00 | 1.0e+00 3.1e+00 1.745e+00
# 16   248   1 | 1.17e+00 2.14e-04 +0.616  1.00 | 1.17e+00 3.21e-03 +0.200  1.00 | 1.0e+00 4.8e+00 2.734e+00
# 17  2730   1 | 5.16e-01 4.63e-05 -0.446  1.00 | 9.97e-01 3.14e-03 +0.127  1.00 | 1.0e+00 3.8e+00 1.260e+00
# 18  4464   1 | 8.25e-01 5.40e-05 +0.026  1.00 | 9.42e-01 3.22e-03 +0.415  1.00 | 1.0e+00 4.3e+00 1.565e+00
# 19   253   1 | 1.31e+00 1.44e-04 -0.072  1.00 | 1.09e+00 4.64e-03 -0.046  1.00 | 1.0e+00 4.0e+00 2.906e+00
# 20   229   1 | 8.26e-01 1.05e-04 -0.135  1.00 | 9.54e-01 4.10e-03 +0.067  1.00 | 1.0e+00 3.2e+00 1.591e+00
# 21   884   1 | 1.04e+00 1.13e-04 -0.085  1.00 | 8.36e-01 5.57e-03 -0.107  1.00 | 1.0e+00 5.1e+00 1.784e+00
# 22  2828   1 | 1.11e+00 1.36e-04 -0.558  1.00 | 1.13e+00 4.28e-03 +0.124  1.00 | 1.0e+00 4.1e+00 2.514e+00
# 23  2404   1 | 1.66e+00 9.14e-05 -0.443  1.00 | 9.65e-01 6.27e-03 +0.186  1.00 | 1.0e+00 3.7e+00 3.672e+00
# 24  4984   1 | 8.00e-01 1.21e-04 -0.506  1.00 | 1.01e+00 5.10e-03 +0.436  1.00 | 1.0e+00 4.7e+00 1.662e+00
# 25  1411   1 | 1.21e+00 1.15e-04 +0.381  1.00 | 9.11e-01 6.06e-03 +0.098  1.00 | 1.0e+00 3.5e+00 2.286e+00
# 26  3936   1 | 1.31e+00 5.11e-05 -0.252  1.00 | 9.64e-01 6.73e-03 +0.347  1.00 | 1.0e+00 4.2e+00 2.629e+00
# 27    17   1 | 1.00e+00 4.18e-04 -0.207  1.00 | 1.07e+00 6.51e-03 +0.126  1.00 | 1.0e+00 4.3e+00 2.161e+00
# 28  4693   1 | 6.12e-01 1.11e-04 +0.498  1.00 | 1.03e+00 7.91e-03 +0.476  0.99 | 1.0e+00 4.0e+00 1.426e+00
# 29  1509   1 | 7.06e-01 1.14e-04 +0.761  1.00 | 1.09e+00 5.41e-03 +0.067  1.00 | 1.0e+00 3.4e+00 1.681e+00
# 30  4677   1 | 4.41e-01 9.77e-05 +0.079  1.00 | 1.00e+00 1.06e-02 +0.297  0.99 | 1.0e+00 2.3e+00 1.192e+00
# 31  3159   1 | 9.10e-01 7.60e-05 +0.201  1.00 | 9.18e-01 9.95e-03 +0.235  1.00 | 1.0e+00 3.1e+00 1.666e+00
# 32  4936   1 | 1.11e+00 2.45e-04 +0.749  1.00 | 1.04e+00 6.04e-03 +0.346  1.00 | 1.0e+00 3.8e+00 2.311e+00
# 33  4551   1 | 9.96e-01 3.21e-04 -0.315  1.00 | 8.61e-01 8.21e-03 +0.313  0.99 | 1.1e+00 3.7e+00 1.729e+00
# 34  4861   1 | 1.08e+00 3.83e-04 -0.170  1.00 | 9.97e-01 6.45e-03 +0.406  0.99 | 1.0e+00 4.0e+00 2.159e+00
# 35     2   1 | 5.69e-01 2.30e-04 +0.108  1.00 | 9.77e-01 7.96e-03 -0.034  1.00 | 1.0e+00 3.2e+00 1.279e+00
# 36  4794   1 | 1.00e+00 3.31e-04 -0.325  1.00 | 1.13e+00 1.12e-02 +0.335  0.99 | 1.0e+00 3.8e+00 2.284e+00
# 37   200   1 | 1.08e+00 1.96e-04 +0.782  1.00 | 9.68e-01 8.38e-03 +0.092  1.00 | 1.1e+00 3.2e+00 2.110e+00
# 38  1021   1 | 9.60e-01 2.27e-04 +0.404  1.00 | 9.60e-01 1.25e-02 +0.155  1.00 | 1.1e+00 4.6e+00 1.840e+00
# 39  1117   1 | 1.07e+00 9.61e-05 -0.254  1.00 | 9.70e-01 9.52e-03 -0.097  1.00 | 1.1e+00 4.2e+00 2.091e+00
# 40  3030   1 | 1.34e+00 1.02e-04 -0.650  1.00 | 1.00e+00 9.71e-03 +0.120  1.00 | 1.1e+00 3.4e+00 2.786e+00
# 41  3544   1 | 7.15e-01 2.35e-04 +0.218  1.00 | 1.00e+00 1.28e-02 +0.231  0.99 | 1.1e+00 4.0e+00 1.510e+00
# 42  4773   1 | 1.09e+00 2.14e-04 -0.821  1.00 | 9.93e-01 8.71e-03 +0.354  0.99 | 1.1e+00 5.0e+00 2.164e+00
# 43  1823   1 | 1.32e+00 1.70e-04 -0.326  1.00 | 1.12e+00 1.08e-02 +0.064  1.00 | 1.1e+00 3.3e+00 2.998e+00
# 44  2053   1 | 1.29e+00 2.95e-04 +0.211  1.00 | 1.08e+00 1.09e-02 +0.100  1.00 | 1.1e+00 3.0e+00 2.824e+00
# 45  3244   1 | 1.01e+00 6.83e-04 -0.493  1.00 | 9.45e-01 1.19e-02 +0.086  1.00 | 1.0e+00 4.7e+00 1.916e+00
# 46  3546   1 | 5.92e-01 4.36e-04 +0.277  1.00 | 1.05e+00 8.82e-03 +0.198  1.00 | 1.1e+00 3.8e+00 1.455e+00
# 47   789   1 | 8.89e-01 3.83e-04 -0.387  1.00 | 9.15e-01 1.20e-02 -0.039  1.00 | 1.0e+00 4.5e+00 1.628e+00
# 48   739   1 | 1.14e+00 2.14e-04 +0.381  1.00 | 9.75e-01 1.15e-02 +0.034  1.00 | 1.1e+00 3.3e+00 2.258e+00
# 49  3353   1 | 6.59e-01 2.31e-04 -0.303  1.00 | 1.07e+00 1.78e-02 +0.210  0.99 | 1.1e+00 4.7e+00 1.571e+00
# 50  4926   1 | 1.16e+00 3.36e-04 +0.667  1.00 | 1.05e+00 1.28e-02 +0.470  0.99 | 1.0e+00 4.1e+00 2.433e+00
# 51  1315   1 | 7.38e-01 5.15e-04 -0.068  1.00 | 9.49e-01 1.40e-02 +0.129  1.00 | 1.1e+00 3.9e+00 1.443e+00
# 52  1027   1 | 1.38e+00 3.42e-04 -0.461  1.00 | 1.03e+00 1.11e-02 -0.037  1.00 | 1.1e+00 3.3e+00 2.957e+00
# 53  4155   1 | 6.18e-01 2.78e-04 +0.194  1.00 | 1.08e+00 1.31e-02 +0.248  0.99 | 1.0e+00 3.8e+00 1.550e+00
# 54  4991   1 | 9.52e-01 3.14e-04 +0.148  1.00 | 1.06e+00 1.68e-02 +0.370  0.99 | 1.1e+00 4.6e+00 2.012e+00
# 55  3200   1 | 1.22e+00 4.21e-04 -0.057  1.00 | 9.89e-01 1.41e-02 +0.200  0.99 | 1.0e+00 3.2e+00 2.453e+00
# 56  1327   1 | 1.32e+00 9.46e-05 +0.399  1.00 | 1.02e+00 1.09e-02 +0.031  1.00 | 1.1e+00 4.4e+00 2.775e+00
# 57  1370   1 | 9.71e-01 2.64e-04 -0.160  1.00 | 1.02e+00 1.27e-02 -0.048  1.00 | 1.0e+00 3.3e+00 1.980e+00
# 58  4656   1 | 9.71e-01 2.86e-04 -0.314  1.00 | 1.03e+00 1.50e-02 +0.403  0.99 | 1.1e+00 4.5e+00 1.996e+00
# 59  1103   1 | 7.28e-01 2.43e-04 +0.340  1.00 | 9.46e-01 1.30e-02 +0.015  1.00 | 1.1e+00 3.5e+00 1.425e+00
# 60  3363   1 | 4.99e-01 4.36e-04 +0.618  1.00 | 1.12e+00 1.31e-02 +0.284  0.99 | 1.1e+00 3.6e+00 1.489e+00
# 61   112   1 | 1.12e+00 4.14e-04 -0.488  1.00 | 1.01e+00 1.63e-02 +0.112  1.00 | 1.1e+00 3.9e+00 2.270e+00
# 62  4452   1 | 1.14e+00 2.33e-04 -0.442  1.00 | 9.43e-01 1.36e-02 +0.302  0.99 | 1.1e+00 3.1e+00 2.190e+00
# 63   564   1 | 1.40e+00 3.18e-04 +0.550  1.00 | 1.01e+00 1.64e-02 -0.104  1.00 | 1.1e+00 3.7e+00 2.995e+00
# 64  4606   1 | 1.05e+00 2.28e-04 +0.463  1.00 | 1.02e+00 3.52e-02 +0.320  0.98 | 1.1e+00 3.4e+00 2.121e+00
# 65  2627   1 | 1.19e+00 3.49e-04 -0.052  1.00 | 1.05e+00 2.07e-02 +0.193  0.99 | 1.1e+00 3.6e+00 2.532e+00
# 66  2574   1 | 7.78e-01 5.82e-04 +0.379  1.00 | 9.59e-01 2.12e-02 +0.239  0.99 | 1.1e+00 4.8e+00 1.515e+00
# 67   158   1 | 1.07e+00 3.68e-04 +0.231  1.00 | 1.03e+00 1.57e-02 -0.005  1.00 | 1.1e+00 4.0e+00 2.204e+00
# 68  4051   1 | 1.09e+00 2.45e-04 +0.161  1.00 | 9.80e-01 2.18e-02 +0.423  0.98 | 1.1e+00 3.1e+00 2.125e+00
# 69  3836   1 | 1.13e+00 2.21e-04 +0.141  1.00 | 9.88e-01 8.56e-03 +0.178  1.00 | 1.1e+00 3.2e+00 2.244e+00
# 70   982   1 | 1.31e+00 7.16e-04 +0.281  1.00 | 1.01e+00 1.79e-02 -0.001  1.00 | 1.1e+00 4.4e+00 2.744e+00
# 71  3671   1 | 1.11e+00 5.04e-04 -0.792  1.00 | 9.37e-01 2.32e-02 +0.150  0.99 | 1.1e+00 3.3e+00 2.105e+00
# 72  1008   1 | 1.11e+00 2.91e-04 -0.664  1.00 | 1.02e+00 1.44e-02 +0.149  1.00 | 1.1e+00 3.8e+00 2.260e+00
# 73  1668   1 | 1.18e+00 3.31e-04 +0.039  1.00 | 9.58e-01 1.81e-02 -0.027  1.00 | 1.1e+00 4.7e+00 2.308e+00
# 74  3489   1 | 7.38e-01 5.18e-04 +0.556  1.00 | 9.46e-01 1.88e-02 +0.157  0.99 | 1.1e+00 4.3e+00 1.434e+00
# 75   687   1 | 1.22e+00 2.56e-04 +0.640  1.00 | 1.10e+00 1.62e-02 +0.105  1.00 | 1.1e+00 3.8e+00 2.711e+00
# 76  2656   1 | 1.14e+00 4.53e-04 -0.141  1.00 | 9.43e-01 2.53e-02 +0.199  0.99 | 1.1e+00 4.3e+00 2.190e+00
# 77  1635   1 | 1.08e+00 1.00e-03 -0.684  1.00 | 1.04e+00 1.49e-02 +0.004  1.00 | 1.1e+00 4.6e+00 2.250e+00
# 78   780   1 | 1.09e+00 2.92e-04 -0.034  1.00 | 9.37e-01 1.88e-02 -0.083  1.00 | 1.1e+00 3.4e+00 2.064e+00
# 79   488   1 | 9.07e-01 4.52e-04 +0.000  1.00 | 9.18e-01 1.80e-02 +0.064  1.00 | 1.1e+00 5.3e+00 1.663e+00
# 80  2003   1 | 4.95e-01 2.95e-04 +0.052  1.00 | 1.12e+00 1.81e-02 +0.110  1.00 | 1.1e+00 3.3e+00 1.489e+00
# 81  3588   1 | 9.54e-01 3.71e-04 +0.297  1.00 | 1.03e+00 1.90e-02 +0.193  0.99 | 1.1e+00 5.0e+00 1.968e+00
# 82  2636   1 | 1.04e+00 2.56e-04 -0.575  1.00 | 1.02e+00 3.22e-02 +0.225  0.99 | 1.1e+00 4.0e+00 2.101e+00
# 83   726   1 | 8.53e-01 2.60e-04 -0.309  1.00 | 9.10e-01 2.24e-02 +0.011  1.00 | 1.1e+00 3.1e+00 1.555e+00
# 84   171   1 | 6.23e-01 3.66e-04 -0.693  1.00 | 1.03e+00 2.21e-02 +0.097  1.00 | 1.1e+00 3.8e+00 1.443e+00
# 85  3373   1 | 1.29e+00 2.80e-04 -0.264  1.00 | 1.01e+00 2.49e-02 +0.273  0.99 | 1.1e+00 3.9e+00 2.671e+00
# 86  4880   1 | 9.68e-01 1.91e-04 +0.084  1.00 | 1.02e+00 1.89e-02 +0.376  0.99 | 1.1e+00 3.7e+00 1.960e+00
# 87  2269   1 | 1.18e+00 2.63e-04 -0.652  1.00 | 9.58e-01 2.01e-02 -0.038  1.00 | 1.1e+00 4.9e+00 2.309e+00
# 88  1098   1 | 4.70e-01 1.52e-04 -0.472  1.00 | 9.87e-01 1.81e-02 +0.208  0.99 | 1.1e+00 4.0e+00 1.189e+00
# 89  3543   1 | 1.02e+00 2.90e-04 +0.191  1.00 | 9.92e-01 2.63e-02 +0.106  1.00 | 1.1e+00 3.4e+00 2.013e+00
# 90   383   1 | 1.17e+00 3.30e-04 -0.611  1.00 | 1.17e+00 2.10e-02 +0.229  0.99 | 1.1e+00 4.6e+00 2.726e+00
# 91  2449   1 | 5.72e-01 1.75e-04 +0.398  1.00 | 9.77e-01 2.67e-02 +0.131  0.99 | 1.1e+00 4.0e+00 1.276e+00
# 92  3255   1 | 1.05e+00 2.23e-04 -0.376  1.00 | 8.36e-01 2.18e-02 +0.312  0.98 | 1.1e+00 3.0e+00 1.792e+00
# 93  3494   1 | 8.47e-01 3.75e-04 -0.080  1.00 | 9.42e-01 3.14e-02 +0.249  0.98 | 1.1e+00 3.8e+00 1.591e+00
# 94  2458   1 | 1.11e+00 3.46e-04 +0.480  1.00 | 9.80e-01 2.23e-02 +0.326  0.99 | 1.1e+00 4.3e+00 2.172e+00
# 95  1033   1 | 1.38e+00 2.68e-04 -0.604  1.00 | 1.03e+00 1.89e-02 -0.020  1.00 | 1.1e+00 4.1e+00 2.958e+00
# 96  1045   1 | 9.69e-01 3.39e-04 +0.228  1.00 | 1.06e+00 2.93e-02 -0.073  1.00 | 1.1e+00 3.7e+00 2.064e+00
# 97  2711   1 | 6.07e-01 2.20e-04 -0.138  1.00 | 1.08e+00 4.02e-02 +0.113  0.99 | 1.1e+00 3.9e+00 1.536e+00
# 98  3126   1 | 1.30e+00 2.64e-04 +0.180  1.00 | 1.04e+00 2.52e-02 +0.164  0.99 | 1.1e+00 3.2e+00 2.752e+00
# 99    38   1 | 1.31e+00 3.79e-04 -0.367  1.00 | 1.09e+00 2.05e-02 -0.028  1.00 | 1.1e+00 4.6e+00 2.908e+00
#100  3813   1 | 1.13e+00 3.52e-04 +0.433  1.00 | 9.88e-01 1.24e-02 +0.189  1.00 | 1.1e+00 4.1e+00 2.242e+00
#101  3835   1 | 1.07e+00 3.49e-04 +0.293  1.00 | 9.93e-01 3.50e-02 +0.229  0.99 | 1.1e+00 3.7e+00 2.107e+00
#102   107   1 | 1.21e+00 1.95e-04 +0.107  1.00 | 1.05e+00 2.71e-02 +0.182  0.99 | 1.1e+00 4.2e+00 2.555e+00
#103  4733   1 | 1.12e+00 3.50e-04 -0.097  1.00 | 1.02e+00 2.41e-02 +0.425  0.98 | 1.1e+00 4.2e+00 2.271e+00
#104  4050   1 | 6.58e-01 1.88e-04 +0.176  1.00 | 1.07e+00 9.70e-02 +0.149  0.98 | 1.1e+00 4.6e+00 1.556e+00
#105  2011   1 | 1.14e+00 4.22e-04 -0.877  1.00 | 9.75e-01 3.83e-02 +0.071  1.00 | 1.1e+00 3.9e+00 2.246e+00
#106  4541   1 | 9.20e-01 4.99e-04 -0.378  1.00 | 9.51e-01 3.26e-02 +0.430  0.97 | 1.1e+00 4.9e+00 1.724e+00
#107  1445   1 | 1.40e+00 4.45e-04 -0.131  1.00 | 1.01e+00 3.04e-02 -0.062  1.00 | 1.1e+00 4.3e+00 2.996e+00
#108   638   1 | 1.65e+00 4.83e-04 +0.359  1.00 | 9.65e-01 3.77e-02 +0.007  1.00 | 1.1e+00 4.2e+00 3.667e+00
#109  4479   1 | 6.97e-01 3.73e-04 -0.269  1.00 | 1.00e+00 3.30e-02 +0.292  0.98 | 1.1e+00 3.9e+00 1.473e+00
#110  1738   1 | 9.63e-01 4.27e-04 -0.259  1.00 | 1.06e+00 3.21e-02 +0.341  0.98 | 1.1e+00 3.2e+00 2.038e+00
#111  3259   1 | 5.21e-01 1.64e-04 +0.014  1.00 | 9.97e-01 4.30e-02 +0.219  0.98 | 1.1e+00 3.4e+00 1.248e+00
#112  3362   1 | 4.57e-01 2.65e-04 -0.709  1.00 | 1.00e+00 7.29e-02 +0.221  0.97 | 1.1e+00 3.9e+00 1.185e+00
#113  2759   1 | 9.81e-01 1.87e-04 -0.042  1.00 | 1.04e+00 5.03e-02 +0.236  0.98 | 1.1e+00 4.4e+00 2.027e+00
#114  4526   1 | 9.96e-01 9.74e-04 +0.081  1.00 | 8.61e-01 4.63e-02 +0.300  0.97 | 1.1e+00 4.2e+00 1.712e+00
#115  2963   1 | 7.47e-01 2.45e-04 +0.649  1.00 | 9.49e-01 7.57e-02 +0.198  0.97 | 1.1e+00 4.6e+00 1.436e+00
#116  4785   1 | 5.38e-01 6.36e-04 +0.771  1.00 | 1.04e+00 3.43e-02 +0.463  0.97 | 1.1e+00 3.7e+00 1.343e+00
#117  4255   1 | 7.92e-01 4.56e-04 -0.443  1.00 | 9.59e-01 7.16e-02 +0.269  0.97 | 1.1e+00 4.2e+00 1.515e+00
#118  1491   1 | 8.26e-01 3.23e-04 -0.444  1.00 | 9.54e-01 2.95e-02 +0.183  0.99 | 1.1e+00 4.1e+00 1.583e+00
#119  1209   1 | 5.78e-01 4.76e-04 +0.591  1.00 | 1.05e+00 3.58e-02 +0.197  0.99 | 1.1e+00 3.4e+00 1.428e+00
#120  1249   1 | 9.98e-01 1.05e-03 -0.117  1.00 | 9.45e-01 4.46e-02 +0.079  0.99 | 1.1e+00 3.9e+00 1.886e+00
#121  1409   1 | 1.11e+00 1.62e-03 -0.175  1.00 | 9.82e-01 3.46e-02 -0.032  1.00 | 1.1e+00 4.2e+00 2.195e+00
#122  2996   1 | 8.32e-01 6.96e-04 +0.412  1.00 | 1.01e+00 3.26e-02 +0.048  1.00 | 1.1e+00 4.0e+00 1.716e+00
#123  3437   1 | 1.05e+00 4.47e-04 +0.464  1.00 | 1.03e+00 3.36e-02 +0.060  1.00 | 1.1e+00 3.3e+00 2.160e+00
#124  2556   1 | 1.30e+00 7.99e-04 -0.377  1.00 | 9.64e-01 3.87e-02 +0.221  0.98 | 1.1e+00 4.3e+00 2.596e+00
#125   566   1 | 1.08e+00 2.63e-04 -0.122  1.00 | 9.68e-01 5.21e-02 +0.111  0.99 | 1.1e+00 4.3e+00 2.103e+00
#126  4958   1 | 1.31e+00 2.52e-04 -0.842  1.00 | 1.02e+00 9.59e-02 +0.218  0.97 | 1.1e+00 3.5e+00 2.732e+00
#127  4904   1 | 1.30e+00 3.46e-04 +0.730  1.00 | 9.27e-01 1.69e-01 +0.226  0.95 | 1.1e+00 5.5e+00 2.502e+00
#128  2558   1 | 1.02e+00 7.73e-04 -0.292  1.00 | 1.13e+00 2.75e-02 +0.140  0.99 | 1.1e+00 4.0e+00 2.320e+00
#129  1386   1 | 5.46e-01 5.55e-04 +0.351  1.00 | 1.03e+00 6.08e-02 +0.180  0.98 | 1.1e+00 4.0e+00 1.338e+00
#130  1621   1 | 1.12e+00 2.74e-04 +0.361  1.00 | 1.13e+00 4.21e-02 +0.044  1.00 | 1.1e+00 3.7e+00 2.536e+00
#131  2145   1 | 1.29e+00 5.45e-04 -0.455  1.00 | 1.08e+00 4.21e-02 +0.106  0.99 | 1.1e+00 3.8e+00 2.818e+00
#132  4069   1 | 1.17e+00 4.02e-04 +0.082  1.00 | 9.11e-01 1.70e-01 +0.198  0.96 | 1.1e+00 5.1e+00 2.167e+00
#133  3159   1 | 1.31e+00 2.49e-04 +0.082  1.00 | 1.12e+00 3.57e-02 +0.174  0.99 | 1.1e+00 4.3e+00 2.949e+00
#134  3431   1 | 1.10e+00 5.26e-04 +0.410  1.00 | 1.08e+00 1.03e-01 +0.279  0.96 | 1.1e+00 4.9e+00 2.324e+00
#135  1086   1 | 1.11e+00 2.60e-04 +0.289  1.00 | 1.06e+00 6.90e-02 -0.173  1.03 | 1.1e+00 3.7e+00 2.377e+00
#136  3698   1 | 7.36e-01 2.45e-04 +0.272  1.00 | 1.09e+00 4.62e-02 +0.070  1.00 | 1.1e+00 5.3e+00 1.720e+00
#137  4968   1 | 9.38e-01 3.89e-04 +0.298  1.00 | 1.07e+00 3.83e-02 +0.391  0.97 | 1.1e+00 2.9e+00 2.004e+00
#138   538   1 | 1.13e+00 7.43e-04 +0.443  1.00 | 1.05e+00 2.91e-02 +0.245  0.99 | 1.1e+00 3.6e+00 2.378e+00
#139   826   1 | 1.12e+00 6.93e-04 +0.228  1.00 | 1.01e+00 1.51e-01 +0.118  0.99 | 1.1e+00 4.4e+00 2.259e+00
#140  1216   1 | 1.07e+00 4.45e-04 +0.072  1.00 | 9.70e-01 8.24e-02 +0.008  1.01 | 1.1e+00 4.1e+00 2.095e+00
#141  1484   1 | 1.00e+00 1.01e-03 -0.302  1.00 | 1.07e+00 7.26e-02 +0.192  0.98 | 1.1e+00 3.5e+00 2.134e+00
#142  2376   1 | 1.04e+00 5.92e-04 +0.138  1.00 | 1.08e+00 8.34e-02 +0.208  0.97 | 1.1e+00 4.6e+00 2.228e+00
#143  2190   1 | 9.62e-01 1.33e-03 -0.478  1.00 | 9.60e-01 1.37e-01 +0.193  0.97 | 1.1e+00 4.7e+00 1.817e+00
#144  2532   1 | 1.34e+00 4.90e-04 +0.721  1.00 | 1.00e+00 5.20e-02 +0.080  0.99 | 1.1e+00 4.4e+00 2.795e+00
#145   967   1 | 1.08e+00 4.34e-04 +0.366  1.00 | 9.97e-01 3.51e-02 +0.184  0.99 | 1.1e+00 4.5e+00 2.142e+00
#146  3696   1 | 1.20e+00 6.13e-04 +0.446  1.00 | 9.89e-01 1.28e-01 +0.168  0.97 | 1.1e+00 4.6e+00 2.402e+00
#147  1510   1 | 8.89e-01 9.07e-04 +0.298  1.00 | 9.15e-01 5.32e-02 -0.061  1.01 | 1.1e+00 4.1e+00 1.636e+00
#148  4131   1 | 6.34e-01 5.57e-04 -0.348  1.00 | 1.03e+00 1.62e-01 +0.328  0.92 | 1.1e+00 4.4e+00 1.378e+00
#149  4284   1 | 1.08e+00 6.83e-04 -0.197  1.00 | 9.82e-01 3.75e-02 +0.406  0.97 | 1.1e+00 4.6e+00 2.105e+00
#150   864   1 | 8.21e-01 1.04e-03 -0.385  1.00 | 1.01e+00 4.44e-02 +0.108  0.99 | 1.1e+00 3.6e+00 1.694e+00
#151  2779   1 | 1.00e+00 1.11e-03 -0.730  1.00 | 8.61e-01 1.09e-01 +0.187  0.97 | 1.1e+00 4.0e+00 1.721e+00
#152  3851   1 | 6.35e-01 1.33e-03 +0.688  1.00 | 1.08e+00 2.28e-01 +0.113  1.00 | 1.1e+00 5.8e+00 1.573e+00
#153   500   1 | 1.00e+00 7.48e-04 -0.266  1.00 | 1.07e+00 1.16e-01 +0.214  0.97 | 1.1e+00 4.6e+00 2.122e+00
#154   380   1 | 9.72e-01 1.31e-03 +0.288  1.00 | 1.02e+00 5.53e-02 -0.023  1.01 | 1.1e+00 4.8e+00 1.985e+00
#155  1627   1 | 1.02e+00 6.92e-04 -0.097  1.00 | 9.92e-01 4.20e-02 +0.077  1.00 | 1.1e+00 3.1e+00 2.027e+00
#156  4592   1 | 5.42e-01 6.31e-04 +0.686  1.00 | 1.04e+00 7.71e-02 +0.440  0.94 | 1.1e+00 3.8e+00 1.315e+00
#157  3884   1 | 1.26e+00 8.71e-04 -0.659  1.00 | 1.08e+00 3.49e-02 +0.351  0.98 | 1.1e+00 3.5e+00 2.735e+00
#158  1437   1 | 1.22e+00 7.90e-04 +0.185  1.00 | 1.10e+00 5.59e-02 +0.130  0.99 | 1.1e+00 3.5e+00 2.702e+00
#159  2782   1 | 1.14e+00 5.09e-04 +0.180  1.00 | 9.88e-01 3.54e-02 -0.018  1.00 | 1.1e+00 3.3e+00 2.270e+00
#160   827   1 | 4.94e-01 1.44e-03 +0.306  1.00 | 1.12e+00 1.15e-01 +0.096  0.99 | 1.1e+00 3.8e+00 1.481e+00
#161   277   1 | 9.75e-01 6.22e-04 -0.658  1.00 | 1.04e+00 1.08e-01 +0.284  0.95 | 1.1e+00 3.9e+00 1.985e+00
#162  2553   1 | 7.43e-01 1.41e-03 +0.264  1.00 | 9.49e-01 1.77e-01 +0.187  0.96 | 1.1e+00 4.8e+00 1.421e+00
#163  4754   1 | 1.36e+00 8.27e-04 +0.520  1.00 | 1.00e+00 7.29e-02 +0.346  0.95 | 1.1e+00 3.9e+00 2.802e+00
#164  3298   1 | 9.57e-01 3.20e-04 +0.421  1.00 | 1.06e+00 1.27e-01 +0.340  0.93 | 1.1e+00 4.1e+00 1.972e+00
#165  3347   1 | 1.02e+00 1.57e-03 +0.640  1.00 | 1.08e+00 1.60e-01 +0.218  0.96 | 1.1e+00 5.6e+00 2.165e+00
#166  3502   1 | 9.12e-01 1.64e-03 +0.140  1.00 | 9.18e-01 1.48e-01 +0.239  0.95 | 1.1e+00 4.3e+00 1.630e+00
#167  1776   1 | 1.08e+00 5.38e-04 +0.355  1.00 | 1.04e+00 3.69e-02 +0.098  0.99 | 1.1e+00 4.5e+00 2.241e+00
#168  4635   1 | 1.32e+00 4.24e-03 +0.133  1.00 | 1.01e+00 1.89e-01 +0.413  0.88 | 1.1e+00 4.6e+00 2.642e+00
#169   728   1 | 1.08e+00 1.39e-03 +0.224  1.00 | 9.97e-01 5.04e-02 +0.212  0.98 | 1.1e+00 4.4e+00 2.135e+00
#170  3842   1 | 7.37e-01 1.10e-03 +0.519  1.00 | 1.09e+00 5.66e-02 +0.133  0.99 | 1.1e+00 4.0e+00 1.712e+00
#171  2918   1 | 7.07e-01 7.67e-04 +0.096  1.00 | 1.00e+00 1.25e-01 +0.220  0.96 | 1.1e+00 4.1e+00 1.465e+00
#172  1987   1 | 8.55e-01 2.63e-03 +0.317  1.00 | 9.10e-01 1.14e-01 +0.087  0.99 | 1.1e+00 3.9e+00 1.553e+00
#173  4845   1 | 9.47e-01 1.24e-03 +0.339  1.00 | 9.51e-01 2.68e-01 +0.379  0.87 | 1.2e+00 5.5e+00 1.679e+00
#174  2556   1 | 1.20e+00 2.88e-03 +0.368  1.00 | 9.11e-01 1.35e-01 +0.098  0.99 | 1.1e+00 4.1e+00 2.261e+00
#175  3088   1 | 1.03e+00 3.01e-03 -0.012  1.00 | 1.13e+00 8.05e-02 +0.236  0.97 | 1.2e+00 3.6e+00 2.302e+00
#176  3951   1 | 5.77e-01 1.29e-03 +0.074  1.00 | 9.77e-01 1.70e-01 +0.348  0.91 | 1.2e+00 4.4e+00 1.201e+00
#177  4831   1 | 1.65e+00 2.28e-02 +0.094  1.00 | 9.65e-01 1.44e-01 +0.383  0.91 | 1.2e+00 4.5e+00 3.545e+00
#178  3594   1 | 5.24e-01 1.48e-03 -0.183  1.00 | 9.97e-01 2.20e-01 +0.269  0.93 | 1.2e+00 4.6e+00 1.199e+00
#179  2713   1 | 1.32e+00 5.72e-03 +0.096  1.00 | 1.02e+00 1.55e-01 +0.155  0.98 | 1.2e+00 4.6e+00 2.750e+00
#180  1635   1 | 1.07e+00 5.08e-04 +0.217  1.00 | 1.03e+00 7.93e-02 -0.036  1.01 | 1.3e+00 3.0e+00 2.211e+00
#181  1791   1 | 9.99e-01 9.96e-04 -0.287  1.00 | 9.45e-01 7.36e-02 +0.138  0.98 | 1.2e+00 4.0e+00 1.879e+00
#182  2870   1 | 4.73e-01 1.46e-03 +0.180  1.00 | 9.87e-01 6.34e-02 +0.232  0.97 | 1.3e+00 3.1e+00 1.173e+00
#183  1399   1 | 1.08e+00 8.27e-04 -0.616  1.00 | 9.68e-01 1.16e-01 +0.154  0.98 | 1.3e+00 4.1e+00 2.089e+00
#184  2079   1 | 1.12e+00 2.71e-02 +0.053  1.00 | 1.01e+00 2.39e-01 +0.122  1.00 | 1.3e+00 5.2e+00 2.270e+00
#185  1872   1 | 1.38e+00 1.52e-02 +0.156  1.00 | 1.03e+00 8.06e-02 +0.081  0.99 | 1.3e+00 3.3e+00 2.946e+00
#186   188   1 | 7.71e-01 1.30e-02 -0.376  1.01 | 9.59e-01 1.19e-01 +0.108  0.99 | 1.4e+00 4.2e+00 1.511e+00
#187  2063   1 | 5.80e-01 1.11e-02 -0.236  1.01 | 1.05e+00 1.80e-01 +0.242  0.95 | 1.4e+00 5.1e+00 1.388e+00
#188  2857   1 | 1.22e+00 2.24e-02 +0.781  0.97 | 9.89e-01 2.06e-01 +0.205  0.96 | 1.4e+00 4.3e+00 2.389e+00
#189  2332   1 | 9.61e-01 1.06e-02 +0.505  0.99 | 1.07e+00 6.76e-02 +0.124  0.99 | 1.4e+00 4.1e+00 2.055e+00
#190  2565   1 | 1.10e+00 2.02e-02 +0.103  1.00 | 1.08e+00 1.84e-01 +0.166  0.97 | 1.5e+00 4.4e+00 2.336e+00
#191  2514   1 | 1.10e+00 6.89e-03 -0.732  1.01 | 1.02e+00 1.37e-01 +0.169  0.97 | 1.5e+00 4.1e+00 2.233e+00
#192  3219   1 | 8.40e-01 4.65e-02 -0.401  1.05 | 9.42e-01 2.58e-01 +0.179  0.98 | 1.5e+00 4.8e+00 1.606e+00
#193  1276   1 | 7.28e-01 2.75e-02 +0.243  0.98 | 9.46e-01 1.38e-01 +0.135  0.98 | 1.5e+00 3.7e+00 1.400e+00
#194  3387   1 | 1.29e+00 5.46e-03 +0.375  1.00 | 1.09e+00 1.13e-01 +0.141  0.98 | 1.5e+00 4.4e+00 2.842e+00
#195  3627   1 | 9.08e-01 5.10e-03 -0.371  1.00 | 9.15e-01 4.64e-02 -0.028  1.01 | 1.6e+00 4.6e+00 1.670e+00
#196  4042   1 | 1.17e+00 7.16e-02 -0.482  1.06 | 1.17e+00 2.68e-01 +0.302  0.91 | 1.6e+00 5.1e+00 2.705e+00
#197  3583   1 | 1.14e+00 4.30e-03 +0.050  1.00 | 9.43e-01 1.44e-01 +0.272  0.94 | 1.5e+00 3.3e+00 2.136e+00
#198   797   1 | 1.07e+00 2.48e-02 -0.040  1.00 | 9.70e-01 1.11e-01 -0.005  1.01 | 1.4e+00 3.0e+00 2.105e+00
#199  1975   1 | 1.11e+00 5.63e-03 -0.306  1.00 | 1.06e+00 1.12e-01 +0.042  1.00 | 1.4e+00 3.6e+00 2.356e+00
#200  2442   1 | 9.62e-01 5.20e-03 +0.132  1.00 | 1.03e+00 1.46e-01 +0.004  1.02 | 1.4e+00 3.4e+00 2.009e+00
#201   923   1 | 1.04e+00 1.12e-02 +0.341  0.99 | 1.02e+00 1.98e-01 +0.102  1.00 | 1.3e+00 4.5e+00 2.117e+00
#202  2072   1 | 8.28e-01 1.06e-02 +0.396  0.99 | 9.54e-01 8.19e-02 +0.287  0.96 | 1.3e+00 4.4e+00 1.550e+00
#203   389   1 | 1.04e+00 4.60e-03 +0.203  1.00 | 8.36e-01 7.65e-02 +0.015  1.01 | 1.2e+00 3.1e+00 1.786e+00
#204  2035   1 | 1.30e+00 7.27e-03 +0.012  1.00 | 9.64e-01 4.35e-02 +0.226  0.98 | 1.2e+00 4.2e+00 2.590e+00
#205  1720   1 | 1.32e+00 3.63e-03 +0.588  1.00 | 1.12e+00 6.91e-02 +0.077  0.99 | 1.2e+00 3.0e+00 2.988e+00
#206   288   1 | 4.46e-01 6.76e-03 +0.086  1.00 | 1.00e+00 1.13e-01 +0.210  0.97 | 1.2e+00 3.6e+00 1.167e+00
#207  2397   1 | 1.20e+00 1.37e-02 +0.485  0.99 | 1.05e+00 2.50e-01 +0.160  0.98 | 1.2e+00 4.4e+00 2.510e+00
#208  2492   1 | 9.64e-01 3.22e-03 +0.520  1.00 | 9.60e-01 2.45e-01 +0.194  0.97 | 1.2e+00 5.0e+00 1.816e+00
#209  3763   1 | 1.09e+00 1.99e-03 +0.093  1.00 | 1.13e+00 1.15e-01 +0.187  0.97 | 1.2e+00 4.3e+00 2.426e+00
#210   320   1 | 1.31e+00 7.21e-03 +0.642  0.99 | 1.04e+00 8.06e-02 +0.070  1.00 | 1.2e+00 4.1e+00 2.769e+00
#211  2035   1 | 1.13e+00 7.18e-03 +0.410  0.99 | 1.05e+00 5.47e-02 +0.279  0.97 | 1.2e+00 3.4e+00 2.346e+00
#212  3667   1 | 1.11e+00 2.80e-03 -0.054  1.00 | 9.37e-01 8.90e-02 +0.155  0.98 | 1.2e+00 4.1e+00 2.093e+00
#213  2767   1 | 1.10e+00 4.02e-02 +0.122  0.99 | 9.80e-01 1.75e-01 +0.398  0.89 | 1.3e+00 4.3e+00 2.064e+00
#214  4952   1 | 1.30e+00 3.77e-02 +0.282  0.98 | 9.27e-01 3.07e-01 +0.227  0.96 | 1.2e+00 5.3e+00 2.483e+00
#215  1264   1 | 9.70e-01 6.77e-04 -0.096  1.00 | 1.06e+00 9.51e-02 -0.071  1.02 | 1.3e+00 3.5e+00 2.083e+00
#216  2298   1 | 5.51e-01 4.86e-03 +0.467  0.99 | 1.03e+00 1.06e-01 +0.179  0.97 | 1.3e+00 3.4e+00 1.332e+00
#217   170   1 | 1.40e+00 2.40e-03 -0.582  1.00 | 1.01e+00 1.29e-01 -0.063  1.03 | 1.3e+00 3.8e+00 3.029e+00
#218   733   1 | 1.14e+00 3.73e-03 -0.691  1.00 | 9.75e-01 9.23e-02 +0.066  1.00 | 1.4e+00 4.5e+00 2.261e+00
#219  4451   1 | 1.08e+00 9.81e-03 -0.296  1.01 | 9.93e-01 2.13e-01 +0.228  0.95 | 1.4e+00 4.0e+00 2.119e+00
#220  1872   1 | 6.58e-01 2.99e-02 +0.010  1.00 | 1.07e+00 2.29e-01 +0.283  0.92 | 1.4e+00 4.8e+00 1.492e+00
#221  1790   1 | 1.18e+00 7.20e-03 -0.468  1.01 | 9.58e-01 5.53e-02 -0.020  1.01 | 1.4e+00 4.0e+00 2.320e+00
#222   136   1 | 7.28e-01 2.56e-02 +0.271  0.98 | 9.46e-01 1.42e-01 +0.154  0.98 | 1.4e+00 5.8e+00 1.395e+00
#223   173   1 | 8.89e-01 1.24e-03 +0.339  1.00 | 9.15e-01 5.64e-02 -0.030  1.01 | 1.3e+00 3.1e+00 1.633e+00
#224  2591   1 | 9.13e-01 8.73e-04 +0.758  1.00 | 9.51e-01 5.97e-02 +0.084  0.99 | 1.4e+00 3.3e+00 1.731e+00
#225   806   1 | 1.12e+00 2.29e-02 -0.470  1.02 | 1.13e+00 4.75e-02 +0.087  0.99 | 1.4e+00 3.4e+00 2.561e+00
#226  4883   1 | 5.62e-01 2.62e-03 +0.304  1.00 | 9.77e-01 1.95e-01 +0.353  0.90 | 1.4e+00 5.5e+00 1.173e+00
#227  2891   1 | 1.09e+00 1.89e-03 +0.607  1.00 | 9.82e-01 4.62e-02 +0.112  0.99 | 1.4e+00 2.9e+00 2.149e+00
#228  2792   1 | 1.10e+00 5.91e-03 -0.023  1.00 | 9.37e-01 4.75e-02 +0.147  0.99 | 1.4e+00 4.0e+00 2.067e+00
#229  1569   1 | 8.54e-01 2.46e-02 +0.233  0.99 | 9.10e-01 1.38e-01 +0.090  1.00 | 1.4e+00 4.5e+00 1.544e+00
#230  2460   1 | 1.22e+00 1.10e-03 -0.520  1.00 | 1.10e+00 6.08e-02 +0.313  0.97 | 1.3e+00 4.1e+00 2.680e+00
#231  4370   1 | 1.30e+00 3.04e-02 -0.025  1.00 | 9.64e-01 2.06e-01 +0.300  0.92 | 1.3e+00 4.5e+00 2.554e+00
#232  1144   1 | 6.24e-01 1.54e-02 -0.134  1.01 | 1.03e+00 1.40e-01 +0.134  0.98 | 1.4e+00 4.1e+00 1.431e+00
#233  3406   1 | 1.21e+00 4.36e-02 +0.777  0.95 | 9.89e-01 2.36e-01 +0.170  0.98 | 1.3e+00 5.4e+00 2.343e+00
#234  2653   1 | 1.32e+00 6.57e-03 +0.105  1.00 | 1.02e+00 1.18e-01 +0.184  0.97 | 1.3e+00 4.0e+00 2.744e+00
#235  3640   1 | 1.13e+00 9.49e-03 -0.050  1.00 | 9.88e-01 3.37e-02 +0.208  0.99 | 1.4e+00 4.6e+00 2.236e+00
#236  4528   1 | 1.08e+00 1.53e-02 +0.788  0.98 | 1.04e+00 5.80e-02 +0.363  0.96 | 1.4e+00 4.6e+00 2.182e+00
#237  4485   1 | 1.13e+00 5.44e-03 +0.287  1.00 | 1.01e+00 1.35e-01 +0.158  0.98 | 1.4e+00 4.3e+00 2.255e+00
#238  3052   1 | 1.17e+00 1.42e-02 +0.489  0.99 | 1.17e+00 6.61e-02 +0.350  0.96 | 1.4e+00 5.6e+00 2.664e+00
#239  2339   1 | 1.11e+00 4.81e-02 +0.119  0.99 | 9.80e-01 1.86e-01 +0.400  0.88 | 1.4e+00 4.0e+00 2.067e+00
#240  2239   1 | 1.31e+00 2.10e-03 -0.171  1.00 | 1.01e+00 8.95e-02 +0.097  0.99 | 1.4e+00 4.2e+00 2.722e+00
#241   802   1 | 6.58e-01 1.02e-02 +0.083  1.00 | 1.07e+00 2.80e-01 +0.249  0.94 | 1.5e+00 5.7e+00 1.505e+00
#242   481   1 | 1.02e+00 1.04e-02 +0.045  1.00 | 1.13e+00 5.74e-02 -0.036  1.01 | 1.5e+00 3.9e+00 2.325e+00
#243  3890   1 | 9.10e-01 2.54e-02 +0.141  0.99 | 9.18e-01 2.25e-01 +0.236  0.94 | 1.6e+00 4.9e+00 1.617e+00
#244  1131   1 | 1.14e+00 2.86e-02 +0.703  0.97 | 9.75e-01 1.69e-01 +0.079  1.00 | 1.5e+00 4.8e+00 2.215e+00
#245  1147   1 | 9.65e-01 3.72e-02 +0.028  1.00 | 1.03e+00 8.19e-02 -0.026  1.01 | 1.5e+00 4.6e+00 2.006e+00
#246  4415   1 | 9.97e-01 1.73e-02 -0.104  1.00 | 8.61e-01 1.84e-01 +0.254  0.94 | 1.7e+00 4.4e+00 1.693e+00
#247  3592   1 | 1.02e+00 5.78e-02 +0.677  0.93 | 9.45e-01 1.90e-01 +0.214  0.95 | 1.6e+00 4.3e+00 1.814e+00
#248  3334   1 | 1.03e+00 3.61e-02 +0.337  0.98 | 1.02e+00 2.00e-01 +0.271  0.93 | 1.6e+00 5.1e+00 2.003e+00
#249  3550   1 | 1.07e+00 3.46e-02 +0.177  0.99 | 9.97e-01 1.70e-01 +0.218  0.95 | 1.7e+00 4.5e+00 2.076e+00
#250  4098   1 | 8.02e-01 1.02e-01 +0.334  0.93 | 9.59e-01 2.47e-01 +0.245  0.94 | 1.8e+00 5.3e+00 1.463e+00
#251  4146   1 | 1.19e+00 4.10e-02 -0.453  1.03 | 9.58e-01 7.08e-02 +0.135  0.99 | 1.8e+00 3.7e+00 2.356e+00
#252   566   1 | 1.35e+00 2.06e-03 -0.483  1.00 | 1.00e+00 5.50e-02 +0.003  1.00 | 1.6e+00 3.0e+00 2.824e+00
#253  3758   1 | 1.07e+00 3.95e-02 -0.368  1.03 | 9.93e-01 1.70e-01 +0.204  0.96 | 1.8e+00 4.5e+00 2.114e+00
#254  1378   1 | 1.07e+00 8.26e-02 -0.031  1.01 | 9.70e-01 8.34e-02 -0.002  1.01 | 1.8e+00 4.9e+00 2.109e+00
#255   690   1 | 4.46e-01 6.15e-02 +0.081  1.00 | 1.00e+00 1.46e-01 +0.212  0.96 | 1.8e+00 4.4e+00 1.161e+00
#256  3594   1 | 1.06e+00 1.35e-01 +0.204  0.96 | 8.36e-01 2.56e-01 +0.317  0.90 | 1.9e+00 4.9e+00 1.703e+00
#257  1440   1 | 9.70e-01 3.28e-02 -0.112  1.01 | 1.06e+00 5.90e-02 +0.066  1.00 | 1.8e+00 4.1e+00 2.063e+00
#258  1589   1 | 9.61e-01 5.82e-02 +0.501  0.94 | 9.60e-01 1.72e-01 +0.218  0.95 | 1.9e+00 4.1e+00 1.749e+00
#259   769   1 | 1.31e+00 3.76e-02 +0.258  0.99 | 1.09e+00 7.19e-02 +0.008  1.00 | 1.8e+00 3.8e+00 2.884e+00
#260  4520   1 | 1.38e+00 4.62e-02 +0.158  0.99 | 1.03e+00 7.15e-02 +0.285  0.97 | 2.0e+00 3.7e+00 2.894e+00
#261  1290   1 | 8.22e-01 5.39e-02 +0.707  0.91 | 1.01e+00 9.63e-02 +0.105  0.99 | 2.0e+00 3.7e+00 1.630e+00
#262  4582   1 | 1.12e+00 5.67e-02 -0.734  1.08 | 1.02e+00 2.41e-01 +0.277  0.92 | 2.2e+00 4.6e+00 2.298e+00
#263  3033   1 | 1.12e+00 3.07e-02 +0.373  0.98 | 1.05e+00 1.00e-01 +0.295  0.95 | 2.0e+00 3.5e+00 2.277e+00
#264    94   1 | 4.94e-01 1.09e-01 +0.041  1.03 | 1.12e+00 9.76e-02 +0.104  0.99 | 2.0e+00 4.8e+00 1.487e+00
#265  1734   1 | 8.27e-01 1.48e-01 +0.373  0.90 | 9.54e-01 1.38e-01 +0.286  0.94 | 2.0e+00 4.2e+00 1.468e+00
#266  2673   1 | 9.71e-01 1.43e-02 +0.300  0.99 | 1.02e+00 5.67e-02 +0.054  1.00 | 2.0e+00 3.8e+00 1.967e+00
#267  1260   1 | 1.02e+00 5.19e-02 -0.157  1.02 | 9.92e-01 4.17e-02 +0.120  0.99 | 2.1e+00 4.0e+00 2.044e+00
#268   755   1 | 5.96e-01 1.32e-02 -0.613  1.03 | 1.08e+00 1.15e-01 +0.079  0.99 | 2.0e+00 3.2e+00 1.533e+00
#269  1410   1 | 8.24e-01 1.90e-02 +0.437  0.98 | 9.42e-01 1.28e-01 +0.074  1.00 | 2.1e+00 3.4e+00 1.552e+00
#270  4015   1 | 5.17e-01 1.14e-02 +0.308  0.99 | 9.97e-01 2.15e-01 +0.258  0.94 | 2.2e+00 4.8e+00 1.193e+00
#271  2859   1 | 1.29e+00 5.88e-02 +0.278  0.98 | 9.27e-01 1.34e-01 +0.208  0.96 | 2.1e+00 4.2e+00 2.457e+00
#272  3397   1 | 1.14e+00 2.03e-02 -0.014  1.00 | 9.43e-01 1.90e-01 +0.255  0.94 | 2.0e+00 4.1e+00 2.138e+00
#273   923   1 | 1.40e+00 3.95e-02 +0.591  0.97 | 1.01e+00 8.55e-02 -0.087  1.02 | 2.1e+00 4.5e+00 2.949e+00
#274  1997   1 | 1.04e+00 8.48e-03 +0.718  0.99 | 1.08e+00 1.08e-01 +0.228  0.96 | 2.2e+00 4.4e+00 2.212e+00
#275  3528   1 | 1.30e+00 2.46e-02 +0.677  0.97 | 1.12e+00 1.22e-01 +0.276  0.95 | 2.2e+00 4.5e+00 2.834e+00
#276  4545   1 | 1.01e+00 1.33e-01 -0.330  1.10 | 1.07e+00 1.60e-01 +0.315  0.93 | 2.4e+00 4.4e+00 2.198e+00
#277  3273   1 | 1.05e+00 8.19e-02 +0.526  0.92 | 1.03e+00 5.57e-02 +0.070  1.00 | 2.1e+00 3.6e+00 2.081e+00
#278  2976   1 | 1.28e+00 4.19e-02 -0.027  1.00 | 1.08e+00 4.91e-02 +0.208  0.98 | 2.2e+00 4.8e+00 2.789e+00
#279  4831   1 | 9.40e-01 1.16e-02 -0.277  1.01 | 1.07e+00 6.73e-02 +0.385  0.96 | 2.3e+00 3.3e+00 1.994e+00
#280  4156   1 | 9.97e-01 1.70e-01 +0.668  0.80 | 1.04e+00 2.49e-01 +0.211  0.96 | 2.2e+00 5.3e+00 1.835e+00
#281   677   1 | 5.78e-01 6.68e-03 +0.054  1.00 | 1.05e+00 8.76e-02 +0.212  0.97 | 2.2e+00 3.8e+00 1.410e+00
#282  3894   1 | 7.55e-01 1.60e-01 +0.322  0.91 | 9.49e-01 2.51e-01 +0.221  0.95 | 2.3e+00 4.7e+00 1.378e+00
#283  2940   1 | 1.19e+00 4.94e-02 +0.107  0.99 | 9.11e-01 1.77e-01 +0.168  0.97 | 2.3e+00 3.9e+00 2.222e+00
#284  2369   1 | 1.66e+00 8.69e-02 +0.155  0.99 | 9.65e-01 1.77e-01 +0.324  0.92 | 2.2e+00 4.4e+00 3.558e+00
#285  2389   1 | 1.11e+00 3.46e-02 -0.714  1.05 | 1.06e+00 6.68e-02 +0.004  1.00 | 2.1e+00 4.8e+00 2.412e+00
#286   574   1 | 1.10e+00 1.51e-02 -0.589  1.02 | 1.08e+00 1.35e-01 +0.020  1.01 | 2.3e+00 4.6e+00 2.405e+00
#287  4394   1 | 4.69e-01 6.67e-02 +0.099  0.99 | 9.87e-01 7.01e-02 +0.368  0.95 | 2.4e+00 3.7e+00 1.146e+00
#288  3827   1 | 1.17e+00 1.06e-01 +0.553  0.91 | 1.05e+00 2.40e-01 +0.186  0.97 | 2.4e+00 4.4e+00 2.309e+00
#289  2552   1 | 5.60e-01 5.88e-02 +0.473  0.91 | 1.04e+00 1.27e-01 +0.044  1.00 | 2.3e+00 3.6e+00 1.377e+00
#290  1653   1 | 5.47e-01 5.81e-02 +0.364  0.93 | 1.03e+00 9.33e-02 +0.200  0.97 | 2.3e+00 3.1e+00 1.308e+00
#291  1138   1 | 7.01e-01 9.59e-02 +0.080  1.00 | 1.00e+00 6.61e-02 +0.094  0.99 | 2.4e+00 3.3e+00 1.487e+00
#292  4153   1 | 9.64e-01 7.81e-02 -0.164  1.03 | 1.06e+00 1.52e-01 +0.375  0.91 | 2.5e+00 4.1e+00 1.993e+00
#293  3058   1 | 1.30e+00 2.89e-01 -0.644  1.34 | 1.04e+00 1.84e-01 +0.128  0.99 | 2.1e+00 4.2e+00 3.314e+00
#294  3869   1 | 7.37e-01 3.41e-02 +0.574  0.95 | 1.09e+00 6.96e-02 +0.167  0.98 | 2.4e+00 3.4e+00 1.678e+00
#295   882   1 | 1.08e+00 1.16e-01 +0.560  0.89 | 9.68e-01 5.82e-02 +0.125  0.99 | 2.2e+00 3.8e+00 1.972e+00
#296  4735   1 | 1.09e+00 4.40e-01 +0.120  1.07 | 1.08e+00 2.55e-01 +0.304  0.91 | 2.3e+00 4.9e+00 2.343e+00
#297  3682   1 | 1.13e+00 1.61e-02 -0.143  1.00 | 9.88e-01 3.40e-02 +0.229  0.99 | 2.2e+00 3.4e+00 2.238e+00
#298  1402   1 | 1.07e+00 8.50e-03 +0.604  0.99 | 1.03e+00 5.54e-02 -0.039  1.01 | 2.0e+00 2.8e+00 2.197e+00
#299  3810   1 | 1.28e+00 3.40e-01 +0.167  0.98 | 1.01e+00 2.61e-01 +0.375  0.87 | 1.9e+00 5.2e+00 2.493e+00
#300  2502   1 | 9.62e-01 4.53e-02 -0.128  1.01 | 1.06e+00 1.89e-01 +0.271  0.94 | 1.4e+00 4.9e+00 1.996e+00
#301  3534   1 | 5.79e-01 8.69e-03 -0.593  1.02 | 1.04e+00 6.08e-02 +0.132  0.99 | 1.8e+00 3.9e+00 1.414e+00
#302  1981   1 | 5.80e-01 1.70e-02 -0.109  1.01 | 1.05e+00 1.26e-01 +0.256  0.95 | 1.8e+00 3.9e+00 1.394e+00
#303  3198   1 | 1.18e+00 1.02e-01 +0.581  0.91 | 1.05e+00 3.16e-01 +0.165  0.99 | 1.5e+00 5.3e+00 2.374e+00
#304  1041   1 | 8.26e-01 1.60e-01 +0.381  0.89 | 9.54e-01 2.06e-01 +0.271  0.93 | 1.7e+00 4.3e+00 1.452e+00
#305  2048   1 | 1.22e+00 7.76e-03 +0.599  0.99 | 1.10e+00 7.29e-02 +0.313  0.96 | 1.6e+00 4.0e+00 2.659e+00
#306  4603   1 | 1.06e+00 1.05e-01 +0.009  1.01 | 9.70e-01 1.88e-01 +0.217  0.95 | 1.6e+00 4.3e+00 2.038e+00
#307  2566   1 | 9.14e-01 7.28e-03 +0.742  0.99 | 9.51e-01 5.00e-02 +0.103  0.99 | 1.1e+00 3.1e+00 1.722e+00
#308  2887   1 | 1.11e+00 6.43e-03 -0.590  1.01 | 1.13e+00 6.68e-02 +0.180  0.98 | 1.6e+00 3.4e+00 2.498e+00
#309   264   1 | 1.32e+00 8.53e-02 +0.675  0.92 | 1.12e+00 1.17e-01 +0.191  0.97 | 1.6e+00 4.3e+00 2.826e+00
#310  3137   1 | 1.09e+00 1.28e-01 +0.718  0.85 | 1.02e+00 1.45e-01 +0.201  0.96 | 1.6e+00 4.0e+00 2.010e+00
#311  1147   1 | 1.23e+00 6.43e-03 +0.719  0.99 | 9.89e-01 6.73e-02 +0.215  0.98 | 1.7e+00 3.3e+00 2.462e+00
#312   110   1 | 7.04e-01 1.05e-02 +0.497  0.99 | 1.09e+00 5.13e-02 +0.076  1.00 | 1.7e+00 3.5e+00 1.667e+00
#313   278   1 | 9.98e-01 7.07e-02 +0.666  0.91 | 9.45e-01 1.49e-01 +0.162  0.97 | 1.7e+00 3.4e+00 1.778e+00
#314  2443   1 | 1.12e+00 6.90e-02 -0.012  1.01 | 1.01e+00 1.27e-01 +0.152  0.98 | 1.3e+00 4.4e+00 2.259e+00
#315  1852   1 | 1.32e+00 1.29e-02 +0.311  0.99 | 1.02e+00 6.03e-02 +0.117  0.99 | 1.8e+00 4.3e+00 2.754e+00
#316  4567   1 | 1.09e+00 2.51e-03 -0.240  1.00 | 9.68e-01 8.80e-02 +0.241  0.96 | 1.7e+00 3.7e+00 2.092e+00
#317  4514   1 | 1.11e+00 4.61e-02 -0.280  1.02 | 1.06e+00 1.25e-01 +0.266  0.95 | 1.7e+00 3.7e+00 2.329e+00
#318  1048   1 | 1.09e+00 7.87e-03 -0.258  1.00 | 9.37e-01 4.30e-02 +0.044  1.00 | 1.8e+00 4.4e+00 2.064e+00
#319  2046   1 | 1.20e+00 5.31e-02 +0.252  0.98 | 9.11e-01 1.29e-01 +0.151  0.98 | 1.5e+00 4.4e+00 2.232e+00
#320   164   1 | 9.66e-01 9.61e-02 +0.084  0.99 | 1.03e+00 7.54e-02 -0.043  1.01 | 1.9e+00 3.9e+00 2.004e+00
#321  1095   1 | 7.01e-01 1.27e-02 +0.059  1.00 | 1.00e+00 5.98e-02 +0.137  0.99 | 1.9e+00 4.1e+00 1.483e+00
#322  2669   1 | 1.30e+00 2.46e-02 +0.081  1.00 | 9.64e-01 7.66e-02 +0.272  0.96 | 1.4e+00 3.2e+00 2.572e+00
#323  2294   1 | 1.08e+00 5.37e-02 -0.400  1.04 | 9.93e-01 7.97e-02 +0.149  0.98 | 1.7e+00 3.7e+00 2.180e+00
#324  2261   1 | 1.30e+00 2.76e-02 +0.151  0.99 | 1.09e+00 4.30e-02 +0.094  0.99 | 1.5e+00 3.9e+00 2.878e+00
#325   199   1 | 6.23e-01 8.77e-02 -0.167  1.07 | 1.03e+00 9.82e-02 +0.153  0.98 | 1.9e+00 4.0e+00 1.452e+00
#326  4637   1 | 8.13e-01 2.28e-02 -0.691  1.04 | 9.42e-01 8.79e-02 +0.339  0.95 | 1.8e+00 4.0e+00 1.526e+00
#327  1941   1 | 9.62e-01 4.92e-02 +0.062  1.00 | 9.60e-01 1.87e-01 +0.205  0.96 | 1.8e+00 4.6e+00 1.804e+00
#328  2900   1 | 1.05e+00 1.55e-01 +0.209  0.96 | 8.36e-01 2.76e-01 +0.290  0.92 | 1.9e+00 4.7e+00 1.694e+00
#329  3098   1 | 1.07e+00 6.06e-02 -0.005  1.00 | 9.97e-01 1.74e-01 +0.221  0.95 | 1.8e+00 3.7e+00 2.099e+00
#330  3463   1 | 1.05e+00 5.57e-02 +0.765  0.92 | 1.04e+00 5.16e-02 +0.164  0.99 | 1.8e+00 3.4e+00 2.084e+00
#331  1858   1 | 7.39e-01 3.67e-02 +0.332  0.97 | 9.49e-01 1.06e-01 +0.136  0.98 | 1.9e+00 4.2e+00 1.415e+00
#332  2930   1 | 1.02e+00 5.99e-02 +0.108  0.99 | 9.92e-01 6.45e-02 +0.119  0.99 | 1.8e+00 4.8e+00 2.005e+00
#333  4555   1 | 1.18e+00 1.29e-02 +0.738  0.98 | 1.17e+00 1.33e-01 +0.362  0.93 | 1.8e+00 4.2e+00 2.629e+00
#334  2130   1 | 5.70e-01 4.87e-02 -0.222  1.05 | 9.77e-01 9.83e-02 +0.185  0.97 | 1.5e+00 2.6e+00 1.270e+00
#335  2993   1 | 1.09e+00 8.88e-02 +0.109  0.99 | 9.82e-01 5.33e-02 +0.122  0.99 | 1.9e+00 3.0e+00 2.132e+00
#336  2534   1 | 6.58e-01 1.99e-01 +0.011  1.08 | 1.07e+00 2.97e-01 +0.267  0.93 | 1.5e+00 5.5e+00 1.532e+00
#337  3807   1 | 9.82e-01 1.71e-02 +0.268  0.99 | 1.07e+00 7.58e-02 +0.266  0.97 | 1.9e+00 3.4e+00 2.074e+00
#338   238   1 | 5.96e-01 3.13e-02 +0.641  0.94 | 1.08e+00 6.50e-02 +0.085  0.99 | 1.9e+00 3.9e+00 1.499e+00
#339  2718   1 | 1.04e+00 7.19e-02 -0.038  1.01 | 1.02e+00 2.02e-01 +0.246  0.94 | 1.5e+00 4.2e+00 2.064e+00
#340  4853   1 | 8.73e-01 4.40e-02 +0.539  0.95 | 9.15e-01 9.81e-02 +0.164  0.98 | 1.9e+00 4.4e+00 1.540e+00
#341  1096   1 | 5.46e-01 1.01e-01 +0.370  0.90 | 1.03e+00 1.00e-01 +0.216  0.97 | 1.9e+00 3.3e+00 1.291e+00
#342  4358   1 | 9.97e-01 1.28e-01 -0.134  1.05 | 8.61e-01 1.05e-01 +0.292  0.94 | 1.9e+00 5.5e+00 1.745e+00
#343  1185   1 | 8.22e-01 1.66e-02 -0.734  1.03 | 1.01e+00 6.37e-02 +0.067  1.00 | 2.0e+00 3.7e+00 1.717e+00
#344  1643   1 | 1.34e+00 7.45e-02 +0.690  0.93 | 1.00e+00 7.70e-02 +0.016  1.00 | 1.9e+00 4.1e+00 2.684e+00
#345  1138   1 | 1.65e+00 1.72e-01 +0.199  0.97 | 9.65e-01 2.37e-01 +0.255  0.94 | 2.0e+00 4.2e+00 3.523e+00
#346  4889   1 | 9.59e-01 2.38e-01 +0.703  0.71 | 1.04e+00 2.95e-01 +0.183  0.98 | 2.0e+00 5.3e+00 1.716e+00
#347  1434   1 | 1.11e+00 8.53e-02 -0.048  1.01 | 9.80e-01 8.93e-02 +0.389  0.94 | 2.0e+00 4.0e+00 2.154e+00
#348  1763   1 | 7.29e-01 1.32e-01 +0.262  0.94 | 9.46e-01 1.89e-01 +0.148  0.98 | 1.7e+00 4.8e+00 1.376e+00
#349  2723   1 | 1.30e+00 2.09e-02 +0.737  0.98 | 1.04e+00 8.16e-02 +0.186  0.98 | 1.8e+00 3.4e+00 2.705e+00
#350  4836   1 | 9.55e-01 1.81e-02 -0.058  1.00 | 1.06e+00 1.26e-01 +0.333  0.93 | 2.1e+00 4.0e+00 1.961e+00
#351  2885   1 | 1.18e+00 4.87e-02 -0.437  1.04 | 9.58e-01 9.97e-02 +0.010  1.01 | 1.8e+00 4.9e+00 2.367e+00
#352   125   1 | 9.07e-01 2.08e-01 +0.116  1.00 | 9.18e-01 8.30e-02 +0.100  0.99 | 2.1e+00 5.1e+00 1.656e+00
#353  3548   1 | 1.01e+00 1.55e-01 +0.896  0.75 | 1.08e+00 2.93e-01 +0.221  0.95 | 2.1e+00 4.5e+00 1.891e+00
#354  4782   1 | 4.67e-01 4.14e-02 +0.120  0.99 | 9.87e-01 1.14e-01 +0.356  0.93 | 2.2e+00 4.5e+00 1.122e+00
#355  2100   1 | 9.71e-01 3.02e-02 -0.454  1.03 | 1.02e+00 6.23e-02 +0.033  1.00 | 1.7e+00 4.3e+00 2.006e+00
#356   515   1 | 5.12e-01 8.76e-03 -0.178  1.01 | 9.97e-01 5.08e-02 +0.024  1.00 | 2.1e+00 3.8e+00 1.258e+00
#357    99   1 | 9.57e-01 9.51e-02 +0.494  0.91 | 1.07e+00 7.45e-02 +0.073  0.99 | 2.2e+00 3.9e+00 1.984e+00
#358  4448   1 | 1.13e+00 4.70e-02 +0.216  0.98 | 1.05e+00 1.41e-01 +0.367  0.92 | 2.3e+00 3.6e+00 2.268e+00
#359  2084   1 | 1.29e+00 1.38e-01 +0.238  0.96 | 9.27e-01 2.09e-01 +0.207  0.96 | 1.5e+00 4.6e+00 2.432e+00
#360   691   1 | 1.40e+00 2.65e-01 +0.593  0.81 | 1.01e+00 2.69e-01 -0.064  1.10 | 2.1e+00 4.8e+00 2.727e+00
#361  4578   1 | 1.01e+00 2.00e-01 -0.040  1.05 | 1.13e+00 9.60e-02 +0.287  0.96 | 2.4e+00 3.5e+00 2.314e+00
#362   753   1 | 1.38e+00 2.04e-01 +0.162  0.97 | 1.03e+00 9.95e-02 +0.055  1.00 | 1.9e+00 4.0e+00 2.905e+00
#363  4871   1 | 7.50e-01 2.93e-01 +0.514  0.75 | 9.59e-01 2.33e-01 +0.250  0.94 | 2.4e+00 3.9e+00 1.284e+00
#364  3278   1 | 1.12e+00 9.45e-02 +0.651  0.90 | 9.75e-01 1.47e-01 +0.103  0.99 | 1.5e+00 3.9e+00 2.068e+00
#365   755   1 | 8.53e-01 1.39e-01 +0.279  0.94 | 9.10e-01 1.36e-01 +0.083  1.00 | 1.8e+00 3.9e+00 1.506e+00
#366  2311   1 | 4.49e-01 7.56e-02 +0.210  0.96 | 1.00e+00 2.27e-01 +0.235  0.94 | 2.0e+00 4.6e+00 1.141e+00
#367  4647   1 | 1.30e+00 1.00e-01 +0.028  1.00 | 1.08e+00 6.30e-02 +0.406  0.96 | 2.4e+00 3.5e+00 2.810e+00
#368  2053   1 | 4.95e-01 1.76e-02 +0.097  0.99 | 1.12e+00 1.01e-01 +0.123  0.99 | 1.3e+00 2.7e+00 1.474e+00
#369  3501   1 | 1.14e+00 1.08e-01 -0.231  1.05 | 9.43e-01 3.29e-01 +0.240  0.95 | 2.3e+00 5.2e+00 2.220e+00
#370  1442   1 | 9.58e-01 3.21e-02 -0.309  1.02 | 1.07e+00 6.94e-02 +0.105  0.99 | 2.4e+00 3.5e+00 2.081e+00
#371  2102   1 | 9.71e-01 3.18e-02 -0.096  1.01 | 1.02e+00 7.74e-02 +0.014  1.00 | 1.8e+00 4.7e+00 1.989e+00
#372   839   1 | 1.20e+00 3.36e-01 +0.571  0.76 | 1.05e+00 1.94e-01 +0.152  0.98 | 2.4e+00 3.9e+00 2.191e+00
#373  4775   1 | 1.31e+00 2.72e-02 +0.071  1.00 | 1.08e+00 1.27e-01 +0.332  0.94 | 2.4e+00 4.7e+00 2.793e+00
#374  3627   1 | 5.23e-01 3.90e-02 -0.309  1.05 | 9.97e-01 1.62e-01 +0.256  0.94 | 2.4e+00 4.1e+00 1.226e+00
#375  1386   1 | 9.60e-01 1.20e-01 +0.363  0.92 | 9.60e-01 1.30e-01 +0.201  0.96 | 2.5e+00 3.5e+00 1.741e+00
#376  2515   1 | 1.04e+00 1.21e-01 +0.818  0.82 | 1.08e+00 3.59e-01 +0.188  0.99 | 1.2e+00 5.5e+00 2.047e+00
#377   869   1 | 1.31e+00 4.36e-02 -0.279  1.02 | 1.01e+00 1.06e-01 +0.171  0.98 | 2.3e+00 2.9e+00 2.753e+00
#378  4290   1 | 6.06e-01 9.35e-02 +0.088  1.00 | 1.08e+00 1.50e-01 +0.141  0.98 | 2.5e+00 5.6e+00 1.517e+00
#379   529   1 | 4.94e-01 6.44e-02 +0.026  1.01 | 1.12e+00 6.59e-02 +0.108  0.99 | 2.2e+00 3.8e+00 1.483e+00
#380  4581   1 | 1.21e+00 5.19e-02 -0.042  1.01 | 9.11e-01 1.66e-01 +0.282  0.93 | 2.5e+00 4.2e+00 2.244e+00
#381  2012   1 | 7.40e-01 1.51e-01 +0.288  0.92 | 9.49e-01 1.79e-01 +0.170  0.97 | 2.1e+00 4.9e+00 1.382e+00
#382  1434   1 | 1.02e+00 1.58e-01 -0.049  1.04 | 1.13e+00 7.46e-02 +0.082  0.99 | 2.5e+00 3.4e+00 2.351e+00
#383  3064   1 | 1.31e+00 4.52e-01 +0.661  0.66 | 1.12e+00 2.67e-01 +0.261  0.93 | 2.3e+00 4.5e+00 2.305e+00
#384  3893   1 | 5.79e-01 8.96e-02 +0.539  0.86 | 1.04e+00 6.97e-02 +0.213  0.98 | 2.6e+00 3.1e+00 1.347e+00
#385   275   1 | 7.01e-01 7.63e-02 +0.036  1.00 | 1.00e+00 6.30e-02 +0.066  1.00 | 2.5e+00 3.5e+00 1.494e+00
#386   603   1 | 1.35e+00 2.89e-01 +0.690  0.75 | 1.00e+00 7.10e-02 -0.014  1.01 | 2.4e+00 5.0e+00 2.371e+00
#387   271   1 | 1.38e+00 3.16e-01 +0.157  0.98 | 1.03e+00 7.67e-02 +0.080  0.99 | 2.7e+00 4.5e+00 2.912e+00
#388  3522   1 | 1.17e+00 2.61e-01 -0.437  1.25 | 1.17e+00 1.13e-01 +0.346  0.94 | 2.5e+00 4.7e+00 2.981e+00
#389  3062   1 | 1.29e+00 5.57e-01 +0.217  1.00 | 9.27e-01 2.71e-01 +0.203  0.97 | 2.2e+00 5.2e+00 2.496e+00
#390  4801   1 | 1.03e+00 2.59e-01 +0.194  0.97 | 8.36e-01 2.60e-01 +0.351  0.88 | 2.4e+00 4.4e+00 1.640e+00
#391  2211   1 | 1.08e+00 1.68e-01 +0.549  0.85 | 9.68e-01 1.00e-01 +0.246  0.96 | 1.9e+00 3.6e+00 1.897e+00
#392    36   1 | 9.75e-01 7.09e-01 +0.702  0.51 | 1.04e+00 3.36e-01 +0.113  1.03 | 2.5e+00 5.2e+00 1.603e+00
#393  2083   1 | 1.15e+00 3.52e-02 -0.116  1.01 | 9.43e-01 1.41e-01 +0.260  0.94 | 1.7e+00 4.3e+00 2.163e+00
#394   263   1 | 4.70e-01 5.14e-03 +0.041  1.00 | 9.87e-01 5.62e-02 +0.191  0.98 | 2.5e+00 3.2e+00 1.177e+00
#395  2662   1 | 1.11e+00 4.50e-01 +0.105  1.08 | 9.80e-01 3.22e-01 +0.375  0.86 | 1.7e+00 5.1e+00 2.148e+00
#396  1460   1 | 1.09e+00 7.77e-02 +0.125  0.99 | 9.37e-01 6.79e-02 +0.111  0.99 | 2.5e+00 3.4e+00 2.038e+00
#397   890   1 | 9.98e-01 3.73e-01 +0.669  0.64 | 9.45e-01 2.26e-01 +0.194  0.96 | 2.4e+00 4.8e+00 1.499e+00
#398  1010   1 | 1.40e+00 3.84e-01 +0.590  0.75 | 1.01e+00 2.10e-01 -0.041  1.06 | 1.9e+00 5.1e+00 2.564e+00
#399   375   1 | 1.11e+00 1.63e-01 +0.724  0.81 | 1.02e+00 1.31e-01 +0.153  0.98 | 2.5e+00 4.4e+00 2.007e+00
#400  1821   1 | 1.14e+00 2.73e-01 +0.695  0.72 | 9.75e-01 1.65e-01 +0.058  1.01 | 2.0e+00 4.3e+00 1.902e+00
#401  1346   1 | 1.07e+00 1.46e-02 +0.145  1.00 | 9.70e-01 5.01e-02 -0.014  1.00 | 2.6e+00 4.1e+00 2.089e+00
#402  3405   1 | 5.91e-01 1.83e-01 +0.230  0.95 | 1.05e+00 1.28e-01 +0.184  0.97 | 1.8e+00 3.0e+00 1.407e+00
#403  2834   1 | 1.09e+00 1.18e-01 +0.132  0.98 | 9.82e-01 6.41e-02 +0.106  0.99 | 1.8e+00 3.5e+00 2.133e+00
#404  4086   1 | 1.21e+00 6.54e-01 +0.765  0.46 | 9.89e-01 2.49e-01 +0.173  0.98 | 2.2e+00 4.9e+00 1.632e+00
#405  3489   1 | 1.05e+00 7.70e-02 +0.771  0.89 | 1.04e+00 6.97e-02 +0.102  0.99 | 1.6e+00 4.1e+00 2.055e+00
#406  3403   1 | 9.56e-01 1.03e-01 -0.063  1.03 | 1.06e+00 1.79e-01 +0.332  0.92 | 1.6e+00 4.1e+00 1.975e+00
#407  1910   1 | 1.13e+00 2.33e-02 -0.393  1.02 | 1.05e+00 8.32e-02 +0.331  0.95 | 2.3e+00 4.0e+00 2.354e+00
#408  1279   1 | 8.89e-01 3.03e-02 +0.397  0.97 | 9.15e-01 1.09e-01 -0.058  1.03 | 2.7e+00 3.9e+00 1.630e+00
#409   732   1 | 8.53e-01 6.13e-01 +0.247  1.16 | 9.10e-01 1.37e-01 +0.082  1.00 | 2.8e+00 4.6e+00 1.670e+00
#410  1492   1 | 1.08e+00 2.86e-01 -0.152  1.15 | 9.97e-01 1.55e-01 +0.208  0.96 | 2.5e+00 3.9e+00 2.288e+00
#411  2191   1 | 1.18e+00 1.95e-01 +0.452  0.88 | 9.58e-01 1.14e-01 +0.029  1.01 | 1.8e+00 3.9e+00 2.144e+00
#412  2721   1 | 6.31e-01 6.73e-02 -0.118  1.04 | 1.03e+00 8.12e-02 +0.100  0.99 | 1.8e+00 4.3e+00 1.461e+00
#413  1707   1 | 1.11e+00 1.37e-02 -0.176  1.00 | 1.06e+00 5.78e-02 -0.028  1.01 | 2.2e+00 4.1e+00 2.361e+00
#414  3320   1 | 1.03e+00 1.62e-01 +0.289  0.93 | 1.02e+00 2.54e-01 +0.265  0.93 | 1.7e+00 4.8e+00 1.955e+00
#415  2449   1 | 8.26e-01 2.23e-01 +0.724  0.68 | 1.01e+00 1.11e-01 +0.117  0.99 | 1.6e+00 3.9e+00 1.478e+00
#416  3979   1 | 5.76e-01 1.76e-01 +0.220  0.96 | 9.77e-01 2.29e-01 +0.355  0.89 | 2.2e+00 4.0e+00 1.167e+00
#417  4099   1 | 1.05e+00 1.17e-01 +0.487  0.90 | 1.03e+00 1.83e-01 +0.073  1.01 | 2.5e+00 4.3e+00 2.063e+00
#418  3210   1 | 9.58e-01 2.28e-02 +0.111  1.00 | 1.03e+00 1.30e-01 +0.055  1.00 | 1.8e+00 4.2e+00 1.980e+00
#419   842   1 | 8.24e-01 5.43e-01 +0.405  0.90 | 9.42e-01 2.50e-01 -0.019  1.08 | 2.5e+00 4.9e+00 1.569e+00
#420  4140   1 | 6.58e-01 6.54e-01 +0.010  1.97 | 1.07e+00 2.94e-01 +0.141  1.00 | 2.2e+00 4.8e+00 1.994e+00
#421  2636   1 | 1.12e+00 9.45e-02 +0.016  1.00 | 1.01e+00 7.56e-02 +0.204  0.98 | 1.5e+00 4.6e+00 2.257e+00
#422   983   1 | 9.98e-01 1.93e-01 +0.136  0.98 | 8.61e-01 1.12e-01 +0.055  1.00 | 2.1e+00 4.7e+00 1.725e+00
#423   937   1 | 9.69e-01 3.05e-02 -0.121  1.01 | 1.06e+00 6.12e-02 -0.015  1.01 | 2.3e+00 3.6e+00 2.073e+00
#424  2123   1 | 9.08e-01 2.97e-02 +0.106  0.99 | 9.18e-01 2.06e-01 +0.184  0.97 | 1.6e+00 4.3e+00 1.634e+00
#425  4858   1 | 1.32e+00 1.84e-01 -0.264  1.09 | 1.09e+00 2.07e-01 +0.276  0.93 | 2.1e+00 4.6e+00 3.010e+00
#426  4178   1 | 9.93e-01 2.39e-02 -0.571  1.03 | 1.07e+00 1.51e-01 +0.334  0.93 | 1.9e+00 4.8e+00 2.084e+00
#427  2885   1 | 1.66e+00 2.53e-01 +0.170  0.97 | 9.65e-01 2.04e-01 +0.316  0.91 | 1.5e+00 4.7e+00 3.522e+00
#428  2427   1 | 7.76e-01 5.97e-02 +0.355  0.95 | 9.59e-01 2.19e-01 +0.202  0.96 | 1.3e+00 5.0e+00 1.456e+00
#429  4962   1 | 5.27e-01 2.02e-01 +0.361  0.87 | 1.03e+00 9.95e-02 +0.346  0.94 | 1.8e+00 4.2e+00 1.239e+00
#430  4968   1 | 1.31e+00 1.34e-01 -0.149  1.04 | 1.02e+00 1.17e-01 +0.240  0.96 | 1.7e+00 4.7e+00 2.791e+00
#431  2089   1 | 1.22e+00 1.27e-02 -0.404  1.01 | 1.10e+00 7.30e-02 +0.292  0.97 | 1.3e+00 4.2e+00 2.687e+00
#432  3874   1 | 8.79e-01 3.37e-02 +0.781  0.94 | 9.51e-01 1.37e-01 +0.377  0.91 | 1.6e+00 3.5e+00 1.552e+00
#433   994   1 | 1.10e+00 2.92e-02 +0.123  0.99 | 1.08e+00 7.26e-02 +0.101  0.99 | 1.8e+00 3.6e+00 2.354e+00
#434  3916   1 | 8.41e-01 3.65e-01 +0.389  0.85 | 9.54e-01 4.05e-01 +0.296  0.93 | 1.5e+00 6.0e+00 1.447e+00
#435  3501   1 | 7.31e-01 7.45e-03 +0.423  0.99 | 1.09e+00 5.01e-02 +0.125  0.99 | 1.4e+00 4.5e+00 1.702e+00
#436  2194   1 | 1.12e+00 1.94e-02 +0.481  0.98 | 1.13e+00 4.40e-02 +0.073  1.00 | 1.4e+00 3.2e+00 2.506e+00
#437    57   1 | 1.14e+00 5.64e-03 +0.052  1.00 | 9.88e-01 5.08e-02 -0.096  1.01 | 1.7e+00 4.6e+00 2.293e+00
#438   697   1 | 1.31e+00 6.76e-02 +0.644  0.94 | 1.04e+00 8.19e-02 +0.148  0.98 | 1.6e+00 3.4e+00 2.658e+00
#439  2832   1 | 1.30e+00 2.35e-02 -0.034  1.00 | 9.64e-01 8.97e-02 +0.281  0.96 | 1.3e+00 4.0e+00 2.574e+00
#440  1302   1 | 1.08e+00 9.17e-02 +0.397  0.94 | 9.93e-01 9.48e-02 +0.013  1.01 | 1.6e+00 4.3e+00 2.089e+00
#441  4376   1 | 1.03e+00 4.14e-02 -0.155  1.01 | 9.92e-01 9.13e-02 +0.206  0.97 | 1.5e+00 3.9e+00 2.032e+00
#442  1226   1 | 7.28e-01 2.20e-01 +0.240  0.95 | 9.46e-01 2.51e-01 +0.157  0.99 | 1.7e+00 5.7e+00 1.386e+00
#443  1764   1 | 4.47e-01 1.35e-02 +0.072  1.00 | 1.00e+00 7.88e-02 +0.262  0.97 | 1.4e+00 2.5e+00 1.167e+00
#444  4470   1 | 1.09e+00 4.46e-01 +0.536  0.73 | 9.68e-01 2.77e-01 +0.173  0.98 | 1.6e+00 4.8e+00 1.784e+00
#445  4647   1 | 1.12e+00 5.31e-02 -0.017  1.00 | 1.01e+00 9.26e-02 +0.234  0.97 | 1.6e+00 4.2e+00 2.238e+00
#446   840   1 | 9.07e-01 6.05e-02 +0.123  0.99 | 9.18e-01 8.41e-02 +0.141  0.98 | 1.8e+00 4.0e+00 1.640e+00
#447   431   1 | 9.57e-01 8.86e-03 +0.472  0.99 | 1.07e+00 5.94e-02 +0.109  0.99 | 1.9e+00 3.7e+00 2.052e+00
#448  1050   1 | 1.08e+00 1.28e-01 +0.398  0.92 | 9.93e-01 7.73e-02 +0.012  1.00 | 1.7e+00 3.9e+00 2.064e+00
#449  3373   1 | 5.80e-01 1.37e-02 -0.161  1.01 | 9.77e-01 1.21e-01 +0.361  0.93 | 1.4e+00 3.9e+00 1.223e+00
#450  3851   1 | 8.56e-01 2.37e-01 -0.416  1.31 | 9.42e-01 2.12e-01 +0.169  0.97 | 1.6e+00 3.8e+00 1.822e+00
#451  2293   1 | 1.23e+00 8.02e-02 +0.774  0.90 | 9.89e-01 1.13e-01 +0.226  0.96 | 1.4e+00 4.0e+00 2.302e+00
#452  2508   1 | 6.58e-01 1.37e-01 +0.008  1.04 | 1.07e+00 2.13e-01 +0.277  0.93 | 1.3e+00 4.5e+00 1.514e+00
#453  4411   1 | 1.07e+00 5.75e-02 +0.527  0.95 | 1.03e+00 1.23e-01 +0.081  0.99 | 1.6e+00 3.7e+00 2.134e+00
#454  3239   1 | 5.88e-01 2.08e-02 +0.209  0.99 | 1.05e+00 5.78e-02 +0.219  0.98 | 1.5e+00 4.1e+00 1.426e+00
#455  4803   1 | 1.29e+00 2.26e-01 -0.017  1.04 | 9.64e-01 2.33e-01 +0.311  0.91 | 1.5e+00 4.5e+00 2.568e+00
#456   189   1 | 1.29e+00 1.19e-02 -0.157  1.00 | 1.08e+00 4.32e-02 -0.045  1.01 | 1.7e+00 4.5e+00 2.848e+00
#457  1422   1 | 5.54e-01 9.29e-02 -0.491  1.19 | 1.04e+00 1.17e-01 +0.032  1.01 | 1.7e+00 4.3e+00 1.458e+00
#458  4019   1 | 1.04e+00 1.32e-01 +0.764  0.82 | 1.04e+00 5.75e-02 +0.246  0.98 | 1.6e+00 5.3e+00 1.941e+00
#459  3215   1 | 1.03e+00 6.80e-02 -0.036  1.01 | 1.13e+00 9.62e-02 +0.238  0.97 | 1.4e+00 4.4e+00 2.309e+00
#460  2227   1 | 1.32e+00 2.66e-01 +0.666  0.77 | 1.12e+00 2.75e-01 +0.234  0.95 | 1.5e+00 4.5e+00 2.529e+00
#461  4817   1 | 9.83e-01 5.06e-01 +0.659  0.59 | 9.45e-01 3.47e-01 +0.179  1.00 | 1.6e+00 5.7e+00 1.464e+00
#462  2503   1 | 7.05e-01 1.46e-02 +0.062  1.00 | 1.00e+00 6.68e-02 +0.202  0.98 | 1.4e+00 3.0e+00 1.477e+00
#463   356   1 | 4.70e-01 5.56e-02 +0.101  0.99 | 9.87e-01 4.20e-02 +0.238  0.98 | 2.1e+00 3.0e+00 1.175e+00
#464  1260   1 | 1.00e+00 1.46e-01 +0.373  0.91 | 1.07e+00 1.24e-01 +0.179  0.97 | 2.0e+00 3.0e+00 2.039e+00
#465  1565   1 | 1.04e+00 1.39e-01 +0.281  0.94 | 1.02e+00 1.81e-01 +0.137  0.98 | 2.1e+00 3.6e+00 2.045e+00
#466  4985   1 | 1.15e+00 1.01e-01 +0.031  1.00 | 9.88e-01 1.78e-01 +0.420  0.88 | 2.0e+00 3.7e+00 2.183e+00
#467   741   1 | 1.35e+00 1.09e-01 +0.692  0.89 | 1.00e+00 1.05e-01 -0.037  1.02 | 1.9e+00 4.3e+00 2.645e+00
#468  3662   1 | 1.09e+00 3.01e-01 +0.108  1.02 | 9.80e-01 3.21e-01 +0.357  0.87 | 2.0e+00 5.5e+00 2.039e+00
#469   223   1 | 7.71e-01 8.67e-02 +0.375  0.93 | 9.59e-01 7.76e-02 +0.061  1.00 | 2.1e+00 4.1e+00 1.468e+00
#470  4499   1 | 1.65e+00 5.41e-01 +0.170  1.00 | 9.65e-01 4.04e-01 +0.305  0.92 | 2.0e+00 5.6e+00 3.582e+00
#471   895   1 | 9.71e-01 3.14e-01 +0.242  0.95 | 1.02e+00 1.21e-01 -0.006  1.02 | 2.1e+00 4.0e+00 1.946e+00
#472  2100   1 | 1.04e+00 4.68e-01 +0.800  0.48 | 1.08e+00 3.46e-01 +0.181  0.99 | 2.1e+00 4.8e+00 1.686e+00
#473  1389   1 | 5.46e-01 1.12e-01 +0.381  0.89 | 1.03e+00 8.60e-02 +0.202  0.97 | 2.1e+00 4.4e+00 1.295e+00
#474  1496   1 | 1.14e+00 3.67e-01 +0.694  0.66 | 9.75e-01 2.18e-01 +0.059  1.02 | 2.0e+00 5.0e+00 1.829e+00
#475  2187   1 | 1.29e+00 1.95e-01 +0.274  0.94 | 9.27e-01 9.40e-02 +0.253  0.96 | 2.1e+00 4.6e+00 2.398e+00
#476  3062   1 | 8.98e-01 4.54e-01 +0.410  0.84 | 9.15e-01 2.00e-01 -0.099  1.09 | 2.0e+00 3.9e+00 1.592e+00
#477  3877   1 | 1.10e+00 1.12e-01 +0.361  0.94 | 1.05e+00 2.67e-01 +0.289  0.92 | 2.0e+00 4.5e+00 2.137e+00
#478  2607   1 | 1.08e+00 1.31e-01 -0.030  1.02 | 9.70e-01 1.19e-01 +0.119  0.99 | 2.1e+00 4.0e+00 2.112e+00
#479  1650   1 | 1.12e+00 1.47e-02 +0.526  0.99 | 1.13e+00 6.44e-02 +0.110  0.99 | 2.2e+00 2.7e+00 2.510e+00
#480  1747   1 | 4.95e-01 8.36e-02 +0.049  1.01 | 1.12e+00 5.91e-02 +0.112  0.99 | 2.2e+00 3.4e+00 1.485e+00
#481  1978   1 | 9.20e-01 5.60e-02 +0.809  0.91 | 9.51e-01 7.15e-02 -0.001  1.01 | 2.2e+00 4.0e+00 1.675e+00
#482  4710   1 | 1.22e+00 4.83e-02 +0.304  0.98 | 1.10e+00 9.76e-02 +0.299  0.95 | 2.1e+00 3.0e+00 2.621e+00
#483   855   1 | 5.96e-01 4.28e-03 -0.244  1.00 | 1.08e+00 7.37e-02 +0.129  0.99 | 2.2e+00 2.9e+00 1.516e+00
#484  2576   1 | 1.02e+00 1.64e-01 -0.167  1.08 | 9.92e-01 5.74e-02 +0.077  0.99 | 2.1e+00 3.7e+00 2.106e+00
#485  4709   1 | 1.10e+00 1.05e-01 -0.286  1.06 | 1.06e+00 1.12e-01 +0.347  0.94 | 2.0e+00 2.8e+00 2.341e+00
#486  3924   1 | 1.28e+00 1.04e+00 +0.157  1.41 | 1.01e+00 3.21e-01 +0.400  0.85 | 2.1e+00 5.7e+00 3.160e+00
#487  1230   1 | 1.40e+00 5.66e-01 +0.590  0.69 | 1.01e+00 1.27e-01 -0.042  1.03 | 2.2e+00 5.0e+00 2.401e+00
#488  1699   1 | 1.15e+00 4.77e-02 +0.015  1.00 | 9.43e-01 6.52e-02 +0.250  0.97 | 2.2e+00 3.7e+00 2.176e+00
#489  4234   1 | 8.29e-01 6.94e-01 +0.377  1.07 | 9.54e-01 4.26e-01 +0.295  0.94 | 2.0e+00 5.8e+00 1.586e+00
#490  1717   1 | 1.04e+00 4.55e-01 +0.209  1.01 | 8.36e-01 2.14e-01 +0.219  0.95 | 2.1e+00 3.8e+00 1.761e+00
#491  1502   1 | 1.09e+00 1.38e-01 +0.103  0.99 | 9.37e-01 7.41e-02 +0.165  0.98 | 2.1e+00 4.1e+00 2.033e+00
#492  3137   1 | 6.37e-01 1.62e-01 -0.134  1.13 | 1.03e+00 7.52e-02 +0.182  0.98 | 2.0e+00 3.7e+00 1.496e+00
#493  1162   1 | 1.38e+00 6.82e-02 +0.146  0.99 | 1.03e+00 6.01e-02 +0.023  1.00 | 2.2e+00 3.4e+00 2.934e+00
#494  4964   1 | 8.00e-01 1.83e-01 +0.713  0.73 | 1.01e+00 9.57e-02 +0.257  0.96 | 1.9e+00 4.3e+00 1.451e+00
#495  2959   1 | 1.10e+00 4.19e-01 +0.722  0.59 | 1.02e+00 2.62e-01 +0.157  0.99 | 1.8e+00 4.8e+00 1.736e+00
#496  3195   1 | 9.81e-01 1.19e-02 +0.098  1.00 | 1.06e+00 7.91e-02 +0.075  0.99 | 1.8e+00 3.4e+00 2.073e+00
#497  3642   1 | 9.54e-01 9.68e-02 -0.060  1.02 | 1.06e+00 1.87e-01 +0.298  0.93 | 1.8e+00 5.2e+00 1.979e+00
#498  3948   1 | 1.29e+00 4.61e-02 +0.637  0.96 | 1.04e+00 7.30e-02 +0.194  0.98 | 1.8e+00 4.6e+00 2.641e+00
#499  1792   1 | 9.61e-01 1.05e-01 +0.498  0.90 | 9.60e-01 2.75e-01 +0.227  0.95 | 1.9e+00 5.5e+00 1.712e+00
#500   275   1 | 1.17e+00 1.05e-01 +0.510  0.92 | 1.17e+00 7.06e-02 +0.199  0.98 | 2.1e+00 3.5e+00 2.594e+00
#501   665   1 | 1.31e+00 9.27e-03 +0.443  0.99 | 1.09e+00 3.16e-02 -0.054  1.00 | 2.2e+00 3.9e+00 2.899e+00
#502  2982   1 | 1.19e+00 4.65e-02 +0.292  0.98 | 9.11e-01 6.09e-02 +0.239  0.97 | 1.7e+00 3.6e+00 2.200e+00
#503  3100   1 | 1.18e+00 3.96e-01 +0.455  0.81 | 9.58e-01 2.35e-01 +0.031  1.04 | 1.9e+00 4.4e+00 2.081e+00
#504   675   1 | 7.38e-01 7.85e-02 +0.297  0.95 | 9.49e-01 1.05e-01 +0.127  0.98 | 2.2e+00 3.3e+00 1.403e+00
#505     1   1 | 1.11e+00 8.77e-03 +0.098  1.00 | 9.82e-01 6.10e-02 -0.014  1.01 | 2.0e+00 4.4e+00 2.198e+00
#506  2740   1 | 9.81e-01 4.63e-01 +0.706  0.56 | 1.04e+00 2.70e-01 +0.217  0.95 | 1.7e+00 4.9e+00 1.573e+00
#507  4058   1 | 1.00e+00 2.22e-02 -0.142  1.01 | 8.61e-01 9.85e-02 +0.231  0.96 | 1.7e+00 4.0e+00 1.720e+00
#508  4798   1 | 1.32e+00 5.53e-02 -0.173  1.02 | 1.02e+00 1.96e-01 +0.175  0.97 | 1.7e+00 3.9e+00 2.767e+00
#509   412   1 | 5.12e-01 1.33e-01 -0.124  1.13 | 9.97e-01 4.92e-02 -0.031  1.01 | 2.0e+00 3.5e+00 1.296e+00
#510  4596   1 | 8.44e-01 1.40e-01 +0.254  0.94 | 9.10e-01 1.68e-01 +0.255  0.94 | 1.8e+00 4.9e+00 1.450e+00
#511  2818   1 | 1.10e+00 1.46e-01 +0.125  0.98 | 1.08e+00 1.13e-01 +0.181  0.97 | 1.9e+00 4.6e+00 2.323e+00
#512  1900   1 | 1.20e+00 2.57e-01 +0.526  0.82 | 1.05e+00 3.75e-01 +0.158  1.01 | 2.0e+00 5.5e+00 2.313e+00
#513  2196   1 | 9.63e-01 9.80e-02 +0.032  1.00 | 1.03e+00 8.27e-02 -0.004  1.01 | 1.9e+00 3.7e+00 2.003e+00
#514   769   1 | 4.46e-01 6.69e-02 +0.065  1.00 | 1.00e+00 1.55e-01 +0.239  0.95 | 2.1e+00 3.7e+00 1.153e+00
#515  3011   1 | 1.07e+00 1.21e-01 -0.147  1.05 | 9.97e-01 1.51e-01 +0.204  0.96 | 1.8e+00 4.1e+00 2.157e+00
#516   686   1 | 7.28e-01 2.16e-01 +0.247  0.94 | 9.46e-01 1.45e-01 +0.161  0.97 | 2.2e+00 4.0e+00 1.371e+00
#517  4511   1 | 6.98e-01 1.50e-02 -0.528  1.02 | 1.09e+00 6.92e-02 +0.263  0.97 | 1.7e+00 3.6e+00 1.647e+00
#518  1905   1 | 1.08e+00 2.89e-02 -0.361  1.02 | 9.93e-01 9.20e-02 +0.051  1.00 | 1.8e+00 3.9e+00 2.173e+00
#519  4255   1 | 1.11e+00 2.63e-01 +0.379  0.88 | 1.05e+00 1.86e-01 +0.312  0.92 | 1.7e+00 4.0e+00 2.099e+00
#520  2872   1 | 9.82e-01 6.20e-01 +0.707  0.51 | 1.04e+00 3.68e-01 +0.188  0.99 | 2.0e+00 5.3e+00 1.565e+00
#521  2049   1 | 7.30e-01 1.93e-01 +0.255  0.94 | 9.46e-01 1.22e-01 +0.157  0.98 | 2.0e+00 4.1e+00 1.371e+00
#522  2523   1 | 1.13e+00 2.19e-02 -0.643  1.03 | 9.75e-01 1.38e-01 +0.064  1.00 | 1.9e+00 5.0e+00 2.272e+00
#523  2887   1 | 8.63e-01 2.17e-01 +0.250  0.94 | 9.10e-01 1.14e-01 +0.092  0.99 | 2.0e+00 4.3e+00 1.521e+00
#524  3368   1 | 5.74e-01 9.30e-02 +0.531  0.85 | 1.04e+00 7.06e-02 -0.006  1.01 | 1.9e+00 4.4e+00 1.374e+00
#525  1146   1 | 9.57e-01 1.17e-01 +0.526  0.89 | 1.07e+00 1.03e-01 +0.112  0.99 | 2.1e+00 4.0e+00 1.953e+00
#526   803   1 | 1.29e+00 1.45e-01 +0.011  1.01 | 1.08e+00 5.39e-02 -0.041  1.01 | 2.1e+00 4.2e+00 2.860e+00
#527  2181   1 | 6.01e-01 1.97e-02 +0.574  0.96 | 1.08e+00 6.06e-02 +0.095  0.99 | 2.0e+00 4.0e+00 1.514e+00
#528  4301   1 | 1.14e+00 3.09e-01 -0.028  1.09 | 9.88e-01 2.06e-01 +0.317  0.91 | 1.7e+00 3.8e+00 2.308e+00
#529  4668   1 | 6.58e-01 1.31e-01 +0.008  1.04 | 1.07e+00 5.35e-02 +0.299  0.97 | 1.8e+00 4.7e+00 1.561e+00
#530  1448   1 | 9.71e-01 1.82e-01 +0.244  0.94 | 1.02e+00 7.77e-02 -0.035  1.01 | 2.0e+00 4.0e+00 1.937e+00
#531  2590   1 | 6.30e-01 6.88e-03 +0.260  0.99 | 1.03e+00 5.29e-02 +0.099  0.99 | 2.0e+00 3.4e+00 1.445e+00
#532  2123   1 | 7.40e-01 2.98e-01 +0.307  0.91 | 9.49e-01 2.42e-01 +0.176  0.98 | 2.0e+00 4.8e+00 1.380e+00
#533  4113   1 | 1.67e+00 2.28e-01 +0.177  0.97 | 9.65e-01 2.18e-01 +0.296  0.92 | 1.6e+00 4.2e+00 3.554e+00
#534  2556   1 | 1.14e+00 5.89e-02 -0.022  1.00 | 9.43e-01 4.97e-02 +0.259  0.98 | 2.0e+00 3.6e+00 2.184e+00
#535  4748   1 | 8.17e-01 2.43e-01 +0.350  0.88 | 9.54e-01 2.03e-01 +0.319  0.91 | 1.7e+00 4.5e+00 1.414e+00
#536  4165   1 | 1.28e+00 4.37e-01 +0.154  1.01 | 1.01e+00 3.51e-01 +0.392  0.85 | 1.6e+00 5.9e+00 2.530e+00
#537   928   1 | 1.12e+00 5.85e-02 +0.028  1.00 | 1.01e+00 5.76e-02 +0.160  0.98 | 2.1e+00 3.4e+00 2.257e+00
#538   282   1 | 5.12e-01 7.59e-02 -0.121  1.06 | 9.97e-01 3.47e-02 +0.021  1.00 | 2.1e+00 3.5e+00 1.271e+00
#539  2220   1 | 9.99e-01 5.77e-03 +0.136  1.00 | 8.61e-01 8.29e-02 +0.163  0.98 | 1.9e+00 3.1e+00 1.722e+00
#540  1570   1 | 4.47e-01 4.36e-02 +0.097  0.99 | 1.00e+00 1.57e-01 +0.253  0.95 | 2.1e+00 3.8e+00 1.146e+00
#541  1653   1 | 9.07e-01 4.22e-02 +0.154  0.99 | 9.18e-01 1.27e-01 +0.189  0.97 | 2.0e+00 4.0e+00 1.627e+00
#542  4307   1 | 4.94e-01 1.09e-02 -0.067  1.00 | 1.12e+00 1.04e-01 +0.384  0.94 | 1.6e+00 3.7e+00 1.415e+00
#543  2321   1 | 1.20e+00 4.10e-01 +0.524  0.76 | 1.05e+00 3.70e-01 +0.154  1.01 | 1.9e+00 6.0e+00 2.219e+00
#544  1131   1 | 7.01e-01 5.07e-02 +0.089  0.99 | 1.00e+00 6.14e-02 +0.032  1.00 | 2.0e+00 3.8e+00 1.493e+00
#545  1014   1 | 7.71e-01 1.45e-01 +0.348  0.90 | 9.59e-01 1.51e-01 +0.152  0.98 | 2.2e+00 4.0e+00 1.436e+00
#546  1176   1 | 1.07e+00 1.25e-02 -0.034  1.00 | 9.70e-01 4.37e-02 -0.079  1.01 | 2.1e+00 3.3e+00 2.099e+00
#547   377   1 | 1.00e+00 8.06e-02 +0.344  0.95 | 1.07e+00 5.38e-02 +0.015  1.00 | 2.1e+00 4.6e+00 2.114e+00
#548   623   1 | 1.18e+00 3.10e-01 +0.453  0.83 | 9.58e-01 2.27e-01 +0.040  1.04 | 2.1e+00 4.1e+00 2.107e+00
#549  3194   1 | 1.39e+00 2.44e-01 +0.167  0.97 | 1.03e+00 8.49e-02 +0.135  0.98 | 2.0e+00 4.2e+00 2.914e+00
#550  1876   1 | 1.29e+00 1.76e-01 -0.015  1.02 | 9.64e-01 9.33e-02 +0.166  0.98 | 1.8e+00 4.2e+00 2.624e+00
#551  4943   1 | 1.09e+00 4.56e-01 +0.534  0.73 | 9.68e-01 2.23e-01 +0.194  0.96 | 1.7e+00 4.1e+00 1.766e+00
#552  3384   1 | 8.39e-01 2.63e-01 +0.724  0.64 | 1.01e+00 1.51e-01 +0.124  0.99 | 1.9e+00 3.7e+00 1.465e+00
#553  4843   1 | 9.68e-01 2.27e-02 +0.181  0.99 | 1.06e+00 1.83e-01 +0.346  0.91 | 1.6e+00 5.0e+00 1.961e+00
#554   284   1 | 9.70e-01 1.01e-01 +0.134  0.98 | 1.06e+00 6.62e-02 -0.078  1.01 | 2.0e+00 3.2e+00 2.059e+00
#555  1044   1 | 1.32e+00 1.39e-01 +0.157  0.98 | 1.02e+00 1.09e-01 +0.105  0.99 | 2.1e+00 3.6e+00 2.726e+00
#556  2161   1 | 1.20e+00 5.01e-02 -0.286  1.03 | 9.11e-01 5.61e-02 +0.147  0.99 | 2.0e+00 3.6e+00 2.304e+00
#557  4863   1 | 8.73e-01 1.36e-01 +0.399  0.90 | 9.15e-01 8.65e-02 +0.202  0.97 | 1.6e+00 3.9e+00 1.498e+00
#558  4752   1 | 1.14e+00 9.06e-02 -0.469  1.08 | 1.13e+00 1.02e-01 +0.279  0.96 | 1.7e+00 3.2e+00 2.633e+00
#559   924   1 | 5.46e-01 9.56e-02 +0.378  0.90 | 1.03e+00 7.63e-02 +0.212  0.97 | 2.1e+00 3.9e+00 1.299e+00
#560  2772   1 | 8.33e-01 1.54e-01 -0.404  1.18 | 9.42e-01 8.01e-02 +0.188  0.98 | 2.1e+00 3.3e+00 1.686e+00
#561  3616   1 | 1.29e+00 1.72e-02 +0.291  0.99 | 1.09e+00 7.52e-02 +0.249  0.97 | 1.9e+00 4.8e+00 2.812e+00
#562  4342   1 | 1.12e+00 1.58e-02 -0.250  1.01 | 1.06e+00 9.43e-02 +0.394  0.94 | 1.5e+00 3.8e+00 2.311e+00
#563  3628   1 | 7.35e-01 4.87e-02 -0.589  1.08 | 1.09e+00 4.97e-02 +0.150  0.99 | 1.9e+00 4.5e+00 1.754e+00
#564  2995   1 | 1.22e+00 5.33e-01 +0.771  0.52 | 9.89e-01 2.90e-01 +0.186  0.98 | 2.0e+00 4.5e+00 1.725e+00
#565  3567   1 | 9.55e-01 7.97e-02 -0.030  1.01 | 1.03e+00 9.20e-02 +0.329  0.95 | 2.0e+00 4.7e+00 1.933e+00
#566  3645   1 | 1.32e+00 1.75e-01 +0.679  0.84 | 1.00e+00 7.03e-02 +0.155  0.98 | 1.7e+00 3.8e+00 2.456e+00
#567  2284   1 | 1.17e+00 1.36e-01 +0.492  0.90 | 1.17e+00 1.10e-01 +0.226  0.97 | 2.1e+00 3.1e+00 2.548e+00
#568  1558   1 | 5.79e-01 3.27e-02 -0.177  1.02 | 1.05e+00 1.58e-01 +0.200  0.96 | 2.0e+00 3.4e+00 1.409e+00
#569  1387   1 | 9.22e-01 1.06e-01 +0.807  0.83 | 9.51e-01 6.67e-02 -0.084  1.02 | 2.1e+00 4.2e+00 1.622e+00
#570  4244   1 | 1.06e+00 4.97e-02 +0.513  0.95 | 1.03e+00 8.55e-02 +0.142  0.98 | 1.7e+00 3.7e+00 2.112e+00
#571   703   1 | 1.04e+00 1.76e-01 +0.282  0.93 | 1.02e+00 1.68e-01 +0.113  0.99 | 2.2e+00 4.3e+00 2.045e+00
#572   819   1 | 5.69e-01 2.23e-02 -0.218  1.02 | 9.77e-01 8.67e-02 +0.069  1.00 | 2.2e+00 4.3e+00 1.280e+00
#573   659   1 | 1.32e+00 8.59e-01 +0.669  0.55 | 1.12e+00 3.78e-01 +0.197  0.98 | 2.2e+00 5.6e+00 2.199e+00
#574  4581   1 | 1.08e+00 2.51e-03 +0.401  1.00 | 9.97e-01 1.25e-01 +0.233  0.96 | 1.6e+00 3.9e+00 2.123e+00
#575   430   1 | 1.09e+00 4.73e-02 +0.135  0.99 | 9.37e-01 5.89e-02 +0.100  0.99 | 2.1e+00 3.6e+00 2.042e+00
#576  3276   1 | 1.09e+00 5.05e-01 +0.723  0.54 | 1.02e+00 1.91e-01 +0.178  0.97 | 2.3e+00 4.5e+00 1.653e+00
#577  4009   1 | 1.00e+00 5.19e-01 +0.795  0.44 | 1.08e+00 4.08e-01 +0.196  0.99 | 1.9e+00 5.4e+00 1.618e+00
#578  1267   1 | 1.31e+00 3.21e-01 +0.654  0.74 | 1.04e+00 1.15e-01 +0.079  0.99 | 2.2e+00 3.1e+00 2.331e+00
#579  3156   1 | 1.29e+00 5.03e-01 +0.265  0.95 | 9.27e-01 1.89e-01 +0.223  0.95 | 2.4e+00 3.6e+00 2.392e+00
#580  1735   1 | 1.22e+00 1.36e-01 +0.351  0.93 | 1.10e+00 1.42e-01 +0.271  0.95 | 2.4e+00 3.6e+00 2.552e+00
#581  1016   1 | 1.10e+00 8.77e-02 -0.122  1.03 | 1.08e+00 5.57e-02 +0.034  1.00 | 2.4e+00 4.1e+00 2.402e+00
#582  3490   1 | 1.02e+00 1.16e-01 -0.165  1.05 | 9.92e-01 7.18e-02 +0.093  0.99 | 2.3e+00 3.8e+00 2.063e+00
#583  2226   1 | 1.02e+00 1.51e-01 -0.056  1.04 | 1.13e+00 4.29e-02 +0.087  0.99 | 2.4e+00 3.8e+00 2.357e+00
#584  1626   1 | 1.11e+00 5.38e-01 +0.109  1.13 | 9.80e-01 1.57e-01 +0.378  0.90 | 2.4e+00 4.4e+00 2.264e+00
#585  2488   1 | 1.00e+00 2.77e-01 +0.676  0.70 | 9.45e-01 1.01e-01 +0.217  0.96 | 2.5e+00 3.9e+00 1.570e+00
#586  4741   1 | 1.40e+00 2.37e-01 +0.585  0.83 | 1.01e+00 5.52e-02 +0.358  0.96 | 2.0e+00 4.1e+00 2.610e+00
#587  4597   1 | 1.04e+00 2.30e-01 +0.205  0.96 | 8.36e-01 2.59e-01 +0.332  0.89 | 1.9e+00 4.9e+00 1.657e+00
#588  4005   1 | 4.72e-01 2.59e-02 -0.107  1.01 | 9.87e-01 1.03e-01 +0.270  0.95 | 2.3e+00 4.4e+00 1.157e+00
#589   663   1 | 1.08e+00 4.65e-02 +0.728  0.94 | 1.04e+00 8.30e-02 -0.044  1.01 | 2.4e+00 4.6e+00 2.197e+00
#590  3639   1 | 9.78e-01 2.39e-02 -0.458  1.02 | 9.60e-01 1.44e-01 +0.172  0.97 | 2.4e+00 4.7e+00 1.873e+00
#591  3073   1 | 1.09e+00 1.49e-01 +0.131  0.98 | 9.82e-01 3.98e-02 +0.092  0.99 | 2.5e+00 2.8e+00 2.125e+00
#592  1543   1 | 1.11e+00 1.47e-01 +0.287  0.94 | 1.06e+00 4.51e-02 +0.017  1.00 | 2.2e+00 3.8e+00 2.277e+00
#593   137   1 | 1.31e+00 9.72e-02 +0.270  0.97 | 1.09e+00 3.79e-02 +0.024  1.00 | 2.3e+00 4.4e+00 2.846e+00
#594  2625   1 | 7.31e-01 4.32e-01 +0.261  1.04 | 9.46e-01 1.37e-01 +0.144  0.98 | 2.6e+00 4.7e+00 1.433e+00
#595  1108   1 | 1.11e+00 1.42e-01 +0.138  0.98 | 9.82e-01 5.62e-02 -0.016  1.01 | 2.4e+00 4.2e+00 2.175e+00
#596   295   1 | 1.11e+00 2.33e-01 +0.107  1.00 | 9.80e-01 8.43e-02 +0.331  0.95 | 2.5e+00 3.9e+00 2.153e+00
#597  2242   1 | 7.03e-01 1.32e-01 +0.083  1.00 | 1.00e+00 8.39e-02 +0.197  0.97 | 2.5e+00 3.8e+00 1.475e+00
#598  2814   1 | 9.10e-01 1.01e-01 +0.803  0.83 | 9.51e-01 5.13e-02 -0.045  1.01 | 2.5e+00 4.3e+00 1.601e+00
#599  4635   1 | 1.04e+00 3.34e-01 +0.212  0.97 | 8.36e-01 2.51e-01 +0.338  0.89 | 2.2e+00 5.0e+00 1.660e+00
#600   191   1 | 1.38e+00 1.00e-01 +0.159  0.98 | 1.03e+00 4.43e-02 -0.042  1.01 | 2.3e+00 4.3e+00 2.928e+00
#601  2218   1 | 1.08e+00 3.09e-03 -0.293  1.00 | 9.97e-01 8.37e-02 +0.231  0.97 | 2.4e+00 3.1e+00 2.120e+00
#602  2579   1 | 1.07e+00 1.10e-01 -0.781  1.17 | 1.04e+00 6.18e-02 +0.108  0.99 | 2.5e+00 5.0e+00 2.417e+00
#603  1484   1 | 4.47e-01 9.77e-02 +0.063  1.02 | 1.00e+00 1.30e-01 +0.279  0.94 | 2.3e+00 3.3e+00 1.151e+00
#604  2177   1 | 1.07e+00 1.58e-01 -0.025  1.03 | 9.70e-01 7.83e-02 +0.050  1.00 | 2.4e+00 4.2e+00 2.126e+00
#605  1971   1 | 8.26e-01 2.78e-01 +0.407  0.84 | 9.42e-01 8.85e-02 -0.066  1.02 | 2.4e+00 3.1e+00 1.479e+00
#606   965   1 | 8.89e-01 4.79e-01 +0.408  0.85 | 9.15e-01 1.35e-01 -0.041  1.03 | 2.2e+00 4.0e+00 1.537e+00
#607   394   1 | 1.11e+00 6.25e-01 +0.725  0.50 | 1.02e+00 2.90e-01 +0.136  1.00 | 2.4e+00 4.8e+00 1.654e+00
#608  2094   1 | 1.18e+00 1.31e-01 +0.446  0.91 | 9.58e-01 8.52e-02 +0.024  1.00 | 2.2e+00 4.8e+00 2.189e+00
#609  3746   1 | 9.96e-01 1.15e+00 +0.715  0.68 | 1.04e+00 3.97e-01 +0.196  1.00 | 2.2e+00 6.3e+00 1.762e+00
#610  2882   1 | 9.09e-01 1.66e-01 -0.130  1.08 | 9.18e-01 1.69e-01 +0.240  0.95 | 2.0e+00 3.4e+00 1.690e+00
#611  1879   1 | 1.14e+00 7.09e-01 +0.691  0.53 | 9.75e-01 3.57e-01 +0.073  1.08 | 2.2e+00 5.6e+00 1.714e+00
#612  3552   1 | 1.10e+00 1.31e-01 +0.124  0.98 | 1.08e+00 9.15e-02 +0.312  0.95 | 1.7e+00 4.5e+00 2.305e+00
#613  4392   1 | 1.11e+00 1.20e-01 -0.485  1.12 | 1.13e+00 1.04e-01 +0.232  0.97 | 1.9e+00 4.2e+00 2.619e+00
#614  1627   1 | 9.61e-01 1.67e-01 +0.493  0.86 | 9.60e-01 7.83e-02 +0.187  0.98 | 2.0e+00 4.0e+00 1.692e+00
#615  2375   1 | 7.76e-01 3.24e-01 +0.337  0.89 | 9.59e-01 2.58e-01 +0.195  0.97 | 1.6e+00 4.1e+00 1.427e+00
#616  1032   1 | 1.13e+00 8.64e-02 +0.373  0.95 | 1.05e+00 8.10e-02 +0.266  0.96 | 2.1e+00 3.7e+00 2.287e+00
#617  4713   1 | 9.59e-01 3.52e-01 +0.116  1.05 | 1.06e+00 2.45e-01 +0.281  0.92 | 1.8e+00 4.5e+00 2.000e+00
#618  2883   1 | 5.64e-01 1.85e-03 +0.563  1.00 | 1.04e+00 7.66e-02 +0.003  1.00 | 1.4e+00 4.4e+00 1.409e+00
#619   848   1 | 6.58e-01 5.59e-02 +0.020  1.00 | 1.07e+00 1.05e-01 +0.258  0.96 | 2.3e+00 3.2e+00 1.532e+00
#620  3085   1 | 1.30e+00 6.05e-03 +0.024  1.00 | 9.64e-01 4.50e-02 +0.317  0.97 | 1.2e+00 3.3e+00 2.589e+00
#621  1465   1 | 9.99e-01 5.72e-01 +0.669  0.56 | 9.45e-01 3.06e-01 +0.191  0.98 | 2.2e+00 4.8e+00 1.437e+00
#622   499   1 | 1.03e+00 1.26e-01 +0.200  0.97 | 9.92e-01 5.50e-02 +0.004  1.00 | 2.2e+00 3.2e+00 2.001e+00
#623  4062   1 | 1.42e+00 1.59e-01 +0.599  0.88 | 1.01e+00 8.57e-02 +0.209  0.97 | 1.5e+00 3.8e+00 2.753e+00
#624  3768   1 | 1.04e+00 3.41e-02 -0.083  1.01 | 1.13e+00 9.24e-02 +0.258  0.96 | 1.1e+00 3.2e+00 2.325e+00
#625  2052   1 | 9.99e-01 2.86e-02 +0.161  0.99 | 8.61e-01 8.74e-02 +0.130  0.98 | 1.4e+00 2.8e+00 1.719e+00
#626  3893   1 | 7.36e-01 7.16e-03 +0.590  0.99 | 1.09e+00 3.92e-02 +0.183  0.99 | 1.2e+00 3.2e+00 1.705e+00
#627  4378   1 | 1.31e+00 2.00e-02 -0.704  1.02 | 1.04e+00 5.09e-02 +0.302  0.97 | 1.5e+00 3.4e+00 2.791e+00
#628  4192   1 | 6.15e-01 2.83e-03 +0.687  0.99 | 1.08e+00 1.80e-01 +0.104  0.99 | 1.2e+00 3.8e+00 1.543e+00
#629   931   1 | 6.24e-01 1.07e-01 -0.113  1.07 | 1.03e+00 6.44e-02 +0.151  0.99 | 2.2e+00 3.7e+00 1.458e+00
#630  3229   1 | 8.37e-01 3.35e-02 +0.421  0.97 | 9.54e-01 1.46e-01 +0.310  0.93 | 1.0e+00 4.5e+00 1.523e+00
#631  3269   1 | 1.05e+00 1.56e-02 +0.514  0.99 | 1.03e+00 5.83e-02 +0.091  0.99 | 1.1e+00 3.7e+00 2.146e+00
#632  3555   1 | 1.13e+00 5.12e-03 -0.147  1.00 | 9.88e-01 2.23e-02 +0.149  0.99 | 1.2e+00 4.5e+00 2.246e+00
#633  2360   1 | 5.14e-01 4.48e-02 -0.137  1.03 | 9.97e-01 8.48e-02 +0.021  1.00 | 1.3e+00 4.2e+00 1.271e+00
#634  2940   1 | 9.94e-01 3.19e-02 +0.344  0.98 | 1.07e+00 6.66e-02 +0.175  0.98 | 1.3e+00 4.1e+00 2.102e+00
#635  2461   1 | 1.04e+00 8.53e-02 +0.791  0.88 | 1.08e+00 1.70e-01 +0.212  0.96 | 1.1e+00 4.0e+00 2.074e+00
#636   144   1 | 1.21e+00 9.46e-02 +0.283  0.96 | 9.11e-01 7.07e-02 +0.153  0.98 | 1.9e+00 4.1e+00 2.219e+00
#637   756   1 | 8.21e-01 3.79e-01 +0.721  0.55 | 1.01e+00 1.67e-01 +0.125  0.99 | 1.9e+00 3.6e+00 1.381e+00
#638  4285   1 | 1.30e+00 4.20e-01 +0.265  0.93 | 9.27e-01 2.67e-01 +0.172  0.98 | 1.7e+00 5.1e+00 2.418e+00
#639  3010   1 | 1.22e+00 3.79e-03 -0.573  1.00 | 1.10e+00 6.23e-02 +0.319  0.97 | 1.2e+00 3.8e+00 2.685e+00
#640  2870   1 | 1.10e+00 4.60e-03 -0.088  1.00 | 9.37e-01 4.83e-02 +0.174  0.98 | 1.5e+00 3.7e+00 2.067e+00
#641   767   1 | 1.31e+00 9.24e-02 +0.180  0.98 | 1.01e+00 7.86e-02 +0.052  1.00 | 2.1e+00 4.0e+00 2.708e+00
#642  4548   1 | 1.09e+00 6.17e-03 -0.256  1.00 | 9.93e-01 1.74e-01 +0.277  0.93 | 1.5e+00 4.1e+00 2.105e+00
#643  4717   1 | 5.63e-01 2.56e-02 +0.200  0.98 | 9.77e-01 2.53e-01 +0.351  0.89 | 1.9e+00 5.6e+00 1.157e+00
#644  3875   1 | 1.67e+00 3.69e-01 +0.176  0.97 | 9.65e-01 2.64e-01 +0.314  0.90 | 1.5e+00 5.0e+00 3.548e+00
#645  3573   1 | 8.78e-01 6.69e-02 +0.235  0.97 | 9.10e-01 5.66e-02 +0.180  0.98 | 1.5e+00 4.5e+00 1.561e+00
#646  2786   1 | 1.28e+00 3.63e-02 +0.023  1.00 | 1.08e+00 4.38e-02 +0.139  0.99 | 1.7e+00 3.3e+00 2.798e+00
#647   700   1 | 9.57e-01 1.83e-01 +0.531  0.83 | 1.07e+00 1.03e-01 +0.113  0.99 | 2.4e+00 4.2e+00 1.904e+00
#648  2561   1 | 1.34e+00 1.45e-01 +0.682  0.86 | 1.00e+00 5.83e-02 +0.064  1.00 | 1.6e+00 4.5e+00 2.552e+00
#649  3786   1 | 9.54e-01 6.19e-02 +0.049  1.00 | 1.03e+00 1.07e-01 +0.346  0.94 | 1.6e+00 4.3e+00 1.908e+00
#650  1898   1 | 9.63e-01 1.16e-01 -0.102  1.04 | 1.06e+00 9.56e-02 +0.303  0.95 | 2.2e+00 4.8e+00 2.043e+00
#651  2390   1 | 5.52e-01 1.89e-01 +0.394  0.85 | 1.03e+00 1.02e-01 +0.172  0.98 | 2.0e+00 3.9e+00 1.291e+00
#652  1378   1 | 7.38e-01 2.00e-01 +0.305  0.91 | 9.49e-01 1.66e-01 +0.151  0.98 | 2.3e+00 4.3e+00 1.376e+00
#653  2790   1 | 5.84e-01 2.11e-01 +0.213  0.98 | 1.05e+00 8.00e-02 +0.197  0.98 | 2.0e+00 2.8e+00 1.414e+00
#654  1100   1 | 4.70e-01 2.56e-02 -0.074  1.01 | 9.87e-01 3.60e-02 +0.210  0.99 | 2.3e+00 3.5e+00 1.184e+00
#655  4695   1 | 1.05e+00 1.46e-01 +0.292  0.94 | 1.02e+00 3.84e-01 +0.274  0.94 | 1.8e+00 5.8e+00 2.011e+00
#656  2987   1 | 9.71e-01 5.43e-02 +0.246  0.98 | 1.02e+00 5.23e-02 +0.080  0.99 | 1.9e+00 3.7e+00 1.950e+00
#657  2440   1 | 1.23e+00 4.04e-01 +0.773  0.60 | 9.89e-01 2.21e-01 +0.209  0.96 | 2.0e+00 3.8e+00 1.838e+00
#658  3681   1 | 4.99e-01 4.46e-02 -0.070  1.02 | 1.12e+00 7.45e-02 +0.313  0.96 | 1.8e+00 4.4e+00 1.455e+00
#659  1195   1 | 1.15e+00 7.77e-02 +0.041  1.00 | 9.43e-01 7.38e-02 +0.282  0.96 | 2.5e+00 3.0e+00 2.167e+00
#660  4667   1 | 1.22e+00 3.12e-01 +0.524  0.80 | 1.05e+00 4.04e-01 +0.174  1.01 | 1.7e+00 5.5e+00 2.306e+00
#661  4639   1 | 1.09e+00 7.47e-01 +0.533  0.74 | 9.68e-01 2.75e-01 +0.190  0.97 | 1.8e+00 5.2e+00 1.789e+00
#662  2648   1 | 1.32e+00 2.54e-03 -0.012  1.00 | 1.02e+00 1.82e-01 +0.164  0.97 | 2.2e+00 4.0e+00 2.749e+00
#663  4738   1 | 1.34e+00 7.89e-01 +0.675  0.55 | 1.12e+00 5.21e-01 +0.291  0.95 | 1.9e+00 6.8e+00 2.174e+00
#664  3421   1 | 1.13e+00 1.41e-01 -0.027  1.02 | 1.01e+00 6.12e-02 +0.175  0.98 | 2.0e+00 3.4e+00 2.297e+00
#665   455   1 | 1.17e+00 5.62e-01 +0.486  0.76 | 1.17e+00 1.88e-01 +0.070  1.00 | 2.4e+00 4.1e+00 2.416e+00
#666  1482   1 | 1.08e+00 3.57e-02 +0.243  0.98 | 9.97e-01 7.83e-02 +0.207  0.97 | 2.3e+00 3.8e+00 2.109e+00
#667  3919   1 | 1.67e+00 5.03e-01 +0.176  0.98 | 9.65e-01 2.77e-01 +0.310  0.90 | 1.9e+00 4.8e+00 3.588e+00
#668  3510   1 | 1.03e+00 3.80e-01 +0.278  0.93 | 1.02e+00 2.53e-01 +0.244  0.94 | 1.9e+00 5.1e+00 1.957e+00
#669  3086   1 | 1.06e+00 6.58e-02 +0.513  0.94 | 1.03e+00 6.68e-02 +0.069  1.00 | 2.2e+00 4.1e+00 2.105e+00
#670   701   1 | 9.75e-01 3.15e-01 +0.708  0.65 | 1.04e+00 1.57e-01 +0.223  0.96 | 2.7e+00 4.0e+00 1.653e+00
#671   326   1 | 1.14e+00 9.00e-01 +0.696  0.52 | 9.75e-01 2.82e-01 +0.072  1.04 | 2.6e+00 5.0e+00 1.676e+00
#672   154   1 | 1.21e+00 8.89e-01 +0.521  0.77 | 1.05e+00 3.01e-01 +0.137  1.00 | 2.4e+00 5.7e+00 2.242e+00
#673  3116   1 | 7.09e-01 1.52e-01 +0.084  1.01 | 1.00e+00 1.61e-01 +0.224  0.95 | 2.1e+00 3.9e+00 1.466e+00
#674  3402   1 | 9.56e-01 2.31e-01 -0.080  1.10 | 1.06e+00 1.37e-01 +0.344  0.93 | 2.0e+00 4.0e+00 2.053e+00
#675   612   1 | 1.07e+00 1.11e-01 -0.030  1.02 | 9.70e-01 4.52e-02 -0.159  1.02 | 2.5e+00 4.6e+00 2.124e+00
#676  2603   1 | 1.11e+00 2.83e-01 +0.107  1.01 | 9.80e-01 2.15e-01 +0.386  0.88 | 2.2e+00 3.8e+00 2.080e+00
#677  3122   1 | 8.99e-01 1.41e-01 +0.416  0.89 | 9.15e-01 3.67e-02 +0.073  1.00 | 1.8e+00 3.8e+00 1.556e+00
#678  2680   1 | 1.14e+00 3.04e-02 -0.044  1.00 | 9.88e-01 3.27e-02 +0.026  1.00 | 2.1e+00 3.7e+00 2.272e+00
#679  3366   1 | 1.01e+00 5.22e-01 +0.677  0.57 | 9.45e-01 2.56e-01 +0.223  0.95 | 1.9e+00 5.1e+00 1.435e+00
#680   431   1 | 6.58e-01 8.84e-02 +0.003  1.02 | 1.07e+00 1.02e-01 +0.262  0.96 | 2.4e+00 3.2e+00 1.538e+00
#681  4358   1 | 8.25e-01 3.38e-01 +0.369  0.87 | 9.54e-01 1.97e-01 +0.306  0.92 | 1.8e+00 4.4e+00 1.422e+00
#682   638   1 | 7.28e-01 4.53e-01 +0.249  1.08 | 9.46e-01 1.38e-01 +0.153  0.98 | 2.4e+00 3.8e+00 1.446e+00
#683   557   1 | 1.08e+00 2.95e-01 +0.410  0.85 | 9.93e-01 9.47e-02 -0.003  1.01 | 2.2e+00 3.6e+00 1.990e+00
#684  3830   1 | 9.10e-01 6.48e-02 -0.110  1.02 | 9.18e-01 1.76e-01 +0.241  0.94 | 1.8e+00 3.5e+00 1.641e+00
#685  4901   1 | 7.49e-01 3.63e-01 +0.335  0.91 | 9.59e-01 2.02e-01 +0.244  0.94 | 1.9e+00 4.9e+00 1.376e+00
#686   791   1 | 5.53e-01 2.99e-01 -0.487  1.82 | 1.04e+00 1.19e-01 +0.042  1.00 | 2.3e+00 4.1e+00 1.647e+00
#687  3634   1 | 1.41e+00 3.92e-01 +0.597  0.75 | 1.01e+00 1.52e-01 +0.188  0.97 | 1.9e+00 3.6e+00 2.472e+00
#688   528   1 | 9.98e-01 5.46e-02 +0.143  0.99 | 8.61e-01 9.44e-02 +0.032  1.00 | 2.0e+00 3.7e+00 1.729e+00
#689  4890   1 | 9.39e-01 1.15e-01 +0.502  0.89 | 1.07e+00 6.58e-02 +0.341  0.96 | 1.8e+00 4.4e+00 1.898e+00
#690  4838   1 | 1.17e+00 4.83e-01 +0.492  0.76 | 1.17e+00 2.74e-01 +0.208  0.96 | 1.8e+00 5.0e+00 2.355e+00
#691  4434   1 | 4.93e-01 1.07e-01 +0.030  1.03 | 1.12e+00 9.95e-02 +0.388  0.94 | 1.6e+00 3.7e+00 1.423e+00
#692  1130   1 | 1.23e+00 7.24e-01 +0.776  0.43 | 9.89e-01 3.30e-01 +0.214  0.97 | 2.1e+00 5.3e+00 1.606e+00
#693  2388   1 | 1.09e+00 4.77e-02 +0.138  0.99 | 9.37e-01 4.29e-02 +0.123  0.99 | 2.4e+00 4.1e+00 2.050e+00
#694   535   1 | 1.05e+00 6.65e-01 +0.800  0.39 | 1.08e+00 3.36e-01 +0.166  0.99 | 2.0e+00 5.2e+00 1.595e+00
#695   764   1 | 5.46e-01 1.76e-01 +0.384  0.86 | 1.03e+00 1.10e-01 +0.220  0.96 | 2.2e+00 3.9e+00 1.276e+00
#696  2388   1 | 1.10e+00 2.02e-03 +0.357  1.00 | 9.82e-01 3.84e-02 -0.000  1.00 | 2.4e+00 3.7e+00 2.177e+00
#697    98   1 | 1.11e+00 6.84e-01 +0.726  0.49 | 1.02e+00 3.31e-01 +0.132  1.02 | 2.2e+00 4.9e+00 1.653e+00
#698  2042   1 | 1.29e+00 1.00e+00 +0.263  1.19 | 9.27e-01 2.86e-01 +0.188  0.98 | 2.2e+00 4.8e+00 2.842e+00
#699  4978   1 | 8.01e-01 3.20e-03 +0.725  0.99 | 9.42e-01 3.70e-02 +0.419  0.97 | 1.9e+00 3.0e+00 1.497e+00
#700  4982   1 | 1.09e+00 7.92e-01 +0.535  0.75 | 9.68e-01 3.08e-01 +0.193  0.98 | 1.9e+00 5.2e+00 1.807e+00
#701   560   1 | 1.35e+00 4.09e-01 +0.687  0.68 | 1.00e+00 1.94e-01 -0.065  1.06 | 2.0e+00 4.9e+00 2.293e+00
#702  1278   1 | 9.64e-01 1.82e-01 +0.039  1.02 | 1.03e+00 7.95e-02 -0.024  1.01 | 2.1e+00 3.1e+00 2.025e+00
#703  1737   1 | 9.21e-01 1.38e-01 +0.802  0.78 | 9.51e-01 8.00e-02 -0.079  1.02 | 2.2e+00 3.6e+00 1.586e+00
#704  1803   1 | 9.61e-01 1.90e-01 +0.492  0.84 | 9.60e-01 8.62e-02 +0.245  0.96 | 2.3e+00 4.0e+00 1.669e+00
#705  2823   1 | 1.18e+00 3.81e-01 +0.453  0.81 | 9.58e-01 1.52e-01 +0.028  1.02 | 2.0e+00 3.7e+00 2.060e+00
#706  4628   1 | 1.31e+00 3.91e-02 -0.629  1.04 | 1.04e+00 6.47e-02 +0.269  0.97 | 1.8e+00 3.3e+00 2.837e+00
#707  1303   1 | 4.70e-01 1.08e-02 -0.210  1.01 | 9.87e-01 3.59e-02 +0.215  0.99 | 2.3e+00 3.1e+00 1.184e+00
#708  4855   1 | 1.29e+00 2.94e-01 -0.018  1.06 | 9.64e-01 2.81e-01 +0.284  0.92 | 1.7e+00 4.7e+00 2.615e+00
#709   719   1 | 1.22e+00 1.20e-01 +0.366  0.94 | 1.10e+00 8.83e-02 +0.265  0.96 | 2.4e+00 3.2e+00 2.579e+00
#710  3160   1 | 7.49e-01 1.28e-01 +0.316  0.92 | 9.49e-01 1.01e-01 +0.200  0.97 | 1.7e+00 4.7e+00 1.390e+00
#711  4000   1 | 8.84e-01 2.01e-01 +0.250  0.94 | 9.10e-01 8.89e-02 +0.175  0.98 | 1.6e+00 4.1e+00 1.540e+00
#712  1537   1 | 1.30e+00 9.96e-02 +0.243  0.97 | 1.09e+00 4.63e-02 +0.040  1.00 | 2.1e+00 3.6e+00 2.846e+00
#713  3271   1 | 5.78e-01 1.47e-02 -0.272  1.01 | 9.77e-01 9.80e-02 +0.354  0.94 | 1.8e+00 3.4e+00 1.236e+00
#714  2632   1 | 1.20e+00 3.66e-02 -0.293  1.02 | 9.11e-01 5.23e-02 +0.154  0.99 | 1.8e+00 4.3e+00 2.282e+00
#715  2997   1 | 1.05e+00 4.01e-01 +0.209  0.99 | 8.36e-01 2.17e-01 +0.281  0.92 | 1.7e+00 4.6e+00 1.728e+00
#716  4087   1 | 1.04e+00 1.65e-01 +0.771  0.78 | 1.04e+00 1.09e-01 +0.170  0.98 | 1.6e+00 4.5e+00 1.900e+00
#717  4637   1 | 1.01e+00 4.18e-02 -0.086  1.01 | 1.13e+00 1.28e-01 +0.269  0.95 | 1.5e+00 4.2e+00 2.253e+00
#718  4276   1 | 1.11e+00 2.67e-01 +0.376  0.88 | 1.05e+00 1.69e-01 +0.329  0.92 | 1.5e+00 4.0e+00 2.102e+00
#719  3404   1 | 9.84e-01 5.97e-03 +0.101  1.00 | 1.06e+00 5.06e-02 +0.190  0.98 | 1.7e+00 3.7e+00 2.069e+00
#720  1232   1 | 9.71e-01 2.47e-01 +0.245  0.94 | 1.02e+00 7.86e-02 -0.006  1.01 | 2.2e+00 4.0e+00 1.930e+00
#721  2027   1 | 5.80e-01 1.30e-01 +0.218  0.95 | 1.05e+00 6.80e-02 +0.256  0.97 | 1.8e+00 4.5e+00 1.396e+00
#722  4265   1 | 1.28e+00 5.06e-02 -0.018  1.00 | 1.08e+00 5.50e-02 +0.333  0.97 | 1.5e+00 3.7e+00 2.764e+00
#723  4412   1 | 6.20e-01 1.72e-01 -0.131  1.15 | 1.03e+00 6.74e-02 +0.360  0.96 | 1.7e+00 3.5e+00 1.455e+00
#724  3502   1 | 7.31e-01 1.99e-02 +0.567  0.97 | 1.09e+00 3.33e-02 +0.137  0.99 | 1.6e+00 3.1e+00 1.693e+00
#725  1687   1 | 1.15e+00 7.35e-02 -0.030  1.01 | 9.43e-01 1.06e-01 +0.289  0.95 | 2.1e+00 3.4e+00 2.166e+00
#726   801   1 | 1.12e+00 5.88e-02 -0.050  1.01 | 1.01e+00 4.67e-02 +0.115  0.99 | 2.3e+00 3.5e+00 2.273e+00
#727  3721   1 | 1.09e+00 1.44e-03 -0.677  1.00 | 1.13e+00 2.79e-02 +0.342  0.98 | 1.6e+00 3.3e+00 2.446e+00
#728  4782   1 | 1.37e+00 4.18e-02 +0.182  0.99 | 1.03e+00 7.34e-02 +0.311  0.96 | 1.6e+00 3.6e+00 2.866e+00
#729  4802   1 | 1.32e+00 5.02e-02 -0.202  1.02 | 1.02e+00 1.36e-01 +0.204  0.96 | 1.6e+00 3.9e+00 2.761e+00
#730   680   1 | 4.46e-01 1.91e-01 +0.072  1.12 | 1.00e+00 7.46e-02 +0.269  0.97 | 2.5e+00 3.2e+00 1.192e+00
#731  3037   1 | 8.33e-01 2.71e-01 +0.721  0.64 | 1.01e+00 1.59e-01 +0.116  0.99 | 1.8e+00 3.1e+00 1.455e+00
#732    82   1 | 1.10e+00 9.34e-02 +0.133  0.98 | 1.08e+00 7.11e-02 +0.071  0.99 | 2.0e+00 4.0e+00 2.349e+00
#733  4158   1 | 9.92e-01 4.73e-02 -0.380  1.04 | 1.07e+00 1.75e-01 +0.298  0.93 | 1.6e+00 4.2e+00 2.096e+00
#734  3303   1 | 1.02e+00 7.80e-02 +0.160  0.98 | 9.92e-01 7.05e-02 +0.109  0.99 | 1.6e+00 4.1e+00 1.992e+00
#735   282   1 | 1.11e+00 1.03e-02 -0.240  1.00 | 1.06e+00 4.61e-02 -0.054  1.01 | 2.1e+00 3.3e+00 2.361e+00
#736  4843   1 | 1.34e+00 6.83e-01 +0.679  0.57 | 1.12e+00 5.28e-01 +0.294  0.95 | 1.6e+00 6.6e+00 2.208e+00
#737  4786   1 | 5.75e-01 1.71e-02 +0.582  0.97 | 1.08e+00 1.21e-01 +0.201  0.97 | 1.6e+00 3.6e+00 1.456e+00
#738    23   1 | 1.31e+00 1.67e-01 +0.163  0.97 | 1.01e+00 7.13e-02 +0.149  0.98 | 2.1e+00 3.4e+00 2.686e+00
#739  4416   1 | 5.10e-01 1.05e-01 +0.127  0.99 | 9.97e-01 1.71e-01 +0.282  0.93 | 1.7e+00 3.8e+00 1.184e+00
#740  1829   1 | 1.08e+00 1.26e-01 -0.165  1.05 | 9.97e-01 1.50e-01 +0.216  0.96 | 2.1e+00 3.9e+00 2.170e+00
#741   902   1 | 8.26e-01 3.01e-01 +0.369  0.86 | 9.54e-01 1.65e-01 +0.274  0.94 | 2.3e+00 3.7e+00 1.440e+00
#742  4550   1 | 7.31e-01 3.39e-01 +0.284  0.95 | 9.49e-01 2.76e-01 +0.241  0.94 | 1.6e+00 4.6e+00 1.360e+00
#743   338   1 | 5.96e-01 1.37e-01 +0.588  0.78 | 1.08e+00 7.16e-02 -0.061  1.01 | 2.3e+00 2.9e+00 1.467e+00
#744  1526   1 | 1.29e+00 7.08e-02 -0.042  1.01 | 9.64e-01 5.55e-02 +0.134  0.99 | 2.2e+00 2.9e+00 2.608e+00
#745  4536   1 | 9.60e-01 2.55e-01 +0.486  0.81 | 9.60e-01 1.57e-01 +0.239  0.95 | 1.7e+00 3.9e+00 1.623e+00
#746  2689   1 | 1.22e+00 8.88e-01 +0.773  0.40 | 9.89e-01 3.58e-01 +0.193  0.99 | 2.0e+00 5.7e+00 1.577e+00
#747  1393   1 | 1.32e+00 1.97e-01 +0.055  1.01 | 1.02e+00 1.08e-01 +0.107  0.99 | 2.4e+00 3.9e+00 2.773e+00
#748  3634   1 | 1.05e+00 1.07e-01 +0.514  0.91 | 1.03e+00 6.80e-02 +0.091  0.99 | 1.9e+00 2.6e+00 2.043e+00
#749  4056   1 | 1.09e+00 2.87e-02 -0.556  1.03 | 1.13e+00 5.32e-02 +0.278  0.98 | 1.8e+00 2.8e+00 2.470e+00
#750  2124   1 | 5.49e-01 3.01e-01 +0.382  0.88 | 1.03e+00 1.26e-01 +0.182  0.97 | 2.1e+00 5.0e+00 1.293e+00
#751  3911   1 | 1.02e+00 3.24e-01 +0.282  0.92 | 1.02e+00 2.34e-01 +0.257  0.93 | 1.8e+00 5.0e+00 1.936e+00
#752   629   1 | 9.98e-01 6.56e-01 +0.668  0.55 | 9.45e-01 2.51e-01 +0.168  0.98 | 2.6e+00 4.4e+00 1.429e+00
#753  1140   1 | 1.65e+00 2.11e-01 +0.171  0.97 | 9.65e-01 1.59e-01 +0.161  0.97 | 2.3e+00 3.7e+00 3.568e+00
#754  2802   1 | 1.10e+00 1.36e-01 +0.114  0.99 | 9.80e-01 8.38e-02 +0.412  0.94 | 2.1e+00 3.8e+00 2.102e+00
#755  2465   1 | 1.32e+00 6.42e-01 +0.668  0.59 | 1.12e+00 2.71e-01 +0.244  0.94 | 2.2e+00 4.6e+00 2.198e+00
#756  4364   1 | 1.03e+00 5.36e-01 +0.797  0.44 | 1.08e+00 2.74e-01 +0.210  0.96 | 1.8e+00 4.8e+00 1.595e+00
#757  1216   1 | 1.18e+00 6.93e-01 +0.455  0.81 | 9.58e-01 2.51e-01 +0.038  1.05 | 2.4e+00 4.4e+00 2.088e+00
#758  4337   1 | 5.77e-01 3.83e-02 +0.159  0.98 | 1.05e+00 5.98e-02 +0.290  0.97 | 1.9e+00 3.3e+00 1.402e+00
#759   989   1 | 9.64e-01 1.34e-01 -0.073  1.04 | 1.06e+00 7.86e-02 +0.317  0.96 | 2.4e+00 3.9e+00 2.051e+00
#760  4829   1 | 1.23e+00 4.61e-01 -0.290  1.36 | 9.11e-01 2.47e-01 +0.290  0.92 | 2.0e+00 4.6e+00 2.813e+00
#761  1848   1 | 5.13e-01 9.88e-02 -0.130  1.09 | 9.97e-01 7.20e-02 +0.035  1.00 | 2.3e+00 3.3e+00 1.280e+00
#762  2933   1 | 1.30e+00 5.38e-01 +0.158  1.04 | 1.01e+00 1.76e-01 +0.356  0.91 | 2.2e+00 4.3e+00 2.681e+00
#763  1148   1 | 4.94e-01 6.00e-02 -0.078  1.03 | 1.12e+00 6.38e-02 +0.120  0.99 | 2.2e+00 3.7e+00 1.488e+00
#764  2982   1 | 1.07e+00 5.09e-01 +0.778  0.49 | 1.04e+00 2.20e-01 +0.112  1.00 | 2.3e+00 3.9e+00 1.628e+00
#765   950   1 | 1.22e+00 1.84e-01 +0.357  0.92 | 1.10e+00 1.25e-01 +0.261  0.95 | 2.3e+00 4.6e+00 2.532e+00
#766  3027   1 | 1.29e+00 5.32e-01 +0.262  0.95 | 9.27e-01 2.57e-01 +0.190  0.97 | 2.2e+00 4.1e+00 2.426e+00
#767  4847   1 | 1.37e+00 7.90e-02 +0.173  0.98 | 1.03e+00 1.04e-01 +0.290  0.95 | 1.7e+00 3.7e+00 2.841e+00
#768  2540   1 | 1.00e+00 5.74e-02 +0.155  0.99 | 8.61e-01 6.96e-02 +0.136  0.98 | 2.1e+00 3.9e+00 1.715e+00
#769  2020   1 | 6.26e-01 8.36e-02 +0.136  0.98 | 1.03e+00 8.32e-02 +0.017  1.00 | 2.1e+00 3.9e+00 1.447e+00
#770   348   1 | 9.75e-01 3.81e-01 +0.700  0.61 | 1.04e+00 1.69e-01 +0.144  0.98 | 2.2e+00 3.5e+00 1.640e+00
#771  4440   1 | 1.05e+00 1.68e-01 +0.220  0.96 | 8.36e-01 2.60e-01 +0.333  0.89 | 1.7e+00 5.0e+00 1.670e+00
#772  4070   1 | 9.60e-01 1.96e-01 +0.036  1.03 | 1.03e+00 7.64e-02 +0.257  0.97 | 1.8e+00 3.2e+00 1.977e+00
#773   808   1 | 1.02e+00 1.57e-02 -0.161  1.01 | 9.92e-01 5.63e-02 +0.003  1.00 | 2.2e+00 4.3e+00 2.042e+00
#774  1888   1 | 1.11e+00 2.80e-02 +0.307  0.99 | 1.06e+00 4.91e-02 +0.047  1.00 | 2.0e+00 3.6e+00 2.328e+00
#775  4734   1 | 6.94e-01 5.31e-02 -0.083  1.02 | 1.00e+00 1.17e-01 +0.226  0.96 | 1.6e+00 3.7e+00 1.456e+00
#776  2547   1 | 9.63e-01 3.05e-01 +0.530  0.76 | 1.07e+00 1.33e-01 +0.129  0.98 | 2.2e+00 3.7e+00 1.845e+00
#777  2119   1 | 1.30e+00 1.15e-01 +0.260  0.96 | 1.09e+00 6.10e-02 +0.088  0.99 | 2.0e+00 3.5e+00 2.824e+00
#778   566   1 | 9.07e-01 2.20e-01 +0.115  1.00 | 9.18e-01 7.07e-02 +0.118  0.99 | 2.4e+00 4.5e+00 1.657e+00
#779  3130   1 | 6.59e-01 4.26e-01 +0.010  1.40 | 1.07e+00 1.66e-01 +0.197  0.96 | 2.2e+00 4.7e+00 1.711e+00
#780  2763   1 | 1.12e+00 1.34e-01 +0.015  1.01 | 1.01e+00 1.10e-01 +0.158  0.98 | 2.2e+00 3.8e+00 2.268e+00
#781  3408   1 | 4.57e-01 2.37e-01 +0.083  1.18 | 1.00e+00 3.08e-01 +0.203  0.97 | 2.1e+00 5.2e+00 1.220e+00
#782   107   1 | 5.68e-01 1.67e-01 +0.197  0.97 | 9.77e-01 1.14e-01 +0.058  1.00 | 2.0e+00 3.0e+00 1.269e+00
#783   522   1 | 8.21e-01 6.11e-01 +0.720  0.48 | 1.01e+00 1.95e-01 +0.086  1.00 | 2.3e+00 4.1e+00 1.355e+00
#784  2684   1 | 8.94e-01 2.35e-01 +0.408  0.85 | 9.15e-01 6.80e-02 +0.179  0.98 | 1.9e+00 4.5e+00 1.503e+00
#785  1645   1 | 1.29e+00 1.97e-02 -0.047  1.00 | 1.08e+00 3.95e-02 +0.055  1.00 | 2.2e+00 3.4e+00 2.831e+00
#786   145   1 | 1.31e+00 3.08e-01 +0.645  0.75 | 1.04e+00 1.48e-01 +0.063  1.00 | 2.1e+00 3.6e+00 2.365e+00
#787  3281   1 | 1.10e+00 1.49e-01 +0.123  0.98 | 1.08e+00 1.21e-01 +0.268  0.95 | 2.0e+00 4.5e+00 2.302e+00
#788  4458   1 | 7.01e-01 7.93e-02 +0.557  0.89 | 1.09e+00 8.23e-02 +0.244  0.97 | 1.6e+00 3.2e+00 1.582e+00
#789  3614   1 | 9.84e-01 4.27e-02 +0.386  0.97 | 1.07e+00 5.93e-02 +0.229  0.98 | 1.9e+00 3.6e+00 2.067e+00
#790  4622   1 | 1.35e+00 1.01e-01 +0.691  0.90 | 1.00e+00 7.52e-02 +0.364  0.95 | 1.5e+00 3.7e+00 2.610e+00
#791  3949   1 | 5.76e-01 4.47e-02 +0.527  0.92 | 1.04e+00 5.67e-02 +0.038  1.00 | 1.8e+00 4.8e+00 1.392e+00
#792   278   1 | 1.08e+00 2.13e-01 +0.395  0.88 | 9.93e-01 9.18e-02 -0.006  1.01 | 2.1e+00 3.6e+00 2.028e+00
#793  1238   1 | 1.20e+00 6.45e-01 +0.524  0.73 | 1.05e+00 2.19e-01 +0.128  0.99 | 2.4e+00 4.7e+00 2.153e+00
#794  4414   1 | 8.29e-01 2.34e-02 +0.332  0.98 | 9.42e-01 7.90e-02 +0.308  0.96 | 1.8e+00 3.5e+00 1.522e+00
#795   230   1 | 9.70e-01 4.69e-03 +0.283  1.00 | 1.06e+00 5.64e-02 -0.075  1.01 | 2.2e+00 3.3e+00 2.069e+00
#796  1652   1 | 7.29e-01 3.26e-01 +0.248  0.98 | 9.46e-01 2.19e-01 +0.150  0.98 | 2.4e+00 4.9e+00 1.400e+00
#797  4715   1 | 1.08e+00 2.09e-01 -0.110  1.08 | 9.37e-01 2.20e-01 +0.209  0.96 | 1.7e+00 4.1e+00 2.091e+00
#798  1336   1 | 8.53e-01 1.99e-01 +0.245  0.94 | 9.10e-01 7.43e-02 +0.066  1.00 | 2.5e+00 3.4e+00 1.509e+00
#799  1698   1 | 1.07e+00 4.45e-02 -0.016  1.00 | 9.70e-01 5.54e-02 -0.055  1.01 | 2.3e+00 4.3e+00 2.103e+00
#800   860   1 | 1.11e+00 6.53e-01 +0.726  0.49 | 1.02e+00 3.09e-01 +0.139  1.01 | 2.5e+00 5.0e+00 1.648e+00
#801  4445   1 | 9.79e-01 1.01e-01 +0.227  0.96 | 1.02e+00 7.03e-02 +0.258  0.97 | 1.7e+00 3.3e+00 1.928e+00
#802   820   1 | 1.14e+00 5.36e-01 +0.692  0.57 | 9.75e-01 2.11e-01 +0.080  1.01 | 2.4e+00 4.9e+00 1.709e+00
#803    16   1 | 1.02e+00 1.22e-01 -0.059  1.03 | 1.13e+00 6.68e-02 +0.008  1.00 | 2.4e+00 3.5e+00 2.352e+00
#804   276   1 | 1.17e+00 4.47e-01 +0.492  0.77 | 1.17e+00 1.55e-01 +0.103  0.99 | 2.5e+00 4.3e+00 2.407e+00
#805  2323   1 | 1.15e+00 1.85e-01 +0.022  1.02 | 9.43e-01 9.29e-02 +0.228  0.96 | 2.2e+00 3.7e+00 2.194e+00
#806  3756   1 | 1.07e+00 2.71e-01 +0.537  0.79 | 9.68e-01 1.27e-01 +0.209  0.96 | 1.8e+00 4.2e+00 1.810e+00
#807  2830   1 | 7.81e-01 6.61e-01 +0.341  1.14 | 9.59e-01 2.68e-01 +0.220  0.96 | 2.1e+00 4.6e+00 1.573e+00
#808  3224   1 | 1.09e+00 3.44e-02 +0.165  0.99 | 9.82e-01 3.70e-02 +0.096  0.99 | 2.0e+00 3.6e+00 2.126e+00
#809   382   1 | 4.70e-01 1.00e-01 +0.094  1.01 | 9.87e-01 8.01e-02 +0.180  0.98 | 2.5e+00 3.4e+00 1.175e+00
#810    60   1 | 1.14e+00 7.60e-03 -0.084  1.00 | 9.88e-01 4.32e-02 -0.099  1.01 | 2.4e+00 3.2e+00 2.293e+00
#811  3963   1 | 1.10e+00 4.17e-01 +0.382  0.85 | 1.05e+00 2.55e-01 +0.291  0.92 | 1.7e+00 4.7e+00 2.039e+00
#812   672   1 | 1.40e+00 7.20e-01 +0.591  0.66 | 1.01e+00 1.45e-01 -0.101  1.05 | 2.7e+00 4.6e+00 2.366e+00
#813   955   1 | 9.23e-01 3.24e-01 +0.807  0.56 | 9.51e-01 9.95e-02 -0.062  1.02 | 2.7e+00 4.2e+00 1.399e+00
#814  3452   1 | 4.76e-01 4.88e-02 -0.118  1.03 | 9.87e-01 6.53e-02 +0.337  0.96 | 1.9e+00 2.9e+00 1.170e+00
#815  2365   1 | 1.29e+00 3.47e-01 +0.266  0.93 | 9.27e-01 6.10e-02 +0.152  0.98 | 2.1e+00 3.5e+00 2.401e+00
#816  3872   1 | 1.18e+00 4.89e-01 +0.456  0.79 | 9.58e-01 2.41e-01 +0.060  1.03 | 1.8e+00 4.3e+00 2.054e+00
#817  4048   1 | 9.94e-01 1.36e-01 +0.115  0.99 | 1.06e+00 1.04e-01 +0.219  0.97 | 1.7e+00 3.9e+00 2.057e+00
#818   226   1 | 1.22e+00 2.90e-01 +0.362  0.88 | 1.10e+00 1.14e-01 +0.247  0.96 | 2.7e+00 3.8e+00 2.494e+00
#819  3341   1 | 5.74e-01 1.37e-02 +0.706  0.97 | 1.04e+00 3.85e-02 +0.074  1.00 | 1.9e+00 3.8e+00 1.400e+00
#820  1060   1 | 1.35e+00 7.89e-01 +0.691  0.53 | 1.00e+00 1.36e-01 +0.001  1.02 | 2.7e+00 4.7e+00 1.991e+00
#821   799   1 | 9.57e-01 3.28e-01 +0.527  0.76 | 1.07e+00 8.27e-02 +0.060  1.00 | 2.7e+00 3.3e+00 1.844e+00
#822  2152   1 | 1.11e+00 1.56e-01 +0.106  0.99 | 9.80e-01 6.33e-02 +0.407  0.95 | 2.2e+00 3.7e+00 2.133e+00
#823  4878   1 | 6.58e-01 1.38e-01 +0.001  1.04 | 1.07e+00 5.78e-02 +0.298  0.97 | 1.8e+00 3.2e+00 1.562e+00
#824  3792   1 | 8.81e-01 1.35e-01 +0.787  0.78 | 9.51e-01 1.24e-01 +0.339  0.93 | 1.7e+00 3.6e+00 1.446e+00
#825  4314   1 | 9.81e-01 2.30e-01 +0.244  0.94 | 1.02e+00 1.20e-01 +0.207  0.97 | 1.7e+00 4.4e+00 1.905e+00
#826  4447   1 | 4.93e-01 1.51e-01 +0.037  1.07 | 1.12e+00 1.74e-01 +0.258  0.94 | 1.7e+00 3.9e+00 1.439e+00
#827  3014   1 | 1.30e+00 2.11e-01 +0.156  0.98 | 1.01e+00 8.90e-02 +0.352  0.95 | 1.8e+00 3.5e+00 2.609e+00
#828   125   1 | 1.11e+00 5.08e-02 +0.125  0.99 | 9.82e-01 4.59e-02 -0.094  1.01 | 2.5e+00 3.8e+00 2.193e+00
#829  2058   1 | 1.20e+00 1.44e-01 +0.275  0.95 | 9.11e-01 7.22e-02 +0.183  0.98 | 2.0e+00 3.1e+00 2.187e+00
#830   905   1 | 1.23e+00 1.20e+00 +0.774  0.44 | 9.89e-01 2.90e-01 +0.216  0.96 | 3.0e+00 6.2e+00 1.607e+00
#831  3512   1 | 1.00e+00 1.42e-01 +0.162  0.97 | 8.61e-01 5.50e-02 +0.259  0.97 | 1.6e+00 3.6e+00 1.702e+00
#832  4951   1 | 1.23e+00 3.12e-01 +0.535  0.79 | 1.05e+00 2.02e-01 +0.201  0.96 | 1.9e+00 5.4e+00 2.269e+00
#833  4547   1 | 8.47e-01 4.13e-01 +0.253  0.99 | 9.10e-01 2.50e-01 +0.234  0.95 | 1.6e+00 4.8e+00 1.495e+00
#834   691   1 | 9.75e-01 9.72e-01 +0.705  0.59 | 1.04e+00 2.15e-01 +0.134  0.99 | 3.0e+00 4.5e+00 1.631e+00
#835  1405   1 | 8.24e-01 2.40e-01 +0.410  0.85 | 9.42e-01 6.46e-02 -0.002  1.01 | 2.9e+00 4.2e+00 1.467e+00
#836  4863   1 | 1.08e+00 3.08e-02 +0.147  0.99 | 9.97e-01 9.01e-02 +0.276  0.96 | 1.6e+00 3.0e+00 2.114e+00
#837    55   1 | 9.98e-01 5.97e-01 +0.672  0.55 | 9.45e-01 2.47e-01 +0.144  0.99 | 2.4e+00 4.6e+00 1.439e+00
#838  4919   1 | 1.08e+00 1.08e-01 +0.521  0.91 | 1.03e+00 7.28e-02 +0.184  0.98 | 1.7e+00 3.5e+00 2.098e+00
#839   969   1 | 7.71e-01 1.98e-01 +0.341  0.89 | 9.59e-01 1.23e-01 +0.154  0.98 | 2.6e+00 3.7e+00 1.427e+00
#840  2328   1 | 1.08e+00 8.74e-02 +0.397  0.94 | 9.93e-01 1.24e-01 +0.036  1.01 | 1.7e+00 3.3e+00 2.087e+00
#841   691   1 | 4.46e-01 1.28e-01 +0.089  1.03 | 1.00e+00 1.08e-01 +0.231  0.96 | 2.4e+00 3.3e+00 1.170e+00
#842  4315   1 | 9.07e-01 1.63e-01 +0.097  1.00 | 9.18e-01 2.75e-01 +0.227  0.95 | 1.7e+00 4.2e+00 1.623e+00
#843   448   1 | 1.32e+00 1.99e-01 +0.156  0.98 | 1.02e+00 1.04e-01 +0.072  1.00 | 2.2e+00 2.8e+00 2.730e+00
#844  4317   1 | 1.05e+00 1.98e-01 +0.209  0.96 | 8.36e-01 2.32e-01 +0.350  0.88 | 1.7e+00 4.6e+00 1.680e+00
#845  3581   1 | 1.03e+00 1.67e-01 -0.057  1.04 | 1.13e+00 1.25e-01 +0.234  0.96 | 1.7e+00 3.5e+00 2.352e+00
#846  4023   1 | 7.31e-01 4.33e-02 +0.589  0.93 | 1.09e+00 4.62e-02 +0.206  0.98 | 1.7e+00 3.8e+00 1.664e+00
#847  4628   1 | 1.10e+00 3.63e-01 +0.123  1.03 | 1.08e+00 2.64e-01 +0.336  0.90 | 1.6e+00 4.4e+00 2.287e+00
#848  2018   1 | 1.11e+00 1.79e-01 +0.283  0.93 | 1.06e+00 4.64e-02 -0.032  1.00 | 1.6e+00 3.9e+00 2.275e+00
#849  4960   1 | 6.09e-01 1.96e-01 -0.115  1.18 | 1.03e+00 1.03e-01 +0.411  0.93 | 1.6e+00 3.3e+00 1.419e+00
#850  2049   1 | 1.38e+00 1.39e-01 +0.158  0.98 | 1.03e+00 8.29e-02 +0.057  1.00 | 1.5e+00 3.4e+00 2.917e+00
#851  3559   1 | 1.10e+00 1.45e-01 +0.386  0.92 | 1.05e+00 1.27e-01 +0.324  0.94 | 1.5e+00 3.2e+00 2.149e+00
#852   623   1 | 1.12e+00 3.33e-02 +0.019  1.00 | 1.01e+00 5.09e-02 +0.168  0.99 | 2.0e+00 3.5e+00 2.257e+00
#853   635   1 | 5.96e-01 2.40e-01 +0.582  0.69 | 1.08e+00 9.82e-02 -0.041  1.02 | 2.3e+00 3.6e+00 1.440e+00
#854  2646   1 | 1.14e+00 1.33e-03 -0.254  1.00 | 9.43e-01 5.99e-02 +0.273  0.97 | 1.6e+00 3.2e+00 2.173e+00
#855  4321   1 | 1.03e+00 1.39e-01 +0.793  0.80 | 1.08e+00 1.63e-01 +0.243  0.95 | 1.5e+00 3.5e+00 1.963e+00
#856   920   1 | 5.46e-01 8.49e-02 +0.375  0.91 | 1.03e+00 1.02e-01 +0.214  0.97 | 2.1e+00 4.2e+00 1.294e+00
#857  4249   1 | 1.10e+00 1.14e-02 -0.679  1.01 | 1.02e+00 6.24e-02 +0.398  0.95 | 1.6e+00 3.2e+00 2.207e+00
#858    20   1 | 1.29e+00 1.28e-02 -0.031  1.00 | 1.08e+00 2.83e-02 -0.024  1.00 | 1.9e+00 4.0e+00 2.841e+00
#859  1746   1 | 9.61e-01 2.29e-01 +0.491  0.82 | 9.60e-01 9.44e-02 +0.022  1.01 | 1.9e+00 3.7e+00 1.687e+00
#860  4544   1 | 1.65e+00 1.71e-01 +0.184  0.97 | 9.65e-01 2.04e-01 +0.339  0.90 | 1.6e+00 4.5e+00 3.494e+00
#861  2520   1 | 8.30e-01 2.76e-01 +0.374  0.86 | 9.54e-01 2.03e-01 +0.299  0.92 | 1.9e+00 4.4e+00 1.429e+00
#862  1813   1 | 8.90e-01 1.51e-01 +0.398  0.89 | 9.15e-01 7.44e-02 +0.130  0.99 | 1.8e+00 3.8e+00 1.532e+00
#863  2054   1 | 1.17e+00 5.27e-02 +0.504  0.96 | 1.17e+00 6.13e-02 +0.296  0.97 | 1.9e+00 3.7e+00 2.635e+00
#864  4258   1 | 1.31e+00 1.48e-01 -0.005  1.01 | 9.64e-01 1.42e-01 +0.350  0.92 | 1.8e+00 4.9e+00 2.583e+00
#865  2023   1 | 1.14e+00 2.25e-02 +0.063  1.00 | 9.88e-01 3.24e-02 -0.083  1.01 | 2.0e+00 4.4e+00 2.279e+00
#866    76   1 | 9.65e-01 3.84e-02 -0.064  1.01 | 1.06e+00 6.91e-02 +0.278  0.97 | 2.1e+00 3.1e+00 2.034e+00
#867  1333   1 | 1.12e+00 8.16e-02 +0.486  0.93 | 1.13e+00 3.93e-02 +0.081  1.00 | 2.5e+00 3.4e+00 2.453e+00
#868  2792   1 | 1.30e+00 1.12e-01 +0.264  0.96 | 1.09e+00 8.47e-02 +0.188  0.98 | 2.1e+00 3.9e+00 2.795e+00
#869  3857   1 | 1.02e+00 5.54e-02 -0.164  1.02 | 9.92e-01 6.34e-02 +0.151  0.98 | 2.0e+00 3.5e+00 2.025e+00
#870  2233   1 | 1.32e+00 8.38e-01 +0.667  0.56 | 1.12e+00 3.10e-01 +0.242  0.94 | 2.2e+00 4.6e+00 2.149e+00
#871  4179   1 | 1.42e+00 8.91e-01 +0.599  0.64 | 1.01e+00 3.31e-01 +0.209  0.97 | 2.1e+00 4.9e+00 2.278e+00
#872  3551   1 | 1.11e+00 3.94e-01 +0.686  0.64 | 9.75e-01 1.47e-01 +0.163  0.97 | 2.2e+00 3.1e+00 1.715e+00
#873    36   1 | 1.08e+00 5.23e-01 +0.785  0.48 | 1.04e+00 2.22e-01 +0.130  0.99 | 2.3e+00 4.7e+00 1.627e+00
#874  2421   1 | 5.72e-01 1.01e-01 +0.212  0.96 | 9.77e-01 8.94e-02 +0.210  0.97 | 2.4e+00 3.5e+00 1.239e+00
#875  1443   1 | 1.09e+00 1.15e-01 +0.112  0.99 | 9.37e-01 8.06e-02 +0.123  0.99 | 2.3e+00 3.5e+00 2.036e+00
#876  2319   1 | 9.99e-01 1.77e-01 +0.368  0.90 | 1.07e+00 6.78e-02 +0.155  0.98 | 2.5e+00 4.2e+00 2.036e+00
#877  1328   1 | 8.22e-01 7.08e-01 +0.721  0.50 | 1.01e+00 1.64e-01 +0.136  0.98 | 2.4e+00 4.2e+00 1.346e+00
#878  1295   1 | 5.12e-01 3.06e-02 -0.084  1.01 | 9.97e-01 8.64e-02 -0.010  1.01 | 2.4e+00 3.9e+00 1.269e+00
#879  1889   1 | 7.29e-01 6.11e-02 -0.255  1.05 | 9.46e-01 7.32e-02 +0.136  0.98 | 2.5e+00 4.0e+00 1.440e+00
#880  3402   1 | 1.09e+00 7.65e-01 +0.028  1.46 | 9.70e-01 1.56e-01 +0.134  0.98 | 2.8e+00 4.7e+00 2.642e+00
#881  1121   1 | 5.78e-01 3.07e-01 +0.203  1.07 | 1.05e+00 1.16e-01 +0.095  0.99 | 2.6e+00 2.7e+00 1.455e+00
#882  3971   1 | 1.02e+00 1.92e-02 -0.276  1.01 | 1.02e+00 1.83e-01 +0.285  0.93 | 2.3e+00 3.8e+00 2.026e+00
#883  3581   1 | 7.15e-01 1.03e-01 -0.089  1.05 | 1.00e+00 7.38e-02 +0.264  0.97 | 2.4e+00 3.6e+00 1.506e+00
#884   510   1 | 1.08e+00 3.31e-01 +0.531  0.77 | 9.68e-01 1.01e-01 +0.254  0.96 | 2.4e+00 3.9e+00 1.800e+00
#885  2333   1 | 1.30e+00 1.01e-01 +0.641  0.91 | 1.04e+00 4.78e-02 +0.113  0.99 | 2.2e+00 4.1e+00 2.608e+00
#886  1321   1 | 7.38e-01 6.63e-02 +0.304  0.95 | 9.49e-01 1.10e-01 +0.142  0.98 | 2.3e+00 4.4e+00 1.403e+00
#887  1591   1 | 9.64e-01 1.85e-01 +0.035  1.02 | 1.03e+00 1.03e-01 +0.051  1.00 | 2.3e+00 3.8e+00 2.016e+00
#888  3268   1 | 4.75e-01 2.32e-02 -0.153  1.02 | 9.87e-01 4.10e-02 +0.277  0.98 | 2.0e+00 3.4e+00 1.184e+00
#889   179   1 | 8.22e-01 4.66e-01 +0.721  0.50 | 1.01e+00 1.46e-01 +0.160  0.97 | 2.2e+00 3.0e+00 1.340e+00
#890  4160   1 | 9.64e-01 1.02e-01 +0.041  1.00 | 1.03e+00 1.70e-01 +0.355  0.91 | 1.8e+00 3.4e+00 1.900e+00
#891  2291   1 | 9.78e-01 5.70e-02 -0.709  1.09 | 1.04e+00 1.28e-01 +0.286  0.94 | 2.0e+00 3.2e+00 2.065e+00
#892  1252   1 | 1.23e+00 6.97e-01 +0.775  0.44 | 9.89e-01 3.18e-01 +0.215  0.97 | 2.2e+00 4.7e+00 1.618e+00
#893  1547   1 | 1.12e+00 1.69e-01 +0.481  0.88 | 1.13e+00 8.82e-02 +0.066  1.00 | 2.3e+00 3.8e+00 2.380e+00
#894  3596   1 | 1.05e+00 1.38e-01 +0.518  0.88 | 1.03e+00 7.21e-02 +0.096  0.99 | 1.8e+00 4.9e+00 2.016e+00
#895  2317   1 | 1.15e+00 9.19e-03 +0.189  1.00 | 9.43e-01 5.35e-02 +0.236  0.98 | 1.9e+00 5.0e+00 2.176e+00
#896   765   1 | 1.29e+00 1.51e-01 +0.024  1.01 | 9.64e-01 6.51e-02 +0.305  0.96 | 2.2e+00 3.8e+00 2.585e+00
#897  4931   1 | 8.32e-01 1.32e-01 +0.259  0.94 | 9.10e-01 2.07e-01 +0.224  0.95 | 1.7e+00 4.4e+00 1.438e+00
#898  3441   1 | 1.02e+00 1.79e-02 +0.129  1.00 | 9.92e-01 6.48e-02 +0.135  0.99 | 1.6e+00 3.8e+00 2.002e+00
#899  3718   1 | 1.08e+00 2.55e-01 +0.720  0.72 | 1.02e+00 1.22e-01 +0.328  0.94 | 1.7e+00 4.9e+00 1.809e+00
#900  1969   1 | 1.38e+00 4.62e-01 +0.159  1.01 | 1.03e+00 1.55e-01 +0.060  1.00 | 2.0e+00 3.0e+00 2.975e+00
#901  3030   1 | 7.19e-01 5.45e-02 +0.574  0.92 | 1.09e+00 5.18e-02 +0.050  1.00 | 1.9e+00 3.8e+00 1.656e+00
#902  1966   1 | 1.08e+00 1.15e-01 +0.390  0.93 | 9.93e-01 1.04e-01 +0.027  1.01 | 1.9e+00 3.9e+00 2.071e+00
#903  1668   1 | 1.04e+00 5.91e-01 +0.213  1.08 | 8.36e-01 2.57e-01 +0.238  0.95 | 2.2e+00 5.0e+00 1.835e+00
#904  3310   1 | 6.21e-01 4.12e-02 +0.594  0.93 | 1.08e+00 1.19e-01 +0.145  0.98 | 1.9e+00 3.7e+00 1.509e+00
#905  4301   1 | 1.09e+00 4.46e-01 +0.536  0.73 | 9.68e-01 1.91e-01 +0.195  0.96 | 1.8e+00 4.3e+00 1.759e+00
#906  2299   1 | 5.51e-01 4.87e-02 +0.405  0.94 | 1.03e+00 8.25e-02 +0.194  0.98 | 2.1e+00 4.5e+00 1.316e+00
#907  2415   1 | 7.42e-01 8.33e-02 +0.308  0.94 | 9.49e-01 9.73e-02 +0.196  0.97 | 2.0e+00 4.3e+00 1.394e+00
#908  3215   1 | 4.55e-01 7.52e-02 +0.092  1.00 | 1.00e+00 1.14e-01 +0.112  0.99 | 2.0e+00 3.9e+00 1.197e+00
#909  1701   1 | 1.00e+00 2.80e-01 +0.371  0.87 | 1.07e+00 1.27e-01 +0.209  0.96 | 2.2e+00 3.5e+00 1.987e+00
#910  4600   1 | 1.05e+00 1.69e-01 +0.289  0.93 | 1.02e+00 3.38e-01 +0.277  0.93 | 1.9e+00 4.7e+00 1.992e+00
#911   600   1 | 1.32e+00 2.15e-01 +0.153  0.98 | 1.02e+00 1.34e-01 +0.098  0.99 | 2.5e+00 4.1e+00 2.727e+00
#912  4974   1 | 1.11e+00 3.58e-02 +0.052  1.00 | 1.01e+00 3.75e-02 +0.329  0.98 | 2.0e+00 3.5e+00 2.223e+00
#913  3900   1 | 6.45e-01 2.93e-01 -0.147  1.34 | 1.03e+00 1.04e-01 +0.386  0.93 | 2.0e+00 4.6e+00 1.544e+00
#914  1382   1 | 7.02e-01 1.25e-01 +0.072  1.01 | 1.00e+00 5.57e-02 +0.152  0.99 | 2.3e+00 3.8e+00 1.486e+00
#915  1796   1 | 1.14e+00 2.65e-02 +0.002  1.00 | 9.88e-01 3.33e-02 -0.101  1.01 | 2.1e+00 3.6e+00 2.285e+00
#916  3418   1 | 1.41e+00 1.31e-01 +0.597  0.90 | 1.01e+00 8.23e-02 +0.116  0.99 | 1.8e+00 3.6e+00 2.793e+00
#917   250   1 | 1.11e+00 1.49e-02 +0.119  1.00 | 9.80e-01 4.24e-02 +0.114  0.99 | 2.3e+00 3.1e+00 2.191e+00
#918  1502   1 | 8.24e-01 4.60e-02 +0.412  0.96 | 9.42e-01 5.48e-02 +0.015  1.00 | 2.2e+00 3.2e+00 1.539e+00
#919  4526   1 | 1.32e+00 3.51e-01 +0.675  0.71 | 1.12e+00 2.30e-01 +0.302  0.92 | 1.9e+00 4.6e+00 2.402e+00
#920   191   1 | 9.23e-01 2.61e-01 +0.804  0.62 | 9.51e-01 1.17e-01 -0.068  1.03 | 2.3e+00 3.8e+00 1.465e+00
#921   147   1 | 9.98e-01 2.79e-01 +0.670  0.70 | 9.45e-01 1.35e-01 +0.155  0.98 | 2.3e+00 4.8e+00 1.574e+00
#922  3003   1 | 1.18e+00 2.29e-01 +0.456  0.86 | 9.58e-01 8.24e-02 +0.030  1.00 | 2.2e+00 3.1e+00 2.115e+00
#923  1771   1 | 1.21e+00 1.44e-01 +0.283  0.95 | 9.11e-01 4.26e-02 +0.140  0.99 | 2.4e+00 4.0e+00 2.198e+00
#924  3117   1 | 1.09e+00 4.87e-02 +0.128  0.99 | 9.82e-01 4.05e-02 +0.039  1.00 | 2.5e+00 4.6e+00 2.136e+00
#925  3069   1 | 7.85e-01 2.27e-01 +0.336  0.89 | 9.59e-01 7.33e-02 +0.296  0.96 | 2.6e+00 3.1e+00 1.430e+00
#926  2445   1 | 9.62e-01 1.20e-01 -0.069  1.03 | 1.06e+00 5.84e-02 +0.344  0.97 | 2.6e+00 3.5e+00 2.048e+00
#927  2196   1 | 9.60e-01 8.93e-03 +0.493  0.99 | 1.07e+00 5.86e-02 +0.140  0.99 | 2.7e+00 3.1e+00 2.055e+00
#928  3690   1 | 5.82e-01 9.03e-02 +0.515  0.86 | 1.04e+00 4.63e-02 +0.080  0.99 | 2.8e+00 3.4e+00 1.373e+00
#929   156   1 | 1.30e+00 7.61e-01 +0.265  1.03 | 9.27e-01 1.86e-01 +0.190  0.96 | 2.6e+00 4.3e+00 2.564e+00
#930  4721   1 | 1.10e+00 4.96e-01 +0.788  0.49 | 1.04e+00 1.36e-01 +0.132  0.98 | 2.6e+00 4.6e+00 1.656e+00
#931  1760   1 | 1.31e+00 6.19e-02 +0.637  0.94 | 1.04e+00 3.77e-02 +0.114  0.99 | 2.9e+00 3.8e+00 2.674e+00
#932  4255   1 | 1.23e+00 5.92e-03 -0.483  1.00 | 1.10e+00 7.31e-02 +0.324  0.96 | 2.8e+00 3.1e+00 2.701e+00
#933  1548   1 | 1.09e+00 2.54e-01 +0.115  1.00 | 9.37e-01 1.05e-01 +0.164  0.98 | 2.5e+00 3.4e+00 2.043e+00
#934  2587   1 | 1.28e+00 1.30e-02 +0.055  1.00 | 1.08e+00 6.51e-02 +0.124  0.99 | 3.0e+00 4.1e+00 2.802e+00
#935  1427   1 | 1.31e+00 3.03e-01 +0.156  0.98 | 1.01e+00 8.18e-02 +0.155  0.98 | 2.8e+00 4.2e+00 2.691e+00
#936  1889   1 | 7.29e-01 1.23e-01 +0.257  0.94 | 9.46e-01 5.70e-02 +0.119  0.99 | 3.0e+00 2.5e+00 1.386e+00
#937   279   1 | 9.72e-01 1.28e-01 -0.242  1.08 | 1.02e+00 1.03e-01 -0.058  1.02 | 2.7e+00 3.2e+00 2.080e+00
#938  4100   1 | 1.11e+00 9.50e-01 +0.684  0.56 | 9.75e-01 2.01e-01 +0.255  0.94 | 3.0e+00 3.7e+00 1.581e+00
#939  2121   1 | 5.70e-01 1.29e-01 +0.187  0.97 | 9.77e-01 5.48e-02 +0.077  0.99 | 3.0e+00 2.4e+00 1.265e+00
#940  2440   1 | 1.08e+00 2.78e-01 -0.036  1.09 | 9.70e-01 9.26e-02 +0.102  0.99 | 3.0e+00 3.7e+00 2.186e+00
#941  2778   1 | 1.00e+00 3.71e-02 -0.197  1.02 | 8.61e-01 9.86e-02 +0.192  0.97 | 2.8e+00 4.2e+00 1.736e+00
#942  1048   1 | 1.10e+00 2.24e-02 +0.143  0.99 | 1.08e+00 5.18e-02 +0.126  0.99 | 2.8e+00 3.3e+00 2.354e+00
#943   997   1 | 1.35e+00 6.92e-02 +0.680  0.93 | 1.00e+00 1.07e-01 -0.040  1.02 | 2.7e+00 3.2e+00 2.715e+00
#944  1681   1 | 1.30e+00 8.75e-02 +0.267  0.97 | 1.09e+00 4.55e-02 +0.028  1.00 | 2.7e+00 3.0e+00 2.846e+00
#945  3153   1 | 1.07e+00 1.37e-01 +0.142  0.98 | 9.97e-01 4.40e-02 +0.272  0.98 | 2.8e+00 3.8e+00 2.096e+00
#946  1993   1 | 1.11e+00 5.50e-01 +0.282  0.97 | 1.06e+00 2.08e-01 -0.104  1.08 | 2.7e+00 4.2e+00 2.397e+00
#947   121   1 | 1.17e+00 5.31e-01 +0.494  0.76 | 1.17e+00 1.57e-01 +0.074  1.00 | 2.6e+00 5.0e+00 2.401e+00
#948  1372   1 | 8.89e-01 3.84e-01 +0.402  0.84 | 9.15e-01 1.05e-01 +0.079  1.00 | 2.5e+00 3.4e+00 1.496e+00
#949  3653   1 | 9.89e-01 4.94e-02 -0.071  1.01 | 1.06e+00 4.30e-02 +0.263  0.98 | 2.5e+00 3.1e+00 2.085e+00
#950  4261   1 | 4.94e-01 3.24e-01 -0.059  1.51 | 1.12e+00 8.67e-02 +0.326  0.96 | 2.4e+00 5.0e+00 1.560e+00
#951   474   1 | 5.12e-01 4.23e-02 -0.165  1.03 | 9.97e-01 5.62e-02 +0.025  1.00 | 2.5e+00 4.3e+00 1.265e+00
#952  1002   1 | 1.13e+00 9.36e-02 +0.386  0.94 | 1.05e+00 6.34e-02 +0.271  0.97 | 2.5e+00 3.2e+00 2.286e+00
#953  3020   1 | 1.02e+00 1.17e-01 -0.026  1.02 | 1.13e+00 6.14e-02 +0.208  0.98 | 2.2e+00 3.3e+00 2.331e+00
#954  3069   1 | 9.10e-01 5.67e-02 -0.089  1.01 | 9.18e-01 8.57e-02 +0.256  0.96 | 2.1e+00 2.9e+00 1.649e+00
#955  1937   1 | 5.80e-01 1.93e-02 +0.170  0.99 | 1.05e+00 3.16e-02 +0.263  0.99 | 1.9e+00 2.4e+00 1.424e+00
#956  2443   1 | 1.66e+00 2.54e-01 +0.168  0.97 | 9.65e-01 1.32e-01 +0.302  0.94 | 1.8e+00 4.1e+00 3.538e+00
#957  2152   1 | 6.58e-01 5.01e-02 +0.008  1.00 | 1.07e+00 8.22e-02 +0.299  0.96 | 1.7e+00 3.2e+00 1.533e+00
#958  1452   1 | 1.05e+00 6.31e-01 +0.799  0.40 | 1.08e+00 3.29e-01 +0.171  0.99 | 2.1e+00 5.1e+00 1.601e+00
#959  2063   1 | 1.20e+00 5.40e-02 +0.562  0.95 | 1.05e+00 6.79e-02 +0.194  0.98 | 1.5e+00 3.4e+00 2.461e+00
#960   529   1 | 8.26e-01 2.45e-01 +0.376  0.87 | 9.54e-01 1.51e-01 +0.265  0.94 | 2.2e+00 3.6e+00 1.446e+00
#961  3028   1 | 9.68e-01 5.50e-02 +0.526  0.94 | 9.60e-01 7.15e-02 +0.147  0.98 | 1.6e+00 2.9e+00 1.791e+00
#962  1496   1 | 9.64e-01 1.24e-01 -0.087  1.04 | 1.06e+00 7.65e-02 +0.351  0.95 | 2.0e+00 4.1e+00 2.045e+00
#963  4111   1 | 1.00e+00 6.91e-02 +0.135  0.99 | 8.61e-01 8.19e-02 +0.303  0.95 | 1.4e+00 3.5e+00 1.691e+00
#964  4676   1 | 8.11e-01 4.73e-02 -0.660  1.08 | 1.01e+00 5.95e-02 +0.350  0.96 | 1.6e+00 3.5e+00 1.698e+00
#965  4150   1 | 5.65e-01 6.42e-02 +0.584  0.88 | 1.04e+00 6.16e-02 +0.283  0.97 | 1.6e+00 3.4e+00 1.334e+00
#966  3115   1 | 8.99e-01 1.03e-01 +0.347  0.93 | 9.15e-01 7.05e-02 +0.095  0.99 | 1.4e+00 3.7e+00 1.585e+00
#967  2265   1 | 9.61e-01 1.49e-01 +0.567  0.85 | 1.07e+00 8.99e-02 +0.137  0.98 | 1.8e+00 3.8e+00 1.919e+00
#968   890   1 | 5.78e-01 1.11e-02 +0.193  0.99 | 1.05e+00 5.91e-02 +0.210  0.98 | 2.3e+00 3.6e+00 1.417e+00
#969   952   1 | 1.10e+00 5.40e-02 +0.137  0.99 | 1.08e+00 5.20e-02 +0.145  0.99 | 2.3e+00 4.1e+00 2.345e+00
#970  2900   1 | 1.07e+00 2.64e-02 +0.396  0.98 | 9.93e-01 7.92e-02 +0.101  0.99 | 1.8e+00 3.3e+00 2.109e+00
#971  4802   1 | 4.41e-01 1.74e-01 -0.066  1.21 | 1.00e+00 3.40e-01 +0.301  0.91 | 1.8e+00 4.7e+00 1.148e+00
#972  1238   1 | 8.53e-01 1.13e-01 +0.174  0.97 | 9.10e-01 6.24e-02 +0.029  1.00 | 2.2e+00 5.1e+00 1.535e+00
#973  1610   1 | 1.05e+00 8.08e-01 +0.797  0.36 | 1.08e+00 3.35e-01 +0.175  0.99 | 2.2e+00 5.4e+00 1.561e+00
#974  1353   1 | 1.20e+00 4.92e-01 +0.517  0.74 | 1.05e+00 2.12e-01 +0.148  0.98 | 2.4e+00 3.7e+00 2.170e+00
#975  2161   1 | 1.10e+00 1.34e-01 +0.169  0.97 | 9.82e-01 7.29e-02 -0.031  1.01 | 2.1e+00 4.1e+00 2.159e+00
#976  1169   1 | 1.35e+00 6.48e-01 +0.688  0.57 | 1.00e+00 1.95e-01 -0.062  1.06 | 2.2e+00 4.1e+00 2.098e+00
#977   545   1 | 1.32e+00 9.80e-02 +0.157  0.98 | 1.02e+00 8.18e-02 +0.080  0.99 | 2.5e+00 3.3e+00 2.739e+00
#978  1047   1 | 1.40e+00 4.84e-01 +0.604  0.70 | 1.01e+00 1.39e-01 -0.032  1.03 | 2.6e+00 4.4e+00 2.433e+00
#979  2688   1 | 1.66e+00 5.23e-01 +0.168  0.99 | 9.65e-01 1.66e-01 +0.317  0.92 | 2.5e+00 3.5e+00 3.587e+00
#980  2620   1 | 9.65e-01 2.10e-01 +0.515  0.82 | 9.60e-01 9.18e-02 +0.155  0.98 | 2.6e+00 3.5e+00 1.669e+00
#981  4098   1 | 1.28e+00 4.90e-01 +0.142  1.04 | 1.01e+00 1.89e-01 +0.367  0.90 | 2.5e+00 3.3e+00 2.617e+00
#982  3579   1 | 1.03e+00 7.16e-02 -0.013  1.01 | 1.13e+00 6.26e-02 +0.270  0.97 | 2.7e+00 3.3e+00 2.327e+00
#983  1712   1 | 1.17e+00 1.69e-01 +0.483  0.88 | 1.17e+00 8.36e-02 +0.243  0.97 | 2.7e+00 3.2e+00 2.530e+00
#984  2149   1 | 1.08e+00 7.60e-01 +0.780  0.40 | 1.04e+00 2.44e-01 +0.123  1.00 | 2.7e+00 4.1e+00 1.538e+00
#985  2617   1 | 1.10e+00 6.14e-01 +0.726  0.50 | 1.02e+00 1.79e-01 +0.187  0.97 | 2.7e+00 4.6e+00 1.607e+00
#986  3053   1 | 4.74e-01 3.68e-02 +0.263  0.97 | 9.87e-01 4.84e-02 +0.209  0.98 | 2.7e+00 3.9e+00 1.174e+00
#987  1561   1 | 1.09e+00 5.57e-02 +0.097  0.99 | 9.37e-01 6.35e-02 +0.186  0.98 | 2.8e+00 3.7e+00 2.036e+00
#988  3931   1 | 1.18e+00 2.46e-01 +0.460  0.85 | 9.58e-01 8.62e-02 +0.077  0.99 | 2.7e+00 3.7e+00 2.102e+00
#989  2002   1 | 9.63e-01 2.89e-01 +0.038  1.07 | 1.03e+00 9.69e-02 -0.010  1.01 | 2.9e+00 2.5e+00 2.066e+00
#990  4716   1 | 6.94e-01 1.77e-01 -0.110  1.12 | 1.00e+00 7.05e-02 +0.246  0.97 | 2.7e+00 3.1e+00 1.515e+00
#991  3167   1 | 7.35e-01 3.17e-01 +0.265  0.96 | 9.46e-01 1.41e-01 +0.172  0.97 | 2.9e+00 3.9e+00 1.386e+00
#992   749   1 | 9.74e-01 7.53e-03 +0.549  0.99 | 1.04e+00 1.08e-01 +0.239  0.96 | 3.0e+00 3.6e+00 1.986e+00
#993  4755   1 | 9.41e-01 1.44e-01 +0.815  0.77 | 9.51e-01 2.32e-01 +0.389  0.87 | 2.8e+00 3.6e+00 1.471e+00
#994  2352   1 | 9.73e-01 3.29e-02 -0.117  1.01 | 1.06e+00 3.78e-02 +0.082  1.00 | 3.0e+00 4.1e+00 2.069e+00
#995  2742   1 | 1.14e+00 6.28e-02 -0.000  1.00 | 9.88e-01 3.23e-02 -0.044  1.00 | 3.0e+00 3.1e+00 2.276e+00
#996  3001   1 | 4.97e-01 2.80e-01 -0.042  1.37 | 1.12e+00 6.63e-02 +0.183  0.98 | 3.0e+00 4.0e+00 1.563e+00
#997  1817   1 | 1.11e+00 8.44e-02 +0.169  0.98 | 9.80e-01 4.14e-02 +0.261  0.98 | 3.0e+00 4.1e+00 2.151e+00
#998  1619   1 | 1.07e+00 1.57e-01 +0.518  0.87 | 1.03e+00 6.53e-02 +0.043  1.00 | 3.0e+00 2.9e+00 2.048e+00
#999  4548   1 | 1.31e+00 1.29e-02 +0.349  0.99 | 1.09e+00 6.67e-02 +0.362  0.96 | 2.7e+00 3.2e+00 2.857e+00
#1000  1656   1 | 9.71e-01 3.11e-01 +0.241  0.95 | 1.02e+00 1.02e-01 -0.011  1.01 | 2.9e+00 3.0e+00 1.943e+00
#1001  4725   1 | 1.15e+00 4.93e-01 +0.388  0.85 | 1.05e+00 1.28e-01 +0.311  0.94 | 2.7e+00 2.6e+00 2.163e+00
#1002  1584   1 | 1.32e+00 8.51e-01 +0.668  0.55 | 1.12e+00 1.84e-01 +0.200  0.96 | 2.9e+00 3.6e+00 2.176e+00
#1003  3895   1 | 1.06e+00 6.80e-02 +0.120  0.99 | 8.36e-01 1.14e-01 +0.417  0.91 | 2.7e+00 3.8e+00 1.746e+00
#1004  3801   1 | 7.37e-01 7.95e-02 +0.492  0.91 | 1.09e+00 4.87e-02 +0.120  0.99 | 2.7e+00 3.5e+00 1.665e+00
#1005  4938   1 | 1.15e+00 8.88e-02 -0.514  1.09 | 1.13e+00 6.20e-02 +0.479  0.95 | 2.7e+00 3.1e+00 2.645e+00
#1006  2763   1 | 1.14e+00 1.21e-01 +0.115  0.99 | 9.43e-01 7.45e-02 +0.229  0.97 | 2.9e+00 3.1e+00 2.155e+00
#1007  4627   1 | 1.30e+00 8.39e-01 +0.265  1.07 | 9.27e-01 3.28e-01 +0.176  1.00 | 2.6e+00 4.2e+00 2.677e+00
#1008  4203   1 | 1.03e+00 8.83e-02 -0.180  1.04 | 9.92e-01 1.15e-01 +0.137  0.98 | 2.4e+00 3.6e+00 2.060e+00
#1009  2616   1 | 1.04e+00 5.43e-02 -0.025  1.01 | 1.02e+00 5.48e-02 +0.264  0.97 | 2.4e+00 4.2e+00 2.094e+00
#1010   723   1 | 1.00e+00 2.35e-01 +0.372  0.88 | 1.07e+00 8.24e-02 +0.156  0.98 | 2.8e+00 3.5e+00 2.020e+00
#1011  4010   1 | 8.55e-01 1.14e-01 -0.375  1.12 | 9.42e-01 4.91e-02 +0.294  0.97 | 2.1e+00 3.6e+00 1.681e+00
#1012  4156   1 | 1.27e+00 1.78e-02 -0.006  1.00 | 1.08e+00 7.94e-02 +0.348  0.95 | 1.9e+00 2.8e+00 2.725e+00
#1013  2228   1 | 5.50e-01 9.11e-02 +0.375  0.90 | 1.03e+00 5.90e-02 +0.195  0.98 | 2.1e+00 3.4e+00 1.312e+00
#1014    51   1 | 1.11e+00 3.11e-01 -0.289  1.24 | 1.06e+00 1.18e-01 -0.193  1.06 | 2.3e+00 3.7e+00 2.705e+00
#1015  4131   1 | 1.39e+00 5.37e-02 +0.161  0.99 | 1.03e+00 6.57e-02 +0.225  0.98 | 1.5e+00 2.7e+00 2.950e+00
#1016  2628   1 | 6.58e-01 1.07e-01 -0.071  1.05 | 1.07e+00 1.03e-01 +0.269  0.96 | 1.6e+00 3.0e+00 1.550e+00
#1017  3833   1 | 8.04e-01 4.15e-02 +0.274  0.97 | 9.59e-01 8.19e-02 +0.335  0.95 | 1.4e+00 3.4e+00 1.503e+00
#1018  1258   1 | 7.38e-01 6.84e-02 +0.268  0.96 | 9.49e-01 7.77e-02 +0.137  0.98 | 1.7e+00 3.6e+00 1.410e+00
#1019   782   1 | 6.23e-01 1.28e-01 -0.211  1.13 | 1.03e+00 6.99e-02 +0.151  0.98 | 1.9e+00 4.1e+00 1.480e+00
#1020   112   1 | 1.12e+00 1.20e-02 +0.006  1.00 | 1.01e+00 6.67e-02 +0.099  0.99 | 1.4e+00 3.6e+00 2.264e+00
#1021  1075   1 | 1.31e+00 3.65e-02 +0.792  0.96 | 1.04e+00 4.46e-02 +0.095  0.99 | 1.3e+00 3.6e+00 2.703e+00
#1022  1688   1 | 1.23e+00 2.75e-01 +0.748  0.72 | 9.89e-01 3.03e-01 +0.212  0.96 | 1.3e+00 5.0e+00 2.028e+00
#1023  1602   1 | 5.13e-01 7.06e-03 +0.126  1.00 | 9.97e-01 7.72e-02 +0.017  1.00 | 1.5e+00 2.5e+00 1.259e+00
#1024   515   1 | 9.07e-01 2.99e-02 -0.623  1.04 | 9.18e-01 6.78e-02 +0.103  0.99 | 1.6e+00 3.0e+00 1.691e+00
#1025  4830   1 | 1.16e+00 9.28e-02 +0.718  0.89 | 9.75e-01 1.10e-01 +0.388  0.92 | 1.4e+00 3.4e+00 2.089e+00
#1026  2476   1 | 1.22e+00 4.09e-02 -0.222  1.02 | 1.10e+00 6.07e-02 +0.246  0.98 | 1.6e+00 3.7e+00 2.712e+00
#1027  4794   1 | 1.23e+00 1.13e-01 -0.300  1.06 | 9.11e-01 1.17e-01 +0.335  0.93 | 1.6e+00 3.7e+00 2.373e+00
#1028  4812   1 | 9.83e-01 2.60e-02 -0.690  1.04 | 9.45e-01 7.49e-02 +0.249  0.97 | 1.7e+00 3.2e+00 1.867e+00
#1029  3003   1 | 1.08e+00 9.17e-02 +0.551  0.91 | 9.68e-01 6.66e-02 +0.261  0.97 | 1.8e+00 3.6e+00 1.968e+00
#1030  3758   1 | 6.35e-01 3.94e-02 +0.608  0.93 | 1.08e+00 8.07e-02 +0.132  0.99 | 1.8e+00 4.1e+00 1.533e+00
#1031  1116   1 | 1.07e+00 5.35e-03 +0.200  1.00 | 9.70e-01 5.55e-02 -0.140  1.02 | 2.1e+00 3.0e+00 2.105e+00
#1032   856   1 | 1.08e+00 7.89e-02 -0.163  1.03 | 9.97e-01 3.80e-02 +0.150  0.99 | 2.2e+00 4.1e+00 2.178e+00
#1033  2929   1 | 5.75e-01 9.30e-02 +0.226  0.95 | 9.77e-01 7.55e-02 +0.206  0.97 | 2.1e+00 3.6e+00 1.245e+00
#1034  4888   1 | 1.29e+00 3.83e-01 -0.016  1.10 | 9.64e-01 2.25e-01 +0.362  0.89 | 2.1e+00 4.0e+00 2.644e+00
#1035  2453   1 | 8.30e-01 6.46e-02 -0.352  1.06 | 9.54e-01 9.49e-02 +0.234  0.96 | 2.1e+00 3.6e+00 1.606e+00
#1036   346   1 | 1.31e+00 6.26e-02 +0.737  0.93 | 1.04e+00 4.94e-02 +0.072  1.00 | 2.0e+00 3.2e+00 2.665e+00
#1037  3078   1 | 1.07e+00 7.59e-03 -0.039  1.00 | 9.97e-01 9.00e-02 +0.253  0.96 | 1.7e+00 3.8e+00 2.105e+00
#1038  4330   1 | 1.12e+00 5.35e-01 -0.289  1.51 | 1.06e+00 2.83e-01 +0.218  0.96 | 1.6e+00 4.9e+00 2.954e+00
#1039  3693   1 | 1.10e+00 3.07e-02 -0.137  1.01 | 1.08e+00 8.13e-02 +0.342  0.95 | 1.2e+00 3.7e+00 2.335e+00
#1040  1622   1 | 9.21e-01 2.00e-02 -0.763  1.03 | 9.51e-01 6.02e-02 +0.034  1.00 | 1.2e+00 3.2e+00 1.781e+00
#1041    18   1 | 8.53e-01 1.20e-02 +0.012  1.00 | 9.10e-01 6.27e-02 -0.017  1.01 | 1.1e+00 3.9e+00 1.561e+00
#1042  2117   1 | 5.80e-01 3.59e-02 +0.017  1.00 | 1.05e+00 3.98e-02 +0.217  0.98 | 1.2e+00 2.8e+00 1.428e+00
#1043   131   1 | 1.11e+00 2.11e-02 +0.208  0.99 | 9.80e-01 2.66e-02 +0.043  1.00 | 1.0e+00 3.6e+00 2.191e+00
#1044   385   1 | 1.40e+00 1.73e-02 +0.356  0.99 | 1.01e+00 8.79e-02 +0.004  1.01 | 1.1e+00 3.8e+00 2.982e+00
#1045   697   1 | 7.01e-01 4.61e-02 +0.391  0.95 | 1.00e+00 4.18e-02 +0.044  1.00 | 1.1e+00 4.0e+00 1.471e+00
#1046  3457   1 | 1.29e+00 7.01e-02 -0.007  1.00 | 1.09e+00 3.52e-02 +0.134  0.99 | 1.9e+00 3.3e+00 2.863e+00
#1047   981   1 | 1.05e+00 2.78e-02 +0.205  0.99 | 1.08e+00 8.11e-02 +0.135  0.99 | 1.2e+00 4.2e+00 2.247e+00
#1048  3169   1 | 1.08e+00 4.85e-02 -0.007  1.00 | 9.68e-01 3.10e-02 +0.148  0.99 | 2.0e+00 3.6e+00 2.090e+00
#1049  1068   1 | 5.69e-01 5.61e-02 -0.286  1.07 | 9.77e-01 2.62e-02 -0.068  1.00 | 1.7e+00 3.6e+00 1.304e+00
#1050  2953   1 | 1.01e+00 5.31e-02 +0.363  0.96 | 9.45e-01 3.93e-02 +0.138  0.99 | 1.9e+00 2.9e+00 1.864e+00
#1051   709   1 | 9.75e-01 4.23e-02 +0.235  0.98 | 1.04e+00 6.12e-02 +0.142  0.99 | 1.2e+00 3.6e+00 2.005e+00
#1052  2531   1 | 8.93e-01 6.72e-02 -0.495  1.08 | 9.15e-01 5.38e-02 -0.048  1.01 | 2.0e+00 3.3e+00 1.707e+00
#1053  4297   1 | 9.99e-01 3.11e-02 -0.015  1.00 | 1.07e+00 2.79e-02 +0.239  0.99 | 2.1e+00 2.6e+00 2.142e+00
#1054  4651   1 | 9.62e-01 3.37e-02 -0.076  1.01 | 1.06e+00 3.53e-02 +0.330  0.98 | 2.2e+00 3.7e+00 2.027e+00
#1055  2788   1 | 1.29e+00 1.54e-02 -0.016  1.00 | 9.27e-01 6.71e-02 +0.168  0.98 | 2.1e+00 3.2e+00 2.514e+00
#1056  3624   1 | 9.78e-01 1.27e-01 +0.214  0.96 | 9.60e-01 6.18e-02 +0.220  0.98 | 2.4e+00 4.5e+00 1.818e+00
#1057  3564   1 | 1.09e+00 4.35e-02 +0.617  0.95 | 9.70e-01 4.24e-02 +0.209  0.98 | 2.4e+00 3.8e+00 2.056e+00
#1058  4570   1 | 1.30e+00 4.59e-02 -0.460  1.03 | 1.08e+00 7.66e-02 +0.302  0.96 | 2.3e+00 4.2e+00 2.861e+00
#1059  2673   1 | 8.28e-01 7.42e-02 -0.087  1.02 | 1.01e+00 3.56e-02 -0.027  1.00 | 2.2e+00 3.4e+00 1.732e+00
#1060   666   1 | 4.46e-01 1.10e-02 -0.331  1.02 | 1.00e+00 3.74e-02 +0.268  0.98 | 1.5e+00 4.3e+00 1.187e+00
#1061  4974   1 | 1.17e+00 4.20e-02 +0.266  0.98 | 9.75e-01 9.53e-02 +0.351  0.94 | 2.4e+00 3.1e+00 2.237e+00
#1062  3733   1 | 9.54e-01 4.12e-02 +0.001  1.00 | 1.06e+00 6.49e-02 +0.350  0.96 | 2.5e+00 4.9e+00 2.000e+00
#1063  4110   1 | 1.03e+00 2.74e-02 -0.025  1.00 | 1.02e+00 5.52e-02 +0.303  0.97 | 2.4e+00 4.3e+00 2.070e+00
#1064  1817   1 | 9.99e-01 4.87e-02 +0.118  0.99 | 8.61e-01 8.18e-02 +0.156  0.98 | 2.0e+00 3.9e+00 1.714e+00
#1065  3551   1 | 8.43e-01 6.24e-02 +0.198  0.98 | 9.54e-01 5.28e-02 +0.284  0.97 | 2.7e+00 3.4e+00 1.577e+00
#1066  2652   1 | 6.31e-01 8.04e-02 +0.683  0.84 | 1.03e+00 6.55e-02 +0.046  1.00 | 2.4e+00 2.8e+00 1.391e+00
#1067  3769   1 | 1.29e+00 1.10e-01 +0.220  0.97 | 1.12e+00 4.73e-02 +0.286  0.98 | 2.5e+00 4.2e+00 2.843e+00
#1068  3928   1 | 9.75e-01 2.26e-02 -0.014  1.00 | 1.02e+00 5.13e-02 +0.183  0.98 | 2.4e+00 3.2e+00 1.971e+00
#1069  3593   1 | 1.13e+00 1.95e-02 -0.342  1.01 | 1.01e+00 7.81e-02 +0.201  0.97 | 2.6e+00 2.8e+00 2.280e+00
#1070  1348   1 | 1.12e+00 2.66e-02 -0.436  1.02 | 1.13e+00 5.09e-02 +0.069  1.00 | 1.8e+00 4.1e+00 2.563e+00
#1071  2721   1 | 5.62e-01 1.78e-01 -0.238  1.25 | 1.04e+00 5.31e-02 +0.108  0.99 | 2.5e+00 3.8e+00 1.473e+00
#1072  3211   1 | 1.13e+00 1.08e-01 -0.391  1.08 | 9.88e-01 3.00e-02 -0.009  1.00 | 2.8e+00 3.9e+00 2.369e+00
#1073   727   1 | 1.65e+00 6.27e-02 -0.172  1.01 | 9.65e-01 8.59e-02 -0.020  1.01 | 1.8e+00 3.9e+00 3.717e+00
#1074  1406   1 | 4.70e-01 6.55e-02 +0.493  0.88 | 9.87e-01 5.59e-02 +0.215  0.98 | 2.2e+00 4.1e+00 1.149e+00
#1075  1129   1 | 7.05e-01 1.44e-01 +0.025  1.03 | 1.09e+00 5.17e-02 +0.042  1.00 | 2.5e+00 3.8e+00 1.694e+00
#1076  1744   1 | 9.64e-01 2.50e-02 +0.015  1.00 | 1.03e+00 7.45e-02 +0.025  1.00 | 2.3e+00 3.8e+00 1.995e+00
#1077  2254   1 | 1.10e+00 1.17e-01 -0.063  1.02 | 1.02e+00 1.38e-01 +0.194  0.97 | 2.4e+00 3.6e+00 2.249e+00
#1078   149   1 | 5.96e-01 6.79e-02 +0.392  0.92 | 1.08e+00 6.93e-02 +0.044  1.00 | 1.9e+00 3.9e+00 1.501e+00
#1079  2683   1 | 1.38e+00 1.96e-02 +0.257  0.99 | 1.03e+00 7.32e-02 +0.081  0.99 | 2.5e+00 3.9e+00 2.950e+00
#1080  1770   1 | 1.21e+00 2.28e-02 -0.586  1.02 | 9.11e-01 7.19e-02 +0.092  0.99 | 2.2e+00 3.5e+00 2.310e+00
#1081  1683   1 | 5.13e-01 7.81e-02 -0.454  1.16 | 9.97e-01 7.09e-02 -0.012  1.01 | 2.2e+00 3.6e+00 1.306e+00
#1082  1937   1 | 1.32e+00 1.92e-02 -0.103  1.00 | 1.02e+00 5.21e-02 +0.133  0.99 | 2.5e+00 4.4e+00 2.769e+00
#1083   163   1 | 1.03e+00 6.44e-02 +0.256  0.97 | 9.92e-01 5.84e-02 +0.098  0.99 | 2.0e+00 5.5e+00 1.998e+00
#1084  2029   1 | 1.04e+00 4.66e-02 +0.155  0.99 | 8.36e-01 6.65e-02 +0.182  0.98 | 2.6e+00 5.2e+00 1.757e+00
#1085  2625   1 | 1.06e+00 1.58e-02 +0.127  1.00 | 1.03e+00 5.19e-02 +0.123  0.99 | 2.4e+00 3.5e+00 2.173e+00
#1086  3979   1 | 5.69e-01 1.68e-02 +0.576  0.97 | 1.03e+00 7.12e-02 +0.155  0.98 | 2.6e+00 3.7e+00 1.354e+00
#1087  3362   1 | 1.08e+00 1.94e-02 +0.529  0.98 | 9.82e-01 5.27e-02 +0.045  1.00 | 2.9e+00 3.7e+00 2.110e+00
#1088  4240   1 | 6.58e-01 2.53e-02 +0.718  0.95 | 1.07e+00 7.25e-02 +0.244  0.97 | 2.5e+00 4.6e+00 1.521e+00
#1089  2272   1 | 8.28e-01 3.69e-02 -0.210  1.02 | 9.42e-01 6.69e-02 +0.128  0.99 | 2.3e+00 3.2e+00 1.575e+00
#1090  3415   1 | 1.33e+00 3.54e-02 -0.270  1.02 | 1.00e+00 7.34e-02 +0.205  0.98 | 2.9e+00 3.8e+00 2.772e+00
#1091  1983   1 | 1.17e+00 1.12e-02 +0.602  0.99 | 1.17e+00 5.81e-02 +0.256  0.98 | 2.3e+00 4.2e+00 2.686e+00
#1092  2609   1 | 1.12e+00 6.87e-03 -0.149  1.00 | 1.05e+00 5.73e-02 +0.261  0.97 | 2.4e+00 4.4e+00 2.344e+00
#1093  3224   1 | 1.23e+00 1.70e-02 -0.014  1.00 | 1.10e+00 5.68e-02 +0.282  0.97 | 2.3e+00 3.4e+00 2.690e+00
#1094  3548   1 | 1.05e+00 2.02e-02 -0.447  1.02 | 1.04e+00 6.09e-02 +0.129  0.99 | 2.8e+00 4.2e+00 2.186e+00
#1095  1457   1 | 1.09e+00 4.17e-02 +0.189  0.99 | 9.37e-01 5.80e-02 -0.034  1.01 | 1.8e+00 4.3e+00 2.054e+00
#1096  3417   1 | 7.92e-01 4.25e-03 -0.052  1.00 | 9.59e-01 6.09e-02 +0.193  0.98 | 2.7e+00 3.7e+00 1.528e+00
#1097  4473   1 | 9.56e-01 5.64e-03 +0.073  1.00 | 1.07e+00 5.32e-02 +0.216  0.98 | 2.4e+00 3.6e+00 2.046e+00
#1098  3462   1 | 1.03e+00 1.35e-03 -0.213  1.00 | 1.13e+00 6.70e-02 +0.208  0.98 | 2.5e+00 3.8e+00 2.324e+00
#1099  3693   1 | 1.17e+00 4.88e-02 -0.047  1.01 | 1.05e+00 4.14e-02 +0.224  0.98 | 2.6e+00 3.9e+00 2.469e+00
#1100  4085   1 | 7.48e-01 1.93e-02 -0.062  1.00 | 9.49e-01 9.49e-02 +0.293  0.95 | 2.4e+00 3.6e+00 1.419e+00
#1101   310   1 | 7.28e-01 1.12e-02 -0.190  1.01 | 9.46e-01 5.74e-02 -0.015  1.01 | 1.6e+00 4.4e+00 1.433e+00
#1102  1186   1 | 1.15e+00 4.16e-02 +0.487  0.97 | 9.43e-01 7.07e-02 +0.135  0.99 | 1.8e+00 4.5e+00 2.144e+00
#1103  1248   1 | 1.08e+00 2.54e-02 +0.382  0.98 | 9.93e-01 7.86e-02 +0.055  1.00 | 1.9e+00 3.8e+00 2.130e+00
#1104    18   1 | 1.31e+00 6.18e-02 +0.022  1.00 | 1.01e+00 9.48e-02 -0.021  1.01 | 1.6e+00 3.5e+00 2.759e+00
#1105  3669   1 | 1.18e+00 3.11e-02 +0.493  0.97 | 9.58e-01 6.47e-02 +0.016  1.00 | 2.5e+00 3.9e+00 2.274e+00
#1106   461   1 | 1.29e+00 5.12e-02 -0.512  1.04 | 9.64e-01 4.60e-02 +0.178  0.99 | 1.6e+00 3.2e+00 2.663e+00
#1107  3312   1 | 9.11e-01 2.92e-03 -0.090  1.00 | 9.18e-01 6.67e-02 +0.220  0.97 | 2.3e+00 3.2e+00 1.650e+00
#1108  1421   1 | 4.94e-01 1.20e-02 +0.904  0.96 | 1.12e+00 8.92e-02 +0.096  0.99 | 1.6e+00 3.8e+00 1.471e+00
#1109  2138   1 | 1.23e+00 4.96e-02 +0.076  1.00 | 9.89e-01 5.79e-02 +0.204  0.98 | 2.2e+00 3.9e+00 2.462e+00
#1110  2897   1 | 9.60e-01 3.73e-02 -0.004  1.00 | 1.03e+00 6.81e-02 +0.061  1.00 | 2.2e+00 3.6e+00 1.985e+00
#1111  1805   1 | 5.70e-01 1.23e-02 -0.065  1.00 | 9.77e-01 7.90e-02 +0.087  0.99 | 2.0e+00 3.6e+00 1.274e+00
#1112   130   1 | 9.07e-01 1.63e-02 +0.672  0.98 | 9.18e-01 6.56e-02 +0.050  1.00 | 1.7e+00 3.6e+00 1.643e+00
#1113  2373   1 | 9.71e-01 4.23e-02 +0.347  0.97 | 1.02e+00 5.72e-02 -0.026  1.01 | 2.1e+00 3.8e+00 1.958e+00
#1114   370   1 | 5.53e-01 3.49e-03 -0.451  1.01 | 1.04e+00 6.03e-02 +0.000  1.00 | 1.9e+00 4.2e+00 1.397e+00
#1115  2880   1 | 4.52e-01 5.41e-02 +0.292  0.94 | 1.00e+00 6.69e-02 +0.147  0.98 | 2.4e+00 3.5e+00 1.181e+00
#1116  3941   1 | 1.26e+00 4.59e-02 +0.463  0.97 | 1.08e+00 4.61e-02 +0.153  0.99 | 2.5e+00 3.8e+00 2.696e+00
#1117  4301   1 | 1.30e+00 1.58e-03 -0.353  1.00 | 1.04e+00 5.89e-02 +0.252  0.97 | 2.4e+00 3.4e+00 2.748e+00
#1118  3116   1 | 6.37e-01 5.21e-02 +0.496  0.93 | 1.03e+00 6.56e-02 +0.096  0.99 | 2.6e+00 3.2e+00 1.425e+00
#1119   369   1 | 7.71e-01 2.21e-02 -0.081  1.01 | 9.59e-01 6.18e-02 +0.023  1.00 | 2.0e+00 3.6e+00 1.518e+00
#1120   437   1 | 1.03e+00 6.49e-02 -0.242  1.03 | 9.92e-01 5.29e-02 +0.106  0.99 | 1.8e+00 5.1e+00 2.063e+00
#1121    13   1 | 1.11e+00 3.33e-02 -0.336  1.02 | 9.82e-01 5.90e-02 -0.131  1.02 | 2.1e+00 3.8e+00 2.239e+00
#1122  1663   1 | 9.61e-01 7.83e-02 +0.423  0.94 | 9.60e-01 9.38e-02 +0.158  0.98 | 2.0e+00 3.3e+00 1.768e+00
#1123  3481   1 | 1.32e+00 1.48e-02 +0.053  1.00 | 1.02e+00 7.17e-02 +0.213  0.98 | 2.9e+00 3.0e+00 2.750e+00
#1124  2332   1 | 1.02e+00 4.79e-03 -0.036  1.00 | 1.13e+00 5.66e-02 +0.108  0.99 | 2.2e+00 3.0e+00 2.314e+00
#1125   336   1 | 7.38e-01 4.00e-02 +0.107  0.99 | 9.49e-01 5.71e-02 +0.093  0.99 | 1.8e+00 3.4e+00 1.434e+00
#1126  2917   1 | 1.17e+00 1.60e-02 -0.267  1.01 | 1.17e+00 7.68e-02 +0.329  0.96 | 2.4e+00 4.2e+00 2.687e+00
#1127  4867   1 | 8.03e-01 6.05e-02 -0.114  1.02 | 9.42e-01 5.86e-02 +0.368  0.96 | 2.6e+00 3.7e+00 1.510e+00
#1128  4765   1 | 1.15e+00 2.18e-02 +0.011  1.00 | 1.05e+00 7.90e-02 +0.392  0.95 | 2.6e+00 4.3e+00 2.373e+00
#1129  2477   1 | 1.08e+00 4.13e-02 +0.375  0.97 | 9.70e-01 6.54e-02 +0.086  0.99 | 2.5e+00 3.7e+00 2.059e+00
#1130  1329   1 | 1.05e+00 1.60e-02 -0.261  1.01 | 1.08e+00 7.74e-02 +0.196  0.98 | 2.1e+00 3.3e+00 2.255e+00
#1131   582   1 | 1.14e+00 2.43e-02 +0.369  0.98 | 9.75e-01 6.01e-02 +0.024  1.00 | 1.7e+00 3.8e+00 2.240e+00
#1132  3272   1 | 4.75e-01 4.27e-02 +0.640  0.89 | 9.87e-01 6.93e-02 +0.225  0.97 | 2.8e+00 4.4e+00 1.150e+00
#1133  4169   1 | 1.23e+00 1.44e-01 -0.425  1.11 | 1.10e+00 9.46e-02 +0.275  0.96 | 2.9e+00 4.2e+00 2.865e+00
#1134  3307   1 | 9.82e-01 4.98e-02 -0.077  1.01 | 1.06e+00 6.64e-02 +0.183  0.98 | 2.8e+00 3.7e+00 2.073e+00
#1135   442   1 | 9.65e-01 1.28e-01 -0.013  1.02 | 1.06e+00 4.83e-02 +0.260  0.98 | 1.8e+00 3.8e+00 2.058e+00
#1136  2938   1 | 1.11e+00 7.07e-02 -0.320  1.04 | 1.06e+00 7.75e-02 -0.066  1.01 | 2.3e+00 4.6e+00 2.431e+00
#1137  3713   1 | 1.17e+00 7.07e-03 +0.611  0.99 | 9.11e-01 9.76e-02 +0.137  0.98 | 2.8e+00 3.8e+00 2.181e+00
#1138   278   1 | 1.38e+00 3.89e-03 -0.577  1.00 | 1.03e+00 6.04e-02 -0.063  1.01 | 1.7e+00 3.8e+00 2.974e+00
#1139  2333   1 | 1.66e+00 2.48e-02 +0.798  0.98 | 9.65e-01 1.02e-01 +0.134  0.98 | 2.1e+00 4.0e+00 3.593e+00
#1140  3329   1 | 1.07e+00 3.50e-02 -0.036  1.00 | 9.97e-01 6.62e-02 +0.206  0.98 | 2.6e+00 4.0e+00 2.119e+00
#1141  2760   1 | 9.81e-01 2.09e-02 +0.322  0.99 | 1.04e+00 5.57e-02 +0.229  0.98 | 2.3e+00 4.0e+00 2.013e+00
#1142  2957   1 | 8.34e-01 4.84e-02 -0.491  1.06 | 9.54e-01 6.34e-02 +0.076  0.99 | 2.3e+00 2.7e+00 1.641e+00
#1143  1629   1 | 1.10e+00 3.65e-02 -0.482  1.03 | 1.08e+00 6.67e-02 +0.107  0.99 | 2.1e+00 3.9e+00 2.400e+00
#1144   964   1 | 1.12e+00 1.75e-03 -0.349  1.00 | 1.13e+00 4.82e-02 +0.048  1.00 | 1.9e+00 4.3e+00 2.541e+00
#1145  3051   1 | 1.06e+00 8.44e-03 +0.559  0.99 | 1.04e+00 7.13e-02 -0.003  1.01 | 2.3e+00 3.8e+00 2.207e+00
#1146   827   1 | 1.08e+00 1.83e-02 +0.096  1.00 | 9.68e-01 6.20e-02 +0.123  0.99 | 2.0e+00 3.7e+00 2.096e+00
#1147  1356   1 | 5.97e-01 2.26e-02 -0.375  1.03 | 1.08e+00 7.70e-02 +0.102  0.99 | 2.0e+00 3.3e+00 1.531e+00
#1148  1424   1 | 5.79e-01 1.05e-02 +0.697  0.97 | 1.05e+00 5.89e-02 +0.220  0.98 | 1.7e+00 3.7e+00 1.410e+00
#1149  2436   1 | 1.29e+00 1.39e-02 -0.343  1.01 | 9.27e-01 1.12e-01 +0.192  0.97 | 2.1e+00 3.4e+00 2.518e+00
#1150  2134   1 | 9.60e-01 3.35e-02 -0.453  1.03 | 1.07e+00 5.40e-02 +0.135  0.99 | 2.1e+00 2.7e+00 2.094e+00
#1151  4296   1 | 1.22e+00 5.47e-03 +0.071  1.00 | 9.89e-01 5.00e-02 +0.324  0.97 | 2.2e+00 4.0e+00 2.434e+00
#1152  4739   1 | 1.33e+00 2.53e-02 -0.046  1.00 | 1.01e+00 1.49e-01 +0.385  0.91 | 2.3e+00 4.0e+00 2.693e+00
#1153   721   1 | 6.58e-01 2.27e-02 -0.708  1.05 | 1.07e+00 6.59e-02 +0.235  0.97 | 1.8e+00 3.7e+00 1.570e+00
#1154  1217   1 | 8.89e-01 2.38e-02 -0.465  1.03 | 9.15e-01 1.66e-01 -0.119  1.08 | 1.9e+00 3.6e+00 1.711e+00
#1155  3952   1 | 1.06e+00 3.09e-02 +0.282  0.98 | 8.36e-01 6.90e-02 +0.408  0.94 | 2.1e+00 3.5e+00 1.767e+00
#1156  1671   1 | 9.99e-01 7.90e-03 +0.170  1.00 | 9.45e-01 6.44e-02 +0.119  0.99 | 1.8e+00 4.5e+00 1.879e+00
#1157  1011   1 | 7.28e-01 4.84e-03 +0.406  0.99 | 9.46e-01 8.60e-02 +0.056  1.00 | 1.8e+00 3.7e+00 1.421e+00
#1158  4241   1 | 1.10e+00 4.59e-03 -0.150  1.00 | 9.37e-01 1.00e-01 +0.200  0.97 | 2.1e+00 3.7e+00 2.059e+00
#1159   724   1 | 1.11e+00 3.65e-03 +0.119  1.00 | 1.02e+00 1.51e-01 +0.133  0.98 | 1.7e+00 3.9e+00 2.245e+00
#1160   957   1 | 1.40e+00 1.24e-02 -0.311  1.01 | 1.01e+00 7.34e-02 -0.110  1.02 | 1.7e+00 4.0e+00 3.024e+00
#1161  3899   1 | 1.14e+00 6.03e-03 -0.749  1.01 | 9.43e-01 8.18e-02 +0.198  0.97 | 2.2e+00 4.0e+00 2.173e+00
#1162  3670   1 | 5.23e-01 1.26e-02 -0.670  1.03 | 9.97e-01 1.01e-01 -0.002  1.01 | 2.3e+00 3.2e+00 1.287e+00
#1163  4102   1 | 1.09e+00 6.46e-03 +0.394  1.00 | 9.80e-01 5.58e-02 +0.370  0.96 | 2.1e+00 3.8e+00 2.105e+00
#1164  2247   1 | 1.14e+00 8.50e-03 -0.092  1.00 | 9.88e-01 5.95e-02 -0.120  1.02 | 1.8e+00 3.7e+00 2.293e+00
#1165  2213   1 | 1.06e+00 2.14e-03 -0.346  1.00 | 1.03e+00 5.76e-02 +0.091  0.99 | 1.8e+00 3.6e+00 2.188e+00
#1166  2755   1 | 9.11e-01 4.59e-03 +0.254  1.00 | 9.51e-01 6.36e-02 -0.007  1.01 | 2.1e+00 3.8e+00 1.736e+00
#1167   216   1 | 1.04e+00 4.62e-03 +0.178  1.00 | 1.02e+00 6.37e-02 +0.083  0.99 | 1.7e+00 3.8e+00 2.120e+00
#1168  4999   1 | 1.32e+00 7.05e-03 +0.042  1.00 | 1.09e+00 7.89e-02 +0.326  0.96 | 1.9e+00 3.9e+00 2.881e+00
#1169  3581   1 | 1.07e+00 1.36e-03 -0.108  1.00 | 9.93e-01 9.26e-02 -0.148  1.04 | 2.2e+00 3.3e+00 2.161e+00
#1170  2997   1 | 1.30e+00 3.25e-03 -0.321  1.00 | 9.64e-01 1.45e-01 +0.174  0.97 | 1.9e+00 4.3e+00 2.589e+00
#1171  3170   1 | 1.33e+00 7.44e-03 +0.028  1.00 | 1.00e+00 6.80e-02 +0.101  0.99 | 2.0e+00 4.2e+00 2.772e+00
#1172   953   1 | 1.32e+00 7.10e-03 +0.018  1.00 | 1.12e+00 5.15e-02 -0.012  1.00 | 1.7e+00 3.8e+00 3.010e+00
#1173  1769   1 | 4.95e-01 3.81e-03 -0.830  1.01 | 1.12e+00 1.39e-01 +0.051  1.00 | 1.7e+00 4.4e+00 1.499e+00
#1174  1732   1 | 1.20e+00 3.50e-03 -0.043  1.00 | 1.05e+00 7.64e-02 +0.215  0.97 | 1.8e+00 4.6e+00 2.530e+00
#1175  2256   1 | 9.99e-01 9.68e-03 -0.055  1.00 | 1.07e+00 8.12e-02 +0.107  0.99 | 1.8e+00 3.8e+00 2.142e+00
#1176   578   1 | 8.21e-01 6.83e-03 -0.109  1.00 | 1.01e+00 6.35e-02 +0.074  0.99 | 1.6e+00 3.0e+00 1.697e+00
#1177  3671   1 | 1.13e+00 3.89e-03 +0.445  1.00 | 1.01e+00 9.14e-02 +0.083  0.99 | 2.1e+00 3.8e+00 2.281e+00
#1178   909   1 | 5.46e-01 7.52e-03 -0.207  1.01 | 1.03e+00 6.27e-02 +0.194  0.98 | 1.6e+00 3.5e+00 1.337e+00
#1179  4240   1 | 8.71e-01 2.19e-03 +0.366  1.00 | 9.10e-01 7.16e-02 +0.176  0.98 | 1.9e+00 2.7e+00 1.567e+00
#1180  2187   1 | 1.18e+00 4.00e-03 +0.533  1.00 | 9.58e-01 7.41e-02 -0.009  1.01 | 1.8e+00 3.0e+00 2.308e+00
#1181  3632   1 | 7.15e-01 6.60e-03 +0.071  1.00 | 1.00e+00 9.85e-02 -0.004  1.01 | 2.1e+00 3.9e+00 1.526e+00
#1182  2649   1 | 1.00e+00 4.55e-03 +0.248  1.00 | 8.61e-01 1.15e-01 +0.195  0.97 | 1.9e+00 3.9e+00 1.714e+00
#1183  4652   1 | 6.91e-01 3.17e-03 -0.146  1.00 | 1.09e+00 8.97e-02 +0.198  0.97 | 2.0e+00 4.0e+00 1.631e+00
#1184  1569   1 | 5.98e-01 1.83e-03 +0.421  1.00 | 1.08e+00 6.73e-02 +0.109  0.99 | 1.7e+00 3.2e+00 1.520e+00
#1185  1945   1 | 7.07e-01 1.23e-02 -0.158  1.01 | 1.09e+00 6.76e-02 +0.074  0.99 | 1.9e+00 3.9e+00 1.680e+00
#1186  4376   1 | 7.36e-01 3.07e-03 +0.074  1.00 | 9.49e-01 7.63e-02 +0.309  0.96 | 2.0e+00 4.4e+00 1.404e+00
#1187  3593   1 | 1.18e+00 5.68e-03 +0.383  1.00 | 9.58e-01 1.25e-01 +0.036  1.01 | 2.3e+00 3.6e+00 2.308e+00
#1188  4999   1 | 1.09e+00 3.03e-03 -0.439  1.00 | 9.68e-01 7.62e-02 +0.242  0.97 | 1.9e+00 3.9e+00 2.094e+00
#1189  3358   1 | 1.05e+00 3.90e-03 -0.217  1.00 | 1.03e+00 6.52e-02 -0.030  1.01 | 2.0e+00 3.4e+00 2.177e+00
#1190   244   1 | 1.04e+00 1.15e-02 -0.089  1.00 | 1.02e+00 4.81e-02 +0.130  0.99 | 1.6e+00 2.8e+00 2.120e+00
#1191  4334   1 | 1.30e+00 2.04e-02 +0.427  0.99 | 9.64e-01 1.10e-01 +0.216  0.96 | 2.0e+00 4.6e+00 2.574e+00
#1192  4513   1 | 4.68e-01 2.91e-03 -0.622  1.01 | 9.87e-01 6.38e-02 +0.252  0.97 | 2.0e+00 4.1e+00 1.168e+00
#1193  1690   1 | 1.02e+00 7.58e-03 -0.100  1.00 | 1.13e+00 5.18e-02 +0.016  1.00 | 1.8e+00 2.7e+00 2.322e+00
#1194   580   1 | 5.69e-01 3.01e-03 +0.040  1.00 | 9.77e-01 6.87e-02 +0.035  1.00 | 1.6e+00 3.8e+00 1.278e+00
#1195   895   1 | 5.46e-01 1.78e-02 -0.183  1.01 | 1.03e+00 6.66e-02 +0.194  0.98 | 1.6e+00 3.4e+00 1.338e+00
#1196  3944   1 | 1.08e+00 2.93e-02 -0.394  1.02 | 9.80e-01 7.24e-02 +0.353  0.95 | 2.1e+00 4.7e+00 2.117e+00
#1197  2451   1 | 5.81e-01 6.86e-03 -0.621  1.01 | 1.05e+00 7.16e-02 +0.261  0.97 | 2.0e+00 4.3e+00 1.416e+00
#1198  1045   1 | 1.32e+00 2.71e-02 -0.028  1.00 | 1.02e+00 6.26e-02 +0.046  1.00 | 1.8e+00 3.9e+00 2.776e+00
#1199  4502   1 | 7.71e-01 2.40e-02 -0.043  1.00 | 9.59e-01 9.95e-02 +0.308  0.95 | 2.1e+00 4.2e+00 1.467e+00
#1200  3377   1 | 9.71e-01 1.58e-03 -0.724  1.00 | 1.02e+00 6.40e-02 +0.153  0.98 | 2.1e+00 3.5e+00 1.965e+00
#1201   455   1 | 1.11e+00 2.49e-02 -0.438  1.02 | 1.02e+00 1.96e-01 +0.139  0.98 | 1.7e+00 4.0e+00 2.273e+00
#1202  3330   1 | 9.11e-01 1.52e-03 +0.240  1.00 | 9.18e-01 6.38e-02 +0.185  0.98 | 2.1e+00 3.4e+00 1.654e+00
#1203  3861   1 | 1.13e+00 1.55e-03 +0.660  1.00 | 1.01e+00 9.00e-02 +0.161  0.98 | 2.1e+00 4.2e+00 2.275e+00
#1204   996   1 | 1.02e+00 6.64e-03 -0.257  1.00 | 9.92e-01 1.25e-01 +0.104  0.99 | 1.8e+00 3.8e+00 2.027e+00
#1205  2621   1 | 9.61e-01 5.30e-03 +0.048  1.00 | 1.03e+00 6.58e-02 +0.003  1.00 | 1.9e+00 4.2e+00 1.993e+00
#1206  3423   1 | 1.10e+00 6.45e-03 -0.086  1.00 | 9.37e-01 6.00e-02 +0.078  0.99 | 2.1e+00 3.6e+00 2.095e+00
#1207  1969   1 | 8.27e-01 2.63e-03 -0.441  1.00 | 9.54e-01 6.31e-02 +0.120  0.99 | 1.9e+00 3.5e+00 1.586e+00
#1208  4282   1 | 1.02e+00 2.84e-03 -0.367  1.00 | 1.08e+00 8.09e-02 +0.391  0.95 | 1.9e+00 2.3e+00 2.162e+00
#1209  1411   1 | 1.07e+00 1.77e-02 +0.458  0.99 | 9.70e-01 7.36e-02 -0.073  1.02 | 1.6e+00 4.2e+00 2.088e+00
#1210  2977   1 | 1.19e+00 1.05e-02 +0.044  1.00 | 1.05e+00 6.37e-02 +0.236  0.98 | 1.9e+00 3.3e+00 2.498e+00
#1211  2073   1 | 1.30e+00 3.55e-03 +0.226  1.00 | 1.09e+00 7.34e-02 +0.051  1.00 | 1.9e+00 2.9e+00 2.892e+00
#1212  3752   1 | 1.32e+00 6.16e-03 +0.201  1.00 | 1.00e+00 9.09e-02 +0.198  0.97 | 2.0e+00 4.0e+00 2.721e+00
#1213   794   1 | 5.53e-01 4.78e-03 -0.186  1.00 | 1.04e+00 6.53e-02 +0.018  1.00 | 1.7e+00 3.8e+00 1.395e+00
#1214  4149   1 | 1.07e+00 1.29e-02 -0.258  1.01 | 9.93e-01 7.23e-02 +0.266  0.97 | 1.9e+00 4.6e+00 2.115e+00
#1215  2086   1 | 9.60e-01 1.71e-03 -0.635  1.00 | 1.07e+00 6.60e-02 +0.163  0.98 | 1.9e+00 3.8e+00 2.059e+00
#1216  2537   1 | 1.07e+00 8.56e-03 -0.524  1.01 | 1.04e+00 7.62e-02 +0.018  1.00 | 1.8e+00 4.5e+00 2.245e+00
#1217  4639   1 | 1.22e+00 1.73e-02 +0.519  0.99 | 9.11e-01 8.42e-02 +0.342  0.95 | 1.9e+00 2.9e+00 2.241e+00
#1218  1608   1 | 7.29e-01 3.24e-03 +0.563  1.00 | 9.46e-01 8.15e-02 +0.052  1.00 | 1.6e+00 4.2e+00 1.422e+00
#1219  1034   1 | 8.53e-01 1.00e-02 +0.315  0.99 | 9.10e-01 6.67e-02 -0.020  1.01 | 1.7e+00 3.1e+00 1.557e+00
#1220  4778   1 | 1.10e+00 2.50e-02 -0.413  1.02 | 1.06e+00 1.79e-01 +0.358  0.91 | 1.9e+00 3.8e+00 2.248e+00
#1221  3769   1 | 1.41e+00 1.38e-02 +0.245  1.00 | 1.01e+00 8.02e-02 +0.108  0.99 | 2.0e+00 4.0e+00 2.998e+00
#1222  3537   1 | 6.46e-01 2.03e-02 +0.517  0.97 | 1.03e+00 1.49e-01 +0.197  0.96 | 2.0e+00 4.6e+00 1.424e+00
#1223  1597   1 | 1.14e+00 6.90e-03 +0.294  1.00 | 9.75e-01 7.33e-02 +0.057  1.00 | 1.5e+00 4.3e+00 2.246e+00
#1224  2582   1 | 1.14e+00 6.94e-03 +0.275  1.00 | 9.88e-01 5.83e-02 -0.084  1.01 | 1.8e+00 4.1e+00 2.279e+00
#1225  1888   1 | 1.13e+00 1.17e-02 -0.087  1.00 | 1.05e+00 9.06e-02 +0.249  0.96 | 1.7e+00 4.1e+00 2.348e+00
#1226  4365   1 | 1.30e+00 1.38e-02 -0.036  1.00 | 1.01e+00 2.02e-01 +0.430  0.87 | 1.8e+00 4.6e+00 2.573e+00
#1227  4981   1 | 8.01e-01 2.74e-02 +0.085  1.00 | 9.42e-01 6.30e-02 +0.500  0.94 | 1.8e+00 3.7e+00 1.470e+00
#1228  4607   1 | 1.37e+00 4.13e-03 +0.286  1.00 | 1.03e+00 5.28e-02 +0.392  0.96 | 2.0e+00 3.2e+00 2.897e+00
#1229  4054   1 | 1.00e+00 1.20e-02 -0.258  1.01 | 8.61e-01 1.15e-01 +0.305  0.94 | 1.9e+00 3.2e+00 1.702e+00
#1230  4401   1 | 9.04e-01 2.29e-03 -0.146  1.00 | 9.51e-01 6.38e-02 +0.321  0.96 | 1.9e+00 4.6e+00 1.686e+00
#1231  2252   1 | 4.95e-01 4.44e-03 -0.731  1.01 | 1.12e+00 9.92e-02 +0.162  0.98 | 1.6e+00 3.9e+00 1.470e+00
#1232  2962   1 | 1.10e+00 4.20e-03 -0.568  1.00 | 1.08e+00 9.81e-02 +0.185  0.97 | 1.9e+00 3.7e+00 2.350e+00
#1233  2973   1 | 1.31e+00 1.26e-02 +0.087  1.00 | 1.12e+00 5.92e-02 +0.140  0.99 | 1.8e+00 3.3e+00 2.953e+00
#1234  2545   1 | 7.05e-01 1.33e-02 -0.066  1.00 | 1.00e+00 9.83e-02 +0.170  0.98 | 1.8e+00 3.7e+00 1.479e+00
#1235  3550   1 | 9.55e-01 2.37e-02 +0.025  1.00 | 1.06e+00 8.48e-02 +0.244  0.97 | 2.1e+00 4.0e+00 2.007e+00
#1236  2270   1 | 9.77e-01 6.82e-03 -0.337  1.00 | 1.04e+00 7.35e-02 +0.289  0.96 | 1.5e+00 4.3e+00 2.008e+00
#1237  4863   1 | 9.46e-01 1.29e-03 -0.333  1.00 | 9.60e-01 6.64e-02 +0.282  0.97 | 2.0e+00 2.8e+00 1.785e+00
#1238  1747   1 | 1.04e+00 7.99e-03 -0.323  1.01 | 8.36e-01 7.82e-02 +0.023  1.00 | 1.7e+00 3.6e+00 1.793e+00
#1239  1827   1 | 1.31e+00 1.58e-02 -0.458  1.01 | 1.04e+00 7.41e-02 +0.131  0.99 | 1.6e+00 3.8e+00 2.785e+00
#1240  3893   1 | 1.08e+00 1.44e-02 -0.223  1.01 | 1.13e+00 7.50e-02 +0.220  0.98 | 2.0e+00 4.5e+00 2.434e+00
#1241    13   1 | 1.15e+00 2.22e-03 -0.446  1.00 | 9.43e-01 8.31e-02 +0.110  0.99 | 1.6e+00 3.6e+00 2.192e+00
#1242   628   1 | 8.21e-01 5.47e-03 +0.070  1.00 | 1.01e+00 6.55e-02 +0.049  1.00 | 1.5e+00 3.5e+00 1.698e+00
#1243   470   1 | 5.12e-01 2.11e-03 +0.097  1.00 | 9.97e-01 5.24e-02 -0.043  1.01 | 1.6e+00 3.4e+00 1.263e+00
#1244  1111   1 | 6.58e-01 1.17e-02 +0.729  0.97 | 1.07e+00 8.27e-02 +0.267  0.96 | 1.7e+00 3.4e+00 1.526e+00
#1245  3847   1 | 1.29e+00 4.18e-03 +0.128  1.00 | 9.27e-01 1.22e-01 +0.215  0.96 | 2.0e+00 4.6e+00 2.484e+00
#1246  3821   1 | 1.02e+00 1.67e-02 +0.071  1.00 | 9.45e-01 9.08e-02 +0.111  0.99 | 2.0e+00 3.5e+00 1.928e+00
#1247  4399   1 | 1.23e+00 1.08e-03 -0.323  1.00 | 1.10e+00 5.15e-02 +0.324  0.97 | 1.9e+00 3.6e+00 2.700e+00
#1248  2089   1 | 4.48e-01 8.28e-03 -0.357  1.01 | 1.00e+00 9.84e-02 +0.185  0.97 | 1.8e+00 3.6e+00 1.180e+00
#1249   311   1 | 9.70e-01 1.75e-02 -0.061  1.00 | 1.06e+00 6.37e-02 -0.081  1.01 | 1.6e+00 5.1e+00 2.076e+00
#1250  2287   1 | 8.92e-01 1.07e-02 -0.446  1.01 | 9.15e-01 1.40e-01 -0.057  1.04 | 1.6e+00 3.9e+00 1.675e+00
#1251   739   1 | 1.11e+00 1.65e-03 -0.271  1.00 | 9.82e-01 6.79e-02 -0.085  1.02 | 1.3e+00 3.5e+00 2.211e+00
#1252   752   1 | 1.08e+00 5.64e-03 -0.307  1.00 | 9.97e-01 6.75e-02 +0.163  0.98 | 1.3e+00 3.7e+00 2.141e+00
#1253  2943   1 | 1.28e+00 1.36e-02 -0.373  1.01 | 1.08e+00 1.11e-01 +0.224  0.96 | 1.7e+00 4.3e+00 2.777e+00
#1254  3970   1 | 1.67e+00 1.45e-02 +0.745  0.99 | 9.65e-01 1.55e-01 +0.307  0.93 | 1.9e+00 4.1e+00 3.615e+00
#1255  2088   1 | 1.00e+00 2.44e-02 +0.220  0.99 | 1.07e+00 9.89e-02 +0.102  0.99 | 1.8e+00 4.1e+00 2.133e+00
#1256  1761   1 | 1.23e+00 3.16e-02 -0.071  1.00 | 9.89e-01 6.73e-02 +0.221  0.97 | 1.6e+00 4.2e+00 2.475e+00
#1257  2482   1 | 1.17e+00 4.60e-03 -0.358  1.00 | 1.17e+00 1.63e-01 +0.242  0.95 | 1.8e+00 3.0e+00 2.670e+00
#1258  1151   1 | 9.23e-01 8.79e-03 +0.267  1.00 | 9.51e-01 7.10e-02 +0.054  1.00 | 1.8e+00 4.4e+00 1.749e+00
#1259  3705   1 | 1.30e+00 1.34e-02 +0.386  0.99 | 9.64e-01 7.61e-02 +0.179  0.98 | 2.1e+00 4.0e+00 2.592e+00
#1260  3720   1 | 8.54e-01 1.52e-02 +0.013  1.00 | 9.42e-01 5.69e-02 +0.314  0.97 | 2.0e+00 4.0e+00 1.585e+00
#1261  3851   1 | 1.67e+00 1.86e-02 +0.746  0.98 | 9.65e-01 1.62e-01 +0.289  0.93 | 2.0e+00 3.6e+00 3.608e+00
#1262  4408   1 | 9.06e-01 1.75e-02 -0.593  1.02 | 9.18e-01 8.75e-02 +0.329  0.95 | 1.9e+00 4.4e+00 1.637e+00
#1263  4451   1 | 6.98e-01 1.32e-02 -0.075  1.00 | 1.00e+00 1.04e-01 +0.288  0.95 | 1.9e+00 4.1e+00 1.444e+00
#1264   592   1 | 1.09e+00 5.88e-03 -0.173  1.00 | 9.37e-01 6.77e-02 -0.087  1.02 | 1.6e+00 4.2e+00 2.079e+00
#1265  1323   1 | 1.38e+00 6.59e-03 -0.508  1.00 | 1.03e+00 6.25e-02 -0.024  1.01 | 1.7e+00 3.5e+00 2.973e+00
#1266  1441   1 | 1.30e+00 3.54e-03 +0.063  1.00 | 1.09e+00 1.15e-01 +0.016  1.01 | 1.6e+00 4.5e+00 2.910e+00
#1267  4081   1 | 1.00e+00 4.99e-02 +0.296  0.97 | 8.61e-01 2.23e-01 +0.243  0.94 | 2.0e+00 4.5e+00 1.671e+00
#1268  1331   1 | 1.29e+00 2.90e-02 +0.398  0.98 | 1.08e+00 1.19e-01 +0.118  0.99 | 1.7e+00 3.9e+00 2.788e+00
#1269  4576   1 | 1.05e+00 4.01e-02 +0.026  1.00 | 1.02e+00 1.60e-01 +0.326  0.92 | 2.0e+00 3.8e+00 2.061e+00
#1270  2590   1 | 1.30e+00 1.80e-02 -0.399  1.01 | 1.04e+00 7.90e-02 +0.127  0.99 | 1.9e+00 4.0e+00 2.776e+00
#1271  4414   1 | 5.10e-01 1.17e-02 -0.702  1.03 | 9.97e-01 7.84e-02 +0.325  0.96 | 1.9e+00 4.3e+00 1.218e+00
#1272  3850   1 | 7.57e-01 2.78e-02 -0.128  1.01 | 9.49e-01 8.78e-02 +0.254  0.96 | 2.1e+00 3.1e+00 1.445e+00
#1273  4896   1 | 7.49e-01 2.80e-02 +0.019  1.00 | 9.59e-01 8.82e-02 +0.355  0.94 | 2.1e+00 4.5e+00 1.428e+00
#1274  1664   1 | 9.61e-01 1.58e-02 -0.309  1.01 | 9.60e-01 1.20e-01 +0.185  0.97 | 1.6e+00 3.5e+00 1.826e+00
#1275  4344   1 | 8.35e-01 1.81e-02 +0.155  0.99 | 1.01e+00 6.29e-02 +0.343  0.96 | 2.0e+00 3.3e+00 1.680e+00
#1276   843   1 | 1.08e+00 2.63e-02 -0.036  1.00 | 9.97e-01 1.35e-01 +0.121  0.99 | 1.6e+00 3.2e+00 2.143e+00
#1277  1732   1 | 1.11e+00 3.46e-03 -0.465  1.00 | 9.80e-01 6.31e-02 +0.233  0.97 | 1.7e+00 4.2e+00 2.175e+00
#1278  1583   1 | 1.29e+00 2.18e-03 +0.356  1.00 | 9.27e-01 2.30e-01 +0.144  0.99 | 1.7e+00 4.5e+00 2.526e+00
#1279   977   1 | 1.14e+00 3.94e-02 -0.114  1.01 | 9.88e-01 6.97e-02 -0.122  1.02 | 1.5e+00 4.1e+00 2.313e+00
#1280   768   1 | 6.23e-01 3.63e-02 -0.516  1.06 | 1.03e+00 9.36e-02 +0.091  0.99 | 1.5e+00 2.8e+00 1.463e+00
#1281  3402   1 | 1.13e+00 9.74e-03 +0.164  1.00 | 1.01e+00 1.61e-01 +0.235  0.95 | 2.1e+00 4.1e+00 2.232e+00
#1282  2114   1 | 1.18e+00 5.54e-03 +0.476  1.00 | 9.58e-01 1.02e-01 -0.019  1.02 | 1.9e+00 3.9e+00 2.314e+00
#1283   819   1 | 1.07e+00 1.39e-02 -0.122  1.00 | 1.03e+00 6.91e-02 -0.003  1.00 | 1.7e+00 3.3e+00 2.211e+00
#1284  1460   1 | 5.79e-01 2.06e-02 -0.596  1.04 | 1.05e+00 6.78e-02 +0.222  0.98 | 1.6e+00 2.9e+00 1.430e+00
#1285   910   1 | 1.11e+00 5.98e-03 -0.511  1.01 | 1.02e+00 3.90e-01 +0.143  1.04 | 1.5e+00 4.9e+00 2.309e+00
#1286  3098   1 | 1.19e+00 1.05e-02 +0.119  1.00 | 1.05e+00 1.12e-01 +0.217  0.97 | 2.0e+00 4.0e+00 2.479e+00
#1287  4968   1 | 1.06e+00 2.34e-02 +0.377  0.98 | 9.70e-01 1.02e-01 +0.313  0.95 | 2.0e+00 4.8e+00 1.992e+00
#1288   614   1 | 5.69e-01 5.33e-03 +0.046  1.00 | 9.77e-01 8.15e-02 +0.025  1.00 | 1.4e+00 3.7e+00 1.281e+00
#1289  4587   1 | 9.75e-01 9.64e-04 -0.498  1.00 | 1.02e+00 6.09e-02 +0.315  0.97 | 2.0e+00 4.9e+00 1.953e+00
#1290  3839   1 | 4.56e-01 1.99e-02 +0.269  0.98 | 1.00e+00 1.66e-01 +0.262  0.94 | 2.1e+00 3.6e+00 1.147e+00
#1291   973   1 | 1.11e+00 9.04e-03 -0.384  1.01 | 1.06e+00 1.97e-01 -0.168  1.10 | 1.6e+00 4.4e+00 2.464e+00
#1292   161   1 | 1.14e+00 4.03e-03 +0.419  1.00 | 9.75e-01 7.69e-02 +0.024  1.00 | 1.5e+00 3.6e+00 2.258e+00
#1293  2732   1 | 8.95e-01 4.34e-03 -0.649  1.01 | 9.15e-01 8.34e-02 -0.091  1.02 | 1.9e+00 3.5e+00 1.664e+00
#1294  2140   1 | 9.77e-01 8.75e-04 -0.612  1.00 | 1.04e+00 9.74e-02 +0.295  0.95 | 1.8e+00 3.3e+00 1.992e+00
#1295  3910   1 | 1.14e+00 2.80e-02 +0.682  0.97 | 9.43e-01 8.54e-02 +0.267  0.96 | 1.9e+00 3.9e+00 2.108e+00
#1296  1416   1 | 1.12e+00 6.49e-03 +0.310  1.00 | 1.13e+00 6.09e-02 +0.053  1.00 | 1.4e+00 4.2e+00 2.532e+00
#1297  3430   1 | 1.02e+00 3.54e-02 -0.229  1.02 | 9.92e-01 1.22e-01 +0.021  1.01 | 2.1e+00 4.3e+00 2.047e+00
#1298  2745   1 | 9.96e-01 2.20e-02 +0.135  0.99 | 1.07e+00 9.17e-02 +0.160  0.98 | 1.9e+00 3.9e+00 2.118e+00
#1299  2714   1 | 1.31e+00 2.54e-02 +0.104  1.00 | 1.12e+00 7.10e-02 +0.117  0.99 | 1.9e+00 4.1e+00 2.961e+00
#1300   749   1 | 1.21e+00 1.29e-02 -0.527  1.01 | 9.11e-01 7.15e-02 +0.049  1.00 | 1.2e+00 4.1e+00 2.305e+00
#1301  3731   1 | 5.76e-01 9.36e-03 -0.065  1.00 | 1.03e+00 7.35e-02 +0.199  0.98 | 2.1e+00 3.8e+00 1.367e+00
#1302  2956   1 | 1.41e+00 3.84e-03 +0.302  1.00 | 1.01e+00 7.73e-02 +0.059  1.00 | 1.9e+00 3.9e+00 2.994e+00
#1303  4168   1 | 8.76e-01 3.76e-02 -0.310  1.03 | 9.10e-01 9.20e-02 +0.258  0.96 | 2.1e+00 3.6e+00 1.582e+00
#1304   763   1 | 5.53e-01 2.55e-02 -0.274  1.03 | 1.04e+00 5.16e-02 +0.026  1.00 | 1.4e+00 4.2e+00 1.400e+00
#1305   405   1 | 1.17e+00 6.76e-03 +0.251  1.00 | 1.17e+00 1.06e-01 +0.205  0.97 | 1.5e+00 4.2e+00 2.692e+00
#1306    14   1 | 1.04e+00 2.43e-02 -0.264  1.01 | 8.36e-01 7.91e-02 -0.074  1.02 | 1.5e+00 3.6e+00 1.814e+00
#1307  3789   1 | 7.37e-01 1.81e-02 -0.150  1.01 | 1.09e+00 8.18e-02 +0.156  0.98 | 2.1e+00 4.0e+00 1.710e+00
#1308  3382   1 | 6.24e-01 1.43e-02 +0.360  0.98 | 1.08e+00 8.11e-02 +0.069  1.00 | 2.1e+00 3.5e+00 1.552e+00
#1309  1776   1 | 1.31e+00 6.00e-02 +0.037  1.00 | 1.01e+00 9.03e-02 +0.067  1.00 | 1.5e+00 4.3e+00 2.732e+00
#1310  3466   1 | 9.56e-01 2.32e-02 -0.062  1.00 | 1.06e+00 8.11e-02 +0.329  0.96 | 2.1e+00 4.3e+00 1.998e+00
#1311  3792   1 | 1.20e+00 2.33e-02 +0.084  1.00 | 9.89e-01 6.95e-02 +0.217  0.97 | 2.0e+00 3.7e+00 2.396e+00
#1312  2474   1 | 4.72e-01 7.03e-03 +0.589  0.98 | 9.87e-01 7.91e-02 +0.266  0.96 | 1.9e+00 3.4e+00 1.158e+00
#1313  3093   1 | 1.10e+00 6.72e-03 -0.351  1.00 | 1.08e+00 8.22e-02 +0.226  0.97 | 2.0e+00 4.2e+00 2.346e+00
#1314  3312   1 | 1.33e+00 1.50e-02 +0.183  1.00 | 1.00e+00 1.05e-01 +0.143  0.98 | 2.0e+00 3.2e+00 2.749e+00
#1315  4527   1 | 9.72e-01 2.94e-03 +0.134  1.00 | 1.03e+00 8.63e-02 +0.408  0.94 | 2.0e+00 4.1e+00 1.943e+00
#1316  1638   1 | 4.95e-01 1.34e-02 -0.753  1.04 | 1.12e+00 1.05e-01 +0.153  0.98 | 1.5e+00 3.6e+00 1.478e+00
#1317  3464   1 | 1.02e+00 6.07e-03 -0.342  1.00 | 1.08e+00 7.84e-02 +0.290  0.96 | 2.1e+00 3.2e+00 2.170e+00
#1318   961   1 | 1.11e+00 1.39e-02 +0.256  0.99 | 9.82e-01 7.87e-02 -0.066  1.02 | 1.5e+00 4.1e+00 2.202e+00
#1319  3096   1 | 1.01e+00 1.95e-02 +0.078  1.00 | 9.45e-01 7.20e-02 +0.081  0.99 | 2.0e+00 4.1e+00 1.904e+00
#1320  1002   1 | 1.02e+00 2.86e-02 +0.058  1.00 | 1.13e+00 7.11e-02 -0.022  1.01 | 1.5e+00 4.3e+00 2.324e+00
#1321  1410   1 | 9.58e-01 4.59e-03 +0.496  1.00 | 1.07e+00 7.82e-02 +0.105  0.99 | 1.5e+00 4.0e+00 2.056e+00
#1322  2810   1 | 8.32e-01 8.19e-03 +0.458  0.99 | 9.54e-01 7.68e-02 +0.223  0.97 | 1.8e+00 3.8e+00 1.569e+00
#1323   694   1 | 1.08e+00 1.40e-02 -0.352  1.01 | 9.93e-01 8.18e-02 +0.001  1.01 | 1.6e+00 3.7e+00 2.172e+00
#1324  3481   1 | 1.11e+00 7.71e-03 +0.062  1.00 | 1.05e+00 8.92e-02 +0.273  0.96 | 2.1e+00 3.5e+00 2.283e+00
#1325  3819   1 | 1.07e+00 3.19e-02 -0.117  1.01 | 9.68e-01 8.39e-02 +0.269  0.96 | 2.1e+00 3.3e+00 2.057e+00
#1326  1217   1 | 7.28e-01 4.78e-03 +0.432  0.99 | 9.46e-01 1.02e-01 +0.041  1.00 | 1.7e+00 3.4e+00 1.425e+00
#1327  1181   1 | 6.58e-01 4.70e-03 +0.432  0.99 | 1.07e+00 1.00e-01 +0.262  0.96 | 1.8e+00 4.1e+00 1.528e+00
#1328   217   1 | 1.22e+00 2.16e-02 -0.524  1.02 | 1.10e+00 7.12e-02 +0.110  0.99 | 1.6e+00 3.8e+00 2.732e+00
#1329  4416   1 | 1.32e+00 3.70e-02 +0.044  1.00 | 1.02e+00 8.94e-02 +0.364  0.94 | 1.9e+00 3.3e+00 2.731e+00
#1330  1581   1 | 9.70e-01 2.93e-02 +0.110  0.99 | 1.06e+00 7.10e-02 +0.039  1.00 | 1.7e+00 3.6e+00 2.054e+00
#1331  3517   1 | 1.05e+00 2.60e-02 +0.540  0.97 | 1.04e+00 8.48e-02 +0.057  1.00 | 2.1e+00 3.8e+00 2.150e+00
#1332   241   1 | 6.58e-01 9.24e-03 -0.643  1.02 | 1.07e+00 8.68e-02 +0.229  0.97 | 1.6e+00 3.0e+00 1.550e+00
#1333   472   1 | 7.71e-01 1.05e-02 +0.022  1.00 | 9.59e-01 8.09e-02 +0.050  1.00 | 1.5e+00 4.1e+00 1.512e+00
#1334  4804   1 | 1.40e+00 2.75e-02 -0.276  1.01 | 1.01e+00 1.15e-01 +0.369  0.93 | 2.1e+00 4.0e+00 2.923e+00
#1335  3958   1 | 9.57e-01 1.58e-02 +0.051  1.00 | 1.06e+00 1.82e-01 +0.395  0.89 | 2.0e+00 3.3e+00 1.927e+00
#1336  3659   1 | 1.12e+00 1.12e-02 -0.360  1.01 | 1.06e+00 2.27e-01 +0.145  0.98 | 2.1e+00 3.7e+00 2.367e+00
#1337  2238   1 | 8.28e-01 2.07e-02 +0.131  0.99 | 9.42e-01 7.86e-02 +0.016  1.00 | 1.7e+00 4.2e+00 1.572e+00
#1338  3370   1 | 9.88e-01 4.38e-02 +0.179  0.99 | 1.07e+00 9.96e-02 +0.134  0.98 | 2.1e+00 4.2e+00 2.099e+00
#1339  4257   1 | 1.10e+00 1.91e-02 -0.159  1.01 | 9.37e-01 1.01e-01 +0.212  0.97 | 1.9e+00 2.9e+00 2.060e+00
#1340  4052   1 | 5.74e-01 1.56e-02 +0.018  1.00 | 9.77e-01 1.05e-01 +0.314  0.94 | 2.0e+00 3.1e+00 1.231e+00
#1341  4915   1 | 1.15e+00 6.53e-03 -0.140  1.00 | 1.13e+00 9.13e-02 +0.433  0.94 | 2.1e+00 4.0e+00 2.516e+00
#1342    54   1 | 1.14e+00 8.25e-03 -0.046  1.00 | 9.88e-01 7.13e-02 -0.122  1.02 | 1.6e+00 3.2e+00 2.305e+00
#1343  1040   1 | 7.05e-01 1.03e-02 +0.135  1.00 | 1.09e+00 6.81e-02 +0.072  0.99 | 1.7e+00 4.4e+00 1.672e+00
#1344  4278   1 | 7.28e-01 1.89e-02 +0.579  0.97 | 9.46e-01 1.24e-01 +0.315  0.93 | 1.9e+00 3.6e+00 1.351e+00
#1345  1985   1 | 1.32e+00 1.18e-02 -0.119  1.00 | 1.12e+00 6.89e-02 +0.107  0.99 | 1.7e+00 4.4e+00 2.989e+00
#1346  4831   1 | 9.47e-01 2.83e-02 -0.430  1.03 | 9.60e-01 8.31e-02 +0.353  0.95 | 2.0e+00 3.9e+00 1.792e+00
#1347  3946   1 | 9.09e-01 6.65e-03 -0.569  1.01 | 9.18e-01 7.26e-02 +0.282  0.96 | 2.0e+00 3.2e+00 1.644e+00
#1348  2075   1 | 9.99e-01 2.82e-02 +0.255  0.99 | 8.61e-01 2.22e-01 +0.175  0.98 | 1.9e+00 4.2e+00 1.708e+00
#1349  1531   1 | 6.25e-01 1.57e-02 +0.484  0.98 | 1.03e+00 8.08e-02 +0.039  1.00 | 1.5e+00 3.9e+00 1.439e+00
#1350  2291   1 | 1.31e+00 2.51e-02 +0.161  0.99 | 1.01e+00 2.73e-01 +0.071  1.03 | 1.6e+00 3.7e+00 2.755e+00
#1351  2400   1 | 9.16e-01 4.83e-03 +0.277  1.00 | 9.51e-01 7.52e-02 +0.104  0.99 | 1.8e+00 4.2e+00 1.731e+00
#1352   125   1 | 1.32e+00 8.23e-03 -0.080  1.00 | 1.02e+00 8.23e-02 +0.028  1.00 | 1.6e+00 3.5e+00 2.781e+00
#1353  4931   1 | 9.69e-01 5.47e-03 +0.272  1.00 | 1.03e+00 9.48e-02 +0.450  0.93 | 2.0e+00 3.0e+00 1.922e+00
#1354  4402   1 | 1.08e+00 2.63e-03 +0.314  1.00 | 9.97e-01 1.94e-01 +0.247  0.94 | 1.9e+00 4.0e+00 2.105e+00
#1355  2903   1 | 1.30e+00 1.45e-02 +0.120  1.00 | 1.09e+00 8.44e-02 +0.142  0.98 | 1.7e+00 3.7e+00 2.861e+00
#1356  2024   1 | 1.34e+00 1.08e-03 -0.172  1.00 | 1.00e+00 8.55e-02 +0.018  1.00 | 1.8e+00 3.5e+00 2.814e+00
#1357   649   1 | 1.23e+00 6.10e-03 +0.065  1.00 | 9.89e-01 2.41e-01 +0.218  0.95 | 1.4e+00 3.8e+00 2.453e+00
#1358  1844   1 | 4.47e-01 1.07e-02 -0.308  1.02 | 1.00e+00 1.05e-01 +0.196  0.97 | 1.8e+00 4.2e+00 1.176e+00
#1359  4586   1 | 1.21e+00 1.97e-02 +0.080  1.00 | 1.05e+00 1.05e-01 +0.365  0.94 | 2.0e+00 4.2e+00 2.501e+00
#1360  3593   1 | 5.74e-01 3.51e-03 +0.179  1.00 | 1.03e+00 8.14e-02 +0.107  0.99 | 2.2e+00 3.2e+00 1.376e+00
#1361  2026   1 | 1.10e+00 2.97e-03 +0.229  1.00 | 9.82e-01 1.38e-01 -0.032  1.03 | 1.8e+00 3.2e+00 2.210e+00
#1362  4515   1 | 1.65e+00 1.51e-02 +0.778  0.99 | 9.65e-01 1.52e-01 +0.351  0.91 | 1.9e+00 3.3e+00 3.547e+00
#1363  4681   1 | 8.40e-01 8.45e-03 +0.251  1.00 | 9.10e-01 2.02e-01 +0.258  0.93 | 2.0e+00 3.7e+00 1.476e+00
#1364  1340   1 | 9.57e-01 1.69e-02 +0.505  0.98 | 1.07e+00 7.75e-02 +0.105  0.99 | 1.7e+00 3.7e+00 2.044e+00
#1365  3677   1 | 1.17e+00 1.29e-02 +0.617  0.99 | 9.11e-01 1.18e-01 +0.163  0.97 | 2.2e+00 3.2e+00 2.168e+00
#1366  1453   1 | 1.10e+00 8.01e-03 +0.470  0.99 | 1.08e+00 5.96e-02 +0.170  0.98 | 1.6e+00 4.1e+00 2.345e+00
#1367  4995   1 | 1.18e+00 3.66e-03 +0.200  1.00 | 9.58e-01 8.22e-02 +0.315  0.95 | 1.8e+00 4.6e+00 2.254e+00
#1368    21   1 | 1.08e+00 3.51e-03 -0.471  1.00 | 9.93e-01 9.28e-02 +0.008  1.01 | 1.6e+00 3.5e+00 2.167e+00
#1369    96   1 | 1.29e+00 4.48e-03 -0.403  1.00 | 1.08e+00 8.84e-02 +0.025  1.00 | 1.7e+00 3.0e+00 2.845e+00
#1370  3068   1 | 1.30e+00 2.02e-02 -0.489  1.02 | 1.04e+00 9.71e-02 +0.137  0.98 | 2.0e+00 4.3e+00 2.770e+00
#1371  1716   1 | 9.71e-01 7.36e-03 +0.389  0.99 | 1.02e+00 8.78e-02 -0.011  1.01 | 1.8e+00 3.8e+00 1.983e+00
#1372  3053   1 | 1.08e+00 3.97e-02 -0.401  1.03 | 9.70e-01 8.46e-02 +0.150  0.98 | 2.0e+00 4.9e+00 2.128e+00
#1373  2951   1 | 1.02e+00 1.32e-02 +0.024  1.00 | 1.13e+00 7.04e-02 +0.159  0.98 | 2.0e+00 4.0e+00 2.314e+00
#1374   353   1 | 1.12e+00 8.58e-03 +0.076  1.00 | 1.01e+00 1.04e-01 +0.130  0.98 | 1.7e+00 3.7e+00 2.255e+00
#1375  3616   1 | 1.02e+00 4.71e-02 +0.022  1.00 | 1.02e+00 7.76e-02 +0.255  0.97 | 2.1e+00 4.1e+00 2.053e+00
#1376   933   1 | 1.17e+00 1.33e-02 -0.282  1.01 | 1.17e+00 7.73e-02 +0.200  0.98 | 1.6e+00 3.5e+00 2.714e+00
#1377  3529   1 | 1.07e+00 1.95e-02 +0.181  0.99 | 9.68e-01 1.10e-01 +0.221  0.96 | 2.0e+00 3.1e+00 2.045e+00
#1378   527   1 | 9.75e-01 4.55e-02 +0.326  0.97 | 1.04e+00 1.29e-01 +0.278  0.95 | 1.5e+00 3.7e+00 1.952e+00
#1379  2958   1 | 8.97e-01 2.72e-02 +0.486  0.97 | 9.15e-01 9.91e-02 -0.072  1.03 | 2.0e+00 3.8e+00 1.642e+00
#1380  2216   1 | 5.57e-01 1.48e-02 -0.258  1.01 | 1.04e+00 8.13e-02 +0.057  1.00 | 1.7e+00 3.5e+00 1.398e+00
#1381  1611   1 | 1.14e+00 1.65e-02 +0.330  0.99 | 9.75e-01 1.10e-01 +0.057  1.00 | 1.7e+00 3.8e+00 2.241e+00
#1382  3980   1 | 7.52e-01 3.05e-02 -0.097  1.01 | 9.49e-01 1.23e-01 +0.289  0.94 | 2.1e+00 4.7e+00 1.421e+00
#1383   291   1 | 4.70e-01 3.20e-02 +0.661  0.91 | 9.87e-01 7.87e-02 +0.178  0.98 | 1.6e+00 4.2e+00 1.155e+00
#1384  4736   1 | 1.29e+00 1.26e-02 -0.405  1.01 | 9.64e-01 2.64e-01 +0.321  0.90 | 2.0e+00 5.1e+00 2.516e+00
#1385   459   1 | 1.08e+00 1.97e-02 -0.468  1.02 | 1.04e+00 6.58e-02 -0.006  1.00 | 1.6e+00 4.3e+00 2.279e+00
#1386  3501   1 | 8.42e-01 2.80e-02 +0.488  0.97 | 9.54e-01 8.64e-02 +0.343  0.95 | 2.1e+00 3.8e+00 1.547e+00
#1387  3716   1 | 6.34e-01 1.37e-02 +0.326  0.99 | 1.08e+00 6.77e-02 +0.138  0.99 | 2.2e+00 3.4e+00 1.556e+00
#1388  4679   1 | 5.07e-01 1.10e-02 -0.807  1.04 | 9.97e-01 9.51e-02 +0.357  0.94 | 2.1e+00 3.5e+00 1.202e+00
#1389  2746   1 | 1.10e+00 9.71e-03 +0.385  0.99 | 9.80e-01 7.81e-02 +0.324  0.95 | 2.0e+00 4.6e+00 2.128e+00
#1390   604   1 | 8.21e-01 8.03e-03 +0.132  1.00 | 1.01e+00 8.93e-02 +0.049  1.00 | 1.6e+00 3.8e+00 1.698e+00
#1391  4031   1 | 1.00e+00 1.14e-02 -0.352  1.01 | 1.08e+00 1.10e-01 +0.349  0.94 | 1.9e+00 5.1e+00 2.123e+00
#1392   903   1 | 7.01e-01 5.66e-03 -0.215  1.00 | 1.00e+00 8.34e-02 +0.092  0.99 | 1.6e+00 3.4e+00 1.489e+00
#1393   602   1 | 5.78e-01 4.12e-03 +0.627  0.99 | 1.05e+00 6.47e-02 +0.198  0.98 | 1.6e+00 4.0e+00 1.416e+00
#1394  1858   1 | 9.71e-01 1.71e-02 +0.112  1.00 | 1.06e+00 7.84e-02 +0.039  1.00 | 1.8e+00 3.4e+00 2.058e+00
#1395   989   1 | 1.38e+00 2.05e-02 -0.504  1.02 | 1.03e+00 7.91e-02 -0.040  1.01 | 1.6e+00 3.7e+00 2.998e+00
#1396  1322   1 | 9.98e-01 2.71e-03 -0.299  1.00 | 9.45e-01 8.37e-02 +0.108  0.99 | 1.8e+00 4.7e+00 1.882e+00
#1397  2091   1 | 1.06e+00 7.08e-03 -0.032  1.00 | 1.03e+00 8.45e-02 +0.026  1.00 | 2.1e+00 4.1e+00 2.198e+00
#1398   990   1 | 1.30e+00 3.06e-03 -0.152  1.00 | 9.27e-01 1.27e-01 +0.069  1.00 | 1.6e+00 3.2e+00 2.539e+00
#1399   317   1 | 1.22e+00 2.02e-02 -0.423  1.01 | 1.10e+00 8.26e-02 +0.108  0.99 | 1.7e+00 3.4e+00 2.724e+00
#1400   986   1 | 1.13e+00 7.21e-03 +0.024  1.00 | 1.05e+00 6.57e-02 +0.254  0.97 | 1.7e+00 3.3e+00 2.360e+00
#1401  2030   1 | 4.95e-01 1.98e-02 +0.780  0.94 | 1.12e+00 1.79e-01 +0.089  1.00 | 2.0e+00 4.1e+00 1.475e+00
#1402  3001   1 | 1.14e+00 8.09e-03 +0.688  0.99 | 9.43e-01 1.07e-01 +0.221  0.96 | 1.9e+00 3.2e+00 2.151e+00
#1403   463   1 | 1.11e+00 2.11e-02 -0.423  1.02 | 1.02e+00 1.37e-01 +0.166  0.97 | 1.5e+00 3.4e+00 2.258e+00
#1404    93   1 | 1.03e+00 1.86e-02 +0.238  0.99 | 9.92e-01 1.17e-01 +0.101  0.99 | 1.8e+00 3.8e+00 2.017e+00
#1405  3443   1 | 1.05e+00 3.56e-02 +0.278  0.98 | 8.36e-01 8.81e-02 +0.307  0.95 | 2.1e+00 4.3e+00 1.751e+00
#1406  1067   1 | 1.10e+00 8.58e-03 -0.632  1.01 | 1.08e+00 7.75e-02 +0.095  0.99 | 1.9e+00 3.7e+00 2.374e+00
#1407  3167   1 | 8.39e-01 1.07e-02 +0.219  0.99 | 9.42e-01 7.95e-02 +0.186  0.98 | 2.0e+00 4.2e+00 1.566e+00
#1408  2528   1 | 1.11e+00 5.51e-02 -0.341  1.04 | 1.06e+00 1.12e-01 -0.065  1.02 | 1.9e+00 4.8e+00 2.426e+00
#1409  2180   1 | 1.02e+00 1.50e-02 +0.012  1.00 | 1.13e+00 8.54e-02 +0.069  1.00 | 1.7e+00 4.2e+00 2.317e+00
#1410  2538   1 | 1.10e+00 8.17e-03 +0.418  0.99 | 1.02e+00 9.52e-02 +0.244  0.96 | 1.9e+00 3.9e+00 2.204e+00
#1411   362   1 | 1.65e+00 1.24e-02 +0.740  0.99 | 9.65e-01 1.04e-01 -0.044  1.02 | 1.6e+00 4.0e+00 3.656e+00
#1412  1172   1 | 1.23e+00 1.20e-02 -0.074  1.00 | 9.89e-01 1.99e-01 +0.215  0.95 | 1.8e+00 4.3e+00 2.455e+00
#1413  1202   1 | 7.28e-01 1.78e-02 -0.583  1.03 | 9.46e-01 1.11e-01 +0.106  0.99 | 1.9e+00 3.4e+00 1.431e+00
#1414  2897   1 | 1.30e+00 6.31e-02 +0.063  1.00 | 1.01e+00 1.22e-01 +0.164  0.98 | 1.8e+00 3.9e+00 2.679e+00
#1415  3008   1 | 8.65e-01 1.62e-02 +0.315  0.99 | 9.10e-01 1.09e-01 +0.147  0.98 | 1.8e+00 3.8e+00 1.551e+00
#1416  2331   1 | 8.92e-01 7.24e-03 +0.419  0.99 | 9.15e-01 8.76e-02 +0.011  1.01 | 1.8e+00 2.8e+00 1.633e+00
#1417  4645   1 | 1.35e+00 1.33e-02 -0.212  1.00 | 1.00e+00 1.04e-01 +0.353  0.94 | 1.8e+00 3.1e+00 2.785e+00
#1418  4958   1 | 1.15e+00 1.43e-02 -0.025  1.00 | 9.88e-01 1.32e-01 +0.386  0.91 | 1.9e+00 3.6e+00 2.213e+00
#1419  2557   1 | 9.63e-01 2.09e-02 +0.462  0.98 | 1.07e+00 7.57e-02 +0.199  0.98 | 1.8e+00 3.4e+00 2.038e+00
#1420   682   1 | 4.94e-01 2.80e-02 -0.791  1.09 | 1.12e+00 1.16e-01 +0.109  0.99 | 1.4e+00 4.2e+00 1.500e+00
#1421   651   1 | 5.53e-01 2.35e-02 -0.304  1.03 | 1.04e+00 7.23e-02 +0.013  1.00 | 1.5e+00 3.7e+00 1.404e+00
#1422   962   1 | 1.31e+00 6.03e-03 -0.457  1.00 | 1.04e+00 8.94e-02 +0.104  0.99 | 1.6e+00 4.2e+00 2.781e+00
#1423  4295   1 | 1.08e+00 5.62e-03 +0.258  1.00 | 9.93e-01 1.21e-01 +0.275  0.95 | 1.8e+00 3.6e+00 2.099e+00
#1424  4570   1 | 6.15e-01 1.49e-02 -0.507  1.03 | 1.03e+00 1.36e-01 +0.476  0.89 | 1.8e+00 3.4e+00 1.332e+00
#1425  1861   1 | 9.64e-01 2.71e-02 +0.016  1.00 | 1.03e+00 1.16e-01 +0.016  1.01 | 1.7e+00 4.3e+00 2.003e+00
#1426  1676   1 | 1.12e+00 7.37e-03 +0.272  1.00 | 1.13e+00 8.44e-02 +0.029  1.00 | 1.5e+00 3.5e+00 2.536e+00
#1427  1223   1 | 7.38e-01 3.70e-03 -0.231  1.00 | 9.49e-01 1.10e-01 +0.159  0.98 | 1.8e+00 4.4e+00 1.426e+00
#1428  3793   1 | 1.26e+00 2.35e-02 +0.435  0.98 | 1.08e+00 1.01e-01 +0.284  0.96 | 1.9e+00 5.2e+00 2.684e+00
#1429  3619   1 | 8.44e-01 2.30e-02 +0.509  0.97 | 9.54e-01 1.22e-01 +0.342  0.93 | 1.9e+00 3.5e+00 1.537e+00
#1430  2044   1 | 7.08e-01 2.39e-02 -0.154  1.01 | 1.09e+00 8.88e-02 +0.108  0.99 | 1.8e+00 4.6e+00 1.677e+00
#1431  3619   1 | 1.11e+00 1.53e-02 -0.401  1.01 | 9.75e-01 1.19e-01 +0.117  0.99 | 1.9e+00 3.4e+00 2.181e+00
#1432  1599   1 | 1.21e+00 1.36e-02 +0.500  0.99 | 9.11e-01 1.10e-01 +0.078  1.00 | 1.4e+00 4.7e+00 2.266e+00
#1433  2723   1 | 9.09e-01 3.51e-02 -0.626  1.05 | 9.18e-01 8.48e-02 +0.229  0.97 | 1.8e+00 4.4e+00 1.680e+00
#1434   111   1 | 1.32e+00 1.56e-02 +0.065  1.00 | 1.12e+00 8.59e-02 -0.013  1.01 | 1.7e+00 3.9e+00 3.015e+00
#1435  3663   1 | 1.18e+00 4.25e-02 +0.536  0.96 | 9.58e-01 9.25e-02 +0.013  1.01 | 2.0e+00 3.7e+00 2.261e+00
#1436  3551   1 | 1.07e+00 3.24e-02 -0.112  1.01 | 9.68e-01 1.47e-01 +0.244  0.95 | 2.0e+00 3.3e+00 2.048e+00
#1437  3501   1 | 5.72e-01 4.81e-02 +0.144  0.98 | 1.03e+00 1.19e-01 +0.147  0.98 | 1.9e+00 3.4e+00 1.358e+00
#1438  1115   1 | 9.71e-01 1.53e-02 -0.362  1.01 | 1.02e+00 9.33e-02 -0.036  1.01 | 1.7e+00 4.6e+00 2.006e+00
#1439  3263   1 | 1.11e+00 1.64e-02 +0.050  1.00 | 1.05e+00 1.03e-01 +0.272  0.96 | 1.9e+00 4.5e+00 2.292e+00
#1440  1085   1 | 1.02e+00 3.08e-02 +0.259  0.99 | 9.92e-01 9.40e-02 +0.129  0.98 | 1.7e+00 3.6e+00 2.003e+00
#1441  4746   1 | 6.58e-01 1.27e-02 +0.782  0.97 | 1.07e+00 1.06e-01 +0.311  0.95 | 1.8e+00 4.0e+00 1.504e+00
#1442  1034   1 | 9.98e-01 1.44e-02 -0.396  1.01 | 8.61e-01 1.34e-01 +0.149  0.98 | 1.7e+00 4.0e+00 1.733e+00
#1443  3579   1 | 1.41e+00 3.97e-02 -0.289  1.02 | 1.01e+00 9.96e-02 +0.169  0.98 | 2.0e+00 2.8e+00 3.021e+00
#1444  3725   1 | 1.30e+00 4.98e-03 +0.419  1.00 | 9.64e-01 1.53e-01 +0.331  0.92 | 1.9e+00 4.5e+00 2.547e+00
#1445  2355   1 | 9.63e-01 3.91e-02 -0.390  1.03 | 9.60e-01 1.87e-01 +0.179  0.97 | 1.6e+00 4.6e+00 1.851e+00
#1446  3517   1 | 6.28e-01 1.58e-02 +0.362  0.98 | 1.08e+00 1.02e-01 +0.111  0.99 | 1.9e+00 4.0e+00 1.549e+00
#1447  4547   1 | 9.71e-01 3.53e-02 +0.040  1.00 | 1.06e+00 1.36e-01 +0.389  0.92 | 1.8e+00 4.0e+00 1.979e+00
#1448   865   1 | 1.20e+00 2.56e-02 -0.047  1.00 | 1.05e+00 8.53e-02 +0.199  0.97 | 1.3e+00 3.6e+00 2.539e+00
#1449  4452   1 | 1.01e+00 8.09e-03 -0.154  1.00 | 1.07e+00 8.76e-02 +0.383  0.94 | 1.7e+00 4.2e+00 2.106e+00
#1450  2820   1 | 1.07e+00 2.04e-02 -0.037  1.00 | 9.97e-01 1.36e-01 +0.239  0.95 | 1.7e+00 3.4e+00 2.101e+00
#1451  4645   1 | 1.30e+00 1.39e-02 -0.333  1.01 | 9.27e-01 2.33e-01 +0.275  0.93 | 1.8e+00 3.8e+00 2.497e+00
#1452  1525   1 | 1.11e+00 2.37e-03 -0.676  1.00 | 9.82e-01 8.19e-02 -0.045  1.01 | 1.5e+00 3.2e+00 2.208e+00
#1453  2353   1 | 1.08e+00 2.81e-02 +0.426  0.98 | 9.70e-01 1.15e-01 +0.111  0.99 | 1.6e+00 3.5e+00 2.060e+00
#1454  1397   1 | 1.12e+00 5.06e-03 -0.619  1.01 | 1.01e+00 1.14e-01 +0.164  0.98 | 1.6e+00 3.3e+00 2.254e+00
#1455  4662   1 | 1.12e+00 3.74e-02 -0.364  1.03 | 9.80e-01 1.12e-01 +0.456  0.91 | 1.9e+00 3.7e+00 2.169e+00
#1456  3817   1 | 5.80e-01 1.23e-02 -0.052  1.00 | 9.77e-01 1.16e-01 +0.324  0.94 | 2.0e+00 3.9e+00 1.232e+00
#1457    98   1 | 1.17e+00 4.84e-03 +0.259  1.00 | 1.17e+00 1.07e-01 +0.182  0.98 | 1.6e+00 3.6e+00 2.700e+00
#1458  1321   1 | 1.08e+00 1.67e-02 -0.496  1.02 | 1.04e+00 1.06e-01 -0.035  1.02 | 1.7e+00 3.4e+00 2.289e+00
#1459  4195   1 | 1.06e+00 1.34e-02 +0.313  0.99 | 8.36e-01 1.11e-01 +0.331  0.93 | 2.0e+00 3.4e+00 1.763e+00
#1460  3482   1 | 1.32e+00 2.54e-02 -0.043  1.00 | 1.02e+00 1.27e-01 +0.131  0.98 | 2.1e+00 3.8e+00 2.764e+00
#1461  2282   1 | 1.30e+00 3.91e-03 +0.355  1.00 | 1.09e+00 9.98e-02 +0.075  0.99 | 1.6e+00 3.6e+00 2.885e+00
#1462  1117   1 | 7.01e-01 1.37e-03 +0.182  1.00 | 1.00e+00 1.10e-01 +0.110  0.99 | 1.7e+00 3.2e+00 1.484e+00
#1463  1638   1 | 1.22e+00 8.72e-03 -0.301  1.00 | 1.10e+00 8.72e-02 +0.156  0.98 | 1.6e+00 3.4e+00 2.699e+00
#1464  1042   1 | 9.75e-01 2.38e-02 +0.361  0.98 | 1.04e+00 9.92e-02 +0.289  0.95 | 1.6e+00 3.8e+00 1.970e+00
#1465  3879   1 | 1.02e+00 5.48e-03 +0.514  0.99 | 1.02e+00 1.41e-01 +0.181  0.97 | 2.2e+00 3.6e+00 2.046e+00
#1466  2526   1 | 1.00e+00 1.05e-02 -0.045  1.00 | 9.45e-01 1.12e-01 +0.083  0.99 | 1.8e+00 4.3e+00 1.896e+00
#1467  4196   1 | 4.48e-01 4.29e-03 -0.531  1.01 | 1.00e+00 1.25e-01 +0.119  0.99 | 2.1e+00 3.4e+00 1.191e+00
#1468  2609   1 | 1.14e+00 2.23e-02 -0.608  1.02 | 9.43e-01 1.13e-01 +0.173  0.97 | 1.8e+00 4.0e+00 2.207e+00
#1469  3156   1 | 4.74e-01 1.90e-02 -0.658  1.05 | 9.87e-01 1.15e-01 +0.280  0.95 | 2.0e+00 2.9e+00 1.162e+00
#1470  3677   1 | 8.46e-01 5.97e-03 +0.054  1.00 | 1.01e+00 1.35e-01 +0.113  0.99 | 2.2e+00 4.4e+00 1.729e+00
#1471  3670   1 | 1.11e+00 1.18e-02 -0.106  1.00 | 9.37e-01 1.54e-01 +0.118  0.99 | 2.1e+00 3.6e+00 2.103e+00
#1472  3927   1 | 1.40e+00 1.07e-02 +0.388  0.99 | 1.03e+00 1.91e-01 +0.134  0.98 | 1.9e+00 3.6e+00 2.984e+00
#1473   512   1 | 9.23e-01 1.38e-03 -0.180  1.00 | 9.51e-01 7.76e-02 +0.055  1.00 | 1.5e+00 3.2e+00 1.754e+00
#1474  3155   1 | 5.87e-01 3.26e-03 +0.561  0.99 | 1.05e+00 1.63e-01 +0.153  0.98 | 1.9e+00 4.0e+00 1.424e+00
#1475  2010   1 | 5.13e-01 1.67e-03 +0.070  1.00 | 9.97e-01 9.07e-02 -0.052  1.02 | 1.7e+00 4.1e+00 1.275e+00
#1476  3917   1 | 9.94e-01 2.79e-02 -0.134  1.01 | 1.06e+00 8.40e-02 +0.182  0.98 | 1.9e+00 3.9e+00 2.091e+00
#1477   958   1 | 1.05e+00 2.69e-03 +0.488  1.00 | 1.08e+00 1.00e-01 +0.182  0.97 | 1.5e+00 3.7e+00 2.243e+00
#1478  3329   1 | 1.05e+00 2.73e-03 -0.102  1.00 | 1.03e+00 1.07e-01 -0.011  1.01 | 1.9e+00 4.3e+00 2.182e+00
#1479  1967   1 | 7.73e-01 8.05e-03 -0.088  1.00 | 9.59e-01 1.20e-01 +0.133  0.98 | 1.8e+00 2.4e+00 1.502e+00
#1480   128   1 | 7.04e-01 1.34e-03 -0.376  1.00 | 1.09e+00 9.42e-02 +0.040  1.00 | 1.6e+00 3.9e+00 1.681e+00
#1481  4724   1 | 8.17e-01 2.05e-02 +0.525  0.97 | 9.54e-01 1.70e-01 +0.384  0.90 | 2.0e+00 4.0e+00 1.464e+00
#1482  1381   1 | 1.21e+00 4.31e-03 +0.405  1.00 | 9.11e-01 8.88e-02 +0.070  1.00 | 1.5e+00 4.9e+00 2.280e+00
#1483   823   1 | 1.31e+00 3.06e-03 -0.436  1.00 | 1.01e+00 1.37e-01 -0.038  1.03 | 1.6e+00 3.4e+00 2.778e+00
#1484  2293   1 | 1.40e+00 4.57e-03 -0.296  1.00 | 1.01e+00 9.10e-02 +0.011  1.01 | 1.5e+00 4.1e+00 3.004e+00
#1485   871   1 | 9.71e-01 3.01e-03 -0.703  1.00 | 1.02e+00 9.36e-02 -0.058  1.02 | 1.5e+00 4.7e+00 2.003e+00
#1486  4750   1 | 8.07e-01 1.87e-03 -0.273  1.00 | 9.42e-01 1.49e-01 +0.268  0.94 | 2.0e+00 3.9e+00 1.487e+00
#1487  4384   1 | 1.07e+00 1.15e-02 -0.135  1.00 | 1.03e+00 1.06e-01 +0.212  0.97 | 1.9e+00 4.3e+00 2.167e+00
#1488  3491   1 | 1.03e+00 5.76e-03 +0.514  0.99 | 1.02e+00 1.31e-01 +0.254  0.95 | 2.0e+00 4.6e+00 2.035e+00
#1489   412   1 | 9.69e-01 5.60e-03 +0.020  1.00 | 1.06e+00 1.13e-01 -0.051  1.02 | 1.5e+00 3.0e+00 2.084e+00
#1490  1206   1 | 5.97e-01 1.24e-03 +0.222  1.00 | 1.08e+00 1.57e-01 +0.062  1.00 | 1.6e+00 3.0e+00 1.534e+00
#1491  4811   1 | 1.15e+00 3.00e-03 -0.223  1.00 | 9.88e-01 9.73e-02 +0.251  0.96 | 2.0e+00 3.9e+00 2.258e+00
#1492  3936   1 | 1.20e+00 2.17e-03 +0.027  1.00 | 9.89e-01 1.52e-01 +0.157  0.98 | 1.8e+00 3.5e+00 2.400e+00
#1493  2971   1 | 7.33e-01 1.74e-03 +0.096  1.00 | 9.46e-01 4.87e-02 +0.124  0.99 | 1.7e+00 3.7e+00 1.423e+00
#1494  4902   1 | 4.92e-01 1.99e-03 -0.650  1.01 | 1.12e+00 1.46e-01 +0.295  0.94 | 1.9e+00 3.2e+00 1.416e+00
#1495  3867   1 | 9.10e-01 4.17e-03 +0.575  0.99 | 9.18e-01 8.68e-02 +0.078  0.99 | 1.9e+00 3.5e+00 1.661e+00
#1496  2062   1 | 1.10e+00 5.78e-03 -0.383  1.00 | 1.08e+00 1.30e-01 +0.077  1.00 | 1.7e+00 4.0e+00 2.372e+00
#1497  1557   1 | 1.31e+00 9.02e-04 +0.050  1.00 | 1.04e+00 1.18e-01 +0.115  0.99 | 1.5e+00 3.4e+00 2.768e+00
#1498  1669   1 | 1.00e+00 4.81e-03 +0.230  1.00 | 1.07e+00 1.07e-01 +0.151  0.98 | 1.5e+00 4.4e+00 2.132e+00
#1499  1598   1 | 9.99e-01 7.42e-03 +0.397  0.99 | 8.61e-01 9.49e-02 +0.165  0.98 | 1.5e+00 3.8e+00 1.715e+00
#1500  2364   1 | 1.30e+00 3.68e-03 +0.241  1.00 | 9.64e-01 9.79e-02 +0.246  0.96 | 1.6e+00 3.8e+00 2.569e+00
#1501  1555   1 | 9.75e-01 3.73e-03 +0.462  1.00 | 1.04e+00 1.32e-01 +0.292  0.94 | 1.5e+00 3.6e+00 1.972e+00
#1502  1886   1 | 1.32e+00 2.16e-02 -0.006  1.00 | 1.02e+00 9.15e-02 +0.163  0.98 | 1.7e+00 5.5e+00 2.754e+00
#1503  2818   1 | 4.51e-01 4.49e-03 -0.266  1.01 | 1.00e+00 1.45e-01 +0.168  0.97 | 1.7e+00 3.3e+00 1.180e+00
#1504   639   1 | 9.23e-01 1.65e-03 -0.095  1.00 | 9.51e-01 7.30e-02 +0.051  1.00 | 1.5e+00 2.9e+00 1.755e+00
#1505  1137   1 | 1.13e+00 4.96e-03 +0.097  1.00 | 1.05e+00 1.14e-01 +0.283  0.95 | 1.6e+00 3.6e+00 2.335e+00
#1506  1319   1 | 6.24e-01 9.21e-03 -0.593  1.02 | 1.03e+00 1.02e-01 +0.003  1.01 | 1.6e+00 4.1e+00 1.465e+00
#1507  2781   1 | 1.66e+00 1.48e-02 +0.792  0.99 | 9.65e-01 3.51e-01 +0.207  0.98 | 1.7e+00 4.3e+00 3.625e+00
#1508  2754   1 | 1.38e+00 1.54e-02 -0.574  1.01 | 1.03e+00 1.34e-01 +0.228  0.96 | 1.8e+00 4.2e+00 2.951e+00
#1509  2738   1 | 5.73e-01 2.74e-03 +0.423  1.00 | 9.77e-01 1.80e-01 +0.178  0.97 | 1.7e+00 3.6e+00 1.252e+00
#1510  4631   1 | 1.01e+00 2.97e-02 +0.086  1.00 | 1.13e+00 2.60e-01 +0.114  1.00 | 2.1e+00 3.9e+00 2.302e+00
#1511   717   1 | 1.14e+00 4.85e-03 +0.513  1.00 | 9.75e-01 1.12e-01 +0.012  1.01 | 1.5e+00 2.9e+00 2.263e+00
#1512   459   1 | 1.29e+00 7.13e-03 -0.207  1.00 | 1.08e+00 9.41e-02 +0.014  1.01 | 1.5e+00 4.5e+00 2.846e+00
#1513  4571   1 | 1.08e+00 1.46e-02 +0.144  1.00 | 9.97e-01 1.22e-01 +0.279  0.95 | 2.0e+00 4.1e+00 2.110e+00
#1514  1764   1 | 7.39e-01 1.71e-03 -0.129  1.00 | 9.49e-01 1.15e-01 +0.111  0.99 | 1.5e+00 3.5e+00 1.437e+00
#1515   683   1 | 1.31e+00 9.82e-03 +0.188  1.00 | 1.09e+00 9.25e-02 +0.015  1.00 | 1.4e+00 4.2e+00 2.905e+00
#1516  1616   1 | 1.11e+00 4.99e-03 -0.455  1.00 | 1.02e+00 1.04e-01 +0.103  0.99 | 1.6e+00 3.6e+00 2.254e+00
#1517  3574   1 | 1.30e+00 1.61e-02 +0.145  1.00 | 1.12e+00 9.24e-02 +0.110  0.99 | 2.0e+00 3.4e+00 2.914e+00
#1518  3324   1 | 9.02e-01 9.14e-03 -0.426  1.01 | 9.15e-01 9.55e-02 -0.125  1.04 | 1.9e+00 3.6e+00 1.689e+00
#1519   140   1 | 4.70e-01 2.68e-03 -0.113  1.00 | 9.87e-01 8.34e-02 +0.209  0.97 | 1.5e+00 4.4e+00 1.168e+00
#1520  1909   1 | 1.08e+00 1.15e-02 -0.294  1.01 | 9.93e-01 1.09e-01 +0.059  1.00 | 1.6e+00 4.4e+00 2.157e+00
#1521  2859   1 | 9.66e-01 5.67e-03 -0.557  1.01 | 1.07e+00 7.35e-02 +0.110  0.99 | 1.8e+00 3.5e+00 2.083e+00
#1522  2312   1 | 1.11e+00 1.07e-02 -0.197  1.00 | 9.80e-01 9.04e-02 +0.307  0.95 | 1.6e+00 3.9e+00 2.148e+00
#1523  3091   1 | 1.03e+00 2.70e-03 +0.088  1.00 | 1.08e+00 7.59e-02 +0.064  1.00 | 1.9e+00 3.9e+00 2.227e+00
#1524  1876   1 | 1.15e+00 4.83e-03 +0.743  0.99 | 9.43e-01 1.15e-01 +0.152  0.98 | 1.6e+00 4.1e+00 2.174e+00
#1525  1494   1 | 9.64e-01 6.48e-03 +0.199  1.00 | 1.03e+00 1.03e-01 +0.020  1.01 | 1.5e+00 3.4e+00 1.998e+00
#1526  1780   1 | 5.48e-01 9.27e-04 -0.058  1.00 | 1.03e+00 1.44e-01 +0.195  0.96 | 1.6e+00 3.6e+00 1.321e+00
#1527  4563   1 | 7.66e-01 7.45e-03 -0.106  1.00 | 9.59e-01 1.72e-01 +0.258  0.94 | 2.0e+00 4.0e+00 1.451e+00
#1528   783   1 | 1.04e+00 1.56e-03 -0.337  1.00 | 8.36e-01 8.39e-02 -0.067  1.02 | 1.4e+00 4.1e+00 1.801e+00
#1529  2300   1 | 1.22e+00 4.12e-03 -0.075  1.00 | 1.10e+00 9.68e-02 +0.175  0.98 | 1.6e+00 3.8e+00 2.689e+00
#1530  1473   1 | 1.18e+00 4.45e-03 +0.358  1.00 | 9.58e-01 9.19e-02 -0.027  1.01 | 1.5e+00 3.8e+00 2.316e+00
#1531  4394   1 | 9.69e-01 8.44e-03 -0.472  1.01 | 9.60e-01 1.31e-01 +0.135  0.98 | 1.8e+00 3.3e+00 1.852e+00
#1532  3804   1 | 8.84e-01 4.92e-03 +0.319  1.00 | 9.10e-01 1.34e-01 +0.123  0.99 | 1.9e+00 4.0e+00 1.595e+00
#1533  3780   1 | 1.32e+00 5.56e-03 -0.035  1.00 | 1.00e+00 8.64e-02 +0.276  0.96 | 1.9e+00 3.3e+00 2.712e+00
#1534  2900   1 | 1.09e+00 7.24e-03 +0.296  1.00 | 9.82e-01 1.69e-01 -0.050  1.05 | 1.6e+00 3.2e+00 2.200e+00
#1535  3631   1 | 1.05e+00 1.16e-02 +0.591  0.99 | 1.04e+00 1.09e-01 +0.123  0.99 | 1.9e+00 3.5e+00 2.142e+00
#1536  1837   1 | 1.12e+00 4.74e-03 -0.559  1.00 | 1.01e+00 9.40e-02 +0.143  0.98 | 1.6e+00 4.5e+00 2.261e+00
#1537  2722   1 | 5.16e-01 1.02e-02 +0.684  0.97 | 9.97e-01 9.74e-02 +0.064  1.00 | 1.7e+00 3.7e+00 1.250e+00
#1538  1471   1 | 1.17e+00 3.21e-03 +0.129  1.00 | 1.17e+00 8.13e-02 +0.274  0.97 | 1.5e+00 3.9e+00 2.687e+00
#1539  4372   1 | 1.07e+00 2.36e-02 +0.409  0.98 | 9.70e-01 2.19e-01 +0.196  0.96 | 1.8e+00 4.2e+00 2.035e+00
#1540  1435   1 | 5.79e-01 6.09e-03 +0.706  0.99 | 1.05e+00 8.11e-02 +0.230  0.97 | 1.5e+00 3.4e+00 1.405e+00
#1541  3950   1 | 1.16e+00 1.68e-02 -0.084  1.00 | 1.05e+00 1.46e-01 +0.215  0.96 | 1.8e+00 3.8e+00 2.427e+00
#1542  3306   1 | 1.11e+00 6.07e-03 -0.484  1.01 | 1.06e+00 1.31e-01 +0.082  1.00 | 1.9e+00 4.7e+00 2.367e+00
#1543  1674   1 | 1.08e+00 6.37e-03 -0.188  1.00 | 9.68e-01 7.67e-02 +0.185  0.98 | 1.5e+00 3.1e+00 2.089e+00
#1544  3286   1 | 1.10e+00 3.38e-03 -0.359  1.00 | 9.37e-01 7.19e-02 +0.185  0.98 | 1.9e+00 4.1e+00 2.075e+00
#1545   302   1 | 1.30e+00 3.19e-03 -0.125  1.00 | 9.27e-01 9.63e-02 -0.062  1.02 | 1.5e+00 4.4e+00 2.560e+00
#1546   392   1 | 6.58e-01 2.41e-02 +0.727  0.95 | 1.07e+00 1.17e-01 +0.220  0.96 | 1.5e+00 3.9e+00 1.513e+00
#1547  1460   1 | 9.64e-01 5.00e-03 -0.401  1.00 | 1.06e+00 9.86e-02 +0.251  0.96 | 1.6e+00 3.9e+00 2.021e+00
#1548  1679   1 | 5.55e-01 7.00e-03 +0.391  0.99 | 1.04e+00 8.18e-02 +0.030  1.00 | 1.6e+00 3.9e+00 1.393e+00
#1549   497   1 | 7.01e-01 6.07e-03 -0.010  1.00 | 1.00e+00 1.43e-01 +0.056  1.00 | 1.5e+00 3.1e+00 1.501e+00
#1550   580   1 | 8.21e-01 9.05e-03 -0.200  1.00 | 1.01e+00 8.32e-02 +0.087  0.99 | 1.5e+00 3.8e+00 1.696e+00
#1551   679   1 | 1.12e+00 8.83e-04 +0.104  1.00 | 1.13e+00 9.34e-02 +0.032  1.00 | 1.5e+00 3.3e+00 2.546e+00
#1552  1251   1 | 1.02e+00 1.07e-02 +0.277  0.99 | 9.92e-01 1.21e-01 +0.096  0.99 | 1.7e+00 3.5e+00 2.019e+00
#1553  1770   1 | 9.99e-01 1.33e-03 +0.015  1.00 | 9.45e-01 1.12e-01 +0.143  0.98 | 1.6e+00 2.7e+00 1.875e+00
#1554   232   1 | 9.65e-01 2.64e-03 -0.125  1.00 | 1.06e+00 8.67e-02 +0.241  0.97 | 1.6e+00 4.0e+00 2.027e+00
#1555  2110   1 | 4.95e-01 2.38e-02 -0.802  1.08 | 1.12e+00 2.19e-01 +0.104  1.00 | 1.7e+00 4.9e+00 1.510e+00
#1556  2145   1 | 1.32e+00 1.07e-02 -0.094  1.00 | 1.12e+00 9.57e-02 +0.143  0.98 | 1.8e+00 2.1e+00 2.976e+00
#1557  1212   1 | 1.38e+00 1.09e-02 +0.549  0.99 | 1.03e+00 8.38e-02 +0.143  0.98 | 1.7e+00 3.2e+00 2.922e+00
#1558  1690   1 | 6.58e-01 7.87e-03 -0.848  1.02 | 1.07e+00 1.32e-01 +0.300  0.94 | 1.5e+00 3.7e+00 1.519e+00
#1559    42   1 | 1.10e+00 4.85e-02 -0.472  1.04 | 1.08e+00 7.36e-02 +0.051  1.00 | 1.6e+00 4.9e+00 2.423e+00
#1560  4370   1 | 5.52e-01 1.73e-02 +0.281  0.98 | 1.04e+00 1.15e-01 +0.309  0.94 | 1.9e+00 3.3e+00 1.325e+00
#1561  2311   1 | 4.49e-01 3.55e-03 -0.243  1.00 | 1.00e+00 1.56e-01 +0.173  0.97 | 1.7e+00 2.8e+00 1.176e+00
#1562  2367   1 | 1.18e+00 3.09e-03 -0.018  1.00 | 9.58e-01 1.25e-01 -0.017  1.02 | 1.7e+00 3.4e+00 2.326e+00
#1563  4254   1 | 1.02e+00 1.07e-02 -0.247  1.01 | 1.08e+00 1.03e-01 +0.313  0.95 | 2.0e+00 4.5e+00 2.162e+00
#1564   580   1 | 1.40e+00 4.81e-03 -0.209  1.00 | 1.01e+00 8.88e-02 -0.128  1.03 | 1.5e+00 3.0e+00 3.025e+00
#1565   654   1 | 9.60e-01 4.38e-03 +0.443  1.00 | 9.60e-01 1.14e-01 +0.118  0.99 | 1.6e+00 5.3e+00 1.827e+00
#1566  1724   1 | 7.06e-01 2.28e-03 -0.137  1.00 | 1.09e+00 1.05e-01 +0.139  0.98 | 1.5e+00 3.7e+00 1.662e+00
#1567  3533   1 | 1.09e+00 5.89e-03 +0.319  1.00 | 1.13e+00 1.38e-01 +0.155  0.98 | 1.9e+00 3.5e+00 2.443e+00
#1568   431   1 | 1.21e+00 6.22e-03 +0.651  0.99 | 9.11e-01 9.47e-02 +0.042  1.00 | 1.4e+00 3.3e+00 2.282e+00
#1569  1000   1 | 1.02e+00 9.97e-03 -0.098  1.00 | 1.13e+00 1.60e-01 +0.018  1.01 | 1.5e+00 3.7e+00 2.339e+00
#1570  3223   1 | 1.66e+00 1.04e-02 +0.766  0.99 | 9.65e-01 1.76e-01 +0.210  0.96 | 1.6e+00 4.5e+00 3.625e+00
#1571  2710   1 | 1.30e+00 2.33e-02 -0.490  1.02 | 9.64e-01 1.16e-01 +0.289  0.94 | 1.7e+00 4.8e+00 2.590e+00
#1572  1521   1 | 9.75e-01 1.75e-02 +0.340  0.99 | 1.04e+00 1.27e-01 +0.288  0.94 | 1.4e+00 3.5e+00 1.966e+00
#1573  4511   1 | 9.54e-01 2.43e-03 +0.562  1.00 | 1.07e+00 9.14e-02 +0.366  0.94 | 1.9e+00 4.9e+00 1.998e+00
#1574  2890   1 | 1.03e+00 1.13e-02 -0.015  1.00 | 1.02e+00 8.91e-02 +0.167  0.98 | 1.6e+00 3.3e+00 2.088e+00
#1575  3851   1 | 1.26e+00 2.76e-02 -0.414  1.02 | 1.08e+00 1.16e-01 +0.172  0.97 | 1.9e+00 3.9e+00 2.759e+00
#1576   998   1 | 8.26e-01 1.38e-02 +0.489  0.98 | 9.54e-01 8.24e-02 +0.071  1.00 | 1.5e+00 2.5e+00 1.576e+00
#1577  1926   1 | 5.99e-01 1.86e-02 +0.406  0.98 | 1.08e+00 1.41e-01 +0.101  0.99 | 1.5e+00 2.8e+00 1.514e+00
#1578  2659   1 | 1.07e+00 1.52e-02 +0.480  0.99 | 1.04e+00 1.03e-01 +0.008  1.01 | 1.6e+00 3.9e+00 2.222e+00
#1579  3904   1 | 8.79e-01 1.82e-03 +0.079  1.00 | 9.51e-01 1.20e-01 +0.272  0.95 | 1.8e+00 3.3e+00 1.628e+00
#1580  3384   1 | 7.13e-01 1.19e-02 -0.151  1.01 | 1.00e+00 1.10e-01 +0.006  1.01 | 1.9e+00 3.7e+00 1.526e+00
#1581  1723   1 | 1.11e+00 1.28e-02 +0.438  0.99 | 1.02e+00 1.03e-01 +0.162  0.98 | 1.5e+00 3.5e+00 2.224e+00
#1582  1570   1 | 1.12e+00 1.60e-02 +0.063  1.00 | 1.01e+00 1.14e-01 +0.135  0.98 | 1.5e+00 3.7e+00 2.252e+00
#1583  2999   1 | 1.00e+00 1.04e-02 -0.300  1.01 | 8.61e-01 1.23e-01 +0.228  0.96 | 1.6e+00 3.8e+00 1.717e+00
#1584  2012   1 | 9.63e-01 4.30e-03 -0.076  1.00 | 1.03e+00 9.44e-02 +0.009  1.01 | 1.6e+00 4.4e+00 2.000e+00
#1585  2429   1 | 8.26e-01 6.01e-03 -0.121  1.00 | 1.01e+00 9.80e-02 +0.098  0.99 | 1.6e+00 4.0e+00 1.700e+00
#1586  4210   1 | 1.11e+00 6.24e-03 -0.380  1.00 | 9.75e-01 1.52e-01 +0.242  0.95 | 1.9e+00 4.0e+00 2.149e+00
#1587  2124   1 | 1.34e+00 1.74e-02 -0.148  1.00 | 1.00e+00 1.75e-01 +0.028  1.02 | 1.7e+00 3.6e+00 2.836e+00
#1588  4239   1 | 1.08e+00 1.36e-02 -0.219  1.01 | 9.68e-01 8.13e-02 +0.141  0.98 | 1.9e+00 3.9e+00 2.101e+00
#1589  1018   1 | 1.31e+00 5.73e-03 -0.155  1.00 | 1.01e+00 1.02e-01 +0.007  1.01 | 1.5e+00 3.2e+00 2.756e+00
#1590  2688   1 | 5.16e-01 1.39e-03 +0.238  1.00 | 9.97e-01 1.17e-01 +0.166  0.97 | 1.7e+00 4.0e+00 1.235e+00
#1591  4655   1 | 8.12e-01 3.29e-02 +0.167  0.99 | 9.42e-01 2.03e-01 +0.239  0.94 | 2.1e+00 5.1e+00 1.489e+00
#1592  4680   1 | 1.13e+00 3.74e-02 -0.400  1.03 | 9.80e-01 1.67e-01 -0.111  1.07 | 2.0e+00 4.1e+00 2.325e+00
#1593  3582   1 | 5.74e-01 1.98e-02 +0.177  0.99 | 1.03e+00 1.91e-01 +0.098  1.00 | 2.0e+00 4.2e+00 1.383e+00
#1594  4085   1 | 1.02e+00 2.14e-02 -0.189  1.01 | 9.92e-01 1.26e-01 +0.092  0.99 | 2.0e+00 3.1e+00 2.032e+00
#1595  4004   1 | 9.09e-01 2.40e-02 -0.504  1.03 | 9.18e-01 1.69e-01 +0.204  0.96 | 1.9e+00 3.9e+00 1.656e+00
#1596   466   1 | 1.04e+00 9.94e-03 +0.311  0.99 | 8.36e-01 1.17e-01 -0.085  1.04 | 1.6e+00 4.2e+00 1.807e+00
#1597  2490   1 | 1.00e+00 1.97e-02 +0.057  1.00 | 9.45e-01 1.16e-01 +0.073  1.00 | 1.6e+00 3.7e+00 1.895e+00
#1598  3612   1 | 1.09e+00 1.42e-02 +0.434  0.99 | 9.70e-01 1.90e-01 +0.183  0.97 | 1.9e+00 3.4e+00 2.085e+00
#1599  2830   1 | 8.96e-01 6.51e-03 -0.312  1.00 | 9.15e-01 8.04e-02 +0.021  1.00 | 1.6e+00 3.2e+00 1.647e+00
#1600  1640   1 | 1.29e+00 6.14e-03 +0.416  1.00 | 9.27e-01 9.25e-02 +0.148  0.98 | 1.5e+00 3.7e+00 2.512e+00
#1601    39   1 | 1.23e+00 1.07e-02 +0.112  1.00 | 9.89e-01 1.13e-01 +0.143  0.98 | 1.6e+00 3.2e+00 2.478e+00
#1602  2973   1 | 7.33e-01 9.86e-03 -0.534  1.01 | 9.46e-01 1.05e-01 +0.126  0.98 | 1.7e+00 2.9e+00 1.426e+00
#1603  2831   1 | 1.17e+00 1.32e-02 +0.161  1.00 | 1.17e+00 1.12e-01 +0.216  0.97 | 1.6e+00 3.1e+00 2.682e+00
#1604   344   1 | 4.70e-01 1.37e-02 +0.309  0.98 | 9.87e-01 9.50e-02 +0.260  0.96 | 1.6e+00 3.3e+00 1.152e+00
#1605  3474   1 | 7.93e-01 3.25e-03 +0.238  1.00 | 9.59e-01 1.46e-01 +0.249  0.95 | 1.8e+00 3.6e+00 1.499e+00
#1606  3387   1 | 1.23e+00 1.72e-02 -0.680  1.02 | 1.10e+00 1.57e-01 -0.027  1.03 | 1.9e+00 4.1e+00 2.786e+00
#1607  1509   1 | 1.30e+00 3.95e-03 -0.130  1.00 | 1.09e+00 1.03e-01 +0.017  1.01 | 1.5e+00 3.2e+00 2.909e+00
#1608   804   1 | 1.08e+00 2.40e-03 -0.605  1.00 | 9.97e-01 1.15e-01 +0.169  0.97 | 1.5e+00 3.6e+00 2.132e+00
#1609   137   1 | 1.08e+00 1.03e-02 -0.186  1.00 | 9.93e-01 8.60e-02 +0.031  1.00 | 1.5e+00 2.7e+00 2.162e+00
#1610  4105   1 | 7.47e-01 2.56e-02 +0.017  1.00 | 9.49e-01 1.17e-01 +0.174  0.97 | 1.8e+00 3.9e+00 1.435e+00
#1611  3095   1 | 1.10e+00 1.57e-02 -0.316  1.01 | 9.37e-01 1.25e-01 +0.176  0.97 | 1.8e+00 4.5e+00 2.071e+00
#1612  4914   1 | 1.16e+00 1.56e-02 -0.501  1.01 | 1.05e+00 2.06e-01 +0.466  0.86 | 1.9e+00 3.5e+00 2.304e+00
#1613  1467   1 | 5.79e-01 4.23e-03 +0.352  0.99 | 1.05e+00 1.15e-01 +0.256  0.96 | 1.5e+00 3.2e+00 1.392e+00
#1614   261   1 | 9.70e-01 5.43e-03 -0.491  1.01 | 1.06e+00 1.06e-01 -0.013  1.01 | 1.5e+00 3.7e+00 2.079e+00
#1615  4532   1 | 1.15e+00 4.59e-03 -0.600  1.00 | 9.43e-01 1.41e-01 +0.226  0.95 | 1.8e+00 3.8e+00 2.167e+00
#1616  4841   1 | 8.34e-01 2.21e-02 -0.268  1.01 | 9.10e-01 1.85e-01 +0.200  0.96 | 1.8e+00 3.8e+00 1.500e+00
#1617  2300   1 | 1.20e+00 8.33e-03 +0.502  0.99 | 1.05e+00 1.54e-01 +0.204  0.96 | 1.5e+00 3.9e+00 2.497e+00
#1618  3008   1 | 1.09e+00 4.74e-03 +0.532  1.00 | 9.82e-01 1.11e-01 -0.062  1.03 | 1.5e+00 2.8e+00 2.175e+00
#1619  3227   1 | 6.39e-01 8.65e-03 +0.050  1.00 | 1.03e+00 1.21e-01 -0.051  1.03 | 1.6e+00 3.9e+00 1.493e+00
#1620  4468   1 | 1.15e+00 7.94e-03 +0.827  0.99 | 9.88e-01 1.69e-01 +0.295  0.93 | 1.6e+00 4.3e+00 2.205e+00
#1621  1127   1 | 1.00e+00 7.22e-03 +0.104  1.00 | 1.07e+00 1.97e-01 +0.177  0.97 | 1.5e+00 4.1e+00 2.122e+00
#1622  3080   1 | 9.71e-01 1.69e-02 -0.727  1.03 | 1.02e+00 1.73e-01 +0.000  1.03 | 1.6e+00 3.8e+00 2.032e+00
#1623  1061   1 | 1.32e+00 4.51e-03 -0.339  1.00 | 1.02e+00 8.62e-02 +0.037  1.00 | 1.4e+00 4.3e+00 2.780e+00
#1624   904   1 | 1.31e+00 8.55e-03 +0.434  0.99 | 1.04e+00 1.06e-01 +0.064  1.00 | 1.4e+00 4.0e+00 2.772e+00
#1625  3139   1 | 5.77e-01 2.58e-03 +0.172  1.00 | 9.77e-01 1.13e-01 +0.266  0.95 | 1.5e+00 3.6e+00 1.241e+00
#1626  2633   1 | 1.11e+00 5.34e-03 -0.317  1.00 | 1.06e+00 9.37e-02 +0.106  0.99 | 1.5e+00 3.9e+00 2.346e+00
#1627   401   1 | 1.07e+00 9.84e-03 +0.423  0.99 | 1.03e+00 1.05e-01 +0.004  1.01 | 1.4e+00 4.0e+00 2.205e+00
#1628  2637   1 | 1.10e+00 1.15e-02 +0.805  0.98 | 9.82e-01 9.23e-02 -0.065  1.02 | 1.4e+00 4.4e+00 2.170e+00
#1629  3829   1 | 1.02e+00 5.98e-03 +0.850  0.99 | 9.92e-01 1.62e-01 +0.137  0.98 | 1.7e+00 3.9e+00 1.990e+00
#1630    68   1 | 8.26e-01 4.40e-03 +0.497  0.99 | 9.54e-01 1.11e-01 +0.076  1.00 | 1.4e+00 3.5e+00 1.584e+00
#1631   676   1 | 1.07e+00 1.20e-02 +0.423  0.99 | 1.03e+00 1.05e-01 +0.007  1.01 | 1.4e+00 3.7e+00 2.201e+00
#1632  4146   1 | 1.67e+00 8.48e-03 -0.140  1.00 | 9.65e-01 1.56e-01 +0.234  0.95 | 1.6e+00 4.0e+00 3.669e+00
#1633  3183   1 | 1.03e+00 6.73e-03 -0.713  1.01 | 1.02e+00 1.35e-01 +0.191  0.97 | 1.6e+00 4.7e+00 2.078e+00
#1634  3467   1 | 6.44e-01 6.99e-03 -0.386  1.01 | 1.03e+00 1.54e-01 +0.188  0.97 | 1.7e+00 3.4e+00 1.441e+00
#1635  4627   1 | 1.06e+00 2.52e-03 +0.665  1.00 | 9.70e-01 1.51e-01 +0.166  0.97 | 1.8e+00 3.4e+00 2.042e+00
#1636  2570   1 | 1.00e+00 1.70e-02 +0.083  1.00 | 8.61e-01 1.32e-01 +0.193  0.96 | 1.5e+00 3.7e+00 1.712e+00
#1637  4822   1 | 1.15e+00 2.80e-02 -0.477  1.02 | 1.05e+00 5.01e-01 +0.373  0.87 | 1.7e+00 4.8e+00 2.328e+00
#1638  1382   1 | 1.32e+00 1.26e-02 -0.649  1.01 | 1.02e+00 8.03e-02 +0.084  0.99 | 1.4e+00 4.0e+00 2.790e+00
#1639   325   1 | 8.24e-01 9.23e-03 +0.517  0.99 | 9.42e-01 9.93e-02 -0.071  1.03 | 1.4e+00 4.0e+00 1.581e+00
#1640  2436   1 | 1.11e+00 4.09e-03 +0.522  1.00 | 1.06e+00 7.74e-02 +0.047  1.00 | 1.4e+00 4.4e+00 2.346e+00
#1641  3331   1 | 1.10e+00 1.64e-02 +0.572  0.98 | 9.37e-01 1.46e-01 +0.202  0.96 | 1.6e+00 4.2e+00 2.040e+00
#1642  2670   1 | 1.34e+00 1.09e-02 +0.059  1.00 | 1.00e+00 1.63e-01 +0.111  0.99 | 1.5e+00 3.3e+00 2.787e+00
#1643  1716   1 | 9.70e-01 1.60e-03 -0.098  1.00 | 1.06e+00 9.40e-02 +0.129  0.98 | 1.4e+00 3.6e+00 2.044e+00
#1644    83   1 | 1.30e+00 9.04e-03 -0.665  1.01 | 9.27e-01 1.14e-01 -0.041  1.03 | 1.4e+00 3.9e+00 2.577e+00
#1645  2392   1 | 7.11e-01 1.18e-02 -0.030  1.00 | 1.09e+00 1.32e-01 +0.183  0.97 | 1.4e+00 4.5e+00 1.654e+00
#1646  2840   1 | 1.03e+00 5.77e-03 +0.122  1.00 | 1.08e+00 1.88e-01 +0.252  0.94 | 1.5e+00 3.0e+00 2.175e+00
#1647    84   1 | 1.30e+00 9.50e-03 -0.471  1.01 | 9.64e-01 1.33e-01 +0.218  0.96 | 1.4e+00 3.8e+00 2.581e+00
#1648  1600   1 | 5.54e-01 8.05e-03 +0.361  0.99 | 1.04e+00 1.10e-01 +0.056  1.00 | 1.4e+00 3.6e+00 1.390e+00
#1649  1585   1 | 1.14e+00 2.07e-02 +0.218  0.99 | 9.75e-01 1.34e-01 +0.040  1.01 | 1.4e+00 3.6e+00 2.252e+00
#1650  4115   1 | 1.09e+00 5.04e-03 +0.136  1.00 | 1.02e+00 1.35e-01 +0.157  0.98 | 1.5e+00 3.2e+00 2.193e+00
#1651   186   1 | 1.12e+00 7.66e-03 -0.516  1.01 | 1.13e+00 1.18e-01 +0.098  0.99 | 1.3e+00 3.3e+00 2.541e+00
#1652    78   1 | 1.21e+00 7.59e-03 +0.365  1.00 | 1.05e+00 1.14e-01 +0.103  0.99 | 1.4e+00 4.6e+00 2.546e+00
#1653  3497   1 | 1.13e+00 1.04e-02 +0.845  0.98 | 9.88e-01 1.05e-01 -0.178  1.05 | 1.5e+00 3.5e+00 2.280e+00
#1654  1071   1 | 1.31e+00 5.07e-03 -0.474  1.00 | 1.01e+00 9.37e-02 +0.083  0.99 | 1.3e+00 3.1e+00 2.743e+00
#1655  2289   1 | 9.63e-01 1.56e-02 -0.701  1.02 | 1.03e+00 1.25e-01 +0.056  1.00 | 1.3e+00 3.9e+00 2.014e+00
#1656  3653   1 | 9.94e-01 1.01e-02 +0.020  1.00 | 1.04e+00 1.40e-01 +0.193  0.97 | 1.6e+00 4.0e+00 2.038e+00
#1657  2068   1 | 1.00e+00 1.53e-02 -0.033  1.00 | 9.45e-01 1.06e-01 +0.057  1.00 | 1.4e+00 3.5e+00 1.896e+00
#1658  4943   1 | 7.26e-01 6.69e-03 +0.059  1.00 | 9.49e-01 1.07e-01 +0.175  0.97 | 1.5e+00 3.7e+00 1.404e+00
#1659  4703   1 | 5.63e-01 9.44e-03 +0.070  1.00 | 9.77e-01 2.01e-01 +0.349  0.90 | 1.5e+00 4.3e+00 1.175e+00
#1660  4627   1 | 9.55e-01 1.32e-02 -0.056  1.00 | 9.60e-01 1.50e-01 +0.162  0.97 | 1.6e+00 3.5e+00 1.811e+00
#1661   313   1 | 1.00e+00 1.41e-02 -0.189  1.01 | 1.07e+00 1.12e-01 +0.125  0.98 | 1.3e+00 3.9e+00 2.150e+00
#1662  1993   1 | 7.03e-01 9.00e-03 -0.069  1.00 | 1.00e+00 1.18e-01 +0.106  0.99 | 1.4e+00 4.5e+00 1.488e+00
#1663  2194   1 | 6.01e-01 1.61e-02 -0.075  1.00 | 1.08e+00 1.50e-01 +0.029  1.01 | 1.4e+00 3.6e+00 1.551e+00
#1664  3055   1 | 1.31e+00 9.33e-03 +0.230  1.00 | 1.12e+00 1.24e-01 +0.150  0.98 | 1.4e+00 3.3e+00 2.935e+00
#1665   365   1 | 1.11e+00 2.82e-03 +0.047  1.00 | 9.80e-01 8.24e-02 +0.075  0.99 | 1.3e+00 3.6e+00 2.196e+00
#1666  2805   1 | 8.30e-01 1.51e-02 +0.058  1.00 | 1.01e+00 8.55e-02 +0.104  0.99 | 1.4e+00 3.3e+00 1.703e+00
#1667  1049   1 | 8.89e-01 4.66e-03 -0.218  1.00 | 9.15e-01 8.70e-02 -0.073  1.02 | 1.3e+00 3.4e+00 1.648e+00
#1668  1504   1 | 1.22e+00 5.25e-03 -0.671  1.01 | 1.10e+00 9.11e-02 +0.167  0.98 | 1.3e+00 4.2e+00 2.698e+00
#1669  4190   1 | 5.81e-01 1.74e-02 -0.051  1.00 | 1.05e+00 1.44e-01 +0.289  0.94 | 1.5e+00 3.8e+00 1.379e+00
#1670   858   1 | 9.57e-01 1.26e-02 -0.258  1.01 | 1.07e+00 8.35e-02 +0.116  0.99 | 1.3e+00 3.8e+00 2.063e+00
#1671   208   1 | 7.71e-01 7.38e-03 +0.847  0.98 | 9.59e-01 9.31e-02 +0.022  1.01 | 1.3e+00 3.6e+00 1.509e+00
#1672  3334   1 | 4.99e-01 3.93e-03 +0.583  0.99 | 1.12e+00 1.91e-01 +0.144  0.98 | 1.4e+00 3.4e+00 1.470e+00
#1673   857   1 | 1.21e+00 3.56e-03 +0.365  1.00 | 9.11e-01 1.11e-01 +0.078  1.00 | 1.3e+00 3.6e+00 2.283e+00
#1674  2240   1 | 5.14e-01 6.71e-03 +0.102  1.00 | 9.97e-01 9.26e-02 +0.003  1.01 | 1.3e+00 3.9e+00 1.266e+00
#1675  4873   1 | 6.58e-01 7.70e-03 -0.238  1.01 | 1.07e+00 1.08e-01 +0.323  0.95 | 1.4e+00 3.7e+00 1.516e+00
#1676  4835   1 | 9.47e-01 9.09e-03 -0.329  1.01 | 9.51e-01 1.33e-01 +0.337  0.93 | 1.5e+00 3.8e+00 1.738e+00
#1677  1100   1 | 9.64e-01 3.12e-03 -0.556  1.00 | 1.06e+00 1.13e-01 +0.263  0.96 | 1.3e+00 3.7e+00 2.014e+00
#1678  1415   1 | 1.10e+00 8.04e-03 -0.415  1.01 | 1.08e+00 8.67e-02 +0.139  0.98 | 1.3e+00 4.8e+00 2.360e+00
#1679  4428   1 | 1.08e+00 4.90e-03 -0.476  1.00 | 9.93e-01 9.92e-02 +0.341  0.94 | 1.4e+00 4.5e+00 2.110e+00
#1680  3776   1 | 1.40e+00 9.13e-03 +0.479  0.99 | 1.03e+00 1.36e-01 +0.127  0.98 | 1.5e+00 3.9e+00 2.981e+00
#1681    30   1 | 1.08e+00 4.59e-03 +0.155  1.00 | 9.97e-01 1.09e-01 +0.125  0.98 | 1.3e+00 4.2e+00 2.139e+00
#1682  3959   1 | 1.17e+00 8.09e-03 -0.482  1.01 | 1.17e+00 1.78e-01 +0.211  0.96 | 1.4e+00 3.6e+00 2.686e+00
#1683   279   1 | 1.08e+00 1.12e-02 +0.133  1.00 | 1.04e+00 9.83e-02 -0.010  1.01 | 1.3e+00 4.1e+00 2.262e+00
#1684   903   1 | 1.08e+00 7.28e-03 -0.429  1.01 | 9.68e-01 1.08e-01 +0.101  0.99 | 1.3e+00 4.5e+00 2.108e+00
#1685  4720   1 | 1.01e+00 3.40e-03 -0.432  1.00 | 1.13e+00 1.17e-01 +0.322  0.94 | 1.4e+00 4.4e+00 2.228e+00
#1686  4507   1 | 9.06e-01 5.84e-03 -0.524  1.01 | 9.18e-01 1.18e-01 +0.277  0.95 | 1.4e+00 3.2e+00 1.622e+00
#1687  3729   1 | 5.76e-01 9.67e-03 +0.218  0.99 | 1.03e+00 1.69e-01 +0.199  0.96 | 1.4e+00 4.0e+00 1.348e+00
#1688  4662   1 | 1.32e+00 7.53e-03 -0.450  1.01 | 1.04e+00 1.67e-01 +0.212  0.96 | 1.4e+00 4.0e+00 2.768e+00
#1689  2025   1 | 4.48e-01 5.52e-03 -0.400  1.01 | 1.00e+00 1.33e-01 +0.203  0.96 | 1.3e+00 4.7e+00 1.169e+00
#1690  3712   1 | 7.38e-01 6.29e-03 +0.271  1.00 | 9.46e-01 1.13e-01 +0.123  0.98 | 1.4e+00 4.5e+00 1.424e+00
#1691  3974   1 | 1.26e+00 2.34e-03 +0.633  1.00 | 1.08e+00 9.63e-02 +0.178  0.98 | 1.4e+00 4.0e+00 2.730e+00
#1692   511   1 | 4.70e-01 2.00e-03 +0.223  1.00 | 9.87e-01 8.07e-02 +0.219  0.97 | 1.2e+00 3.6e+00 1.167e+00
#1693  2764   1 | 1.22e+00 3.65e-03 +0.052  1.00 | 9.89e-01 1.36e-01 +0.172  0.97 | 1.2e+00 3.9e+00 2.447e+00
#1694  3052   1 | 1.14e+00 6.66e-03 -0.026  1.00 | 9.43e-01 1.12e-01 +0.054  1.00 | 1.3e+00 3.2e+00 2.198e+00
#1695  3769   1 | 9.72e-01 2.21e-03 -0.665  1.00 | 1.02e+00 1.74e-01 +0.140  0.98 | 1.4e+00 3.9e+00 1.965e+00
#1696  2829   1 | 1.18e+00 4.05e-03 -0.004  1.00 | 9.58e-01 1.73e-01 -0.010  1.04 | 1.3e+00 3.8e+00 2.340e+00
#1697  2938   1 | 1.05e+00 3.00e-03 -0.059  1.00 | 8.36e-01 9.38e-02 +0.282  0.95 | 1.2e+00 3.9e+00 1.761e+00
#1698  1616   1 | 1.30e+00 1.57e-03 +0.054  1.00 | 1.09e+00 1.10e-01 +0.052  1.00 | 1.2e+00 3.4e+00 2.900e+00
#1699  3803   1 | 1.41e+00 2.28e-03 -0.022  1.00 | 1.01e+00 1.52e-01 +0.144  0.98 | 1.3e+00 3.4e+00 2.998e+00
#1700  3635   1 | 1.13e+00 3.08e-03 -0.641  1.00 | 1.01e+00 1.62e-01 +0.222  0.95 | 1.4e+00 3.5e+00 2.249e+00
#1701  1634   1 | 8.54e-01 2.71e-03 +0.397  1.00 | 9.10e-01 9.27e-02 +0.031  1.00 | 1.2e+00 3.2e+00 1.559e+00
#1702  4181   1 | 1.07e+00 4.56e-03 +0.722  0.99 | 9.82e-01 1.63e-01 +0.197  0.96 | 1.3e+00 3.9e+00 2.072e+00
#1703  4121   1 | 6.21e-01 3.99e-03 -0.046  1.00 | 1.08e+00 1.44e-01 +0.223  0.96 | 1.3e+00 3.5e+00 1.512e+00
#1704  2199   1 | 1.14e+00 2.24e-03 +0.147  1.00 | 9.75e-01 1.07e-01 +0.031  1.01 | 1.2e+00 3.5e+00 2.250e+00
#1705  2668   1 | 1.30e+00 4.71e-03 -0.490  1.00 | 1.04e+00 1.17e-01 +0.191  0.97 | 1.2e+00 4.0e+00 2.744e+00
#1706  4988   1 | 9.05e-01 3.53e-03 -0.255  1.00 | 9.18e-01 1.88e-01 +0.367  0.89 | 1.3e+00 3.7e+00 1.571e+00
#1707   394   1 | 7.28e-01 3.95e-03 +0.351  1.00 | 9.46e-01 9.16e-02 +0.002  1.01 | 1.2e+00 3.7e+00 1.431e+00
#1708   443   1 | 1.08e+00 2.46e-03 +0.015  1.00 | 9.93e-01 9.39e-02 +0.001  1.01 | 1.2e+00 3.5e+00 2.163e+00
#1709  4830   1 | 1.25e+00 6.97e-03 -0.014  1.00 | 9.89e-01 1.23e-01 +0.324  0.93 | 1.3e+00 3.5e+00 2.475e+00
#1710  4205   1 | 9.10e-01 4.22e-03 -0.022  1.00 | 9.15e-01 1.50e-01 +0.080  1.00 | 1.3e+00 3.9e+00 1.666e+00
#1711  3926   1 | 8.52e-01 1.36e-03 +0.028  1.00 | 1.01e+00 1.13e-01 +0.213  0.97 | 1.3e+00 3.5e+00 1.715e+00
#1712  2124   1 | 4.48e-01 5.21e-03 +0.092  1.00 | 1.00e+00 1.52e-01 +0.229  0.95 | 1.2e+00 3.6e+00 1.157e+00
#1713  1072   1 | 1.08e+00 1.44e-03 -0.326  1.00 | 9.68e-01 1.00e-01 +0.132  0.98 | 1.2e+00 4.0e+00 2.095e+00
#1714  2896   1 | 1.38e+00 4.77e-03 -0.263  1.00 | 1.03e+00 9.71e-02 +0.210  0.97 | 1.2e+00 2.8e+00 2.946e+00
#1715  1855   1 | 7.39e-01 2.81e-03 +0.407  1.00 | 9.49e-01 1.12e-01 +0.146  0.98 | 1.2e+00 3.6e+00 1.428e+00
#1716   114   1 | 1.21e+00 2.24e-03 +0.574  1.00 | 9.11e-01 1.03e-01 +0.040  1.00 | 1.2e+00 3.5e+00 2.290e+00
#1717  2581   1 | 1.04e+00 2.24e-03 +0.039  1.00 | 1.02e+00 1.02e-01 +0.197  0.97 | 1.2e+00 3.4e+00 2.085e+00
#1718   997   1 | 1.29e+00 1.40e-02 -0.376  1.01 | 9.64e-01 1.31e-01 +0.249  0.95 | 1.2e+00 4.1e+00 2.574e+00
#1719  4138   1 | 6.33e-01 8.68e-03 +0.582  0.98 | 1.03e+00 1.64e-01 +0.229  0.95 | 1.3e+00 3.9e+00 1.403e+00
#1720   468   1 | 1.14e+00 2.10e-03 +0.357  1.00 | 9.88e-01 1.05e-01 -0.106  1.03 | 1.2e+00 3.8e+00 2.312e+00
#1721   703   1 | 9.98e-01 3.70e-03 +0.218  1.00 | 8.61e-01 1.32e-01 +0.153  0.98 | 1.2e+00 4.3e+00 1.719e+00
#1722  1822   1 | 1.15e+00 1.11e-03 -0.436  1.00 | 9.43e-01 1.27e-01 +0.128  0.98 | 1.2e+00 3.9e+00 2.189e+00
#1723  3393   1 | 9.88e-01 5.82e-03 -0.339  1.00 | 1.07e+00 1.15e-01 +0.218  0.96 | 1.2e+00 4.0e+00 2.094e+00
#1724  1491   1 | 7.02e-01 6.32e-03 +0.098  1.00 | 1.00e+00 1.16e-01 +0.106  0.99 | 1.2e+00 3.4e+00 1.485e+00
#1725   854   1 | 5.46e-01 3.58e-03 +0.696  0.99 | 1.03e+00 1.16e-01 +0.188  0.97 | 1.2e+00 3.3e+00 1.322e+00
#1726  2586   1 | 9.79e-01 2.48e-03 +0.121  1.00 | 1.04e+00 1.67e-01 +0.143  0.98 | 1.2e+00 4.0e+00 2.024e+00
#1727  3275   1 | 5.78e-01 1.73e-03 +0.787  1.00 | 9.77e-01 1.86e-01 +0.327  0.91 | 1.2e+00 4.2e+00 1.204e+00
#1728  3395   1 | 1.05e+00 3.07e-03 +0.377  1.00 | 1.03e+00 1.15e-01 +0.091  0.99 | 1.2e+00 3.7e+00 2.154e+00
#1729  3239   1 | 1.01e+00 3.46e-03 +0.147  1.00 | 9.45e-01 1.88e-01 +0.209  0.96 | 1.2e+00 4.2e+00 1.876e+00
#1730  4594   1 | 1.14e+00 5.13e-03 -0.155  1.00 | 1.05e+00 1.51e-01 +0.387  0.91 | 1.3e+00 3.3e+00 2.309e+00
#1731  3618   1 | 7.34e-01 3.93e-03 +0.097  1.00 | 1.09e+00 1.31e-01 +0.067  1.00 | 1.2e+00 4.4e+00 1.720e+00
#1732  2842   1 | 9.71e-01 2.76e-03 +0.403  1.00 | 1.02e+00 8.98e-02 +0.097  0.99 | 1.2e+00 3.6e+00 1.967e+00
#1733  1975   1 | 6.58e-01 3.24e-03 -0.562  1.01 | 1.07e+00 2.13e-01 +0.286  0.93 | 1.1e+00 3.5e+00 1.494e+00
#1734  3623   1 | 1.32e+00 4.51e-03 -0.567  1.00 | 1.00e+00 1.45e-01 +0.111  0.99 | 1.2e+00 4.5e+00 2.754e+00
#1735  4451   1 | 1.32e+00 7.38e-04 +0.448  1.00 | 1.12e+00 1.14e-01 +0.464  0.92 | 1.2e+00 3.2e+00 2.887e+00
#1736  2487   1 | 1.18e+00 3.11e-03 +0.222  1.00 | 9.58e-01 1.31e-01 -0.008  1.02 | 1.1e+00 3.0e+00 2.324e+00
#1737  4674   1 | 1.22e+00 3.50e-03 -0.595  1.00 | 1.10e+00 1.86e-01 +0.372  0.90 | 1.2e+00 4.1e+00 2.599e+00
#1738  3511   1 | 5.92e-01 2.13e-03 +0.845  0.99 | 1.05e+00 1.56e-01 +0.234  0.95 | 1.2e+00 4.1e+00 1.403e+00
#1739  4871   1 | 7.50e-01 3.94e-03 -0.251  1.00 | 9.59e-01 1.38e-01 +0.385  0.91 | 1.2e+00 4.5e+00 1.400e+00
#1740  3558   1 | 1.05e+00 1.32e-03 +0.103  1.00 | 8.36e-01 1.40e-01 +0.246  0.95 | 1.2e+00 3.1e+00 1.773e+00
#1741  3332   1 | 1.10e+00 2.46e-03 +0.045  1.00 | 1.13e+00 1.42e-01 +0.260  0.95 | 1.2e+00 4.0e+00 2.427e+00
#1742   295   1 | 9.66e-01 2.51e-03 -0.387  1.00 | 1.03e+00 1.16e-01 -0.009  1.01 | 1.1e+00 4.3e+00 2.015e+00
#1743  3409   1 | 1.13e+00 4.60e-03 -0.405  1.00 | 1.01e+00 2.08e-01 +0.261  0.93 | 1.2e+00 4.1e+00 2.224e+00
#1744  1724   1 | 9.58e-01 2.09e-03 -0.364  1.00 | 1.07e+00 9.76e-02 +0.148  0.98 | 1.1e+00 3.7e+00 2.053e+00
#1745  1421   1 | 8.26e-01 3.30e-03 +0.263  1.00 | 9.54e-01 9.08e-02 +0.157  0.98 | 1.1e+00 3.5e+00 1.572e+00
#1746   218   1 | 5.12e-01 2.78e-03 -0.788  1.01 | 9.97e-01 9.46e-02 -0.021  1.01 | 1.1e+00 4.0e+00 1.271e+00
#1747  4542   1 | 1.03e+00 1.00e-03 +0.045  1.00 | 9.92e-01 2.12e-01 +0.051  1.02 | 1.3e+00 3.9e+00 2.069e+00
#1748  2402   1 | 1.17e+00 5.19e-03 -0.210  1.00 | 1.17e+00 1.74e-01 +0.281  0.94 | 1.1e+00 3.7e+00 2.651e+00
#1749  2995   1 | 9.59e-01 2.70e-03 -0.179  1.00 | 1.06e+00 1.28e-01 +0.308  0.94 | 1.1e+00 3.3e+00 1.986e+00
#1750  4850   1 | 4.92e-01 3.33e-03 -0.499  1.01 | 1.12e+00 1.24e-01 +0.295  0.95 | 1.2e+00 3.8e+00 1.426e+00
#1751  2386   1 | 1.66e+00 2.60e-03 -0.520  1.00 | 9.65e-01 1.25e-01 +0.148  0.98 | 1.1e+00 5.4e+00 3.659e+00
#1752  4899   1 | 1.23e+00 2.98e-03 +0.091  1.00 | 1.05e+00 1.59e-01 +0.345  0.92 | 1.2e+00 3.9e+00 2.532e+00
#1753  1679   1 | 1.40e+00 1.30e-03 -0.105  1.00 | 1.01e+00 1.06e-01 -0.059  1.02 | 1.1e+00 4.0e+00 3.016e+00
#1754  2274   1 | 1.04e+00 1.78e-03 -0.621  1.00 | 1.08e+00 1.46e-01 +0.242  0.95 | 1.1e+00 3.2e+00 2.208e+00
#1755    38   1 | 1.32e+00 2.47e-03 -0.288  1.00 | 1.02e+00 9.27e-02 -0.027  1.01 | 1.1e+00 4.8e+00 2.793e+00
#1756  4324   1 | 1.06e+00 2.55e-03 -0.650  1.00 | 1.04e+00 1.66e-01 +0.187  0.97 | 1.2e+00 4.4e+00 2.167e+00
#1757  4542   1 | 8.19e-01 3.25e-03 +0.435  1.00 | 9.42e-01 1.23e-01 +0.342  0.93 | 1.2e+00 3.4e+00 1.492e+00
#1758  1315   1 | 1.31e+00 1.19e-03 +0.163  1.00 | 1.09e+00 1.40e-01 +0.067  1.00 | 1.1e+00 4.6e+00 2.901e+00
#1759  4262   1 | 1.08e+00 1.14e-03 -0.011  1.00 | 9.97e-01 1.07e-01 +0.254  0.96 | 1.2e+00 3.1e+00 2.115e+00
#1760   941   1 | 1.11e+00 1.02e-03 +0.575  1.00 | 1.02e+00 1.04e-01 +0.095  0.99 | 1.1e+00 2.9e+00 2.253e+00
#1761  1476   1 | 1.31e+00 2.41e-03 +0.213  1.00 | 1.01e+00 1.10e-01 +0.034  1.00 | 1.1e+00 3.6e+00 2.745e+00
#1762   574   1 | 1.07e+00 2.35e-03 -0.910  1.00 | 9.70e-01 1.15e-01 -0.083  1.03 | 1.1e+00 3.8e+00 2.125e+00
#1763  1831   1 | 9.61e-01 3.30e-03 +0.520  1.00 | 9.60e-01 1.62e-01 +0.150  0.98 | 1.1e+00 4.7e+00 1.822e+00
#1764  3483   1 | 1.09e+00 2.46e-03 -0.287  1.00 | 9.80e-01 2.15e-01 +0.240  0.94 | 1.2e+00 4.2e+00 2.097e+00
#1765  2233   1 | 9.72e-01 1.75e-03 -0.581  1.00 | 1.06e+00 1.21e-01 +0.121  0.99 | 1.1e+00 3.4e+00 2.050e+00
#1766  1241   1 | 1.11e+00 1.68e-03 +0.036  1.00 | 1.06e+00 1.42e-01 -0.144  1.06 | 1.1e+00 3.6e+00 2.411e+00
#1767  2684   1 | 1.28e+00 2.14e-03 +0.228  1.00 | 1.08e+00 1.29e-01 +0.230  0.96 | 1.1e+00 3.1e+00 2.765e+00
#1768  1636   1 | 1.02e+00 1.09e-03 +0.140  1.00 | 1.13e+00 8.19e-02 +0.100  0.99 | 1.1e+00 3.4e+00 2.308e+00
#1769  1777   1 | 1.10e+00 1.47e-03 -0.021  1.00 | 1.08e+00 1.01e-01 +0.149  0.98 | 1.1e+00 4.3e+00 2.349e+00
#1770   949   1 | 8.53e-01 2.31e-03 +0.107  1.00 | 9.10e-01 8.90e-02 -0.013  1.01 | 1.1e+00 3.4e+00 1.565e+00
#1771  3700   1 | 1.11e+00 2.23e-03 -0.436  1.00 | 9.37e-01 1.01e-01 +0.164  0.98 | 1.1e+00 3.6e+00 2.093e+00
#1772  3128   1 | 9.03e-01 2.04e-03 +0.289  1.00 | 9.51e-01 1.15e-01 +0.200  0.97 | 1.1e+00 3.5e+00 1.687e+00
#1773  4068   1 | 1.29e+00 2.66e-03 -0.807  1.00 | 9.27e-01 2.08e-01 +0.295  0.92 | 1.2e+00 3.2e+00 2.465e+00
#1774  2674   1 | 5.62e-01 1.49e-03 +0.344  1.00 | 1.04e+00 1.05e-01 +0.055  1.00 | 1.1e+00 3.1e+00 1.400e+00
#1775  3516   1 | 4.77e-01 2.00e-03 +0.664  0.99 | 9.87e-01 1.72e-01 +0.300  0.93 | 1.2e+00 3.6e+00 1.128e+00
#1776  1434   1 | 6.58e-01 3.57e-03 -0.217  1.00 | 1.07e+00 1.44e-01 +0.302  0.94 | 1.1e+00 4.1e+00 1.506e+00
#1777  1468   1 | 1.65e+00 1.27e-03 -0.040  1.00 | 9.65e-01 1.15e-01 +0.035  1.01 | 1.1e+00 4.8e+00 3.673e+00
#1778  4519   1 | 1.11e+00 3.66e-03 -0.552  1.00 | 9.82e-01 1.50e-01 +0.234  0.95 | 1.1e+00 3.4e+00 2.146e+00
#1779   600   1 | 5.53e-01 1.72e-03 +0.216  1.00 | 1.04e+00 8.60e-02 +0.030  1.00 | 1.1e+00 3.8e+00 1.394e+00
#1780  2423   1 | 1.11e+00 2.98e-03 +0.528  1.00 | 1.06e+00 1.08e-01 +0.017  1.01 | 1.1e+00 4.5e+00 2.357e+00
#1781  1515   1 | 1.15e+00 1.09e-03 -0.043  1.00 | 9.43e-01 1.14e-01 +0.143  0.98 | 1.1e+00 3.7e+00 2.185e+00
#1782  1400   1 | 1.13e+00 2.15e-03 +0.444  1.00 | 1.05e+00 9.69e-02 +0.301  0.95 | 1.1e+00 3.5e+00 2.335e+00
#1783   796   1 | 1.11e+00 1.79e-03 +0.446  1.00 | 9.80e-01 7.72e-02 +0.112  0.99 | 1.1e+00 3.2e+00 2.188e+00
#1784  4863   1 | 1.05e+00 2.98e-03 +0.642  1.00 | 1.02e+00 2.01e-01 +0.390  0.89 | 1.2e+00 4.7e+00 2.026e+00
#1785  4757   1 | 8.07e-01 1.74e-03 +0.629  1.00 | 1.01e+00 1.09e-01 +0.345  0.94 | 1.2e+00 4.1e+00 1.611e+00
#1786  4216   1 | 1.14e+00 1.53e-03 +0.201  1.00 | 1.01e+00 1.76e-01 +0.303  0.92 | 1.1e+00 4.7e+00 2.226e+00
#1787  3358   1 | 1.10e+00 1.47e-03 +0.274  1.00 | 9.37e-01 1.01e-01 +0.128  0.98 | 1.1e+00 4.5e+00 2.081e+00
#1788  1894   1 | 1.38e+00 2.28e-03 +0.078  1.00 | 1.03e+00 8.64e-02 +0.070  1.00 | 1.1e+00 4.0e+00 2.954e+00
#1789  4502   1 | 1.15e+00 2.89e-03 +0.319  1.00 | 9.88e-01 9.22e-02 +0.404  0.93 | 1.1e+00 3.8e+00 2.224e+00
#1790  1196   1 | 1.40e+00 1.66e-03 +0.642  1.00 | 1.01e+00 1.12e-01 -0.086  1.03 | 1.1e+00 4.2e+00 3.020e+00
#1791  2457   1 | 1.10e+00 2.05e-03 -0.171  1.00 | 1.02e+00 9.72e-02 +0.258  0.96 | 1.1e+00 3.8e+00 2.210e+00
#1792  4686   1 | 7.24e-01 1.79e-03 +0.376  1.00 | 9.46e-01 1.36e-01 +0.250  0.95 | 1.2e+00 4.2e+00 1.372e+00
#1793  4465   1 | 1.35e+00 4.19e-03 -0.562  1.00 | 1.00e+00 3.76e-01 +0.191  1.00 | 1.1e+00 4.5e+00 2.821e+00
#1794  1228   1 | 9.75e-01 1.21e-03 +0.053  1.00 | 1.04e+00 1.26e-01 +0.303  0.94 | 1.1e+00 5.4e+00 1.973e+00
#1795   470   1 | 8.26e-01 1.87e-03 -0.232  1.00 | 9.54e-01 1.02e-01 +0.139  0.98 | 1.1e+00 4.2e+00 1.575e+00
#1796    94   1 | 1.04e+00 2.37e-03 -0.449  1.00 | 8.36e-01 1.43e-01 -0.021  1.04 | 1.1e+00 3.0e+00 1.812e+00
#1797  4749   1 | 9.85e-01 1.56e-03 -0.426  1.00 | 9.45e-01 1.44e-01 +0.212  0.96 | 1.2e+00 3.7e+00 1.829e+00
#1798  2705   1 | 1.22e+00 1.78e-03 -0.778  1.00 | 1.10e+00 9.92e-02 +0.287  0.96 | 1.1e+00 4.1e+00 2.668e+00
#1799  3604   1 | 6.31e-01 1.26e-03 +0.352  1.00 | 1.08e+00 1.81e-01 +0.219  0.95 | 1.2e+00 4.1e+00 1.520e+00
#1800  2282   1 | 1.30e+00 2.90e-03 -0.325  1.00 | 9.64e-01 1.35e-01 +0.240  0.95 | 1.2e+00 3.5e+00 2.566e+00
#1801  2464   1 | 9.64e-01 1.89e-03 +0.427  1.00 | 9.60e-01 1.92e-01 +0.149  0.98 | 1.1e+00 4.7e+00 1.831e+00
#1802   995   1 | 1.23e+00 2.00e-03 +0.385  1.00 | 9.89e-01 9.71e-02 +0.182  0.97 | 1.1e+00 4.1e+00 2.471e+00
#1803  1716   1 | 5.69e-01 2.73e-03 -0.068  1.00 | 9.77e-01 1.52e-01 +0.116  0.99 | 1.1e+00 3.3e+00 1.268e+00
#1804  4233   1 | 1.19e+00 2.64e-03 -0.035  1.00 | 9.58e-01 1.84e-01 +0.151  0.98 | 1.2e+00 3.9e+00 2.307e+00
#1805  3087   1 | 1.08e+00 3.03e-03 -0.391  1.00 | 9.68e-01 1.40e-01 +0.075  1.00 | 1.2e+00 3.0e+00 2.098e+00
#1806  3377   1 | 4.99e-01 4.00e-03 -0.070  1.00 | 1.12e+00 1.35e-01 +0.299  0.94 | 1.2e+00 4.4e+00 1.425e+00
#1807  3662   1 | 1.04e+00 2.21e-03 +0.177  1.00 | 1.13e+00 1.36e-01 +0.233  0.96 | 1.2e+00 3.9e+00 2.304e+00
#1808    56   1 | 1.21e+00 1.87e-03 -0.593  1.00 | 9.11e-01 9.09e-02 +0.057  1.00 | 1.2e+00 4.1e+00 2.291e+00
#1809  3670   1 | 1.29e+00 2.15e-03 -0.086  1.00 | 1.09e+00 1.97e-01 +0.247  0.94 | 1.2e+00 4.3e+00 2.790e+00
#1810  2723   1 | 1.31e+00 1.92e-03 -0.307  1.00 | 1.12e+00 1.10e-01 +0.197  0.97 | 1.2e+00 3.6e+00 2.945e+00
#1811  4614   1 | 8.83e-01 1.90e-03 +0.323  1.00 | 9.15e-01 1.73e-01 +0.135  0.98 | 1.3e+00 4.0e+00 1.603e+00
#1812  2444   1 | 4.49e-01 2.02e-03 -0.228  1.00 | 1.00e+00 1.49e-01 +0.218  0.96 | 1.1e+00 4.1e+00 1.162e+00
#1813  2905   1 | 1.07e+00 2.54e-03 +0.368  1.00 | 9.93e-01 1.35e-01 +0.142  0.98 | 1.2e+00 3.9e+00 2.119e+00
#1814  1037   1 | 9.69e-01 2.31e-03 -0.094  1.00 | 1.06e+00 1.03e-01 +0.009  1.01 | 1.1e+00 2.5e+00 2.068e+00
#1815  4626   1 | 1.15e+00 1.84e-03 +0.491  1.00 | 9.75e-01 1.48e-01 +0.299  0.93 | 1.3e+00 5.2e+00 2.211e+00
#1816  4956   1 | 5.27e-01 1.67e-03 +0.066  1.00 | 1.03e+00 1.17e-01 +0.353  0.93 | 1.2e+00 3.2e+00 1.265e+00
#1817  2340   1 | 1.06e+00 1.51e-03 +0.703  1.00 | 1.03e+00 1.02e-01 +0.165  0.98 | 1.2e+00 3.1e+00 2.166e+00
#1818  2923   1 | 9.67e-01 1.38e-03 +0.177  1.00 | 1.07e+00 1.75e-01 +0.242  0.95 | 1.2e+00 2.9e+00 2.030e+00
#1819  1252   1 | 1.08e+00 2.13e-03 +0.303  1.00 | 9.97e-01 1.33e-01 +0.111  0.99 | 1.2e+00 3.5e+00 2.140e+00
#1820  3953   1 | 8.78e-01 1.09e-03 -0.293  1.00 | 9.51e-01 1.22e-01 +0.348  0.93 | 1.2e+00 3.8e+00 1.610e+00
#1821   356   1 | 9.07e-01 1.50e-03 +0.130  1.00 | 9.18e-01 1.03e-01 +0.040  1.00 | 1.2e+00 4.0e+00 1.667e+00
#1822  2577   1 | 5.82e-01 2.01e-03 -0.334  1.00 | 1.05e+00 1.30e-01 +0.234  0.96 | 1.2e+00 3.1e+00 1.400e+00
#1823   507   1 | 1.08e+00 1.38e-03 -0.388  1.00 | 1.04e+00 8.74e-02 -0.000  1.01 | 1.2e+00 4.3e+00 2.263e+00
#1824  1872   1 | 1.10e+00 1.84e-03 +0.313  1.00 | 1.08e+00 1.20e-01 +0.106  0.99 | 1.2e+00 3.7e+00 2.357e+00
#1825  3647   1 | 7.15e-01 1.52e-03 -0.272  1.00 | 1.00e+00 2.45e-01 +0.161  0.98 | 1.2e+00 4.3e+00 1.498e+00
#1826  2000   1 | 1.12e+00 1.97e-03 -0.235  1.00 | 1.13e+00 1.53e-01 +0.114  0.99 | 1.2e+00 3.7e+00 2.520e+00
#1827  4864   1 | 1.33e+00 3.33e-03 -0.352  1.00 | 1.01e+00 1.94e-01 +0.475  0.85 | 1.3e+00 4.4e+00 2.653e+00
#1828   421   1 | 8.24e-01 1.32e-03 +0.361  1.00 | 9.42e-01 9.39e-02 -0.084  1.03 | 1.2e+00 3.4e+00 1.588e+00
#1829  3825   1 | 1.09e+00 2.78e-03 +0.386  1.00 | 9.70e-01 2.78e-01 +0.175  0.98 | 1.2e+00 3.4e+00 2.113e+00
#1830   607   1 | 1.02e+00 3.28e-03 -0.832  1.01 | 9.92e-01 9.74e-02 +0.119  0.99 | 1.2e+00 4.3e+00 2.026e+00
#1831  1537   1 | 1.00e+00 3.16e-03 -0.167  1.00 | 1.07e+00 1.01e-01 +0.144  0.98 | 1.2e+00 4.5e+00 2.138e+00
#1832  4350   1 | 1.28e+00 3.04e-03 +0.740  1.00 | 1.08e+00 1.77e-01 +0.231  0.95 | 1.3e+00 3.5e+00 2.748e+00
#1833  1531   1 | 7.06e-01 9.50e-04 -0.215  1.00 | 1.09e+00 9.25e-02 +0.090  0.99 | 1.2e+00 3.0e+00 1.672e+00
#1834  1457   1 | 1.05e+00 1.21e-03 +0.462  1.00 | 1.08e+00 1.66e-01 +0.201  0.96 | 1.2e+00 3.2e+00 2.226e+00
#1835   265   1 | 8.53e-01 2.25e-03 -0.135  1.00 | 9.10e-01 9.04e-02 +0.008  1.01 | 1.2e+00 3.5e+00 1.562e+00
#1836  1266   1 | 9.64e-01 2.04e-03 +0.510  1.00 | 1.03e+00 1.27e-01 +0.005  1.01 | 1.2e+00 3.0e+00 2.008e+00
#1837  3447   1 | 7.54e-01 1.58e-03 -0.319  1.00 | 9.49e-01 1.54e-01 +0.233  0.95 | 1.2e+00 3.3e+00 1.427e+00
#1838   796   1 | 1.32e+00 2.89e-03 +0.350  1.00 | 1.02e+00 1.13e-01 +0.020  1.01 | 1.2e+00 3.9e+00 2.781e+00
#1839   477   1 | 9.98e-01 1.89e-03 -0.420  1.00 | 8.61e-01 1.55e-01 +0.152  0.98 | 1.2e+00 3.7e+00 1.723e+00
#1840   633   1 | 4.70e-01 2.51e-03 -0.780  1.01 | 9.87e-01 1.05e-01 +0.204  0.97 | 1.2e+00 3.7e+00 1.166e+00
#1841   939   1 | 9.71e-01 2.49e-03 +0.002  1.00 | 1.02e+00 1.22e-01 -0.007  1.02 | 1.2e+00 3.4e+00 1.996e+00
#1842  2207   1 | 1.29e+00 3.12e-03 -0.179  1.00 | 9.27e-01 1.67e-01 +0.100  1.00 | 1.2e+00 3.4e+00 2.532e+00
#1843  1937   1 | 7.73e-01 2.43e-03 -0.738  1.00 | 9.59e-01 1.54e-01 +0.194  0.96 | 1.2e+00 3.2e+00 1.486e+00
#1844  1751   1 | 1.31e+00 1.36e-03 +0.649  1.00 | 1.04e+00 1.28e-01 +0.157  0.98 | 1.2e+00 2.9e+00 2.753e+00
#1845  3621   1 | 9.54e-01 1.80e-03 -0.864  1.00 | 1.06e+00 1.68e-01 +0.290  0.93 | 1.3e+00 4.4e+00 1.970e+00
#1846   718   1 | 6.23e-01 8.20e-04 -0.007  1.00 | 1.03e+00 1.49e-01 +0.062  1.00 | 1.2e+00 4.2e+00 1.450e+00
#1847  3544   1 | 1.17e+00 2.19e-03 +0.209  1.00 | 1.17e+00 1.49e-01 +0.347  0.93 | 1.3e+00 3.5e+00 2.626e+00
#1848  4908   1 | 1.23e+00 2.36e-03 +0.602  1.00 | 1.05e+00 1.72e-01 +0.379  0.90 | 1.3e+00 4.4e+00 2.512e+00
#1849  1138   1 | 5.12e-01 1.95e-03 -0.169  1.00 | 9.97e-01 1.02e-01 +0.083  0.99 | 1.2e+00 4.3e+00 1.250e+00
#1850  1321   1 | 8.24e-01 1.73e-03 -0.137  1.00 | 9.42e-01 1.00e-01 -0.007  1.01 | 1.2e+00 4.1e+00 1.578e+00
#1851  1828   1 | 1.11e+00 2.65e-03 -0.063  1.00 | 9.82e-01 1.00e-01 -0.034  1.02 | 1.2e+00 3.7e+00 2.204e+00
#1852  1015   1 | 9.65e-01 2.16e-03 -0.218  1.00 | 1.03e+00 1.19e-01 +0.010  1.01 | 1.2e+00 4.2e+00 2.008e+00
#1853  3075   1 | 6.15e-01 2.01e-03 +0.363  1.00 | 1.08e+00 1.58e-01 +0.148  0.98 | 1.2e+00 3.3e+00 1.526e+00
#1854  3931   1 | 5.77e-01 1.11e-03 +0.045  1.00 | 9.77e-01 2.32e-01 +0.365  0.88 | 1.3e+00 3.2e+00 1.177e+00
#1855  3113   1 | 1.66e+00 1.29e-03 -0.614  1.00 | 9.65e-01 1.92e-01 +0.188  0.96 | 1.2e+00 4.1e+00 3.658e+00
#1856  4529   1 | 1.07e+00 2.81e-03 -0.223  1.00 | 9.70e-01 2.70e-01 +0.234  0.95 | 1.3e+00 4.2e+00 2.029e+00
#1857   643   1 | 1.17e+00 1.21e-03 +0.530  1.00 | 1.17e+00 9.67e-02 +0.225  0.97 | 1.2e+00 3.3e+00 2.693e+00
#1858  3072   1 | 1.11e+00 3.49e-03 -0.510  1.00 | 1.13e+00 1.35e-01 +0.283  0.95 | 1.2e+00 4.8e+00 2.440e+00
#1859  2229   1 | 9.08e-01 1.73e-03 -0.524  1.00 | 9.18e-01 1.11e-01 +0.225  0.96 | 1.2e+00 3.9e+00 1.635e+00
#1860  3418   1 | 1.07e+00 2.15e-03 -0.111  1.00 | 9.93e-01 1.38e-01 +0.127  0.98 | 1.3e+00 3.2e+00 2.114e+00
#1861  1860   1 | 1.22e+00 8.97e-04 -0.512  1.00 | 1.10e+00 9.33e-02 +0.210  0.97 | 1.2e+00 4.6e+00 2.682e+00
#1862  3393   1 | 8.39e-01 1.93e-03 -0.021  1.00 | 1.01e+00 9.80e-02 +0.220  0.97 | 1.2e+00 3.9e+00 1.696e+00
#1863  4852   1 | 1.11e+00 1.28e-03 +0.356  1.00 | 1.01e+00 1.46e-01 +0.378  0.91 | 1.3e+00 3.7e+00 2.164e+00
#1864  1825   1 | 4.47e-01 1.09e-03 +0.073  1.00 | 1.00e+00 1.31e-01 +0.284  0.94 | 1.2e+00 2.9e+00 1.146e+00
#1865   431   1 | 1.31e+00 2.04e-03 +0.541  1.00 | 1.01e+00 1.17e-01 -0.062  1.03 | 1.2e+00 3.7e+00 2.771e+00
#1866  2959   1 | 9.71e-01 3.12e-03 +0.421  1.00 | 1.02e+00 1.21e-01 +0.098  0.99 | 1.2e+00 4.4e+00 1.967e+00
#1867    66   1 | 6.58e-01 5.41e-04 -0.186  1.00 | 1.07e+00 1.80e-01 +0.207  0.96 | 1.2e+00 4.6e+00 1.530e+00
#1868  4461   1 | 1.08e+00 3.64e-03 +0.277  1.00 | 9.97e-01 2.51e-01 +0.228  0.95 | 1.3e+00 3.6e+00 2.113e+00
#1869  3564   1 | 5.23e-01 6.12e-04 -0.257  1.00 | 9.97e-01 1.01e-01 +0.287  0.95 | 1.3e+00 3.2e+00 1.221e+00
#1870   272   1 | 1.11e+00 1.08e-03 -0.034  1.00 | 1.06e+00 1.30e-01 -0.162  1.06 | 1.2e+00 4.0e+00 2.410e+00
#1871  2113   1 | 1.08e+00 1.36e-03 +0.206  1.00 | 1.04e+00 1.09e-01 +0.093  0.99 | 1.2e+00 3.7e+00 2.233e+00
#1872    43   1 | 5.78e-01 2.58e-03 -0.437  1.00 | 1.05e+00 1.21e-01 +0.129  0.98 | 1.2e+00 3.8e+00 1.425e+00
#1873   578   1 | 1.31e+00 3.23e-03 +0.338  1.00 | 1.09e+00 9.86e-02 +0.015  1.01 | 1.2e+00 4.1e+00 2.908e+00
#1874  3846   1 | 1.29e+00 1.87e-03 -0.168  1.00 | 9.27e-01 2.80e-01 +0.288  0.92 | 1.3e+00 3.4e+00 2.448e+00
#1875  4838   1 | 6.94e-01 1.25e-03 +0.366  1.00 | 1.00e+00 1.49e-01 +0.305  0.93 | 1.3e+00 4.2e+00 1.416e+00
#1876  4177   1 | 1.06e+00 1.43e-03 +0.592  1.00 | 8.36e-01 1.32e-01 +0.274  0.94 | 1.3e+00 4.0e+00 1.778e+00
#1877  2760   1 | 1.09e+00 1.97e-03 +0.194  1.00 | 9.37e-01 7.53e-02 +0.163  0.98 | 1.2e+00 4.0e+00 2.059e+00
#1878  1431   1 | 1.14e+00 3.07e-03 +0.823  1.00 | 9.88e-01 1.10e-01 -0.108  1.04 | 1.2e+00 4.5e+00 2.308e+00
#1879  3643   1 | 1.32e+00 3.31e-03 +0.840  1.00 | 1.00e+00 1.42e-01 +0.037  1.01 | 1.3e+00 3.5e+00 2.759e+00
#1880  4335   1 | 1.12e+00 1.50e-03 +0.126  1.00 | 1.05e+00 1.60e-01 +0.429  0.89 | 1.3e+00 3.7e+00 2.235e+00
#1881  3679   1 | 1.02e+00 4.34e-03 -0.700  1.01 | 9.92e-01 1.72e-01 +0.102  0.99 | 1.3e+00 3.7e+00 2.017e+00
#1882  2303   1 | 9.62e-01 1.52e-03 -0.827  1.00 | 1.06e+00 1.15e-01 +0.349  0.94 | 1.2e+00 5.2e+00 1.988e+00
#1883   783   1 | 9.74e-01 1.90e-03 +0.068  1.00 | 1.04e+00 1.65e-01 +0.283  0.94 | 1.2e+00 3.6e+00 1.966e+00
#1884  2981   1 | 1.10e+00 2.67e-03 +0.566  1.00 | 9.80e-01 1.20e-01 +0.219  0.96 | 1.2e+00 3.9e+00 2.133e+00
#1885   589   1 | 1.10e+00 2.54e-03 +0.618  1.00 | 1.08e+00 9.93e-02 +0.109  0.99 | 1.2e+00 3.3e+00 2.355e+00
#1886  3233   1 | 1.27e+00 2.60e-03 -0.573  1.00 | 1.08e+00 1.39e-01 +0.307  0.94 | 1.2e+00 4.4e+00 2.723e+00
#1887   980   1 | 9.23e-01 2.58e-03 +0.053  1.00 | 9.51e-01 8.89e-02 +0.022  1.00 | 1.2e+00 4.1e+00 1.760e+00
#1888  2066   1 | 1.04e+00 9.63e-04 +0.738  1.00 | 1.02e+00 1.24e-01 +0.169  0.97 | 1.2e+00 3.5e+00 2.092e+00
#1889  1279   1 | 7.71e-01 2.89e-03 -0.187  1.00 | 9.59e-01 1.21e-01 +0.122  0.99 | 1.2e+00 4.6e+00 1.501e+00
#1890   146   1 | 1.14e+00 1.79e-03 +0.019  1.00 | 9.75e-01 1.07e-01 +0.005  1.01 | 1.2e+00 3.6e+00 2.270e+00
#1891  4260   1 | 9.97e-01 1.59e-03 +0.369  1.00 | 1.07e+00 1.25e-01 +0.354  0.93 | 1.2e+00 3.5e+00 2.069e+00
#1892  4623   1 | 1.01e+00 9.74e-04 -0.568  1.00 | 1.13e+00 1.53e-01 +0.311  0.93 | 1.2e+00 3.6e+00 2.223e+00
#1893  2938   1 | 1.14e+00 2.83e-03 +0.502  1.00 | 9.43e-01 1.27e-01 +0.221  0.96 | 1.2e+00 3.6e+00 2.157e+00
#1894  2813   1 | 1.18e+00 2.08e-03 +0.021  1.00 | 9.58e-01 1.50e-01 -0.017  1.03 | 1.2e+00 3.6e+00 2.334e+00
#1895  2976   1 | 6.35e-01 1.42e-03 -0.544  1.00 | 1.03e+00 1.95e-01 +0.090  1.00 | 1.2e+00 4.6e+00 1.464e+00
#1896  2604   1 | 4.96e-01 1.75e-03 -0.349  1.00 | 1.12e+00 1.32e-01 +0.162  0.98 | 1.2e+00 4.3e+00 1.464e+00
#1897  1660   1 | 9.70e-01 2.07e-03 -0.057  1.00 | 1.06e+00 8.74e-02 +0.076  0.99 | 1.2e+00 3.8e+00 2.054e+00
#1898  2182   1 | 5.50e-01 2.84e-03 +0.216  1.00 | 1.03e+00 1.70e-01 +0.138  0.98 | 1.2e+00 4.1e+00 1.341e+00
#1899  4425   1 | 1.07e+00 3.73e-03 -0.529  1.00 | 1.03e+00 1.13e-01 +0.387  0.93 | 1.2e+00 4.3e+00 2.130e+00
#1900  2224   1 | 1.04e+00 2.62e-03 -0.309  1.00 | 1.08e+00 1.56e-01 +0.237  0.95 | 1.2e+00 4.0e+00 2.208e+00
#1901  3051   1 | 1.22e+00 2.07e-03 +0.096  1.00 | 9.89e-01 1.46e-01 +0.176  0.97 | 1.2e+00 3.2e+00 2.435e+00
#1902   206   1 | 8.53e-01 1.23e-03 +0.305  1.00 | 9.10e-01 9.05e-02 +0.060  1.00 | 1.2e+00 3.5e+00 1.553e+00
#1903   644   1 | 8.89e-01 2.86e-03 +0.237  1.00 | 9.15e-01 9.44e-02 -0.033  1.02 | 1.2e+00 3.4e+00 1.640e+00
#1904   479   1 | 8.26e-01 2.84e-03 -0.253  1.00 | 9.54e-01 1.09e-01 +0.134  0.98 | 1.2e+00 3.9e+00 1.576e+00
#1905   959   1 | 7.05e-01 2.20e-03 -0.030  1.00 | 1.09e+00 8.69e-02 +0.087  0.99 | 1.1e+00 4.1e+00 1.671e+00
#1906  4513   1 | 4.68e-01 2.94e-03 -0.211  1.00 | 9.87e-01 1.34e-01 +0.348  0.92 | 1.2e+00 3.8e+00 1.120e+00
#1907  3128   1 | 1.31e+00 1.61e-03 +0.188  1.00 | 1.12e+00 1.32e-01 +0.243  0.96 | 1.2e+00 3.1e+00 2.908e+00
#1908   680   1 | 1.31e+00 2.59e-03 -0.322  1.00 | 1.04e+00 9.53e-02 +0.074  0.99 | 1.1e+00 3.7e+00 2.782e+00
#1909  2227   1 | 1.10e+00 2.39e-03 +0.100  1.00 | 1.02e+00 1.17e-01 +0.236  0.96 | 1.2e+00 3.2e+00 2.212e+00
#1910  1631   1 | 7.29e-01 1.64e-03 +0.090  1.00 | 9.46e-01 1.18e-01 +0.086  0.99 | 1.2e+00 3.3e+00 1.421e+00
#1911   244   1 | 7.38e-01 2.81e-03 -0.415  1.00 | 9.49e-01 1.10e-01 +0.094  0.99 | 1.2e+00 3.7e+00 1.440e+00
#1912  3747   1 | 1.17e+00 2.04e-03 +0.381  1.00 | 1.05e+00 2.18e-01 +0.265  0.93 | 1.3e+00 3.6e+00 2.399e+00
#1913   489   1 | 9.60e-01 3.45e-03 +0.552  1.00 | 9.60e-01 1.38e-01 +0.107  0.99 | 1.2e+00 3.7e+00 1.831e+00
#1914  4283   1 | 9.98e-01 9.85e-04 +0.785  1.00 | 8.61e-01 1.58e-01 +0.330  0.91 | 1.2e+00 3.4e+00 1.671e+00
#1915  2758   1 | 1.08e+00 2.60e-03 +0.323  1.00 | 9.68e-01 1.13e-01 +0.149  0.98 | 1.2e+00 4.1e+00 2.079e+00
#1916  3083   1 | 1.01e+00 1.02e-03 +0.141  1.00 | 9.45e-01 1.38e-01 +0.154  0.98 | 1.2e+00 4.6e+00 1.890e+00
#1917    14   1 | 9.57e-01 3.11e-03 -0.014  1.00 | 1.07e+00 8.73e-02 +0.068  1.00 | 1.2e+00 3.7e+00 2.066e+00
#1918  1626   1 | 1.40e+00 1.98e-03 +0.069  1.00 | 1.01e+00 1.19e-01 -0.026  1.02 | 1.2e+00 3.1e+00 3.012e+00
#1919  3054   1 | 1.30e+00 1.89e-03 -0.518  1.00 | 9.64e-01 1.92e-01 +0.329  0.91 | 1.2e+00 3.8e+00 2.532e+00
#1920  2042   1 | 5.56e-01 2.37e-03 -0.079  1.00 | 1.04e+00 1.00e-01 +0.089  0.99 | 1.2e+00 3.0e+00 1.387e+00
#1921  2790   1 | 1.32e+00 4.59e-03 -0.418  1.00 | 1.02e+00 1.37e-01 +0.221  0.96 | 1.2e+00 3.9e+00 2.739e+00
#1922   507   1 | 1.38e+00 2.34e-03 +0.224  1.00 | 1.03e+00 1.03e-01 -0.033  1.02 | 1.1e+00 4.2e+00 2.972e+00
#1923  1993   1 | 1.20e+00 2.02e-03 +0.634  1.00 | 9.11e-01 1.00e-01 +0.128  0.98 | 1.2e+00 3.9e+00 2.265e+00
#1924  2542   1 | 8.93e-01 1.23e-03 +0.740  1.00 | 9.15e-01 1.32e-01 -0.030  1.03 | 1.1e+00 3.6e+00 1.658e+00
#1925  4070   1 | 1.14e+00 2.33e-03 +0.190  1.00 | 9.43e-01 1.58e-01 +0.245  0.95 | 1.2e+00 3.8e+00 2.137e+00
#1926  3372   1 | 1.39e+00 2.16e-03 -0.369  1.00 | 1.03e+00 1.02e-01 +0.165  0.98 | 1.2e+00 3.5e+00 2.969e+00
#1927  4386   1 | 8.31e-01 4.34e-03 -0.453  1.00 | 9.42e-01 1.20e-01 +0.314  0.94 | 1.2e+00 3.8e+00 1.525e+00
#1928  1031   1 | 1.04e+00 2.57e-03 +0.144  1.00 | 1.02e+00 1.18e-01 +0.168  0.97 | 1.1e+00 3.7e+00 2.100e+00
#1929  4205   1 | 7.29e-01 1.68e-03 +0.145  1.00 | 9.46e-01 1.58e-01 +0.130  0.98 | 1.2e+00 4.3e+00 1.413e+00
#1930  3178   1 | 1.23e+00 1.09e-03 -0.618  1.00 | 1.10e+00 1.52e-01 +0.294  0.94 | 1.2e+00 3.9e+00 2.647e+00
#1931  1817   1 | 1.23e+00 3.84e-03 -0.054  1.00 | 9.89e-01 1.68e-01 +0.227  0.95 | 1.2e+00 4.7e+00 2.446e+00
#1932  4890   1 | 1.16e+00 2.01e-03 +0.535  1.00 | 1.05e+00 2.44e-01 +0.428  0.86 | 1.2e+00 3.9e+00 2.281e+00
#1933  2245   1 | 7.75e-01 1.50e-03 -0.685  1.00 | 9.59e-01 1.27e-01 +0.226  0.96 | 1.2e+00 2.9e+00 1.482e+00
#1934  4730   1 | 6.58e-01 1.50e-03 -0.181  1.00 | 1.07e+00 1.34e-01 +0.278  0.95 | 1.3e+00 4.4e+00 1.515e+00
#1935  3981   1 | 1.16e+00 1.78e-03 +0.013  1.00 | 1.05e+00 2.36e-01 +0.324  0.91 | 1.3e+00 2.8e+00 2.364e+00
#1936  1500   1 | 8.26e-01 1.64e-03 +0.017  1.00 | 9.54e-01 1.24e-01 +0.230  0.96 | 1.2e+00 3.7e+00 1.553e+00
#1937  3982   1 | 1.07e+00 1.67e-03 -0.016  1.00 | 9.97e-01 1.39e-01 +0.248  0.95 | 1.3e+00 4.4e+00 2.088e+00
#1938  2271   1 | 1.02e+00 1.53e-03 -0.943  1.00 | 1.13e+00 9.19e-02 +0.082  0.99 | 1.1e+00 3.4e+00 2.318e+00
#1939  3600   1 | 7.15e-01 9.26e-04 -0.098  1.00 | 1.00e+00 1.96e-01 +0.170  0.97 | 1.2e+00 3.9e+00 1.488e+00
#1940   318   1 | 1.04e+00 2.33e-03 +0.457  1.00 | 8.36e-01 1.07e-01 -0.107  1.04 | 1.2e+00 3.1e+00 1.812e+00
#1941  4244   1 | 1.10e+00 3.15e-03 +0.055  1.00 | 9.37e-01 6.33e-02 +0.212  0.98 | 1.2e+00 3.3e+00 2.063e+00
#1942  2725   1 | 9.11e-01 2.19e-03 -0.204  1.00 | 9.51e-01 1.14e-01 +0.014  1.01 | 1.2e+00 3.3e+00 1.745e+00
#1943  4341   1 | 1.31e+00 1.47e-03 -0.491  1.00 | 1.12e+00 2.40e-01 +0.402  0.87 | 1.2e+00 3.8e+00 2.813e+00
#1944   790   1 | 1.32e+00 1.57e-03 -0.280  1.00 | 1.02e+00 1.17e-01 +0.025  1.01 | 1.2e+00 4.4e+00 2.785e+00
#1945  1839   1 | 7.39e-01 4.56e-03 -0.679  1.01 | 9.49e-01 1.34e-01 +0.135  0.98 | 1.2e+00 4.1e+00 1.436e+00
#1946  2273   1 | 1.11e+00 2.77e-03 +0.712  1.00 | 9.80e-01 8.51e-02 +0.279  0.96 | 1.2e+00 3.9e+00 2.146e+00
#1947   353   1 | 1.31e+00 1.57e-03 -0.822  1.00 | 1.01e+00 1.42e-01 -0.017  1.02 | 1.2e+00 3.5e+00 2.774e+00
#1948  3816   1 | 5.80e-01 2.09e-03 +0.371  1.00 | 9.77e-01 2.62e-01 +0.374  0.87 | 1.3e+00 3.7e+00 1.168e+00
#1949  1031   1 | 1.29e+00 2.95e-03 -0.801  1.00 | 1.08e+00 1.49e-01 +0.090  0.99 | 1.2e+00 3.6e+00 2.834e+00
#1950  3924   1 | 9.99e-01 1.31e-03 +0.342  1.00 | 1.04e+00 2.18e-01 +0.247  0.94 | 1.2e+00 3.4e+00 2.020e+00
#1951  1677   1 | 9.71e-01 4.19e-03 +0.492  1.00 | 1.02e+00 1.25e-01 +0.007  1.01 | 1.2e+00 5.4e+00 1.988e+00
#1952  2460   1 | 9.08e-01 1.02e-03 -0.209  1.00 | 9.18e-01 1.24e-01 +0.228  0.96 | 1.2e+00 3.1e+00 1.631e+00
#1953  4516   1 | 1.30e+00 1.43e-03 +0.202  1.00 | 9.27e-01 2.09e-01 +0.319  0.91 | 1.2e+00 4.0e+00 2.470e+00
#1954  3721   1 | 1.30e+00 1.67e-03 -0.610  1.00 | 9.64e-01 1.90e-01 +0.403  0.88 | 1.3e+00 3.2e+00 2.517e+00
#1955  2582   1 | 4.50e-01 1.85e-03 -0.777  1.01 | 1.00e+00 1.56e-01 +0.238  0.95 | 1.2e+00 3.7e+00 1.157e+00
#1956  4627   1 | 1.10e+00 1.62e-03 +0.335  1.00 | 1.08e+00 1.82e-01 +0.341  0.91 | 1.3e+00 3.9e+00 2.273e+00
#1957   678   1 | 1.35e+00 5.01e-03 -0.653  1.00 | 1.00e+00 2.05e-01 -0.026  1.05 | 1.2e+00 4.2e+00 2.880e+00
#1958  2712   1 | 5.55e-01 1.06e-03 -0.136  1.00 | 1.03e+00 2.33e-01 +0.172  0.97 | 1.2e+00 4.1e+00 1.339e+00
#1959  3773   1 | 1.04e+00 1.72e-03 +0.159  1.00 | 1.04e+00 1.50e-01 +0.227  0.96 | 1.3e+00 3.4e+00 2.114e+00
#1960  3105   1 | 5.19e-01 3.22e-03 +0.366  1.00 | 9.97e-01 1.30e-01 +0.215  0.96 | 1.2e+00 3.1e+00 1.223e+00
#1961  2057   1 | 1.00e+00 1.85e-03 +0.208  1.00 | 1.07e+00 1.50e-01 +0.109  0.99 | 1.2e+00 4.2e+00 2.142e+00
#1962  1930   1 | 9.61e-01 2.41e-03 +0.123  1.00 | 9.60e-01 1.63e-01 +0.163  0.97 | 1.2e+00 3.5e+00 1.821e+00
#1963  3352   1 | 1.30e+00 1.26e-03 -0.196  1.00 | 1.04e+00 1.31e-01 +0.212  0.96 | 1.2e+00 4.0e+00 2.712e+00
#1964  2097   1 | 8.56e-01 1.11e-03 +0.012  1.00 | 9.10e-01 9.92e-02 +0.098  0.99 | 1.2e+00 3.5e+00 1.553e+00
#1965  2003   1 | 1.12e+00 2.11e-03 -0.822  1.00 | 1.01e+00 1.76e-01 +0.177  0.97 | 1.2e+00 3.0e+00 2.246e+00
#1966   624   1 | 1.21e+00 2.31e-03 -0.291  1.00 | 9.11e-01 1.23e-01 +0.058  1.00 | 1.2e+00 3.7e+00 2.294e+00
#1967  2330   1 | 1.08e+00 1.53e-03 -0.372  1.00 | 9.68e-01 9.62e-02 +0.171  0.98 | 1.2e+00 3.5e+00 2.083e+00
#1968  2441   1 | 9.62e-01 2.92e-03 +0.807  1.00 | 1.03e+00 1.22e-01 +0.038  1.00 | 1.2e+00 4.0e+00 1.991e+00
#1969  2257   1 | 6.27e-01 1.86e-03 +0.304  1.00 | 1.03e+00 1.11e-01 +0.080  0.99 | 1.2e+00 3.0e+00 1.446e+00
#1970  2733   1 | 5.62e-01 1.42e-03 -0.019  1.00 | 1.04e+00 1.11e-01 +0.171  0.97 | 1.2e+00 2.6e+00 1.375e+00
#1971  3009   1 | 1.09e+00 3.29e-03 -0.465  1.00 | 9.82e-01 1.30e-01 +0.093  0.99 | 1.2e+00 4.2e+00 2.151e+00
#1972  3388   1 | 1.12e+00 2.83e-03 +0.575  1.00 | 1.06e+00 1.43e-01 +0.138  0.98 | 1.3e+00 3.3e+00 2.343e+00
#1973   978   1 | 7.05e-01 4.15e-03 -0.395  1.00 | 1.09e+00 9.52e-02 +0.094  0.99 | 1.1e+00 4.2e+00 1.672e+00
#1974  1478   1 | 1.40e+00 1.07e-03 -0.072  1.00 | 1.01e+00 1.17e-01 -0.058  1.03 | 1.2e+00 3.6e+00 3.019e+00
#1975  4988   1 | 1.12e+00 3.30e-03 -0.343  1.00 | 1.02e+00 1.66e-01 +0.360  0.91 | 1.3e+00 4.2e+00 2.207e+00
#1976  3091   1 | 4.97e-01 3.80e-03 +0.488  0.99 | 1.12e+00 1.00e-01 +0.173  0.98 | 1.3e+00 4.6e+00 1.465e+00
#1977  2865   1 | 1.18e+00 1.94e-03 -0.162  1.00 | 9.58e-01 1.34e-01 +0.025  1.01 | 1.2e+00 4.8e+00 2.319e+00
#1978  3752   1 | 1.11e+00 2.48e-03 -0.581  1.00 | 9.75e-01 1.25e-01 +0.209  0.96 | 1.3e+00 3.0e+00 2.140e+00
#1979  2978   1 | 1.11e+00 2.24e-03 -0.683  1.00 | 1.13e+00 2.14e-01 +0.199  0.96 | 1.2e+00 4.2e+00 2.462e+00
#1980   388   1 | 1.07e+00 2.75e-03 -0.422  1.00 | 1.03e+00 9.28e-02 -0.016  1.01 | 1.2e+00 4.1e+00 2.217e+00
#1981   771   1 | 1.31e+00 4.02e-03 -0.392  1.00 | 1.09e+00 9.16e-02 -0.002  1.01 | 1.2e+00 3.3e+00 2.917e+00
#1982  3121   1 | 1.00e+00 1.61e-03 -0.146  1.00 | 8.61e-01 1.91e-01 +0.235  0.95 | 1.3e+00 3.9e+00 1.705e+00
#1983  1607   1 | 1.07e+00 1.44e-03 -0.277  1.00 | 9.70e-01 1.12e-01 -0.011  1.02 | 1.2e+00 4.1e+00 2.106e+00
#1984  3010   1 | 8.32e-01 3.02e-03 +0.520  1.00 | 1.01e+00 1.36e-01 +0.171  0.97 | 1.3e+00 3.5e+00 1.688e+00
#1985   593   1 | 5.96e-01 6.75e-04 +0.292  1.00 | 1.08e+00 1.34e-01 +0.065  1.00 | 1.2e+00 3.9e+00 1.529e+00
#1986  1209   1 | 9.64e-01 2.34e-03 -0.171  1.00 | 1.06e+00 1.75e-01 +0.278  0.94 | 1.2e+00 3.5e+00 1.989e+00
#1987  3924   1 | 1.02e+00 3.37e-03 -0.697  1.00 | 9.92e-01 1.71e-01 +0.172  0.97 | 1.4e+00 3.5e+00 1.997e+00
#1988  1997   1 | 1.08e+00 2.21e-03 -0.511  1.00 | 9.93e-01 1.02e-01 +0.098  0.99 | 1.2e+00 4.6e+00 2.143e+00
#1989  4660   1 | 1.65e+00 3.66e-03 -0.555  1.00 | 9.65e-01 3.27e-01 +0.293  0.92 | 1.4e+00 3.3e+00 3.578e+00
#1990  4617   1 | 1.06e+00 1.68e-03 -0.194  1.00 | 1.08e+00 1.89e-01 +0.328  0.92 | 1.4e+00 4.2e+00 2.195e+00
#1991  4234   1 | 1.14e+00 3.46e-03 +0.181  1.00 | 9.88e-01 1.10e-01 +0.329  0.94 | 1.4e+00 4.0e+00 2.212e+00
#1992  1179   1 | 9.98e-01 4.27e-03 -0.027  1.00 | 9.45e-01 1.75e-01 +0.082  1.00 | 1.2e+00 4.0e+00 1.894e+00
#1993   107   1 | 4.70e-01 3.90e-03 +0.174  1.00 | 9.87e-01 1.07e-01 +0.203  0.97 | 1.2e+00 3.8e+00 1.163e+00
#1994  1239   1 | 1.17e+00 1.45e-03 +0.429  1.00 | 1.17e+00 1.32e-01 +0.241  0.96 | 1.2e+00 3.6e+00 2.676e+00
#1995  2080   1 | 9.60e-01 3.28e-03 -0.268  1.00 | 1.07e+00 1.43e-01 +0.168  0.97 | 1.2e+00 3.0e+00 2.047e+00
#1996   938   1 | 9.69e-01 2.08e-03 -0.681  1.00 | 1.06e+00 1.05e-01 -0.017  1.01 | 1.2e+00 3.0e+00 2.076e+00
#1997  3834   1 | 5.91e-01 2.73e-03 +0.577  0.99 | 1.05e+00 1.14e-01 +0.261  0.96 | 1.3e+00 4.0e+00 1.405e+00
#1998  1144   1 | 9.64e-01 2.96e-03 +0.203  1.00 | 1.06e+00 1.53e-01 +0.310  0.93 | 1.2e+00 3.9e+00 1.982e+00
#1999  2668   1 | 6.31e-01 1.50e-03 +0.099  1.00 | 1.03e+00 1.28e-01 +0.119  0.99 | 1.3e+00 3.0e+00 1.441e+00

Done in 539.7s, 2000 steps

=== AGGREGATE over last 50 steps ===
  ratio_tr (mean):   1.000    (lower=better, baseline=1.0)
  ratio_p  (mean):   0.971    (lower=better, baseline=1.0)
  |cos_tr| (mean):   0.360    (higher=better)
  |cos_p|  (mean):   0.169    (higher=better)
  pred_tr_rms (mean):2.409e-03
  pred_p_rms  (mean):1.464e-01
  loss     (mean):   2.040

Legend: ratio < 0.5 -> learning. cos|>| > 0.3 -> direction-aligned.

[save] wrote /home/haotiant/Projects/CMU/dtmol/dtmol/models/bindingpose_20260506_fixE_fcc_Al/ckpt-2000.pt (715.8MB)
/home/haotiant/conda/envs/dtmol/lib/python3.8/site-packages/torch/jit/_check.py:177: UserWarning: The TorchScript type system doesn't support instance-level annotations on empty non-base types in `__init__`. Instead, either 1) use a type annotation in the class body, or 2) wrap the type in `torch.jit.Attribute`.
  warnings.warn(
/home/haotiant/conda/envs/dtmol/lib/python3.8/site-packages/torch/jit/_check.py:177: UserWarning: The TorchScript type system doesn't support instance-level annotations on empty non-base types in `__init__`. Instead, either 1) use a type annotation in the class body, or 2) wrap the type in `torch.jit.Attribute`.
  warnings.warn(
/home/haotiant/conda/envs/dtmol/lib/python3.8/site-packages/torch/jit/_check.py:177: UserWarning: The TorchScript type system doesn't support instance-level annotations on empty non-base types in `__init__`. Instead, either 1) use a type annotation in the class body, or 2) wrap the type in `torch.jit.Attribute`.
  warnings.warn(
/home/haotiant/conda/envs/dtmol/lib/python3.8/site-packages/torch/jit/_check.py:177: UserWarning: The TorchScript type system doesn't support instance-level annotations on empty non-base types in `__init__`. Instead, either 1) use a type annotation in the class body, or 2) wrap the type in `torch.jit.Attribute`.
  warnings.warn(
/home/haotiant/conda/envs/dtmol/lib/python3.8/site-packages/torch/jit/_check.py:177: UserWarning: The TorchScript type system doesn't support instance-level annotations on empty non-base types in `__init__`. Instead, either 1) use a type annotation in the class body, or 2) wrap the type in `torch.jit.Attribute`.
  warnings.warn(
/home/haotiant/conda/envs/dtmol/lib/python3.8/site-packages/torch/jit/_check.py:177: UserWarning: The TorchScript type system doesn't support instance-level annotations on empty non-base types in `__init__`. Instead, either 1) use a type annotation in the class body, or 2) wrap the type in `torch.jit.Attribute`.
  warnings.warn(
/home/haotiant/conda/envs/dtmol/lib/python3.8/site-packages/torch/jit/_check.py:177: UserWarning: The TorchScript type system doesn't support instance-level annotations on empty non-base types in `__init__`. Instead, either 1) use a type annotation in the class body, or 2) wrap the type in `torch.jit.Attribute`.
  warnings.warn(
/home/haotiant/conda/envs/dtmol/lib/python3.8/site-packages/torch/jit/_check.py:177: UserWarning: The TorchScript type system doesn't support instance-level annotations on empty non-base types in `__init__`. Instead, either 1) use a type annotation in the class body, or 2) wrap the type in `torch.jit.Attribute`.
  warnings.warn(
