/home/haotiant/conda/envs/dtmol/lib/python3.8/site-packages/torch/jit/_check.py:177: UserWarning: The TorchScript type system doesn't support instance-level annotations on empty non-base types in `__init__`. Instead, either 1) use a type annotation in the class body, or 2) wrap the type in `torch.jit.Attribute`.
  warnings.warn(
/home/haotiant/conda/envs/dtmol/lib/python3.8/site-packages/torch/jit/_check.py:177: UserWarning: The TorchScript type system doesn't support instance-level annotations on empty non-base types in `__init__`. Instead, either 1) use a type annotation in the class body, or 2) wrap the type in `torch.jit.Attribute`.
  warnings.warn(
/home/haotiant/conda/envs/dtmol/lib/python3.8/site-packages/torch/jit/_check.py:177: UserWarning: The TorchScript type system doesn't support instance-level annotations on empty non-base types in `__init__`. Instead, either 1) use a type annotation in the class body, or 2) wrap the type in `torch.jit.Attribute`.
  warnings.warn(
/home/haotiant/conda/envs/dtmol/lib/python3.8/site-packages/torch/jit/_check.py:177: UserWarning: The TorchScript type system doesn't support instance-level annotations on empty non-base types in `__init__`. Instead, either 1) use a type annotation in the class body, or 2) wrap the type in `torch.jit.Attribute`.
  warnings.warn(
/home/haotiant/conda/envs/dtmol/lib/python3.8/site-packages/torch/jit/_check.py:177: UserWarning: The TorchScript type system doesn't support instance-level annotations on empty non-base types in `__init__`. Instead, either 1) use a type annotation in the class body, or 2) wrap the type in `torch.jit.Attribute`.
  warnings.warn(
/home/haotiant/conda/envs/dtmol/lib/python3.8/site-packages/torch/jit/_check.py:177: UserWarning: The TorchScript type system doesn't support instance-level annotations on empty non-base types in `__init__`. Instead, either 1) use a type annotation in the class body, or 2) wrap the type in `torch.jit.Attribute`.
  warnings.warn(
/home/haotiant/conda/envs/dtmol/lib/python3.8/site-packages/torch/jit/_check.py:177: UserWarning: The TorchScript type system doesn't support instance-level annotations on empty non-base types in `__init__`. Instead, either 1) use a type annotation in the class body, or 2) wrap the type in `torch.jit.Attribute`.
  warnings.warn(
/home/haotiant/conda/envs/dtmol/lib/python3.8/site-packages/torch/jit/_check.py:177: UserWarning: The TorchScript type system doesn't support instance-level annotations on empty non-base types in `__init__`. Instead, either 1) use a type annotation in the class body, or 2) wrap the type in `torch.jit.Attribute`.
  warnings.warn(
/home/haotiant/conda/envs/dtmol/lib/python3.8/site-packages/torch/jit/_check.py:177: UserWarning: The TorchScript type system doesn't support instance-level annotations on empty non-base types in `__init__`. Instead, either 1) use a type annotation in the class body, or 2) wrap the type in `torch.jit.Attribute`.
  warnings.warn(
/home/haotiant/conda/envs/dtmol/lib/python3.8/site-packages/torch/jit/_check.py:177: UserWarning: The TorchScript type system doesn't support instance-level annotations on empty non-base types in `__init__`. Instead, either 1) use a type annotation in the class body, or 2) wrap the type in `torch.jit.Attribute`.
  warnings.warn(
/home/haotiant/conda/envs/dtmol/lib/python3.8/site-packages/torch/jit/_check.py:177: UserWarning: The TorchScript type system doesn't support instance-level annotations on empty non-base types in `__init__`. Instead, either 1) use a type annotation in the class body, or 2) wrap the type in `torch.jit.Attribute`.
  warnings.warn(
/home/haotiant/conda/envs/dtmol/lib/python3.8/site-packages/torch/jit/_check.py:177: UserWarning: The TorchScript type system doesn't support instance-level annotations on empty non-base types in `__init__`. Instead, either 1) use a type annotation in the class body, or 2) wrap the type in `torch.jit.Attribute`.
  warnings.warn(
/home/haotiant/conda/envs/dtmol/lib/python3.8/site-packages/torch/jit/_check.py:177: UserWarning: The TorchScript type system doesn't support instance-level annotations on empty non-base types in `__init__`. Instead, either 1) use a type annotation in the class body, or 2) wrap the type in `torch.jit.Attribute`.
  warnings.warn(
/home/haotiant/conda/envs/dtmol/lib/python3.8/site-packages/torch/jit/_check.py:177: UserWarning: The TorchScript type system doesn't support instance-level annotations on empty non-base types in `__init__`. Instead, either 1) use a type annotation in the class body, or 2) wrap the type in `torch.jit.Attribute`.
  warnings.warn(
/home/haotiant/conda/envs/dtmol/lib/python3.8/site-packages/torch/jit/_check.py:177: UserWarning: The TorchScript type system doesn't support instance-level annotations on empty non-base types in `__init__`. Instead, either 1) use a type annotation in the class body, or 2) wrap the type in `torch.jit.Attribute`.
  warnings.warn(
/home/haotiant/conda/envs/dtmol/lib/python3.8/site-packages/torch/jit/_check.py:177: UserWarning: The TorchScript type system doesn't support instance-level annotations on empty non-base types in `__init__`. Instead, either 1) use a type annotation in the class body, or 2) wrap the type in `torch.jit.Attribute`.
  warnings.warn(
/home/haotiant/conda/envs/dtmol/lib/python3.8/site-packages/torch/jit/_check.py:177: UserWarning: The TorchScript type system doesn't support instance-level annotations on empty non-base types in `__init__`. Instead, either 1) use a type annotation in the class body, or 2) wrap the type in `torch.jit.Attribute`.
  warnings.warn(
/home/haotiant/conda/envs/dtmol/lib/python3.8/site-packages/torch/jit/_check.py:177: UserWarning: The TorchScript type system doesn't support instance-level annotations on empty non-base types in `__init__`. Instead, either 1) use a type annotation in the class body, or 2) wrap the type in `torch.jit.Attribute`.
  warnings.warn(
/home/haotiant/conda/envs/dtmol/lib/python3.8/site-packages/torch/jit/_check.py:177: UserWarning: The TorchScript type system doesn't support instance-level annotations on empty non-base types in `__init__`. Instead, either 1) use a type annotation in the class body, or 2) wrap the type in `torch.jit.Attribute`.
  warnings.warn(
/home/haotiant/conda/envs/dtmol/lib/python3.8/site-packages/torch/jit/_check.py:177: UserWarning: The TorchScript type system doesn't support instance-level annotations on empty non-base types in `__init__`. Instead, either 1) use a type annotation in the class body, or 2) wrap the type in `torch.jit.Attribute`.
  warnings.warn(
/home/haotiant/conda/envs/dtmol/lib/python3.8/site-packages/torch/jit/_check.py:177: UserWarning: The TorchScript type system doesn't support instance-level annotations on empty non-base types in `__init__`. Instead, either 1) use a type annotation in the class body, or 2) wrap the type in `torch.jit.Attribute`.
  warnings.warn(
/home/haotiant/conda/envs/dtmol/lib/python3.8/site-packages/torch/jit/_check.py:177: UserWarning: The TorchScript type system doesn't support instance-level annotations on empty non-base types in `__init__`. Instead, either 1) use a type annotation in the class body, or 2) wrap the type in `torch.jit.Attribute`.
  warnings.warn(
/home/haotiant/conda/envs/dtmol/lib/python3.8/site-packages/torch/jit/_check.py:177: UserWarning: The TorchScript type system doesn't support instance-level annotations on empty non-base types in `__init__`. Instead, either 1) use a type annotation in the class body, or 2) wrap the type in `torch.jit.Attribute`.
  warnings.warn(
/home/haotiant/conda/envs/dtmol/lib/python3.8/site-packages/torch/jit/_check.py:177: UserWarning: The TorchScript type system doesn't support instance-level annotations on empty non-base types in `__init__`. Instead, either 1) use a type annotation in the class body, or 2) wrap the type in `torch.jit.Attribute`.
  warnings.warn(
/home/haotiant/conda/envs/dtmol/lib/python3.8/site-packages/torch/jit/_check.py:177: UserWarning: The TorchScript type system doesn't support instance-level annotations on empty non-base types in `__init__`. Instead, either 1) use a type annotation in the class body, or 2) wrap the type in `torch.jit.Attribute`.
  warnings.warn(
/home/haotiant/conda/envs/dtmol/lib/python3.8/site-packages/torch/jit/_check.py:177: UserWarning: The TorchScript type system doesn't support instance-level annotations on empty non-base types in `__init__`. Instead, either 1) use a type annotation in the class body, or 2) wrap the type in `torch.jit.Attribute`.
  warnings.warn(
/home/haotiant/conda/envs/dtmol/lib/python3.8/site-packages/torch/jit/_check.py:177: UserWarning: The TorchScript type system doesn't support instance-level annotations on empty non-base types in `__init__`. Instead, either 1) use a type annotation in the class body, or 2) wrap the type in `torch.jit.Attribute`.
  warnings.warn(
/home/haotiant/conda/envs/dtmol/lib/python3.8/site-packages/torch/jit/_check.py:177: UserWarning: The TorchScript type system doesn't support instance-level annotations on empty non-base types in `__init__`. Instead, either 1) use a type annotation in the class body, or 2) wrap the type in `torch.jit.Attribute`.
  warnings.warn(
/home/haotiant/conda/envs/dtmol/lib/python3.8/site-packages/torch/jit/_check.py:177: UserWarning: The TorchScript type system doesn't support instance-level annotations on empty non-base types in `__init__`. Instead, either 1) use a type annotation in the class body, or 2) wrap the type in `torch.jit.Attribute`.
  warnings.warn(
/home/haotiant/conda/envs/dtmol/lib/python3.8/site-packages/torch/jit/_check.py:177: UserWarning: The TorchScript type system doesn't support instance-level annotations on empty non-base types in `__init__`. Instead, either 1) use a type annotation in the class body, or 2) wrap the type in `torch.jit.Attribute`.
  warnings.warn(
/home/haotiant/conda/envs/dtmol/lib/python3.8/site-packages/torch/jit/_check.py:177: UserWarning: The TorchScript type system doesn't support instance-level annotations on empty non-base types in `__init__`. Instead, either 1) use a type annotation in the class body, or 2) wrap the type in `torch.jit.Attribute`.
  warnings.warn(
/home/haotiant/conda/envs/dtmol/lib/python3.8/site-packages/torch/jit/_check.py:177: UserWarning: The TorchScript type system doesn't support instance-level annotations on empty non-base types in `__init__`. Instead, either 1) use a type annotation in the class body, or 2) wrap the type in `torch.jit.Attribute`.
  warnings.warn(
/home/haotiant/conda/envs/dtmol/lib/python3.8/site-packages/torch/jit/_check.py:177: UserWarning: The TorchScript type system doesn't support instance-level annotations on empty non-base types in `__init__`. Instead, either 1) use a type annotation in the class body, or 2) wrap the type in `torch.jit.Attribute`.
  warnings.warn(
/home/haotiant/conda/envs/dtmol/lib/python3.8/site-packages/torch/jit/_check.py:177: UserWarning: The TorchScript type system doesn't support instance-level annotations on empty non-base types in `__init__`. Instead, either 1) use a type annotation in the class body, or 2) wrap the type in `torch.jit.Attribute`.
  warnings.warn(
/home/haotiant/conda/envs/dtmol/lib/python3.8/site-packages/torch/jit/_check.py:177: UserWarning: The TorchScript type system doesn't support instance-level annotations on empty non-base types in `__init__`. Instead, either 1) use a type annotation in the class body, or 2) wrap the type in `torch.jit.Attribute`.
  warnings.warn(
/home/haotiant/conda/envs/dtmol/lib/python3.8/site-packages/torch/jit/_check.py:177: UserWarning: The TorchScript type system doesn't support instance-level annotations on empty non-base types in `__init__`. Instead, either 1) use a type annotation in the class body, or 2) wrap the type in `torch.jit.Attribute`.
  warnings.warn(
/home/haotiant/conda/envs/dtmol/lib/python3.8/site-packages/torch/jit/_check.py:177: UserWarning: The TorchScript type system doesn't support instance-level annotations on empty non-base types in `__init__`. Instead, either 1) use a type annotation in the class body, or 2) wrap the type in `torch.jit.Attribute`.
  warnings.warn(
/home/haotiant/conda/envs/dtmol/lib/python3.8/site-packages/torch/jit/_check.py:177: UserWarning: The TorchScript type system doesn't support instance-level annotations on empty non-base types in `__init__`. Instead, either 1) use a type annotation in the class body, or 2) wrap the type in `torch.jit.Attribute`.
  warnings.warn(
/home/haotiant/conda/envs/dtmol/lib/python3.8/site-packages/torch/jit/_check.py:177: UserWarning: The TorchScript type system doesn't support instance-level annotations on empty non-base types in `__init__`. Instead, either 1) use a type annotation in the class body, or 2) wrap the type in `torch.jit.Attribute`.
  warnings.warn(
/home/haotiant/conda/envs/dtmol/lib/python3.8/site-packages/torch/jit/_check.py:177: UserWarning: The TorchScript type system doesn't support instance-level annotations on empty non-base types in `__init__`. Instead, either 1) use a type annotation in the class body, or 2) wrap the type in `torch.jit.Attribute`.
  warnings.warn(
/home/haotiant/conda/envs/dtmol/lib/python3.8/site-packages/torch/jit/_check.py:177: UserWarning: The TorchScript type system doesn't support instance-level annotations on empty non-base types in `__init__`. Instead, either 1) use a type annotation in the class body, or 2) wrap the type in `torch.jit.Attribute`.
  warnings.warn(
/home/haotiant/conda/envs/dtmol/lib/python3.8/site-packages/torch/jit/_check.py:177: UserWarning: The TorchScript type system doesn't support instance-level annotations on empty non-base types in `__init__`. Instead, either 1) use a type annotation in the class body, or 2) wrap the type in `torch.jit.Attribute`.
  warnings.warn(
/home/haotiant/conda/envs/dtmol/lib/python3.8/site-packages/torch/jit/_check.py:177: UserWarning: The TorchScript type system doesn't support instance-level annotations on empty non-base types in `__init__`. Instead, either 1) use a type annotation in the class body, or 2) wrap the type in `torch.jit.Attribute`.
  warnings.warn(
/home/haotiant/conda/envs/dtmol/lib/python3.8/site-packages/torch/jit/_check.py:177: UserWarning: The TorchScript type system doesn't support instance-level annotations on empty non-base types in `__init__`. Instead, either 1) use a type annotation in the class body, or 2) wrap the type in `torch.jit.Attribute`.
  warnings.warn(
/home/haotiant/conda/envs/dtmol/lib/python3.8/site-packages/torch/jit/_check.py:177: UserWarning: The TorchScript type system doesn't support instance-level annotations on empty non-base types in `__init__`. Instead, either 1) use a type annotation in the class body, or 2) wrap the type in `torch.jit.Attribute`.
  warnings.warn(
/home/haotiant/conda/envs/dtmol/lib/python3.8/site-packages/torch/jit/_check.py:177: UserWarning: The TorchScript type system doesn't support instance-level annotations on empty non-base types in `__init__`. Instead, either 1) use a type annotation in the class body, or 2) wrap the type in `torch.jit.Attribute`.
  warnings.warn(
/home/haotiant/conda/envs/dtmol/lib/python3.8/site-packages/torch/jit/_check.py:177: UserWarning: The TorchScript type system doesn't support instance-level annotations on empty non-base types in `__init__`. Instead, either 1) use a type annotation in the class body, or 2) wrap the type in `torch.jit.Attribute`.
  warnings.warn(
/home/haotiant/conda/envs/dtmol/lib/python3.8/site-packages/torch/jit/_check.py:177: UserWarning: The TorchScript type system doesn't support instance-level annotations on empty non-base types in `__init__`. Instead, either 1) use a type annotation in the class body, or 2) wrap the type in `torch.jit.Attribute`.
  warnings.warn(
fused_multi_tensor is not installed corrected
fused_rounding is not installed corrected
fused_layer_norm is not installed corrected
fused_softmax is not installed corrected
unicore_fused_layernorm is not installed corrected
apex fused layer norm is not installed correctly, apex will be disabled.
[fix-E] filtered dataset 0 'unit_cell_synth' to 74 records matching prefixes ('fcc_Al_2x2x2',)
[warm-start] loaded ['ligand_encoder', 'protein_encoder', 'decoder'] from dtmol/models/bindingpose_20260506_fixE_fcc_Al/ckpt-2000.pt
[mode] all nn.Dropout p=0 (BN still in train mode)
#  i mol_t sgl |    tg_tr    pr_tr cos_tr  r_tr |     tg_p     pr_p  cos_p   r_p |     dec    node     loss
#  0  4660   1 | 1.22e+00 2.91e-03 -0.507  1.00 | 1.10e+00 1.27e-01 +0.325  0.94 | 1.3e+00 4.0e+00 2.641e+00
#  1  1570   1 | 9.64e-01 2.31e-03 -0.070  1.00 | 1.06e+00 1.29e-01 +0.345  0.93 | 1.3e+00 3.2e+00 1.983e+00
#  2   351   1 | 5.53e-01 1.74e-03 -0.298  1.00 | 1.04e+00 1.08e-01 +0.034  1.00 | 1.5e+00 3.5e+00 1.397e+00
#  3  2750   1 | 1.29e+00 8.11e-04 -0.090  1.00 | 9.27e-01 2.93e-01 +0.263  0.93 | 1.6e+00 3.4e+00 2.473e+00
#  4   781   1 | 8.53e-01 9.57e-04 -0.381  1.00 | 9.10e-01 1.47e-01 +0.015  1.02 | 1.5e+00 3.9e+00 1.573e+00
#  5  1130   1 | 1.11e+00 1.24e-03 -0.428  1.00 | 9.82e-01 1.34e-01 -0.082  1.04 | 1.8e+00 3.6e+00 2.233e+00
#  6  1629   1 | 1.02e+00 2.33e-03 -0.838  1.00 | 9.92e-01 2.13e-01 +0.138  0.99 | 1.8e+00 4.0e+00 2.023e+00
#  7  3092   1 | 1.10e+00 8.43e-04 +0.004  1.00 | 1.08e+00 2.74e-01 +0.224  0.95 | 2.3e+00 4.9e+00 2.317e+00
#  8   747   1 | 9.57e-01 1.01e-03 -0.294  1.00 | 1.07e+00 1.89e-01 +0.138  0.98 | 1.9e+00 3.4e+00 2.051e+00
#  9  3794   1 | 1.00e+00 2.80e-04 -0.123  1.00 | 1.08e+00 2.68e-01 +0.228  0.95 | 2.5e+00 3.9e+00 2.125e+00
# 10   801   1 | 5.46e-01 2.38e-03 +0.183  1.00 | 1.03e+00 2.48e-01 +0.180  0.97 | 2.2e+00 4.0e+00 1.325e+00
# 11  4191   1 | 1.12e+00 1.52e-03 +0.467  1.00 | 1.06e+00 1.86e-01 -0.051  1.05 | 2.7e+00 4.3e+00 2.438e+00
# 12  2117   1 | 1.31e+00 1.16e-03 -0.045  1.00 | 1.04e+00 2.26e-01 +0.115  1.00 | 2.5e+00 3.8e+00 2.775e+00
# 13  2218   1 | 4.71e-01 1.59e-03 +0.457  1.00 | 9.87e-01 1.81e-01 +0.189  0.96 | 2.2e+00 3.7e+00 1.161e+00
# 14  2765   1 | 9.81e-01 2.62e-03 -0.333  1.00 | 1.04e+00 1.92e-01 +0.197  0.96 | 2.5e+00 3.8e+00 2.009e+00
# 15   967   1 | 9.23e-01 1.06e-03 +0.049  1.00 | 9.51e-01 1.44e-01 +0.030  1.01 | 2.3e+00 2.9e+00 1.768e+00
# 16  1563   1 | 1.17e+00 1.32e-03 +0.516  1.00 | 1.17e+00 1.74e-01 +0.346  0.92 | 2.3e+00 3.1e+00 2.622e+00
# 17  4296   1 | 5.12e-01 9.06e-04 +0.145  1.00 | 9.97e-01 1.57e-01 +0.181  0.97 | 2.8e+00 3.9e+00 1.224e+00
# 18  1945   1 | 8.26e-01 6.03e-04 +0.719  1.00 | 9.42e-01 1.44e-01 +0.168  0.97 | 2.8e+00 4.1e+00 1.544e+00
# 19  2091   1 | 1.30e+00 5.85e-04 -0.692  1.00 | 1.09e+00 1.43e-01 +0.155  0.98 | 3.0e+00 3.6e+00 2.870e+00
# 20  4534   1 | 8.20e-01 1.46e-03 -0.086  1.00 | 9.54e-01 2.21e-01 -0.195  1.14 | 3.1e+00 3.8e+00 1.714e+00
# 21  4148   1 | 1.06e+00 1.31e-03 -0.384  1.00 | 8.36e-01 2.06e-01 +0.316  0.90 | 3.2e+00 4.0e+00 1.759e+00
# 22   647   1 | 1.12e+00 7.13e-04 +0.242  1.00 | 1.13e+00 1.92e-01 +0.101  0.99 | 2.5e+00 3.6e+00 2.537e+00
# 23  1211   1 | 1.65e+00 1.33e-03 -0.329  1.00 | 9.65e-01 1.97e-01 +0.076  1.01 | 3.0e+00 3.1e+00 3.678e+00
# 24  3538   1 | 8.42e-01 1.98e-04 -0.393  1.00 | 1.01e+00 2.15e-01 +0.102  1.00 | 3.6e+00 3.8e+00 1.738e+00
# 25  1425   1 | 1.21e+00 1.23e-03 -0.131  1.00 | 9.11e-01 1.74e-01 +0.081  1.01 | 2.8e+00 2.9e+00 2.293e+00
# 26  1903   1 | 1.29e+00 2.52e-04 +0.189  1.00 | 9.64e-01 1.82e-01 +0.167  0.97 | 3.0e+00 3.9e+00 2.581e+00
# 27  1354   1 | 1.00e+00 1.36e-03 +0.402  1.00 | 1.07e+00 1.88e-01 +0.184  0.97 | 2.9e+00 3.8e+00 2.119e+00
# 28  1017   1 | 6.24e-01 6.83e-04 +0.166  1.00 | 1.03e+00 2.17e-01 +0.078  1.01 | 3.0e+00 3.5e+00 1.459e+00
# 29  2929   1 | 7.17e-01 2.78e-03 -0.023  1.00 | 1.09e+00 2.10e-01 +0.074  1.01 | 3.2e+00 4.0e+00 1.708e+00
# 30  2937   1 | 4.52e-01 3.44e-03 -0.281  1.00 | 1.00e+00 2.31e-01 +0.098  1.01 | 2.9e+00 4.4e+00 1.217e+00
# 31  1891   1 | 9.08e-01 1.48e-03 -0.028  1.00 | 9.18e-01 1.66e-01 +0.197  0.96 | 3.1e+00 3.7e+00 1.633e+00
# 32  1460   1 | 1.08e+00 8.40e-04 +0.299  1.00 | 1.04e+00 1.19e-01 +0.091  0.99 | 3.0e+00 3.7e+00 2.241e+00
# 33  2319   1 | 1.00e+00 4.76e-04 +0.069  1.00 | 8.61e-01 2.33e-01 +0.059  1.04 | 2.9e+00 4.1e+00 1.771e+00
# 34    69   1 | 1.08e+00 5.90e-04 +0.553  1.00 | 9.97e-01 1.69e-01 +0.159  0.97 | 3.1e+00 4.7e+00 2.130e+00
# 35  4247   1 | 5.69e-01 6.63e-04 +0.036  1.00 | 9.77e-01 1.61e-01 +0.276  0.94 | 3.2e+00 3.9e+00 1.218e+00
# 36    11   1 | 1.02e+00 1.48e-03 +0.603  1.00 | 1.13e+00 1.73e-01 -0.059  1.04 | 3.0e+00 3.5e+00 2.370e+00
# 37  4219   1 | 1.08e+00 2.91e-04 +0.101  1.00 | 9.68e-01 1.38e-01 +0.216  0.96 | 3.5e+00 3.9e+00 2.070e+00
# 38  2267   1 | 9.63e-01 1.09e-03 -0.549  1.00 | 9.60e-01 1.93e-01 +0.161  0.98 | 2.7e+00 3.4e+00 1.827e+00
# 39  3707   1 | 1.09e+00 8.28e-04 -0.162  1.00 | 9.70e-01 2.63e-01 +0.174  0.98 | 3.7e+00 3.6e+00 2.113e+00
# 40  2817   1 | 1.34e+00 5.78e-04 -0.063  1.00 | 1.00e+00 2.16e-01 +0.136  0.99 | 3.3e+00 3.8e+00 2.782e+00
# 41  1165   1 | 7.01e-01 9.62e-04 +0.002  1.00 | 1.00e+00 1.98e-01 +0.144  0.98 | 3.1e+00 3.4e+00 1.479e+00
# 42  2480   1 | 1.08e+00 3.57e-04 +0.303  1.00 | 9.93e-01 1.46e-01 +0.099  0.99 | 3.2e+00 4.1e+00 2.138e+00
# 43  4514   1 | 1.32e+00 8.07e-04 +0.204  1.00 | 1.12e+00 2.40e-01 +0.449  0.85 | 3.3e+00 3.9e+00 2.821e+00
# 44   994   1 | 1.29e+00 5.99e-04 -0.170  1.00 | 1.08e+00 1.44e-01 +0.191  0.97 | 3.0e+00 4.7e+00 2.796e+00
# 45  2491   1 | 1.00e+00 1.70e-03 +0.076  1.00 | 9.45e-01 2.74e-01 +0.052  1.05 | 3.2e+00 4.7e+00 1.948e+00
# 46  3921   1 | 5.88e-01 1.12e-03 +0.018  1.00 | 1.05e+00 2.06e-01 +0.269  0.93 | 3.3e+00 4.5e+00 1.380e+00
# 47  2606   1 | 8.94e-01 1.59e-03 +0.587  1.00 | 9.15e-01 1.70e-01 -0.051  1.05 | 3.1e+00 4.2e+00 1.679e+00
# 48  2034   1 | 1.14e+00 6.18e-04 -0.209  1.00 | 9.75e-01 1.22e-01 +0.097  0.99 | 3.3e+00 3.9e+00 2.240e+00
# 49  4839   1 | 6.58e-01 3.55e-04 +0.058  1.00 | 1.07e+00 2.00e-01 +0.197  0.96 | 3.6e+00 4.6e+00 1.532e+00
# 50   789   1 | 1.13e+00 2.24e-04 +0.577  1.00 | 1.05e+00 1.26e-01 +0.179  0.97 | 3.2e+00 4.3e+00 2.360e+00
# 51  3324   1 | 7.52e-01 1.68e-03 -0.262  1.00 | 9.49e-01 2.83e-01 +0.163  0.99 | 3.4e+00 4.4e+00 1.460e+00
# 52   462   1 | 1.38e+00 1.24e-04 -0.243  1.00 | 1.03e+00 1.81e-01 -0.024  1.04 | 2.9e+00 4.9e+00 2.998e+00
# 53   550   1 | 5.96e-01 1.36e-03 -0.277  1.00 | 1.08e+00 2.09e-01 +0.054  1.02 | 3.0e+00 4.2e+00 1.550e+00
# 54  1324   1 | 9.70e-01 1.62e-03 -0.596  1.00 | 1.06e+00 1.63e-01 +0.012  1.02 | 3.2e+00 4.2e+00 2.084e+00
# 55  3303   1 | 1.21e+00 4.33e-04 -0.147  1.00 | 9.89e-01 1.12e-01 +0.163  0.98 | 3.5e+00 4.1e+00 2.429e+00
# 56  3904   1 | 1.32e+00 1.02e-03 +0.628  1.00 | 1.02e+00 1.78e-01 +0.169  0.97 | 3.6e+00 3.6e+00 2.755e+00
# 57  4797   1 | 9.70e-01 6.11e-04 +0.825  1.00 | 1.02e+00 1.67e-01 +0.256  0.94 | 3.7e+00 3.8e+00 1.917e+00
# 58  2744   1 | 9.61e-01 1.34e-03 +0.777  1.00 | 1.03e+00 1.53e-01 -0.043  1.03 | 3.5e+00 4.3e+00 2.023e+00
# 59  2059   1 | 7.30e-01 1.42e-03 +0.087  1.00 | 9.46e-01 2.56e-01 +0.025  1.06 | 3.5e+00 4.4e+00 1.481e+00
# 60  3962   1 | 4.96e-01 1.36e-03 -0.122  1.00 | 1.12e+00 1.98e-01 -0.004  1.03 | 3.6e+00 3.4e+00 1.536e+00
# 61  2992   1 | 1.13e+00 1.49e-03 -0.683  1.00 | 1.01e+00 1.22e-01 +0.201  0.97 | 3.2e+00 3.5e+00 2.248e+00
# 62  1002   1 | 1.15e+00 2.18e-04 +0.235  1.00 | 9.43e-01 1.21e-01 +0.047  1.00 | 2.9e+00 3.6e+00 2.206e+00
# 63  2994   1 | 1.41e+00 2.78e-03 +0.093  1.00 | 1.01e+00 1.01e-01 -0.227  1.06 | 3.1e+00 3.7e+00 3.057e+00
# 64   350   1 | 1.04e+00 7.95e-03 -0.899  1.01 | 1.02e+00 1.03e-01 -0.000  1.01 | 3.0e+00 3.8e+00 2.154e+00
# 65  2077   1 | 1.20e+00 3.42e-03 -0.433  1.00 | 1.05e+00 7.89e-02 +0.130  0.99 | 2.9e+00 4.5e+00 2.542e+00
# 66   214   1 | 7.71e-01 1.13e-03 -0.797  1.00 | 9.59e-01 6.82e-02 +0.002  1.00 | 2.8e+00 4.0e+00 1.520e+00
# 67   152   1 | 1.07e+00 4.16e-04 +0.614  1.00 | 1.03e+00 8.89e-02 -0.056  1.02 | 2.7e+00 4.1e+00 2.221e+00
# 68  2547   1 | 1.11e+00 2.02e-03 +0.082  1.00 | 9.80e-01 1.35e-01 +0.097  0.99 | 2.8e+00 4.4e+00 2.177e+00
# 69  1023   1 | 1.14e+00 6.15e-04 -0.159  1.00 | 9.88e-01 4.12e-02 -0.028  1.00 | 2.4e+00 3.6e+00 2.283e+00
# 70  2253   1 | 1.31e+00 1.12e-03 +0.182  1.00 | 1.01e+00 3.15e-02 +0.051  1.00 | 2.3e+00 3.5e+00 2.728e+00
# 71  2394   1 | 1.09e+00 7.07e-04 -0.048  1.00 | 9.37e-01 2.86e-02 +0.213  0.99 | 2.4e+00 3.8e+00 2.060e+00
# 72  2853   1 | 1.10e+00 1.17e-03 -0.483  1.00 | 1.02e+00 1.25e-02 +0.148  1.00 | 2.5e+00 4.6e+00 2.240e+00
# 73  2933   1 | 1.18e+00 7.53e-04 +0.193  1.00 | 9.58e-01 1.68e-02 +0.011  1.00 | 2.3e+00 3.6e+00 2.306e+00
# 74  2144   1 | 7.30e-01 1.49e-03 -0.176  1.00 | 9.46e-01 1.16e-02 +0.005  1.00 | 2.5e+00 3.7e+00 1.428e+00
# 75  1150   1 | 1.22e+00 5.95e-04 -0.162  1.00 | 1.10e+00 1.72e-02 +0.020  1.00 | 2.4e+00 3.4e+00 2.715e+00
# 76   615   1 | 1.15e+00 4.26e-04 -0.200  1.00 | 9.43e-01 9.93e-03 +0.124  1.00 | 2.2e+00 4.1e+00 2.200e+00
# 77   406   1 | 1.08e+00 1.44e-03 -0.008  1.00 | 1.04e+00 1.04e-02 -0.024  1.00 | 2.3e+00 3.2e+00 2.255e+00
# 78  1290   1 | 1.09e+00 2.49e-03 -0.051  1.00 | 9.37e-01 8.70e-03 +0.243  1.00 | 2.6e+00 3.7e+00 2.058e+00
# 79  4613   1 | 9.05e-01 1.54e-03 -0.147  1.00 | 9.18e-01 2.57e-02 +0.242  0.99 | 2.9e+00 3.4e+00 1.651e+00
# 80  2548   1 | 4.96e-01 3.02e-03 +0.106  1.00 | 1.12e+00 3.85e-02 +0.184  0.99 | 2.5e+00 4.2e+00 1.479e+00
# 81  4898   1 | 9.69e-01 8.30e-04 +0.399  1.00 | 1.03e+00 4.17e-02 +0.129  0.99 | 2.8e+00 4.3e+00 1.994e+00
# 82  1423   1 | 1.04e+00 1.66e-03 -0.130  1.00 | 1.02e+00 5.99e-02 +0.123  0.99 | 2.4e+00 4.1e+00 2.114e+00
# 83  2226   1 | 8.57e-01 6.87e-04 +0.009  1.00 | 9.10e-01 4.52e-02 +0.037  1.00 | 2.3e+00 4.2e+00 1.561e+00
# 84  3456   1 | 6.44e-01 2.10e-03 +0.473  1.00 | 1.03e+00 6.60e-02 +0.045  1.00 | 3.1e+00 4.0e+00 1.470e+00
# 85   566   1 | 1.31e+00 5.95e-04 +0.307  1.00 | 1.01e+00 1.10e-01 -0.045  1.02 | 2.6e+00 3.5e+00 2.767e+00
# 86   662   1 | 9.72e-01 7.86e-04 -0.391  1.00 | 1.02e+00 5.14e-02 -0.059  1.01 | 2.7e+00 4.1e+00 1.989e+00
# 87  4270   1 | 1.19e+00 1.08e-03 +0.569  1.00 | 9.58e-01 9.74e-02 +0.163  0.98 | 2.8e+00 3.1e+00 2.304e+00
# 88  1965   1 | 4.71e-01 1.73e-04 -0.163  1.00 | 9.87e-01 5.75e-02 +0.122  0.99 | 2.9e+00 4.1e+00 1.186e+00
# 89  1022   1 | 1.02e+00 3.62e-04 +0.246  1.00 | 9.92e-01 5.43e-02 +0.140  0.99 | 2.5e+00 2.9e+00 2.021e+00
# 90  2555   1 | 1.17e+00 1.58e-04 -0.071  1.00 | 1.17e+00 8.82e-02 +0.098  0.99 | 3.0e+00 3.8e+00 2.719e+00
# 91   939   1 | 5.69e-01 3.11e-04 -0.054  1.00 | 9.77e-01 8.44e-02 +0.133  0.98 | 2.7e+00 4.3e+00 1.264e+00
# 92  2447   1 | 1.04e+00 1.29e-04 -0.806  1.00 | 8.36e-01 6.55e-02 -0.010  1.01 | 3.1e+00 4.5e+00 1.795e+00
# 93  1666   1 | 8.25e-01 1.89e-03 -0.043  1.00 | 9.42e-01 4.40e-02 +0.016  1.00 | 2.8e+00 4.4e+00 1.568e+00
# 94  4329   1 | 1.10e+00 2.69e-03 +0.878  1.00 | 9.80e-01 1.26e-01 +0.434  0.90 | 3.3e+00 3.7e+00 2.084e+00
# 95  4223   1 | 1.39e+00 9.24e-04 +0.396  1.00 | 1.03e+00 1.01e-01 +0.229  0.96 | 3.6e+00 4.4e+00 2.948e+00
# 96  1784   1 | 9.70e-01 6.81e-04 -0.346  1.00 | 1.06e+00 5.59e-02 +0.136  0.99 | 3.0e+00 3.9e+00 2.048e+00
# 97  2051   1 | 6.00e-01 1.00e-03 -0.463  1.00 | 1.08e+00 1.35e-01 -0.014  1.02 | 3.5e+00 4.1e+00 1.558e+00
# 98  4783   1 | 1.32e+00 4.44e-04 +0.006  1.00 | 1.04e+00 2.12e-01 +0.237  0.95 | 3.8e+00 3.4e+00 2.750e+00
# 99  3686   1 | 1.29e+00 1.34e-03 +0.070  1.00 | 1.09e+00 1.66e-01 +0.229  0.95 | 3.8e+00 3.9e+00 2.801e+00
#100  4333   1 | 1.14e+00 1.42e-02 +0.146  1.00 | 9.88e-01 2.54e-01 +0.184  0.97 | 3.7e+00 3.8e+00 2.249e+00
#101  2087   1 | 1.08e+00 1.44e-02 -0.715  1.02 | 9.93e-01 1.73e-01 +0.113  0.99 | 3.7e+00 4.2e+00 2.162e+00
#102  2297   1 | 1.20e+00 1.76e-03 +0.364  1.00 | 1.05e+00 1.91e-01 +0.180  0.97 | 3.3e+00 4.2e+00 2.512e+00
#103  2226   1 | 1.10e+00 6.23e-03 -0.534  1.01 | 1.02e+00 1.44e-01 +0.255  0.95 | 3.0e+00 4.4e+00 2.208e+00
#104    86   1 | 6.58e-01 4.66e-03 +0.008  1.00 | 1.07e+00 2.88e-01 +0.078  1.03 | 3.2e+00 4.0e+00 1.612e+00
#105  2393   1 | 1.14e+00 4.68e-05 -0.255  1.00 | 9.75e-01 1.24e-01 -0.030  1.02 | 3.4e+00 3.9e+00 2.264e+00
#106  3351   1 | 8.96e-01 1.45e-03 +0.245  1.00 | 9.51e-01 2.27e-01 +0.137  0.99 | 3.6e+00 4.0e+00 1.699e+00
#107  2954   1 | 1.41e+00 1.18e-03 +0.030  1.00 | 1.01e+00 1.51e-01 +0.025  1.01 | 3.4e+00 3.9e+00 3.015e+00
#108  3670   1 | 1.67e+00 4.50e-04 -0.117  1.00 | 9.65e-01 2.09e-01 +0.075  1.01 | 3.8e+00 3.8e+00 3.723e+00
#109  2722   1 | 7.06e-01 6.25e-04 -0.327  1.00 | 1.00e+00 2.11e-01 +0.156  0.98 | 3.6e+00 4.1e+00 1.482e+00
#110  4243   1 | 9.67e-01 1.02e-03 +0.835  1.00 | 1.06e+00 2.42e-01 +0.259  0.93 | 3.2e+00 4.1e+00 1.991e+00
#111  4853   1 | 5.06e-01 9.83e-04 +0.079  1.00 | 9.97e-01 1.38e-01 +0.154  0.98 | 3.7e+00 3.5e+00 1.227e+00
#112    39   1 | 4.46e-01 5.44e-04 -0.148  1.00 | 1.00e+00 2.41e-01 -0.057  1.09 | 3.1e+00 4.2e+00 1.288e+00
#113  3042   1 | 9.84e-01 8.65e-04 +0.268  1.00 | 1.04e+00 1.85e-01 +0.161  0.97 | 3.5e+00 4.9e+00 2.026e+00
#114  4176   1 | 9.99e-01 2.39e-04 +0.282  1.00 | 8.61e-01 1.33e-01 +0.113  0.99 | 3.3e+00 4.3e+00 1.731e+00
#115  1235   1 | 7.38e-01 3.51e-05 -0.133  1.00 | 9.49e-01 1.28e-01 +0.073  1.00 | 3.3e+00 4.3e+00 1.445e+00
#116  4629   1 | 5.41e-01 5.68e-05 -0.413  1.00 | 1.04e+00 1.01e-01 +0.081  0.99 | 3.6e+00 4.5e+00 1.372e+00
#117  3922   1 | 8.05e-01 3.12e-04 -0.244  1.00 | 9.59e-01 8.70e-02 +0.231  0.97 | 3.3e+00 3.6e+00 1.536e+00
#118   565   1 | 8.26e-01 8.64e-04 +0.079  1.00 | 9.54e-01 1.39e-01 +0.107  0.99 | 2.9e+00 4.4e+00 1.582e+00
#119  2343   1 | 5.81e-01 1.40e-04 -0.320  1.00 | 1.05e+00 1.26e-01 -0.080  1.03 | 3.4e+00 3.6e+00 1.482e+00
#120   566   1 | 9.98e-01 2.61e-04 +0.340  1.00 | 9.45e-01 1.37e-01 +0.090  1.00 | 3.1e+00 3.5e+00 1.885e+00
#121  3512   1 | 1.08e+00 9.99e-06 -0.210  1.00 | 9.82e-01 1.11e-01 +0.102  0.99 | 4.0e+00 4.0e+00 2.112e+00
#122  4909   1 | 8.02e-01 8.35e-05 +0.302  1.00 | 1.01e+00 1.02e-01 +0.235  0.96 | 3.9e+00 4.0e+00 1.630e+00
#123  4060   1 | 1.05e+00 1.03e-04 -0.583  1.00 | 1.03e+00 9.51e-02 -0.100  1.03 | 3.5e+00 3.4e+00 2.188e+00
#124   963   1 | 1.29e+00 4.98e-04 -0.412  1.00 | 9.64e-01 1.02e-01 +0.028  1.01 | 3.2e+00 3.6e+00 2.611e+00
#125   945   1 | 1.08e+00 5.38e-04 +0.058  1.00 | 9.68e-01 1.01e-01 -0.038  1.02 | 3.2e+00 4.2e+00 2.128e+00
#126  1574   1 | 1.32e+00 3.04e-04 -0.317  1.00 | 1.02e+00 6.34e-02 +0.053  1.00 | 3.6e+00 3.4e+00 2.773e+00
#127  1778   1 | 1.29e+00 6.10e-04 -0.320  1.00 | 9.27e-01 1.22e-01 +0.110  0.99 | 3.6e+00 3.9e+00 2.526e+00
#128  2380   1 | 1.02e+00 2.73e-05 -0.118  1.00 | 1.13e+00 9.85e-02 +0.026  1.00 | 4.0e+00 4.1e+00 2.329e+00
#129  4460   1 | 5.40e-01 5.81e-05 +0.821  1.00 | 1.03e+00 9.98e-02 -0.056  1.02 | 4.4e+00 4.2e+00 1.371e+00
#130    67   1 | 1.12e+00 1.59e-04 -0.580  1.00 | 1.13e+00 7.34e-02 -0.113  1.02 | 3.7e+00 4.2e+00 2.569e+00
#131  4456   1 | 1.29e+00 3.12e-05 +0.377  1.00 | 1.08e+00 9.18e-02 +0.130  0.99 | 4.0e+00 3.8e+00 2.812e+00
#132   516   1 | 1.21e+00 4.28e-05 -0.350  1.00 | 9.11e-01 6.52e-02 -0.081  1.02 | 3.7e+00 3.8e+00 2.304e+00
#133  3410   1 | 1.30e+00 5.03e-05 +0.277  1.00 | 1.12e+00 5.40e-02 +0.193  0.98 | 4.8e+00 4.1e+00 2.925e+00
#134  3717   1 | 1.10e+00 2.23e-05 +0.745  1.00 | 1.08e+00 4.53e-02 +0.176  0.99 | 5.1e+00 4.0e+00 2.364e+00
#135   780   1 | 1.11e+00 1.04e-04 +0.418  1.00 | 1.06e+00 4.18e-02 -0.010  1.00 | 3.9e+00 3.6e+00 2.350e+00
#136   696   1 | 7.04e-01 2.73e-05 -0.168  1.00 | 1.09e+00 4.37e-02 -0.008  1.00 | 3.9e+00 4.0e+00 1.682e+00
#137  2069   1 | 9.60e-01 4.74e-05 +0.298  1.00 | 1.07e+00 4.13e-02 +0.005  1.00 | 4.7e+00 3.8e+00 2.077e+00
#138  2754   1 | 1.12e+00 5.49e-06 +0.503  1.00 | 1.05e+00 3.25e-02 +0.095  1.00 | 5.0e+00 3.5e+00 2.360e+00
#139  2202   1 | 1.12e+00 2.15e-04 -0.336  1.00 | 1.01e+00 4.85e-02 +0.150  0.99 | 3.8e+00 4.0e+00 2.262e+00
#140  1090   1 | 1.07e+00 1.46e-04 -0.018  1.00 | 9.70e-01 3.62e-02 +0.000  1.00 | 3.9e+00 4.0e+00 2.090e+00
#141   109   1 | 1.00e+00 5.23e-05 +0.755  1.00 | 1.07e+00 4.80e-02 -0.118  1.01 | 4.1e+00 3.7e+00 2.177e+00
#142  4075   1 | 1.01e+00 8.12e-05 +0.134  1.00 | 1.08e+00 4.70e-02 +0.014  1.00 | 4.6e+00 4.3e+00 2.191e+00
#143  1823   1 | 9.61e-01 5.39e-05 -0.566  1.00 | 9.60e-01 3.86e-02 +0.058  1.00 | 4.9e+00 3.9e+00 1.843e+00
#144  4415   1 | 1.34e+00 1.02e-04 -0.368  1.00 | 1.00e+00 3.60e-02 +0.086  1.00 | 4.4e+00 3.8e+00 2.805e+00
#145   600   1 | 1.08e+00 7.64e-05 -0.916  1.00 | 9.97e-01 4.55e-02 +0.002  1.00 | 3.8e+00 3.9e+00 2.157e+00
#146  1713   1 | 1.23e+00 4.72e-05 -0.205  1.00 | 9.89e-01 3.07e-02 +0.076  1.00 | 4.6e+00 3.6e+00 2.490e+00
#147  2256   1 | 8.91e-01 2.61e-05 -0.383  1.00 | 9.15e-01 2.57e-02 -0.041  1.00 | 4.3e+00 3.6e+00 1.634e+00
#148  1873   1 | 6.26e-01 4.97e-05 +0.388  1.00 | 1.03e+00 4.20e-02 +0.108  0.99 | 4.7e+00 4.1e+00 1.442e+00
#149  2159   1 | 1.10e+00 2.70e-05 -0.226  1.00 | 9.82e-01 3.73e-02 +0.118  0.99 | 4.6e+00 3.6e+00 2.175e+00
#150   892   1 | 8.21e-01 3.69e-05 -0.512  1.00 | 1.01e+00 2.18e-02 -0.049  1.00 | 4.3e+00 3.9e+00 1.704e+00
#151   114   1 | 9.98e-01 3.76e-05 -0.234  1.00 | 8.61e-01 3.59e-02 +0.011  1.00 | 4.5e+00 3.6e+00 1.738e+00
#152  2619   1 | 6.06e-01 1.86e-05 +0.326  1.00 | 1.08e+00 3.58e-02 -0.044  1.00 | 5.2e+00 4.0e+00 1.547e+00
#153  1570   1 | 1.00e+00 6.47e-06 -0.188  1.00 | 1.07e+00 3.83e-02 +0.150  0.99 | 4.8e+00 3.5e+00 2.147e+00
#154  2874   1 | 9.71e-01 1.27e-05 +0.151  1.00 | 1.02e+00 2.94e-02 -0.107  1.01 | 4.9e+00 3.7e+00 1.986e+00
#155   892   1 | 1.02e+00 3.27e-05 +0.244  1.00 | 9.92e-01 3.38e-02 -0.020  1.00 | 4.4e+00 4.0e+00 2.036e+00
#156  3858   1 | 5.80e-01 3.74e-06 +0.354  1.00 | 1.04e+00 4.68e-02 +0.047  1.00 | 5.5e+00 4.2e+00 1.420e+00
#157  1999   1 | 1.29e+00 1.77e-05 +0.821  1.00 | 1.08e+00 2.93e-02 +0.072  1.00 | 4.7e+00 3.8e+00 2.824e+00
#158  2134   1 | 1.22e+00 3.48e-05 +0.079  1.00 | 1.10e+00 4.40e-02 -0.041  1.00 | 4.7e+00 3.9e+00 2.722e+00
#159  4231   1 | 1.14e+00 2.05e-05 -0.533  1.00 | 9.88e-01 4.17e-02 +0.241  0.98 | 4.6e+00 4.1e+00 2.254e+00
#160  2142   1 | 4.95e-01 2.03e-05 +0.029  1.00 | 1.12e+00 3.19e-02 +0.171  0.99 | 5.1e+00 3.9e+00 1.482e+00
#161  3518   1 | 9.91e-01 4.81e-06 +0.153  1.00 | 1.04e+00 3.79e-02 +0.280  0.98 | 5.4e+00 3.6e+00 2.049e+00
#162  2912   1 | 7.46e-01 2.69e-05 +0.056  1.00 | 9.49e-01 6.18e-02 -0.005  1.00 | 4.3e+00 3.6e+00 1.462e+00
#163  2252   1 | 1.34e+00 5.71e-05 -0.264  1.00 | 1.00e+00 5.00e-02 +0.035  1.00 | 4.1e+00 4.0e+00 2.806e+00
#164  3246   1 | 9.58e-01 2.36e-05 +0.831  1.00 | 1.06e+00 5.77e-02 -0.054  1.01 | 5.1e+00 3.9e+00 2.059e+00
#165  3206   1 | 1.02e+00 1.68e-05 +0.130  1.00 | 1.08e+00 5.46e-02 +0.094  0.99 | 4.9e+00 3.8e+00 2.218e+00
#166  3233   1 | 9.11e-01 1.70e-05 -0.109  1.00 | 9.18e-01 5.66e-02 +0.089  0.99 | 4.9e+00 3.9e+00 1.665e+00
#167   729   1 | 1.08e+00 4.25e-05 -0.062  1.00 | 1.04e+00 9.24e-02 +0.105  0.99 | 3.8e+00 4.4e+00 2.242e+00
#168  4954   1 | 1.34e+00 2.25e-06 +0.162  1.00 | 1.01e+00 3.34e-02 +0.175  0.99 | 5.0e+00 4.1e+00 2.796e+00
#169  2241   1 | 1.08e+00 3.63e-05 -0.696  1.00 | 9.97e-01 5.06e-02 +0.141  0.99 | 4.4e+00 3.7e+00 2.138e+00
#170  1791   1 | 7.07e-01 1.21e-05 -0.297  1.00 | 1.09e+00 8.37e-02 +0.006  1.01 | 4.4e+00 3.6e+00 1.689e+00
#171   447   1 | 7.01e-01 3.95e-06 +0.305  1.00 | 1.00e+00 6.60e-02 +0.096  0.99 | 4.8e+00 3.7e+00 1.488e+00
#172   131   1 | 8.53e-01 5.54e-05 +0.563  1.00 | 9.10e-01 6.34e-02 -0.044  1.01 | 3.8e+00 3.4e+00 1.564e+00
#173  3937   1 | 8.78e-01 3.09e-05 +0.156  1.00 | 9.51e-01 9.46e-02 +0.177  0.97 | 4.5e+00 3.8e+00 1.653e+00
#174  4082   1 | 1.17e+00 1.70e-05 +0.583  1.00 | 9.11e-01 5.74e-02 -0.054  1.01 | 4.9e+00 3.9e+00 2.210e+00
#175  4586   1 | 1.01e+00 6.67e-06 +0.023  1.00 | 1.13e+00 4.67e-02 -0.104  1.01 | 5.6e+00 3.7e+00 2.323e+00
#176  2695   1 | 5.73e-01 9.08e-06 -0.362  1.00 | 9.77e-01 5.99e-02 +0.100  0.99 | 4.3e+00 3.6e+00 1.275e+00
#177  2244   1 | 1.66e+00 6.12e-05 +0.159  1.00 | 9.65e-01 1.21e-01 +0.181  0.97 | 3.9e+00 3.6e+00 3.645e+00
#178  4094   1 | 5.15e-01 2.85e-05 +0.301  1.00 | 9.97e-01 7.69e-02 +0.026  1.00 | 4.7e+00 3.7e+00 1.262e+00
#179  4664   1 | 1.32e+00 6.16e-06 +0.204  1.00 | 1.02e+00 7.99e-02 -0.049  1.01 | 5.3e+00 3.3e+00 2.792e+00
#180   841   1 | 1.07e+00 6.33e-05 -0.350  1.00 | 1.03e+00 9.61e-02 -0.299  1.06 | 3.9e+00 3.6e+00 2.271e+00
#181  1504   1 | 9.99e-01 1.98e-04 +0.339  1.00 | 9.45e-01 5.26e-02 -0.052  1.01 | 3.7e+00 3.6e+00 1.899e+00
#182  3311   1 | 4.76e-01 2.36e-05 -0.469  1.00 | 9.87e-01 7.00e-02 -0.114  1.02 | 4.1e+00 3.5e+00 1.222e+00
#183  1369   1 | 1.08e+00 6.33e-05 +0.000  1.00 | 9.68e-01 3.60e-02 +0.106  0.99 | 4.0e+00 4.1e+00 2.103e+00
#184  2952   1 | 1.13e+00 6.22e-05 -0.391  1.00 | 1.01e+00 3.30e-02 +0.142  0.99 | 4.3e+00 4.0e+00 2.272e+00
#185  1164   1 | 1.38e+00 5.89e-05 -0.003  1.00 | 1.03e+00 5.12e-02 +0.037  1.00 | 3.9e+00 3.9e+00 2.955e+00
#186   118   1 | 7.71e-01 7.20e-05 -0.461  1.00 | 9.59e-01 4.59e-02 +0.137  0.99 | 3.6e+00 4.4e+00 1.504e+00
#187  4923   1 | 5.70e-01 1.02e-05 +0.250  1.00 | 1.05e+00 3.83e-02 +0.041  1.00 | 5.0e+00 3.5e+00 1.431e+00
#188   694   1 | 1.23e+00 2.11e-04 -0.151  1.00 | 9.89e-01 3.00e-02 +0.071  1.00 | 3.7e+00 3.9e+00 2.496e+00
#189  2026   1 | 9.60e-01 1.87e-05 +0.163  1.00 | 1.07e+00 2.70e-02 +0.144  0.99 | 4.4e+00 3.9e+00 2.068e+00
#190  2617   1 | 1.10e+00 1.09e-04 +0.214  1.00 | 1.08e+00 5.19e-02 +0.125  0.99 | 4.1e+00 4.3e+00 2.361e+00
#191   128   1 | 1.11e+00 1.76e-04 -0.488  1.00 | 1.02e+00 3.75e-02 -0.006  1.00 | 3.5e+00 4.2e+00 2.268e+00
#192  4212   1 | 8.45e-01 7.74e-05 +0.019  1.00 | 9.42e-01 2.98e-02 +0.123  0.99 | 4.5e+00 3.9e+00 1.596e+00
#193  4770   1 | 7.23e-01 2.27e-05 -0.145  1.00 | 9.46e-01 1.93e-02 +0.112  1.00 | 4.8e+00 3.7e+00 1.415e+00
#194  2251   1 | 1.30e+00 1.90e-04 -0.063  1.00 | 1.09e+00 3.84e-02 -0.051  1.00 | 3.2e+00 4.1e+00 2.901e+00
#195  1028   1 | 8.89e-01 1.80e-04 +0.017  1.00 | 9.15e-01 4.53e-02 +0.117  0.99 | 3.8e+00 3.8e+00 1.619e+00
#196  3701   1 | 1.17e+00 2.82e-05 -0.419  1.00 | 1.17e+00 3.17e-02 +0.120  0.99 | 4.4e+00 4.1e+00 2.717e+00
#197  1529   1 | 1.15e+00 4.22e-05 -0.538  1.00 | 9.43e-01 2.80e-02 -0.015  1.00 | 3.8e+00 3.7e+00 2.204e+00
#198  4834   1 | 1.06e+00 2.29e-05 +0.427  1.00 | 9.70e-01 4.20e-02 +0.139  0.99 | 4.9e+00 3.7e+00 2.055e+00
#199  3798   1 | 1.12e+00 2.74e-05 -0.074  1.00 | 1.06e+00 3.75e-02 -0.019  1.00 | 5.1e+00 4.1e+00 2.385e+00
[best] step 200: trailing ratio_p=0.9978 (new best)
#200  4801   1 | 9.70e-01 1.35e-05 +0.347  1.00 | 1.03e+00 4.59e-02 +0.198  0.98 | 5.1e+00 4.1e+00 1.989e+00
#201   423   1 | 1.04e+00 6.42e-05 +0.074  1.00 | 1.02e+00 4.02e-02 -0.116  1.01 | 3.8e+00 4.4e+00 2.139e+00
#202  1573   1 | 8.27e-01 2.53e-05 -0.242  1.00 | 9.54e-01 5.94e-02 +0.042  1.00 | 4.5e+00 4.1e+00 1.591e+00
#203  4607   1 | 1.04e+00 7.13e-06 +0.185  1.00 | 8.36e-01 5.72e-02 -0.003  1.01 | 5.4e+00 4.2e+00 1.781e+00
#204  4319   1 | 1.30e+00 2.31e-05 -0.392  1.00 | 9.64e-01 3.20e-02 +0.264  0.98 | 4.2e+00 3.7e+00 2.616e+00
#205  4209   1 | 1.30e+00 2.33e-05 +0.146  1.00 | 1.12e+00 4.17e-02 +0.035  1.00 | 4.3e+00 4.2e+00 2.942e+00
#206  2481   1 | 4.49e-01 2.75e-05 -0.627  1.00 | 1.00e+00 6.16e-02 +0.078  0.99 | 4.4e+00 4.5e+00 1.199e+00
#207  1450   1 | 1.20e+00 9.28e-05 -0.300  1.00 | 1.05e+00 3.40e-02 +0.115  0.99 | 3.9e+00 3.8e+00 2.554e+00
#208  2637   1 | 9.65e-01 3.23e-05 +0.062  1.00 | 9.60e-01 3.22e-02 -0.031  1.00 | 4.2e+00 3.7e+00 1.856e+00
#209  4948   1 | 1.15e+00 1.22e-05 -0.002  1.00 | 1.13e+00 5.35e-02 +0.175  0.99 | 5.0e+00 4.2e+00 2.578e+00
#210  3780   1 | 1.29e+00 3.48e-05 -0.133  1.00 | 1.04e+00 6.53e-02 -0.041  1.01 | 5.1e+00 4.1e+00 2.747e+00
#211  3895   1 | 1.10e+00 2.99e-05 +0.370  1.00 | 1.05e+00 3.86e-02 +0.057  1.00 | 4.5e+00 3.7e+00 2.302e+00
#212  1047   1 | 1.09e+00 3.21e-05 +0.751  1.00 | 9.37e-01 3.15e-02 +0.158  0.99 | 4.0e+00 4.2e+00 2.053e+00
#213   236   1 | 1.11e+00 2.56e-05 -0.598  1.00 | 9.80e-01 3.42e-02 +0.029  1.00 | 3.4e+00 3.8e+00 2.201e+00
#214  3702   1 | 1.29e+00 5.79e-06 +0.532  1.00 | 9.27e-01 4.68e-02 +0.206  0.98 | 4.8e+00 3.8e+00 2.502e+00
#215   149   1 | 9.70e-01 3.17e-05 +0.012  1.00 | 1.06e+00 5.76e-02 +0.162  0.99 | 3.8e+00 3.9e+00 2.043e+00
#216  3068   1 | 5.61e-01 1.28e-05 -0.347  1.00 | 1.03e+00 5.22e-02 -0.011  1.00 | 4.5e+00 3.5e+00 1.377e+00
#217  3713   1 | 1.41e+00 4.48e-06 -0.092  1.00 | 1.01e+00 5.49e-02 +0.095  0.99 | 5.1e+00 3.8e+00 3.008e+00
#218  2006   1 | 1.14e+00 1.03e-05 +0.076  1.00 | 9.75e-01 4.05e-02 -0.113  1.01 | 4.5e+00 3.6e+00 2.259e+00
#219  1026   1 | 1.08e+00 1.22e-05 -0.468  1.00 | 9.93e-01 4.41e-02 -0.026  1.00 | 4.2e+00 3.7e+00 2.158e+00
#220  1807   1 | 6.58e-01 5.68e-05 -0.178  1.00 | 1.07e+00 6.49e-02 -0.088  1.01 | 3.9e+00 3.9e+00 1.594e+00
#221  4116   1 | 1.19e+00 6.21e-06 -0.472  1.00 | 9.58e-01 6.02e-02 -0.181  1.03 | 4.7e+00 4.1e+00 2.347e+00
#222  1775   1 | 7.29e-01 4.22e-05 -0.325  1.00 | 9.46e-01 4.83e-02 -0.085  1.01 | 3.8e+00 4.2e+00 1.437e+00
#223  4510   1 | 8.90e-01 7.15e-06 +0.445  1.00 | 9.15e-01 5.93e-02 +0.083  0.99 | 4.9e+00 3.6e+00 1.624e+00
#224  2340   1 | 9.16e-01 4.32e-06 -0.449  1.00 | 9.51e-01 8.40e-02 -0.021  1.01 | 4.4e+00 4.0e+00 1.754e+00
#225  2510   1 | 1.11e+00 1.57e-05 +0.691  1.00 | 1.13e+00 6.01e-02 +0.128  0.99 | 4.5e+00 4.3e+00 2.511e+00
#226  4192   1 | 5.71e-01 1.35e-05 +0.219  1.00 | 9.77e-01 6.02e-02 +0.280  0.97 | 5.2e+00 4.0e+00 1.251e+00
#227  3981   1 | 1.06e+00 8.50e-06 +0.099  1.00 | 9.82e-01 5.14e-02 +0.264  0.98 | 5.1e+00 4.0e+00 2.074e+00
#228  4687   1 | 1.08e+00 3.61e-06 +0.377  1.00 | 9.37e-01 4.08e-02 +0.001  1.00 | 5.5e+00 3.5e+00 2.040e+00
#229  1118   1 | 8.53e-01 1.36e-05 -0.612  1.00 | 9.10e-01 5.15e-02 -0.136  1.02 | 4.8e+00 3.7e+00 1.571e+00
#230  3911   1 | 1.23e+00 1.66e-05 +0.212  1.00 | 1.10e+00 3.30e-02 +0.306  0.98 | 5.0e+00 3.6e+00 2.715e+00
#231   578   1 | 1.29e+00 2.69e-05 -0.334  1.00 | 9.64e-01 8.32e-02 +0.190  0.97 | 4.1e+00 3.8e+00 2.583e+00
#232  2091   1 | 6.27e-01 7.15e-06 -0.634  1.00 | 1.03e+00 4.19e-02 +0.021  1.00 | 5.0e+00 3.8e+00 1.451e+00
#233  3900   1 | 1.20e+00 2.92e-06 +0.190  1.00 | 9.89e-01 4.87e-02 +0.003  1.00 | 5.5e+00 3.8e+00 2.426e+00
#234  4673   1 | 1.32e+00 2.77e-06 +0.240  1.00 | 1.02e+00 8.08e-02 +0.165  0.98 | 5.6e+00 4.1e+00 2.756e+00
#235  2437   1 | 1.14e+00 1.73e-05 -0.408  1.00 | 9.88e-01 8.66e-02 -0.052  1.02 | 4.8e+00 3.7e+00 2.288e+00
#236  1108   1 | 1.08e+00 8.39e-06 -0.097  1.00 | 1.04e+00 6.15e-02 -0.107  1.02 | 5.1e+00 3.8e+00 2.270e+00
#237   412   1 | 1.12e+00 2.09e-05 +0.180  1.00 | 1.01e+00 6.34e-02 -0.021  1.01 | 4.3e+00 3.9e+00 2.279e+00
#238   787   1 | 1.17e+00 1.25e-05 -0.262  1.00 | 1.17e+00 5.68e-02 -0.059  1.01 | 5.2e+00 3.3e+00 2.746e+00
#239  1239   1 | 1.11e+00 2.90e-06 -0.756  1.00 | 9.80e-01 5.57e-02 +0.047  1.00 | 5.7e+00 3.6e+00 2.197e+00
#240   125   1 | 1.31e+00 2.65e-05 +0.013  1.00 | 1.01e+00 6.83e-02 -0.279  1.04 | 4.4e+00 4.0e+00 2.789e+00
#241  3468   1 | 6.59e-01 6.07e-07 +0.313  1.00 | 1.07e+00 7.84e-02 -0.037  1.01 | 6.0e+00 4.4e+00 1.590e+00
#242  2070   1 | 1.02e+00 2.53e-06 +0.711  1.00 | 1.13e+00 5.26e-02 +0.050  1.00 | 5.5e+00 3.8e+00 2.319e+00
#243   465   1 | 9.07e-01 3.89e-06 -0.005  1.00 | 9.18e-01 4.14e-02 -0.097  1.01 | 5.1e+00 3.5e+00 1.674e+00
#244   342   1 | 1.14e+00 1.79e-05 +0.436  1.00 | 9.75e-01 5.40e-02 +0.046  1.00 | 5.2e+00 4.0e+00 2.257e+00
#245  1628   1 | 9.64e-01 4.95e-06 -0.012  1.00 | 1.03e+00 2.77e-02 -0.008  1.00 | 5.4e+00 3.6e+00 1.995e+00
#246  3880   1 | 1.00e+00 2.98e-06 -0.213  1.00 | 8.61e-01 3.71e-02 +0.071  1.00 | 6.2e+00 4.3e+00 1.744e+00
#247  1892   1 | 1.00e+00 1.19e-06 -0.473  1.00 | 9.45e-01 4.06e-02 +0.010  1.00 | 5.5e+00 3.5e+00 1.894e+00
#248   427   1 | 1.04e+00 7.70e-06 -0.315  1.00 | 1.02e+00 2.95e-02 -0.072  1.01 | 4.8e+00 3.6e+00 2.134e+00
#249   602   1 | 1.08e+00 1.91e-05 +0.922  1.00 | 9.97e-01 3.74e-02 +0.174  0.99 | 5.1e+00 4.6e+00 2.143e+00
#250  2793   1 | 7.80e-01 6.31e-06 -0.042  1.00 | 9.59e-01 4.71e-02 +0.074  1.00 | 5.6e+00 4.0e+00 1.524e+00
#251  4118   1 | 1.19e+00 4.27e-06 -0.567  1.00 | 9.58e-01 3.05e-02 -0.041  1.00 | 6.0e+00 3.6e+00 2.326e+00
#252  3779   1 | 1.32e+00 9.74e-07 +0.276  1.00 | 1.00e+00 3.32e-02 +0.142  0.99 | 6.8e+00 4.2e+00 2.743e+00
#253  4209   1 | 1.08e+00 3.54e-06 -0.288  1.00 | 9.93e-01 3.31e-02 +0.090  1.00 | 5.8e+00 4.0e+00 2.141e+00
#254  3045   1 | 1.08e+00 8.07e-07 +0.584  1.00 | 9.70e-01 5.01e-02 +0.113  0.99 | 6.2e+00 4.1e+00 2.100e+00
#255   690   1 | 4.46e-01 1.10e-05 -0.510  1.00 | 1.00e+00 2.83e-02 +0.234  0.99 | 5.3e+00 4.2e+00 1.190e+00
#256  1281   1 | 1.04e+00 2.57e-07 -0.221  1.00 | 8.36e-01 3.51e-02 -0.050  1.01 | 6.4e+00 4.2e+00 1.788e+00
#257  3008   1 | 9.78e-01 2.42e-06 -0.517  1.00 | 1.06e+00 2.33e-02 +0.100  1.00 | 6.1e+00 3.9e+00 2.072e+00
#258   825   1 | 9.60e-01 5.25e-06 -0.611  1.00 | 9.60e-01 5.76e-02 -0.030  1.01 | 6.1e+00 4.2e+00 1.850e+00
#259  3125   1 | 1.30e+00 1.53e-07 -0.071  1.00 | 1.09e+00 3.23e-02 +0.089  1.00 | 6.7e+00 3.6e+00 2.873e+00
#260  4052   1 | 1.40e+00 3.53e-07 -0.349  1.00 | 1.03e+00 5.34e-02 +0.095  0.99 | 7.1e+00 3.6e+00 2.998e+00
#261  2744   1 | 8.29e-01 2.51e-07 +0.295  1.00 | 1.01e+00 4.64e-02 +0.043  1.00 | 7.3e+00 4.0e+00 1.712e+00
#262  1465   1 | 1.11e+00 1.42e-06 -0.484  1.00 | 1.02e+00 6.19e-02 +0.008  1.00 | 6.1e+00 4.3e+00 2.264e+00
#263   960   1 | 1.13e+00 6.87e-06 -0.576  1.00 | 1.05e+00 4.34e-02 +0.105  0.99 | 5.5e+00 4.0e+00 2.384e+00
#264  3087   1 | 4.97e-01 6.80e-07 +0.276  1.00 | 1.12e+00 5.12e-02 +0.137  0.99 | 7.7e+00 4.4e+00 1.483e+00
#265  4087   1 | 8.35e-01 1.71e-07 -0.177  1.00 | 9.54e-01 4.97e-02 +0.107  0.99 | 8.3e+00 3.8e+00 1.600e+00
#266  1468   1 | 9.71e-01 3.31e-06 +0.368  1.00 | 1.02e+00 3.25e-02 +0.093  1.00 | 6.1e+00 4.0e+00 1.974e+00
#267  4462   1 | 1.03e+00 1.36e-07 +0.101  1.00 | 9.92e-01 5.49e-02 +0.092  0.99 | 7.9e+00 3.9e+00 2.039e+00
#268  4356   1 | 6.00e-01 2.06e-07 -0.487  1.00 | 1.08e+00 6.00e-02 +0.026  1.00 | 7.5e+00 3.8e+00 1.535e+00
#269  2214   1 | 8.28e-01 1.99e-06 +0.144  1.00 | 9.42e-01 4.70e-02 -0.041  1.01 | 6.5e+00 4.0e+00 1.578e+00
#270  3727   1 | 5.23e-01 5.34e-08 +0.404  1.00 | 9.97e-01 7.64e-02 +0.028  1.00 | 8.8e+00 4.3e+00 1.269e+00
#271  1666   1 | 1.29e+00 3.00e-06 +0.316  1.00 | 9.27e-01 7.69e-02 -0.101  1.02 | 6.4e+00 3.9e+00 2.556e+00
#272  3758   1 | 1.14e+00 6.02e-08 -0.114  1.00 | 9.43e-01 3.11e-02 +0.201  0.99 | 9.0e+00 3.7e+00 2.177e+00
#273  2054   1 | 1.40e+00 3.37e-07 -0.066  1.00 | 1.01e+00 6.15e-02 +0.062  1.00 | 7.5e+00 4.1e+00 2.989e+00
#274   627   1 | 1.05e+00 2.30e-06 -0.052  1.00 | 1.08e+00 5.34e-02 +0.075  1.00 | 6.3e+00 3.6e+00 2.270e+00
#275  3221   1 | 1.30e+00 1.79e-07 -0.293  1.00 | 1.12e+00 7.97e-02 +0.060  1.00 | 7.4e+00 4.5e+00 2.954e+00
#276  4228   1 | 9.96e-01 9.03e-07 -0.682  1.00 | 1.07e+00 5.95e-02 +0.034  1.00 | 7.2e+00 4.1e+00 2.146e+00
#277  1536   1 | 1.07e+00 6.33e-06 -0.564  1.00 | 1.03e+00 5.53e-02 -0.022  1.01 | 5.9e+00 3.8e+00 2.205e+00
#278  3157   1 | 1.28e+00 2.48e-08 -0.849  1.00 | 1.08e+00 3.96e-02 -0.026  1.00 | 8.3e+00 3.5e+00 2.800e+00
#279  3999   1 | 9.84e-01 4.06e-07 +0.320  1.00 | 1.07e+00 5.42e-02 +0.198  0.98 | 8.1e+00 4.3e+00 2.103e+00
#280  3746   1 | 9.96e-01 8.53e-08 +0.241  1.00 | 1.04e+00 3.52e-02 +0.105  0.99 | 8.8e+00 3.4e+00 2.073e+00
#281  2546   1 | 5.82e-01 2.26e-07 +0.209  1.00 | 1.05e+00 6.20e-02 +0.080  0.99 | 7.5e+00 4.5e+00 1.440e+00
#282  4292   1 | 7.39e-01 1.83e-06 +0.424  1.00 | 9.49e-01 3.57e-02 +0.174  0.99 | 6.5e+00 3.4e+00 1.437e+00
#283  2248   1 | 1.20e+00 8.53e-06 -0.319  1.00 | 9.11e-01 2.92e-02 +0.114  0.99 | 5.5e+00 4.4e+00 2.272e+00
#284  3118   1 | 1.66e+00 5.82e-07 -0.456  1.00 | 9.65e-01 2.81e-02 -0.145  1.01 | 7.2e+00 3.8e+00 3.697e+00
#285   760   1 | 1.11e+00 3.58e-06 +0.221  1.00 | 1.06e+00 6.39e-02 +0.057  1.00 | 6.3e+00 3.6e+00 2.344e+00
#286  3007   1 | 1.10e+00 8.08e-06 +0.488  1.00 | 1.08e+00 7.92e-02 +0.052  1.00 | 5.8e+00 3.7e+00 2.372e+00
#287  3346   1 | 4.76e-01 6.49e-07 +0.026  1.00 | 9.87e-01 5.91e-02 +0.137  0.99 | 7.2e+00 3.8e+00 1.189e+00
#288  2945   1 | 1.19e+00 2.36e-06 -0.309  1.00 | 1.05e+00 8.06e-02 +0.054  1.00 | 6.3e+00 3.9e+00 2.526e+00
#289  2317   1 | 5.58e-01 1.70e-06 +0.297  1.00 | 1.04e+00 1.05e-01 +0.186  0.97 | 5.9e+00 4.4e+00 1.368e+00
#290  3286   1 | 5.66e-01 1.69e-06 +0.811  1.00 | 1.03e+00 5.82e-02 +0.044  1.00 | 6.8e+00 4.2e+00 1.377e+00
#291  4221   1 | 7.03e-01 4.09e-07 +0.333  1.00 | 1.00e+00 7.08e-02 +0.081  0.99 | 7.0e+00 4.2e+00 1.493e+00
#292  2593   1 | 9.61e-01 8.52e-07 -0.411  1.00 | 1.06e+00 8.46e-02 +0.113  0.99 | 7.0e+00 3.6e+00 2.043e+00
#293   859   1 | 1.31e+00 5.35e-06 +0.289  1.00 | 1.04e+00 7.14e-02 +0.116  0.99 | 6.1e+00 4.3e+00 2.773e+00
#294  1962   1 | 7.07e-01 1.01e-06 +0.262  1.00 | 1.09e+00 6.64e-02 +0.070  1.00 | 6.9e+00 3.6e+00 1.678e+00
#295  4437   1 | 1.09e+00 1.92e-06 +0.075  1.00 | 9.68e-01 6.95e-02 +0.166  0.98 | 6.9e+00 4.0e+00 2.103e+00
#296   509   1 | 1.10e+00 3.65e-06 -0.440  1.00 | 1.08e+00 1.09e-01 +0.079  0.99 | 7.0e+00 3.8e+00 2.366e+00
#297  4582   1 | 1.15e+00 1.66e-06 +0.410  1.00 | 9.88e-01 1.18e-01 +0.046  1.00 | 7.4e+00 3.8e+00 2.297e+00
#298  2701   1 | 1.06e+00 2.42e-06 +0.277  1.00 | 1.03e+00 9.81e-02 +0.071  1.00 | 7.3e+00 4.3e+00 2.181e+00
#299  1051   1 | 1.31e+00 3.19e-06 +0.147  1.00 | 1.01e+00 8.57e-02 -0.006  1.01 | 6.5e+00 3.9e+00 2.752e+00
[best] step 300: trailing ratio_p=0.9978 (new best)
#300  2979   1 | 9.60e-01 5.14e-06 +0.400  1.00 | 1.06e+00 9.35e-02 +0.011  1.01 | 6.2e+00 3.7e+00 2.059e+00
#301  2380   1 | 5.59e-01 2.11e-06 +0.290  1.00 | 1.04e+00 1.62e-01 +0.053  1.01 | 7.4e+00 4.0e+00 1.407e+00
#302  4944   1 | 5.70e-01 6.91e-07 -0.026  1.00 | 1.05e+00 1.09e-01 +0.151  0.98 | 7.5e+00 4.0e+00 1.410e+00
#303  2403   1 | 1.20e+00 4.11e-07 -0.330  1.00 | 1.05e+00 1.56e-01 -0.025  1.03 | 7.2e+00 3.9e+00 2.580e+00
#304   848   1 | 8.26e-01 3.33e-06 +0.127  1.00 | 9.54e-01 6.57e-02 +0.165  0.98 | 6.5e+00 3.7e+00 1.575e+00
#305  3075   1 | 1.23e+00 6.62e-07 -0.098  1.00 | 1.10e+00 7.84e-02 +0.121  0.99 | 7.3e+00 4.0e+00 2.706e+00
#306  2545   1 | 1.08e+00 6.48e-07 -0.363  1.00 | 9.70e-01 1.09e-01 -0.040  1.02 | 7.9e+00 4.0e+00 2.119e+00
#307  1217   1 | 9.23e-01 2.34e-07 -0.076  1.00 | 9.51e-01 1.05e-01 +0.055  1.00 | 7.3e+00 4.2e+00 1.755e+00
#308  4367   1 | 1.11e+00 1.30e-06 +0.347  1.00 | 1.13e+00 1.01e-01 +0.143  0.98 | 7.3e+00 3.8e+00 2.493e+00
#309  4475   1 | 1.32e+00 7.81e-08 -0.357  1.00 | 1.12e+00 8.68e-02 +0.170  0.98 | 9.0e+00 3.9e+00 2.972e+00
#310  4536   1 | 1.11e+00 1.98e-07 +0.095  1.00 | 1.02e+00 9.21e-02 +0.177  0.98 | 8.2e+00 4.2e+00 2.251e+00
#311  1920   1 | 1.23e+00 3.79e-07 -0.012  1.00 | 9.89e-01 7.03e-02 -0.039  1.01 | 7.8e+00 4.3e+00 2.502e+00
#312  4318   1 | 7.10e-01 9.51e-08 -0.344  1.00 | 1.09e+00 6.18e-02 +0.104  0.99 | 8.1e+00 3.6e+00 1.677e+00
#313  4619   1 | 9.91e-01 3.03e-08 -0.051  1.00 | 9.45e-01 6.98e-02 +0.015  1.00 | 9.6e+00 3.9e+00 1.880e+00
#314  2655   1 | 1.12e+00 9.71e-08 -0.405  1.00 | 1.01e+00 9.58e-02 +0.017  1.01 | 9.0e+00 4.1e+00 2.283e+00
#315    23   1 | 1.32e+00 1.61e-07 +0.043  1.00 | 1.02e+00 7.31e-02 -0.214  1.04 | 7.3e+00 3.8e+00 2.815e+00
#316   907   1 | 1.08e+00 4.97e-07 +0.002  1.00 | 9.68e-01 6.46e-02 +0.022  1.00 | 7.6e+00 3.8e+00 2.112e+00
#317  3105   1 | 1.11e+00 4.31e-08 +0.761  1.00 | 1.06e+00 5.69e-02 -0.062  1.01 | 9.2e+00 4.1e+00 2.372e+00
#318  4302   1 | 1.10e+00 1.86e-07 -0.485  1.00 | 9.37e-01 6.63e-02 +0.064  1.00 | 7.8e+00 3.9e+00 2.073e+00
#319  2395   1 | 1.20e+00 6.50e-08 +0.609  1.00 | 9.11e-01 5.98e-02 +0.053  1.00 | 8.9e+00 4.0e+00 2.271e+00
#320  1443   1 | 9.64e-01 1.55e-07 -0.368  1.00 | 1.03e+00 4.11e-02 -0.014  1.00 | 7.3e+00 4.3e+00 1.998e+00
#321  4891   1 | 6.93e-01 3.44e-08 +0.090  1.00 | 1.00e+00 7.78e-02 +0.170  0.98 | 9.2e+00 4.1e+00 1.465e+00
#322   324   1 | 1.29e+00 2.18e-07 +0.408  1.00 | 9.64e-01 3.85e-02 +0.007  1.00 | 8.0e+00 3.8e+00 2.608e+00
#323  1922   1 | 1.08e+00 6.17e-07 -0.377  1.00 | 9.93e-01 4.09e-02 -0.049  1.01 | 7.9e+00 3.8e+00 2.156e+00
#324  3003   1 | 1.30e+00 2.64e-07 -0.084  1.00 | 1.09e+00 5.55e-02 -0.030  1.01 | 8.0e+00 4.0e+00 2.889e+00
#325   790   1 | 6.23e-01 1.74e-07 +0.766  1.00 | 1.03e+00 3.03e-02 -0.054  1.00 | 7.8e+00 3.9e+00 1.451e+00
#326  2624   1 | 8.31e-01 2.20e-07 -0.152  1.00 | 9.42e-01 3.04e-02 -0.017  1.00 | 8.4e+00 3.8e+00 1.580e+00
#327  3990   1 | 9.84e-01 8.12e-08 -0.601  1.00 | 9.60e-01 3.33e-02 -0.015  1.00 | 9.1e+00 3.7e+00 1.892e+00
#328  1829   1 | 1.04e+00 1.24e-07 +0.703  1.00 | 8.36e-01 2.72e-02 -0.063  1.01 | 8.5e+00 4.1e+00 1.789e+00
#329  2116   1 | 1.08e+00 1.08e-07 -0.013  1.00 | 9.97e-01 2.60e-02 -0.027  1.00 | 8.8e+00 3.6e+00 2.152e+00
#330  3274   1 | 1.06e+00 3.97e-08 +0.122  1.00 | 1.04e+00 1.68e-02 +0.051  1.00 | 9.7e+00 3.7e+00 2.198e+00
#331   373   1 | 7.38e-01 5.52e-07 -0.679  1.00 | 9.49e-01 3.73e-02 +0.090  0.99 | 7.6e+00 3.6e+00 1.440e+00
#332  3298   1 | 1.02e+00 6.04e-08 +0.176  1.00 | 9.92e-01 2.62e-02 -0.078  1.00 | 9.8e+00 4.1e+00 2.026e+00
#333  2010   1 | 1.17e+00 3.44e-07 +0.447  1.00 | 1.17e+00 1.64e-02 +0.133  1.00 | 8.6e+00 3.9e+00 2.728e+00
#334  2916   1 | 5.75e-01 4.45e-07 -0.371  1.00 | 9.77e-01 1.48e-02 +0.009  1.00 | 8.4e+00 3.7e+00 1.285e+00
#335  4911   1 | 1.14e+00 4.40e-08 +0.415  1.00 | 9.82e-01 2.51e-02 +0.202  0.99 | 8.8e+00 3.7e+00 2.244e+00
#336  3600   1 | 6.59e-01 6.31e-09 +0.146  1.00 | 1.07e+00 1.93e-02 +0.045  1.00 | 9.9e+00 3.9e+00 1.576e+00
#337  2969   1 | 9.94e-01 1.14e-07 +0.839  1.00 | 1.07e+00 2.55e-02 -0.031  1.00 | 8.7e+00 4.0e+00 2.145e+00
#338  3237   1 | 6.19e-01 8.91e-08 +0.148  1.00 | 1.08e+00 1.98e-02 -0.029  1.00 | 9.2e+00 4.0e+00 1.560e+00
#339  3833   1 | 1.02e+00 2.95e-09 +0.233  1.00 | 1.02e+00 1.61e-02 +0.112  1.00 | 1.0e+01 3.5e+00 2.080e+00
#340  2479   1 | 8.93e-01 2.14e-07 -0.450  1.00 | 9.15e-01 2.26e-02 -0.033  1.00 | 8.5e+00 3.8e+00 1.636e+00
#341    46   1 | 5.45e-01 5.24e-07 +0.816  1.00 | 1.03e+00 1.67e-02 +0.025  1.00 | 8.0e+00 4.0e+00 1.355e+00
#342  3669   1 | 1.00e+00 8.67e-09 +0.489  1.00 | 8.61e-01 2.17e-02 +0.084  1.00 | 1.1e+01 4.3e+00 1.748e+00
#343  2434   1 | 8.26e-01 8.58e-08 -0.490  1.00 | 1.01e+00 2.29e-02 +0.092  1.00 | 8.8e+00 3.8e+00 1.705e+00
#344  3872   1 | 1.32e+00 7.38e-09 -0.361  1.00 | 1.00e+00 1.45e-02 -0.013  1.00 | 1.0e+01 3.9e+00 2.751e+00
#345  1483   1 | 1.65e+00 2.48e-06 +0.082  1.00 | 9.65e-01 2.74e-02 -0.104  1.01 | 6.4e+00 4.0e+00 3.674e+00
#346  2255   1 | 9.77e-01 8.90e-08 -0.003  1.00 | 1.04e+00 1.71e-02 -0.099  1.00 | 8.1e+00 3.7e+00 2.046e+00
#347  1671   1 | 1.11e+00 2.17e-06 -0.597  1.00 | 9.80e-01 2.51e-02 +0.095  1.00 | 6.5e+00 3.9e+00 2.192e+00
#348  4324   1 | 7.28e-01 1.29e-07 +0.291  1.00 | 9.46e-01 1.91e-02 +0.149  0.99 | 8.9e+00 3.7e+00 1.419e+00
#349  1119   1 | 1.31e+00 3.12e-07 -0.306  1.00 | 1.04e+00 1.67e-02 +0.060  1.00 | 7.7e+00 3.6e+00 2.782e+00
#350   464   1 | 9.69e-01 1.61e-06 +0.512  1.00 | 1.06e+00 1.92e-02 +0.106  1.00 | 7.4e+00 3.9e+00 2.055e+00
#351  3494   1 | 1.18e+00 1.56e-07 +0.129  1.00 | 9.58e-01 3.18e-02 +0.012  1.00 | 9.1e+00 4.5e+00 2.307e+00
#352  1805   1 | 9.07e-01 4.73e-07 -0.179  1.00 | 9.18e-01 1.88e-02 +0.056  1.00 | 7.5e+00 3.9e+00 1.664e+00
#353  1680   1 | 1.05e+00 1.16e-06 -0.033  1.00 | 1.08e+00 1.74e-02 -0.081  1.00 | 7.4e+00 3.6e+00 2.274e+00
#354  2141   1 | 4.71e-01 1.21e-07 -0.291  1.00 | 9.87e-01 1.95e-02 +0.190  0.99 | 9.2e+00 4.4e+00 1.190e+00
#355  4449   1 | 9.79e-01 7.13e-08 +0.185  1.00 | 1.02e+00 1.32e-02 +0.148  1.00 | 8.3e+00 3.8e+00 1.991e+00
#356  2226   1 | 5.14e-01 2.39e-06 +0.307  1.00 | 9.97e-01 2.08e-02 -0.112  1.01 | 7.1e+00 4.3e+00 1.263e+00
#357   401   1 | 9.57e-01 1.52e-06 +0.263  1.00 | 1.07e+00 1.32e-02 -0.010  1.00 | 6.7e+00 3.6e+00 2.071e+00
#358   217   1 | 1.13e+00 7.28e-07 +0.586  1.00 | 1.05e+00 1.34e-02 +0.107  1.00 | 6.6e+00 3.7e+00 2.390e+00
#359  1878   1 | 1.29e+00 2.78e-07 +0.050  1.00 | 9.27e-01 1.75e-02 +0.055  1.00 | 7.3e+00 4.0e+00 2.534e+00
#360  3430   1 | 1.41e+00 1.24e-07 -0.051  1.00 | 1.01e+00 2.08e-02 -0.114  1.01 | 9.7e+00 4.1e+00 3.013e+00
#361  4804   1 | 1.00e+00 9.82e-08 -0.523  1.00 | 1.13e+00 2.40e-02 +0.129  0.99 | 9.0e+00 4.3e+00 2.285e+00
#362  2506   1 | 1.38e+00 1.61e-07 -0.483  1.00 | 1.03e+00 2.57e-02 -0.008  1.00 | 9.1e+00 4.0e+00 2.968e+00
#363  1848   1 | 7.73e-01 1.53e-07 +0.264  1.00 | 9.59e-01 2.17e-02 -0.040  1.00 | 8.0e+00 4.2e+00 1.519e+00
#364  4572   1 | 1.15e+00 1.31e-07 -0.355  1.00 | 9.75e-01 1.82e-02 +0.096  1.00 | 8.6e+00 3.9e+00 2.266e+00
#365  3944   1 | 8.85e-01 2.28e-08 +0.383  1.00 | 9.10e-01 2.37e-02 -0.025  1.00 | 9.0e+00 4.0e+00 1.612e+00
#366  1499   1 | 4.47e-01 1.65e-06 -0.519  1.00 | 1.00e+00 1.97e-02 +0.204  0.99 | 6.4e+00 3.8e+00 1.195e+00
#367  1584   1 | 1.29e+00 6.78e-07 -0.293  1.00 | 1.08e+00 1.70e-02 -0.140  1.00 | 7.9e+00 3.6e+00 2.837e+00
#368  1997   1 | 4.95e-01 1.38e-06 +0.356  1.00 | 1.12e+00 1.80e-02 -0.100  1.00 | 7.0e+00 3.8e+00 1.497e+00
#369  1731   1 | 1.15e+00 1.66e-06 -0.701  1.00 | 9.43e-01 2.88e-02 +0.154  0.99 | 7.4e+00 4.2e+00 2.194e+00
#370  4657   1 | 9.46e-01 2.24e-08 -0.137  1.00 | 1.07e+00 1.16e-02 +0.188  1.00 | 9.6e+00 3.4e+00 2.045e+00
#371   124   1 | 9.72e-01 4.07e-06 -0.317  1.00 | 1.02e+00 2.40e-02 -0.186  1.01 | 5.5e+00 3.9e+00 1.991e+00
#372  2765   1 | 1.19e+00 1.86e-08 +0.423  1.00 | 1.05e+00 1.71e-02 -0.005  1.00 | 9.0e+00 4.3e+00 2.536e+00
#373  2881   1 | 1.28e+00 2.12e-07 -0.394  1.00 | 1.08e+00 2.10e-02 +0.087  1.00 | 8.5e+00 4.0e+00 2.804e+00
#374  2699   1 | 5.16e-01 9.48e-08 +0.236  1.00 | 9.97e-01 2.67e-02 -0.152  1.01 | 9.2e+00 4.0e+00 1.269e+00
#375  3373   1 | 9.73e-01 1.04e-07 +0.398  1.00 | 9.60e-01 1.53e-02 +0.034  1.00 | 9.2e+00 4.2e+00 1.868e+00
#376  2233   1 | 1.04e+00 9.04e-07 -0.105  1.00 | 1.08e+00 1.57e-02 +0.028  1.00 | 6.6e+00 3.9e+00 2.261e+00
#377  3769   1 | 1.28e+00 6.97e-08 +0.200  1.00 | 1.01e+00 2.30e-02 +0.180  0.99 | 9.4e+00 4.4e+00 2.647e+00
#378  2811   1 | 6.09e-01 1.00e-07 -0.268  1.00 | 1.08e+00 1.77e-02 +0.064  1.00 | 8.1e+00 3.8e+00 1.544e+00
#379   410   1 | 4.94e-01 2.77e-05 +0.421  1.00 | 1.12e+00 1.49e-02 +0.090  1.00 | 5.0e+00 3.9e+00 1.490e+00
#380  1406   1 | 1.21e+00 1.00e-06 -0.243  1.00 | 9.11e-01 1.93e-02 +0.103  1.00 | 7.1e+00 3.8e+00 2.284e+00
#381   233   1 | 7.38e-01 2.52e-05 +0.673  1.00 | 9.49e-01 1.83e-02 +0.138  1.00 | 4.9e+00 3.9e+00 1.441e+00
#382   817   1 | 1.02e+00 9.64e-07 -0.618  1.00 | 1.13e+00 2.24e-02 +0.035  1.00 | 6.5e+00 4.0e+00 2.317e+00
#383  4526   1 | 1.32e+00 2.10e-06 +0.274  1.00 | 1.12e+00 2.13e-02 +0.169  0.99 | 7.5e+00 4.0e+00 3.001e+00
#384   719   1 | 5.53e-01 4.95e-06 +0.358  1.00 | 1.04e+00 1.91e-02 -0.050  1.00 | 6.1e+00 3.8e+00 1.394e+00
#385  3311   1 | 7.12e-01 6.50e-07 +0.230  1.00 | 1.00e+00 3.26e-02 +0.081  1.00 | 7.6e+00 4.2e+00 1.507e+00
#386  4643   1 | 1.35e+00 1.44e-07 +0.256  1.00 | 1.00e+00 2.01e-02 +0.279  0.99 | 9.8e+00 3.7e+00 2.829e+00
#387  4057   1 | 1.40e+00 3.24e-07 +0.710  1.00 | 1.03e+00 2.39e-02 +0.151  0.99 | 7.1e+00 3.8e+00 2.998e+00
#388  2272   1 | 1.17e+00 2.98e-06 +0.091  1.00 | 1.17e+00 3.10e-02 +0.095  1.00 | 5.7e+00 4.4e+00 2.726e+00
#389  1081   1 | 1.30e+00 7.47e-06 -0.135  1.00 | 9.27e-01 2.89e-02 +0.139  0.99 | 5.9e+00 3.9e+00 2.531e+00
#390  2831   1 | 1.05e+00 1.31e-06 +0.059  1.00 | 8.36e-01 2.25e-02 -0.060  1.00 | 7.4e+00 3.2e+00 1.797e+00
#391  1227   1 | 1.08e+00 1.88e-05 -0.009  1.00 | 9.68e-01 3.60e-02 +0.078  1.00 | 6.3e+00 3.9e+00 2.105e+00
#392  3047   1 | 9.84e-01 4.36e-07 -0.008  1.00 | 1.04e+00 3.44e-02 -0.234  1.02 | 8.0e+00 3.8e+00 2.073e+00
#393  3730   1 | 1.14e+00 4.75e-07 -0.694  1.00 | 9.43e-01 3.22e-02 +0.163  0.99 | 9.1e+00 3.8e+00 2.179e+00
#394  4618   1 | 4.67e-01 2.29e-07 +0.307  1.00 | 9.87e-01 2.79e-02 +0.217  0.99 | 9.7e+00 3.7e+00 1.182e+00
#395  4293   1 | 1.10e+00 1.42e-05 +0.179  1.00 | 9.80e-01 4.53e-02 +0.227  0.98 | 6.4e+00 4.6e+00 2.156e+00
#396  1234   1 | 1.09e+00 3.98e-06 -0.744  1.00 | 9.37e-01 3.78e-02 +0.042  1.00 | 6.8e+00 3.7e+00 2.060e+00
#397  3818   1 | 1.02e+00 2.51e-07 -0.456  1.00 | 9.45e-01 3.79e-02 +0.062  1.00 | 9.2e+00 4.4e+00 1.938e+00
#398   129   1 | 1.40e+00 3.19e-05 +0.068  1.00 | 1.01e+00 4.64e-02 -0.065  1.01 | 4.6e+00 4.0e+00 3.000e+00
#399  3627   1 | 1.08e+00 3.16e-09 +0.499  1.00 | 1.02e+00 3.87e-02 +0.147  0.99 | 9.9e+00 3.9e+00 2.201e+00
#400  3084   1 | 1.13e+00 1.18e-07 +0.450  1.00 | 9.75e-01 5.76e-02 +0.028  1.00 | 9.1e+00 4.2e+00 2.217e+00
#401  2779   1 | 1.08e+00 1.49e-06 -0.578  1.00 | 9.70e-01 6.34e-02 -0.062  1.01 | 8.1e+00 4.3e+00 2.114e+00
#402  4325   1 | 5.77e-01 2.60e-07 +0.044  1.00 | 1.05e+00 5.69e-02 +0.146  0.99 | 8.1e+00 4.7e+00 1.427e+00
#403  3296   1 | 1.08e+00 5.05e-07 +0.326  1.00 | 9.82e-01 5.78e-02 -0.003  1.00 | 8.4e+00 4.2e+00 2.142e+00
#404  1201   1 | 1.23e+00 1.61e-06 -0.057  1.00 | 9.89e-01 3.85e-02 -0.127  1.01 | 7.2e+00 3.8e+00 2.508e+00
#405  3760   1 | 1.04e+00 7.80e-08 +0.154  1.00 | 1.04e+00 4.69e-02 +0.218  0.98 | 1.0e+01 4.0e+00 2.144e+00
#406  2063   1 | 9.63e-01 6.96e-06 -0.043  1.00 | 1.06e+00 5.06e-02 +0.071  1.00 | 6.5e+00 3.6e+00 2.053e+00
#407  3601   1 | 1.10e+00 1.02e-07 +0.146  1.00 | 1.05e+00 6.37e-02 +0.217  0.98 | 8.8e+00 3.9e+00 2.293e+00
#408  1443   1 | 8.89e-01 1.11e-05 -0.122  1.00 | 9.15e-01 4.56e-02 +0.045  1.00 | 5.9e+00 4.0e+00 1.626e+00
#409  1857   1 | 8.55e-01 3.62e-06 +0.604  1.00 | 9.10e-01 6.75e-02 -0.170  1.03 | 6.7e+00 4.2e+00 1.584e+00
#410  1558   1 | 1.08e+00 3.07e-06 -0.283  1.00 | 9.97e-01 5.44e-02 -0.163  1.02 | 6.8e+00 3.8e+00 2.173e+00
#411   220   1 | 1.18e+00 1.88e-05 -0.327  1.00 | 9.58e-01 4.45e-02 -0.055  1.01 | 5.4e+00 3.7e+00 2.315e+00
#412  4845   1 | 6.10e-01 1.22e-06 -0.599  1.00 | 1.03e+00 7.49e-02 -0.094  1.02 | 7.5e+00 3.9e+00 1.451e+00
#413  4876   1 | 1.10e+00 7.17e-07 -0.533  1.00 | 1.06e+00 4.10e-02 +0.155  0.99 | 7.7e+00 3.8e+00 2.311e+00
#414  1559   1 | 1.04e+00 2.55e-06 -0.088  1.00 | 1.02e+00 5.72e-02 -0.011  1.00 | 6.7e+00 4.1e+00 2.129e+00
#415  1190   1 | 8.22e-01 6.39e-06 +0.044  1.00 | 1.01e+00 4.91e-02 -0.066  1.01 | 5.9e+00 4.1e+00 1.710e+00
#416  3271   1 | 5.78e-01 5.60e-07 +0.295  1.00 | 9.77e-01 4.50e-02 +0.115  0.99 | 8.2e+00 4.0e+00 1.282e+00
#417  2440   1 | 1.06e+00 2.58e-06 +0.284  1.00 | 1.03e+00 3.40e-02 +0.069  1.00 | 7.0e+00 3.5e+00 2.187e+00
#418  2588   1 | 9.62e-01 3.91e-07 +0.200  1.00 | 1.03e+00 4.46e-02 +0.071  1.00 | 8.0e+00 4.1e+00 1.985e+00
#419  3400   1 | 8.45e-01 2.05e-07 -0.380  1.00 | 9.42e-01 4.34e-02 +0.033  1.00 | 8.9e+00 4.1e+00 1.599e+00
#420  2832   1 | 6.58e-01 2.63e-06 -0.489  1.00 | 1.07e+00 2.96e-02 -0.058  1.00 | 7.0e+00 3.6e+00 1.582e+00
#421  2427   1 | 1.12e+00 3.54e-06 +0.641  1.00 | 1.01e+00 3.94e-02 +0.093  0.99 | 7.1e+00 3.7e+00 2.270e+00
#422   854   1 | 9.98e-01 9.29e-05 -0.530  1.00 | 8.61e-01 3.59e-02 +0.150  0.99 | 4.3e+00 3.8e+00 1.730e+00
#423  4586   1 | 9.66e-01 2.24e-08 -0.587  1.00 | 1.06e+00 3.05e-02 +0.324  0.98 | 9.8e+00 4.1e+00 2.032e+00
#424   686   1 | 9.07e-01 1.00e-05 -0.251  1.00 | 9.18e-01 3.04e-02 +0.102  0.99 | 5.8e+00 3.8e+00 1.660e+00
#425  3140   1 | 1.30e+00 7.25e-07 -0.044  1.00 | 1.09e+00 3.14e-02 +0.136  0.99 | 7.2e+00 4.0e+00 2.870e+00
#426   496   1 | 1.00e+00 7.13e-06 -0.051  1.00 | 1.07e+00 4.14e-02 -0.125  1.01 | 5.8e+00 4.2e+00 2.174e+00
#427  2268   1 | 1.66e+00 2.49e-07 +0.312  1.00 | 9.65e-01 5.22e-02 +0.019  1.00 | 7.5e+00 3.9e+00 3.674e+00
#428  2024   1 | 7.74e-01 1.07e-08 -0.224  1.00 | 9.59e-01 5.12e-02 +0.191  0.98 | 7.7e+00 4.5e+00 1.502e+00
#429  1743   1 | 5.48e-01 1.75e-06 +0.570  1.00 | 1.03e+00 4.05e-02 +0.024  1.00 | 6.8e+00 3.9e+00 1.358e+00
#430   218   1 | 1.32e+00 2.98e-07 +0.804  1.00 | 1.02e+00 4.11e-02 -0.166  1.01 | 5.7e+00 3.9e+00 2.793e+00
#431  2410   1 | 1.22e+00 2.12e-07 +0.213  1.00 | 1.10e+00 4.64e-02 +0.029  1.00 | 8.2e+00 4.5e+00 2.716e+00
#432   918   1 | 9.23e-01 6.66e-06 +0.081  1.00 | 9.51e-01 3.71e-02 -0.077  1.01 | 5.4e+00 4.0e+00 1.763e+00
#433  4449   1 | 1.10e+00 9.43e-08 +0.383  1.00 | 1.08e+00 4.14e-02 +0.311  0.98 | 8.3e+00 4.3e+00 2.361e+00
#434  1322   1 | 8.26e-01 5.59e-07 +0.018  1.00 | 9.54e-01 3.03e-02 +0.071  1.00 | 7.0e+00 3.5e+00 1.589e+00
#435  3552   1 | 7.33e-01 2.19e-09 +0.290  1.00 | 1.09e+00 3.39e-02 +0.132  0.99 | 1.1e+01 3.7e+00 1.711e+00
#436  4106   1 | 1.09e+00 4.35e-08 -0.451  1.00 | 1.13e+00 2.69e-02 +0.173  0.99 | 7.9e+00 3.5e+00 2.460e+00
#437   850   1 | 1.14e+00 4.57e-06 +0.263  1.00 | 9.88e-01 3.22e-02 -0.058  1.00 | 5.3e+00 3.3e+00 2.284e+00
#438  3899   1 | 1.29e+00 4.39e-08 -0.043  1.00 | 1.04e+00 4.35e-02 +0.178  0.99 | 8.9e+00 3.7e+00 2.723e+00
#439  2618   1 | 1.30e+00 5.31e-09 -0.444  1.00 | 9.64e-01 3.44e-02 +0.057  1.00 | 9.2e+00 3.7e+00 2.608e+00
#440  1979   1 | 1.08e+00 7.48e-07 +0.743  1.00 | 9.93e-01 5.19e-02 +0.034  1.00 | 6.2e+00 3.7e+00 2.149e+00
#441  3096   1 | 1.02e+00 2.07e-08 +0.296  1.00 | 9.92e-01 6.71e-02 +0.074  0.99 | 1.0e+01 4.3e+00 2.019e+00
#442    93   1 | 7.28e-01 3.24e-06 -0.057  1.00 | 9.46e-01 6.54e-02 +0.148  0.98 | 6.6e+00 3.7e+00 1.411e+00
#443   800   1 | 4.46e-01 1.04e-06 +0.247  1.00 | 1.00e+00 5.79e-02 +0.099  0.99 | 5.6e+00 4.0e+00 1.194e+00
#444  1952   1 | 1.08e+00 1.15e-06 +0.072  1.00 | 9.68e-01 7.49e-02 +0.039  1.00 | 7.1e+00 4.1e+00 2.107e+00
#445    57   1 | 1.12e+00 7.77e-07 -0.214  1.00 | 1.01e+00 8.28e-02 +0.141  0.98 | 6.8e+00 4.4e+00 2.257e+00
#446  3173   1 | 9.10e-01 1.89e-07 -0.098  1.00 | 9.18e-01 1.05e-01 +0.120  0.99 | 8.4e+00 4.3e+00 1.658e+00
#447  1430   1 | 9.58e-01 3.19e-06 -0.294  1.00 | 1.07e+00 6.79e-02 +0.011  1.00 | 6.1e+00 4.1e+00 2.075e+00
#448  3445   1 | 1.07e+00 7.80e-09 -0.493  1.00 | 9.93e-01 7.16e-02 +0.152  0.98 | 8.8e+00 4.0e+00 2.112e+00
#449  2037   1 | 5.70e-01 1.38e-07 -0.184  1.00 | 9.77e-01 6.45e-02 -0.011  1.01 | 8.5e+00 3.9e+00 1.286e+00
#450  2418   1 | 8.29e-01 6.24e-08 -0.031  1.00 | 9.42e-01 5.73e-02 +0.149  0.99 | 9.1e+00 3.7e+00 1.562e+00
#451  4725   1 | 1.25e+00 1.81e-08 +0.191  1.00 | 9.89e-01 1.05e-01 +0.110  0.99 | 9.5e+00 4.4e+00 2.519e+00
#452   986   1 | 6.58e-01 1.74e-05 +0.023  1.00 | 1.07e+00 8.37e-02 +0.028  1.00 | 5.8e+00 3.9e+00 1.579e+00
#453   691   1 | 1.07e+00 1.08e-06 +0.484  1.00 | 1.03e+00 1.01e-01 -0.007  1.01 | 6.4e+00 3.8e+00 2.214e+00
#454  4916   1 | 5.70e-01 1.47e-08 -0.253  1.00 | 1.05e+00 6.91e-02 +0.196  0.98 | 9.9e+00 3.7e+00 1.409e+00
#455  2784   1 | 1.30e+00 2.28e-08 -0.469  1.00 | 9.64e-01 8.28e-02 +0.033  1.00 | 9.5e+00 4.2e+00 2.613e+00
#456  4995   1 | 1.31e+00 1.03e-07 -0.690  1.00 | 1.08e+00 7.59e-02 +0.079  0.99 | 8.3e+00 3.5e+00 2.877e+00
#457  2539   1 | 5.60e-01 1.10e-08 +0.217  1.00 | 1.04e+00 9.02e-02 -0.165  1.04 | 1.1e+01 3.7e+00 1.439e+00
#458  2874   1 | 1.07e+00 1.18e-08 -0.072  1.00 | 1.04e+00 6.67e-02 -0.096  1.02 | 1.0e+01 3.6e+00 2.238e+00
#459  3233   1 | 1.03e+00 2.99e-08 +0.328  1.00 | 1.13e+00 5.05e-02 -0.089  1.01 | 9.8e+00 3.7e+00 2.355e+00
#460  1753   1 | 1.32e+00 5.83e-08 +0.265  1.00 | 1.12e+00 4.73e-02 +0.038  1.00 | 9.0e+00 3.7e+00 2.998e+00
#461   972   1 | 9.98e-01 5.64e-07 -0.226  1.00 | 9.45e-01 6.50e-02 -0.018  1.01 | 7.7e+00 4.0e+00 1.896e+00
#462  1307   1 | 7.01e-01 4.59e-08 +0.356  1.00 | 1.00e+00 6.69e-02 +0.034  1.00 | 8.8e+00 4.4e+00 1.496e+00
#463  2570   1 | 4.72e-01 5.90e-10 -0.218  1.00 | 9.87e-01 5.99e-02 -0.018  1.01 | 1.2e+01 4.0e+00 1.203e+00
#464   822   1 | 1.00e+00 9.27e-09 -0.819  1.00 | 1.07e+00 5.11e-02 +0.150  0.99 | 8.8e+00 3.8e+00 2.147e+00
#465    94   1 | 1.04e+00 3.14e-08 -0.087  1.00 | 1.02e+00 5.16e-02 +0.119  0.99 | 9.1e+00 3.9e+00 2.119e+00
#466   386   1 | 1.14e+00 1.29e-07 +0.334  1.00 | 9.88e-01 3.05e-02 -0.081  1.01 | 7.7e+00 3.5e+00 2.286e+00
#467  1738   1 | 1.34e+00 2.34e-08 -0.300  1.00 | 1.00e+00 4.03e-02 +0.104  0.99 | 9.1e+00 3.8e+00 2.806e+00
#468  4322   1 | 1.10e+00 1.54e-09 +0.874  1.00 | 9.80e-01 5.28e-02 +0.144  0.99 | 1.1e+01 4.1e+00 2.167e+00
#469  2688   1 | 7.79e-01 1.53e-08 +0.270  1.00 | 9.59e-01 4.97e-02 +0.123  0.99 | 1.0e+01 4.3e+00 1.517e+00
#470  2083   1 | 1.66e+00 1.65e-08 -0.127  1.00 | 9.65e-01 3.83e-02 +0.007  1.00 | 1.0e+01 4.2e+00 3.672e+00
#471   191   1 | 9.72e-01 3.84e-07 -0.373  1.00 | 1.02e+00 3.96e-02 -0.007  1.00 | 7.4e+00 3.9e+00 1.983e+00
#472   797   1 | 1.05e+00 9.02e-08 -0.078  1.00 | 1.08e+00 4.33e-02 +0.142  0.99 | 7.8e+00 3.8e+00 2.264e+00
#473  1044   1 | 5.46e-01 3.55e-07 -0.480  1.00 | 1.03e+00 4.74e-02 +0.078  0.99 | 8.4e+00 3.9e+00 1.351e+00
#474  3010   1 | 1.13e+00 2.54e-08 -0.434  1.00 | 9.75e-01 4.38e-02 +0.063  1.00 | 1.0e+01 3.8e+00 2.217e+00
#475  4461   1 | 1.30e+00 2.64e-09 +0.180  1.00 | 9.27e-01 3.76e-02 +0.086  0.99 | 1.1e+01 4.0e+00 2.546e+00
#476  3429   1 | 9.04e-01 1.17e-09 -0.498  1.00 | 9.15e-01 3.99e-02 -0.078  1.01 | 1.1e+01 4.2e+00 1.662e+00
#477  4767   1 | 1.15e+00 1.12e-10 +0.585  1.00 | 1.05e+00 3.21e-02 +0.302  0.98 | 1.2e+01 3.9e+00 2.412e+00
#478  4785   1 | 1.06e+00 1.67e-09 -0.339  1.00 | 9.70e-01 5.61e-02 +0.097  0.99 | 1.2e+01 4.3e+00 2.058e+00
#479  4782   1 | 1.14e+00 4.02e-11 +0.626  1.00 | 1.13e+00 4.79e-02 +0.402  0.97 | 1.3e+01 4.3e+00 2.543e+00
#480  1266   1 | 4.94e-01 2.52e-08 -0.173  1.00 | 1.12e+00 5.65e-02 +0.020  1.00 | 9.2e+00 3.9e+00 1.493e+00
#481  3932   1 | 8.78e-01 1.56e-08 -0.208  1.00 | 9.51e-01 7.19e-02 -0.114  1.02 | 1.0e+01 4.3e+00 1.696e+00
#482   334   1 | 1.22e+00 4.37e-07 -0.014  1.00 | 1.10e+00 6.47e-02 +0.019  1.00 | 7.8e+00 4.0e+00 2.717e+00
#483  4014   1 | 6.29e-01 7.26e-09 +0.416  1.00 | 1.08e+00 8.36e-02 +0.072  0.99 | 1.0e+01 4.5e+00 1.565e+00
#484  3641   1 | 1.02e+00 3.56e-10 -0.293  1.00 | 9.92e-01 3.89e-02 +0.091  0.99 | 1.2e+01 3.6e+00 2.011e+00
#485    84   1 | 1.11e+00 4.44e-07 +0.427  1.00 | 1.06e+00 6.95e-02 -0.035  1.01 | 6.7e+00 4.1e+00 2.358e+00
#486   701   1 | 1.31e+00 1.71e-06 +0.324  1.00 | 1.01e+00 4.75e-02 -0.045  1.01 | 6.9e+00 3.9e+00 2.752e+00
#487  2469   1 | 1.40e+00 1.06e-08 +0.030  1.00 | 1.01e+00 3.69e-02 +0.044  1.00 | 1.1e+01 3.7e+00 2.993e+00
#488  2579   1 | 1.14e+00 1.01e-08 +0.163  1.00 | 9.43e-01 5.73e-02 +0.090  0.99 | 1.0e+01 4.0e+00 2.193e+00
#489  2706   1 | 8.31e-01 1.22e-07 -0.051  1.00 | 9.54e-01 5.80e-02 +0.194  0.98 | 9.0e+00 3.8e+00 1.583e+00
#490   163   1 | 1.04e+00 2.63e-06 -0.714  1.00 | 8.36e-01 5.48e-02 +0.096  0.99 | 6.1e+00 4.0e+00 1.778e+00
#491   501   1 | 1.09e+00 1.10e-06 +0.126  1.00 | 9.37e-01 5.43e-02 -0.060  1.01 | 6.4e+00 3.7e+00 2.070e+00
#492  4339   1 | 6.23e-01 6.38e-08 +0.430  1.00 | 1.03e+00 4.98e-02 +0.241  0.98 | 9.0e+00 4.4e+00 1.425e+00
#493  3719   1 | 1.40e+00 5.25e-09 -0.440  1.00 | 1.03e+00 8.92e-02 +0.125  0.99 | 1.1e+01 4.4e+00 2.993e+00
#494  1049   1 | 8.21e-01 2.28e-06 -0.540  1.00 | 1.01e+00 6.18e-02 +0.037  1.00 | 6.9e+00 3.9e+00 1.700e+00
#495  2591   1 | 1.10e+00 4.26e-08 -0.524  1.00 | 1.02e+00 5.72e-02 +0.168  0.98 | 8.9e+00 3.6e+00 2.232e+00
#496  4171   1 | 9.91e-01 6.29e-09 -0.507  1.00 | 1.06e+00 5.19e-02 +0.210  0.98 | 1.0e+01 3.6e+00 2.080e+00
#497  1879   1 | 9.63e-01 6.85e-07 +0.813  1.00 | 1.06e+00 7.61e-02 +0.257  0.97 | 7.5e+00 4.2e+00 2.023e+00
#498  1842   1 | 1.31e+00 2.70e-07 -0.060  1.00 | 1.04e+00 6.28e-02 +0.156  0.98 | 8.0e+00 4.0e+00 2.764e+00
#499  4348   1 | 9.72e-01 3.32e-08 +0.631  1.00 | 9.60e-01 6.30e-02 -0.110  1.02 | 9.6e+00 3.8e+00 1.884e+00
[best] step 500: trailing ratio_p=0.9971 (new best)
#500  2097   1 | 1.17e+00 6.15e-07 +0.304  1.00 | 1.17e+00 5.93e-02 -0.028  1.01 | 7.2e+00 3.7e+00 2.740e+00
#501  1035   1 | 1.31e+00 1.28e-06 +0.107  1.00 | 1.09e+00 1.00e-01 +0.020  1.00 | 6.8e+00 3.8e+00 2.909e+00
#502  2068   1 | 1.20e+00 1.70e-07 -0.611  1.00 | 9.11e-01 9.23e-02 -0.055  1.02 | 8.2e+00 4.0e+00 2.298e+00
#503  4504   1 | 1.18e+00 3.02e-08 -0.626  1.00 | 9.58e-01 1.09e-01 +0.207  0.97 | 1.0e+01 3.6e+00 2.289e+00
#504  1753   1 | 7.39e-01 3.65e-06 -0.022  1.00 | 9.49e-01 8.92e-02 -0.083  1.02 | 6.1e+00 4.0e+00 1.470e+00
#505  4367   1 | 1.09e+00 3.47e-09 +0.450  1.00 | 9.82e-01 8.82e-02 +0.167  0.98 | 9.3e+00 4.2e+00 2.131e+00
#506  2717   1 | 9.80e-01 9.74e-09 +0.248  1.00 | 1.04e+00 1.21e-01 +0.151  0.98 | 1.0e+01 3.7e+00 2.025e+00
#507  2438   1 | 1.00e+00 5.55e-08 +0.138  1.00 | 8.61e-01 1.12e-01 +0.092  0.99 | 9.5e+00 4.2e+00 1.735e+00
#508  2169   1 | 1.32e+00 7.50e-09 -0.103  1.00 | 1.02e+00 9.90e-02 -0.118  1.03 | 9.5e+00 4.1e+00 2.809e+00
#509   830   1 | 5.12e-01 2.25e-07 -0.064  1.00 | 9.97e-01 7.96e-02 -0.096  1.02 | 7.6e+00 3.8e+00 1.278e+00
#510  4712   1 | 8.38e-01 6.62e-10 +0.656  1.00 | 9.10e-01 1.21e-01 +0.054  1.00 | 1.3e+01 4.3e+00 1.533e+00
#511  2825   1 | 1.10e+00 4.37e-09 -0.737  1.00 | 1.08e+00 7.99e-02 -0.075  1.02 | 1.1e+01 3.9e+00 2.393e+00
#512  2158   1 | 1.20e+00 6.96e-09 +0.389  1.00 | 1.05e+00 7.70e-02 +0.102  0.99 | 1.1e+01 3.8e+00 2.542e+00
#513  2121   1 | 9.63e-01 3.25e-09 -0.640  1.00 | 1.03e+00 8.72e-02 -0.180  1.04 | 1.1e+01 4.3e+00 2.032e+00
#514  3364   1 | 4.57e-01 2.81e-11 -0.210  1.00 | 1.00e+00 8.04e-02 +0.140  0.98 | 1.3e+01 4.3e+00 1.196e+00
#515  1643   1 | 1.08e+00 4.26e-09 +0.823  1.00 | 9.97e-01 8.24e-02 +0.085  0.99 | 8.5e+00 4.2e+00 2.145e+00
#516  2551   1 | 7.31e-01 1.36e-11 +0.069  1.00 | 9.46e-01 5.45e-02 +0.155  0.99 | 1.3e+01 4.1e+00 1.416e+00
#517  4330   1 | 7.09e-01 1.54e-11 -0.331  1.00 | 1.09e+00 5.91e-02 +0.108  0.99 | 1.4e+01 3.9e+00 1.676e+00
#518  4615   1 | 1.09e+00 2.80e-12 +0.714  1.00 | 9.93e-01 6.38e-02 +0.239  0.97 | 1.6e+01 4.1e+00 2.142e+00
#519  4361   1 | 1.12e+00 4.17e-11 -0.578  1.00 | 1.05e+00 6.86e-02 +0.295  0.97 | 1.3e+01 4.2e+00 2.322e+00
#520  4461   1 | 9.78e-01 2.56e-12 -0.254  1.00 | 1.04e+00 6.55e-02 -0.049  1.01 | 1.5e+01 4.0e+00 2.055e+00
#521  2577   1 | 7.31e-01 7.73e-13 +0.028  1.00 | 9.46e-01 6.42e-02 +0.220  0.97 | 1.6e+01 3.6e+00 1.407e+00
#522  3256   1 | 1.12e+00 1.12e-11 +0.435  1.00 | 9.75e-01 4.87e-02 -0.124  1.01 | 1.5e+01 4.0e+00 2.221e+00
#523  4462   1 | 8.53e-01 1.71e-13 -0.336  1.00 | 9.10e-01 4.99e-02 +0.049  1.00 | 1.6e+01 3.6e+00 1.554e+00
#524  2374   1 | 5.59e-01 3.89e-11 +0.221  1.00 | 1.04e+00 6.05e-02 +0.119  0.99 | 1.4e+01 3.7e+00 1.387e+00
#525  1828   1 | 9.59e-01 2.89e-11 +0.316  1.00 | 1.07e+00 5.48e-02 +0.037  1.00 | 1.3e+01 3.8e+00 2.073e+00
#526  4970   1 | 1.31e+00 3.96e-13 +0.779  1.00 | 1.08e+00 7.09e-02 +0.038  1.00 | 1.7e+01 3.5e+00 2.883e+00
#527  1394   1 | 5.97e-01 9.77e-08 +0.455  1.00 | 1.08e+00 6.37e-02 -0.054  1.01 | 9.2e+00 4.3e+00 1.543e+00
#528   503   1 | 1.14e+00 4.21e-09 -0.331  1.00 | 9.88e-01 8.33e-02 -0.005  1.01 | 9.9e+00 3.7e+00 2.288e+00
#529  4199   1 | 6.58e-01 1.07e-11 -0.003  1.00 | 1.07e+00 8.38e-02 +0.201  0.97 | 1.5e+01 4.2e+00 1.548e+00
#530  1835   1 | 9.71e-01 1.80e-10 -0.365  1.00 | 1.02e+00 7.34e-02 +0.083  0.99 | 1.3e+01 3.9e+00 1.972e+00
#531  1486   1 | 6.24e-01 8.19e-08 +0.129  1.00 | 1.03e+00 6.26e-02 -0.042  1.01 | 8.5e+00 3.9e+00 1.458e+00
#532  1020   1 | 7.38e-01 1.41e-09 +0.293  1.00 | 9.49e-01 8.93e-02 +0.010  1.01 | 1.0e+01 3.9e+00 1.452e+00
#533  1635   1 | 1.65e+00 2.81e-10 +0.136  1.00 | 9.65e-01 5.94e-02 -0.183  1.03 | 1.2e+01 3.8e+00 3.693e+00
#534  4313   1 | 1.14e+00 3.08e-11 +0.149  1.00 | 9.43e-01 7.61e-02 +0.347  0.95 | 1.4e+01 4.2e+00 2.148e+00
#535  2175   1 | 8.28e-01 3.56e-11 -0.069  1.00 | 9.54e-01 6.48e-02 +0.128  0.99 | 1.4e+01 3.4e+00 1.584e+00
#536  2435   1 | 1.30e+00 4.81e-11 -0.323  1.00 | 1.01e+00 5.54e-02 -0.093  1.01 | 1.4e+01 3.9e+00 2.740e+00
#537   596   1 | 1.12e+00 3.19e-09 -0.564  1.00 | 1.01e+00 5.78e-02 -0.057  1.01 | 1.0e+01 3.9e+00 2.282e+00
#538  1229   1 | 5.12e-01 1.90e-08 -0.070  1.00 | 9.97e-01 5.50e-02 -0.089  1.01 | 9.2e+00 4.2e+00 1.269e+00
#539  4147   1 | 1.00e+00 2.66e-10 -0.534  1.00 | 8.61e-01 6.47e-02 +0.136  0.99 | 1.1e+01 4.0e+00 1.729e+00
#540   886   1 | 4.46e-01 2.71e-07 -0.178  1.00 | 1.00e+00 6.41e-02 +0.127  0.99 | 8.4e+00 4.3e+00 1.190e+00
#541  4079   1 | 9.08e-01 1.99e-11 +0.096  1.00 | 9.18e-01 5.64e-02 -0.033  1.01 | 1.4e+01 3.9e+00 1.674e+00
#542    60   1 | 4.94e-01 1.70e-09 +0.096  1.00 | 1.12e+00 5.61e-02 -0.030  1.01 | 1.0e+01 3.6e+00 1.499e+00
#543   299   1 | 1.21e+00 1.19e-07 -0.380  1.00 | 1.05e+00 6.12e-02 +0.124  0.99 | 8.6e+00 3.8e+00 2.553e+00
#544  2811   1 | 7.06e-01 1.99e-10 +0.334  1.00 | 1.00e+00 5.16e-02 -0.194  1.02 | 1.3e+01 3.9e+00 1.526e+00
#545  3415   1 | 7.92e-01 1.37e-11 +0.271  1.00 | 9.59e-01 4.68e-02 +0.006  1.00 | 1.5e+01 3.8e+00 1.548e+00
#546  4703   1 | 1.06e+00 1.03e-12 +0.348  1.00 | 9.70e-01 4.23e-02 +0.094  0.99 | 1.3e+01 3.9e+00 2.063e+00
#547  2083   1 | 1.00e+00 2.91e-10 +0.849  1.00 | 1.07e+00 5.26e-02 +0.106  0.99 | 1.2e+01 4.0e+00 2.145e+00
#548  1831   1 | 1.18e+00 1.37e-08 -0.608  1.00 | 9.58e-01 7.92e-02 -0.013  1.01 | 1.0e+01 4.5e+00 2.315e+00
#549  3245   1 | 1.39e+00 6.25e-13 +0.133  1.00 | 1.03e+00 4.18e-02 +0.121  0.99 | 1.4e+01 3.9e+00 2.977e+00
#550  3285   1 | 1.30e+00 8.36e-10 +0.553  1.00 | 9.64e-01 3.78e-02 -0.158  1.01 | 1.2e+01 3.8e+00 2.630e+00
#551  2359   1 | 1.08e+00 1.26e-09 -0.082  1.00 | 9.68e-01 4.47e-02 +0.018  1.00 | 1.2e+01 3.7e+00 2.105e+00
#552  2247   1 | 8.25e-01 4.19e-09 -0.579  1.00 | 1.01e+00 4.99e-02 +0.153  0.99 | 1.0e+01 4.0e+00 1.694e+00
#553  2793   1 | 9.60e-01 3.87e-10 -0.805  1.00 | 1.06e+00 4.12e-02 +0.073  1.00 | 1.2e+01 4.1e+00 2.050e+00
#554  1129   1 | 9.69e-01 8.91e-08 -0.393  1.00 | 1.06e+00 4.31e-02 +0.070  1.00 | 8.5e+00 4.1e+00 2.054e+00
#555   889   1 | 1.32e+00 1.85e-07 -0.103  1.00 | 1.02e+00 3.87e-02 -0.131  1.01 | 7.6e+00 4.0e+00 2.788e+00
#556  4034   1 | 1.17e+00 1.28e-09 -0.635  1.00 | 9.11e-01 3.12e-02 +0.116  0.99 | 1.1e+01 4.1e+00 2.193e+00
#557  3493   1 | 9.05e-01 1.81e-09 -0.494  1.00 | 9.15e-01 4.94e-02 +0.111  0.99 | 1.2e+01 4.6e+00 1.649e+00
#558  4892   1 | 1.14e+00 1.43e-10 -0.599  1.00 | 1.13e+00 4.55e-02 +0.244  0.98 | 1.3e+01 4.3e+00 2.570e+00
#559  1990   1 | 5.49e-01 2.17e-09 -0.499  1.00 | 1.03e+00 3.37e-02 +0.061  1.00 | 1.1e+01 4.0e+00 1.356e+00
#560   741   1 | 8.24e-01 4.45e-08 +0.397  1.00 | 9.42e-01 3.46e-02 +0.049  1.00 | 7.4e+00 4.0e+00 1.563e+00
#561  4617   1 | 1.31e+00 5.61e-12 +0.071  1.00 | 1.09e+00 3.09e-02 +0.312  0.98 | 1.6e+01 3.7e+00 2.901e+00
#562  1666   1 | 1.11e+00 4.88e-08 +0.478  1.00 | 1.06e+00 4.57e-02 -0.069  1.01 | 8.9e+00 4.4e+00 2.357e+00
#563  4640   1 | 6.92e-01 7.92e-12 +0.319  1.00 | 1.09e+00 4.98e-02 +0.096  0.99 | 1.5e+01 4.0e+00 1.654e+00
#564  3303   1 | 1.21e+00 1.09e-09 -0.179  1.00 | 9.89e-01 5.94e-02 +0.212  0.98 | 1.3e+01 3.7e+00 2.431e+00
#565  3084   1 | 9.59e-01 1.66e-11 +0.652  1.00 | 1.03e+00 6.35e-02 +0.271  0.97 | 1.4e+01 4.2e+00 1.953e+00
#566   708   1 | 1.35e+00 6.42e-08 +0.298  1.00 | 1.00e+00 3.54e-02 -0.034  1.00 | 8.4e+00 3.8e+00 2.822e+00
#567  2870   1 | 1.17e+00 1.45e-11 +0.266  1.00 | 1.17e+00 6.67e-02 +0.230  0.98 | 1.5e+01 4.1e+00 2.699e+00
#568  1696   1 | 5.79e-01 1.66e-09 +0.315  1.00 | 1.05e+00 6.36e-02 +0.085  0.99 | 1.0e+01 3.9e+00 1.436e+00
#569  4400   1 | 9.04e-01 4.88e-13 -0.172  1.00 | 9.51e-01 6.14e-02 +0.095  0.99 | 1.5e+01 4.1e+00 1.713e+00
#570  4184   1 | 1.05e+00 8.13e-13 -0.636  1.00 | 1.03e+00 7.26e-02 +0.166  0.98 | 1.5e+01 4.0e+00 2.153e+00
#571   911   1 | 1.04e+00 3.04e-10 +0.070  1.00 | 1.02e+00 5.39e-02 +0.153  0.99 | 1.2e+01 3.9e+00 2.113e+00
#572  4685   1 | 5.63e-01 2.32e-13 +0.210  1.00 | 9.77e-01 1.39e-01 +0.361  0.92 | 1.8e+01 4.4e+00 1.193e+00
#573  1401   1 | 1.32e+00 7.75e-11 -0.260  1.00 | 1.12e+00 6.45e-02 +0.128  0.99 | 1.3e+01 3.8e+00 2.989e+00
#574  1191   1 | 1.08e+00 9.03e-09 +0.788  1.00 | 9.97e-01 7.12e-02 -0.054  1.01 | 1.0e+01 3.8e+00 2.166e+00
#575  1750   1 | 1.09e+00 1.07e-09 -0.060  1.00 | 9.37e-01 8.44e-02 +0.056  1.00 | 1.1e+01 3.9e+00 2.062e+00
#576  3728   1 | 1.08e+00 1.57e-14 +0.530  1.00 | 1.02e+00 1.05e-01 +0.163  0.98 | 2.0e+01 4.3e+00 2.183e+00
#577  1055   1 | 1.05e+00 1.15e-07 +0.122  1.00 | 1.08e+00 1.37e-01 +0.054  1.00 | 9.3e+00 3.9e+00 2.277e+00
#578   142   1 | 1.31e+00 7.77e-08 -0.251  1.00 | 1.04e+00 9.38e-02 +0.041  1.00 | 7.7e+00 3.9e+00 2.788e+00
#579   169   1 | 1.30e+00 1.20e-06 +0.298  1.00 | 9.27e-01 1.30e-01 +0.037  1.01 | 6.9e+00 4.4e+00 2.547e+00
#580  4126   1 | 1.23e+00 1.06e-11 +0.028  1.00 | 1.10e+00 1.28e-01 +0.315  0.94 | 1.5e+01 3.8e+00 2.670e+00
#581  3083   1 | 1.10e+00 4.12e-15 -0.705  1.00 | 1.08e+00 1.04e-01 +0.005  1.01 | 2.0e+01 3.8e+00 2.384e+00
#582  3915   1 | 1.02e+00 1.79e-12 +0.297  1.00 | 9.92e-01 1.29e-01 +0.094  0.99 | 1.7e+01 4.4e+00 2.013e+00
#583  3368   1 | 1.03e+00 1.09e-14 +0.322  1.00 | 1.13e+00 1.43e-01 +0.086  0.99 | 2.0e+01 4.4e+00 2.339e+00
#584  3231   1 | 1.10e+00 2.75e-15 +0.874  1.00 | 9.80e-01 8.82e-02 +0.015  1.01 | 2.0e+01 4.0e+00 2.168e+00
#585  1215   1 | 9.98e-01 9.84e-09 -0.098  1.00 | 9.45e-01 1.71e-01 +0.070  1.01 | 1.0e+01 4.6e+00 1.897e+00
#586  3261   1 | 1.41e+00 1.17e-16 -0.029  1.00 | 1.01e+00 1.46e-01 +0.053  1.01 | 2.3e+01 3.6e+00 3.010e+00
#587  2967   1 | 1.05e+00 1.67e-15 +0.721  1.00 | 8.36e-01 1.39e-01 -0.046  1.04 | 2.0e+01 4.2e+00 1.827e+00
#588  3934   1 | 4.73e-01 1.34e-16 +0.223  1.00 | 9.87e-01 1.02e-01 +0.241  0.96 | 2.2e+01 4.3e+00 1.160e+00
#589  3546   1 | 1.05e+00 1.26e-16 +0.066  1.00 | 1.04e+00 1.09e-01 +0.095  0.99 | 2.2e+01 3.8e+00 2.169e+00
#590  1727   1 | 9.61e-01 3.98e-09 +0.586  1.00 | 9.60e-01 1.19e-01 +0.122  0.99 | 1.0e+01 3.7e+00 1.831e+00
#591  3680   1 | 1.07e+00 8.62e-17 -0.231  1.00 | 9.82e-01 1.07e-01 +0.138  0.98 | 2.2e+01 4.3e+00 2.091e+00
#592  2942   1 | 1.11e+00 3.79e-15 -0.668  1.00 | 1.06e+00 1.33e-01 -0.031  1.02 | 2.1e+01 4.0e+00 2.385e+00
#593  1359   1 | 1.31e+00 3.18e-09 +0.057  1.00 | 1.09e+00 1.26e-01 +0.063  1.00 | 1.1e+01 3.5e+00 2.901e+00
#594  3647   1 | 7.38e-01 1.35e-14 +0.019  1.00 | 9.46e-01 1.22e-01 -0.067  1.03 | 1.9e+01 4.0e+00 1.471e+00
#595  3539   1 | 1.07e+00 2.06e-14 -0.242  1.00 | 9.82e-01 1.09e-01 +0.155  0.98 | 2.0e+01 3.9e+00 2.099e+00
#596  4582   1 | 1.12e+00 9.85e-16 -0.878  1.00 | 9.80e-01 1.43e-01 +0.230  0.95 | 2.2e+01 4.2e+00 2.173e+00
#597  3379   1 | 7.13e-01 1.42e-15 -0.359  1.00 | 1.00e+00 1.12e-01 -0.098  1.03 | 2.1e+01 4.0e+00 1.547e+00
#598  2113   1 | 9.19e-01 9.58e-12 -0.237  1.00 | 9.51e-01 1.05e-01 -0.127  1.04 | 1.5e+01 3.7e+00 1.784e+00
#599   216   1 | 1.04e+00 1.46e-07 -0.553  1.00 | 8.36e-01 8.44e-02 -0.080  1.03 | 7.6e+00 4.3e+00 1.802e+00
[best] step 600: trailing ratio_p=0.9968 (new best)
#600  4541   1 | 1.37e+00 2.95e-13 +0.384  1.00 | 1.03e+00 8.07e-02 +0.138  0.98 | 1.7e+01 3.7e+00 2.930e+00
#601   124   1 | 1.08e+00 5.86e-08 +0.517  1.00 | 9.97e-01 1.07e-01 -0.050  1.02 | 8.5e+00 3.9e+00 2.178e+00
#602   951   1 | 1.08e+00 4.55e-08 +0.120  1.00 | 1.04e+00 8.35e-02 +0.122  0.99 | 8.4e+00 4.2e+00 2.239e+00
#603   668   1 | 4.46e-01 1.53e-06 -0.256  1.00 | 1.00e+00 7.80e-02 +0.033  1.00 | 7.5e+00 3.7e+00 1.203e+00
#604  4014   1 | 1.09e+00 7.53e-11 -0.364  1.00 | 9.70e-01 9.02e-02 +0.220  0.97 | 1.4e+01 4.1e+00 2.094e+00
#605   954   1 | 8.24e-01 3.26e-06 -0.098  1.00 | 9.42e-01 1.05e-01 +0.122  0.99 | 5.7e+00 4.3e+00 1.552e+00
#606   517   1 | 8.89e-01 6.33e-06 -0.349  1.00 | 9.15e-01 8.11e-02 -0.083  1.02 | 5.8e+00 4.2e+00 1.646e+00
#607  1026   1 | 1.11e+00 1.29e-07 +0.463  1.00 | 1.02e+00 6.18e-02 +0.080  0.99 | 7.9e+00 4.1e+00 2.257e+00
#608  2610   1 | 1.18e+00 3.83e-11 +0.584  1.00 | 9.58e-01 4.84e-02 -0.061  1.01 | 1.4e+01 3.7e+00 2.315e+00
#609  4781   1 | 9.62e-01 4.32e-12 -0.252  1.00 | 1.04e+00 6.79e-02 +0.051  1.00 | 1.6e+01 3.8e+00 2.009e+00
#610   414   1 | 9.07e-01 9.11e-06 -0.210  1.00 | 9.18e-01 6.23e-02 -0.116  1.02 | 5.4e+00 4.0e+00 1.682e+00
#611  3323   1 | 1.12e+00 2.42e-12 -0.461  1.00 | 9.75e-01 5.73e-02 -0.110  1.02 | 1.5e+01 3.6e+00 2.218e+00
#612  4656   1 | 1.10e+00 3.39e-12 +0.697  1.00 | 1.08e+00 6.76e-02 +0.316  0.96 | 1.6e+01 4.2e+00 2.332e+00
#613  4430   1 | 1.12e+00 6.22e-09 -0.621  1.00 | 1.13e+00 6.72e-02 +0.135  0.99 | 1.0e+01 3.9e+00 2.511e+00
#614  3243   1 | 9.71e-01 2.05e-10 +0.670  1.00 | 9.60e-01 4.64e-02 +0.021  1.00 | 1.3e+01 4.2e+00 1.865e+00
#615  2222   1 | 7.75e-01 7.94e-06 +0.029  1.00 | 9.59e-01 4.99e-02 +0.037  1.00 | 4.9e+00 3.9e+00 1.519e+00
#616  1665   1 | 1.13e+00 3.94e-04 +0.536  1.00 | 1.05e+00 5.41e-02 +0.010  1.00 | 2.8e+00 4.2e+00 2.388e+00
#617  2639   1 | 9.75e-01 2.57e-08 -0.416  1.00 | 1.06e+00 6.66e-02 +0.045  1.00 | 1.0e+01 4.0e+00 2.067e+00
#618  1188   1 | 5.54e-01 1.09e-03 -0.305  1.00 | 1.04e+00 2.90e-02 -0.124  1.01 | 1.5e+00 3.7e+00 1.401e+00
#619  1567   1 | 6.58e-01 1.89e-05 -0.285  1.00 | 1.07e+00 7.48e-02 +0.025  1.00 | 4.9e+00 4.1e+00 1.579e+00
#620  3422   1 | 1.30e+00 1.11e-09 +0.598  1.00 | 9.64e-01 3.67e-02 +0.015  1.00 | 1.3e+01 3.7e+00 2.619e+00
#621   816   1 | 9.98e-01 2.57e-05 -0.604  1.00 | 9.45e-01 5.56e-02 +0.036  1.00 | 4.4e+00 4.0e+00 1.889e+00
#622  3231   1 | 1.02e+00 2.05e-08 -0.296  1.00 | 9.92e-01 6.01e-02 -0.022  1.01 | 1.1e+01 4.0e+00 2.029e+00
#623    26   1 | 1.40e+00 2.38e-06 +0.018  1.00 | 1.01e+00 7.46e-02 -0.006  1.01 | 7.0e+00 4.5e+00 2.999e+00
#624  2987   1 | 1.02e+00 6.38e-06 +0.320  1.00 | 1.13e+00 4.98e-02 +0.113  0.99 | 6.7e+00 3.9e+00 2.325e+00
#625  2640   1 | 1.00e+00 1.15e-06 +0.110  1.00 | 8.61e-01 3.27e-02 +0.133  0.99 | 8.1e+00 3.7e+00 1.735e+00
#626  3393   1 | 7.28e-01 7.81e-08 +0.342  1.00 | 1.09e+00 4.53e-02 +0.068  1.00 | 1.1e+01 4.1e+00 1.708e+00
#627  3778   1 | 1.29e+00 1.81e-08 -0.005  1.00 | 1.04e+00 4.00e-02 +0.145  0.99 | 1.3e+01 3.7e+00 2.727e+00
#628  2358   1 | 6.03e-01 1.11e-05 +0.470  1.00 | 1.08e+00 4.80e-02 +0.140  0.99 | 6.2e+00 4.0e+00 1.526e+00
#629  2438   1 | 6.29e-01 5.33e-06 +0.382  1.00 | 1.03e+00 4.57e-02 -0.052  1.01 | 6.8e+00 4.0e+00 1.461e+00
#630  2149   1 | 8.28e-01 1.63e-03 +0.081  1.00 | 9.54e-01 4.98e-02 +0.086  0.99 | 3.5e+00 4.5e+00 1.589e+00
#631  3818   1 | 1.04e+00 1.65e-06 -0.634  1.00 | 1.03e+00 5.71e-02 +0.205  0.98 | 9.0e+00 4.1e+00 2.129e+00
#632  1183   1 | 1.14e+00 1.24e-03 +0.464  1.00 | 9.88e-01 6.02e-02 -0.154  1.02 | 2.4e+00 3.9e+00 2.299e+00
#633   994   1 | 5.12e-01 2.98e-03 +0.250  1.00 | 9.97e-01 4.01e-02 +0.027  1.00 | 1.9e+00 4.2e+00 1.255e+00
#634  1352   1 | 1.00e+00 2.28e-02 +0.143  0.99 | 1.07e+00 2.11e-01 +0.175  0.97 | 1.3e+00 5.0e+00 2.118e+00
#635   734   1 | 1.05e+00 3.98e-01 +0.786  0.55 | 1.08e+00 1.75e-01 +0.131  0.98 | 2.1e+00 4.5e+00 1.759e+00
#636  1279   1 | 1.21e+00 1.90e-03 +0.136  1.00 | 9.11e-01 5.67e-02 +0.022  1.00 | 1.7e+00 3.9e+00 2.289e+00
#637  3456   1 | 8.40e-01 5.93e-06 -0.482  1.00 | 1.01e+00 6.25e-02 -0.044  1.01 | 8.4e+00 4.2e+00 1.742e+00
#638  1525   1 | 1.30e+00 6.74e-01 +0.264  1.00 | 9.27e-01 1.61e-01 -0.035  1.04 | 5.5e+00 4.0e+00 2.566e+00
#639  3470   1 | 1.23e+00 2.38e-04 +0.184  1.00 | 1.10e+00 3.87e-02 +0.184  0.99 | 5.5e+00 3.9e+00 2.710e+00
#640  4203   1 | 1.10e+00 7.52e-04 -0.582  1.00 | 9.37e-01 3.40e-02 +0.150  0.99 | 4.6e+00 3.6e+00 2.083e+00
#641  1715   1 | 1.31e+00 7.65e-01 +0.162  1.15 | 1.01e+00 1.08e-01 +0.191  0.97 | 5.8e+00 4.0e+00 2.970e+00
#642  3284   1 | 1.07e+00 1.11e-02 +0.377  0.99 | 9.93e-01 6.85e-02 -0.098  1.02 | 2.6e+00 4.0e+00 2.142e+00
#643  3459   1 | 5.81e-01 1.35e-03 +0.138  1.00 | 9.77e-01 3.20e-02 +0.074  1.00 | 4.0e+00 3.8e+00 1.289e+00
#644  4264   1 | 1.66e+00 2.86e-01 +0.171  0.97 | 9.65e-01 1.04e-01 +0.397  0.93 | 2.9e+00 3.3e+00 3.549e+00
#645   657   1 | 8.53e-01 4.46e-01 +0.248  1.01 | 9.10e-01 1.61e-01 -0.060  1.05 | 3.3e+00 4.1e+00 1.609e+00
#646  1774   1 | 1.29e+00 6.16e-02 -0.013  1.00 | 1.08e+00 1.24e-01 +0.156  0.98 | 4.7e+00 3.6e+00 2.809e+00
#647    71   1 | 9.57e-01 9.98e-03 -0.088  1.00 | 1.07e+00 1.45e-01 +0.034  1.01 | 2.3e+00 3.9e+00 2.083e+00
#648  2421   1 | 1.34e+00 2.21e-03 +0.127  1.00 | 1.00e+00 9.74e-02 -0.060  1.02 | 2.4e+00 3.7e+00 2.824e+00
#649  1950   1 | 9.63e-01 9.83e-02 -0.797  1.17 | 1.03e+00 1.37e-01 +0.020  1.01 | 5.2e+00 4.4e+00 2.167e+00
#650  2993   1 | 9.59e-01 3.36e-02 -0.894  1.06 | 1.06e+00 6.37e-02 +0.143  0.99 | 2.3e+00 3.7e+00 2.096e+00
#651  4567   1 | 5.35e-01 1.89e-03 -0.695  1.00 | 1.03e+00 1.06e-01 +0.154  0.98 | 2.1e+00 4.1e+00 1.324e+00
#652  1858   1 | 7.39e-01 3.75e-02 +0.171  0.99 | 9.49e-01 5.17e-02 -0.036  1.01 | 1.2e+01 3.9e+00 1.446e+00
#653   285   1 | 5.78e-01 2.95e-02 +0.297  0.97 | 1.05e+00 3.97e-02 +0.125  0.99 | 7.7e+00 3.8e+00 1.424e+00
#654   468   1 | 4.70e-01 7.91e-02 -0.206  1.10 | 9.87e-01 4.75e-02 +0.149  0.99 | 7.6e+00 4.0e+00 1.205e+00
#655  2565   1 | 1.04e+00 2.96e-02 -0.074  1.01 | 1.02e+00 5.38e-02 +0.171  0.98 | 6.6e+00 3.9e+00 2.105e+00
#656  1535   1 | 9.71e-01 1.37e-04 -0.369  1.00 | 1.02e+00 5.51e-02 +0.038  1.00 | 1.6e+01 4.0e+00 1.978e+00
#657  2605   1 | 1.23e+00 2.46e-04 -0.020  1.00 | 9.89e-01 4.40e-02 +0.044  1.00 | 6.1e+00 3.9e+00 2.478e+00
#658   115   1 | 4.94e-01 1.51e-05 +0.379  1.00 | 1.12e+00 3.81e-02 -0.119  1.01 | 9.9e+00 3.2e+00 1.504e+00
#659  2152   1 | 1.15e+00 2.90e-05 -0.695  1.00 | 9.43e-01 6.98e-02 +0.215  0.97 | 1.3e+01 4.0e+00 2.178e+00
#660  1225   1 | 1.20e+00 4.01e-06 -0.240  1.00 | 1.05e+00 5.53e-02 +0.005  1.00 | 1.2e+01 4.2e+00 2.565e+00
#661  2892   1 | 1.08e+00 6.23e-04 +0.032  1.00 | 9.68e-01 3.03e-02 +0.058  1.00 | 3.9e+00 4.1e+00 2.097e+00
#662  1161   1 | 1.32e+00 1.35e-08 -0.376  1.00 | 1.02e+00 5.43e-02 +0.063  1.00 | 1.6e+01 3.7e+00 2.771e+00
#663   786   1 | 1.32e+00 1.75e-09 -0.326  1.00 | 1.12e+00 4.53e-02 -0.034  1.00 | 1.4e+01 3.8e+00 3.012e+00
#664   385   1 | 1.12e+00 2.56e-09 +0.607  1.00 | 1.01e+00 3.57e-02 +0.055  1.00 | 1.4e+01 3.8e+00 2.270e+00
#665  4567   1 | 1.18e+00 1.42e-03 +0.292  1.00 | 1.17e+00 3.72e-02 +0.215  0.99 | 1.9e+00 4.0e+00 2.728e+00
#666  1170   1 | 1.08e+00 1.56e-06 -0.154  1.00 | 9.97e-01 4.64e-02 +0.076  1.00 | 1.7e+01 4.1e+00 2.149e+00
#667  1780   1 | 1.65e+00 3.84e-07 +0.168  1.00 | 9.65e-01 4.66e-02 +0.048  1.00 | 2.8e+01 3.9e+00 3.667e+00
#668  3267   1 | 1.03e+00 1.70e-04 -0.289  1.00 | 1.02e+00 7.92e-02 +0.072  0.99 | 3.6e+00 4.7e+00 2.095e+00
#669  1674   1 | 1.07e+00 1.00e-02 +0.512  0.99 | 1.03e+00 6.15e-02 -0.038  1.01 | 3.0e+01 4.0e+00 2.196e+00
#670   829   1 | 9.74e-01 1.78e-01 -0.705  1.29 | 1.04e+00 3.63e-02 +0.209  0.99 | 1.0e+01 3.7e+00 2.298e+00
#671  4256   1 | 1.12e+00 4.18e-02 -0.686  1.05 | 9.75e-01 7.87e-02 +0.307  0.96 | 8.1e+00 4.4e+00 2.226e+00
#672  3962   1 | 1.16e+00 3.80e-02 +0.513  0.97 | 1.05e+00 6.56e-02 +0.162  0.98 | 8.3e+00 4.0e+00 2.407e+00
#673   418   1 | 7.01e-01 6.84e-02 -0.075  1.02 | 1.00e+00 7.38e-02 -0.119  1.02 | 1.7e+01 4.2e+00 1.531e+00
#674  1511   1 | 9.64e-01 1.91e-01 -0.081  1.07 | 1.06e+00 8.03e-02 +0.137  0.98 | 2.3e+01 4.6e+00 2.110e+00
#675  3392   1 | 1.09e+00 7.56e-05 +0.004  1.00 | 9.70e-01 6.34e-02 -0.065  1.01 | 4.3e+00 4.0e+00 2.133e+00
#676  4699   1 | 1.13e+00 2.28e-03 -0.032  1.00 | 9.80e-01 1.37e-01 +0.161  0.97 | 1.5e+00 3.9e+00 2.203e+00
#677  2744   1 | 8.95e-01 1.87e-07 -0.489  1.00 | 9.15e-01 6.40e-02 -0.095  1.02 | 5.3e+00 3.7e+00 1.653e+00
#678  1688   1 | 1.14e+00 7.01e-16 -0.393  1.00 | 9.88e-01 7.03e-02 -0.085  1.02 | 2.6e+01 4.3e+00 2.293e+00
#679  4900   1 | 9.81e-01 4.04e-03 +0.223  1.00 | 9.45e-01 1.38e-01 +0.164  0.97 | 1.4e+00 4.4e+00 1.831e+00
#680  3636   1 | 6.59e-01 1.96e-03 +0.465  1.00 | 1.07e+00 1.31e-01 +0.128  0.98 | 1.7e+00 3.9e+00 1.558e+00
#681  1799   1 | 8.27e-01 2.09e-17 +0.197  1.00 | 9.54e-01 8.42e-02 -0.046  1.02 | 3.0e+01 4.2e+00 1.608e+00
#682  2823   1 | 7.32e-01 1.62e-05 +0.288  1.00 | 9.46e-01 8.25e-02 +0.089  0.99 | 5.5e+00 3.9e+00 1.424e+00
#683  3512   1 | 1.07e+00 1.75e-05 +0.189  1.00 | 9.93e-01 8.74e-02 +0.193  0.97 | 4.9e+00 3.8e+00 2.101e+00
#684  3189   1 | 9.10e-01 2.75e-06 +0.231  1.00 | 9.18e-01 7.17e-02 +0.189  0.98 | 8.0e+00 3.7e+00 1.651e+00
#685  4073   1 | 8.02e-01 2.55e-07 -0.026  1.00 | 9.59e-01 7.57e-02 +0.184  0.98 | 8.6e+00 4.5e+00 1.542e+00
#686  2462   1 | 5.59e-01 2.32e-07 -0.282  1.00 | 1.04e+00 8.80e-02 +0.009  1.01 | 1.1e+01 4.5e+00 1.405e+00
#687  1564   1 | 1.40e+00 1.27e-13 -0.048  1.00 | 1.01e+00 7.75e-02 -0.044  1.01 | 2.4e+01 4.0e+00 3.004e+00
#688  1276   1 | 9.98e-01 2.92e-10 -0.524  1.00 | 8.61e-01 7.14e-02 +0.043  1.00 | 1.8e+01 4.2e+00 1.738e+00
#689  4919   1 | 9.39e-01 5.46e-06 +0.139  1.00 | 1.07e+00 9.37e-02 +0.292  0.96 | 5.8e+00 3.8e+00 1.986e+00
#690  3050   1 | 1.17e+00 3.10e-05 -0.529  1.00 | 1.17e+00 9.85e-02 -0.077  1.02 | 5.1e+00 3.9e+00 2.757e+00
#691  3993   1 | 4.96e-01 5.17e-07 +0.379  1.00 | 1.12e+00 7.75e-02 +0.153  0.98 | 9.4e+00 3.9e+00 1.474e+00
#692  2260   1 | 1.23e+00 6.88e-10 +0.056  1.00 | 9.89e-01 6.00e-02 +0.182  0.98 | 1.7e+01 4.1e+00 2.469e+00
#693  4988   1 | 1.07e+00 8.50e-06 -0.831  1.00 | 9.37e-01 7.96e-02 +0.164  0.98 | 5.6e+00 4.0e+00 2.008e+00
#694  4186   1 | 1.01e+00 8.20e-08 -0.041  1.00 | 1.08e+00 6.72e-02 +0.320  0.96 | 1.0e+01 3.9e+00 2.162e+00
#695  2859   1 | 5.57e-01 1.45e-07 +0.683  1.00 | 1.03e+00 1.03e-01 +0.275  0.96 | 1.1e+01 4.1e+00 1.321e+00
#696    58   1 | 1.11e+00 2.06e-10 +0.364  1.00 | 9.82e-01 1.10e-01 +0.093  0.99 | 1.5e+01 3.8e+00 2.186e+00
#697   237   1 | 1.11e+00 5.28e-10 +0.023  1.00 | 1.02e+00 9.68e-02 +0.114  0.99 | 1.6e+01 4.2e+00 2.252e+00
#698  1534   1 | 1.30e+00 5.16e-15 -0.536  1.00 | 9.27e-01 1.19e-01 -0.096  1.04 | 2.5e+01 4.1e+00 2.571e+00
#699   982   1 | 8.24e-01 4.47e-11 -0.389  1.00 | 9.42e-01 9.27e-02 -0.047  1.02 | 1.7e+01 3.7e+00 1.582e+00
[best] step 700: trailing ratio_p=0.9956 (new best)
#700  3158   1 | 1.08e+00 2.05e-07 +0.028  1.00 | 9.68e-01 1.47e-01 +0.085  1.00 | 7.3e+00 3.8e+00 2.093e+00
#701  3887   1 | 1.32e+00 2.97e-08 +0.254  1.00 | 1.00e+00 9.51e-02 -0.118  1.03 | 9.9e+00 3.8e+00 2.782e+00
#702  3011   1 | 9.59e-01 2.22e-10 -0.113  1.00 | 1.03e+00 1.54e-01 +0.036  1.01 | 1.4e+01 3.8e+00 1.998e+00
#703  2263   1 | 9.17e-01 3.72e-12 +0.312  1.00 | 9.51e-01 1.67e-01 +0.114  0.99 | 1.9e+01 4.3e+00 1.737e+00
#704   971   1 | 9.60e-01 5.80e-14 +0.285  1.00 | 9.60e-01 1.27e-01 -0.091  1.04 | 2.0e+01 4.1e+00 1.882e+00
#705  4980   1 | 1.18e+00 2.60e-08 +0.370  1.00 | 9.58e-01 1.79e-01 +0.196  0.96 | 9.3e+00 4.5e+00 2.264e+00
#706  4051   1 | 1.29e+00 1.63e-08 -0.324  1.00 | 1.04e+00 1.22e-01 +0.003  1.01 | 1.0e+01 4.1e+00 2.760e+00
#707  4845   1 | 4.67e-01 4.32e-08 +0.315  1.00 | 9.87e-01 1.08e-01 +0.132  0.98 | 9.9e+00 3.8e+00 1.176e+00
#708   775   1 | 1.29e+00 3.16e-13 +0.465  1.00 | 9.64e-01 1.58e-01 -0.153  1.08 | 2.1e+01 4.2e+00 2.677e+00
#709  4213   1 | 1.23e+00 4.41e-09 +0.290  1.00 | 1.10e+00 1.12e-01 +0.237  0.96 | 1.1e+01 3.9e+00 2.696e+00
#710   399   1 | 7.38e-01 3.76e-11 -0.833  1.00 | 9.49e-01 8.72e-02 -0.006  1.01 | 1.7e+01 3.8e+00 1.454e+00
#711   444   1 | 8.53e-01 2.30e-11 +0.579  1.00 | 9.10e-01 7.02e-02 -0.277  1.05 | 1.8e+01 4.2e+00 1.595e+00
#712   560   1 | 1.31e+00 6.25e-09 -0.187  1.00 | 1.09e+00 7.96e-02 -0.005  1.01 | 1.2e+01 3.8e+00 2.912e+00
#713   821   1 | 5.69e-01 2.13e-08 -0.338  1.00 | 9.77e-01 6.90e-02 +0.115  0.99 | 1.0e+01 4.3e+00 1.268e+00
#714   240   1 | 1.21e+00 4.88e-10 +0.175  1.00 | 9.11e-01 8.41e-02 +0.067  1.00 | 1.6e+01 4.1e+00 2.287e+00
#715   769   1 | 1.04e+00 1.72e-09 +0.115  1.00 | 8.36e-01 3.69e-02 -0.056  1.01 | 1.3e+01 4.3e+00 1.788e+00
#716  1961   1 | 1.08e+00 1.17e-10 -0.163  1.00 | 1.04e+00 4.36e-02 +0.076  1.00 | 1.7e+01 3.7e+00 2.240e+00
#717  2866   1 | 1.02e+00 3.77e-07 +0.649  1.00 | 1.13e+00 5.80e-02 +0.283  0.97 | 5.9e+00 4.2e+00 2.299e+00
#718  4899   1 | 1.16e+00 1.56e-01 +0.389  0.91 | 1.05e+00 1.16e-01 +0.403  0.92 | 5.7e+00 4.3e+00 2.243e+00
#719  2275   1 | 9.72e-01 5.90e-09 -0.569  1.00 | 1.06e+00 4.25e-02 -0.049  1.01 | 1.4e+01 3.9e+00 2.071e+00
#720  2457   1 | 9.71e-01 4.13e-06 -0.032  1.00 | 1.02e+00 4.79e-02 +0.061  1.00 | 6.6e+00 4.1e+00 1.975e+00
#721  2472   1 | 5.82e-01 9.26e-09 -0.142  1.00 | 1.05e+00 4.55e-02 +0.158  0.99 | 8.7e+00 3.9e+00 1.433e+00
#722  3406   1 | 1.27e+00 5.80e-01 +0.006  1.20 | 1.08e+00 1.20e-01 +0.118  0.99 | 7.4e+00 3.8e+00 3.094e+00
#723  3183   1 | 6.38e-01 4.00e-02 +0.114  0.99 | 1.03e+00 1.67e-01 +0.030  1.02 | 2.7e+00 4.0e+00 1.479e+00
#724  4635   1 | 6.92e-01 7.02e-02 +0.538  0.90 | 1.09e+00 1.13e-01 +0.321  0.94 | 5.7e+00 3.6e+00 1.548e+00
#725   734   1 | 1.15e+00 7.64e-10 +0.695  1.00 | 9.43e-01 2.83e-02 +0.048  1.00 | 1.4e+01 3.7e+00 2.200e+00
#726  2986   1 | 1.13e+00 5.26e-02 -0.022  1.00 | 1.01e+00 1.73e-01 +0.007  1.03 | 3.3e+00 4.3e+00 2.313e+00
#727  2497   1 | 1.11e+00 9.58e-05 +0.435  1.00 | 1.13e+00 9.47e-02 +0.066  1.00 | 2.5e+00 4.0e+00 2.520e+00
#728   265   1 | 1.38e+00 3.04e-08 -0.539  1.00 | 1.03e+00 3.66e-02 +0.012  1.00 | 1.2e+01 4.0e+00 2.956e+00
#729   143   1 | 1.32e+00 9.95e-06 +0.376  1.00 | 1.02e+00 4.18e-02 -0.064  1.01 | 4.9e+00 4.1e+00 2.784e+00
#730  1497   1 | 4.47e-01 6.11e-10 -0.490  1.00 | 1.00e+00 2.88e-02 +0.087  1.00 | 1.6e+01 3.8e+00 1.199e+00
#731  4452   1 | 8.26e-01 1.68e-04 -0.423  1.00 | 1.01e+00 1.50e-01 +0.200  0.96 | 2.9e+00 4.0e+00 1.671e+00
#732  3104   1 | 1.10e+00 3.23e-04 -0.188  1.00 | 1.08e+00 1.15e-01 +0.073  1.00 | 5.8e+00 4.0e+00 2.370e+00
#733  4494   1 | 1.01e+00 1.16e-03 -0.015  1.00 | 1.07e+00 1.55e-01 +0.191  0.97 | 3.8e+00 3.8e+00 2.131e+00
#734  4852   1 | 1.03e+00 3.29e-04 -0.732  1.00 | 9.92e-01 1.79e-01 +0.211  0.96 | 3.6e+00 4.0e+00 1.998e+00
#735  3714   1 | 1.12e+00 6.61e-04 -0.171  1.00 | 1.06e+00 1.48e-01 -0.028  1.03 | 4.8e+00 3.9e+00 2.409e+00
#736   994   1 | 1.32e+00 8.85e-07 -0.244  1.00 | 1.12e+00 2.75e-02 -0.135  1.01 | 9.3e+00 3.9e+00 3.015e+00
#737  3564   1 | 6.30e-01 1.08e-03 +0.005  1.00 | 1.08e+00 8.83e-02 +0.062  1.00 | 3.0e+00 3.9e+00 1.568e+00
#738  2977   1 | 1.30e+00 5.40e-04 +0.127  1.00 | 1.01e+00 1.29e-01 +0.077  1.00 | 3.8e+00 4.1e+00 2.704e+00
#739   207   1 | 5.12e-01 2.63e-05 +0.365  1.00 | 9.97e-01 1.76e-02 +0.071  1.00 | 6.2e+00 3.6e+00 1.254e+00
#740  1344   1 | 1.08e+00 3.43e-08 +0.389  1.00 | 9.97e-01 1.38e-02 +0.121  1.00 | 1.4e+01 3.2e+00 2.150e+00
#741  4486   1 | 8.21e-01 1.57e-03 -0.240  1.00 | 9.54e-01 8.46e-02 +0.123  0.99 | 2.4e+00 3.6e+00 1.572e+00
#742  2073   1 | 7.40e-01 1.32e-06 -0.830  1.00 | 9.49e-01 2.57e-02 +0.079  1.00 | 7.8e+00 3.7e+00 1.446e+00
#743  3088   1 | 6.15e-01 1.43e-03 +0.330  1.00 | 1.08e+00 1.68e-01 +0.006  1.02 | 5.6e+00 4.1e+00 1.578e+00
#744  4786   1 | 1.29e+00 2.44e-03 +0.368  1.00 | 9.64e-01 1.41e-01 +0.102  0.99 | 3.4e+00 4.7e+00 2.583e+00
#745  3843   1 | 9.82e-01 9.18e-04 -0.323  1.00 | 9.60e-01 1.63e-01 +0.216  0.96 | 4.3e+00 4.4e+00 1.846e+00
#746  1519   1 | 1.23e+00 9.60e-08 -0.056  1.00 | 9.89e-01 2.05e-02 +0.039  1.00 | 1.2e+01 3.3e+00 2.494e+00
#747  3234   1 | 1.32e+00 4.55e-06 +0.378  1.00 | 1.02e+00 6.40e-02 +0.133  0.99 | 5.5e+00 4.4e+00 2.764e+00
#748  1211   1 | 1.07e+00 1.47e-06 +0.086  1.00 | 1.03e+00 2.27e-02 -0.037  1.00 | 9.1e+00 4.5e+00 2.203e+00
#749  2551   1 | 1.11e+00 7.69e-05 +0.390  1.00 | 1.13e+00 6.52e-02 +0.076  0.99 | 4.1e+00 4.3e+00 2.516e+00
#750  4236   1 | 5.53e-01 5.42e-04 +0.060  1.00 | 1.03e+00 1.40e-01 +0.147  0.98 | 4.9e+00 3.6e+00 1.341e+00
#751  2212   1 | 1.04e+00 5.75e-06 -0.319  1.00 | 1.02e+00 2.76e-02 +0.152  0.99 | 7.7e+00 3.9e+00 2.112e+00
#752  3825   1 | 1.02e+00 7.28e-04 -0.479  1.00 | 9.45e-01 1.69e-01 -0.063  1.05 | 4.6e+00 4.3e+00 1.991e+00
#753   418   1 | 1.65e+00 8.21e-06 +0.446  1.00 | 9.65e-01 2.78e-02 -0.105  1.01 | 8.4e+00 4.2e+00 3.673e+00
#754  4526   1 | 1.12e+00 1.84e-03 -0.172  1.00 | 9.80e-01 1.28e-01 -0.005  1.02 | 2.9e+00 4.3e+00 2.229e+00
#755  2532   1 | 1.32e+00 5.90e-04 +0.503  1.00 | 1.12e+00 2.10e-01 -0.017  1.04 | 3.1e+00 4.6e+00 3.037e+00
#756  3939   1 | 1.00e+00 6.52e-04 -0.110  1.00 | 1.08e+00 1.29e-01 +0.192  0.97 | 4.0e+00 3.8e+00 2.146e+00
#757  3518   1 | 1.18e+00 1.73e-04 -0.335  1.00 | 9.58e-01 1.05e-01 -0.067  1.03 | 5.5e+00 3.9e+00 2.331e+00
#758   543   1 | 5.78e-01 2.22e-05 +0.142  1.00 | 1.05e+00 2.47e-02 +0.018  1.00 | 7.6e+00 4.4e+00 1.441e+00
#759  1726   1 | 9.63e-01 1.27e-11 +0.058  1.00 | 1.06e+00 3.16e-02 +0.224  0.99 | 1.9e+01 5.1e+00 2.046e+00
#760  3928   1 | 1.17e+00 2.78e-04 -0.213  1.00 | 9.11e-01 1.24e-01 +0.158  0.98 | 4.9e+00 4.2e+00 2.176e+00
#761  2280   1 | 5.14e-01 1.31e-05 -0.362  1.00 | 9.97e-01 3.34e-02 -0.046  1.00 | 5.1e+00 3.9e+00 1.263e+00
#762  4069   1 | 1.28e+00 8.43e-05 -0.285  1.00 | 1.01e+00 9.26e-02 +0.286  0.96 | 4.7e+00 3.9e+00 2.611e+00
#763  2597   1 | 4.96e-01 5.61e-06 +0.379  1.00 | 1.12e+00 3.45e-02 +0.096  1.00 | 5.7e+00 3.8e+00 1.488e+00
#764  4882   1 | 1.11e+00 2.15e-05 -0.061  1.00 | 1.04e+00 1.08e-01 +0.043  1.00 | 4.1e+00 3.7e+00 2.312e+00
#765  3345   1 | 1.23e+00 6.95e-06 -0.453  1.00 | 1.10e+00 1.40e-01 +0.059  1.00 | 5.5e+00 4.6e+00 2.724e+00
#766  2263   1 | 1.29e+00 1.91e-06 +0.537  1.00 | 9.27e-01 2.54e-02 +0.124  0.99 | 6.7e+00 4.1e+00 2.528e+00
#767  2932   1 | 1.38e+00 1.17e-03 -0.518  1.00 | 1.03e+00 8.81e-02 -0.068  1.02 | 2.7e+00 4.2e+00 2.998e+00
#768  4626   1 | 9.96e-01 4.63e-08 +0.507  1.00 | 8.61e-01 7.60e-02 +0.100  0.99 | 8.9e+00 4.1e+00 1.726e+00
#769   650   1 | 6.23e-01 4.09e-05 -0.690  1.00 | 1.03e+00 2.22e-02 +0.119  1.00 | 5.3e+00 3.5e+00 1.442e+00
#770   156   1 | 9.75e-01 3.09e-07 +0.007  1.00 | 1.04e+00 1.92e-02 +0.125  1.00 | 5.9e+00 3.4e+00 2.033e+00
#771  3979   1 | 1.06e+00 3.89e-04 +0.797  1.00 | 8.36e-01 6.56e-02 +0.101  0.99 | 3.2e+00 3.5e+00 1.820e+00
#772  4970   1 | 9.69e-01 7.03e-06 -0.041  1.00 | 1.03e+00 1.32e-01 +0.199  0.97 | 6.2e+00 4.2e+00 1.967e+00
#773  3453   1 | 1.02e+00 8.22e-05 +0.508  1.00 | 9.92e-01 1.53e-01 +0.114  0.99 | 4.5e+00 4.6e+00 2.008e+00
#774  3284   1 | 1.11e+00 1.04e-04 -0.525  1.00 | 1.06e+00 8.97e-02 +0.135  0.98 | 4.2e+00 3.7e+00 2.348e+00
#775   233   1 | 7.01e-01 6.24e-07 +0.295  1.00 | 1.00e+00 2.87e-02 -0.055  1.00 | 7.1e+00 4.1e+00 1.500e+00
#776   381   1 | 9.57e-01 6.79e-07 +0.132  1.00 | 1.07e+00 3.04e-02 +0.052  1.00 | 7.5e+00 4.1e+00 2.068e+00
#777  2898   1 | 1.30e+00 7.43e-04 +0.005  1.00 | 1.09e+00 1.27e-01 -0.042  1.02 | 3.7e+00 4.3e+00 2.912e+00
#778  2348   1 | 9.08e-01 6.18e-06 +0.220  1.00 | 9.18e-01 5.94e-02 +0.036  1.00 | 4.5e+00 3.9e+00 1.666e+00
#779  1323   1 | 6.58e-01 2.27e-07 +0.493  1.00 | 1.07e+00 1.44e-02 -0.049  1.00 | 9.3e+00 3.9e+00 1.579e+00
#780  2775   1 | 1.12e+00 3.36e-04 +0.303  1.00 | 1.01e+00 1.01e-01 +0.167  0.98 | 2.2e+00 4.1e+00 2.254e+00
#781   246   1 | 4.46e-01 8.13e-07 -0.491  1.00 | 1.00e+00 1.99e-02 +0.027  1.00 | 7.4e+00 3.9e+00 1.202e+00
#782  2075   1 | 5.70e-01 1.15e-06 -0.337  1.00 | 9.77e-01 5.15e-02 +0.060  1.00 | 6.5e+00 4.4e+00 1.277e+00
#783  3349   1 | 8.38e-01 2.57e-04 -0.515  1.00 | 1.01e+00 5.11e-02 -0.021  1.00 | 3.6e+00 3.9e+00 1.734e+00
#784    15   1 | 8.89e-01 8.92e-05 -0.025  1.00 | 9.15e-01 4.26e-02 -0.035  1.01 | 3.2e+00 3.9e+00 1.632e+00
#785  1628   1 | 1.29e+00 4.80e-08 -0.406  1.00 | 1.08e+00 1.93e-02 +0.077  1.00 | 1.0e+01 4.2e+00 2.828e+00
#786   219   1 | 1.31e+00 8.16e-06 +0.319  1.00 | 1.04e+00 3.28e-02 -0.124  1.01 | 4.9e+00 4.0e+00 2.796e+00
#787  4311   1 | 1.11e+00 2.74e-05 +0.692  1.00 | 1.08e+00 1.16e-01 +0.189  0.97 | 4.6e+00 3.9e+00 2.360e+00
#788  4920   1 | 6.85e-01 1.40e-05 +0.309  1.00 | 1.09e+00 1.49e-01 +0.237  0.95 | 4.9e+00 4.8e+00 1.597e+00
#789  1945   1 | 1.00e+00 6.66e-09 +0.013  1.00 | 1.07e+00 2.78e-02 -0.097  1.01 | 1.1e+01 4.1e+00 2.162e+00
#790  1295   1 | 1.35e+00 1.53e-07 -0.249  1.00 | 1.00e+00 2.82e-02 -0.073  1.00 | 6.2e+00 3.6e+00 2.821e+00
#791  4158   1 | 5.64e-01 2.31e-04 -0.247  1.00 | 1.04e+00 8.23e-02 +0.178  0.98 | 4.2e+00 3.9e+00 1.381e+00
#792  2098   1 | 1.08e+00 2.72e-10 -0.196  1.00 | 9.93e-01 2.63e-02 +0.118  0.99 | 1.4e+01 3.9e+00 2.143e+00
#793   674   1 | 1.21e+00 1.04e-06 -0.240  1.00 | 1.05e+00 3.03e-02 -0.120  1.01 | 8.4e+00 4.9e+00 2.573e+00
#794  2621   1 | 8.31e-01 2.04e-04 -0.180  1.00 | 9.42e-01 8.88e-02 +0.117  0.99 | 2.4e+00 4.0e+00 1.566e+00
#795  3746   1 | 9.91e-01 2.41e-06 -0.456  1.00 | 1.06e+00 8.51e-02 +0.143  0.98 | 5.9e+00 3.8e+00 2.083e+00
#796  3050   1 | 7.34e-01 9.60e-05 +0.013  1.00 | 9.46e-01 1.13e-01 +0.195  0.97 | 4.0e+00 4.0e+00 1.404e+00
#797  2670   1 | 1.09e+00 3.32e-04 -0.120  1.00 | 9.37e-01 1.22e-01 +0.093  0.99 | 3.3e+00 4.2e+00 2.068e+00
#798  3918   1 | 8.85e-01 2.58e-05 +0.651  1.00 | 9.10e-01 8.41e-02 -0.066  1.02 | 5.0e+00 3.7e+00 1.628e+00
#799  1225   1 | 1.07e+00 3.25e-07 +0.518  1.00 | 9.70e-01 1.56e-02 +0.112  1.00 | 8.0e+00 3.9e+00 2.086e+00
#800  2954   1 | 1.10e+00 2.93e-04 -0.529  1.00 | 1.02e+00 1.15e-01 +0.087  0.99 | 4.3e+00 4.5e+00 2.233e+00
#801  2567   1 | 9.71e-01 3.01e-05 +0.063  1.00 | 1.02e+00 6.54e-02 +0.016  1.00 | 3.1e+00 3.9e+00 1.981e+00
#802  3131   1 | 1.12e+00 8.66e-04 +0.458  1.00 | 9.75e-01 8.86e-02 +0.067  1.00 | 3.3e+00 3.8e+00 2.209e+00
#803  1402   1 | 1.02e+00 2.83e-06 -0.653  1.00 | 1.13e+00 3.26e-02 +0.189  0.99 | 6.7e+00 4.4e+00 2.306e+00
#804    35   1 | 1.17e+00 2.67e-05 -0.518  1.00 | 1.17e+00 4.71e-02 +0.073  1.00 | 3.5e+00 4.0e+00 2.731e+00
#805  4153   1 | 1.14e+00 6.53e-05 +0.173  1.00 | 9.43e-01 9.78e-02 +0.206  0.97 | 5.2e+00 3.9e+00 2.159e+00
#806  1704   1 | 1.08e+00 2.92e-12 -0.026  1.00 | 9.68e-01 2.55e-02 -0.096  1.01 | 1.6e+01 4.3e+00 2.113e+00
#807  1174   1 | 7.71e-01 7.45e-08 -0.027  1.00 | 9.59e-01 3.04e-02 -0.023  1.00 | 8.8e+00 4.4e+00 1.516e+00
#808  4984   1 | 1.14e+00 2.97e-04 +0.281  1.00 | 9.82e-01 1.01e-01 +0.341  0.94 | 3.9e+00 3.9e+00 2.202e+00
#809  1082   1 | 4.70e-01 6.03e-08 -0.313  1.00 | 9.87e-01 2.41e-02 +0.028  1.00 | 8.3e+00 3.7e+00 1.195e+00
#810  4282   1 | 1.14e+00 1.52e-04 +0.135  1.00 | 9.88e-01 1.08e-01 +0.016  1.01 | 5.5e+00 4.2e+00 2.285e+00
#811   523   1 | 1.13e+00 1.21e-06 +0.053  1.00 | 1.05e+00 2.68e-02 +0.027  1.00 | 7.4e+00 4.0e+00 2.392e+00
#812  3160   1 | 1.41e+00 1.65e-04 +0.030  1.00 | 1.01e+00 1.40e-01 +0.228  0.96 | 6.0e+00 4.2e+00 2.958e+00
#813  2855   1 | 9.09e-01 5.66e-04 -0.246  1.00 | 9.51e-01 1.39e-01 +0.134  0.98 | 3.9e+00 4.1e+00 1.714e+00
#814  2166   1 | 4.71e-01 3.41e-07 +0.312  1.00 | 9.87e-01 2.43e-02 +0.139  0.99 | 7.2e+00 4.1e+00 1.190e+00
#815  2253   1 | 1.29e+00 5.19e-08 +0.538  1.00 | 9.27e-01 3.13e-02 +0.233  0.99 | 6.6e+00 4.1e+00 2.521e+00
#816  4209   1 | 1.19e+00 1.65e-05 -0.624  1.00 | 9.58e-01 9.65e-02 -0.024  1.01 | 6.5e+00 3.7e+00 2.340e+00
#817  2830   1 | 9.76e-01 3.69e-04 -0.358  1.00 | 1.06e+00 1.10e-01 +0.148  0.98 | 4.4e+00 4.0e+00 2.050e+00
#818  3567   1 | 1.23e+00 2.18e-05 -0.329  1.00 | 1.10e+00 1.47e-01 +0.165  0.97 | 5.0e+00 4.0e+00 2.693e+00
#819  1112   1 | 5.53e-01 2.69e-07 -0.302  1.00 | 1.04e+00 4.03e-02 +0.030  1.00 | 5.3e+00 3.5e+00 1.392e+00
#820  2062   1 | 1.34e+00 1.22e-08 -0.250  1.00 | 1.00e+00 2.88e-02 +0.115  0.99 | 8.3e+00 3.7e+00 2.804e+00
#821  4153   1 | 9.77e-01 2.88e-04 +0.319  1.00 | 1.07e+00 9.64e-02 +0.088  0.99 | 5.1e+00 3.7e+00 2.101e+00
#822  2277   1 | 1.11e+00 1.12e-07 +0.017  1.00 | 9.80e-01 2.62e-02 +0.170  0.99 | 7.3e+00 4.9e+00 2.182e+00
#823   634   1 | 6.58e-01 4.05e-06 -0.493  1.00 | 1.07e+00 2.35e-02 -0.013  1.00 | 5.7e+00 3.9e+00 1.578e+00
#824  1027   1 | 9.23e-01 2.26e-05 -0.292  1.00 | 9.51e-01 5.26e-02 +0.078  0.99 | 3.3e+00 3.7e+00 1.751e+00
#825   947   1 | 9.71e-01 6.20e-07 +0.031  1.00 | 1.02e+00 3.24e-02 +0.041  1.00 | 7.2e+00 4.1e+00 1.978e+00
#826  1440   1 | 4.94e-01 1.93e-08 +0.381  1.00 | 1.12e+00 3.38e-02 +0.102  0.99 | 9.8e+00 4.0e+00 1.486e+00
#827  3385   1 | 1.29e+00 2.99e-05 +0.395  1.00 | 1.01e+00 1.33e-01 +0.198  0.97 | 5.5e+00 4.2e+00 2.647e+00
#828  2637   1 | 1.10e+00 9.60e-04 +0.274  1.00 | 9.82e-01 1.12e-01 +0.085  0.99 | 2.4e+00 4.0e+00 2.163e+00
#829  3854   1 | 1.17e+00 3.98e-04 -0.565  1.00 | 9.11e-01 9.75e-02 -0.081  1.03 | 3.7e+00 4.2e+00 2.222e+00
#830  3781   1 | 1.20e+00 4.24e-04 +0.183  1.00 | 9.89e-01 1.42e-01 +0.112  0.99 | 6.1e+00 4.1e+00 2.414e+00
#831  2562   1 | 1.00e+00 9.85e-06 +0.202  1.00 | 8.61e-01 8.98e-02 +0.121  0.99 | 3.2e+00 3.5e+00 1.731e+00
#832  2702   1 | 1.19e+00 5.86e-04 -0.341  1.00 | 1.05e+00 1.33e-01 +0.065  1.00 | 4.2e+00 4.0e+00 2.538e+00
#833  3619   1 | 8.80e-01 8.17e-04 +0.693  1.00 | 9.10e-01 1.34e-01 -0.094  1.05 | 4.1e+00 4.2e+00 1.641e+00
#834  2955   1 | 9.83e-01 4.95e-04 -0.270  1.00 | 1.04e+00 1.34e-01 +0.065  1.00 | 4.1e+00 4.3e+00 2.053e+00
#835  3209   1 | 8.40e-01 3.80e-04 -0.416  1.00 | 9.42e-01 1.18e-01 +0.220  0.96 | 3.4e+00 4.4e+00 1.558e+00
#836   249   1 | 1.08e+00 3.52e-09 +0.389  1.00 | 9.97e-01 6.14e-02 +0.133  0.99 | 1.0e+01 4.3e+00 2.143e+00
#837  3250   1 | 1.01e+00 4.54e-04 -0.193  1.00 | 9.45e-01 1.16e-01 +0.204  0.96 | 4.6e+00 4.0e+00 1.886e+00
#838  4059   1 | 1.05e+00 7.61e-05 +0.664  1.00 | 1.03e+00 1.04e-01 +0.109  0.99 | 5.6e+00 3.6e+00 2.147e+00
#839   193   1 | 7.71e-01 3.87e-06 +0.028  1.00 | 9.59e-01 6.30e-02 +0.033  1.00 | 4.3e+00 4.1e+00 1.514e+00
#840  1231   1 | 1.08e+00 9.83e-08 +0.195  1.00 | 9.93e-01 5.45e-02 +0.143  0.99 | 7.5e+00 4.0e+00 2.140e+00
#841   884   1 | 4.46e-01 1.28e-08 -0.491  1.00 | 1.00e+00 5.38e-02 +0.058  1.00 | 8.0e+00 4.4e+00 1.199e+00
#842  3083   1 | 9.10e-01 4.87e-05 +0.096  1.00 | 9.18e-01 1.28e-01 +0.106  0.99 | 7.6e+00 4.0e+00 1.661e+00
#843  1504   1 | 1.32e+00 6.33e-11 +0.376  1.00 | 1.02e+00 8.19e-02 +0.065  1.00 | 1.2e+01 4.4e+00 2.771e+00
#844  3299   1 | 1.05e+00 4.12e-05 +0.743  1.00 | 8.36e-01 1.38e-01 +0.000  1.03 | 5.2e+00 4.4e+00 1.823e+00
#845   488   1 | 1.02e+00 1.40e-06 +0.653  1.00 | 1.13e+00 3.50e-02 -0.013  1.00 | 5.9e+00 3.6e+00 2.320e+00
#846   520   1 | 7.04e-01 6.23e-08 -0.008  1.00 | 1.09e+00 3.04e-02 +0.099  1.00 | 7.5e+00 3.9e+00 1.674e+00
#847   891   1 | 1.10e+00 1.08e-06 -0.248  1.00 | 1.08e+00 2.82e-02 -0.001  1.00 | 6.4e+00 3.7e+00 2.373e+00
#848  1331   1 | 1.11e+00 1.03e-08 +0.596  1.00 | 1.06e+00 7.99e-02 +0.081  0.99 | 8.3e+00 4.3e+00 2.340e+00
#849  1741   1 | 6.25e-01 7.77e-16 +0.689  1.00 | 1.03e+00 3.05e-02 +0.084  1.00 | 1.8e+01 3.7e+00 1.445e+00
#850  2426   1 | 1.38e+00 1.42e-07 +0.542  1.00 | 1.03e+00 6.08e-02 +0.069  1.00 | 5.8e+00 4.2e+00 2.961e+00
#851  2982   1 | 1.12e+00 4.31e-04 -0.507  1.00 | 1.05e+00 1.44e-01 +0.264  0.95 | 3.7e+00 4.0e+00 2.298e+00
#852  3962   1 | 1.14e+00 3.17e-04 -0.064  1.00 | 1.01e+00 1.04e-01 +0.017  1.01 | 3.4e+00 4.0e+00 2.310e+00
#853  2827   1 | 6.09e-01 3.00e-04 -0.122  1.00 | 1.08e+00 1.29e-01 -0.072  1.03 | 2.8e+00 4.0e+00 1.583e+00
#854  1241   1 | 1.15e+00 2.46e-08 -0.684  1.00 | 9.43e-01 4.98e-02 +0.185  0.98 | 6.4e+00 4.0e+00 2.187e+00
#855  3477   1 | 1.02e+00 3.19e-04 -0.140  1.00 | 1.08e+00 9.54e-02 +0.170  0.98 | 4.8e+00 3.8e+00 2.182e+00
#856  3098   1 | 5.62e-01 1.34e-05 -0.577  1.00 | 1.03e+00 9.86e-02 +0.183  0.97 | 5.4e+00 4.1e+00 1.347e+00
#857  4661   1 | 1.12e+00 1.27e-05 -0.528  1.00 | 1.02e+00 8.68e-02 +0.188  0.98 | 6.6e+00 4.4e+00 2.260e+00
#858  3313   1 | 1.27e+00 3.83e-05 +0.763  1.00 | 1.08e+00 1.23e-01 +0.026  1.01 | 5.9e+00 3.9e+00 2.796e+00
#859  2648   1 | 9.65e-01 1.66e-04 -0.064  1.00 | 9.60e-01 1.19e-01 -0.064  1.03 | 3.0e+00 3.9e+00 1.882e+00
#860  3608   1 | 1.67e+00 1.63e-04 -0.073  1.00 | 9.65e-01 1.13e-01 -0.106  1.04 | 4.2e+00 4.2e+00 3.743e+00
#861  4289   1 | 8.27e-01 5.26e-05 +0.084  1.00 | 9.54e-01 1.06e-01 +0.130  0.98 | 5.3e+00 4.1e+00 1.579e+00
#862  1312   1 | 8.89e-01 1.03e-08 -0.015  1.00 | 9.15e-01 7.69e-02 -0.039  1.01 | 8.6e+00 4.5e+00 1.639e+00
#863  3752   1 | 1.17e+00 5.26e-05 -0.098  1.00 | 1.17e+00 1.31e-01 +0.165  0.98 | 4.9e+00 4.5e+00 2.692e+00
#864  4543   1 | 1.30e+00 2.18e-04 +0.643  1.00 | 9.64e-01 1.55e-01 +0.288  0.93 | 4.3e+00 4.6e+00 2.550e+00
#865  4008   1 | 1.13e+00 3.70e-05 -0.201  1.00 | 9.88e-01 1.11e-01 +0.225  0.96 | 5.1e+00 3.9e+00 2.217e+00
#866  2175   1 | 9.62e-01 5.33e-10 -0.058  1.00 | 1.06e+00 8.43e-02 +0.078  0.99 | 9.7e+00 4.4e+00 2.051e+00
#867  4896   1 | 1.14e+00 2.04e-04 -0.585  1.00 | 1.13e+00 1.28e-01 +0.359  0.93 | 3.9e+00 4.3e+00 2.507e+00
#868  1983   1 | 1.30e+00 8.75e-09 +0.188  1.00 | 1.09e+00 3.65e-02 +0.034  1.00 | 8.7e+00 3.8e+00 2.897e+00
#869  3496   1 | 1.02e+00 3.47e-04 +0.336  1.00 | 9.92e-01 9.26e-02 +0.020  1.01 | 3.4e+00 4.0e+00 2.023e+00
#870   487   1 | 1.32e+00 1.37e-06 -0.244  1.00 | 1.12e+00 4.64e-02 +0.044  1.00 | 5.9e+00 3.7e+00 3.005e+00
#871  1443   1 | 1.40e+00 3.34e-09 +0.048  1.00 | 1.01e+00 5.04e-02 -0.039  1.01 | 9.6e+00 3.5e+00 2.998e+00
#872  2533   1 | 1.13e+00 1.43e-04 -0.057  1.00 | 9.75e-01 1.55e-01 +0.081  1.00 | 2.5e+00 4.6e+00 2.237e+00
#873  2221   1 | 1.08e+00 3.69e-10 +0.163  1.00 | 1.04e+00 4.97e-02 -0.212  1.02 | 1.1e+01 4.2e+00 2.265e+00
#874  1323   1 | 5.69e-01 5.56e-09 -0.337  1.00 | 9.77e-01 8.04e-02 +0.087  0.99 | 9.8e+00 4.2e+00 1.272e+00
#875   486   1 | 1.09e+00 2.63e-06 +0.820  1.00 | 9.37e-01 7.73e-02 +0.057  1.00 | 4.7e+00 4.2e+00 2.058e+00
#876  2838   1 | 9.95e-01 2.75e-04 +0.786  1.00 | 1.07e+00 1.06e-01 +0.010  1.01 | 3.0e+00 4.0e+00 2.154e+00
#877  3369   1 | 8.39e-01 6.84e-04 +0.447  1.00 | 1.01e+00 1.90e-01 +0.135  0.98 | 2.7e+00 4.9e+00 1.713e+00
#878  4023   1 | 5.17e-01 8.43e-07 +0.396  1.00 | 9.97e-01 1.11e-01 +0.116  0.99 | 4.6e+00 4.1e+00 1.248e+00
#879   875   1 | 7.28e-01 3.76e-06 +0.291  1.00 | 9.46e-01 4.32e-02 -0.033  1.01 | 5.3e+00 4.0e+00 1.430e+00
#880  4270   1 | 1.08e+00 3.29e-04 -0.135  1.00 | 9.70e-01 1.53e-01 +0.248  0.95 | 2.5e+00 4.2e+00 2.049e+00
#881  4865   1 | 5.71e-01 6.85e-04 +0.803  1.00 | 1.05e+00 9.56e-02 +0.306  0.95 | 3.1e+00 3.9e+00 1.380e+00
#882  1165   1 | 1.04e+00 3.30e-08 -0.318  1.00 | 1.02e+00 4.95e-02 +0.151  0.99 | 8.8e+00 3.9e+00 2.113e+00
#883  4391   1 | 6.99e-01 8.94e-04 -0.180  1.00 | 1.00e+00 1.57e-01 +0.207  0.96 | 2.9e+00 4.1e+00 1.453e+00
#884   823   1 | 1.08e+00 1.61e-05 -0.028  1.00 | 9.68e-01 5.14e-02 +0.053  1.00 | 4.4e+00 4.0e+00 2.108e+00
#885  2200   1 | 1.31e+00 2.11e-08 -0.321  1.00 | 1.04e+00 3.22e-02 -0.005  1.00 | 8.1e+00 3.8e+00 2.779e+00
#886  3755   1 | 7.58e-01 1.04e-03 -0.267  1.00 | 9.49e-01 1.02e-01 +0.095  0.99 | 4.0e+00 3.9e+00 1.468e+00
#887  4007   1 | 9.58e-01 4.85e-04 -0.584  1.00 | 1.03e+00 1.46e-01 +0.151  0.98 | 4.1e+00 4.3e+00 1.959e+00
#888  2154   1 | 4.71e-01 5.16e-06 +0.311  1.00 | 9.87e-01 5.86e-02 +0.102  0.99 | 5.1e+00 3.7e+00 1.188e+00
#889  3138   1 | 8.34e-01 8.04e-04 +0.504  1.00 | 1.01e+00 2.03e-01 +0.102  1.00 | 3.0e+00 5.2e+00 1.721e+00
#890  1322   1 | 9.64e-01 5.36e-08 +0.112  1.00 | 1.03e+00 4.13e-02 -0.005  1.00 | 8.9e+00 3.7e+00 1.997e+00
#891  4233   1 | 9.93e-01 9.14e-04 +0.230  1.00 | 1.04e+00 1.40e-01 +0.283  0.94 | 2.9e+00 4.0e+00 2.009e+00
#892  1479   1 | 1.23e+00 5.23e-09 -0.056  1.00 | 9.89e-01 4.65e-02 +0.024  1.00 | 1.1e+01 4.2e+00 2.496e+00
#893  2570   1 | 1.11e+00 4.52e-05 +0.407  1.00 | 1.13e+00 3.92e-02 +0.206  0.99 | 3.6e+00 4.2e+00 2.506e+00
#894  4193   1 | 1.05e+00 4.14e-04 -0.642  1.00 | 1.03e+00 1.63e-01 +0.220  0.96 | 4.1e+00 4.6e+00 2.127e+00
#895  1913   1 | 1.15e+00 6.26e-11 +0.695  1.00 | 9.43e-01 4.24e-02 +0.030  1.00 | 1.2e+01 4.0e+00 2.201e+00
#896  3589   1 | 1.30e+00 1.08e-04 +0.038  1.00 | 9.64e-01 1.04e-01 +0.128  0.98 | 2.9e+00 3.7e+00 2.607e+00
#897   284   1 | 8.53e-01 1.15e-07 +0.579  1.00 | 9.10e-01 3.01e-02 +0.005  1.00 | 7.3e+00 3.9e+00 1.556e+00
#898  2928   1 | 1.02e+00 1.93e-06 +0.005  1.00 | 9.92e-01 6.94e-02 +0.004  1.00 | 3.8e+00 3.6e+00 2.030e+00
#899  1896   1 | 1.11e+00 1.55e-09 -0.023  1.00 | 1.02e+00 4.31e-02 +0.041  1.00 | 1.0e+01 4.1e+00 2.257e+00
[best] step 900: trailing ratio_p=0.9909 (new best)
#900  1587   1 | 1.38e+00 7.40e-09 +0.539  1.00 | 1.03e+00 3.16e-02 +0.139  0.99 | 1.0e+01 3.7e+00 2.950e+00
#901  2128   1 | 7.08e-01 1.40e-09 +0.008  1.00 | 1.09e+00 3.41e-02 +0.110  0.99 | 1.0e+01 3.8e+00 1.678e+00
#902  4058   1 | 1.07e+00 2.96e-04 +0.435  1.00 | 9.93e-01 1.08e-01 +0.218  0.96 | 3.4e+00 3.7e+00 2.097e+00
#903  3930   1 | 1.06e+00 8.01e-04 +0.125  1.00 | 8.36e-01 1.04e-01 +0.251  0.95 | 3.2e+00 3.9e+00 1.793e+00
#904  4130   1 | 6.20e-01 9.32e-04 -0.602  1.00 | 1.08e+00 1.27e-01 +0.126  0.98 | 3.0e+00 4.8e+00 1.542e+00
#905   860   1 | 1.08e+00 3.89e-05 +0.014  1.00 | 9.68e-01 5.23e-02 +0.129  0.99 | 3.2e+00 4.1e+00 2.100e+00
#906  1913   1 | 5.48e-01 1.56e-09 +0.694  1.00 | 1.03e+00 3.98e-02 +0.032  1.00 | 1.2e+01 3.6e+00 1.358e+00
#907  3903   1 | 7.55e-01 2.47e-03 -0.171  1.00 | 9.49e-01 1.22e-01 +0.069  1.00 | 3.6e+00 3.7e+00 1.471e+00
#908   403   1 | 4.46e-01 3.32e-07 -0.491  1.00 | 1.00e+00 5.82e-02 +0.060  1.00 | 8.9e+00 4.7e+00 1.199e+00
#909  1629   1 | 1.00e+00 2.49e-09 +0.013  1.00 | 1.07e+00 5.52e-02 -0.086  1.01 | 1.2e+01 3.9e+00 2.171e+00
#910   920   1 | 1.04e+00 5.62e-07 -0.318  1.00 | 1.02e+00 6.50e-02 +0.048  1.00 | 7.6e+00 4.1e+00 2.125e+00
#911  4239   1 | 1.33e+00 9.24e-05 +0.842  1.00 | 1.02e+00 1.69e-01 +0.197  0.96 | 3.0e+00 4.2e+00 2.758e+00
#912  3518   1 | 1.13e+00 8.13e-04 -0.283  1.00 | 1.01e+00 1.02e-01 +0.042  1.00 | 3.5e+00 3.5e+00 2.291e+00
#913  1168   1 | 6.24e-01 1.69e-06 -0.690  1.00 | 1.03e+00 3.48e-02 +0.203  0.99 | 7.4e+00 4.1e+00 1.434e+00
#914  2104   1 | 7.03e-01 2.29e-09 -0.295  1.00 | 1.00e+00 4.06e-02 +0.123  0.99 | 1.1e+01 4.1e+00 1.490e+00
#915   578   1 | 1.14e+00 4.95e-05 -0.393  1.00 | 9.88e-01 4.99e-02 +0.121  0.99 | 4.5e+00 3.7e+00 2.271e+00
#916  1555   1 | 1.40e+00 1.52e-10 +0.048  1.00 | 1.01e+00 4.47e-02 +0.034  1.00 | 1.4e+01 3.6e+00 2.990e+00
#917  1753   1 | 1.11e+00 1.87e-15 +0.017  1.00 | 9.80e-01 4.21e-02 -0.048  1.01 | 2.1e+01 4.1e+00 2.202e+00
#918   395   1 | 8.24e-01 5.66e-08 -0.389  1.00 | 9.42e-01 7.87e-02 +0.097  0.99 | 8.1e+00 4.2e+00 1.557e+00
#919  4934   1 | 1.34e+00 1.22e-03 -0.304  1.00 | 1.12e+00 1.99e-01 +0.267  0.94 | 3.8e+00 4.4e+00 2.982e+00
#920  1190   1 | 9.23e-01 4.80e-11 +0.311  1.00 | 9.51e-01 4.36e-02 +0.130  0.99 | 1.4e+01 4.0e+00 1.746e+00
#921  2973   1 | 1.01e+00 3.47e-04 +0.153  1.00 | 9.45e-01 1.57e-01 +0.080  1.00 | 2.6e+00 4.0e+00 1.910e+00
#922  1494   1 | 1.18e+00 7.58e-11 -0.369  1.00 | 9.58e-01 9.91e-02 -0.140  1.04 | 1.3e+01 4.8e+00 2.343e+00
#923  1438   1 | 1.21e+00 7.82e-10 -0.175  1.00 | 9.11e-01 6.68e-02 +0.007  1.00 | 1.2e+01 4.6e+00 2.291e+00
#924  2010   1 | 1.10e+00 1.93e-08 -0.366  1.00 | 9.82e-01 1.25e-01 -0.110  1.04 | 7.7e+00 4.7e+00 2.227e+00
#925   767   1 | 7.71e-01 5.97e-07 +0.027  1.00 | 9.59e-01 3.87e-02 -0.091  1.01 | 7.1e+00 3.7e+00 1.522e+00
#926  1624   1 | 9.63e-01 6.97e-13 -0.058  1.00 | 1.06e+00 6.52e-02 +0.111  0.99 | 1.5e+01 4.3e+00 2.049e+00
#927   672   1 | 9.57e-01 3.52e-07 +0.132  1.00 | 1.07e+00 2.84e-02 -0.077  1.00 | 8.0e+00 3.9e+00 2.076e+00
#928  3498   1 | 5.78e-01 2.26e-04 -0.083  1.00 | 1.04e+00 1.31e-01 -0.048  1.03 | 3.5e+00 3.9e+00 1.451e+00
#929  3816   1 | 1.29e+00 1.90e-04 -0.388  1.00 | 9.27e-01 1.08e-01 +0.086  0.99 | 2.8e+00 4.1e+00 2.513e+00
#930  1757   1 | 1.08e+00 5.56e-15 -0.162  1.00 | 1.04e+00 2.95e-02 -0.065  1.00 | 2.2e+01 4.4e+00 2.252e+00
#931  3918   1 | 1.29e+00 4.14e-04 +0.258  1.00 | 1.04e+00 1.36e-01 +0.052  1.00 | 3.0e+00 4.4e+00 2.742e+00
#932    86   1 | 1.22e+00 4.71e-07 -0.365  1.00 | 1.10e+00 2.57e-02 +0.092  1.00 | 4.3e+00 3.9e+00 2.712e+00
#933  1434   1 | 1.09e+00 1.94e-08 -0.817  1.00 | 9.37e-01 2.21e-02 +0.129  0.99 | 1.0e+01 4.0e+00 2.057e+00
#934  3256   1 | 1.27e+00 1.47e-05 +0.564  1.00 | 1.08e+00 9.33e-02 +0.160  0.98 | 3.4e+00 3.6e+00 2.768e+00
#935   641   1 | 1.31e+00 4.59e-07 -0.330  1.00 | 1.01e+00 1.44e-02 -0.120  1.00 | 9.5e+00 3.7e+00 2.749e+00
#936    97   1 | 7.28e-01 7.31e-05 -0.282  1.00 | 9.46e-01 1.82e-02 -0.160  1.01 | 3.6e+00 3.5e+00 1.431e+00
#937  3003   1 | 9.71e-01 7.55e-07 -0.378  1.00 | 1.02e+00 6.11e-02 +0.019  1.00 | 3.8e+00 3.7e+00 1.980e+00
#938   254   1 | 1.14e+00 2.71e-07 +0.333  1.00 | 9.75e-01 1.80e-02 -0.131  1.01 | 7.7e+00 3.9e+00 2.264e+00
#939  4522   1 | 5.64e-01 3.32e-06 +0.264  1.00 | 9.77e-01 8.93e-02 +0.091  0.99 | 3.4e+00 4.1e+00 1.266e+00
#940  2935   1 | 1.08e+00 8.81e-06 -0.528  1.00 | 9.70e-01 2.35e-02 +0.074  1.00 | 3.6e+00 4.2e+00 2.103e+00
#941  4250   1 | 9.99e-01 2.85e-04 +0.089  1.00 | 8.61e-01 1.55e-01 +0.076  1.01 | 2.4e+00 4.5e+00 1.742e+00
#942   871   1 | 1.10e+00 1.98e-06 -0.249  1.00 | 1.08e+00 1.03e-02 +0.098  1.00 | 7.2e+00 4.0e+00 2.370e+00
#943  3504   1 | 1.33e+00 4.02e-04 -0.173  1.00 | 1.00e+00 1.64e-01 +0.125  0.99 | 2.7e+00 4.6e+00 2.751e+00
#944  2052   1 | 1.30e+00 5.36e-07 -0.188  1.00 | 1.09e+00 1.59e-02 -0.022  1.00 | 6.6e+00 4.0e+00 2.899e+00
#945  1168   1 | 1.08e+00 1.54e-06 +0.389  1.00 | 9.97e-01 1.13e-02 +0.142  1.00 | 7.4e+00 4.3e+00 2.151e+00
#946  4678   1 | 1.10e+00 5.12e-06 -0.332  1.00 | 1.06e+00 1.20e-01 +0.288  0.95 | 4.2e+00 4.1e+00 2.277e+00
#947  4820   1 | 1.17e+00 1.41e-04 +0.600  1.00 | 1.17e+00 1.37e-01 +0.311  0.94 | 2.6e+00 4.2e+00 2.656e+00
#948  1155   1 | 8.89e-01 2.14e-07 -0.015  1.00 | 9.15e-01 1.19e-02 +0.006  1.00 | 9.6e+00 4.6e+00 1.627e+00
#949    24   1 | 9.70e-01 7.58e-05 -0.665  1.00 | 1.06e+00 8.17e-02 -0.086  1.02 | 2.2e+00 4.1e+00 2.081e+00
#950  4613   1 | 4.92e-01 2.32e-04 -0.097  1.00 | 1.12e+00 1.40e-01 +0.490  0.89 | 3.4e+00 4.2e+00 1.357e+00
#951  4639   1 | 5.08e-01 4.88e-04 +0.435  1.00 | 9.97e-01 1.71e-01 +0.230  0.95 | 2.8e+00 4.5e+00 1.202e+00
#952  3422   1 | 1.11e+00 1.14e-04 +0.538  1.00 | 1.05e+00 9.22e-02 +0.097  0.99 | 3.1e+00 3.8e+00 2.321e+00
#953  4704   1 | 1.01e+00 3.95e-05 +0.400  1.00 | 1.13e+00 1.48e-01 +0.426  0.91 | 3.2e+00 4.6e+00 2.178e+00
#954  2235   1 | 9.08e-01 2.67e-05 +0.230  1.00 | 9.18e-01 1.18e-02 +0.181  1.00 | 4.6e+00 3.8e+00 1.662e+00
#955   104   1 | 5.78e-01 5.17e-05 -0.276  1.00 | 1.05e+00 1.33e-02 -0.142  1.00 | 2.5e+00 3.5e+00 1.446e+00
#956  1587   1 | 1.65e+00 1.26e-08 -0.446  1.00 | 9.65e-01 1.14e-02 +0.030  1.00 | 1.1e+01 3.8e+00 3.668e+00
#957  2691   1 | 6.58e-01 2.00e-05 +0.856  1.00 | 1.07e+00 6.87e-02 +0.142  0.99 | 3.0e+00 4.0e+00 1.561e+00
#958  2488   1 | 1.04e+00 4.74e-06 -0.028  1.00 | 1.08e+00 1.30e-02 -0.032  1.00 | 4.2e+00 3.8e+00 2.257e+00
#959  1347   1 | 1.20e+00 2.27e-08 -0.240  1.00 | 1.05e+00 1.31e-02 -0.078  1.00 | 1.1e+01 3.9e+00 2.564e+00
#960  2393   1 | 8.29e-01 9.53e-06 +0.206  1.00 | 9.54e-01 2.24e-02 +0.213  0.99 | 4.2e+00 4.2e+00 1.589e+00
#961     4   1 | 9.61e-01 1.61e-04 +0.290  1.00 | 9.60e-01 1.62e-02 -0.191  1.01 | 3.5e+00 4.1e+00 1.851e+00
#962  3319   1 | 9.57e-01 2.57e-04 +0.619  1.00 | 1.06e+00 1.89e-01 +0.323  0.92 | 2.9e+00 4.4e+00 1.953e+00
#963  3708   1 | 1.00e+00 1.71e-04 -0.006  1.00 | 8.61e-01 1.33e-01 +0.059  1.01 | 3.6e+00 4.1e+00 1.754e+00
#964   695   1 | 8.21e-01 6.74e-05 +0.229  1.00 | 1.01e+00 1.94e-02 -0.062  1.00 | 6.0e+00 4.2e+00 1.704e+00
#965  4802   1 | 5.38e-01 1.76e-07 -0.371  1.00 | 1.04e+00 1.15e-01 +0.200  0.97 | 4.5e+00 4.9e+00 1.341e+00
#966  1997   1 | 8.90e-01 1.28e-08 +0.015  1.00 | 9.15e-01 1.38e-02 +0.013  1.00 | 1.3e+01 4.5e+00 1.630e+00
#967  1295   1 | 9.57e-01 1.86e-06 +0.131  1.00 | 1.07e+00 2.12e-02 +0.029  1.00 | 6.0e+00 4.2e+00 2.071e+00
#968  2624   1 | 5.82e-01 4.58e-05 +0.221  1.00 | 1.05e+00 2.42e-02 +0.150  0.99 | 3.2e+00 4.4e+00 1.440e+00
#969  4663   1 | 1.10e+00 1.75e-04 -0.440  1.00 | 1.08e+00 1.62e-01 +0.317  0.93 | 4.2e+00 4.3e+00 2.288e+00
#970  3536   1 | 1.07e+00 9.12e-05 +0.238  1.00 | 9.93e-01 2.38e-01 +0.057  1.03 | 3.4e+00 4.3e+00 2.156e+00
#971  2049   1 | 4.48e-01 5.38e-05 -0.489  1.00 | 1.00e+00 1.32e-02 +0.011  1.00 | 5.7e+00 3.9e+00 1.204e+00
#972  2858   1 | 8.63e-01 1.07e-05 +0.518  1.00 | 9.10e-01 9.39e-02 -0.034  1.02 | 3.4e+00 4.2e+00 1.587e+00
#973  4399   1 | 1.03e+00 3.94e-05 -0.499  1.00 | 1.08e+00 1.88e-01 +0.235  0.95 | 3.6e+00 4.3e+00 2.186e+00
#974  4584   1 | 1.21e+00 3.03e-05 -0.577  1.00 | 1.05e+00 2.32e-01 +0.265  0.93 | 3.8e+00 4.5e+00 2.498e+00
#975  2979   1 | 1.09e+00 8.05e-06 +0.281  1.00 | 9.82e-01 8.22e-02 +0.140  0.98 | 3.7e+00 4.2e+00 2.140e+00
#976  4760   1 | 1.36e+00 8.53e-05 -0.298  1.00 | 1.00e+00 2.47e-01 +0.241  0.94 | 3.2e+00 4.9e+00 2.790e+00
#977  1647   1 | 1.32e+00 2.07e-09 +0.376  1.00 | 1.02e+00 1.45e-02 -0.040  1.00 | 1.5e+01 3.9e+00 2.777e+00
#978  4030   1 | 1.42e+00 2.95e-04 -0.082  1.00 | 1.01e+00 1.53e-01 +0.173  0.97 | 2.7e+00 3.8e+00 2.996e+00
#979  1540   1 | 1.65e+00 2.45e-08 -0.446  1.00 | 9.65e-01 1.58e-02 -0.026  1.00 | 1.2e+01 4.1e+00 3.669e+00
#980  3364   1 | 9.73e-01 2.27e-04 +0.800  1.00 | 9.60e-01 1.80e-01 +0.065  1.01 | 3.3e+00 3.8e+00 1.878e+00
#981  3663   1 | 1.28e+00 1.78e-05 +0.236  1.00 | 1.01e+00 1.58e-01 +0.014  1.02 | 4.2e+00 4.0e+00 2.682e+00
#982   510   1 | 1.02e+00 2.03e-05 +0.653  1.00 | 1.13e+00 9.21e-03 +0.017  1.00 | 7.3e+00 4.0e+00 2.318e+00
#983  4860   1 | 1.17e+00 1.07e-05 -0.551  1.00 | 1.17e+00 9.03e-02 +0.131  0.99 | 3.9e+00 4.2e+00 2.717e+00
#984  1068   1 | 1.08e+00 9.56e-06 +0.173  1.00 | 1.04e+00 1.78e-02 +0.065  1.00 | 5.4e+00 3.8e+00 2.250e+00
#985  2179   1 | 1.10e+00 1.62e-05 -0.024  1.00 | 1.02e+00 1.57e-02 +0.108  1.00 | 7.1e+00 3.8e+00 2.252e+00
#986  1665   1 | 4.70e-01 1.83e-07 +0.313  1.00 | 9.87e-01 1.93e-02 +0.114  1.00 | 1.4e+01 4.1e+00 1.192e+00
#987  3253   1 | 1.10e+00 9.85e-05 +0.528  1.00 | 9.37e-01 1.98e-01 +0.182  0.97 | 3.6e+00 4.0e+00 2.063e+00
#988  2429   1 | 1.18e+00 5.63e-06 -0.369  1.00 | 9.58e-01 1.22e-02 -0.111  1.00 | 8.3e+00 4.0e+00 2.309e+00
#989  3439   1 | 9.56e-01 4.42e-05 -0.641  1.00 | 1.03e+00 1.53e-01 +0.137  0.98 | 3.7e+00 3.9e+00 1.959e+00
#990    56   1 | 7.01e-01 1.96e-04 +0.295  1.00 | 1.00e+00 2.82e-02 +0.197  0.99 | 5.8e+00 4.8e+00 1.486e+00
#991   492   1 | 7.28e-01 3.96e-04 -0.292  1.00 | 9.46e-01 1.88e-02 +0.152  0.99 | 4.8e+00 4.2e+00 1.420e+00
#992  2680   1 | 9.80e-01 1.23e-05 +0.065  1.00 | 1.04e+00 2.15e-02 +0.057  1.00 | 3.7e+00 4.1e+00 2.045e+00
#993   962   1 | 9.23e-01 7.34e-06 -0.310  1.00 | 9.51e-01 2.24e-02 +0.020  1.00 | 1.0e+01 4.4e+00 1.756e+00
#994  3459   1 | 9.85e-01 5.17e-05 -0.551  1.00 | 1.06e+00 2.19e-01 +0.219  0.95 | 3.6e+00 4.2e+00 2.036e+00
#995  3842   1 | 1.13e+00 1.20e-04 +0.275  1.00 | 9.88e-01 1.76e-01 -0.112  1.07 | 3.3e+00 4.3e+00 2.317e+00
#996  1277   1 | 4.94e-01 2.74e-07 +0.381  1.00 | 1.12e+00 2.77e-02 +0.187  0.99 | 1.0e+01 3.9e+00 1.482e+00
#997   567   1 | 1.11e+00 3.80e-05 +0.016  1.00 | 9.80e-01 2.78e-02 +0.097  1.00 | 4.8e+00 4.3e+00 2.197e+00
#998  2853   1 | 1.06e+00 1.10e-05 -0.062  1.00 | 1.03e+00 8.21e-02 +0.134  0.98 | 3.4e+00 3.9e+00 2.167e+00
#999  3825   1 | 1.29e+00 8.74e-04 -0.506  1.00 | 1.09e+00 2.02e-01 +0.052  1.01 | 3.2e+00 4.2e+00 2.874e+00
[best] step 1000: trailing ratio_p=0.9905 (new best)
#1000  4958   1 | 9.67e-01 1.13e-05 -0.136  1.00 | 1.02e+00 1.79e-01 +0.180  0.97 | 3.9e+00 4.0e+00 1.938e+00
#1001  1221   1 | 1.13e+00 1.09e-05 -0.053  1.00 | 1.05e+00 3.31e-02 +0.103  0.99 | 6.5e+00 4.2e+00 2.384e+00
#1002  4951   1 | 1.34e+00 2.44e-05 +0.344  1.00 | 1.12e+00 1.55e-01 +0.252  0.95 | 4.0e+00 4.2e+00 2.999e+00
#1003   451   1 | 1.04e+00 4.60e-07 -0.115  1.00 | 8.36e-01 2.57e-02 -0.074  1.01 | 8.9e+00 3.9e+00 1.787e+00
#1004  4504   1 | 6.98e-01 9.04e-06 -0.192  1.00 | 1.09e+00 2.08e-01 +0.207  0.96 | 3.8e+00 4.4e+00 1.621e+00
#1005  2271   1 | 1.12e+00 7.48e-07 -0.408  1.00 | 1.13e+00 4.02e-02 +0.175  0.99 | 5.7e+00 4.0e+00 2.516e+00
#1006  1053   1 | 1.15e+00 3.66e-09 +0.694  1.00 | 9.43e-01 3.40e-02 +0.042  1.00 | 1.3e+01 4.2e+00 2.201e+00
#1007  4700   1 | 1.30e+00 4.22e-04 +0.294  1.00 | 9.27e-01 2.09e-01 +0.201  0.96 | 3.0e+00 5.1e+00 2.514e+00
#1008   845   1 | 1.02e+00 4.16e-07 -0.064  1.00 | 9.92e-01 2.52e-02 -0.042  1.00 | 8.5e+00 3.8e+00 2.036e+00
#1009  3791   1 | 1.02e+00 8.88e-05 +0.175  1.00 | 1.02e+00 2.14e-01 +0.228  0.95 | 3.3e+00 4.2e+00 2.030e+00
#1010  3385   1 | 9.88e-01 6.29e-04 -0.821  1.00 | 1.07e+00 1.99e-01 +0.183  0.97 | 3.1e+00 4.3e+00 2.094e+00
#1011  3712   1 | 8.54e-01 5.13e-05 -0.043  1.00 | 9.42e-01 1.66e-01 +0.121  0.99 | 3.4e+00 4.0e+00 1.605e+00
#1012  3578   1 | 1.27e+00 3.78e-06 -0.434  1.00 | 1.08e+00 1.32e-01 +0.132  0.98 | 4.5e+00 4.6e+00 2.752e+00
#1013    57   1 | 5.45e-01 3.78e-08 +0.698  1.00 | 1.03e+00 4.96e-02 +0.012  1.00 | 9.6e+00 4.4e+00 1.357e+00
#1014   311   1 | 1.11e+00 3.01e-06 +0.596  1.00 | 1.06e+00 6.29e-02 +0.087  0.99 | 7.0e+00 4.0e+00 2.340e+00
#1015  1689   1 | 1.38e+00 1.36e-15 +0.539  1.00 | 1.03e+00 4.63e-02 -0.094  1.01 | 2.1e+01 3.8e+00 2.969e+00
#1016  2290   1 | 6.58e-01 5.99e-08 +0.495  1.00 | 1.07e+00 4.27e-02 +0.118  0.99 | 7.6e+00 3.8e+00 1.568e+00
#1017   755   1 | 7.71e-01 1.54e-10 -0.027  1.00 | 9.59e-01 3.90e-02 -0.076  1.01 | 1.4e+01 4.1e+00 1.521e+00
#1018  2349   1 | 7.41e-01 5.76e-06 -0.826  1.00 | 9.49e-01 7.00e-02 -0.027  1.01 | 4.9e+00 4.6e+00 1.459e+00
#1019  2915   1 | 6.34e-01 6.95e-04 +0.806  1.00 | 1.03e+00 1.54e-01 +0.050  1.01 | 2.2e+00 4.2e+00 1.467e+00
#1020  4787   1 | 1.12e+00 3.25e-07 +0.592  1.00 | 1.01e+00 1.26e-01 +0.204  0.96 | 4.8e+00 3.9e+00 2.222e+00
#1021   285   1 | 1.31e+00 3.96e-09 +0.320  1.00 | 1.04e+00 4.34e-02 +0.040  1.00 | 1.1e+01 4.1e+00 2.785e+00
#1022  1719   1 | 1.23e+00 7.68e-17 -0.056  1.00 | 9.89e-01 4.78e-02 +0.112  0.99 | 2.4e+01 4.1e+00 2.485e+00
#1023  1106   1 | 5.12e-01 5.18e-11 -0.365  1.00 | 9.97e-01 3.04e-02 +0.137  0.99 | 1.5e+01 4.2e+00 1.249e+00
#1024   959   1 | 9.07e-01 6.64e-11 -0.232  1.00 | 9.18e-01 3.70e-02 -0.080  1.01 | 1.5e+01 3.8e+00 1.672e+00
#1025  2541   1 | 1.13e+00 2.02e-05 +0.381  1.00 | 9.75e-01 9.26e-02 -0.212  1.05 | 3.7e+00 4.4e+00 2.284e+00
#1026   890   1 | 1.22e+00 7.22e-08 -0.293  1.00 | 1.10e+00 2.02e-02 +0.004  1.00 | 1.1e+01 4.3e+00 2.715e+00
#1027  1084   1 | 1.21e+00 2.92e-10 +0.175  1.00 | 9.11e-01 3.42e-02 +0.046  1.00 | 1.4e+01 4.0e+00 2.287e+00
#1028  4169   1 | 1.02e+00 6.76e-05 +0.648  1.00 | 9.45e-01 1.92e-01 +0.060  1.02 | 3.3e+00 4.3e+00 1.947e+00
#1029  2423   1 | 1.08e+00 3.07e-06 -0.025  1.00 | 9.68e-01 2.64e-02 +0.016  1.00 | 4.7e+00 3.7e+00 2.104e+00
#1030  1794   1 | 5.99e-01 1.50e-14 -0.276  1.00 | 1.08e+00 2.61e-02 +0.113  1.00 | 2.2e+01 4.1e+00 1.528e+00
#1031  2806   1 | 1.08e+00 2.03e-05 -0.556  1.00 | 9.70e-01 4.27e-02 +0.014  1.00 | 3.1e+00 3.8e+00 2.104e+00
#1032  4166   1 | 1.08e+00 8.13e-05 +0.577  1.00 | 9.97e-01 1.73e-01 +0.161  0.97 | 3.1e+00 4.1e+00 2.125e+00
#1033  1448   1 | 5.69e-01 1.59e-07 -0.337  1.00 | 9.77e-01 2.63e-02 +0.080  1.00 | 1.1e+01 4.2e+00 1.276e+00
#1034  2166   1 | 1.30e+00 3.92e-08 -0.465  1.00 | 9.64e-01 2.55e-02 -0.038  1.00 | 1.1e+01 4.5e+00 2.610e+00
#1035  1585   1 | 8.27e-01 2.31e-11 +0.197  1.00 | 9.54e-01 2.55e-02 +0.085  1.00 | 1.6e+01 3.8e+00 1.589e+00
#1036  1994   1 | 1.31e+00 3.93e-10 +0.321  1.00 | 1.04e+00 2.74e-02 +0.047  1.00 | 1.6e+01 4.0e+00 2.777e+00
#1037  4748   1 | 1.08e+00 1.48e-04 +0.672  1.00 | 9.97e-01 8.91e-02 +0.292  0.96 | 3.1e+00 3.4e+00 2.122e+00
#1038  3329   1 | 1.11e+00 2.88e-04 +0.268  1.00 | 1.06e+00 1.68e-01 +0.100  0.99 | 2.8e+00 4.4e+00 2.359e+00
#1039  2787   1 | 1.10e+00 2.62e-05 -0.048  1.00 | 1.08e+00 3.26e-02 +0.094  1.00 | 3.1e+00 3.7e+00 2.368e+00
#1040  1977   1 | 9.20e-01 2.50e-09 +0.312  1.00 | 9.51e-01 1.38e-02 +0.057  1.00 | 1.4e+01 3.9e+00 1.748e+00
#1041   696   1 | 8.53e-01 3.64e-08 -0.579  1.00 | 9.10e-01 2.33e-02 -0.118  1.01 | 1.2e+01 3.9e+00 1.560e+00
#1042   560   1 | 5.78e-01 1.65e-07 -0.125  1.00 | 1.05e+00 3.68e-02 -0.122  1.01 | 6.5e+00 4.4e+00 1.453e+00
#1043   578   1 | 1.11e+00 3.54e-06 -0.017  1.00 | 9.80e-01 2.19e-02 +0.027  1.00 | 8.1e+00 3.9e+00 2.201e+00
#1044   572   1 | 1.40e+00 1.55e-08 -0.048  1.00 | 1.01e+00 2.10e-02 +0.012  1.00 | 1.3e+01 4.1e+00 2.991e+00
#1045  3627   1 | 7.15e-01 6.00e-06 -0.290  1.00 | 1.00e+00 2.00e-01 +0.202  0.96 | 4.0e+00 4.2e+00 1.475e+00
#1046  4410   1 | 1.31e+00 3.70e-06 -0.224  1.00 | 1.09e+00 1.16e-01 +0.276  0.95 | 4.2e+00 4.1e+00 2.848e+00
#1047  3713   1 | 1.01e+00 2.45e-04 +0.077  1.00 | 1.08e+00 1.73e-01 +0.095  1.00 | 3.2e+00 4.4e+00 2.184e+00
#1048  3160   1 | 1.08e+00 1.39e-04 +0.086  1.00 | 9.68e-01 1.16e-01 +0.190  0.97 | 3.2e+00 3.6e+00 2.066e+00
#1049   866   1 | 5.69e-01 5.10e-09 +0.338  1.00 | 9.77e-01 1.85e-02 -0.054  1.00 | 1.2e+01 4.0e+00 1.281e+00
#1050  3892   1 | 1.02e+00 1.15e-04 +0.520  1.00 | 9.45e-01 1.50e-01 +0.170  0.97 | 3.7e+00 4.6e+00 1.917e+00
#1051  1841   1 | 9.76e-01 1.59e-10 +0.007  1.00 | 1.04e+00 1.87e-02 +0.039  1.00 | 1.8e+01 4.0e+00 2.038e+00
#1052  4011   1 | 9.15e-01 2.27e-04 +0.046  1.00 | 9.15e-01 1.71e-01 -0.011  1.04 | 3.1e+00 4.3e+00 1.707e+00
#1053  2289   1 | 9.99e-01 1.30e-06 -0.013  1.00 | 1.07e+00 1.91e-02 -0.166  1.01 | 8.0e+00 4.2e+00 2.160e+00
#1054  3680   1 | 9.90e-01 3.33e-06 +0.515  1.00 | 1.06e+00 1.06e-01 +0.224  0.97 | 4.3e+00 3.5e+00 2.059e+00
#1055  3232   1 | 1.29e+00 3.08e-06 +0.496  1.00 | 9.27e-01 3.52e-02 +0.089  0.99 | 4.4e+00 4.0e+00 2.520e+00
#1056   547   1 | 9.60e-01 1.05e-08 -0.285  1.00 | 9.60e-01 1.38e-02 +0.046  1.00 | 1.6e+01 4.1e+00 1.843e+00
#1057   390   1 | 1.07e+00 1.10e-07 -0.518  1.00 | 9.70e-01 1.42e-02 -0.017  1.00 | 1.3e+01 3.8e+00 2.089e+00
#1058  4704   1 | 1.30e+00 3.39e-04 +0.466  1.00 | 1.08e+00 1.50e-01 +0.244  0.95 | 3.0e+00 4.1e+00 2.808e+00
#1059   134   1 | 8.22e-01 8.17e-07 +0.229  1.00 | 1.01e+00 1.96e-02 +0.115  1.00 | 1.1e+01 4.2e+00 1.697e+00
#1060  2434   1 | 4.49e-01 5.42e-07 -0.488  1.00 | 1.00e+00 2.13e-02 -0.041  1.00 | 1.1e+01 4.4e+00 1.207e+00
#1061   926   1 | 1.14e+00 1.99e-09 +0.333  1.00 | 9.75e-01 1.52e-02 -0.190  1.01 | 1.6e+01 3.7e+00 2.264e+00
#1062   637   1 | 9.65e-01 8.16e-08 -0.058  1.00 | 1.06e+00 1.81e-02 +0.109  1.00 | 1.1e+01 4.0e+00 2.058e+00
#1063  2415   1 | 1.04e+00 1.27e-05 -0.319  1.00 | 1.02e+00 2.44e-02 +0.163  0.99 | 7.0e+00 4.2e+00 2.110e+00
#1064  1738   1 | 9.99e-01 8.93e-15 -0.524  1.00 | 8.61e-01 1.96e-02 +0.213  0.99 | 2.6e+01 4.1e+00 1.732e+00
#1065  4539   1 | 8.20e-01 1.21e-05 +0.239  1.00 | 9.54e-01 1.48e-01 +0.128  0.98 | 3.4e+00 4.2e+00 1.568e+00
#1066   189   1 | 6.23e-01 3.48e-06 -0.690  1.00 | 1.03e+00 1.31e-02 +0.198  1.00 | 8.0e+00 3.8e+00 1.442e+00
#1067  2374   1 | 1.32e+00 3.92e-06 -0.245  1.00 | 1.12e+00 3.21e-02 +0.029  1.00 | 7.5e+00 4.4e+00 2.989e+00
#1068  2744   1 | 9.71e-01 7.59e-05 -0.018  1.00 | 1.02e+00 4.34e-02 +0.057  1.00 | 3.1e+00 4.5e+00 1.975e+00
#1069  2612   1 | 1.12e+00 1.67e-05 -0.627  1.00 | 1.01e+00 2.00e-02 +0.098  1.00 | 4.8e+00 4.2e+00 2.273e+00
#1070  2087   1 | 1.12e+00 5.93e-09 +0.404  1.00 | 1.13e+00 1.80e-02 +0.184  0.99 | 1.4e+01 4.0e+00 2.526e+00
#1071  3575   1 | 5.80e-01 3.48e-06 -0.111  1.00 | 1.04e+00 1.84e-01 +0.122  0.99 | 4.5e+00 4.1e+00 1.409e+00
#1072  3660   1 | 1.13e+00 1.22e-04 +0.243  1.00 | 9.88e-01 1.60e-01 +0.046  1.01 | 3.6e+00 4.2e+00 2.258e+00
#1073   946   1 | 1.65e+00 1.12e-10 +0.446  1.00 | 9.65e-01 2.74e-02 +0.120  0.99 | 1.5e+01 4.7e+00 3.661e+00
#1074  4084   1 | 4.71e-01 3.63e-04 -0.024  1.00 | 9.87e-01 1.58e-01 +0.103  0.99 | 3.1e+00 3.9e+00 1.190e+00
#1075  1088   1 | 7.05e-01 3.28e-11 -0.008  1.00 | 1.09e+00 2.47e-02 +0.149  0.99 | 1.7e+01 3.9e+00 1.673e+00
#1076  1683   1 | 9.64e-01 1.82e-15 -0.112  1.00 | 1.03e+00 1.66e-02 +0.064  1.00 | 2.4e+01 3.6e+00 1.992e+00
#1077  2731   1 | 1.10e+00 6.46e-07 -0.019  1.00 | 1.02e+00 3.41e-02 +0.138  0.99 | 5.8e+00 4.0e+00 2.237e+00
#1078  2267   1 | 6.02e-01 1.32e-09 +0.275  1.00 | 1.08e+00 3.46e-02 +0.021  1.00 | 1.3e+01 4.1e+00 1.537e+00
#1079  3817   1 | 1.40e+00 4.34e-06 +0.699  1.00 | 1.03e+00 1.69e-01 +0.206  0.96 | 4.3e+00 4.5e+00 2.968e+00
#1080  3913   1 | 1.17e+00 7.63e-05 -0.279  1.00 | 9.11e-01 1.01e-01 +0.306  0.94 | 3.9e+00 3.7e+00 2.150e+00
#1081  1594   1 | 5.13e-01 6.25e-11 -0.365  1.00 | 9.97e-01 3.71e-02 +0.072  1.00 | 1.5e+01 4.1e+00 1.253e+00
#1082    59   1 | 1.32e+00 2.05e-08 -0.376  1.00 | 1.02e+00 2.55e-02 -0.021  1.00 | 1.1e+01 3.7e+00 2.779e+00
#1083   180   1 | 1.03e+00 2.65e-09 -0.064  1.00 | 9.92e-01 3.56e-02 +0.091  0.99 | 1.2e+01 4.1e+00 2.030e+00
#1084  2904   1 | 1.05e+00 5.73e-07 -0.134  1.00 | 8.36e-01 2.91e-02 +0.190  0.99 | 5.4e+00 3.5e+00 1.787e+00
#1085  2978   1 | 1.06e+00 5.42e-05 -0.139  1.00 | 1.03e+00 1.16e-01 +0.212  0.97 | 2.8e+00 4.2e+00 2.142e+00
#1086  4933   1 | 5.27e-01 1.36e-04 +0.258  1.00 | 1.03e+00 1.52e-01 +0.302  0.93 | 4.2e+00 3.8e+00 1.265e+00
#1087  4241   1 | 1.08e+00 2.42e-05 +0.446  1.00 | 9.82e-01 1.47e-01 +0.103  0.99 | 3.8e+00 4.0e+00 2.116e+00
#1088   549   1 | 6.58e-01 1.49e-10 +0.493  1.00 | 1.07e+00 6.22e-02 -0.128  1.02 | 1.3e+01 4.5e+00 1.598e+00
#1089  3911   1 | 8.57e-01 3.42e-04 +0.200  1.00 | 9.42e-01 1.69e-01 +0.245  0.94 | 3.1e+00 4.2e+00 1.571e+00
#1090     8   1 | 1.35e+00 1.48e-06 +0.008  1.00 | 1.00e+00 3.66e-02 +0.033  1.00 | 4.1e+00 4.0e+00 2.818e+00
#1091   817   1 | 1.17e+00 4.14e-09 +0.530  1.00 | 1.17e+00 3.78e-02 +0.046  1.00 | 1.1e+01 4.2e+00 2.732e+00
#1092  2162   1 | 1.13e+00 3.72e-08 -0.053  1.00 | 1.05e+00 5.86e-02 +0.162  0.99 | 9.2e+00 4.8e+00 2.364e+00
#1093  1072   1 | 1.22e+00 3.25e-16 +0.293  1.00 | 1.10e+00 4.11e-02 -0.028  1.00 | 2.1e+01 4.3e+00 2.719e+00
#1094  1970   1 | 1.08e+00 4.70e-14 -0.163  1.00 | 1.04e+00 5.66e-02 -0.016  1.00 | 1.6e+01 4.9e+00 2.250e+00
#1095   263   1 | 1.09e+00 3.71e-09 -0.818  1.00 | 9.37e-01 5.54e-02 -0.055  1.01 | 1.1e+01 4.1e+00 2.070e+00
#1096  4998   1 | 7.47e-01 6.81e-04 -0.088  1.00 | 9.59e-01 1.77e-01 +0.293  0.93 | 3.4e+00 4.3e+00 1.409e+00
#1097  2142   1 | 9.60e-01 2.35e-09 +0.131  1.00 | 1.07e+00 4.20e-02 +0.058  1.00 | 1.0e+01 3.9e+00 2.073e+00
#1098  2245   1 | 1.02e+00 5.24e-11 -0.651  1.00 | 1.13e+00 3.21e-02 -0.011  1.00 | 1.2e+01 3.7e+00 2.326e+00
#1099   215   1 | 1.21e+00 3.31e-09 -0.240  1.00 | 1.05e+00 4.54e-02 -0.001  1.00 | 1.0e+01 4.1e+00 2.567e+00
#1100  3262   1 | 7.51e-01 1.33e-06 -0.742  1.00 | 9.49e-01 1.76e-01 +0.103  1.00 | 4.5e+00 4.1e+00 1.462e+00
#1101  1225   1 | 7.28e-01 1.78e-11 -0.292  1.00 | 9.46e-01 4.46e-02 -0.072  1.01 | 1.4e+01 3.7e+00 1.434e+00
#1102  2655   1 | 1.14e+00 7.65e-08 -0.678  1.00 | 9.43e-01 5.25e-02 -0.013  1.00 | 7.1e+00 4.6e+00 2.203e+00
#1103  1263   1 | 1.08e+00 6.12e-11 +0.196  1.00 | 9.93e-01 4.27e-02 -0.012  1.00 | 1.2e+01 4.2e+00 2.156e+00
#1104  4265   1 | 1.29e+00 1.62e-04 -0.073  1.00 | 1.01e+00 1.45e-01 +0.248  0.95 | 3.3e+00 3.9e+00 2.633e+00
#1105  3175   1 | 1.18e+00 1.25e-05 -0.852  1.00 | 9.58e-01 1.96e-01 +0.029  1.03 | 4.0e+00 4.3e+00 2.334e+00
#1106  1029   1 | 1.29e+00 1.05e-08 -0.465  1.00 | 9.64e-01 3.97e-02 +0.185  0.99 | 1.1e+01 4.3e+00 2.593e+00
#1107  1000   1 | 9.07e-01 8.82e-14 +0.232  1.00 | 9.18e-01 4.01e-02 +0.068  1.00 | 1.6e+01 4.1e+00 1.661e+00
#1108   997   1 | 4.94e-01 1.84e-12 +0.381  1.00 | 1.12e+00 3.66e-02 +0.186  0.99 | 1.5e+01 3.9e+00 1.479e+00
#1109  2591   1 | 1.23e+00 2.34e-06 -0.056  1.00 | 9.89e-01 6.22e-02 -0.087  1.01 | 6.1e+00 4.7e+00 2.494e+00
#1110  1943   1 | 9.63e-01 1.34e-13 -0.112  1.00 | 1.03e+00 3.62e-02 +0.181  0.99 | 1.7e+01 4.3e+00 1.981e+00
#1111  3416   1 | 5.80e-01 4.02e-04 -0.200  1.00 | 9.77e-01 1.65e-01 +0.259  0.94 | 3.2e+00 4.0e+00 1.236e+00
#1112  1371   1 | 9.07e-01 1.36e-15 +0.232  1.00 | 9.18e-01 4.33e-02 +0.035  1.00 | 1.9e+01 4.2e+00 1.664e+00
#1113  4716   1 | 9.72e-01 1.98e-04 -0.582  1.00 | 1.02e+00 1.22e-01 +0.264  0.95 | 3.2e+00 3.8e+00 1.930e+00
#1114  1187   1 | 5.54e-01 4.60e-16 -0.285  1.00 | 1.04e+00 4.62e-02 -0.244  1.02 | 1.9e+01 4.1e+00 1.418e+00
#1115  3510   1 | 4.58e-01 3.42e-06 +0.155  1.00 | 1.00e+00 1.35e-01 +0.017  1.01 | 4.4e+00 3.9e+00 1.227e+00
#1116  2295   1 | 1.29e+00 1.14e-10 -0.407  1.00 | 1.08e+00 3.67e-02 +0.134  0.99 | 1.1e+01 4.1e+00 2.813e+00
#1117   819   1 | 1.31e+00 2.84e-08 +0.321  1.00 | 1.04e+00 3.07e-02 -0.033  1.00 | 9.3e+00 4.2e+00 2.788e+00
#1118  3607   1 | 6.47e-01 2.66e-06 -0.238  1.00 | 1.03e+00 1.17e-01 -0.055  1.03 | 4.0e+00 4.0e+00 1.504e+00
#1119   454   1 | 7.71e-01 2.19e-11 +0.027  1.00 | 9.59e-01 3.18e-02 -0.051  1.00 | 1.5e+01 4.2e+00 1.518e+00
#1120   512   1 | 1.03e+00 2.75e-12 +0.064  1.00 | 9.92e-01 2.79e-02 +0.031  1.00 | 1.6e+01 4.3e+00 2.033e+00
#1121  1948   1 | 1.10e+00 2.18e-09 -0.366  1.00 | 9.82e-01 2.05e-02 -0.109  1.01 | 1.0e+01 4.1e+00 2.190e+00
#1122   564   1 | 9.60e-01 8.46e-10 -0.285  1.00 | 9.60e-01 2.23e-02 +0.198  0.99 | 1.3e+01 3.9e+00 1.836e+00
#1123    51   1 | 1.32e+00 7.44e-06 +0.376  1.00 | 1.02e+00 3.32e-02 -0.008  1.00 | 5.8e+00 4.6e+00 2.779e+00
#1124  2679   1 | 1.02e+00 2.81e-07 -0.649  1.00 | 1.13e+00 2.68e-02 +0.044  1.00 | 6.4e+00 4.2e+00 2.328e+00
#1125  1465   1 | 7.38e-01 5.24e-14 +0.832  1.00 | 9.49e-01 3.05e-02 -0.043  1.00 | 1.9e+01 4.4e+00 1.450e+00
#1126   557   1 | 1.17e+00 1.52e-08 +0.530  1.00 | 1.17e+00 1.70e-02 -0.025  1.00 | 9.5e+00 3.4e+00 2.737e+00
#1127   272   1 | 8.24e-01 1.15e-07 -0.389  1.00 | 9.42e-01 1.61e-02 -0.013  1.00 | 8.5e+00 3.2e+00 1.566e+00
#1128   531   1 | 1.13e+00 1.89e-09 -0.053  1.00 | 1.05e+00 2.40e-02 +0.075  1.00 | 1.2e+01 4.1e+00 2.389e+00
#1129  4832   1 | 1.06e+00 1.35e-04 +0.212  1.00 | 9.70e-01 1.61e-01 +0.311  0.92 | 3.6e+00 3.9e+00 1.993e+00
#1130  1745   1 | 1.05e+00 1.87e-19 -0.039  1.00 | 1.08e+00 2.26e-02 +0.058  1.00 | 2.8e+01 4.2e+00 2.267e+00
#1131   342   1 | 1.14e+00 1.30e-10 +0.333  1.00 | 9.75e-01 3.15e-02 -0.122  1.01 | 1.4e+01 4.6e+00 2.268e+00
#1132   923   1 | 4.70e-01 1.25e-10 -0.313  1.00 | 9.87e-01 1.92e-02 -0.029  1.00 | 1.3e+01 4.3e+00 1.197e+00
#1133  4000   1 | 1.23e+00 1.20e-03 +0.459  1.00 | 1.10e+00 1.65e-01 +0.279  0.94 | 2.6e+00 3.8e+00 2.663e+00
#1134  2700   1 | 9.75e-01 4.00e-05 -0.567  1.00 | 1.06e+00 2.74e-02 +0.007  1.00 | 3.4e+00 4.1e+00 2.071e+00
#1135  4690   1 | 9.70e-01 2.60e-05 -0.282  1.00 | 1.06e+00 1.92e-01 +0.283  0.93 | 3.4e+00 4.4e+00 1.994e+00
#1136   677   1 | 1.11e+00 6.56e-09 -0.596  1.00 | 1.06e+00 1.49e-02 +0.086  1.00 | 1.2e+01 4.2e+00 2.345e+00
#1137  1420   1 | 1.21e+00 4.50e-14 -0.175  1.00 | 9.11e-01 1.77e-02 +0.134  1.00 | 1.9e+01 4.2e+00 2.283e+00
#1138  1066   1 | 1.38e+00 9.75e-10 -0.539  1.00 | 1.03e+00 2.05e-02 -0.098  1.00 | 1.3e+01 4.2e+00 2.961e+00
#1139  2398   1 | 1.66e+00 1.67e-08 -0.446  1.00 | 9.65e-01 2.00e-02 +0.088  1.00 | 1.0e+01 4.2e+00 3.671e+00
#1140  1167   1 | 1.08e+00 2.15e-11 +0.389  1.00 | 9.97e-01 2.84e-02 -0.127  1.01 | 1.5e+01 4.8e+00 2.162e+00
#1141   357   1 | 9.75e-01 2.78e-11 +0.007  1.00 | 1.04e+00 2.13e-02 +0.112  1.00 | 1.4e+01 4.1e+00 2.032e+00
#1142  2452   1 | 8.30e-01 3.27e-09 +0.196  1.00 | 9.54e-01 2.36e-02 +0.118  0.99 | 1.1e+01 4.3e+00 1.593e+00
#1143  4598   1 | 1.10e+00 7.52e-04 -0.351  1.00 | 1.08e+00 1.76e-01 +0.221  0.95 | 3.0e+00 4.0e+00 2.325e+00
#1144  3467   1 | 1.09e+00 9.60e-06 +0.415  1.00 | 1.13e+00 1.29e-01 +0.208  0.97 | 4.0e+00 4.3e+00 2.437e+00
#1145  2304   1 | 1.08e+00 6.44e-10 +0.163  1.00 | 1.04e+00 1.30e-02 +0.159  1.00 | 1.1e+01 3.8e+00 2.234e+00
#1146  2663   1 | 1.08e+00 1.57e-05 -0.028  1.00 | 9.68e-01 1.80e-02 -0.027  1.00 | 4.5e+00 3.8e+00 2.103e+00
#1147  3901   1 | 6.34e-01 4.16e-04 +0.299  1.00 | 1.08e+00 2.15e-01 +0.144  0.98 | 3.3e+00 4.5e+00 1.556e+00
#1148  4554   1 | 5.73e-01 1.35e-03 +0.125  1.00 | 1.05e+00 1.65e-01 +0.250  0.95 | 3.3e+00 3.6e+00 1.376e+00
#1149   112   1 | 1.30e+00 7.65e-09 +0.536  1.00 | 9.27e-01 1.65e-02 +0.073  1.00 | 9.2e+00 3.9e+00 2.537e+00
#1150  3572   1 | 9.80e-01 4.47e-06 +0.180  1.00 | 1.07e+00 1.32e-01 +0.117  0.99 | 4.2e+00 3.7e+00 2.100e+00
#1151   492   1 | 1.23e+00 5.63e-08 +0.056  1.00 | 9.89e-01 2.39e-02 -0.120  1.01 | 9.6e+00 4.2e+00 2.506e+00
#1152  2687   1 | 1.30e+00 1.12e-04 -0.331  1.00 | 1.01e+00 2.27e-02 +0.114  1.00 | 3.1e+00 3.5e+00 2.714e+00
#1153  3241   1 | 6.59e-01 9.17e-07 -0.476  1.00 | 1.07e+00 6.12e-02 +0.161  0.98 | 4.8e+00 4.6e+00 1.561e+00
#1154  1231   1 | 8.89e-01 1.73e-11 +0.015  1.00 | 9.15e-01 2.39e-02 -0.024  1.00 | 1.4e+01 4.2e+00 1.629e+00
#1155  2903   1 | 1.05e+00 2.12e-06 -0.134  1.00 | 8.36e-01 4.21e-02 +0.242  0.98 | 4.7e+00 4.6e+00 1.780e+00
#1156  1298   1 | 9.98e-01 2.04e-12 -0.511  1.00 | 9.45e-01 2.02e-02 +0.038  1.00 | 1.4e+01 4.2e+00 1.890e+00
#1157  3327   1 | 7.36e-01 3.78e-06 -0.527  1.00 | 9.46e-01 1.94e-01 -0.020  1.05 | 3.8e+00 4.1e+00 1.482e+00
#1158  2031   1 | 1.09e+00 1.22e-13 +0.816  1.00 | 9.37e-01 2.27e-02 +0.021  1.00 | 1.5e+01 3.8e+00 2.066e+00
#1159  2576   1 | 1.10e+00 7.20e-06 +0.400  1.00 | 1.02e+00 5.90e-02 +0.198  0.98 | 3.1e+00 3.9e+00 2.229e+00
#1160  3499   1 | 1.41e+00 1.02e-03 +0.048  1.00 | 1.01e+00 1.85e-01 +0.049  1.02 | 4.5e+00 3.5e+00 3.026e+00
#1161  1111   1 | 1.15e+00 1.14e-10 +0.693  1.00 | 9.43e-01 2.29e-02 +0.090  1.00 | 1.1e+01 4.0e+00 2.199e+00
#1162   582   1 | 5.12e-01 8.69e-09 +0.364  1.00 | 9.97e-01 3.12e-02 +0.070  1.00 | 8.9e+00 4.2e+00 1.253e+00
#1163  2392   1 | 1.11e+00 1.33e-08 -0.017  1.00 | 9.80e-01 3.79e-02 +0.144  0.99 | 8.0e+00 4.3e+00 2.178e+00
#1164  4845   1 | 1.15e+00 7.15e-04 -0.237  1.00 | 9.88e-01 2.19e-01 +0.422  0.86 | 3.0e+00 4.3e+00 2.162e+00
#1165  4442   1 | 1.07e+00 6.24e-04 -0.164  1.00 | 1.03e+00 1.77e-01 +0.258  0.94 | 4.1e+00 4.4e+00 2.143e+00
#1166   556   1 | 9.23e-01 1.70e-09 +0.308  1.00 | 9.51e-01 4.69e-02 -0.099  1.01 | 9.3e+00 4.5e+00 1.767e+00
#1167  2719   1 | 1.04e+00 7.42e-07 +0.313  1.00 | 1.02e+00 6.51e-02 -0.023  1.01 | 4.6e+00 4.5e+00 2.121e+00
#1168  1384   1 | 1.31e+00 8.96e-20 +0.187  1.00 | 1.09e+00 4.19e-02 +0.004  1.00 | 2.1e+01 4.3e+00 2.903e+00
#1169  1313   1 | 1.08e+00 2.90e-14 -0.196  1.00 | 9.93e-01 4.63e-02 -0.196  1.02 | 1.4e+01 3.9e+00 2.173e+00
#1170  3212   1 | 1.30e+00 6.48e-07 -0.018  1.00 | 9.64e-01 1.01e-01 +0.190  0.97 | 4.1e+00 3.9e+00 2.589e+00
#1171  4535   1 | 1.35e+00 3.85e-04 -0.217  1.00 | 1.00e+00 1.87e-01 +0.224  0.95 | 3.9e+00 4.1e+00 2.779e+00
#1172   197   1 | 1.32e+00 3.18e-09 -0.243  1.00 | 1.12e+00 3.87e-02 -0.052  1.00 | 8.4e+00 4.4e+00 3.013e+00
#1173  1660   1 | 4.95e-01 7.75e-20 -0.380  1.00 | 1.12e+00 4.00e-02 +0.147  0.99 | 2.1e+01 4.3e+00 1.481e+00
#1174   600   1 | 1.21e+00 5.34e-11 -0.240  1.00 | 1.05e+00 2.78e-02 -0.042  1.00 | 1.1e+01 3.6e+00 2.568e+00
#1175  4917   1 | 1.01e+00 1.51e-03 -0.116  1.00 | 1.07e+00 1.51e-01 +0.293  0.94 | 3.3e+00 4.1e+00 2.109e+00
#1176  1016   1 | 8.21e-01 1.64e-10 -0.228  1.00 | 1.01e+00 4.38e-02 -0.001  1.00 | 1.1e+01 4.1e+00 1.703e+00
#1177  2597   1 | 1.12e+00 1.10e-10 -0.630  1.00 | 1.01e+00 3.14e-02 -0.035  1.00 | 9.9e+00 3.9e+00 2.280e+00
#1178  1368   1 | 5.46e-01 4.76e-15 -0.697  1.00 | 1.03e+00 3.21e-02 -0.122  1.01 | 1.6e+01 4.1e+00 1.366e+00
#1179  3962   1 | 8.84e-01 3.04e-06 -0.164  1.00 | 9.10e-01 1.99e-01 +0.059  1.02 | 4.1e+00 4.0e+00 1.628e+00
#1180  1302   1 | 1.18e+00 3.37e-17 -0.369  1.00 | 9.58e-01 3.79e-02 +0.034  1.00 | 1.9e+01 4.3e+00 2.306e+00
#1181  3944   1 | 7.11e-01 5.16e-04 -0.225  1.00 | 1.00e+00 1.76e-01 -0.003  1.03 | 3.3e+00 3.9e+00 1.542e+00
#1182   484   1 | 9.98e-01 1.60e-06 +0.560  1.00 | 8.61e-01 2.78e-02 +0.094  1.00 | 5.1e+00 4.2e+00 1.734e+00
#1183  1470   1 | 7.06e-01 3.45e-16 +0.008  1.00 | 1.09e+00 2.35e-02 -0.041  1.00 | 1.8e+01 4.1e+00 1.684e+00
#1184  4412   1 | 5.95e-01 1.98e-06 +0.289  1.00 | 1.08e+00 1.54e-01 +0.200  0.96 | 3.9e+00 4.0e+00 1.486e+00
#1185  1625   1 | 7.06e-01 3.02e-15 -0.008  1.00 | 1.09e+00 2.17e-02 +0.010  1.00 | 1.8e+01 4.3e+00 1.682e+00
#1186   967   1 | 7.38e-01 1.90e-13 -0.833  1.00 | 9.49e-01 1.39e-02 -0.101  1.00 | 1.6e+01 4.1e+00 1.449e+00
#1187  2533   1 | 1.18e+00 1.96e-05 -0.614  1.00 | 9.58e-01 1.67e-01 +0.059  1.01 | 3.0e+00 4.3e+00 2.316e+00
#1188  3478   1 | 1.07e+00 7.24e-04 -0.369  1.00 | 9.68e-01 1.91e-01 +0.089  1.00 | 3.2e+00 4.3e+00 2.093e+00
#1189   429   1 | 1.07e+00 9.22e-09 +0.086  1.00 | 1.03e+00 1.58e-02 -0.008  1.00 | 9.7e+00 3.9e+00 2.204e+00
#1190   546   1 | 1.04e+00 4.56e-13 -0.318  1.00 | 1.02e+00 1.95e-02 +0.052  1.00 | 1.5e+01 4.1e+00 2.126e+00
#1191   374   1 | 1.29e+00 8.97e-09 -0.464  1.00 | 9.64e-01 1.85e-02 +0.050  1.00 | 8.4e+00 4.2e+00 2.605e+00
#1192  2383   1 | 4.71e-01 1.61e-07 +0.428  1.00 | 9.87e-01 2.65e-02 +0.146  0.99 | 5.7e+00 4.4e+00 1.190e+00
#1193  4621   1 | 1.01e+00 2.59e-05 -0.390  1.00 | 1.13e+00 1.48e-01 +0.160  0.98 | 4.7e+00 3.8e+00 2.274e+00
#1194  4061   1 | 5.74e-01 3.55e-05 +0.854  1.00 | 9.77e-01 2.29e-01 +0.185  0.97 | 3.7e+00 4.2e+00 1.254e+00
#1195  2353   1 | 5.51e-01 5.63e-07 +0.683  1.00 | 1.03e+00 2.36e-02 -0.168  1.01 | 5.6e+00 4.6e+00 1.371e+00
#1196   198   1 | 1.11e+00 3.45e-07 +0.025  1.00 | 9.80e-01 1.31e-02 -0.059  1.00 | 7.1e+00 3.8e+00 2.204e+00
#1197  2954   1 | 5.85e-01 3.93e-06 +0.562  1.00 | 1.05e+00 1.88e-01 +0.173  0.97 | 3.3e+00 4.3e+00 1.417e+00
#1198   118   1 | 1.32e+00 9.32e-06 -0.315  1.00 | 1.02e+00 1.98e-02 +0.039  1.00 | 3.8e+00 4.2e+00 2.776e+00
#1199  1269   1 | 7.71e-01 1.43e-12 -0.027  1.00 | 9.59e-01 1.24e-02 +0.091  1.00 | 1.4e+01 3.9e+00 1.512e+00
#1200  2356   1 | 9.71e-01 1.82e-07 +0.165  1.00 | 1.02e+00 2.24e-02 +0.108  1.00 | 5.2e+00 3.9e+00 1.974e+00
#1201  1754   1 | 1.11e+00 1.12e-20 +0.024  1.00 | 1.02e+00 1.38e-02 +0.184  1.00 | 2.6e+01 3.9e+00 2.254e+00
#1202  3242   1 | 9.11e-01 4.30e-07 -0.654  1.00 | 9.18e-01 7.50e-02 +0.047  1.00 | 4.4e+00 4.0e+00 1.670e+00
#1203  4995   1 | 1.11e+00 1.39e-04 +0.378  1.00 | 1.01e+00 1.55e-01 +0.164  0.97 | 3.6e+00 4.2e+00 2.222e+00
#1204  4087   1 | 1.02e+00 1.85e-05 +0.322  1.00 | 9.92e-01 2.03e-01 +0.124  0.99 | 4.2e+00 4.1e+00 2.021e+00
#1205  4154   1 | 9.63e-01 1.99e-04 +0.206  1.00 | 1.03e+00 1.75e-01 +0.392  0.90 | 3.5e+00 4.0e+00 1.882e+00
#1206  2973   1 | 1.10e+00 6.67e-04 +0.919  1.00 | 9.37e-01 1.95e-01 +0.102  1.00 | 2.6e+00 4.2e+00 2.081e+00
#1207  2324   1 | 8.29e-01 1.47e-07 -0.315  1.00 | 9.54e-01 1.94e-02 -0.060  1.00 | 5.7e+00 4.1e+00 1.599e+00
#1208  3908   1 | 1.00e+00 7.93e-05 -0.031  1.00 | 1.08e+00 1.74e-01 +0.137  0.98 | 4.4e+00 4.2e+00 2.161e+00
#1209  4663   1 | 1.06e+00 1.10e-04 -0.658  1.00 | 9.70e-01 1.48e-01 +0.195  0.96 | 4.6e+00 3.8e+00 2.036e+00
#1210  2362   1 | 1.20e+00 2.16e-07 -0.243  1.00 | 1.05e+00 1.23e-02 -0.029  1.00 | 6.3e+00 3.6e+00 2.549e+00
#1211    73   1 | 1.31e+00 9.67e-07 +0.206  1.00 | 1.09e+00 1.99e-02 -0.031  1.00 | 5.4e+00 4.5e+00 2.908e+00
#1212  3598   1 | 1.32e+00 5.23e-06 +0.317  1.00 | 1.00e+00 1.46e-01 +0.138  0.98 | 3.9e+00 3.7e+00 2.741e+00
#1213  3057   1 | 5.67e-01 1.15e-05 -0.347  1.00 | 1.04e+00 1.93e-01 +0.050  1.02 | 3.7e+00 4.1e+00 1.425e+00
#1214  2555   1 | 1.08e+00 8.49e-07 +0.279  1.00 | 9.93e-01 2.87e-02 +0.064  1.00 | 5.1e+00 4.7e+00 2.142e+00
#1215  4692   1 | 9.45e-01 5.07e-05 +0.319  1.00 | 1.07e+00 2.76e-01 +0.212  0.96 | 3.5e+00 4.6e+00 1.998e+00
#1216  1721   1 | 1.08e+00 2.15e-20 +0.162  1.00 | 1.04e+00 1.20e-02 -0.058  1.00 | 2.4e+01 4.0e+00 2.249e+00
#1217  3327   1 | 1.18e+00 4.58e-05 +0.452  1.00 | 9.11e-01 1.75e-01 +0.165  0.97 | 3.3e+00 4.3e+00 2.212e+00
#1218  4850   1 | 7.23e-01 7.28e-04 -0.074  1.00 | 9.46e-01 1.72e-01 +0.286  0.93 | 2.9e+00 3.8e+00 1.354e+00
#1219  2213   1 | 8.57e-01 1.92e-11 +0.578  1.00 | 9.10e-01 2.18e-02 +0.025  1.00 | 1.1e+01 4.3e+00 1.561e+00
#1220  4479   1 | 1.11e+00 1.78e-06 +0.669  1.00 | 1.06e+00 4.16e-02 +0.200  0.99 | 3.9e+00 4.2e+00 2.340e+00
#1221   694   1 | 1.40e+00 3.16e-09 -0.051  1.00 | 1.01e+00 1.55e-02 +0.079  1.00 | 8.8e+00 4.0e+00 2.989e+00
#1222  4846   1 | 6.10e-01 1.05e-04 -0.383  1.00 | 1.03e+00 1.37e-01 +0.429  0.90 | 3.1e+00 3.9e+00 1.328e+00
#1223  4880   1 | 1.17e+00 2.32e-04 +0.391  1.00 | 9.75e-01 1.27e-01 +0.243  0.95 | 3.1e+00 3.6e+00 2.267e+00
#1224  2082   1 | 1.14e+00 7.27e-12 -0.391  1.00 | 9.88e-01 1.23e-02 +0.151  1.00 | 1.2e+01 3.9e+00 2.271e+00
#1225  4690   1 | 1.15e+00 1.49e-05 +0.141  1.00 | 1.05e+00 1.44e-01 +0.531  0.87 | 3.7e+00 3.6e+00 2.282e+00
#1226   968   1 | 1.31e+00 3.15e-14 +0.330  1.00 | 1.01e+00 1.39e-02 +0.091  1.00 | 1.6e+01 3.7e+00 2.742e+00
#1227  4393   1 | 8.30e-01 3.17e-05 -0.194  1.00 | 9.42e-01 2.04e-01 +0.253  0.94 | 3.4e+00 4.5e+00 1.521e+00
#1228  4984   1 | 1.36e+00 2.12e-05 -0.203  1.00 | 1.03e+00 1.66e-01 +0.266  0.94 | 3.6e+00 4.1e+00 2.856e+00
#1229  2348   1 | 1.00e+00 4.36e-07 +0.147  1.00 | 8.61e-01 2.10e-02 -0.002  1.00 | 4.8e+00 4.0e+00 1.741e+00
#1230   342   1 | 9.23e-01 1.96e-11 +0.309  1.00 | 9.51e-01 2.13e-02 -0.164  1.01 | 1.2e+01 4.4e+00 1.763e+00
#1231  4990   1 | 4.92e-01 1.23e-04 -0.068  1.00 | 1.12e+00 1.95e-01 +0.392  0.89 | 3.8e+00 4.2e+00 1.357e+00
#1232   973   1 | 1.10e+00 1.20e-12 -0.251  1.00 | 1.08e+00 2.34e-02 +0.112  1.00 | 1.3e+01 3.9e+00 2.367e+00
#1233  3568   1 | 1.30e+00 2.84e-04 +0.031  1.00 | 1.12e+00 1.83e-01 +0.026  1.02 | 3.7e+00 3.9e+00 2.958e+00
#1234  2542   1 | 7.05e-01 7.47e-07 +0.076  1.00 | 1.00e+00 3.76e-02 +0.274  0.98 | 3.7e+00 4.4e+00 1.482e+00
#1235   912   1 | 9.64e-01 6.66e-12 +0.058  1.00 | 1.06e+00 2.90e-02 +0.204  0.99 | 1.3e+01 4.4e+00 2.050e+00
#1236   780   1 | 9.74e-01 2.61e-10 -0.018  1.00 | 1.04e+00 2.22e-02 +0.025  1.00 | 9.7e+00 3.8e+00 2.036e+00
#1237  1844   1 | 9.61e-01 1.41e-16 -0.284  1.00 | 9.60e-01 2.75e-02 +0.000  1.00 | 1.7e+01 3.7e+00 1.846e+00
#1238   408   1 | 1.04e+00 1.54e-09 -0.118  1.00 | 8.36e-01 3.47e-02 +0.051  1.00 | 9.1e+00 3.9e+00 1.782e+00
#1239   962   1 | 1.31e+00 6.98e-19 -0.320  1.00 | 1.04e+00 3.03e-02 +0.092  1.00 | 1.9e+01 4.2e+00 2.780e+00
#1240  4589   1 | 1.13e+00 5.75e-04 +0.405  1.00 | 1.13e+00 1.99e-01 +0.247  0.94 | 5.1e+00 4.3e+00 2.486e+00
#1241   330   1 | 1.15e+00 3.33e-07 +0.616  1.00 | 9.43e-01 3.17e-02 +0.082  1.00 | 5.2e+00 3.7e+00 2.197e+00
#1242  3705   1 | 8.47e-01 5.97e-04 +0.205  1.00 | 1.01e+00 1.98e-01 -0.062  1.06 | 5.3e+00 3.9e+00 1.808e+00
#1243  2375   1 | 5.15e-01 1.96e-09 +0.381  1.00 | 9.97e-01 3.27e-02 +0.095  0.99 | 8.0e+00 3.9e+00 1.254e+00
#1244  3974   1 | 6.58e-01 1.93e-04 -0.599  1.00 | 1.07e+00 2.01e-01 +0.157  0.98 | 3.8e+00 4.2e+00 1.550e+00
#1245  2887   1 | 1.29e+00 1.19e-05 -0.274  1.00 | 9.27e-01 1.75e-01 +0.029  1.02 | 3.3e+00 4.2e+00 2.550e+00
#1246  3908   1 | 1.02e+00 5.25e-03 -0.499  1.01 | 9.45e-01 2.25e-01 +0.256  0.94 | 4.6e+00 4.1e+00 1.890e+00
#1247  4620   1 | 1.22e+00 7.89e-04 -0.289  1.00 | 1.10e+00 2.23e-01 +0.156  0.98 | 4.9e+00 4.2e+00 2.689e+00
#1248  4719   1 | 4.41e-01 1.35e-05 +0.243  1.00 | 1.00e+00 2.19e-01 +0.143  0.99 | 4.8e+00 4.1e+00 1.183e+00
#1249  4425   1 | 9.76e-01 1.04e-04 +0.071  1.00 | 1.06e+00 1.72e-01 +0.224  0.95 | 3.7e+00 3.8e+00 2.019e+00
#1250  1533   1 | 8.89e-01 2.53e-17 -0.015  1.00 | 9.15e-01 6.55e-02 -0.112  1.02 | 1.7e+01 4.3e+00 1.645e+00
#1251  1748   1 | 1.11e+00 0.00e+00   +nan  1.00 | 9.82e-01 4.36e-02 -0.011  1.00 | 2.6e+01 4.3e+00 2.191e+00
#1252   595   1 | 1.08e+00 6.73e-15 +0.372  1.00 | 9.97e-01 4.07e-02 +0.113  0.99 | 1.3e+01 4.3e+00 2.147e+00
#1253  3446   1 | 1.27e+00 2.15e-05 -0.119  1.00 | 1.08e+00 1.99e-01 +0.072  1.01 | 3.9e+00 4.2e+00 2.789e+00
#1254   729   1 | 1.65e+00 1.27e-11 +0.447  1.00 | 9.65e-01 3.45e-02 -0.072  1.01 | 1.2e+01 3.8e+00 3.672e+00
#1255  4858   1 | 1.01e+00 1.77e-06 -0.068  1.00 | 1.07e+00 1.66e-01 +0.181  0.97 | 4.1e+00 3.6e+00 2.144e+00
#1256  3955   1 | 1.20e+00 7.29e-05 -0.268  1.00 | 9.89e-01 1.57e-01 +0.114  0.99 | 3.2e+00 3.8e+00 2.414e+00
#1257   822   1 | 1.17e+00 2.82e-07 +0.525  1.00 | 1.17e+00 2.47e-02 +0.158  0.99 | 6.9e+00 4.0e+00 2.727e+00
#1258  2085   1 | 9.19e-01 2.04e-12 +0.334  1.00 | 9.51e-01 4.38e-02 +0.035  1.00 | 9.8e+00 4.3e+00 1.747e+00
#1259   930   1 | 1.29e+00 4.43e-12 -0.466  1.00 | 9.64e-01 4.54e-02 +0.035  1.00 | 1.2e+01 4.3e+00 2.605e+00
#1260  3883   1 | 8.57e-01 6.41e-08 -0.472  1.00 | 9.42e-01 2.59e-01 +0.285  0.92 | 5.8e+00 4.6e+00 1.549e+00
#1261  3995   1 | 1.67e+00 1.76e-06 -0.160  1.00 | 9.65e-01 2.71e-01 +0.226  0.95 | 4.6e+00 4.5e+00 3.674e+00
#1262   505   1 | 9.07e-01 2.36e-13 -0.235  1.00 | 9.18e-01 5.66e-02 +0.021  1.00 | 1.3e+01 4.6e+00 1.666e+00
#1263  2404   1 | 7.04e-01 2.11e-08 -0.294  1.00 | 1.00e+00 6.80e-02 +0.283  0.97 | 6.5e+00 4.8e+00 1.466e+00
#1264  2134   1 | 1.09e+00 2.46e-11 -0.815  1.00 | 9.37e-01 4.25e-02 +0.045  1.00 | 1.1e+01 4.2e+00 2.065e+00
#1265  3409   1 | 1.39e+00 3.77e-06 -0.179  1.00 | 1.03e+00 1.96e-01 -0.003  1.04 | 4.3e+00 4.4e+00 3.032e+00
#1266   902   1 | 1.31e+00 9.60e-14 -0.184  1.00 | 1.09e+00 4.05e-02 +0.031  1.00 | 1.3e+01 4.3e+00 2.903e+00
#1267  1237   1 | 9.98e-01 1.56e-09 -0.533  1.00 | 8.61e-01 5.57e-02 +0.037  1.00 | 8.3e+00 4.2e+00 1.738e+00
#1268  3757   1 | 1.26e+00 1.67e-08 -0.030  1.00 | 1.08e+00 1.92e-01 +0.160  0.97 | 7.0e+00 4.2e+00 2.732e+00
#1269  3632   1 | 1.02e+00 5.02e-07 -0.290  1.00 | 1.02e+00 2.85e-01 +0.004  1.08 | 5.1e+00 4.7e+00 2.166e+00
#1270  2357   1 | 1.30e+00 6.83e-08 +0.443  1.00 | 1.04e+00 7.54e-02 +0.082  0.99 | 5.3e+00 4.2e+00 2.768e+00
#1271  1102   1 | 5.12e-01 6.17e-15 +0.367  1.00 | 9.97e-01 4.99e-02 +0.106  0.99 | 1.4e+01 4.3e+00 1.248e+00
#1272  4825   1 | 7.27e-01 5.14e-08 -0.150  1.00 | 9.49e-01 2.16e-01 +0.156  0.98 | 5.4e+00 4.3e+00 1.412e+00
#1273  1982   1 | 7.73e-01 4.91e-14 +0.026  1.00 | 9.59e-01 3.56e-02 -0.050  1.01 | 1.3e+01 4.1e+00 1.522e+00
#1274  1758   1 | 9.61e-01 0.00e+00   +nan  1.00 | 9.60e-01 3.79e-02 -0.106  1.01 | 2.9e+01 3.7e+00 1.854e+00
#1275  3881   1 | 8.51e-01 1.08e-08 -0.404  1.00 | 1.01e+00 1.70e-01 +0.044  1.01 | 6.3e+00 3.9e+00 1.764e+00
#1276  1326   1 | 1.08e+00 2.04e-15 -0.389  1.00 | 9.97e-01 7.24e-02 -0.069  1.02 | 1.5e+01 4.4e+00 2.168e+00
#1277  2440   1 | 1.11e+00 4.64e-09 +0.181  1.00 | 9.80e-01 5.98e-02 +0.118  0.99 | 6.3e+00 4.3e+00 2.177e+00
#1278  1778   1 | 1.29e+00 3.40e-21 +0.536  1.00 | 9.27e-01 4.03e-02 +0.214  0.98 | 2.1e+01 3.9e+00 2.521e+00
#1279  3287   1 | 1.13e+00 5.43e-08 -0.788  1.00 | 9.88e-01 1.91e-01 +0.168  0.97 | 6.2e+00 4.2e+00 2.231e+00
#1280   576   1 | 6.23e-01 7.97e-07 -0.691  1.00 | 1.03e+00 4.58e-02 +0.104  0.99 | 5.5e+00 4.0e+00 1.439e+00
#1281   591   1 | 1.12e+00 7.50e-13 -0.631  1.00 | 1.01e+00 3.42e-02 +0.184  0.99 | 1.2e+01 4.2e+00 2.261e+00
#1282    71   1 | 1.18e+00 4.97e-09 +0.373  1.00 | 9.58e-01 2.56e-02 -0.009  1.00 | 7.5e+00 3.6e+00 2.310e+00
#1283  2864   1 | 1.06e+00 7.32e-06 -0.134  1.00 | 1.03e+00 1.11e-01 +0.102  0.99 | 3.3e+00 4.3e+00 2.171e+00
#1284  1981   1 | 5.80e-01 3.92e-15 -0.137  1.00 | 1.05e+00 4.76e-02 +0.021  1.00 | 1.4e+01 4.1e+00 1.444e+00
#1285  3728   1 | 1.08e+00 1.62e-09 +0.370  1.00 | 1.02e+00 1.57e-01 +0.167  0.97 | 7.3e+00 3.7e+00 2.178e+00
#1286   172   1 | 1.21e+00 1.59e-14 -0.240  1.00 | 1.05e+00 4.13e-02 -0.175  1.02 | 1.4e+01 4.4e+00 2.582e+00
#1287  3537   1 | 1.09e+00 3.31e-08 -0.463  1.00 | 9.70e-01 1.73e-01 +0.173  0.97 | 6.6e+00 4.1e+00 2.098e+00
#1288  4320   1 | 5.68e-01 4.55e-08 -0.657  1.00 | 9.77e-01 1.83e-01 +0.153  0.98 | 6.1e+00 4.2e+00 1.256e+00
#1289   952   1 | 9.71e-01 1.26e-13 +0.030  1.00 | 1.02e+00 4.39e-02 -0.128  1.01 | 1.2e+01 4.6e+00 1.993e+00
#1290  1189   1 | 4.47e-01 3.12e-20 -0.491  1.00 | 1.00e+00 4.17e-02 -0.024  1.00 | 2.0e+01 4.1e+00 1.206e+00
#1291  1189   1 | 1.11e+00 5.90e-20 +0.596  1.00 | 1.06e+00 3.49e-02 -0.144  1.01 | 2.0e+01 4.0e+00 2.359e+00
#1292  2424   1 | 1.14e+00 1.47e-07 +0.146  1.00 | 9.75e-01 8.76e-02 +0.006  1.01 | 4.2e+00 4.1e+00 2.247e+00
#1293  1973   1 | 8.90e-01 1.70e-13 -0.015  1.00 | 9.15e-01 3.24e-02 -0.116  1.01 | 1.3e+01 4.0e+00 1.638e+00
#1294  4795   1 | 9.61e-01 7.16e-08 -0.581  1.00 | 1.04e+00 2.05e-01 +0.307  0.92 | 6.1e+00 4.5e+00 1.922e+00
#1295  1337   1 | 1.15e+00 1.43e-12 +0.695  1.00 | 9.43e-01 2.96e-02 +0.158  0.99 | 1.4e+01 4.1e+00 2.194e+00
#1296  2607   1 | 1.11e+00 4.99e-07 -0.398  1.00 | 1.13e+00 5.37e-02 +0.096  0.99 | 4.4e+00 3.9e+00 2.513e+00
#1297  2162   1 | 1.02e+00 5.12e-09 +0.106  1.00 | 9.92e-01 2.56e-02 -0.057  1.00 | 6.9e+00 4.1e+00 2.034e+00
#1298  2383   1 | 9.98e-01 2.56e-07 -0.019  1.00 | 1.07e+00 2.75e-02 -0.071  1.00 | 5.0e+00 3.6e+00 2.157e+00
#1299  3192   1 | 1.31e+00 4.06e-07 +0.398  1.00 | 1.12e+00 1.42e-01 -0.084  1.04 | 5.3e+00 4.2e+00 3.007e+00
[best] step 1300: trailing ratio_p=0.9873 (new best)
#1300  2765   1 | 1.20e+00 1.29e-05 -0.278  1.00 | 9.11e-01 1.25e-01 -0.054  1.03 | 3.0e+00 4.5e+00 2.290e+00
#1301  2720   1 | 5.55e-01 3.09e-06 +0.152  1.00 | 1.03e+00 9.72e-02 -0.112  1.03 | 3.4e+00 4.1e+00 1.399e+00
#1302   106   1 | 1.40e+00 4.63e-05 +0.036  1.00 | 1.01e+00 2.42e-02 -0.088  1.00 | 2.5e+00 3.9e+00 2.997e+00
#1303  4659   1 | 8.41e-01 1.48e-09 -0.067  1.00 | 9.10e-01 1.66e-01 +0.112  0.99 | 8.3e+00 4.3e+00 1.528e+00
#1304  2118   1 | 5.57e-01 1.77e-12 +0.275  1.00 | 1.04e+00 2.84e-02 -0.029  1.00 | 1.2e+01 6.2e+00 1.399e+00
#1305  3077   1 | 1.17e+00 1.46e-10 -0.568  1.00 | 1.17e+00 1.60e-01 +0.152  0.98 | 9.2e+00 4.3e+00 2.698e+00
#1306  3839   1 | 1.06e+00 1.69e-10 +0.253  1.00 | 8.36e-01 1.51e-01 +0.125  0.99 | 8.6e+00 3.9e+00 1.814e+00
#1307  4945   1 | 6.84e-01 1.20e-06 -0.718  1.00 | 1.09e+00 1.73e-01 +0.246  0.95 | 4.2e+00 4.5e+00 1.589e+00
#1308  2031   1 | 6.00e-01 3.93e-10 -0.275  1.00 | 1.08e+00 1.14e-02 -0.063  1.00 | 1.3e+01 4.3e+00 1.537e+00
#1309   981   1 | 1.31e+00 7.30e-13 -0.330  1.00 | 1.01e+00 9.06e-03 -0.019  1.00 | 1.8e+01 3.8e+00 2.745e+00
#1310  2478   1 | 9.62e-01 1.38e-06 +0.058  1.00 | 1.06e+00 9.53e-03 +0.166  1.00 | 5.4e+00 3.7e+00 2.053e+00
#1311  3533   1 | 1.21e+00 1.51e-09 +0.422  1.00 | 9.89e-01 1.39e-01 +0.077  1.00 | 8.4e+00 3.9e+00 2.437e+00
#1312  4989   1 | 4.67e-01 7.24e-07 +0.111  1.00 | 9.87e-01 1.60e-01 +0.343  0.92 | 5.2e+00 3.9e+00 1.110e+00
#1313   969   1 | 1.10e+00 6.39e-13 +0.248  1.00 | 1.08e+00 1.15e-02 +0.282  0.99 | 1.8e+01 4.6e+00 2.365e+00
#1314  3890   1 | 1.32e+00 3.95e-11 -0.612  1.00 | 1.00e+00 1.99e-01 +0.168  0.97 | 8.9e+00 4.4e+00 2.723e+00
#1315  1897   1 | 9.63e-01 1.20e-10 +0.112  1.00 | 1.03e+00 6.46e-03 -0.068  1.00 | 1.5e+01 4.1e+00 1.994e+00
#1316  4898   1 | 4.92e-01 4.54e-08 +0.436  1.00 | 1.12e+00 1.70e-01 +0.360  0.91 | 6.2e+00 4.5e+00 1.383e+00
#1317  1978   1 | 1.04e+00 1.92e-10 -0.039  1.00 | 1.08e+00 1.08e-02 -0.018  1.00 | 1.3e+01 3.8e+00 2.267e+00
#1318   612   1 | 1.11e+00 4.23e-06 -0.365  1.00 | 9.82e-01 8.13e-03 -0.015  1.00 | 7.0e+00 4.0e+00 2.195e+00
#1319  1907   1 | 1.00e+00 1.61e-10 +0.511  1.00 | 9.45e-01 1.02e-02 +0.026  1.00 | 1.4e+01 4.3e+00 1.893e+00
#1320  3626   1 | 1.03e+00 1.64e-08 -0.197  1.00 | 1.13e+00 1.56e-01 +0.098  0.99 | 6.8e+00 4.4e+00 2.347e+00
#1321  3192   1 | 9.71e-01 4.45e-08 +0.366  1.00 | 1.07e+00 1.66e-01 +0.102  0.99 | 5.7e+00 4.4e+00 2.090e+00
#1322  1115   1 | 8.26e-01 1.21e-10 -0.197  1.00 | 9.54e-01 9.76e-03 +0.166  1.00 | 1.5e+01 4.2e+00 1.589e+00
#1323  4479   1 | 1.09e+00 2.38e-06 -0.420  1.00 | 9.93e-01 5.73e-02 +0.070  1.00 | 3.5e+00 4.1e+00 2.160e+00
#1324  1579   1 | 1.13e+00 4.87e-14 +0.053  1.00 | 1.05e+00 1.13e-02 +0.198  1.00 | 2.0e+01 4.2e+00 2.383e+00
#1325  3916   1 | 1.07e+00 3.43e-11 -0.802  1.00 | 9.68e-01 1.60e-01 +0.054  1.01 | 1.0e+01 4.4e+00 2.096e+00
#1326  4056   1 | 7.32e-01 2.04e-07 -0.246  1.00 | 9.46e-01 1.04e-01 -0.078  1.03 | 5.7e+00 3.7e+00 1.457e+00
#1327  2903   1 | 6.58e-01 9.29e-06 -0.758  1.00 | 1.07e+00 7.08e-02 +0.077  0.99 | 3.0e+00 4.6e+00 1.571e+00
#1328   815   1 | 1.22e+00 6.68e-09 -0.288  1.00 | 1.10e+00 8.48e-03 -0.050  1.00 | 9.6e+00 3.7e+00 2.716e+00
#1329  2901   1 | 1.32e+00 1.50e-07 +0.344  1.00 | 1.02e+00 1.44e-01 +0.137  0.98 | 3.8e+00 4.1e+00 2.757e+00
#1330  2991   1 | 9.78e-01 3.47e-08 -0.580  1.00 | 1.06e+00 1.20e-01 +0.061  1.00 | 6.3e+00 3.9e+00 2.075e+00
#1331  1058   1 | 1.08e+00 1.19e-08 +0.162  1.00 | 1.04e+00 1.32e-02 +0.097  1.00 | 1.1e+01 4.3e+00 2.250e+00
#1332  4613   1 | 6.58e-01 9.49e-08 +0.441  1.00 | 1.07e+00 1.19e-01 +0.230  0.96 | 6.3e+00 3.9e+00 1.532e+00
#1333  1421   1 | 7.71e-01 2.75e-11 +0.027  1.00 | 9.59e-01 1.56e-02 +0.066  1.00 | 1.7e+01 4.3e+00 1.513e+00
#1334  4946   1 | 1.39e+00 1.20e-06 -0.674  1.00 | 1.01e+00 1.49e-01 +0.212  0.96 | 4.9e+00 4.0e+00 2.926e+00
#1335  4564   1 | 9.71e-01 1.47e-06 +0.952  1.00 | 1.06e+00 1.68e-01 +0.197  0.96 | 4.6e+00 3.9e+00 2.032e+00
#1336  4629   1 | 1.10e+00 2.90e-10 +0.170  1.00 | 1.06e+00 1.25e-01 +0.246  0.96 | 9.4e+00 3.9e+00 2.291e+00
#1337  3307   1 | 8.42e-01 1.34e-07 -0.184  1.00 | 9.42e-01 1.51e-01 +0.128  0.98 | 6.2e+00 4.0e+00 1.583e+00
#1338  4326   1 | 1.00e+00 2.57e-08 -0.397  1.00 | 1.07e+00 1.18e-01 +0.126  0.98 | 6.5e+00 3.6e+00 2.139e+00
#1339  1016   1 | 1.09e+00 3.20e-08 +0.818  1.00 | 9.37e-01 1.42e-02 +0.090  1.00 | 9.8e+00 4.0e+00 2.059e+00
#1340  1370   1 | 5.69e-01 4.78e-13 +0.337  1.00 | 9.77e-01 1.71e-02 -0.009  1.00 | 1.8e+01 4.6e+00 1.280e+00
#1341  1223   1 | 1.12e+00 3.65e-10 +0.403  1.00 | 1.13e+00 1.75e-02 +0.069  1.00 | 1.2e+01 4.2e+00 2.539e+00
#1342   709   1 | 1.14e+00 4.50e-09 +0.392  1.00 | 9.88e-01 2.18e-02 -0.035  1.00 | 1.2e+01 4.3e+00 2.282e+00
#1343   548   1 | 7.04e-01 3.72e-11 +0.008  1.00 | 1.09e+00 1.42e-02 +0.055  1.00 | 1.4e+01 4.2e+00 1.678e+00
#1344  3715   1 | 7.38e-01 1.09e-07 -0.467  1.00 | 9.46e-01 1.68e-01 +0.311  0.92 | 6.2e+00 4.2e+00 1.369e+00
#1345  1901   1 | 1.32e+00 2.25e-13 -0.244  1.00 | 1.12e+00 1.71e-02 -0.034  1.00 | 1.8e+01 4.1e+00 3.000e+00
#1346   721   1 | 9.60e-01 1.34e-07 -0.286  1.00 | 9.60e-01 1.44e-02 -0.082  1.00 | 9.4e+00 3.8e+00 1.846e+00
#1347   346   1 | 9.07e-01 1.92e-06 -0.246  1.00 | 9.18e-01 1.61e-02 +0.072  1.00 | 6.2e+00 4.0e+00 1.663e+00
#1348  3307   1 | 1.00e+00 2.68e-07 -0.301  1.00 | 8.61e-01 1.95e-01 +0.037  1.03 | 5.9e+00 4.4e+00 1.773e+00
#1349  1022   1 | 6.24e-01 6.41e-11 -0.690  1.00 | 1.03e+00 1.22e-02 +0.177  1.00 | 1.3e+01 4.1e+00 1.443e+00
#1350  1617   1 | 1.31e+00 9.98e-11 -0.331  1.00 | 1.01e+00 1.34e-02 +0.007  1.00 | 1.4e+01 4.0e+00 2.740e+00
#1351  3433   1 | 8.94e-01 5.24e-06 +0.020  1.00 | 9.51e-01 1.43e-01 +0.075  1.00 | 4.2e+00 4.4e+00 1.702e+00
#1352  4840   1 | 1.32e+00 1.56e-07 -0.752  1.00 | 1.02e+00 1.61e-01 +0.228  0.95 | 6.0e+00 3.8e+00 2.720e+00
#1353  1113   1 | 9.65e-01 6.99e-10 -0.112  1.00 | 1.03e+00 1.34e-02 -0.124  1.00 | 1.3e+01 4.0e+00 1.999e+00
#1354  1665   1 | 1.08e+00 5.47e-15 +0.389  1.00 | 9.97e-01 1.99e-02 +0.237  0.99 | 2.0e+01 4.5e+00 2.143e+00
#1355  4949   1 | 1.32e+00 9.46e-09 -0.722  1.00 | 1.09e+00 1.41e-01 +0.336  0.93 | 7.3e+00 4.0e+00 2.847e+00
#1356  3237   1 | 1.33e+00 1.75e-07 -0.179  1.00 | 1.00e+00 1.17e-01 +0.122  0.99 | 4.6e+00 4.4e+00 2.764e+00
#1357  2433   1 | 1.23e+00 2.19e-08 -0.056  1.00 | 9.89e-01 1.83e-02 -0.066  1.00 | 8.8e+00 4.7e+00 2.486e+00
#1358  3805   1 | 4.56e-01 8.09e-08 +0.686  1.00 | 1.00e+00 1.78e-01 +0.096  1.00 | 6.3e+00 4.4e+00 1.209e+00
#1359   732   1 | 1.21e+00 1.38e-14 -0.240  1.00 | 1.05e+00 1.62e-02 -0.074  1.00 | 2.0e+01 4.2e+00 2.567e+00
#1360  4998   1 | 5.27e-01 1.76e-07 +0.201  1.00 | 1.03e+00 1.79e-01 +0.143  0.98 | 6.0e+00 4.5e+00 1.315e+00
#1361  4780   1 | 1.13e+00 1.81e-07 -0.645  1.00 | 9.82e-01 1.41e-01 +0.346  0.92 | 5.8e+00 4.1e+00 2.163e+00
#1362  4747   1 | 1.65e+00 6.70e-08 -0.118  1.00 | 9.65e-01 1.86e-01 +0.253  0.94 | 6.3e+00 4.6e+00 3.586e+00
#1363  4052   1 | 8.82e-01 1.46e-07 -0.342  1.00 | 9.10e-01 1.41e-01 +0.188  0.97 | 6.1e+00 4.0e+00 1.578e+00
#1364  2020   1 | 9.60e-01 3.72e-11 +0.131  1.00 | 1.07e+00 2.69e-02 -0.084  1.00 | 1.4e+01 4.7e+00 2.081e+00
#1365   187   1 | 1.21e+00 9.44e-07 +0.459  1.00 | 9.11e-01 1.76e-02 +0.068  1.00 | 4.5e+00 4.1e+00 2.288e+00
#1366  3350   1 | 1.10e+00 1.90e-05 -0.291  1.00 | 1.08e+00 1.34e-01 +0.227  0.96 | 3.8e+00 4.0e+00 2.328e+00
#1367   565   1 | 1.18e+00 1.06e-08 -0.368  1.00 | 9.58e-01 1.35e-02 +0.035  1.00 | 9.8e+00 3.9e+00 2.307e+00
#1368  1245   1 | 1.08e+00 1.02e-08 -0.196  1.00 | 9.93e-01 1.92e-02 -0.149  1.01 | 1.1e+01 4.1e+00 2.159e+00
#1369   671   1 | 1.29e+00 5.22e-09 -0.405  1.00 | 1.08e+00 1.45e-02 +0.005  1.00 | 1.2e+01 4.4e+00 2.836e+00
#1370  4333   1 | 1.31e+00 2.74e-07 +0.519  1.00 | 1.04e+00 1.46e-01 +0.185  0.97 | 5.3e+00 3.7e+00 2.743e+00
#1371   105   1 | 9.72e-01 6.00e-05 +0.093  1.00 | 1.02e+00 1.91e-02 -0.144  1.01 | 3.1e+00 4.2e+00 1.987e+00
#1372  2608   1 | 1.08e+00 4.66e-06 +0.192  1.00 | 9.70e-01 5.16e-02 -0.028  1.01 | 3.2e+00 4.3e+00 2.105e+00
#1373  3470   1 | 1.03e+00 3.44e-07 -0.333  1.00 | 1.13e+00 1.74e-01 +0.156  0.98 | 5.3e+00 3.8e+00 2.319e+00
#1374   491   1 | 1.12e+00 4.42e-07 -0.630  1.00 | 1.01e+00 1.52e-02 +0.085  1.00 | 7.0e+00 4.2e+00 2.270e+00
#1375  1186   1 | 1.04e+00 3.51e-12 +0.318  1.00 | 1.02e+00 1.59e-02 +0.050  1.00 | 1.7e+01 4.0e+00 2.125e+00
#1376  1463   1 | 1.17e+00 3.43e-12 +0.530  1.00 | 1.17e+00 1.37e-02 +0.092  1.00 | 1.8e+01 4.4e+00 2.731e+00
#1377  2140   1 | 1.08e+00 2.28e-10 -0.026  1.00 | 9.68e-01 1.29e-02 -0.054  1.00 | 1.3e+01 4.0e+00 2.107e+00
#1378   572   1 | 9.75e-01 8.86e-10 +0.007  1.00 | 1.04e+00 2.06e-02 +0.072  1.00 | 1.2e+01 4.6e+00 2.034e+00
#1379  3635   1 | 9.08e-01 4.15e-09 -0.705  1.00 | 9.15e-01 2.89e-01 +0.002  1.10 | 7.4e+00 5.0e+00 1.745e+00
#1380  3943   1 | 5.77e-01 2.66e-08 -0.718  1.00 | 1.04e+00 1.75e-01 +0.234  0.95 | 6.5e+00 4.2e+00 1.364e+00
#1381  3599   1 | 1.11e+00 1.58e-06 -0.205  1.00 | 9.75e-01 2.16e-01 -0.125  1.10 | 4.8e+00 4.5e+00 2.281e+00
#1382  1476   1 | 7.38e-01 8.17e-12 -0.832  1.00 | 9.49e-01 1.27e-02 +0.043  1.00 | 1.6e+01 4.0e+00 1.446e+00
#1383  4693   1 | 4.67e-01 6.13e-07 +0.225  1.00 | 9.87e-01 1.56e-01 +0.318  0.92 | 5.1e+00 4.3e+00 1.119e+00
#1384  2283   1 | 1.30e+00 2.41e-08 -0.467  1.00 | 9.64e-01 1.31e-02 +0.190  1.00 | 8.8e+00 3.8e+00 2.604e+00
#1385   686   1 | 1.08e+00 4.16e-09 +0.162  1.00 | 1.04e+00 1.44e-02 +0.039  1.00 | 1.1e+01 4.3e+00 2.253e+00
#1386   640   1 | 8.26e-01 6.95e-12 -0.197  1.00 | 9.54e-01 9.73e-03 -0.039  1.00 | 1.5e+01 3.7e+00 1.592e+00
#1387  4504   1 | 5.89e-01 1.09e-05 -0.305  1.00 | 1.08e+00 1.50e-01 +0.111  0.99 | 3.8e+00 3.7e+00 1.508e+00
#1388  3761   1 | 5.22e-01 1.61e-08 +0.479  1.00 | 9.97e-01 1.97e-01 +0.202  0.96 | 7.5e+00 4.4e+00 1.226e+00
#1389   800   1 | 1.11e+00 9.06e-11 +0.018  1.00 | 9.80e-01 1.24e-02 -0.039  1.00 | 1.3e+01 3.7e+00 2.202e+00
#1390  2703   1 | 8.29e-01 2.94e-05 -0.238  1.00 | 1.01e+00 1.82e-01 +0.103  1.00 | 3.4e+00 4.5e+00 1.708e+00
#1391   972   1 | 1.05e+00 3.25e-11 +0.039  1.00 | 1.08e+00 2.18e-02 +0.021  1.00 | 1.6e+01 4.3e+00 2.274e+00
#1392  4549   1 | 6.96e-01 6.37e-08 +0.511  1.00 | 1.00e+00 1.50e-01 +0.304  0.93 | 6.0e+00 4.2e+00 1.420e+00
#1393  1624   1 | 5.79e-01 1.06e-15 +0.142  1.00 | 1.05e+00 1.44e-02 +0.177  1.00 | 2.1e+01 4.0e+00 1.438e+00
#1394  1894   1 | 9.71e-01 5.69e-12 -0.570  1.00 | 1.06e+00 1.32e-02 -0.096  1.00 | 1.5e+01 4.0e+00 2.064e+00
#1395  2865   1 | 1.38e+00 1.34e-05 -0.070  1.00 | 1.03e+00 1.27e-01 +0.260  0.95 | 2.8e+00 4.1e+00 2.922e+00
#1396  4943   1 | 9.80e-01 1.67e-06 -0.298  1.00 | 9.45e-01 1.16e-01 +0.043  1.00 | 4.4e+00 4.0e+00 1.859e+00
#1397  2072   1 | 1.07e+00 6.92e-11 -0.086  1.00 | 1.03e+00 1.48e-02 +0.103  1.00 | 1.1e+01 4.1e+00 2.192e+00
#1398  4522   1 | 1.30e+00 3.17e-05 +0.470  1.00 | 9.27e-01 1.56e-01 +0.291  0.93 | 2.6e+00 4.0e+00 2.491e+00
#1399  4269   1 | 1.23e+00 2.55e-06 -0.380  1.00 | 1.10e+00 1.26e-01 +0.095  0.99 | 4.5e+00 4.0e+00 2.730e+00
#1400  2289   1 | 1.13e+00 7.70e-08 -0.054  1.00 | 1.05e+00 2.15e-02 +0.134  0.99 | 7.0e+00 3.8e+00 2.372e+00
#1401  4364   1 | 4.93e-01 2.79e-08 -0.223  1.00 | 1.12e+00 1.38e-01 +0.207  0.96 | 6.2e+00 3.9e+00 1.447e+00
#1402    72   1 | 1.15e+00 1.21e-06 +0.686  1.00 | 9.43e-01 1.71e-02 +0.003  1.00 | 6.2e+00 4.7e+00 2.201e+00
#1403  4261   1 | 1.10e+00 8.97e-06 -0.436  1.00 | 1.02e+00 1.99e-01 +0.108  1.00 | 4.0e+00 4.5e+00 2.235e+00
#1404  3005   1 | 1.02e+00 4.44e-05 +0.726  1.00 | 9.92e-01 1.46e-01 +0.008  1.02 | 2.8e+00 4.0e+00 2.044e+00
#1405  3529   1 | 1.05e+00 1.03e-09 -0.298  1.00 | 8.36e-01 1.88e-01 +0.251  0.94 | 8.2e+00 4.2e+00 1.767e+00
#1406  3903   1 | 1.10e+00 5.27e-10 -0.410  1.00 | 1.08e+00 1.76e-01 +0.252  0.94 | 8.8e+00 4.5e+00 2.320e+00
#1407  4171   1 | 8.48e-01 1.06e-09 -0.696  1.00 | 9.42e-01 1.28e-01 +0.250  0.95 | 8.0e+00 3.9e+00 1.562e+00
#1408  2307   1 | 1.11e+00 2.66e-08 -0.595  1.00 | 1.06e+00 2.42e-02 +0.188  0.99 | 8.9e+00 4.3e+00 2.343e+00
#1409  2231   1 | 1.02e+00 4.81e-09 +0.651  1.00 | 1.13e+00 1.84e-02 +0.111  1.00 | 1.0e+01 4.7e+00 2.320e+00
#1410  3574   1 | 1.09e+00 7.14e-08 +0.164  1.00 | 1.02e+00 1.77e-01 +0.221  0.95 | 6.5e+00 4.4e+00 2.165e+00
#1411  1650   1 | 1.65e+00 3.06e-15 -0.446  1.00 | 9.65e-01 1.18e-02 +0.126  1.00 | 2.1e+01 4.2e+00 3.666e+00
#1412   870   1 | 1.23e+00 7.93e-12 +0.056  1.00 | 9.89e-01 2.82e-02 -0.035  1.00 | 1.5e+01 4.0e+00 2.501e+00
#1413  3471   1 | 7.38e-01 2.90e-07 -0.346  1.00 | 9.46e-01 1.42e-01 +0.098  0.99 | 5.3e+00 4.5e+00 1.433e+00
#1414   387   1 | 1.31e+00 1.79e-09 -0.330  1.00 | 1.01e+00 2.73e-02 -0.104  1.01 | 1.2e+01 4.5e+00 2.752e+00
#1415  4574   1 | 8.45e-01 1.53e-08 -0.344  1.00 | 9.10e-01 1.45e-01 +0.217  0.96 | 6.4e+00 4.2e+00 1.506e+00
#1416  1425   1 | 8.89e-01 9.86e-14 -0.015  1.00 | 9.15e-01 3.26e-02 -0.066  1.01 | 1.8e+01 4.6e+00 1.632e+00
#1417   251   1 | 1.35e+00 1.73e-12 +0.249  1.00 | 1.00e+00 2.12e-02 -0.208  1.01 | 1.4e+01 4.1e+00 2.828e+00
#1418  3128   1 | 1.13e+00 6.49e-07 +0.779  1.00 | 9.88e-01 1.57e-01 -0.060  1.04 | 5.0e+00 3.8e+00 2.305e+00
#1419  4269   1 | 9.70e-01 7.81e-06 -0.408  1.00 | 1.07e+00 1.44e-01 +0.247  0.95 | 4.3e+00 4.1e+00 2.040e+00
#1420  4230   1 | 4.94e-01 2.21e-07 +0.150  1.00 | 1.12e+00 2.01e-01 +0.419  0.88 | 5.1e+00 4.1e+00 1.345e+00
#1421  4901   1 | 5.36e-01 1.30e-07 +0.399  1.00 | 1.04e+00 1.21e-01 +0.136  0.98 | 6.2e+00 3.7e+00 1.354e+00
#1422   953   1 | 1.31e+00 3.79e-10 -0.321  1.00 | 1.04e+00 2.03e-02 +0.110  1.00 | 1.3e+01 4.3e+00 2.781e+00
#1423   582   1 | 1.08e+00 2.35e-07 +0.194  1.00 | 9.93e-01 2.14e-02 -0.028  1.00 | 7.4e+00 4.0e+00 2.156e+00
#1424  2630   1 | 6.30e-01 1.13e-05 +0.692  1.00 | 1.03e+00 7.11e-02 +0.036  1.00 | 2.9e+00 4.1e+00 1.455e+00
#1425   493   1 | 9.65e-01 3.06e-08 +0.112  1.00 | 1.03e+00 2.21e-02 -0.098  1.00 | 9.7e+00 4.9e+00 2.002e+00
#1426  2819   1 | 1.11e+00 3.73e-04 -0.116  1.00 | 1.13e+00 1.77e-01 -0.049  1.04 | 2.2e+00 4.3e+00 2.566e+00
#1427  2999   1 | 7.47e-01 1.67e-05 +0.367  1.00 | 9.49e-01 1.92e-01 +0.208  0.96 | 3.6e+00 4.4e+00 1.420e+00
#1428   121   1 | 1.29e+00 1.45e-05 -0.449  1.00 | 1.08e+00 2.21e-02 +0.101  1.00 | 4.3e+00 4.2e+00 2.833e+00
#1429   452   1 | 8.26e-01 6.77e-10 +0.197  1.00 | 9.54e-01 1.97e-02 +0.011  1.00 | 1.2e+01 4.3e+00 1.591e+00
#1430  4222   1 | 7.17e-01 5.72e-08 +0.785  1.00 | 1.09e+00 1.51e-01 -0.076  1.04 | 6.5e+00 4.4e+00 1.746e+00
#1431  4483   1 | 1.14e+00 9.48e-05 -0.456  1.00 | 9.75e-01 1.99e-01 +0.311  0.91 | 3.2e+00 4.3e+00 2.168e+00
#1432  3358   1 | 1.18e+00 5.44e-07 -0.618  1.00 | 9.11e-01 1.50e-01 -0.154  1.08 | 5.5e+00 3.9e+00 2.296e+00
#1433  3923   1 | 9.10e-01 1.02e-07 +0.260  1.00 | 9.18e-01 1.71e-01 +0.326  0.91 | 6.4e+00 4.1e+00 1.597e+00
#1434  3790   1 | 1.29e+00 4.56e-09 +0.635  1.00 | 1.12e+00 1.39e-01 +0.050  1.00 | 7.9e+00 3.8e+00 2.924e+00
#1435  3139   1 | 1.18e+00 3.84e-07 +0.230  1.00 | 9.58e-01 1.41e-01 -0.035  1.03 | 5.3e+00 3.8e+00 2.336e+00
#1436   531   1 | 1.08e+00 2.91e-08 -0.026  1.00 | 9.68e-01 1.69e-02 +0.017  1.00 | 9.3e+00 3.8e+00 2.111e+00
#1437  3832   1 | 5.75e-01 4.98e-09 +0.538  1.00 | 1.03e+00 1.98e-01 +0.104  1.00 | 7.7e+00 4.5e+00 1.386e+00
#1438   435   1 | 9.72e-01 3.59e-13 +0.032  1.00 | 1.02e+00 1.30e-02 -0.084  1.00 | 1.5e+01 4.0e+00 1.983e+00
#1439   530   1 | 1.13e+00 3.18e-09 +0.053  1.00 | 1.05e+00 2.07e-02 +0.077  1.00 | 1.0e+01 4.6e+00 2.390e+00
#1440  1888   1 | 1.02e+00 3.39e-14 +0.064  1.00 | 9.92e-01 1.16e-02 -0.139  1.00 | 1.9e+01 3.8e+00 2.035e+00
#1441  4041   1 | 6.58e-01 4.42e-08 +0.366  1.00 | 1.07e+00 1.70e-01 +0.153  0.98 | 6.7e+00 4.2e+00 1.551e+00
#1442  3546   1 | 1.00e+00 2.25e-06 -0.157  1.00 | 8.61e-01 1.61e-01 +0.020  1.03 | 4.7e+00 4.1e+00 1.771e+00
#1443  1923   1 | 1.40e+00 1.88e-13 +0.048  1.00 | 1.01e+00 1.48e-02 +0.093  1.00 | 1.7e+01 4.3e+00 2.990e+00
#1444  1374   1 | 1.29e+00 9.40e-14 +0.465  1.00 | 9.64e-01 1.27e-02 +0.023  1.00 | 1.7e+01 4.1e+00 2.606e+00
#1445  3503   1 | 9.75e-01 4.89e-08 +0.386  1.00 | 9.60e-01 1.76e-01 +0.037  1.02 | 6.3e+00 4.2e+00 1.891e+00
#1446  3602   1 | 6.31e-01 2.69e-07 -0.077  1.00 | 1.08e+00 1.78e-01 +0.135  0.98 | 5.8e+00 4.4e+00 1.553e+00
#1447   859   1 | 9.64e-01 1.80e-06 +0.057  1.00 | 1.06e+00 9.35e-03 +0.073  1.00 | 7.2e+00 4.0e+00 2.060e+00
#1448  3939   1 | 1.16e+00 1.56e-07 -0.456  1.00 | 1.05e+00 1.65e-01 +0.155  0.98 | 6.1e+00 4.5e+00 2.442e+00
#1449  2493   1 | 9.98e-01 1.88e-06 -0.120  1.00 | 1.07e+00 3.29e-02 +0.192  0.99 | 3.5e+00 3.7e+00 2.138e+00
#1450  2222   1 | 1.08e+00 9.54e-12 -0.390  1.00 | 9.97e-01 9.87e-03 +0.245  1.00 | 1.5e+01 3.9e+00 2.145e+00
#1451  3481   1 | 1.29e+00 2.12e-08 +0.095  1.00 | 9.27e-01 1.15e-01 +0.134  0.98 | 6.7e+00 3.8e+00 2.505e+00
#1452   832   1 | 1.11e+00 3.44e-05 -0.330  1.00 | 9.82e-01 1.45e-02 -0.109  1.00 | 4.7e+00 4.3e+00 2.197e+00
#1453  1864   1 | 1.07e+00 2.48e-11 -0.518  1.00 | 9.70e-01 8.86e-03 -0.043  1.00 | 1.3e+01 4.1e+00 2.093e+00
#1454  2798   1 | 1.12e+00 7.44e-05 -0.425  1.00 | 1.01e+00 1.69e-01 -0.092  1.06 | 3.1e+00 4.8e+00 2.338e+00
#1455  3509   1 | 1.09e+00 1.15e-07 -0.424  1.00 | 9.80e-01 1.45e-01 +0.105  0.99 | 6.0e+00 4.1e+00 2.140e+00
#1456  2836   1 | 5.74e-01 3.73e-05 +0.818  1.00 | 9.77e-01 1.47e-01 -0.039  1.03 | 3.2e+00 4.0e+00 1.317e+00
#1457   205   1 | 1.17e+00 1.53e-08 -0.531  1.00 | 1.17e+00 9.92e-03 +0.072  1.00 | 8.6e+00 4.2e+00 2.735e+00
#1458  3538   1 | 1.05e+00 3.48e-08 -0.027  1.00 | 1.04e+00 1.41e-01 -0.088  1.04 | 6.7e+00 3.8e+00 2.225e+00
#1459  4256   1 | 1.06e+00 2.14e-07 -0.454  1.00 | 8.36e-01 1.68e-01 +0.310  0.92 | 5.5e+00 4.2e+00 1.758e+00
#1460  4411   1 | 1.32e+00 2.36e-06 -0.641  1.00 | 1.02e+00 1.41e-01 +0.275  0.94 | 4.6e+00 4.1e+00 2.734e+00
#1461  3341   1 | 1.29e+00 2.05e-06 +0.348  1.00 | 1.09e+00 1.29e-01 +0.049  1.00 | 5.1e+00 4.0e+00 2.874e+00
#1462  3193   1 | 7.10e-01 3.60e-07 -0.939  1.00 | 1.00e+00 1.20e-01 -0.097  1.04 | 5.6e+00 4.2e+00 1.547e+00
#1463  2115   1 | 1.22e+00 1.80e-15 +0.293  1.00 | 1.10e+00 1.20e-02 +0.258  0.99 | 1.7e+01 4.2e+00 2.709e+00
#1464  1863   1 | 9.76e-01 1.11e-12 +0.007  1.00 | 1.04e+00 1.79e-02 +0.061  1.00 | 1.4e+01 4.6e+00 2.037e+00
#1465  4956   1 | 1.05e+00 6.35e-08 -0.203  1.00 | 1.02e+00 1.40e-01 +0.218  0.96 | 6.2e+00 4.5e+00 2.108e+00
#1466  4277   1 | 1.01e+00 2.65e-06 -0.540  1.00 | 9.45e-01 1.03e-01 +0.087  0.99 | 4.4e+00 3.9e+00 1.914e+00
#1467  4882   1 | 4.40e-01 1.03e-06 -0.730  1.00 | 1.00e+00 1.04e-01 +0.239  0.96 | 5.3e+00 3.6e+00 1.158e+00
#1468  4849   1 | 1.15e+00 4.30e-07 +0.081  1.00 | 9.43e-01 1.13e-01 +0.346  0.93 | 5.2e+00 4.3e+00 2.153e+00
#1469  3565   1 | 4.76e-01 3.60e-06 +0.071  1.00 | 9.87e-01 1.35e-01 +0.200  0.96 | 4.7e+00 4.0e+00 1.167e+00
#1470  1101   1 | 8.21e-01 7.97e-14 -0.229  1.00 | 1.01e+00 1.51e-02 -0.120  1.00 | 1.5e+01 4.3e+00 1.705e+00
#1471  1665   1 | 1.09e+00 1.68e-18 +0.817  1.00 | 9.37e-01 1.16e-02 +0.179  1.00 | 2.0e+01 4.0e+00 2.060e+00
#1472  1101   1 | 1.38e+00 7.50e-14 +0.539  1.00 | 1.03e+00 1.67e-02 +0.107  1.00 | 1.5e+01 4.3e+00 2.953e+00
#1473  2517   1 | 9.14e-01 1.07e-05 -0.423  1.00 | 9.51e-01 1.20e-01 +0.022  1.01 | 3.1e+00 3.9e+00 1.749e+00
#1474   414   1 | 5.78e-01 3.53e-08 +0.137  1.00 | 1.05e+00 1.18e-02 +0.030  1.00 | 7.5e+00 3.9e+00 1.441e+00
#1475  1457   1 | 5.13e-01 2.39e-11 +0.366  1.00 | 9.97e-01 1.28e-02 -0.135  1.00 | 1.3e+01 4.1e+00 1.260e+00
#1476  4350   1 | 9.81e-01 8.58e-09 +0.210  1.00 | 1.06e+00 1.01e-01 +0.288  0.95 | 7.7e+00 4.2e+00 2.030e+00
#1477  4291   1 | 1.02e+00 1.54e-06 +0.250  1.00 | 1.08e+00 1.03e-01 +0.192  0.97 | 4.9e+00 3.8e+00 2.191e+00
#1478  2591   1 | 1.06e+00 1.11e-07 +0.086  1.00 | 1.03e+00 2.28e-02 +0.143  0.99 | 4.8e+00 4.3e+00 2.182e+00
#1479  3346   1 | 7.90e-01 1.02e-08 +0.237  1.00 | 9.59e-01 1.17e-01 +0.132  0.98 | 6.9e+00 4.2e+00 1.528e+00
#1480  2578   1 | 7.12e-01 5.79e-05 +0.286  1.00 | 1.09e+00 1.11e-01 -0.025  1.02 | 2.8e+00 4.2e+00 1.709e+00
#1481  4833   1 | 8.16e-01 3.76e-08 -0.756  1.00 | 9.54e-01 1.24e-01 +0.422  0.91 | 6.4e+00 3.9e+00 1.491e+00
#1482  4307   1 | 1.18e+00 9.79e-08 -0.628  1.00 | 9.11e-01 1.49e-01 +0.267  0.94 | 6.2e+00 4.6e+00 2.182e+00
#1483   974   1 | 1.31e+00 7.66e-14 -0.330  1.00 | 1.01e+00 1.64e-02 -0.043  1.00 | 1.4e+01 4.7e+00 2.746e+00
#1484  2135   1 | 1.40e+00 4.21e-12 -0.044  1.00 | 1.01e+00 2.23e-02 +0.206  0.99 | 1.1e+01 4.3e+00 2.985e+00
#1485  3635   1 | 9.71e-01 8.57e-09 -0.329  1.00 | 1.02e+00 1.36e-01 +0.170  0.97 | 7.5e+00 4.0e+00 1.950e+00
#1486  1774   1 | 8.25e-01 0.00e+00   +nan  1.00 | 9.42e-01 1.66e-02 +0.115  1.00 | 2.8e+01 4.1e+00 1.565e+00
#1487  1273   1 | 1.07e+00 6.33e-14 -0.085  1.00 | 1.03e+00 1.75e-02 +0.048  1.00 | 1.4e+01 4.3e+00 2.199e+00
#1488   981   1 | 1.04e+00 1.27e-16 +0.318  1.00 | 1.02e+00 1.97e-02 +0.000  1.00 | 1.8e+01 4.2e+00 2.127e+00
#1489  2657   1 | 9.75e-01 6.34e-08 -0.552  1.00 | 1.06e+00 2.50e-02 +0.069  1.00 | 5.6e+00 4.2e+00 2.066e+00
#1490  2405   1 | 6.03e-01 4.08e-08 -0.310  1.00 | 1.08e+00 3.11e-02 +0.073  1.00 | 5.8e+00 4.2e+00 1.535e+00
#1491  4088   1 | 1.13e+00 3.50e-08 +0.120  1.00 | 9.88e-01 1.36e-01 +0.131  0.98 | 6.7e+00 4.0e+00 2.243e+00
#1492  3037   1 | 1.22e+00 8.13e-06 +0.219  1.00 | 9.89e-01 1.44e-01 +0.083  1.00 | 4.5e+00 4.2e+00 2.462e+00
#1493  4145   1 | 7.31e-01 2.72e-07 -0.674  1.00 | 9.46e-01 1.34e-01 +0.218  0.96 | 5.4e+00 3.6e+00 1.392e+00
#1494   285   1 | 4.94e-01 2.04e-12 -0.393  1.00 | 1.12e+00 2.45e-02 +0.178  0.99 | 1.2e+01 4.6e+00 1.483e+00
#1495  2652   1 | 9.09e-01 1.14e-06 -0.665  1.00 | 9.18e-01 7.24e-02 +0.103  0.99 | 3.7e+00 4.3e+00 1.659e+00
#1496   247   1 | 1.10e+00 8.75e-12 +0.245  1.00 | 1.08e+00 2.92e-02 +0.167  0.99 | 1.1e+01 4.6e+00 2.363e+00
#1497  3995   1 | 1.29e+00 2.46e-06 -0.126  1.00 | 1.04e+00 1.10e-01 +0.170  0.98 | 5.0e+00 3.8e+00 2.715e+00
#1498  1137   1 | 1.00e+00 3.52e-11 +0.011  1.00 | 1.07e+00 2.44e-02 +0.159  0.99 | 1.1e+01 4.7e+00 2.152e+00
#1499  3427   1 | 1.00e+00 4.73e-06 +0.657  1.00 | 8.61e-01 1.74e-01 +0.197  0.96 | 4.7e+00 4.4e+00 1.720e+00
#1500  4935   1 | 1.29e+00 4.74e-07 +0.271  1.00 | 9.64e-01 1.60e-01 +0.352  0.91 | 5.6e+00 4.3e+00 2.503e+00
#1501  3335   1 | 9.88e-01 3.72e-07 +0.540  1.00 | 1.04e+00 1.30e-01 +0.046  1.00 | 4.8e+00 3.8e+00 2.067e+00
#1502  1734   1 | 1.32e+00 0.00e+00   +nan  1.00 | 1.02e+00 2.55e-02 -0.061  1.00 | 2.8e+01 4.0e+00 2.779e+00
#1503  2877   1 | 4.52e-01 2.51e-04 -0.128  1.00 | 1.00e+00 1.60e-01 +0.085  1.00 | 2.7e+00 4.3e+00 1.205e+00
#1504  2493   1 | 9.15e-01 7.60e-07 -0.326  1.00 | 9.51e-01 7.67e-02 +0.104  0.99 | 4.0e+00 4.5e+00 1.731e+00
#1505   693   1 | 1.13e+00 1.37e-09 -0.053  1.00 | 1.05e+00 4.13e-02 +0.155  0.99 | 8.8e+00 4.3e+00 2.380e+00
#1506  2350   1 | 6.28e-01 4.10e-08 -0.591  1.00 | 1.03e+00 5.55e-02 -0.043  1.01 | 5.3e+00 4.2e+00 1.461e+00
#1507  4691   1 | 1.65e+00 7.69e-06 +0.097  1.00 | 9.65e-01 1.96e-01 +0.131  0.99 | 4.5e+00 4.6e+00 3.636e+00
#1508  4702   1 | 1.37e+00 5.26e-07 +0.653  1.00 | 1.03e+00 1.89e-01 +0.187  0.97 | 5.2e+00 4.6e+00 2.895e+00
#1509  1791   1 | 5.70e-01 0.00e+00   +nan  1.00 | 9.77e-01 3.17e-02 -0.088  1.01 | 2.6e+01 4.0e+00 1.286e+00
#1510  3329   1 | 1.03e+00 1.48e-07 +0.306  1.00 | 1.13e+00 1.67e-01 +0.268  0.94 | 6.1e+00 3.9e+00 2.272e+00
#1511   363   1 | 1.14e+00 3.42e-13 -0.324  1.00 | 9.75e-01 4.94e-02 +0.027  1.00 | 1.2e+01 4.5e+00 2.259e+00
#1512  4552   1 | 1.29e+00 1.27e-07 -0.522  1.00 | 1.08e+00 1.28e-01 +0.298  0.94 | 5.8e+00 4.0e+00 2.779e+00
#1513  3594   1 | 1.07e+00 3.20e-09 -0.594  1.00 | 9.97e-01 1.01e-01 +0.148  0.98 | 7.9e+00 3.3e+00 2.113e+00
#1514  3861   1 | 7.56e-01 3.06e-07 +0.340  1.00 | 9.49e-01 1.68e-01 +0.074  1.01 | 5.6e+00 4.4e+00 1.478e+00
#1515  4378   1 | 1.30e+00 3.71e-06 +0.261  1.00 | 1.09e+00 1.57e-01 +0.302  0.93 | 4.7e+00 3.7e+00 2.822e+00
#1516  3104   1 | 1.10e+00 6.30e-08 +0.025  1.00 | 1.02e+00 1.74e-01 +0.190  0.96 | 6.3e+00 4.1e+00 2.198e+00
#1517   126   1 | 1.32e+00 2.04e-07 -0.245  1.00 | 1.12e+00 3.00e-02 -0.054  1.00 | 5.8e+00 4.0e+00 3.012e+00
#1518  3286   1 | 9.02e-01 1.45e-07 -0.654  1.00 | 9.15e-01 1.46e-01 -0.050  1.04 | 5.9e+00 4.0e+00 1.685e+00
#1519   568   1 | 4.70e-01 6.43e-08 +0.275  1.00 | 9.87e-01 5.21e-02 +0.224  0.98 | 6.6e+00 4.4e+00 1.175e+00
#1520  2123   1 | 1.08e+00 4.52e-14 +0.204  1.00 | 9.93e-01 4.30e-02 -0.042  1.01 | 1.3e+01 4.0e+00 2.154e+00
#1521  2409   1 | 9.62e-01 2.83e-08 +0.455  1.00 | 1.07e+00 7.93e-02 -0.062  1.01 | 5.4e+00 5.0e+00 2.097e+00
#1522  4400   1 | 1.11e+00 2.94e-07 -0.318  1.00 | 9.80e-01 2.22e-01 +0.132  0.99 | 5.7e+00 4.2e+00 2.183e+00
#1523  3442   1 | 1.02e+00 5.31e-07 +0.226  1.00 | 1.08e+00 1.84e-01 +0.134  0.98 | 5.4e+00 4.3e+00 2.191e+00
#1524  2383   1 | 1.15e+00 1.89e-08 +0.810  1.00 | 9.43e-01 5.11e-02 +0.027  1.00 | 5.4e+00 4.4e+00 2.200e+00
#1525  3708   1 | 9.54e-01 3.80e-08 +0.172  1.00 | 1.03e+00 1.38e-01 +0.207  0.96 | 7.0e+00 3.9e+00 1.935e+00
#1526   182   1 | 5.45e-01 8.72e-13 +0.695  1.00 | 1.03e+00 3.92e-02 -0.119  1.01 | 1.2e+01 4.0e+00 1.367e+00
#1527  3357   1 | 7.91e-01 1.82e-06 -0.232  1.00 | 9.59e-01 1.87e-01 +0.265  0.93 | 5.0e+00 4.3e+00 1.484e+00
#1528  3548   1 | 1.05e+00 1.33e-05 -0.611  1.00 | 8.36e-01 1.43e-01 +0.225  0.95 | 4.2e+00 3.9e+00 1.778e+00
#1529  1183   1 | 1.22e+00 2.57e-15 -0.284  1.00 | 1.10e+00 2.65e-02 -0.019  1.00 | 1.5e+01 4.2e+00 2.717e+00
#1530  3765   1 | 1.18e+00 1.66e-07 +0.125  1.00 | 9.58e-01 1.62e-01 +0.112  0.99 | 5.4e+00 4.4e+00 2.300e+00
#1531  2063   1 | 9.62e-01 3.18e-14 -0.284  1.00 | 9.60e-01 2.73e-02 -0.046  1.00 | 1.4e+01 3.6e+00 1.850e+00
#1532  1435   1 | 8.53e-01 2.27e-16 -0.580  1.00 | 9.10e-01 4.17e-02 +0.101  0.99 | 1.7e+01 4.6e+00 1.550e+00
#1533  3639   1 | 1.32e+00 5.80e-08 +0.094  1.00 | 1.00e+00 1.43e-01 +0.163  0.97 | 6.1e+00 4.3e+00 2.731e+00
#1534  1931   1 | 1.10e+00 2.05e-14 -0.360  1.00 | 9.82e-01 3.31e-02 -0.097  1.01 | 1.4e+01 4.5e+00 2.193e+00
#1535  2479   1 | 1.07e+00 2.04e-09 -0.169  1.00 | 1.04e+00 3.33e-02 +0.055  1.00 | 7.3e+00 4.2e+00 2.231e+00
#1536  2919   1 | 1.13e+00 5.43e-05 +0.295  1.00 | 1.01e+00 1.38e-01 +0.037  1.01 | 2.7e+00 4.1e+00 2.288e+00
#1537   317   1 | 5.12e-01 2.84e-11 +0.378  1.00 | 9.97e-01 4.29e-02 +0.014  1.00 | 1.1e+01 4.6e+00 1.257e+00
#1538  2489   1 | 1.17e+00 2.12e-09 +0.585  1.00 | 1.17e+00 3.14e-02 +0.128  0.99 | 6.5e+00 3.9e+00 2.723e+00
#1539  1924   1 | 1.07e+00 4.26e-16 +0.518  1.00 | 9.70e-01 2.33e-02 -0.002  1.00 | 1.6e+01 3.8e+00 2.093e+00
#1540   588   1 | 5.78e-01 3.24e-15 +0.148  1.00 | 1.05e+00 2.99e-02 +0.155  0.99 | 1.5e+01 4.2e+00 1.433e+00
#1541  2639   1 | 1.19e+00 7.17e-08 -0.246  1.00 | 1.05e+00 3.03e-02 -0.052  1.00 | 5.5e+00 4.2e+00 2.544e+00
#1542  3226   1 | 1.11e+00 6.81e-07 +0.706  1.00 | 1.06e+00 1.29e-01 +0.158  0.98 | 4.4e+00 3.8e+00 2.337e+00
#1543  1852   1 | 1.08e+00 5.64e-16 +0.026  1.00 | 9.68e-01 2.75e-02 -0.055  1.00 | 1.7e+01 4.9e+00 2.111e+00
#1544  4065   1 | 1.11e+00 1.09e-06 -0.265  1.00 | 9.37e-01 1.37e-01 +0.275  0.94 | 5.1e+00 4.0e+00 2.053e+00
#1545  1919   1 | 1.29e+00 1.15e-17 +0.535  1.00 | 9.27e-01 2.65e-02 +0.033  1.00 | 1.8e+01 4.3e+00 2.534e+00
#1546  3196   1 | 6.59e-01 1.79e-06 +0.405  1.00 | 1.07e+00 1.49e-01 +0.129  0.98 | 4.9e+00 3.9e+00 1.559e+00
#1547    64   1 | 9.65e-01 2.79e-09 +0.060  1.00 | 1.06e+00 3.02e-02 +0.232  0.99 | 7.8e+00 4.1e+00 2.050e+00
#1548  4953   1 | 5.36e-01 3.56e-06 -0.674  1.00 | 1.04e+00 1.55e-01 +0.182  0.97 | 4.9e+00 3.7e+00 1.339e+00
#1549  4760   1 | 6.94e-01 6.22e-07 +0.368  1.00 | 1.00e+00 1.47e-01 +0.215  0.96 | 5.3e+00 4.4e+00 1.445e+00
#1550   308   1 | 8.22e-01 7.44e-10 -0.243  1.00 | 1.01e+00 3.18e-02 +0.243  0.99 | 8.7e+00 4.3e+00 1.687e+00
#1551  3898   1 | 1.08e+00 4.50e-08 -0.286  1.00 | 1.13e+00 1.48e-01 +0.138  0.98 | 7.0e+00 4.2e+00 2.434e+00
#1552  4036   1 | 1.02e+00 2.48e-06 -0.506  1.00 | 9.92e-01 1.97e-01 +0.079  1.01 | 4.6e+00 4.6e+00 2.035e+00
#1553  4905   1 | 9.81e-01 1.23e-06 +0.534  1.00 | 9.45e-01 1.60e-01 +0.190  0.96 | 5.5e+00 4.1e+00 1.824e+00
#1554  2428   1 | 9.62e-01 9.18e-13 -0.057  1.00 | 1.06e+00 4.16e-02 +0.225  0.98 | 1.2e+01 4.4e+00 2.039e+00
#1555  2728   1 | 4.96e-01 4.68e-08 +0.611  1.00 | 1.12e+00 6.89e-02 +0.252  0.97 | 4.3e+00 3.8e+00 1.460e+00
#1556   150   1 | 1.32e+00 8.47e-11 +0.178  1.00 | 1.12e+00 3.98e-02 +0.049  1.00 | 8.5e+00 4.1e+00 3.005e+00
#1557   796   1 | 1.38e+00 1.17e-12 +0.533  1.00 | 1.03e+00 4.59e-02 +0.116  0.99 | 1.3e+01 4.3e+00 2.947e+00
#1558  1396   1 | 6.58e-01 1.14e-17 -0.525  1.00 | 1.07e+00 5.30e-02 +0.179  0.98 | 1.7e+01 4.3e+00 1.560e+00
#1559  1113   1 | 1.10e+00 1.22e-13 +0.253  1.00 | 1.08e+00 2.89e-02 +0.169  0.99 | 1.4e+01 4.2e+00 2.362e+00
#1560  4703   1 | 5.40e-01 7.99e-07 +0.716  1.00 | 1.04e+00 2.27e-01 +0.190  0.96 | 5.4e+00 4.5e+00 1.339e+00
#1561    97   1 | 4.46e-01 6.66e-08 +0.491  1.00 | 1.00e+00 5.92e-02 -0.051  1.01 | 5.5e+00 4.4e+00 1.212e+00
#1562    15   1 | 1.18e+00 1.46e-06 +0.385  1.00 | 9.58e-01 5.85e-02 +0.056  1.00 | 3.9e+00 4.7e+00 2.307e+00
#1563  2153   1 | 1.04e+00 2.58e-10 -0.054  1.00 | 1.08e+00 6.30e-02 -0.056  1.01 | 8.4e+00 4.0e+00 2.275e+00
#1564  4027   1 | 1.42e+00 1.84e-07 -0.735  1.00 | 1.01e+00 1.48e-01 +0.124  0.99 | 6.2e+00 3.9e+00 3.011e+00
#1565  4554   1 | 9.59e-01 2.68e-07 -0.528  1.00 | 9.60e-01 1.96e-01 +0.270  0.93 | 5.9e+00 4.1e+00 1.778e+00
#1566  4320   1 | 7.10e-01 1.80e-07 -0.795  1.00 | 1.09e+00 1.61e-01 +0.214  0.96 | 6.0e+00 4.0e+00 1.638e+00
#1567  2854   1 | 1.11e+00 1.79e-04 -0.022  1.00 | 1.13e+00 2.08e-01 +0.154  0.98 | 3.0e+00 4.5e+00 2.485e+00
#1568  4665   1 | 1.22e+00 3.87e-07 +0.460  1.00 | 9.11e-01 1.80e-01 +0.223  0.95 | 5.7e+00 4.2e+00 2.271e+00
#1569  1576   1 | 1.02e+00 6.69e-16 +0.653  1.00 | 1.13e+00 4.81e-02 -0.002  1.00 | 1.5e+01 3.8e+00 2.322e+00
#1570  4061   1 | 1.67e+00 2.00e-07 +0.020  1.00 | 9.65e-01 2.08e-01 -0.064  1.07 | 6.3e+00 4.3e+00 3.786e+00
#1571   862   1 | 1.29e+00 8.51e-11 -0.548  1.00 | 9.64e-01 5.21e-02 +0.085  0.99 | 8.4e+00 4.0e+00 2.600e+00
#1572  1057   1 | 9.75e-01 6.36e-15 -0.009  1.00 | 1.04e+00 7.89e-02 +0.016  1.00 | 1.3e+01 4.8e+00 2.040e+00
#1573  4863   1 | 9.40e-01 9.24e-06 -0.183  1.00 | 1.07e+00 2.53e-01 +0.274  0.93 | 3.8e+00 5.2e+00 1.953e+00
#1574  4575   1 | 1.05e+00 3.25e-08 +0.164  1.00 | 1.02e+00 1.85e-01 +0.251  0.94 | 6.4e+00 4.3e+00 2.082e+00
#1575  4611   1 | 1.30e+00 3.27e-08 -0.169  1.00 | 1.08e+00 1.07e-01 +0.105  0.99 | 6.8e+00 3.6e+00 2.842e+00
#1576   289   1 | 8.26e-01 1.09e-11 +0.266  1.00 | 9.54e-01 6.79e-02 +0.102  0.99 | 1.0e+01 4.4e+00 1.582e+00
#1577  2376   1 | 6.03e-01 1.28e-12 -0.174  1.00 | 1.08e+00 6.05e-02 -0.039  1.01 | 9.7e+00 3.5e+00 1.547e+00
#1578  2611   1 | 1.07e+00 1.15e-05 +0.519  1.00 | 1.04e+00 1.12e-01 +0.071  1.00 | 3.1e+00 3.8e+00 2.226e+00
#1579   105   1 | 9.23e-01 2.31e-06 -0.467  1.00 | 9.51e-01 5.01e-02 -0.091  1.01 | 3.6e+00 4.1e+00 1.766e+00
#1580   459   1 | 7.01e-01 3.55e-12 +0.320  1.00 | 1.00e+00 6.69e-02 +0.084  0.99 | 1.0e+01 4.3e+00 1.489e+00
#1581  1810   1 | 1.11e+00 0.00e+00   +nan  1.00 | 1.02e+00 5.09e-02 +0.304  0.97 | 2.6e+01 3.9e+00 2.230e+00
#1582   658   1 | 1.12e+00 7.96e-15 -0.633  1.00 | 1.01e+00 6.23e-02 +0.166  0.98 | 1.4e+01 4.4e+00 2.255e+00
#1583  3861   1 | 1.00e+00 1.57e-07 -0.346  1.00 | 8.61e-01 1.77e-01 +0.094  1.00 | 5.9e+00 4.3e+00 1.750e+00
#1584  1462   1 | 9.64e-01 8.03e-20 -0.112  1.00 | 1.03e+00 6.44e-02 -0.091  1.02 | 1.9e+01 4.4e+00 2.011e+00
#1585  4700   1 | 8.10e-01 4.47e-07 +0.283  1.00 | 1.01e+00 1.61e-01 +0.220  0.96 | 5.3e+00 4.4e+00 1.636e+00
#1586   215   1 | 1.14e+00 3.79e-11 +0.490  1.00 | 9.75e-01 7.04e-02 -0.087  1.02 | 8.9e+00 4.2e+00 2.276e+00
#1587  1543   1 | 1.35e+00 1.46e-17 +0.244  1.00 | 1.00e+00 8.13e-02 -0.116  1.03 | 1.6e+01 4.0e+00 2.840e+00
#1588  3257   1 | 1.08e+00 2.42e-06 -0.804  1.00 | 9.68e-01 1.92e-01 +0.081  1.01 | 4.7e+00 4.1e+00 2.100e+00
#1589  3644   1 | 1.28e+00 8.18e-09 -0.463  1.00 | 1.01e+00 1.86e-01 +0.134  0.98 | 7.7e+00 4.4e+00 2.647e+00
#1590  4137   1 | 5.15e-01 3.46e-08 +0.492  1.00 | 9.97e-01 1.93e-01 +0.199  0.96 | 5.9e+00 4.5e+00 1.220e+00
#1591  3004   1 | 8.36e-01 5.19e-05 -0.487  1.00 | 9.42e-01 1.86e-01 +0.194  0.96 | 3.2e+00 4.2e+00 1.553e+00
#1592  4339   1 | 1.11e+00 3.14e-08 +0.031  1.00 | 9.80e-01 2.08e-01 +0.179  0.97 | 6.8e+00 4.6e+00 2.152e+00
#1593   507   1 | 5.45e-01 1.55e-12 +0.689  1.00 | 1.03e+00 6.60e-02 +0.014  1.00 | 1.1e+01 3.9e+00 1.358e+00
#1594  1330   1 | 1.02e+00 2.58e-15 +0.064  1.00 | 9.92e-01 4.31e-02 -0.045  1.01 | 1.4e+01 4.4e+00 2.038e+00
#1595  4821   1 | 9.05e-01 1.06e-05 +0.751  1.00 | 9.18e-01 1.86e-01 +0.249  0.94 | 4.1e+00 4.3e+00 1.610e+00
#1596  3074   1 | 1.05e+00 3.10e-08 -0.546  1.00 | 8.36e-01 1.95e-01 +0.321  0.90 | 7.2e+00 4.6e+00 1.732e+00
#1597  1332   1 | 9.98e-01 1.95e-15 -0.512  1.00 | 9.45e-01 6.74e-02 -0.015  1.01 | 1.4e+01 4.5e+00 1.897e+00
#1598  3624   1 | 1.09e+00 2.15e-07 +0.560  1.00 | 9.70e-01 1.80e-01 +0.173  0.97 | 5.6e+00 4.3e+00 2.102e+00
#1599   436   1 | 8.89e-01 6.17e-15 +0.019  1.00 | 9.15e-01 4.92e-02 -0.120  1.02 | 1.3e+01 4.5e+00 1.640e+00
[best] step 1600: trailing ratio_p=0.9858 (new best)
#1600  4381   1 | 1.30e+00 6.63e-08 +0.002  1.00 | 9.27e-01 2.32e-01 +0.232  0.95 | 6.1e+00 4.9e+00 2.503e+00
#1601  1189   1 | 1.23e+00 5.20e-22 -0.055  1.00 | 9.89e-01 4.58e-02 +0.072  1.00 | 2.2e+01 4.0e+00 2.493e+00
#1602  2667   1 | 7.31e-01 3.15e-07 +0.580  1.00 | 9.46e-01 5.35e-02 +0.144  0.99 | 4.1e+00 4.8e+00 1.418e+00
#1603   250   1 | 1.17e+00 1.22e-16 +0.533  1.00 | 1.17e+00 3.95e-02 +0.140  0.99 | 1.4e+01 4.0e+00 2.725e+00
#1604   261   1 | 4.70e-01 7.64e-10 -0.711  1.00 | 9.87e-01 4.05e-02 +0.015  1.00 | 6.8e+00 3.9e+00 1.196e+00
#1605  4023   1 | 8.04e-01 2.28e-05 -0.492  1.00 | 9.59e-01 1.71e-01 +0.213  0.96 | 3.3e+00 4.5e+00 1.525e+00
#1606  3245   1 | 1.23e+00 2.65e-06 +0.371  1.00 | 1.10e+00 1.53e-01 +0.220  0.96 | 4.7e+00 4.2e+00 2.671e+00
#1607  3182   1 | 1.30e+00 1.95e-05 +0.349  1.00 | 1.09e+00 8.64e-02 +0.020  1.00 | 3.6e+00 3.7e+00 2.881e+00
#1608  4301   1 | 1.08e+00 2.78e-05 +0.522  1.00 | 9.97e-01 1.81e-01 +0.206  0.96 | 3.5e+00 4.6e+00 2.118e+00
#1609  3720   1 | 1.07e+00 2.36e-09 -0.136  1.00 | 9.93e-01 1.56e-01 +0.237  0.95 | 8.1e+00 4.2e+00 2.073e+00
#1610  3586   1 | 7.57e-01 6.81e-07 +0.364  1.00 | 9.49e-01 1.33e-01 +0.034  1.01 | 5.3e+00 3.9e+00 1.483e+00
#1611  1277   1 | 1.09e+00 7.23e-17 -0.817  1.00 | 9.37e-01 3.46e-02 +0.093  0.99 | 1.5e+01 4.1e+00 2.057e+00
#1612  2358   1 | 1.13e+00 3.85e-09 -0.056  1.00 | 1.05e+00 5.29e-02 +0.267  0.98 | 6.6e+00 4.7e+00 2.349e+00
#1613  1200   1 | 5.78e-01 3.65e-18 +0.272  1.00 | 1.05e+00 2.97e-02 +0.053  1.00 | 1.5e+01 4.0e+00 1.440e+00
#1614   619   1 | 9.69e-01 1.42e-13 -0.506  1.00 | 1.06e+00 3.33e-02 -0.189  1.01 | 1.1e+01 3.8e+00 2.073e+00
#1615  2408   1 | 1.15e+00 2.11e-08 +0.872  1.00 | 9.43e-01 1.05e-01 +0.121  0.99 | 4.5e+00 4.2e+00 2.187e+00
#1616   840   1 | 8.53e-01 1.64e-07 -0.646  1.00 | 9.10e-01 3.90e-02 +0.031  1.00 | 5.1e+00 4.4e+00 1.554e+00
#1617  2532   1 | 1.20e+00 1.52e-04 -0.759  1.00 | 1.05e+00 1.99e-01 +0.102  1.00 | 2.7e+00 4.6e+00 2.540e+00
#1618  2070   1 | 1.10e+00 5.74e-15 -0.335  1.00 | 9.82e-01 6.29e-02 -0.025  1.01 | 1.2e+01 4.5e+00 2.190e+00
#1619  4614   1 | 6.14e-01 3.27e-07 +0.256  1.00 | 1.03e+00 1.36e-01 +0.280  0.94 | 5.3e+00 4.3e+00 1.376e+00
#1620  1764   1 | 1.14e+00 0.00e+00   +nan  1.00 | 9.88e-01 4.67e-02 -0.057  1.01 | 2.8e+01 4.6e+00 2.284e+00
#1621  4118   1 | 9.90e-01 7.32e-08 +0.455  1.00 | 1.07e+00 1.90e-01 +0.098  1.00 | 6.0e+00 4.1e+00 2.131e+00
#1622  4632   1 | 9.74e-01 2.26e-07 -0.326  1.00 | 1.02e+00 1.74e-01 +0.314  0.92 | 5.7e+00 4.2e+00 1.904e+00
#1623  1552   1 | 1.32e+00 3.91e-22 -0.374  1.00 | 1.02e+00 3.47e-02 +0.050  1.00 | 1.9e+01 3.8e+00 2.773e+00
#1624  4778   1 | 1.32e+00 4.38e-06 +0.182  1.00 | 1.04e+00 1.44e-01 +0.329  0.93 | 4.4e+00 4.0e+00 2.732e+00
#1625  4427   1 | 5.66e-01 2.70e-05 +0.020  1.00 | 9.77e-01 1.47e-01 +0.278  0.94 | 3.8e+00 4.0e+00 1.217e+00
#1626  3408   1 | 1.12e+00 5.54e-07 +0.650  1.00 | 1.06e+00 1.72e-01 +0.159  0.97 | 5.3e+00 4.2e+00 2.340e+00
#1627  3669   1 | 1.05e+00 1.09e-08 -0.674  1.00 | 1.03e+00 2.07e-01 +0.218  0.95 | 7.1e+00 4.7e+00 2.103e+00
#1628    60   1 | 1.11e+00 2.13e-10 -0.436  1.00 | 9.82e-01 5.26e-02 +0.137  0.99 | 7.9e+00 4.4e+00 2.183e+00
#1629  3894   1 | 1.02e+00 1.61e-08 +0.373  1.00 | 9.92e-01 1.78e-01 +0.027  1.02 | 6.6e+00 4.1e+00 2.042e+00
#1630  4912   1 | 8.15e-01 1.80e-06 +0.540  1.00 | 9.54e-01 1.95e-01 +0.266  0.93 | 4.4e+00 4.3e+00 1.513e+00
#1631  1143   1 | 1.07e+00 1.51e-12 -0.089  1.00 | 1.03e+00 3.65e-02 +0.122  0.99 | 1.1e+01 4.2e+00 2.193e+00
#1632   427   1 | 1.65e+00 1.21e-12 -0.448  1.00 | 9.65e-01 6.33e-02 +0.121  0.99 | 1.1e+01 5.4e+00 3.656e+00
#1633  4870   1 | 1.05e+00 2.37e-05 -0.292  1.00 | 1.02e+00 1.68e-01 +0.420  0.89 | 3.2e+00 4.1e+00 2.034e+00
#1634  3578   1 | 6.47e-01 1.47e-05 -0.470  1.00 | 1.03e+00 1.56e-01 +0.125  0.99 | 3.8e+00 3.6e+00 1.461e+00
#1635  3831   1 | 1.09e+00 7.33e-08 +0.279  1.00 | 9.70e-01 1.79e-01 +0.216  0.95 | 6.5e+00 4.2e+00 2.090e+00
#1636  4033   1 | 1.00e+00 6.25e-07 +0.643  1.00 | 8.61e-01 1.81e-01 +0.057  1.02 | 4.7e+00 4.5e+00 1.758e+00
#1637  3645   1 | 1.10e+00 3.43e-08 +0.372  1.00 | 1.05e+00 1.98e-01 +0.248  0.94 | 6.3e+00 4.4e+00 2.252e+00
#1638   252   1 | 1.32e+00 1.63e-16 +0.375  1.00 | 1.02e+00 4.97e-02 -0.072  1.01 | 1.4e+01 4.6e+00 2.787e+00
#1639  4743   1 | 8.07e-01 9.85e-08 -0.136  1.00 | 9.42e-01 2.11e-01 +0.154  0.98 | 6.0e+00 4.2e+00 1.522e+00
#1640  1524   1 | 1.11e+00 6.37e-21 +0.594  1.00 | 1.06e+00 4.22e-02 -0.195  1.02 | 1.9e+01 4.2e+00 2.367e+00
#1641  2174   1 | 1.09e+00 4.36e-18 +0.824  1.00 | 9.37e-01 4.98e-02 +0.224  0.98 | 1.5e+01 4.1e+00 2.049e+00
#1642   566   1 | 1.35e+00 7.18e-12 -0.327  1.00 | 1.00e+00 4.38e-02 -0.019  1.00 | 8.4e+00 3.9e+00 2.822e+00
#1643  1498   1 | 9.70e-01 9.17e-23 -0.570  1.00 | 1.06e+00 4.64e-02 -0.068  1.01 | 2.0e+01 4.0e+00 2.069e+00
#1644  1363   1 | 1.30e+00 1.27e-19 +0.540  1.00 | 9.27e-01 4.99e-02 +0.055  1.00 | 1.7e+01 4.6e+00 2.534e+00
#1645  3526   1 | 7.32e-01 1.62e-08 -0.777  1.00 | 1.09e+00 2.02e-01 +0.086  1.00 | 6.4e+00 4.5e+00 1.722e+00
#1646   747   1 | 1.05e+00 1.09e-14 -0.027  1.00 | 1.08e+00 6.07e-02 +0.001  1.00 | 1.3e+01 4.4e+00 2.279e+00
#1647  2504   1 | 1.30e+00 1.37e-11 -0.295  1.00 | 9.64e-01 5.90e-02 +0.143  0.99 | 8.0e+00 4.1e+00 2.597e+00
#1648  1020   1 | 5.53e-01 2.62e-15 -0.294  1.00 | 1.04e+00 3.90e-02 -0.169  1.01 | 1.3e+01 4.0e+00 1.408e+00
#1649  1885   1 | 1.14e+00 0.00e+00   +nan  1.00 | 9.75e-01 4.29e-02 +0.076  1.00 | 2.2e+01 4.4e+00 2.246e+00
#1650  3499   1 | 1.09e+00 9.95e-09 -0.526  1.00 | 1.02e+00 1.41e-01 +0.211  0.96 | 7.2e+00 4.0e+00 2.177e+00
#1651   217   1 | 1.12e+00 3.80e-12 -0.444  1.00 | 1.13e+00 5.92e-02 -0.035  1.01 | 9.5e+00 4.7e+00 2.553e+00
#1652  2200   1 | 1.20e+00 2.59e-15 -0.242  1.00 | 1.05e+00 4.16e-02 -0.037  1.00 | 1.2e+01 4.2e+00 2.557e+00
#1653  2924   1 | 1.14e+00 3.78e-05 +0.281  1.00 | 9.88e-01 1.60e-01 -0.156  1.08 | 3.0e+00 4.0e+00 2.340e+00
#1654  2928   1 | 1.30e+00 6.72e-07 -0.104  1.00 | 1.01e+00 1.89e-01 +0.115  0.99 | 4.1e+00 4.1e+00 2.701e+00
#1655  1664   1 | 9.64e-01 3.74e-23 +0.115  1.00 | 1.03e+00 2.13e-02 +0.017  1.00 | 2.1e+01 4.1e+00 1.994e+00
#1656   995   1 | 9.75e-01 7.10e-20 -0.007  1.00 | 1.04e+00 4.67e-02 +0.167  0.99 | 1.7e+01 4.5e+00 2.022e+00
#1657  2204   1 | 1.00e+00 1.78e-14 -0.511  1.00 | 9.45e-01 4.61e-02 -0.003  1.00 | 1.2e+01 4.5e+00 1.898e+00
#1658   347   1 | 7.38e-01 5.46e-10 +0.640  1.00 | 9.49e-01 2.60e-02 +0.021  1.00 | 7.4e+00 4.3e+00 1.445e+00
#1659  3200   1 | 5.77e-01 1.87e-05 -0.015  1.00 | 9.77e-01 1.30e-01 +0.094  0.99 | 4.0e+00 4.0e+00 1.282e+00
#1660  2602   1 | 9.65e-01 2.74e-07 +0.348  1.00 | 9.60e-01 1.41e-01 -0.139  1.06 | 4.1e+00 4.0e+00 1.910e+00
#1661  1468   1 | 1.00e+00 1.16e-21 -0.013  1.00 | 1.07e+00 2.63e-02 -0.168  1.01 | 2.0e+01 4.2e+00 2.169e+00
#1662  1462   1 | 7.02e-01 5.52e-21 +0.294  1.00 | 1.00e+00 3.77e-02 +0.223  0.98 | 1.9e+01 5.2e+00 1.481e+00
#1663  1266   1 | 5.97e-01 5.03e-17 +0.288  1.00 | 1.08e+00 4.10e-02 -0.170  1.01 | 1.4e+01 4.8e+00 1.548e+00
#1664  2109   1 | 1.32e+00 5.29e-23 -0.249  1.00 | 1.12e+00 2.75e-02 -0.058  1.00 | 2.0e+01 4.2e+00 3.000e+00
#1665  2992   1 | 1.10e+00 6.39e-07 +0.921  1.00 | 9.80e-01 1.78e-01 +0.084  1.00 | 5.1e+00 4.8e+00 2.175e+00
#1666  2249   1 | 8.25e-01 5.35e-14 +0.232  1.00 | 1.01e+00 2.54e-02 +0.057  1.00 | 1.2e+01 4.0e+00 1.705e+00
#1667  1037   1 | 8.89e-01 8.10e-14 +0.017  1.00 | 9.15e-01 2.61e-02 +0.003  1.00 | 1.2e+01 4.0e+00 1.627e+00
#1668  1328   1 | 1.22e+00 1.07e-16 -0.289  1.00 | 1.10e+00 2.56e-02 +0.044  1.00 | 1.6e+01 4.5e+00 2.713e+00
#1669  3057   1 | 5.86e-01 1.13e-05 +0.757  1.00 | 1.05e+00 1.24e-01 +0.280  0.95 | 3.7e+00 4.1e+00 1.393e+00
#1670  3286   1 | 9.73e-01 1.03e-07 +0.458  1.00 | 1.07e+00 1.40e-01 +0.146  0.98 | 5.6e+00 4.2e+00 2.078e+00
#1671  3438   1 | 7.93e-01 6.53e-06 -0.409  1.00 | 9.59e-01 1.83e-01 -0.113  1.08 | 4.3e+00 4.3e+00 1.621e+00
#1672  1096   1 | 4.94e-01 2.09e-19 -0.379  1.00 | 1.12e+00 1.80e-02 +0.076  1.00 | 1.9e+01 4.0e+00 1.490e+00
#1673  3404   1 | 1.18e+00 4.25e-06 -0.880  1.00 | 9.11e-01 1.99e-01 +0.262  0.93 | 4.2e+00 4.5e+00 2.173e+00
#1674  1961   1 | 5.13e-01 1.49e-15 +0.355  1.00 | 9.97e-01 1.35e-02 +0.038  1.00 | 1.4e+01 3.8e+00 1.257e+00
#1675   305   1 | 6.58e-01 7.83e-07 -0.439  1.00 | 1.07e+00 2.76e-02 +0.067  1.00 | 4.5e+00 4.3e+00 1.574e+00
#1676  1128   1 | 9.23e-01 2.45e-13 +0.313  1.00 | 9.51e-01 2.57e-02 -0.078  1.00 | 1.2e+01 4.9e+00 1.760e+00
#1677  1714   1 | 9.63e-01 0.00e+00   +nan  1.00 | 1.06e+00 2.20e-02 +0.250  0.99 | 2.9e+01 4.5e+00 2.049e+00
#1678  3866   1 | 1.10e+00 3.07e-08 +0.785  1.00 | 1.08e+00 1.09e-01 +0.187  0.97 | 6.4e+00 3.8e+00 2.352e+00
#1679  4062   1 | 1.07e+00 2.11e-06 -0.588  1.00 | 9.93e-01 1.59e-01 +0.198  0.96 | 4.7e+00 4.4e+00 2.096e+00
#1680  4563   1 | 1.37e+00 1.58e-05 -0.495  1.00 | 1.03e+00 1.12e-01 +0.270  0.95 | 4.0e+00 4.0e+00 2.894e+00
#1681  3721   1 | 1.07e+00 2.45e-09 +0.070  1.00 | 9.97e-01 1.89e-01 +0.037  1.02 | 7.7e+00 4.7e+00 2.152e+00
#1682  2855   1 | 1.17e+00 6.88e-05 -0.074  1.00 | 1.17e+00 1.54e-01 +0.214  0.96 | 3.1e+00 4.4e+00 2.677e+00
#1683  3417   1 | 1.05e+00 1.25e-07 -0.506  1.00 | 1.04e+00 1.47e-01 +0.049  1.01 | 4.8e+00 4.1e+00 2.196e+00
#1684  4728   1 | 1.09e+00 4.12e-07 -0.193  1.00 | 9.68e-01 1.60e-01 +0.159  0.97 | 4.5e+00 4.2e+00 2.100e+00
#1685  1379   1 | 1.02e+00 7.53e-22 +0.653  1.00 | 1.13e+00 2.24e-02 +0.081  1.00 | 2.2e+01 4.7e+00 2.315e+00
#1686  3366   1 | 9.11e-01 3.54e-08 +0.669  1.00 | 9.18e-01 1.34e-01 +0.068  1.00 | 6.1e+00 3.8e+00 1.673e+00
#1687  3218   1 | 5.64e-01 9.23e-06 +0.526  1.00 | 1.03e+00 1.14e-01 +0.033  1.00 | 4.3e+00 3.8e+00 1.382e+00
#1688  3348   1 | 1.30e+00 4.96e-07 -0.223  1.00 | 1.04e+00 1.01e-01 +0.120  0.99 | 5.1e+00 3.8e+00 2.737e+00
#1689  1609   1 | 4.47e-01 1.06e-18 -0.490  1.00 | 1.00e+00 2.18e-02 -0.037  1.00 | 1.9e+01 4.6e+00 1.205e+00
#1690  1492   1 | 7.29e-01 1.60e-19 +0.292  1.00 | 9.46e-01 2.32e-02 +0.053  1.00 | 1.9e+01 4.3e+00 1.424e+00
#1691  3730   1 | 1.26e+00 8.54e-08 -0.697  1.00 | 1.08e+00 1.17e-01 +0.080  0.99 | 6.1e+00 3.6e+00 2.757e+00
#1692  4568   1 | 4.68e-01 2.45e-07 +0.584  1.00 | 9.87e-01 1.48e-01 +0.152  0.98 | 5.6e+00 5.1e+00 1.171e+00
#1693   820   1 | 1.23e+00 1.70e-09 +0.076  1.00 | 9.89e-01 2.25e-02 -0.025  1.00 | 7.5e+00 4.7e+00 2.500e+00
#1694   615   1 | 1.15e+00 5.36e-11 +0.683  1.00 | 9.43e-01 1.62e-02 +0.144  1.00 | 1.0e+01 4.6e+00 2.197e+00
#1695  3995   1 | 9.76e-01 2.18e-06 +0.139  1.00 | 1.02e+00 1.35e-01 +0.249  0.95 | 4.7e+00 4.2e+00 1.939e+00
#1696  4645   1 | 1.18e+00 1.09e-07 +0.273  1.00 | 9.58e-01 1.54e-01 +0.185  0.97 | 6.1e+00 4.1e+00 2.281e+00
#1697  1764   1 | 1.04e+00 0.00e+00   +nan  1.00 | 8.36e-01 2.14e-02 +0.092  1.00 | 3.1e+01 4.6e+00 1.782e+00
#1698  3633   1 | 1.29e+00 3.68e-07 -0.356  1.00 | 1.09e+00 1.47e-01 +0.087  0.99 | 5.4e+00 4.0e+00 2.853e+00
#1699  1067   1 | 1.40e+00 2.15e-13 +0.047  1.00 | 1.01e+00 2.18e-02 +0.119  1.00 | 1.2e+01 4.5e+00 2.986e+00
#1700  4725   1 | 1.12e+00 2.96e-06 -0.043  1.00 | 1.01e+00 1.94e-01 +0.270  0.93 | 4.6e+00 5.0e+00 2.194e+00
#1701   984   1 | 8.53e-01 2.70e-18 +0.584  1.00 | 9.10e-01 1.55e-02 -0.159  1.01 | 1.7e+01 3.7e+00 1.560e+00
#1702  3083   1 | 1.09e+00 9.20e-10 -0.111  1.00 | 9.82e-01 1.57e-01 +0.072  1.00 | 7.7e+00 4.5e+00 2.153e+00
#1703   288   1 | 5.96e-01 9.17e-13 +0.279  1.00 | 1.08e+00 2.41e-02 -0.185  1.01 | 1.1e+01 4.5e+00 1.540e+00
#1704  4572   1 | 1.15e+00 2.23e-06 -0.089  1.00 | 9.75e-01 1.48e-01 +0.231  0.95 | 4.6e+00 4.2e+00 2.224e+00
#1705  1190   1 | 1.31e+00 0.00e+00   +nan  1.00 | 1.04e+00 1.33e-02 +0.062  1.00 | 2.4e+01 3.8e+00 2.782e+00
#1706  4380   1 | 9.06e-01 1.06e-07 +0.616  1.00 | 9.18e-01 1.42e-01 +0.223  0.95 | 5.8e+00 4.0e+00 1.625e+00
#1707  3494   1 | 7.38e-01 4.60e-07 +0.062  1.00 | 9.46e-01 1.72e-01 +0.275  0.93 | 4.8e+00 4.6e+00 1.379e+00
#1708  1948   1 | 1.08e+00 2.70e-11 -0.173  1.00 | 9.93e-01 2.05e-02 -0.205  1.01 | 9.0e+00 4.4e+00 2.159e+00
#1709  3319   1 | 1.21e+00 1.73e-06 -0.097  1.00 | 9.89e-01 1.18e-01 +0.059  1.00 | 5.0e+00 4.0e+00 2.452e+00
#1710  3010   1 | 8.98e-01 3.42e-06 -0.298  1.00 | 9.15e-01 1.65e-01 -0.041  1.05 | 3.5e+00 5.2e+00 1.683e+00
#1711  3793   1 | 8.49e-01 3.79e-07 -0.394  1.00 | 1.01e+00 1.55e-01 -0.040  1.04 | 4.9e+00 4.3e+00 1.784e+00
#1712  4506   1 | 4.43e-01 2.86e-06 -0.068  1.00 | 1.00e+00 1.07e-01 +0.209  0.97 | 3.5e+00 3.9e+00 1.166e+00
#1713  1070   1 | 1.08e+00 8.28e-19 +0.026  1.00 | 9.68e-01 1.40e-02 +0.067  1.00 | 1.9e+01 3.8e+00 2.108e+00
#1714  2305   1 | 1.38e+00 5.92e-12 +0.442  1.00 | 1.03e+00 1.50e-02 +0.142  1.00 | 9.8e+00 4.3e+00 2.960e+00
#1715  3856   1 | 7.56e-01 6.25e-07 +0.213  1.00 | 9.49e-01 1.82e-01 +0.083  1.00 | 5.3e+00 4.2e+00 1.478e+00
#1716   944   1 | 1.21e+00 9.94e-13 +0.182  1.00 | 9.11e-01 1.38e-02 +0.094  1.00 | 1.2e+01 4.4e+00 2.287e+00
#1717   220   1 | 1.04e+00 2.13e-08 +0.314  1.00 | 1.02e+00 1.81e-02 +0.025  1.00 | 6.1e+00 4.5e+00 2.128e+00
#1718   716   1 | 1.29e+00 7.85e-14 +0.466  1.00 | 9.64e-01 1.27e-02 +0.161  1.00 | 1.4e+01 4.4e+00 2.602e+00
#1719  2132   1 | 6.27e-01 4.42e-16 -0.700  1.00 | 1.03e+00 1.38e-02 +0.070  1.00 | 1.4e+01 3.8e+00 1.449e+00
#1720  2947   1 | 1.14e+00 1.38e-05 -0.668  1.00 | 9.88e-01 1.51e-01 +0.045  1.01 | 3.2e+00 4.4e+00 2.274e+00
#1721  2876   1 | 1.00e+00 9.03e-05 -0.257  1.00 | 8.61e-01 1.66e-01 +0.119  0.99 | 2.5e+00 4.6e+00 1.737e+00
#1722  2627   1 | 1.14e+00 2.72e-08 -0.001  1.00 | 9.43e-01 2.77e-02 +0.090  1.00 | 4.8e+00 4.3e+00 2.195e+00
#1723  2495   1 | 9.98e-01 5.77e-09 +0.114  1.00 | 1.07e+00 2.36e-02 +0.178  0.99 | 5.6e+00 4.0e+00 2.142e+00
#1724  3507   1 | 7.14e-01 5.94e-07 -0.701  1.00 | 1.00e+00 1.51e-01 +0.063  1.00 | 4.9e+00 4.5e+00 1.519e+00
#1725  3521   1 | 5.72e-01 5.81e-07 -0.551  1.00 | 1.03e+00 1.42e-01 +0.134  0.98 | 5.0e+00 4.1e+00 1.367e+00
#1726  1985   1 | 9.76e-01 1.50e-15 +0.007  1.00 | 1.04e+00 1.60e-02 +0.086  1.00 | 1.4e+01 4.2e+00 2.037e+00
#1727  1097   1 | 5.69e-01 2.23e-20 -0.338  1.00 | 9.77e-01 1.63e-02 -0.022  1.00 | 2.0e+01 4.9e+00 1.280e+00
#1728    77   1 | 1.07e+00 8.80e-08 +0.099  1.00 | 1.03e+00 2.01e-02 -0.090  1.00 | 4.8e+00 4.0e+00 2.208e+00
#1729  3341   1 | 1.01e+00 4.38e-07 +0.146  1.00 | 9.45e-01 1.38e-01 +0.084  1.00 | 4.3e+00 4.2e+00 1.917e+00
#1730  2160   1 | 1.13e+00 1.53e-10 -0.054  1.00 | 1.05e+00 2.35e-02 +0.184  0.99 | 7.8e+00 4.4e+00 2.372e+00
#1731  3924   1 | 7.35e-01 4.18e-07 +0.473  1.00 | 1.09e+00 1.40e-01 +0.122  0.99 | 5.4e+00 4.3e+00 1.706e+00
#1732   666   1 | 9.72e-01 6.25e-15 -0.020  1.00 | 1.02e+00 1.61e-02 +0.003  1.00 | 1.4e+01 4.8e+00 1.980e+00
#1733   417   1 | 6.58e-01 1.70e-12 +0.472  1.00 | 1.07e+00 1.34e-02 +0.141  1.00 | 1.1e+01 4.3e+00 1.573e+00
#1734  3814   1 | 1.32e+00 1.81e-08 -0.755  1.00 | 1.00e+00 1.23e-01 +0.317  0.94 | 5.8e+00 4.3e+00 2.688e+00
#1735  2896   1 | 1.31e+00 4.74e-08 -0.061  1.00 | 1.12e+00 4.35e-02 -0.011  1.00 | 4.6e+00 4.3e+00 2.977e+00
#1736  4668   1 | 1.18e+00 2.71e-08 -0.234  1.00 | 9.58e-01 1.74e-01 +0.146  0.98 | 5.6e+00 4.7e+00 2.292e+00
#1737  4464   1 | 1.23e+00 2.85e-06 +0.091  1.00 | 1.10e+00 1.37e-01 +0.208  0.96 | 4.3e+00 4.5e+00 2.685e+00
#1738  1551   1 | 5.79e-01 7.82e-21 -0.142  1.00 | 1.05e+00 1.54e-02 +0.073  1.00 | 2.1e+01 4.2e+00 1.441e+00
#1739  1423   1 | 7.71e-01 8.37e-19 +0.027  1.00 | 9.59e-01 1.67e-02 +0.071  1.00 | 1.9e+01 4.5e+00 1.512e+00
#1740  3380   1 | 1.05e+00 2.41e-08 -0.327  1.00 | 8.36e-01 1.61e-01 +0.188  0.96 | 5.6e+00 4.6e+00 1.781e+00
#1741  3043   1 | 1.11e+00 3.80e-07 -0.254  1.00 | 1.13e+00 1.70e-01 +0.271  0.94 | 4.7e+00 4.9e+00 2.430e+00
#1742  2006   1 | 9.63e-01 4.31e-17 +0.113  1.00 | 1.03e+00 1.82e-02 -0.117  1.00 | 1.4e+01 4.3e+00 1.997e+00
#1743   309   1 | 1.12e+00 2.60e-12 +0.634  1.00 | 1.01e+00 2.02e-02 -0.101  1.00 | 1.0e+01 4.4e+00 2.277e+00
#1744  1431   1 | 9.58e-01 6.18e-19 +0.116  1.00 | 1.07e+00 1.88e-02 -0.112  1.00 | 1.7e+01 4.6e+00 2.077e+00
#1745  3437   1 | 8.41e-01 5.32e-06 -0.019  1.00 | 9.54e-01 1.47e-01 +0.053  1.01 | 4.3e+00 4.5e+00 1.623e+00
#1746   993   1 | 5.12e-01 6.36e-17 -0.372  1.00 | 9.97e-01 1.29e-02 +0.005  1.00 | 1.6e+01 4.1e+00 1.256e+00
#1747    80   1 | 1.03e+00 1.42e-12 -0.073  1.00 | 9.92e-01 1.77e-02 +0.081  1.00 | 1.1e+01 4.5e+00 2.033e+00
#1748  1818   1 | 1.17e+00 0.00e+00   +nan  1.00 | 1.17e+00 1.63e-02 +0.054  1.00 | 2.4e+01 3.9e+00 2.732e+00
#1749  4574   1 | 9.71e-01 2.40e-07 +0.308  1.00 | 1.06e+00 1.89e-01 +0.277  0.93 | 5.1e+00 4.9e+00 1.999e+00
#1750  2385   1 | 4.95e-01 8.66e-10 +0.316  1.00 | 1.12e+00 2.42e-02 +0.183  0.99 | 6.8e+00 4.2e+00 1.484e+00
#1751  4135   1 | 1.67e+00 1.55e-07 -0.161  1.00 | 9.65e-01 1.13e-01 +0.329  0.94 | 5.7e+00 3.9e+00 3.653e+00
#1752  1318   1 | 1.20e+00 3.52e-16 -0.240  1.00 | 1.05e+00 2.00e-02 +0.067  1.00 | 1.5e+01 4.2e+00 2.560e+00
#1753   841   1 | 1.40e+00 2.23e-09 +0.079  1.00 | 1.01e+00 1.86e-02 +0.019  1.00 | 7.9e+00 3.9e+00 2.991e+00
#1754  2609   1 | 1.04e+00 5.68e-06 -0.155  1.00 | 1.08e+00 1.14e-01 +0.077  0.99 | 3.2e+00 3.8e+00 2.246e+00
#1755  4181   1 | 1.33e+00 9.49e-08 +0.366  1.00 | 1.02e+00 1.18e-01 +0.091  0.99 | 5.7e+00 4.2e+00 2.789e+00
#1756  1852   1 | 1.08e+00 3.71e-21 +0.110  1.00 | 1.04e+00 2.27e-02 +0.019  1.00 | 1.9e+01 4.3e+00 2.246e+00
#1757   816   1 | 8.24e-01 9.34e-13 +0.392  1.00 | 9.42e-01 1.93e-02 +0.135  0.99 | 1.1e+01 4.3e+00 1.561e+00
#1758  4640   1 | 1.31e+00 1.65e-06 -0.496  1.00 | 1.09e+00 1.78e-01 +0.154  0.98 | 4.2e+00 4.4e+00 2.894e+00
#1759  2954   1 | 1.07e+00 1.82e-05 -0.138  1.00 | 9.97e-01 1.49e-01 -0.044  1.04 | 3.4e+00 4.1e+00 2.179e+00
#1760  3308   1 | 1.09e+00 6.61e-07 -0.518  1.00 | 1.02e+00 1.56e-01 +0.207  0.96 | 4.6e+00 4.5e+00 2.185e+00
#1761  4945   1 | 1.33e+00 1.11e-05 -0.319  1.00 | 1.01e+00 1.36e-01 +0.324  0.93 | 3.7e+00 3.9e+00 2.735e+00
#1762  4543   1 | 1.07e+00 1.29e-06 +0.585  1.00 | 9.70e-01 1.62e-01 +0.259  0.94 | 4.7e+00 4.3e+00 2.022e+00
#1763  2354   1 | 9.63e-01 8.70e-09 -0.473  1.00 | 9.60e-01 4.72e-02 -0.138  1.02 | 5.4e+00 4.4e+00 1.864e+00
#1764  2301   1 | 1.11e+00 3.44e-13 +0.019  1.00 | 9.80e-01 3.52e-02 +0.147  0.99 | 1.0e+01 4.6e+00 2.180e+00
#1765    25   1 | 9.70e-01 6.84e-05 -0.056  1.00 | 1.06e+00 1.12e-01 +0.114  0.99 | 2.0e+00 4.1e+00 2.045e+00
#1766  2301   1 | 1.11e+00 8.58e-13 +0.618  1.00 | 1.06e+00 2.54e-02 -0.064  1.00 | 1.0e+01 4.2e+00 2.356e+00
#1767   832   1 | 1.29e+00 7.95e-07 -0.316  1.00 | 1.08e+00 3.10e-02 +0.085  1.00 | 4.8e+00 4.5e+00 2.831e+00
#1768  1289   1 | 1.02e+00 4.19e-15 +0.065  1.00 | 1.13e+00 2.65e-02 +0.146  0.99 | 1.2e+01 4.9e+00 2.311e+00
#1769  1406   1 | 1.10e+00 1.88e-13 +0.258  1.00 | 1.08e+00 2.86e-02 +0.252  0.99 | 1.2e+01 4.7e+00 2.357e+00
#1770  2727   1 | 8.61e-01 2.40e-08 +0.260  1.00 | 9.10e-01 6.75e-02 +0.063  1.00 | 5.1e+00 4.4e+00 1.567e+00
#1771   362   1 | 1.09e+00 6.94e-15 -0.814  1.00 | 9.37e-01 2.22e-02 +0.128  0.99 | 1.2e+01 4.1e+00 2.056e+00
#1772  1193   1 | 9.23e-01 6.58e-18 -0.312  1.00 | 9.51e-01 2.60e-02 +0.034  1.00 | 1.6e+01 4.7e+00 1.754e+00
#1773  3245   1 | 1.29e+00 5.73e-07 +0.252  1.00 | 9.27e-01 1.70e-01 +0.026  1.02 | 4.7e+00 4.3e+00 2.545e+00
#1774  1362   1 | 5.54e-01 1.12e-20 -0.287  1.00 | 1.04e+00 3.41e-02 +0.060  1.00 | 1.9e+01 4.7e+00 1.390e+00
#1775  1732   1 | 4.70e-01 0.00e+00   +nan  1.00 | 9.87e-01 2.78e-02 -0.017  1.00 | 2.8e+01 4.4e+00 1.198e+00
#1776  3657   1 | 6.59e-01 6.99e-09 +0.448  1.00 | 1.07e+00 1.66e-01 +0.153  0.98 | 6.5e+00 4.1e+00 1.551e+00
#1777  1966   1 | 1.66e+00 3.63e-15 -0.476  1.00 | 9.65e-01 3.48e-02 -0.015  1.00 | 1.3e+01 4.0e+00 3.672e+00
#1778  3604   1 | 1.07e+00 1.70e-06 +0.367  1.00 | 9.82e-01 1.66e-01 +0.065  1.01 | 4.6e+00 4.3e+00 2.121e+00
#1779  3440   1 | 5.76e-01 3.88e-07 +0.727  1.00 | 1.04e+00 1.95e-01 +0.001  1.03 | 5.0e+00 4.7e+00 1.456e+00
#1780  3826   1 | 1.12e+00 1.94e-08 -0.289  1.00 | 1.06e+00 1.88e-01 +0.093  1.00 | 6.0e+00 4.3e+00 2.381e+00
#1781  2358   1 | 1.15e+00 3.45e-10 +0.164  1.00 | 9.43e-01 3.28e-02 +0.144  0.99 | 6.5e+00 4.3e+00 2.193e+00
#1782  3849   1 | 1.10e+00 4.86e-08 +0.458  1.00 | 1.05e+00 1.67e-01 +0.234  0.95 | 6.2e+00 4.1e+00 2.251e+00
#1783  4957   1 | 1.13e+00 3.77e-08 -0.546  1.00 | 9.80e-01 1.92e-01 +0.128  0.99 | 6.0e+00 4.7e+00 2.229e+00
#1784  2123   1 | 1.04e+00 2.51e-15 +0.312  1.00 | 1.02e+00 3.97e-02 +0.059  1.00 | 1.3e+01 4.2e+00 2.118e+00
#1785  2553   1 | 8.27e-01 2.67e-08 +0.195  1.00 | 1.01e+00 4.42e-02 +0.002  1.00 | 5.2e+00 3.8e+00 1.712e+00
#1786  2648   1 | 1.12e+00 3.48e-07 +0.001  1.00 | 1.01e+00 4.61e-02 +0.092  0.99 | 4.2e+00 4.4e+00 2.271e+00
#1787   232   1 | 1.09e+00 3.67e-13 -0.635  1.00 | 9.37e-01 4.88e-02 +0.153  0.99 | 9.4e+00 5.1e+00 2.049e+00
#1788  2232   1 | 1.38e+00 6.45e-13 +0.608  1.00 | 1.03e+00 3.28e-02 +0.239  0.99 | 1.0e+01 4.2e+00 2.948e+00
#1789  1533   1 | 1.14e+00 1.15e-21 -0.398  1.00 | 9.88e-01 2.82e-02 +0.034  1.00 | 1.9e+01 3.8e+00 2.276e+00
#1790  4898   1 | 1.40e+00 1.33e-07 +0.234  1.00 | 1.01e+00 1.21e-01 +0.264  0.95 | 5.5e+00 4.1e+00 2.919e+00
#1791  3934   1 | 1.08e+00 2.05e-09 -0.342  1.00 | 1.02e+00 1.23e-01 +0.333  0.93 | 7.3e+00 4.3e+00 2.138e+00
#1792  1361   1 | 7.29e-01 0.00e+00 -0.311  1.00 | 9.46e-01 4.06e-02 +0.086  0.99 | 2.1e+01 4.7e+00 1.421e+00
#1793  2029   1 | 1.34e+00 5.37e-18 -0.242  1.00 | 1.00e+00 3.88e-02 +0.010  1.00 | 1.5e+01 4.3e+00 2.810e+00
#1794  1415   1 | 9.75e-01 1.83e-22 +0.017  1.00 | 1.04e+00 3.21e-02 +0.140  0.99 | 2.0e+01 4.1e+00 2.029e+00
#1795  2029   1 | 8.28e-01 1.53e-18 +0.061  1.00 | 9.54e-01 3.92e-02 +0.064  1.00 | 1.5e+01 4.0e+00 1.591e+00
#1796   968   1 | 1.04e+00 6.23e-21 -0.120  1.00 | 8.36e-01 4.34e-02 -0.145  1.02 | 1.8e+01 4.1e+00 1.796e+00
#1797  3129   1 | 1.01e+00 5.41e-07 -0.411  1.00 | 9.45e-01 1.41e-01 +0.093  0.99 | 4.6e+00 3.9e+00 1.908e+00
#1798  4051   1 | 1.23e+00 7.83e-08 +0.074  1.00 | 1.10e+00 1.72e-01 +0.106  0.99 | 5.7e+00 4.2e+00 2.730e+00
#1799  1994   1 | 6.00e-01 6.61e-20 -0.173  1.00 | 1.08e+00 4.76e-02 -0.076  1.01 | 1.7e+01 4.4e+00 1.545e+00
#1800   474   1 | 1.29e+00 3.05e-11 -0.360  1.00 | 9.64e-01 4.39e-02 +0.156  0.99 | 8.4e+00 4.1e+00 2.595e+00
#1801  4551   1 | 9.59e-01 8.83e-08 -0.601  1.00 | 9.60e-01 1.40e-01 +0.238  0.95 | 5.6e+00 4.0e+00 1.798e+00
#1802  1762   1 | 1.23e+00 0.00e+00   +nan  1.00 | 9.89e-01 4.28e-02 -0.136  1.01 | 3.1e+01 4.3e+00 2.507e+00
#1803  4252   1 | 5.69e-01 8.18e-06 +0.829  1.00 | 9.77e-01 1.72e-01 +0.142  0.98 | 4.1e+00 4.3e+00 1.261e+00
#1804  1423   1 | 1.18e+00 6.50e-20 -0.356  1.00 | 9.58e-01 2.99e-02 -0.045  1.00 | 1.7e+01 4.2e+00 2.310e+00
#1805  1144   1 | 1.08e+00 1.13e-13 +0.049  1.00 | 9.68e-01 4.76e-02 +0.223  0.98 | 1.1e+01 4.2e+00 2.091e+00
#1806  1124   1 | 4.94e-01 1.86e-16 -0.442  1.00 | 1.12e+00 4.72e-02 +0.140  0.99 | 1.4e+01 4.5e+00 1.480e+00
#1807  1685   1 | 1.02e+00 0.00e+00   +nan  1.00 | 1.13e+00 5.14e-02 +0.202  0.98 | 2.3e+01 4.4e+00 2.299e+00
#1808  1069   1 | 1.21e+00 1.92e-16 +0.206  1.00 | 9.11e-01 4.11e-02 +0.081  0.99 | 1.4e+01 4.4e+00 2.285e+00
#1809   740   1 | 1.31e+00 1.99e-19 +0.191  1.00 | 1.09e+00 4.29e-02 -0.136  1.01 | 1.7e+01 3.9e+00 2.919e+00
#1810  3694   1 | 1.29e+00 3.19e-07 -0.729  1.00 | 1.12e+00 1.68e-01 +0.166  0.97 | 5.2e+00 4.4e+00 2.892e+00
#1811  3789   1 | 9.12e-01 6.40e-09 -0.470  1.00 | 9.15e-01 1.81e-01 -0.120  1.09 | 7.2e+00 4.4e+00 1.742e+00
#1812  3283   1 | 4.56e-01 1.43e-07 -0.711  1.00 | 1.00e+00 1.55e-01 +0.160  0.97 | 5.4e+00 4.0e+00 1.185e+00
#1813   947   1 | 1.08e+00 5.06e-17 -0.195  1.00 | 9.93e-01 5.57e-02 -0.229  1.03 | 1.4e+01 4.6e+00 2.182e+00
#1814  3684   1 | 9.90e-01 6.56e-08 +0.201  1.00 | 1.06e+00 1.40e-01 +0.158  0.98 | 6.0e+00 4.1e+00 2.072e+00
#1815  2625   1 | 1.13e+00 4.96e-07 +0.408  1.00 | 9.75e-01 7.66e-02 -0.244  1.04 | 4.3e+00 4.7e+00 2.277e+00
#1816  4795   1 | 5.29e-01 1.59e-07 +0.072  1.00 | 1.03e+00 1.28e-01 +0.192  0.97 | 5.6e+00 4.3e+00 1.304e+00
#1817  1134   1 | 1.07e+00 1.18e-17 -0.089  1.00 | 1.03e+00 2.86e-02 +0.037  1.00 | 1.5e+01 3.9e+00 2.200e+00
#1818  2839   1 | 9.66e-01 5.00e-07 -0.658  1.00 | 1.07e+00 1.39e-01 +0.091  0.99 | 4.9e+00 3.8e+00 2.080e+00
#1819  4631   1 | 1.08e+00 5.44e-08 -0.281  1.00 | 9.97e-01 1.40e-01 +0.177  0.97 | 6.2e+00 4.0e+00 2.137e+00
#1820  2173   1 | 9.18e-01 1.68e-15 +0.264  1.00 | 9.51e-01 4.95e-02 +0.044  1.00 | 1.3e+01 4.6e+00 1.745e+00
#1821  4522   1 | 9.06e-01 6.95e-07 +0.634  1.00 | 9.18e-01 8.28e-02 +0.206  0.97 | 3.7e+00 4.0e+00 1.638e+00
#1822   628   1 | 5.78e-01 4.90e-16 +0.148  1.00 | 1.05e+00 4.16e-02 +0.075  1.00 | 1.4e+01 4.3e+00 1.437e+00
#1823  2302   1 | 1.08e+00 2.15e-13 +0.468  1.00 | 1.04e+00 2.94e-02 +0.217  0.99 | 9.8e+00 4.5e+00 2.226e+00
#1824   939   1 | 1.10e+00 8.04e-19 +0.251  1.00 | 1.08e+00 2.90e-02 +0.196  0.99 | 1.8e+01 4.0e+00 2.360e+00
#1825  1431   1 | 7.02e-01 1.51e-18 +0.295  1.00 | 1.00e+00 3.08e-02 +0.266  0.98 | 1.6e+01 4.4e+00 1.481e+00
#1826  3310   1 | 1.10e+00 5.67e-07 -0.433  1.00 | 1.13e+00 1.73e-01 +0.312  0.93 | 4.7e+00 4.7e+00 2.399e+00
#1827   949   1 | 1.31e+00 1.05e-15 -0.331  1.00 | 1.01e+00 3.56e-02 +0.006  1.00 | 1.4e+01 4.2e+00 2.745e+00
#1828  3051   1 | 8.37e-01 3.43e-06 +0.405  1.00 | 9.42e-01 1.54e-01 +0.183  0.97 | 4.1e+00 4.2e+00 1.559e+00
#1829  4327   1 | 1.07e+00 2.29e-07 +0.540  1.00 | 9.70e-01 1.26e-01 +0.224  0.96 | 5.4e+00 4.0e+00 2.055e+00
#1830  2631   1 | 1.02e+00 8.57e-07 -0.178  1.00 | 9.92e-01 9.75e-02 +0.040  1.00 | 3.5e+00 4.4e+00 2.030e+00
#1831  2015   1 | 1.00e+00 1.41e-20 +0.017  1.00 | 1.07e+00 3.88e-02 -0.026  1.00 | 1.8e+01 4.4e+00 2.159e+00
#1832   549   1 | 1.29e+00 5.37e-15 +0.323  1.00 | 1.08e+00 3.73e-02 +0.027  1.00 | 1.3e+01 4.3e+00 2.836e+00
#1833   113   1 | 7.04e-01 3.30e-11 -0.015  1.00 | 1.09e+00 3.93e-02 +0.001  1.00 | 8.8e+00 4.2e+00 1.681e+00
#1834  1290   1 | 1.05e+00 2.29e-16 -0.005  1.00 | 1.08e+00 3.89e-02 +0.001  1.00 | 1.4e+01 4.3e+00 2.275e+00
#1835  4669   1 | 8.40e-01 1.54e-08 -0.331  1.00 | 9.10e-01 1.27e-01 +0.136  0.98 | 6.3e+00 4.2e+00 1.519e+00
#1836  2114   1 | 9.63e-01 0.00e+00   +nan  1.00 | 1.03e+00 3.68e-02 -0.080  1.01 | 2.1e+01 3.8e+00 2.000e+00
#1837  4473   1 | 7.33e-01 9.41e-06 +0.073  1.00 | 9.49e-01 1.65e-01 +0.237  0.95 | 4.0e+00 4.5e+00 1.392e+00
#1838  2704   1 | 1.32e+00 1.41e-05 +0.482  1.00 | 1.02e+00 1.45e-01 +0.090  0.99 | 3.2e+00 4.0e+00 2.771e+00
#1839  2848   1 | 1.00e+00 2.27e-05 +0.299  1.00 | 8.61e-01 1.37e-01 +0.145  0.98 | 3.1e+00 4.6e+00 1.728e+00
#1840  1744   1 | 4.70e-01 0.00e+00   +nan  1.00 | 9.87e-01 3.32e-02 +0.104  0.99 | 3.0e+01 4.2e+00 1.190e+00
#1841  1150   1 | 9.71e-01 9.44e-15 -0.062  1.00 | 1.02e+00 3.62e-02 +0.050  1.00 | 1.2e+01 4.3e+00 1.977e+00
#1842  1119   1 | 1.30e+00 5.25e-15 +0.554  1.00 | 9.27e-01 4.31e-02 -0.052  1.01 | 1.3e+01 4.6e+00 2.543e+00
#1843  2747   1 | 7.80e-01 4.25e-05 +0.198  1.00 | 9.59e-01 1.74e-01 +0.073  1.01 | 3.0e+00 4.6e+00 1.533e+00
#1844  3694   1 | 1.29e+00 1.47e-06 -0.034  1.00 | 1.04e+00 1.02e-01 +0.218  0.97 | 5.0e+00 3.8e+00 2.703e+00
#1845   695   1 | 9.65e-01 2.04e-12 +0.056  1.00 | 1.06e+00 4.21e-02 +0.155  0.99 | 1.0e+01 4.4e+00 2.050e+00
#1846  1100   1 | 6.24e-01 3.33e-20 -0.692  1.00 | 1.03e+00 3.18e-02 -0.024  1.00 | 1.8e+01 4.0e+00 1.450e+00
#1847  1523   1 | 1.17e+00 0.00e+00   +nan  1.00 | 1.17e+00 3.04e-02 +0.299  0.99 | 2.2e+01 4.1e+00 2.714e+00
#1848  3785   1 | 1.17e+00 4.62e-06 +0.364  1.00 | 1.05e+00 1.73e-01 +0.140  0.98 | 4.2e+00 4.5e+00 2.452e+00
#1849  2151   1 | 5.14e-01 1.88e-15 +0.163  1.00 | 9.97e-01 3.51e-02 +0.178  0.99 | 1.2e+01 4.0e+00 1.247e+00
#1850   623   1 | 8.24e-01 1.06e-13 -0.381  1.00 | 9.42e-01 4.54e-02 +0.064  1.00 | 1.1e+01 3.8e+00 1.562e+00
#1851  2704   1 | 1.10e+00 6.60e-05 -0.000  1.00 | 9.82e-01 1.30e-01 +0.008  1.02 | 3.1e+00 4.1e+00 2.182e+00
#1852  2705   1 | 9.61e-01 2.00e-04 +0.786  1.00 | 1.03e+00 1.21e-01 +0.067  1.00 | 2.5e+00 4.0e+00 1.986e+00
#1853  4501   1 | 5.89e-01 5.80e-05 -0.660  1.00 | 1.08e+00 1.71e-01 +0.245  0.95 | 3.2e+00 4.4e+00 1.460e+00
#1854  3710   1 | 5.82e-01 5.10e-08 +0.345  1.00 | 9.77e-01 1.20e-01 +0.112  0.99 | 6.0e+00 3.9e+00 1.282e+00
#1855  4969   1 | 1.64e+00 6.39e-08 -0.068  1.00 | 9.65e-01 1.33e-01 +0.394  0.91 | 6.9e+00 4.5e+00 3.547e+00
#1856   459   1 | 1.07e+00 3.20e-13 +0.655  1.00 | 9.70e-01 5.19e-02 +0.077  0.99 | 1.0e+01 4.3e+00 2.083e+00
#1857  2657   1 | 1.17e+00 4.91e-10 +0.138  1.00 | 1.17e+00 4.52e-02 +0.195  0.99 | 6.3e+00 4.3e+00 2.713e+00
#1858  3752   1 | 1.09e+00 1.03e-08 +0.685  1.00 | 1.13e+00 1.80e-01 +0.238  0.95 | 6.4e+00 4.8e+00 2.398e+00
#1859   307   1 | 9.07e-01 3.35e-10 -0.460  1.00 | 9.18e-01 5.47e-02 +0.057  1.00 | 6.8e+00 4.1e+00 1.662e+00
#1860  3771   1 | 1.07e+00 1.45e-06 -0.698  1.00 | 9.93e-01 1.54e-01 +0.185  0.97 | 4.3e+00 4.1e+00 2.089e+00
#1861  3810   1 | 1.23e+00 3.39e-06 -0.097  1.00 | 1.10e+00 1.57e-01 +0.169  0.97 | 4.7e+00 4.4e+00 2.698e+00
#1862   580   1 | 8.21e-01 1.57e-11 -0.272  1.00 | 1.01e+00 4.95e-02 +0.098  0.99 | 8.8e+00 4.0e+00 1.694e+00
#1863  3404   1 | 1.13e+00 1.75e-06 +0.142  1.00 | 1.01e+00 1.62e-01 -0.005  1.03 | 4.2e+00 4.0e+00 2.314e+00
#1864  3265   1 | 4.55e-01 2.01e-06 -0.240  1.00 | 1.00e+00 1.63e-01 +0.215  0.96 | 3.8e+00 4.4e+00 1.167e+00
#1865  2259   1 | 1.31e+00 2.96e-14 +0.020  1.00 | 1.01e+00 8.68e-02 +0.341  0.95 | 1.1e+01 4.5e+00 2.678e+00
#1866  1372   1 | 9.71e-01 7.49e-23 +0.212  1.00 | 1.02e+00 6.97e-02 +0.085  0.99 | 1.9e+01 4.2e+00 1.972e+00
#1867  2155   1 | 6.58e-01 6.51e-10 -0.668  1.00 | 1.07e+00 1.01e-01 +0.223  0.97 | 6.8e+00 4.6e+00 1.539e+00
#1868  1583   1 | 1.08e+00 0.00e+00   +nan  1.00 | 9.97e-01 5.80e-02 -0.062  1.01 | 2.1e+01 4.3e+00 2.163e+00
#1869  4105   1 | 5.15e-01 1.20e-05 -0.037  1.00 | 9.97e-01 1.60e-01 +0.169  0.97 | 3.9e+00 3.7e+00 1.231e+00
#1870  2581   1 | 1.11e+00 5.21e-09 +0.147  1.00 | 1.06e+00 7.74e-02 +0.051  1.00 | 5.3e+00 4.0e+00 2.352e+00
#1871    63   1 | 1.08e+00 4.46e-11 -0.515  1.00 | 1.04e+00 8.04e-02 +0.116  0.99 | 7.6e+00 4.2e+00 2.241e+00
#1872  4257   1 | 5.79e-01 1.51e-05 -0.015  1.00 | 1.05e+00 1.78e-01 +0.206  0.96 | 4.0e+00 4.5e+00 1.397e+00
#1873  2504   1 | 1.30e+00 5.47e-12 -0.206  1.00 | 1.09e+00 1.07e-01 -0.011  1.01 | 8.4e+00 4.3e+00 2.906e+00
#1874  1493   1 | 1.30e+00 0.00e+00   +nan  1.00 | 9.27e-01 7.54e-02 -0.043  1.01 | 2.1e+01 4.2e+00 2.548e+00
#1875  4028   1 | 7.09e-01 5.21e-07 -0.306  1.00 | 1.00e+00 1.69e-01 +0.184  0.97 | 5.4e+00 4.2e+00 1.473e+00
#1876  2168   1 | 1.04e+00 6.22e-16 -0.274  1.00 | 8.36e-01 9.41e-02 +0.057  1.00 | 1.2e+01 4.4e+00 1.787e+00
#1877  2411   1 | 1.09e+00 3.62e-12 -0.772  1.00 | 9.37e-01 6.82e-02 +0.113  0.99 | 8.7e+00 4.7e+00 2.061e+00
#1878   917   1 | 1.14e+00 5.01e-19 +0.301  1.00 | 9.88e-01 7.33e-02 -0.061  1.01 | 1.6e+01 4.1e+00 2.294e+00
#1879  2114   1 | 1.34e+00 0.00e+00   +nan  1.00 | 1.00e+00 1.07e-01 +0.090  0.99 | 2.2e+01 4.9e+00 2.801e+00
#1880  2467   1 | 1.13e+00 2.07e-08 -0.024  1.00 | 1.05e+00 1.16e-01 +0.236  0.96 | 5.2e+00 4.9e+00 2.330e+00
#1881  4005   1 | 1.02e+00 1.31e-07 -0.319  1.00 | 9.92e-01 1.82e-01 +0.153  0.98 | 6.2e+00 4.0e+00 2.003e+00
#1882  3478   1 | 9.56e-01 1.99e-06 -0.104  1.00 | 1.06e+00 1.91e-01 +0.180  0.97 | 4.7e+00 4.4e+00 2.008e+00
#1883  3754   1 | 9.96e-01 4.60e-08 +0.079  1.00 | 1.04e+00 1.85e-01 +0.263  0.94 | 6.9e+00 4.4e+00 2.013e+00
#1884  3640   1 | 1.09e+00 7.73e-07 +0.457  1.00 | 9.80e-01 1.46e-01 +0.125  0.98 | 5.3e+00 4.0e+00 2.127e+00
#1885  4368   1 | 1.10e+00 6.10e-06 -0.056  1.00 | 1.08e+00 1.45e-01 +0.301  0.94 | 3.9e+00 3.8e+00 2.318e+00
#1886  1389   1 | 1.29e+00 8.66e-16 +0.247  1.00 | 1.08e+00 1.09e-01 +0.046  1.00 | 1.2e+01 4.5e+00 2.834e+00
#1887  4328   1 | 8.97e-01 4.27e-07 +0.258  1.00 | 9.51e-01 1.76e-01 +0.231  0.95 | 5.3e+00 4.5e+00 1.662e+00
#1888  2178   1 | 1.04e+00 2.87e-15 -0.165  1.00 | 1.02e+00 1.31e-01 -0.005  1.02 | 1.2e+01 4.3e+00 2.139e+00
#1889  2592   1 | 7.78e-01 1.60e-09 +0.029  1.00 | 9.59e-01 8.41e-02 +0.293  0.96 | 5.3e+00 3.6e+00 1.484e+00
#1890  4998   1 | 1.17e+00 4.88e-07 +0.429  1.00 | 9.75e-01 2.11e-01 +0.197  0.96 | 5.1e+00 4.6e+00 2.283e+00
#1891     5   1 | 1.00e+00 2.27e-09 -0.084  1.00 | 1.07e+00 7.87e-02 +0.077  0.99 | 5.1e+00 4.1e+00 2.156e+00
#1892  2807   1 | 1.02e+00 7.76e-05 +0.673  1.00 | 1.13e+00 1.69e-01 +0.154  0.98 | 2.7e+00 4.0e+00 2.301e+00
#1893  4749   1 | 1.15e+00 2.01e-06 -0.184  1.00 | 9.43e-01 1.69e-01 +0.349  0.91 | 4.6e+00 4.0e+00 2.128e+00
#1894  4177   1 | 1.19e+00 1.33e-06 -0.643  1.00 | 9.58e-01 1.10e-01 +0.113  0.99 | 5.3e+00 3.8e+00 2.314e+00
#1895  2825   1 | 6.32e-01 2.91e-06 +0.247  1.00 | 1.03e+00 1.47e-01 +0.046  1.01 | 3.4e+00 4.2e+00 1.466e+00
#1896   718   1 | 4.94e-01 3.29e-17 +0.757  1.00 | 1.12e+00 7.79e-02 +0.064  1.00 | 1.3e+01 4.0e+00 1.487e+00
#1897  4090   1 | 9.93e-01 5.64e-08 -0.564  1.00 | 1.06e+00 1.80e-01 +0.291  0.93 | 5.6e+00 4.6e+00 2.027e+00
#1898  2099   1 | 5.49e-01 0.00e+00   +nan  1.00 | 1.03e+00 8.66e-02 +0.095  0.99 | 2.1e+01 4.8e+00 1.351e+00
#1899  1036   1 | 1.07e+00 9.73e-15 +0.128  1.00 | 1.03e+00 9.99e-02 -0.011  1.01 | 1.1e+01 4.0e+00 2.214e+00
[best] step 1900: trailing ratio_p=0.9850 (new best)
#1900  2166   1 | 1.04e+00 1.32e-16 -0.044  1.00 | 1.08e+00 8.94e-02 +0.161  0.98 | 1.3e+01 4.6e+00 2.240e+00
#1901   930   1 | 1.23e+00 4.98e-18 -0.046  1.00 | 9.89e-01 1.31e-01 -0.051  1.03 | 1.5e+01 4.7e+00 2.529e+00
#1902  3653   1 | 8.80e-01 9.84e-08 +0.703  1.00 | 9.10e-01 1.60e-01 +0.123  0.99 | 6.4e+00 4.1e+00 1.593e+00
#1903  1750   1 | 8.90e-01 0.00e+00   +nan  1.00 | 9.15e-01 7.22e-02 -0.108  1.02 | 3.5e+01 4.3e+00 1.648e+00
#1904  4899   1 | 8.15e-01 6.89e-07 +0.068  1.00 | 9.54e-01 2.46e-01 +0.216  0.96 | 4.8e+00 4.6e+00 1.533e+00
#1905   334   1 | 7.04e-01 2.14e-13 -0.022  1.00 | 1.09e+00 8.22e-02 +0.073  0.99 | 1.0e+01 4.3e+00 1.673e+00
#1906  3234   1 | 4.75e-01 2.78e-11 -0.713  1.00 | 9.87e-01 1.59e-01 +0.215  0.96 | 6.9e+00 4.9e+00 1.158e+00
#1907  1403   1 | 1.32e+00 2.84e-17 -0.241  1.00 | 1.12e+00 7.00e-02 -0.182  1.03 | 1.5e+01 4.5e+00 3.037e+00
#1908  4281   1 | 1.30e+00 3.00e-06 -0.006  1.00 | 1.04e+00 2.17e-01 +0.112  1.00 | 5.1e+00 4.4e+00 2.768e+00
#1909  3990   1 | 1.08e+00 2.75e-06 +0.542  1.00 | 1.02e+00 1.88e-01 +0.287  0.93 | 5.1e+00 4.1e+00 2.135e+00
#1910  3397   1 | 7.37e-01 1.50e-05 -0.033  1.00 | 9.46e-01 1.56e-01 -0.016  1.03 | 3.8e+00 4.0e+00 1.467e+00
#1911  4024   1 | 7.51e-01 1.60e-05 -0.240  1.00 | 9.49e-01 2.00e-01 +0.327  0.91 | 3.4e+00 4.3e+00 1.381e+00
#1912  2444   1 | 1.20e+00 4.94e-15 +0.170  1.00 | 1.05e+00 4.84e-02 +0.006  1.00 | 1.2e+01 3.9e+00 2.548e+00
#1913  4223   1 | 9.79e-01 9.77e-06 -0.263  1.00 | 9.60e-01 1.71e-01 +0.091  1.00 | 4.5e+00 4.3e+00 1.879e+00
#1914  2142   1 | 9.99e-01 3.11e-15 +0.556  1.00 | 8.61e-01 6.68e-02 +0.052  1.00 | 1.1e+01 4.3e+00 1.738e+00
#1915  4485   1 | 1.09e+00 1.89e-07 +0.128  1.00 | 9.68e-01 1.64e-01 +0.341  0.91 | 4.3e+00 4.5e+00 2.041e+00
#1916  4812   1 | 9.83e-01 9.69e-06 +0.124  1.00 | 9.45e-01 1.21e-01 +0.178  0.97 | 4.1e+00 3.9e+00 1.835e+00
#1917  3776   1 | 9.85e-01 2.51e-06 +0.418  1.00 | 1.07e+00 1.39e-01 +0.142  0.98 | 5.3e+00 4.1e+00 2.101e+00
#1918  1931   1 | 1.40e+00 8.98e-19 -0.033  1.00 | 1.01e+00 5.37e-02 +0.050  1.00 | 1.6e+01 3.9e+00 2.990e+00
#1919    68   1 | 1.30e+00 4.67e-09 +0.360  1.00 | 9.64e-01 6.58e-02 +0.204  0.98 | 6.2e+00 4.3e+00 2.586e+00
#1920  1944   1 | 5.56e-01 2.39e-21 -0.274  1.00 | 1.04e+00 5.43e-02 -0.028  1.01 | 1.9e+01 4.2e+00 1.401e+00
#1921   297   1 | 1.32e+00 3.18e-12 +0.379  1.00 | 1.02e+00 4.48e-02 +0.115  0.99 | 9.4e+00 4.1e+00 2.768e+00
#1922  1616   1 | 1.38e+00 6.58e-20 +0.543  1.00 | 1.03e+00 7.06e-02 +0.123  0.99 | 1.8e+01 4.7e+00 2.945e+00
#1923  1520   1 | 1.21e+00 0.00e+00   +nan  1.00 | 9.11e-01 6.70e-02 +0.090  0.99 | 2.2e+01 4.5e+00 2.280e+00
#1924  1055   1 | 8.89e-01 1.61e-19 +0.011  1.00 | 9.15e-01 4.60e-02 +0.120  0.99 | 1.7e+01 3.8e+00 1.619e+00
#1925  2064   1 | 1.15e+00 3.14e-18 -0.780  1.00 | 9.43e-01 6.31e-02 +0.175  0.98 | 1.5e+01 4.3e+00 2.185e+00
#1926  3498   1 | 1.39e+00 1.44e-07 +0.400  1.00 | 1.03e+00 2.09e-01 +0.234  0.95 | 6.6e+00 4.6e+00 2.940e+00
#1927   382   1 | 8.24e-01 2.22e-13 +0.400  1.00 | 9.42e-01 7.48e-02 +0.080  0.99 | 1.1e+01 4.5e+00 1.560e+00
#1928  3691   1 | 1.02e+00 2.67e-06 +0.498  1.00 | 1.02e+00 1.67e-01 +0.055  1.01 | 4.4e+00 4.4e+00 2.095e+00
#1929  2347   1 | 7.30e-01 8.46e-10 +0.485  1.00 | 9.46e-01 8.09e-02 +0.250  0.96 | 6.7e+00 4.6e+00 1.397e+00
#1930   359   1 | 1.22e+00 2.55e-17 +0.260  1.00 | 1.10e+00 6.81e-02 +0.138  0.99 | 1.5e+01 4.8e+00 2.700e+00
#1931  4554   1 | 1.24e+00 5.17e-07 +0.603  1.00 | 9.89e-01 1.46e-01 +0.095  0.99 | 5.2e+00 4.4e+00 2.504e+00
#1932  4538   1 | 1.14e+00 1.58e-05 -0.353  1.00 | 1.05e+00 1.85e-01 +0.101  1.00 | 3.7e+00 4.3e+00 2.392e+00
#1933  1163   1 | 7.71e-01 1.68e-19 +0.035  1.00 | 9.59e-01 6.07e-02 +0.096  0.99 | 1.6e+01 3.5e+00 1.506e+00
#1934  2355   1 | 6.58e-01 3.89e-09 -0.685  1.00 | 1.07e+00 7.85e-02 +0.196  0.98 | 6.3e+00 4.0e+00 1.551e+00
#1935   372   1 | 1.21e+00 2.15e-11 -0.035  1.00 | 1.05e+00 8.90e-02 -0.075  1.02 | 8.3e+00 4.7e+00 2.587e+00
#1936  1825   1 | 8.27e-01 0.00e+00   +nan  1.00 | 9.54e-01 8.33e-02 +0.127  0.99 | 2.0e+01 4.2e+00 1.580e+00
#1937  2978   1 | 1.07e+00 1.19e-04 +0.593  1.00 | 9.97e-01 2.10e-01 +0.101  1.00 | 3.1e+00 4.4e+00 2.145e+00
#1938  4009   1 | 1.04e+00 1.54e-08 -0.058  1.00 | 1.13e+00 1.95e-01 +0.197  0.96 | 6.8e+00 4.3e+00 2.319e+00
#1939   249   1 | 7.01e-01 5.55e-20 -0.167  1.00 | 1.00e+00 9.90e-02 +0.121  0.99 | 1.5e+01 4.0e+00 1.482e+00
#1940  3228   1 | 1.05e+00 7.38e-06 -0.816  1.00 | 8.36e-01 2.23e-01 +0.284  0.92 | 4.3e+00 4.7e+00 1.746e+00
#1941  2715   1 | 1.09e+00 9.36e-07 -0.192  1.00 | 9.37e-01 1.58e-01 +0.072  1.00 | 4.1e+00 4.6e+00 2.079e+00
#1942  4034   1 | 8.79e-01 3.14e-06 -0.133  1.00 | 9.51e-01 1.66e-01 +0.119  0.99 | 4.8e+00 4.1e+00 1.667e+00
#1943  1065   1 | 1.32e+00 4.99e-22 -0.231  1.00 | 1.12e+00 7.74e-02 -0.080  1.02 | 1.9e+01 4.9e+00 3.025e+00
#1944  2300   1 | 1.32e+00 1.36e-17 +0.379  1.00 | 1.02e+00 8.99e-02 +0.091  0.99 | 1.3e+01 4.4e+00 2.767e+00
#1945  1698   1 | 7.39e-01 0.00e+00   +nan  1.00 | 9.49e-01 1.04e-01 +0.048  1.00 | 2.8e+01 4.2e+00 1.449e+00
#1946  3927   1 | 1.08e+00 8.86e-07 +0.875  1.00 | 9.80e-01 1.64e-01 +0.032  1.02 | 5.8e+00 3.9e+00 2.152e+00
#1947  4894   1 | 1.33e+00 1.50e-05 -0.504  1.00 | 1.01e+00 1.98e-01 +0.308  0.92 | 4.1e+00 4.7e+00 2.718e+00
#1948  2638   1 | 5.73e-01 2.77e-09 -0.044  1.00 | 9.77e-01 9.81e-02 -0.051  1.02 | 6.4e+00 4.6e+00 1.303e+00
#1949  3717   1 | 1.26e+00 7.00e-06 -0.787  1.00 | 1.08e+00 2.19e-01 +0.130  0.99 | 5.0e+00 4.7e+00 2.750e+00
#1950  2877   1 | 9.82e-01 8.50e-06 +0.018  1.00 | 1.04e+00 2.10e-01 +0.248  0.94 | 3.4e+00 4.6e+00 1.987e+00
#1951  3976   1 | 9.76e-01 2.12e-06 +0.431  1.00 | 1.02e+00 2.04e-01 +0.206  0.96 | 5.4e+00 4.4e+00 1.944e+00
#1952  4836   1 | 9.05e-01 4.68e-05 -0.066  1.00 | 9.18e-01 2.11e-01 +0.244  0.94 | 4.1e+00 4.5e+00 1.611e+00
#1953  2171   1 | 1.29e+00 4.63e-17 +0.514  1.00 | 9.27e-01 7.19e-02 +0.040  1.00 | 1.4e+01 3.9e+00 2.534e+00
#1954  4537   1 | 1.30e+00 4.43e-06 -0.560  1.00 | 9.64e-01 1.59e-01 +0.284  0.93 | 3.9e+00 4.0e+00 2.550e+00
#1955   734   1 | 4.46e-01 0.00e+00   +nan  1.00 | 1.00e+00 7.89e-02 +0.076  0.99 | 2.1e+01 4.5e+00 1.197e+00
#1956  4607   1 | 1.10e+00 7.38e-06 -0.747  1.00 | 1.08e+00 1.80e-01 +0.374  0.90 | 4.7e+00 4.1e+00 2.263e+00
#1957  4232   1 | 1.33e+00 1.07e-05 -0.099  1.00 | 1.00e+00 1.72e-01 +0.325  0.92 | 3.8e+00 4.4e+00 2.699e+00
#1958  3004   1 | 5.60e-01 1.21e-07 -0.049  1.00 | 1.03e+00 1.27e-01 +0.060  1.00 | 4.0e+00 4.0e+00 1.372e+00
#1959  4703   1 | 1.10e+00 1.69e-05 -0.096  1.00 | 1.04e+00 1.78e-01 +0.205  0.96 | 4.4e+00 4.3e+00 2.241e+00
#1960  2162   1 | 5.14e-01 1.44e-13 +0.498  1.00 | 9.97e-01 7.66e-02 +0.055  1.00 | 1.0e+01 4.2e+00 1.256e+00
#1961   933   1 | 1.00e+00 6.38e-19 +0.031  1.00 | 1.07e+00 6.61e-02 +0.116  0.99 | 1.7e+01 5.0e+00 2.148e+00
#1962  1999   1 | 9.62e-01 2.15e-22 +0.298  1.00 | 9.60e-01 9.62e-02 -0.094  1.03 | 2.0e+01 4.4e+00 1.873e+00
#1963  2571   1 | 1.30e+00 9.54e-12 +0.452  1.00 | 1.04e+00 4.92e-02 +0.179  0.99 | 7.9e+00 4.1e+00 2.757e+00
#1964  4994   1 | 8.30e-01 5.02e-06 -0.672  1.00 | 9.10e-01 1.81e-01 +0.251  0.94 | 5.1e+00 4.1e+00 1.468e+00
#1965  2780   1 | 1.12e+00 4.37e-09 +0.372  1.00 | 1.01e+00 1.01e-01 +0.130  0.98 | 5.8e+00 4.2e+00 2.262e+00
#1966  3310   1 | 1.19e+00 2.83e-05 +0.561  1.00 | 9.11e-01 2.02e-01 +0.128  0.99 | 4.4e+00 4.2e+00 2.228e+00
#1967  1139   1 | 1.08e+00 8.41e-17 +0.024  1.00 | 9.68e-01 6.92e-02 -0.176  1.03 | 1.6e+01 4.3e+00 2.138e+00
#1968  3551   1 | 9.55e-01 1.58e-06 -0.650  1.00 | 1.03e+00 1.78e-01 +0.089  1.00 | 5.8e+00 4.0e+00 1.975e+00
#1969  3033   1 | 6.35e-01 6.63e-06 +0.618  1.00 | 1.03e+00 2.07e-01 +0.084  1.01 | 3.7e+00 4.3e+00 1.469e+00
#1970  4532   1 | 5.45e-01 6.15e-06 -0.247  1.00 | 1.04e+00 1.43e-01 +0.241  0.95 | 4.2e+00 4.2e+00 1.332e+00
#1971  4800   1 | 1.13e+00 2.28e-07 -0.405  1.00 | 9.82e-01 1.64e-01 +0.384  0.90 | 4.9e+00 4.0e+00 2.145e+00
#1972  1792   1 | 1.11e+00 0.00e+00   +nan  1.00 | 1.06e+00 5.79e-02 -0.011  1.00 | 3.0e+01 4.4e+00 2.353e+00
#1973  4263   1 | 7.14e-01 1.31e-06 +0.263  1.00 | 1.09e+00 2.33e-01 +0.197  0.96 | 3.9e+00 4.5e+00 1.647e+00
#1974   796   1 | 1.40e+00 1.53e-14 -0.042  1.00 | 1.01e+00 5.73e-02 -0.027  1.01 | 1.4e+01 4.5e+00 2.997e+00
#1975  2541   1 | 1.10e+00 2.67e-08 +0.379  1.00 | 1.02e+00 9.62e-02 +0.233  0.96 | 5.1e+00 4.7e+00 2.213e+00
#1976  4514   1 | 4.93e-01 2.31e-05 -0.219  1.00 | 1.12e+00 1.66e-01 +0.253  0.95 | 3.7e+00 4.2e+00 1.425e+00
#1977  1863   1 | 1.18e+00 8.04e-20 -0.361  1.00 | 9.58e-01 5.32e-02 -0.265  1.03 | 1.8e+01 4.7e+00 2.336e+00
#1978   960   1 | 1.14e+00 1.80e-20 +0.333  1.00 | 9.75e-01 3.95e-02 -0.126  1.01 | 2.2e+01 4.3e+00 2.269e+00
#1979  4614   1 | 1.13e+00 7.04e-06 +0.595  1.00 | 1.13e+00 1.47e-01 +0.253  0.95 | 4.9e+00 4.0e+00 2.500e+00
#1980  3816   1 | 1.04e+00 7.92e-07 -0.772  1.00 | 1.03e+00 2.14e-01 +0.191  0.96 | 5.3e+00 4.5e+00 2.111e+00
#1981  1310   1 | 1.31e+00 3.20e-17 -0.185  1.00 | 1.09e+00 4.09e-02 -0.133  1.01 | 1.8e+01 4.3e+00 2.916e+00
#1982   396   1 | 9.98e-01 8.81e-13 +0.549  1.00 | 8.61e-01 3.86e-02 +0.070  1.00 | 1.1e+01 4.2e+00 1.735e+00
#1983   399   1 | 1.07e+00 1.64e-10 +0.527  1.00 | 9.70e-01 5.20e-02 +0.101  0.99 | 1.0e+01 4.8e+00 2.081e+00
#1984   119   1 | 8.22e-01 1.13e-06 -0.123  1.00 | 1.01e+00 4.46e-02 +0.099  0.99 | 3.9e+00 3.9e+00 1.695e+00
#1985  1579   1 | 5.98e-01 2.30e-20 +0.277  1.00 | 1.08e+00 3.84e-02 +0.088  1.00 | 2.3e+01 4.4e+00 1.526e+00
#1986   272   1 | 9.65e-01 4.43e-08 +0.057  1.00 | 1.06e+00 2.36e-02 +0.168  0.99 | 6.7e+00 4.0e+00 2.055e+00
#1987  2004   1 | 1.02e+00 1.08e-15 -0.066  1.00 | 9.92e-01 3.30e-02 +0.017  1.00 | 1.6e+01 4.2e+00 2.031e+00
#1988  1271   1 | 1.08e+00 3.75e-15 +0.196  1.00 | 9.93e-01 1.82e-02 -0.067  1.00 | 1.6e+01 3.9e+00 2.156e+00
#1989  4432   1 | 1.66e+00 4.67e-06 -0.199  1.00 | 9.65e-01 1.69e-01 +0.218  0.95 | 4.5e+00 4.1e+00 3.633e+00
#1990  1737   1 | 1.05e+00 0.00e+00   +nan  1.00 | 1.08e+00 3.58e-02 +0.115  0.99 | 3.0e+01 4.7e+00 2.262e+00
#1991  2757   1 | 1.14e+00 6.81e-09 +0.395  1.00 | 9.88e-01 3.76e-02 -0.077  1.01 | 6.1e+00 4.2e+00 2.275e+00
#1992  4533   1 | 9.96e-01 9.28e-06 -0.167  1.00 | 9.45e-01 2.08e-01 +0.170  0.97 | 4.8e+00 4.1e+00 1.863e+00
#1993  3470   1 | 4.76e-01 1.74e-05 -0.191  1.00 | 9.87e-01 1.89e-01 +0.297  0.92 | 4.6e+00 4.2e+00 1.127e+00
#1994  3894   1 | 1.17e+00 4.79e-07 +0.283  1.00 | 1.17e+00 2.35e-01 +0.208  0.96 | 6.7e+00 4.8e+00 2.671e+00
#1995   511   1 | 9.57e-01 1.15e-12 +0.135  1.00 | 1.07e+00 3.18e-02 +0.056  1.00 | 1.5e+01 4.3e+00 2.068e+00
#1996   107   1 | 9.70e-01 1.12e-05 -0.573  1.00 | 1.06e+00 5.96e-02 +0.087  0.99 | 3.0e+00 4.2e+00 2.052e+00
#1997    56   1 | 5.78e-01 1.53e-09 -0.140  1.00 | 1.05e+00 2.26e-02 +0.055  1.00 | 9.4e+00 4.4e+00 1.440e+00
#1998  2312   1 | 9.62e-01 3.16e-10 +0.057  1.00 | 1.06e+00 3.42e-02 +0.379  0.98 | 1.0e+01 4.4e+00 2.031e+00
#1999  1139   1 | 6.24e-01 6.47e-12 +0.690  1.00 | 1.03e+00 3.54e-02 +0.162  0.99 | 1.4e+01 4.6e+00 1.437e+00
[best] step 2000: trailing ratio_p=0.9823 (new best)
#2000  2984   1 | 9.06e-01 6.37e-05 -0.154  1.00 | 9.51e-01 1.76e-01 +0.169  0.97 | 3.1e+00 3.9e+00 1.700e+00
#2001  1676   1 | 1.30e+00 3.26e-19 +0.187  1.00 | 1.09e+00 4.27e-02 +0.079  1.00 | 2.4e+01 4.2e+00 2.895e+00
#2002  2079   1 | 4.71e-01 1.78e-12 -0.314  1.00 | 9.87e-01 3.57e-02 +0.178  0.99 | 1.3e+01 4.2e+00 1.185e+00
#2003  3457   1 | 1.05e+00 8.99e-08 +0.076  1.00 | 1.04e+00 1.65e-01 +0.259  0.94 | 6.3e+00 4.0e+00 2.124e+00
#2004  2364   1 | 1.08e+00 1.35e-09 +0.479  1.00 | 9.70e-01 4.70e-02 +0.132  0.99 | 7.6e+00 4.6e+00 2.086e+00
#2005  3307   1 | 9.74e-01 2.15e-06 +0.458  1.00 | 1.07e+00 1.53e-01 +0.144  0.98 | 4.9e+00 4.0e+00 2.079e+00
#2006  4420   1 | 1.01e+00 1.24e-05 +0.877  1.00 | 1.07e+00 1.85e-01 +0.194  0.96 | 4.8e+00 4.4e+00 2.122e+00
#2007  3324   1 | 1.00e+00 2.32e-06 -0.072  1.00 | 8.61e-01 2.08e-01 +0.041  1.04 | 5.6e+00 4.4e+00 1.777e+00
#2008  4142   1 | 1.67e+00 1.27e-06 +0.137  1.00 | 9.65e-01 2.54e-01 +0.044  1.05 | 5.1e+00 4.4e+00 3.754e+00
#2009   236   1 | 1.15e+00 3.82e-11 -0.697  1.00 | 9.43e-01 5.70e-02 +0.019  1.00 | 1.1e+01 4.5e+00 2.202e+00
#2010   883   1 | 6.58e-01 1.90e-14 -0.500  1.00 | 1.07e+00 4.64e-02 +0.089  0.99 | 1.5e+01 4.1e+00 1.570e+00
#2011  1905   1 | 7.07e-01 3.51e-19 +0.011  1.00 | 1.09e+00 8.41e-02 +0.041  1.00 | 2.0e+01 4.0e+00 1.683e+00
#2012    70   1 | 1.08e+00 9.97e-10 +0.370  1.00 | 9.97e-01 7.84e-02 +0.175  0.98 | 8.7e+00 4.7e+00 2.135e+00
#2013  1879   1 | 4.95e-01 7.60e-18 +0.379  1.00 | 1.12e+00 3.92e-02 +0.055  1.00 | 1.9e+01 4.0e+00 1.490e+00
#2014  2878   1 | 6.10e-01 3.02e-06 +0.420  1.00 | 1.08e+00 2.23e-01 -0.069  1.07 | 3.6e+00 4.5e+00 1.631e+00
#2015  2729   1 | 7.44e-01 4.98e-09 -0.284  1.00 | 9.49e-01 7.77e-02 +0.100  0.99 | 6.4e+00 4.5e+00 1.446e+00
#2016  4893   1 | 1.12e+00 2.16e-05 +0.247  1.00 | 1.02e+00 1.54e-01 +0.303  0.93 | 4.1e+00 4.1e+00 2.225e+00
#2017  1733   1 | 1.32e+00 0.00e+00   +nan  1.00 | 1.02e+00 9.65e-02 -0.184  1.04 | 3.1e+01 5.0e+00 2.821e+00
#2018  2789   1 | 8.30e-01 1.06e-07 -0.185  1.00 | 1.01e+00 8.04e-02 -0.138  1.03 | 4.6e+00 4.1e+00 1.743e+00
#2019   189   1 | 1.32e+00 1.55e-10 -0.165  1.00 | 1.12e+00 4.33e-02 -0.062  1.01 | 8.6e+00 4.0e+00 3.015e+00
#2020  4660   1 | 1.01e+00 2.56e-07 +0.284  1.00 | 1.13e+00 1.95e-01 +0.219  0.95 | 6.2e+00 4.2e+00 2.244e+00
#2021  4693   1 | 9.65e-01 4.83e-05 +0.175  1.00 | 1.04e+00 1.92e-01 +0.167  0.97 | 3.8e+00 4.3e+00 1.989e+00
#2022  3774   1 | 1.12e+00 6.93e-06 +0.399  1.00 | 1.06e+00 1.73e-01 +0.321  0.92 | 3.8e+00 4.0e+00 2.293e+00
#2023  1154   1 | 5.12e-01 7.28e-18 +0.372  1.00 | 9.97e-01 4.96e-02 +0.036  1.00 | 1.8e+01 4.6e+00 1.255e+00
#2024   653   1 | 5.45e-01 3.71e-10 -0.673  1.00 | 1.03e+00 5.34e-02 +0.053  1.00 | 9.3e+00 4.4e+00 1.353e+00
#2025  3628   1 | 1.26e+00 6.07e-07 -0.763  1.00 | 1.08e+00 1.59e-01 +0.049  1.01 | 5.7e+00 4.3e+00 2.777e+00
#2026   611   1 | 1.29e+00 8.07e-11 +0.458  1.00 | 9.64e-01 6.00e-02 -0.040  1.01 | 1.0e+01 4.4e+00 2.614e+00
#2027   181   1 | 4.46e-01 2.85e-15 -0.519  1.00 | 1.00e+00 7.18e-02 +0.134  0.99 | 1.5e+01 4.1e+00 1.188e+00
#2028    79   1 | 7.28e-01 1.15e-12 +0.295  1.00 | 9.46e-01 4.45e-02 +0.013  1.00 | 1.2e+01 4.1e+00 1.426e+00
#2029   925   1 | 9.98e-01 1.65e-18 +0.511  1.00 | 9.45e-01 2.59e-02 +0.077  1.00 | 1.9e+01 4.1e+00 1.887e+00
#2030  2572   1 | 1.14e+00 1.16e-11 -0.394  1.00 | 9.88e-01 5.92e-02 +0.070  1.00 | 1.0e+01 4.8e+00 2.266e+00
#2031  2821   1 | 8.96e-01 2.56e-07 +0.337  1.00 | 9.15e-01 4.24e-02 -0.261  1.03 | 4.6e+00 4.5e+00 1.661e+00
#2032  4504   1 | 1.41e+00 2.32e-05 +0.001  1.00 | 1.01e+00 2.22e-01 +0.280  0.93 | 3.4e+00 4.7e+00 2.923e+00
#2033  2206   1 | 1.02e+00 3.91e-18 -0.061  1.00 | 9.92e-01 3.55e-02 +0.114  0.99 | 1.8e+01 4.2e+00 2.023e+00
#2034  3574   1 | 1.07e+00 3.66e-05 -0.131  1.00 | 9.68e-01 1.60e-01 +0.047  1.01 | 4.2e+00 4.2e+00 2.097e+00
#2035   110   1 | 1.18e+00 7.55e-08 -0.010  1.00 | 9.58e-01 4.68e-02 -0.142  1.02 | 6.1e+00 4.4e+00 2.324e+00
#2036  4691   1 | 1.32e+00 2.77e-05 -0.028  1.00 | 1.04e+00 1.94e-01 +0.270  0.93 | 3.5e+00 4.5e+00 2.735e+00
#2037  2306   1 | 1.08e+00 9.58e-15 +0.232  1.00 | 9.93e-01 4.92e-02 +0.178  0.98 | 1.4e+01 4.8e+00 2.132e+00
#2038  1096   1 | 9.69e-01 3.46e-21 +0.570  1.00 | 1.06e+00 3.50e-02 +0.004  1.00 | 2.3e+01 4.5e+00 2.060e+00
#2039   593   1 | 1.22e+00 1.02e-16 +0.299  1.00 | 1.10e+00 5.00e-02 +0.215  0.98 | 1.7e+01 4.7e+00 2.694e+00
#2040  3468   1 | 1.10e+00 7.76e-05 +0.744  1.00 | 1.08e+00 2.50e-01 +0.089  1.01 | 3.7e+00 4.5e+00 2.390e+00
#2041   990   1 | 1.12e+00 4.67e-16 +0.635  1.00 | 1.01e+00 3.24e-02 +0.063  1.00 | 1.7e+01 3.9e+00 2.269e+00
#2042  2197   1 | 9.71e-01 3.00e-17 -0.047  1.00 | 1.02e+00 5.64e-02 +0.020  1.00 | 1.7e+01 4.5e+00 1.979e+00
#2043  1799   1 | 1.04e+00 0.00e+00   +nan  1.00 | 8.36e-01 4.11e-02 +0.079  0.99 | 3.0e+01 4.6e+00 1.781e+00
#2044  2683   1 | 1.17e+00 4.42e-09 +0.500  1.00 | 1.17e+00 4.40e-02 +0.142  0.99 | 7.7e+00 4.4e+00 2.719e+00
#2045  4034   1 | 5.72e-01 6.55e-05 +0.125  1.00 | 1.04e+00 1.87e-01 +0.260  0.94 | 4.0e+00 4.4e+00 1.346e+00
#2046  2147   1 | 1.31e+00 6.07e-16 +0.331  1.00 | 1.01e+00 3.28e-02 +0.110  0.99 | 1.6e+01 4.3e+00 2.727e+00
#2047  4032   1 | 1.11e+00 2.62e-04 +0.080  1.00 | 9.37e-01 1.63e-01 +0.182  0.97 | 3.5e+00 4.3e+00 2.079e+00
#2048  3206   1 | 1.33e+00 2.61e-07 +0.275  1.00 | 1.00e+00 1.30e-01 +0.071  1.00 | 4.5e+00 4.3e+00 2.779e+00
#2049  4429   1 | 1.11e+00 1.68e-07 +0.257  1.00 | 9.80e-01 1.33e-01 +0.244  0.95 | 4.5e+00 4.1e+00 2.150e+00
#2050   659   1 | 1.05e+00 7.78e-17 +0.038  1.00 | 1.08e+00 4.36e-02 +0.078  1.00 | 1.8e+01 4.1e+00 2.270e+00
#2051  2331   1 | 1.38e+00 2.05e-10 +0.602  1.00 | 1.03e+00 5.74e-02 -0.004  1.00 | 8.5e+00 4.6e+00 2.968e+00
#2052  2188   1 | 9.62e-01 5.90e-16 -0.297  1.00 | 9.60e-01 3.47e-02 -0.087  1.01 | 1.6e+01 3.5e+00 1.855e+00
#2053  2659   1 | 8.61e-01 1.40e-10 +0.611  1.00 | 9.10e-01 3.60e-02 -0.185  1.02 | 8.7e+00 4.3e+00 1.582e+00
#2054   388   1 | 1.11e+00 9.53e-16 +0.355  1.00 | 9.82e-01 6.06e-02 -0.120  1.02 | 1.6e+01 4.2e+00 2.212e+00
#2055  3164   1 | 1.03e+00 4.50e-05 +0.016  1.00 | 1.02e+00 1.46e-01 -0.060  1.04 | 3.2e+00 4.1e+00 2.142e+00
#2056  4500   1 | 1.23e+00 4.17e-07 -0.083  1.00 | 9.89e-01 9.00e-02 +0.083  0.99 | 4.4e+00 4.8e+00 2.495e+00
#2057  1351   1 | 1.20e+00 0.00e+00   +nan  1.00 | 1.05e+00 3.52e-02 -0.000  1.00 | 2.8e+01 4.9e+00 2.563e+00
#2058   331   1 | 1.21e+00 5.74e-10 +0.525  1.00 | 9.11e-01 3.17e-02 +0.109  0.99 | 7.7e+00 4.2e+00 2.285e+00
#2059  4089   1 | 7.07e-01 1.04e-05 -0.316  1.00 | 1.00e+00 1.61e-01 +0.086  1.00 | 5.4e+00 4.0e+00 1.503e+00
#2060  2325   1 | 1.06e+00 2.95e-11 +0.104  1.00 | 1.03e+00 3.19e-02 +0.244  0.99 | 9.6e+00 4.4e+00 2.177e+00
#2061   198   1 | 9.07e-01 6.44e-11 +0.238  1.00 | 9.18e-01 4.14e-02 -0.062  1.01 | 1.0e+01 4.8e+00 1.671e+00
#2062  4892   1 | 8.03e-01 1.25e-04 -0.033  1.00 | 9.42e-01 1.64e-01 +0.279  0.93 | 3.5e+00 4.1e+00 1.472e+00
#2063  3950   1 | 8.05e-01 2.10e-05 -0.223  1.00 | 9.59e-01 1.81e-01 +0.187  0.97 | 4.6e+00 4.4e+00 1.535e+00
#2064  3463   1 | 1.29e+00 2.16e-08 +0.371  1.00 | 9.27e-01 8.72e-02 +0.036  1.00 | 4.7e+00 4.9e+00 2.522e+00
#2065   992   1 | 5.69e-01 5.06e-17 -0.338  1.00 | 9.77e-01 2.91e-02 -0.009  1.00 | 1.8e+01 4.2e+00 1.280e+00
#2066  4031   1 | 8.38e-01 1.43e-04 -0.010  1.00 | 9.54e-01 1.90e-01 +0.135  0.99 | 3.2e+00 4.4e+00 1.598e+00
#2067   469   1 | 9.65e-01 2.00e-12 +0.112  1.00 | 1.03e+00 2.15e-02 +0.073  1.00 | 1.2e+01 4.0e+00 1.994e+00
#2068  4842   1 | 5.71e-01 2.80e-04 -0.188  1.00 | 1.05e+00 1.59e-01 +0.282  0.94 | 3.0e+00 4.5e+00 1.364e+00
#2069  2864   1 | 1.13e+00 1.27e-08 +0.427  1.00 | 9.75e-01 4.99e-02 +0.232  0.98 | 5.9e+00 5.0e+00 2.206e+00
#2070  1433   1 | 1.13e+00 1.96e-19 +0.053  1.00 | 1.05e+00 2.45e-02 +0.334  0.99 | 2.1e+01 4.4e+00 2.372e+00
#2071   152   1 | 1.12e+00 5.60e-12 +0.397  1.00 | 1.13e+00 3.52e-02 -0.138  1.01 | 1.1e+01 4.0e+00 2.557e+00
#2072  4609   1 | 4.67e-01 1.53e-05 +0.212  1.00 | 9.87e-01 2.09e-01 +0.303  0.92 | 4.0e+00 4.4e+00 1.112e+00
#2073  3704   1 | 1.28e+00 6.54e-07 -0.396  1.00 | 1.01e+00 1.66e-01 +0.218  0.96 | 6.1e+00 4.3e+00 2.613e+00
#2074  4825   1 | 1.09e+00 1.16e-04 -0.554  1.00 | 1.08e+00 1.56e-01 +0.359  0.92 | 3.3e+00 4.2e+00 2.267e+00
#2075  1973   1 | 1.23e+00 6.18e-20 -0.057  1.00 | 9.89e-01 3.15e-02 +0.121  0.99 | 2.0e+01 4.5e+00 2.484e+00
#2076  1200   1 | 8.89e-01 5.74e-21 +0.019  1.00 | 9.15e-01 3.45e-02 -0.055  1.01 | 2.2e+01 4.6e+00 1.631e+00
#2077  3060   1 | 1.41e+00 1.13e-04 +0.019  1.00 | 1.01e+00 2.10e-01 +0.076  1.01 | 4.0e+00 4.4e+00 3.014e+00
#2078  3360   1 | 9.73e-01 7.62e-05 +0.670  1.00 | 9.60e-01 1.94e-01 +0.158  0.98 | 3.0e+00 4.4e+00 1.847e+00
#2079  1787   1 | 1.38e+00 0.00e+00   +nan  1.00 | 1.03e+00 3.52e-02 +0.118  0.99 | 3.1e+01 4.3e+00 2.952e+00
#2080  3492   1 | 7.94e-01 1.93e-05 -0.247  1.00 | 9.59e-01 1.77e-01 +0.186  0.97 | 4.1e+00 4.4e+00 1.518e+00
#2081  4118   1 | 5.61e-01 3.70e-06 +0.527  1.00 | 1.03e+00 1.65e-01 +0.032  1.02 | 4.6e+00 4.0e+00 1.389e+00
#2082  4828   1 | 1.13e+00 2.27e-04 +0.076  1.00 | 9.82e-01 1.70e-01 +0.402  0.89 | 2.9e+00 4.0e+00 2.140e+00
#2083  3910   1 | 8.51e-01 6.78e-06 -0.534  1.00 | 1.01e+00 2.18e-01 +0.127  0.99 | 5.9e+00 4.6e+00 1.743e+00
#2084   302   1 | 4.46e-01 1.47e-10 -0.491  1.00 | 1.00e+00 4.17e-02 +0.127  0.99 | 9.5e+00 4.5e+00 1.193e+00
#2085  1156   1 | 1.65e+00 7.56e-21 -0.455  1.00 | 9.65e-01 3.65e-02 +0.019  1.00 | 2.2e+01 4.8e+00 3.667e+00
#2086  1569   1 | 1.08e+00 0.00e+00   +nan  1.00 | 9.93e-01 3.67e-02 +0.020  1.00 | 2.4e+01 4.6e+00 2.152e+00
#2087  1928   1 | 1.14e+00 2.45e-21 +0.385  1.00 | 9.88e-01 3.95e-02 +0.092  0.99 | 2.1e+01 4.5e+00 2.270e+00
#2088  4010   1 | 1.08e+00 4.94e-06 +0.524  1.00 | 1.02e+00 1.95e-01 +0.344  0.90 | 5.5e+00 4.6e+00 2.112e+00
#2089  3236   1 | 1.02e+00 4.74e-11 +0.247  1.00 | 9.92e-01 5.91e-02 +0.044  1.00 | 7.5e+00 4.7e+00 2.021e+00
#2090   138   1 | 1.04e+00 3.19e-12 +0.275  1.00 | 1.02e+00 3.91e-02 +0.040  1.00 | 1.1e+01 4.1e+00 2.127e+00
#2091  4626   1 | 1.33e+00 2.51e-06 +0.266  1.00 | 1.12e+00 2.26e-01 +0.386  0.88 | 6.7e+00 4.6e+00 2.882e+00
#2092  4476   1 | 5.74e-01 1.19e-06 +0.618  1.00 | 1.05e+00 1.75e-01 +0.116  0.99 | 4.5e+00 5.5e+00 1.425e+00
#2093  2477   1 | 1.09e+00 4.28e-12 -0.729  1.00 | 9.37e-01 5.17e-02 +0.065  1.00 | 1.0e+01 4.2e+00 2.068e+00
#2094  4547   1 | 9.68e-01 2.59e-04 +0.428  1.00 | 1.06e+00 1.80e-01 +0.317  0.92 | 3.6e+00 4.3e+00 1.967e+00
#2095   839   1 | 5.53e-01 4.85e-10 +0.262  1.00 | 1.04e+00 4.62e-02 -0.130  1.01 | 9.8e+00 4.3e+00 1.407e+00
#2096  4139   1 | 8.77e-01 2.51e-04 +0.650  1.00 | 9.10e-01 1.98e-01 -0.031  1.06 | 3.4e+00 4.2e+00 1.648e+00
#2097  2708   1 | 1.19e+00 6.31e-11 -0.238  1.00 | 1.05e+00 3.96e-02 -0.036  1.00 | 9.4e+00 4.6e+00 2.542e+00
#2098   899   1 | 1.30e+00 2.00e-16 +0.525  1.00 | 9.27e-01 4.32e-02 -0.136  1.01 | 1.6e+01 4.2e+00 2.550e+00
#2099  3632   1 | 8.44e-01 2.94e-04 -0.068  1.00 | 9.54e-01 1.65e-01 +0.057  1.01 | 4.2e+00 4.0e+00 1.631e+00
#2100  2317   1 | 5.14e-01 9.80e-18 +0.791  1.00 | 9.97e-01 5.62e-02 +0.003  1.00 | 1.6e+01 4.4e+00 1.261e+00
#2101  4488   1 | 1.12e+00 4.07e-08 -0.423  1.00 | 9.80e-01 8.77e-02 +0.387  0.94 | 5.1e+00 4.2e+00 2.146e+00
#2102  2193   1 | 1.15e+00 5.06e-18 -0.702  1.00 | 9.43e-01 4.40e-02 +0.147  0.99 | 1.8e+01 4.1e+00 2.191e+00
#2103  4090   1 | 6.36e-01 3.19e-05 -0.465  1.00 | 1.03e+00 2.02e-01 +0.209  0.96 | 5.3e+00 4.4e+00 1.417e+00
#2104  3151   1 | 1.11e+00 3.76e-05 +0.709  1.00 | 1.05e+00 2.09e-01 +0.161  0.98 | 3.6e+00 4.5e+00 2.321e+00
#2105  3991   1 | 9.58e-01 5.90e-04 +0.641  1.00 | 1.03e+00 2.64e-01 +0.056  1.04 | 4.6e+00 5.2e+00 2.020e+00
#2106  4213   1 | 1.08e+00 2.96e-05 +0.081  1.00 | 9.68e-01 1.59e-01 +0.143  0.98 | 9.2e+00 4.0e+00 2.089e+00
#2107  2324   1 | 1.20e+00 1.37e-11 -0.244  1.00 | 9.11e-01 5.73e-02 +0.192  0.98 | 9.6e+00 4.7e+00 2.258e+00
#2108  4940   1 | 1.03e+00 2.08e-04 -0.718  1.00 | 8.36e-01 2.45e-01 +0.394  0.86 | 4.6e+00 4.9e+00 1.653e+00
#2109  3207   1 | 1.17e+00 6.68e-09 -0.202  1.00 | 1.17e+00 1.75e-01 +0.118  0.99 | 5.0e+00 4.7e+00 2.711e+00
#2110  4726   1 | 4.92e-01 1.09e-04 +0.149  1.00 | 1.12e+00 1.77e-01 +0.090  1.00 | 4.4e+00 4.4e+00 1.486e+00
#2111  1187   1 | 6.58e-01 3.74e-23 -0.525  1.00 | 1.07e+00 4.62e-02 +0.112  0.99 | 2.3e+01 4.4e+00 1.568e+00
#2112   426   1 | 1.12e+00 3.13e-15 +0.636  1.00 | 1.01e+00 4.67e-02 +0.084  0.99 | 1.5e+01 4.5e+00 2.267e+00
#2113  1668   1 | 9.58e-01 0.00e+00   +nan  1.00 | 1.07e+00 4.87e-02 +0.112  0.99 | 2.6e+01 4.5e+00 2.064e+00
#2114  4084   1 | 1.00e+00 4.12e-04 +0.116  1.00 | 8.61e-01 2.05e-01 +0.132  0.99 | 5.3e+00 4.6e+00 1.737e+00
#2115  1937   1 | 1.22e+00 7.85e-20 +0.438  1.00 | 1.10e+00 4.84e-02 +0.162  0.99 | 1.8e+01 4.4e+00 2.700e+00
#2116   912   1 | 1.02e+00 2.36e-20 +0.647  1.00 | 1.13e+00 5.48e-02 +0.076  0.99 | 1.9e+01 4.7e+00 2.312e+00
#2117  4166   1 | 7.44e-01 7.79e-03 -0.173  1.00 | 9.49e-01 1.62e-01 +0.117  0.99 | 4.9e+00 3.9e+00 1.448e+00
#2118  4339   1 | 8.98e-01 1.02e-03 +0.237  1.00 | 9.51e-01 1.91e-01 +0.326  0.91 | 5.2e+00 4.5e+00 1.627e+00
#2119  4854   1 | 9.69e-01 6.95e-04 +0.365  1.00 | 1.02e+00 2.00e-01 +0.235  0.95 | 3.9e+00 4.6e+00 1.919e+00
#2120  2523   1 | 1.00e+00 2.16e-13 +0.498  1.00 | 9.45e-01 5.85e-02 -0.077  1.01 | 1.1e+01 4.2e+00 1.912e+00
#2121  4386   1 | 7.27e-01 1.24e-07 +0.331  1.00 | 9.46e-01 1.90e-01 +0.286  0.93 | 5.1e+00 4.2e+00 1.356e+00
#2122  1216   1 | 1.11e+00 0.00e+00   +nan  1.00 | 1.06e+00 5.29e-02 +0.014  1.00 | 2.1e+01 4.3e+00 2.349e+00
#2123  3636   1 | 9.94e-01 8.68e-04 +0.258  1.00 | 1.04e+00 1.97e-01 +0.218  0.95 | 6.8e+00 4.1e+00 2.023e+00
#2124  1012   1 | 1.05e+00 3.44e-20 -0.142  1.00 | 1.08e+00 6.99e-02 -0.117  1.02 | 1.8e+01 4.6e+00 2.297e+00
#2125  3329   1 | 9.89e-01 4.87e-04 +0.851  1.00 | 1.07e+00 1.93e-01 +0.139  0.98 | 4.5e+00 4.2e+00 2.112e+00
#2126  1729   1 | 1.18e+00 0.00e+00   +nan  1.00 | 9.58e-01 4.03e-02 -0.060  1.01 | 2.9e+01 3.7e+00 2.313e+00
#2127  4535   1 | 6.96e-01 4.11e-04 -0.300  1.00 | 1.00e+00 2.15e-01 +0.159  0.98 | 4.4e+00 4.6e+00 1.468e+00
#2128  4888   1 | 1.08e+00 1.19e-03 +0.838  1.00 | 9.97e-01 2.05e-01 +0.198  0.96 | 4.5e+00 4.6e+00 2.123e+00
#2129  3802   1 | 1.29e+00 4.48e-04 -0.066  1.00 | 1.09e+00 2.18e-01 +0.194  0.96 | 4.6e+00 4.4e+00 2.810e+00
#2130  4717   1 | 1.29e+00 4.30e-04 -0.574  1.00 | 9.64e-01 1.56e-01 +0.198  0.96 | 4.1e+00 3.9e+00 2.563e+00
#2131  1957   1 | 7.07e-01 2.15e-16 -0.066  1.00 | 1.09e+00 5.04e-02 +0.112  0.99 | 1.4e+01 4.0e+00 1.674e+00
#2132  2931   1 | 1.13e+00 3.74e-07 +0.357  1.00 | 9.75e-01 1.67e-01 +0.106  0.99 | 4.7e+00 5.0e+00 2.217e+00
#2133  1104   1 | 1.35e+00 2.90e-22 -0.265  1.00 | 1.00e+00 6.16e-02 +0.058  1.00 | 2.1e+01 4.5e+00 2.813e+00
#2134  1810   1 | 1.12e+00 0.00e+00   +nan  1.00 | 1.13e+00 4.94e-02 +0.008  1.00 | 3.0e+01 4.5e+00 2.539e+00
#2135  4563   1 | 1.31e+00 4.98e-08 -0.434  1.00 | 1.04e+00 2.45e-01 +0.287  0.92 | 5.4e+00 4.7e+00 2.714e+00
#2136   326   1 | 1.07e+00 1.17e-12 +0.566  1.00 | 9.70e-01 5.65e-02 +0.075  0.99 | 1.1e+01 4.5e+00 2.083e+00
#2137  1470   1 | 9.64e-01 0.00e+00   +nan  1.00 | 1.06e+00 4.51e-02 +0.184  0.99 | 2.4e+01 4.1e+00 2.045e+00
#2138  1574   1 | 5.98e-01 1.60e-20 -0.224  1.00 | 1.08e+00 4.32e-02 +0.004  1.00 | 1.9e+01 4.3e+00 1.534e+00
#2139  2178   1 | 5.71e-01 1.87e-17 -0.333  1.00 | 9.77e-01 6.10e-02 -0.013  1.01 | 1.6e+01 4.8e+00 1.286e+00
#2140   733   1 | 1.07e+00 0.00e+00   +nan  1.00 | 1.03e+00 3.85e-02 +0.137  0.99 | 2.4e+01 4.4e+00 2.193e+00
#2141  3425   1 | 8.45e-01 9.17e-05 -0.023  1.00 | 9.42e-01 2.06e-01 +0.232  0.95 | 4.3e+00 4.5e+00 1.554e+00
#2142  2871   1 | 9.09e-01 2.48e-07 -0.666  1.00 | 9.18e-01 9.17e-02 +0.174  0.98 | 4.0e+00 4.5e+00 1.648e+00
#2143  3442   1 | 1.27e+00 1.71e-04 -0.789  1.00 | 1.08e+00 2.18e-01 +0.091  1.00 | 3.9e+00 4.4e+00 2.786e+00
#2144  3328   1 | 1.32e+00 2.87e-03 +0.271  1.00 | 1.02e+00 2.11e-01 +0.241  0.94 | 3.8e+00 4.6e+00 2.716e+00
#2145  1976   1 | 1.08e+00 3.40e-21 -0.111  1.00 | 1.04e+00 4.28e-02 +0.078  1.00 | 2.0e+01 4.3e+00 2.239e+00
#2146  1054   1 | 8.26e-01 0.00e+00   +nan  1.00 | 9.54e-01 4.97e-02 +0.154  0.99 | 2.3e+01 4.6e+00 1.579e+00
#2147  3571   1 | 1.17e+00 2.32e-04 -0.360  1.00 | 1.05e+00 2.25e-01 +0.152  0.98 | 4.4e+00 4.5e+00 2.466e+00
#2148  4775   1 | 8.06e-01 4.27e-04 +0.032  1.00 | 9.42e-01 2.61e-01 +0.305  0.91 | 4.1e+00 5.0e+00 1.455e+00
#2149   307   1 | 1.31e+00 5.82e-12 +0.551  1.00 | 1.04e+00 4.60e-02 +0.046  1.00 | 9.9e+00 4.3e+00 2.784e+00
#2150  1514   1 | 1.00e+00 0.00e+00   +nan  1.00 | 1.07e+00 3.87e-02 +0.060  1.00 | 2.4e+01 4.3e+00 2.155e+00
#2151  1226   1 | 1.08e+00 1.54e-20 -0.383  1.00 | 9.97e-01 4.59e-02 +0.030  1.00 | 1.8e+01 3.9e+00 2.153e+00
#2152  1761   1 | 1.07e+00 0.00e+00   +nan  1.00 | 9.70e-01 3.08e-02 +0.111  0.99 | 3.7e+01 4.1e+00 2.086e+00
#2153  2747   1 | 5.55e-01 7.53e-08 +0.146  1.00 | 1.03e+00 9.06e-02 +0.092  0.99 | 5.0e+00 4.4e+00 1.358e+00
#2154  4480   1 | 1.31e+00 1.38e-10 -0.044  1.00 | 1.01e+00 8.37e-02 +0.182  0.98 | 7.0e+00 4.2e+00 2.709e+00
#2155   150   1 | 1.02e+00 6.74e-15 -0.603  1.00 | 1.13e+00 4.10e-02 -0.008  1.00 | 1.2e+01 4.2e+00 2.321e+00
#2156  3967   1 | 1.06e+00 1.61e-03 -0.239  1.00 | 9.82e-01 1.45e-01 +0.097  0.99 | 4.5e+00 4.1e+00 2.092e+00
#2157   482   1 | 1.22e+00 2.81e-11 +0.402  1.00 | 1.10e+00 5.38e-02 +0.077  0.99 | 9.1e+00 4.0e+00 2.709e+00
#2158  1330   1 | 1.02e+00 1.42e-20 +0.010  1.00 | 9.92e-01 6.14e-02 +0.029  1.00 | 1.9e+01 4.5e+00 2.033e+00
#2159  2229   1 | 5.71e-01 3.63e-17 -0.328  1.00 | 9.77e-01 9.75e-02 -0.067  1.02 | 1.5e+01 5.1e+00 1.303e+00
#2160  1692   1 | 1.08e+00 0.00e+00   +nan  1.00 | 9.68e-01 7.80e-02 -0.098  1.02 | 3.2e+01 4.2e+00 2.129e+00
#2161  4666   1 | 9.05e-01 6.81e-06 -0.214  1.00 | 9.18e-01 2.38e-01 +0.202  0.96 | 4.6e+00 4.6e+00 1.630e+00
#2162  2102   1 | 9.77e-01 1.64e-19 -0.008  1.00 | 1.04e+00 5.53e-02 +0.103  0.99 | 1.8e+01 4.3e+00 2.032e+00
#2163  1045   1 | 1.29e+00 1.59e-18 +0.396  1.00 | 1.08e+00 3.41e-02 -0.014  1.00 | 1.8e+01 4.0e+00 2.837e+00
#2164  4137   1 | 7.06e-01 6.54e-05 +0.366  1.00 | 1.00e+00 1.56e-01 +0.101  0.99 | 4.4e+00 3.9e+00 1.495e+00
#2165   763   1 | 1.29e+00 1.72e-15 +0.469  1.00 | 9.64e-01 5.24e-02 +0.008  1.00 | 1.5e+01 4.5e+00 2.608e+00
#2166  4521   1 | 9.77e-01 2.70e-08 -0.320  1.00 | 1.02e+00 1.27e-01 +0.232  0.96 | 5.2e+00 4.3e+00 1.947e+00
#2167    51   1 | 1.65e+00 1.11e-10 -0.590  1.00 | 9.65e-01 4.75e-02 +0.032  1.00 | 8.8e+00 4.5e+00 3.667e+00
#2168   662   1 | 5.78e-01 3.29e-17 +0.137  1.00 | 1.05e+00 3.34e-02 -0.095  1.01 | 1.7e+01 3.8e+00 1.450e+00
#2169  2456   1 | 1.04e+00 3.67e-11 +0.131  1.00 | 8.36e-01 3.86e-02 +0.087  0.99 | 9.6e+00 4.4e+00 1.786e+00
#2170  1093   1 | 1.40e+00 1.17e-19 -0.047  1.00 | 1.01e+00 4.06e-02 -0.134  1.01 | 2.0e+01 4.3e+00 3.004e+00
#2171  3494   1 | 7.55e-01 2.95e-06 +0.098  1.00 | 9.49e-01 1.74e-01 +0.251  0.94 | 4.2e+00 4.1e+00 1.419e+00
#2172  2945   1 | 1.03e+00 2.02e-07 -0.049  1.00 | 1.02e+00 1.73e-01 +0.072  1.00 | 4.1e+00 5.5e+00 2.113e+00
#2173   694   1 | 8.53e-01 1.21e-11 +0.584  1.00 | 9.10e-01 4.22e-02 -0.091  1.01 | 1.2e+01 5.2e+00 1.564e+00
#2174  3849   1 | 9.93e-01 9.40e-07 +0.250  1.00 | 1.06e+00 1.42e-01 +0.211  0.96 | 5.2e+00 4.3e+00 2.063e+00
#2175   357   1 | 9.65e-01 4.88e-14 -0.058  1.00 | 1.06e+00 4.19e-02 +0.157  0.99 | 1.5e+01 4.8e+00 2.051e+00
#2176   227   1 | 9.57e-01 1.87e-12 +0.136  1.00 | 1.07e+00 3.67e-02 -0.032  1.00 | 1.3e+01 4.3e+00 2.074e+00
#2177  3809   1 | 1.13e+00 2.46e-06 +0.139  1.00 | 9.88e-01 2.15e-01 +0.126  0.99 | 4.6e+00 4.7e+00 2.239e+00
#2178  4047   1 | 9.59e-01 8.12e-07 +0.280  1.00 | 1.03e+00 1.35e-01 +0.126  0.98 | 4.7e+00 3.7e+00 1.968e+00
#2179  1788   1 | 1.10e+00 1.08e-21 -0.248  1.00 | 1.08e+00 2.30e-02 +0.025  1.00 | 2.7e+01 4.3e+00 2.371e+00
#2180   110   1 | 1.14e+00 1.83e-07 -0.306  1.00 | 9.75e-01 2.68e-02 +0.189  0.99 | 5.5e+00 4.9e+00 2.250e+00
#2181  4878   1 | 1.34e+00 3.55e-06 -0.239  1.00 | 1.12e+00 1.70e-01 +0.319  0.93 | 4.3e+00 4.6e+00 2.965e+00
#2182  4727   1 | 1.09e+00 6.94e-07 -0.099  1.00 | 9.93e-01 2.17e-01 +0.296  0.92 | 4.8e+00 4.9e+00 2.089e+00
#2183  4436   1 | 1.30e+00 5.22e-07 -0.505  1.00 | 9.27e-01 1.86e-01 +0.219  0.95 | 4.6e+00 4.1e+00 2.509e+00
#2184  4103   1 | 8.01e-01 1.03e-06 +0.811  1.00 | 9.59e-01 1.92e-01 +0.292  0.92 | 5.2e+00 4.5e+00 1.491e+00
#2185  3670   1 | 5.23e-01 2.11e-07 -0.538  1.00 | 9.97e-01 2.35e-01 +0.034  1.04 | 5.7e+00 4.7e+00 1.307e+00
#2186  3691   1 | 6.48e-01 4.34e-08 -0.486  1.00 | 1.03e+00 1.75e-01 +0.158  0.98 | 5.2e+00 4.1e+00 1.452e+00
#2187   345   1 | 9.98e-01 6.28e-09 +0.529  1.00 | 8.61e-01 3.19e-02 +0.024  1.00 | 9.8e+00 4.0e+00 1.737e+00
#2188  2781   1 | 1.11e+00 4.91e-09 +0.351  1.00 | 1.06e+00 3.45e-02 +0.010  1.00 | 7.2e+00 4.1e+00 2.357e+00
#2189  4712   1 | 1.08e+00 5.33e-07 +0.300  1.00 | 1.03e+00 1.56e-01 +0.324  0.92 | 4.9e+00 4.0e+00 2.145e+00
#2190  1705   1 | 1.23e+00 1.27e-19 -0.056  1.00 | 9.89e-01 3.66e-02 -0.021  1.00 | 2.6e+01 4.6e+00 2.497e+00
#2191  4715   1 | 1.22e+00 1.16e-07 -0.606  1.00 | 9.11e-01 2.19e-01 +0.358  0.89 | 5.3e+00 5.0e+00 2.228e+00
#2192  3889   1 | 1.10e+00 2.61e-07 -0.087  1.00 | 1.05e+00 1.57e-01 +0.237  0.95 | 6.1e+00 4.2e+00 2.251e+00
#2193  1371   1 | 1.12e+00 1.16e-16 -0.631  1.00 | 1.01e+00 2.12e-02 +0.062  1.00 | 2.2e+01 4.4e+00 2.270e+00
#2194  2257   1 | 1.17e+00 5.86e-11 -0.527  1.00 | 1.17e+00 2.36e-02 +0.124  1.00 | 1.2e+01 4.1e+00 2.726e+00
#2195   516   1 | 5.53e-01 6.31e-13 +0.285  1.00 | 1.04e+00 2.75e-02 +0.070  1.00 | 1.7e+01 4.5e+00 1.389e+00
#2196  3463   1 | 6.59e-01 8.03e-08 +0.701  1.00 | 1.07e+00 1.12e-01 +0.149  0.98 | 4.9e+00 4.5e+00 1.555e+00
#2197  1476   1 | 7.29e-01 1.13e-15 +0.292  1.00 | 9.46e-01 2.66e-02 +0.088  1.00 | 2.1e+01 4.8e+00 1.422e+00
#2198  2995   1 | 4.74e-01 3.22e-07 -0.707  1.00 | 9.87e-01 1.32e-01 +0.228  0.96 | 3.5e+00 4.3e+00 1.157e+00
#2199  4073   1 | 1.02e+00 3.85e-06 +0.007  1.00 | 9.45e-01 1.82e-01 +0.027  1.03 | 4.6e+00 4.0e+00 1.964e+00
[best] step 2200: trailing ratio_p=0.9812 (new best)
#2200  2813   1 | 6.09e-01 4.43e-08 -0.048  1.00 | 1.08e+00 3.74e-02 +0.019  1.00 | 5.2e+00 4.1e+00 1.546e+00
#2201  4272   1 | 1.30e+00 1.36e-07 +0.204  1.00 | 1.09e+00 2.02e-01 +0.149  0.98 | 5.1e+00 4.4e+00 2.864e+00
#2202   327   1 | 1.32e+00 4.39e-10 +0.378  1.00 | 1.02e+00 2.29e-02 +0.100  1.00 | 1.0e+01 4.1e+00 2.773e+00
#2203  4301   1 | 1.06e+00 4.08e-08 -0.523  1.00 | 1.04e+00 1.61e-01 +0.061  1.01 | 5.2e+00 4.4e+00 2.202e+00
#2204   640   1 | 7.04e-01 1.88e-15 -0.008  1.00 | 1.09e+00 3.93e-02 -0.120  1.01 | 1.9e+01 4.8e+00 1.691e+00
#2205  4353   1 | 1.34e+00 6.33e-07 -0.207  1.00 | 1.00e+00 1.77e-01 +0.261  0.94 | 4.7e+00 4.3e+00 2.738e+00
#2206  4029   1 | 1.08e+00 8.37e-07 -0.050  1.00 | 1.02e+00 1.81e-01 +0.308  0.92 | 4.6e+00 4.2e+00 2.131e+00
#2207  1998   1 | 4.95e-01 2.28e-18 +0.380  1.00 | 1.12e+00 5.12e-02 +0.229  0.98 | 2.2e+01 4.6e+00 1.469e+00
#2208  1607   1 | 1.09e+00 9.90e-20 -0.817  1.00 | 9.37e-01 3.48e-02 +0.071  1.00 | 2.5e+01 4.5e+00 2.060e+00
#2209  2933   1 | 9.67e-01 4.60e-08 -0.415  1.00 | 9.60e-01 7.84e-02 -0.015  1.01 | 5.2e+00 4.5e+00 1.866e+00
#2210  4557   1 | 4.42e-01 1.45e-06 +0.223  1.00 | 1.00e+00 2.18e-01 +0.178  0.97 | 4.8e+00 4.8e+00 1.168e+00
#2211  2636   1 | 1.38e+00 9.75e-10 -0.486  1.00 | 1.03e+00 4.10e-02 +0.062  1.00 | 7.4e+00 4.2e+00 2.966e+00
#2212  3507   1 | 1.09e+00 4.77e-08 -0.386  1.00 | 1.13e+00 2.69e-01 +0.093  1.01 | 5.4e+00 5.3e+00 2.494e+00
#2213  1071   1 | 9.23e-01 1.60e-20 -0.311  1.00 | 9.51e-01 3.84e-02 +0.040  1.00 | 2.5e+01 4.2e+00 1.754e+00
#2214  3245   1 | 8.36e-01 6.66e-09 -0.196  1.00 | 1.01e+00 2.30e-01 +0.102  1.01 | 5.7e+00 4.5e+00 1.731e+00
#2215  4541   1 | 8.88e-01 4.80e-08 +0.502  1.00 | 9.15e-01 2.06e-01 +0.154  0.98 | 5.1e+00 4.9e+00 1.610e+00
#2216  4930   1 | 1.08e+00 2.56e-06 -0.298  1.00 | 1.08e+00 1.99e-01 +0.255  0.94 | 4.6e+00 4.4e+00 2.263e+00
#2217   295   1 | 1.18e+00 2.32e-11 -0.370  1.00 | 9.58e-01 5.06e-02 -0.275  1.03 | 1.3e+01 4.9e+00 2.338e+00
#2218   386   1 | 1.15e+00 1.24e-12 -0.694  1.00 | 9.43e-01 3.64e-02 -0.076  1.01 | 1.6e+01 4.3e+00 2.208e+00
#2219  2240   1 | 1.11e+00 9.58e-13 -0.018  1.00 | 9.80e-01 3.77e-02 +0.126  0.99 | 1.3e+01 4.4e+00 2.182e+00
#2220  1320   1 | 1.15e+00 4.75e-15 -0.692  1.00 | 9.43e-01 2.11e-02 -0.056  1.00 | 1.8e+01 3.7e+00 2.205e+00
#2221   886   1 | 1.08e+00 3.24e-15 -0.196  1.00 | 9.93e-01 2.50e-02 +0.025  1.00 | 2.0e+01 4.4e+00 2.153e+00
#2222   313   1 | 1.38e+00 1.18e-08 +0.627  1.00 | 1.03e+00 2.62e-02 +0.044  1.00 | 7.4e+00 4.0e+00 2.954e+00
#2223  1410   1 | 1.11e+00 4.60e-17 -0.365  1.00 | 9.82e-01 2.96e-02 -0.181  1.01 | 2.1e+01 4.7e+00 2.203e+00
#2224  3429   1 | 1.29e+00 2.13e-08 +0.020  1.00 | 1.01e+00 1.69e-01 +0.145  0.98 | 5.3e+00 4.4e+00 2.658e+00
#2225  3291   1 | 1.10e+00 8.05e-07 +0.227  1.00 | 1.08e+00 2.36e-01 +0.237  0.94 | 5.0e+00 4.8e+00 2.310e+00
#2226  1442   1 | 9.64e-01 3.47e-15 +0.058  1.00 | 1.06e+00 2.69e-02 +0.148  0.99 | 2.0e+01 4.6e+00 2.053e+00
#2227  2072   1 | 1.11e+00 2.44e-15 +0.597  1.00 | 1.06e+00 2.27e-02 -0.155  1.01 | 1.8e+01 4.5e+00 2.358e+00
#2228  2712   1 | 1.30e+00 4.90e-10 -0.243  1.00 | 1.09e+00 2.27e-02 +0.148  0.99 | 6.7e+00 4.2e+00 2.882e+00
#2229  2194   1 | 6.27e-01 2.32e-14 +0.687  1.00 | 1.03e+00 2.26e-02 +0.006  1.00 | 1.6e+01 4.8e+00 1.452e+00
#2230  1162   1 | 1.12e+00 1.66e-13 -0.403  1.00 | 1.13e+00 1.83e-02 +0.064  1.00 | 1.7e+01 4.3e+00 2.540e+00
#2231  2191   1 | 1.13e+00 2.87e-16 +0.053  1.00 | 1.05e+00 2.21e-02 +0.144  0.99 | 2.0e+01 4.3e+00 2.373e+00
#2232   881   1 | 1.05e+00 3.55e-12 +0.040  1.00 | 1.08e+00 1.94e-02 +0.015  1.00 | 1.5e+01 4.6e+00 2.275e+00
#2233   916   1 | 1.32e+00 1.02e-13 -0.376  1.00 | 1.02e+00 2.22e-02 +0.085  1.00 | 1.7e+01 5.0e+00 2.772e+00
#2234  1232   1 | 1.32e+00 4.78e-14 +0.244  1.00 | 1.12e+00 1.73e-02 +0.025  1.00 | 1.8e+01 4.4e+00 3.004e+00
#2235  1481   1 | 8.26e-01 1.14e-15 -0.197  1.00 | 9.54e-01 1.97e-02 +0.151  0.99 | 2.1e+01 4.7e+00 1.587e+00
#2236   326   1 | 9.98e-01 1.63e-10 +0.525  1.00 | 8.61e-01 2.18e-02 +0.013  1.00 | 1.2e+01 4.5e+00 1.738e+00
#2237  1412   1 | 1.29e+00 1.07e-17 -0.406  1.00 | 1.08e+00 1.91e-02 -0.015  1.00 | 2.3e+01 4.2e+00 2.834e+00
#2238  3768   1 | 1.09e+00 2.68e-08 -0.398  1.00 | 9.70e-01 1.17e-01 +0.177  0.97 | 5.5e+00 3.7e+00 2.106e+00
#2239  1734   1 | 1.08e+00 0.00e+00   +nan  1.00 | 9.97e-01 2.06e-02 +0.044  1.00 | 3.4e+01 4.7e+00 2.151e+00
#2240  2439   1 | 9.64e-01 1.11e-12 -0.292  1.00 | 9.60e-01 2.92e-02 +0.078  1.00 | 1.3e+01 5.2e+00 1.847e+00
#2241  3019   1 | 9.71e-01 9.96e-09 -0.194  1.00 | 1.02e+00 3.53e-02 +0.130  0.99 | 6.0e+00 4.5e+00 1.971e+00
#2242  2100   1 | 6.01e-01 6.68e-19 -0.275  1.00 | 1.08e+00 1.97e-02 -0.012  1.00 | 2.1e+01 4.0e+00 1.537e+00
#2243   310   1 | 1.14e+00 6.57e-12 -0.329  1.00 | 9.75e-01 1.92e-02 -0.056  1.00 | 1.2e+01 4.6e+00 2.262e+00
#2244  4559   1 | 1.01e+00 1.25e-06 +0.516  1.00 | 1.13e+00 2.06e-01 +0.299  0.92 | 4.4e+00 4.7e+00 2.216e+00
#2245  3360   1 | 9.75e-01 2.59e-08 +0.416  1.00 | 1.07e+00 1.91e-01 +0.135  0.98 | 4.5e+00 4.6e+00 2.086e+00
#2246  4633   1 | 8.13e-01 9.01e-09 -0.193  1.00 | 1.01e+00 2.30e-01 +0.162  0.98 | 6.0e+00 5.0e+00 1.665e+00
#2247  4891   1 | 1.23e+00 2.06e-07 +0.565  1.00 | 9.11e-01 1.57e-01 +0.259  0.94 | 4.9e+00 4.2e+00 2.297e+00
#2248   340   1 | 5.45e-01 2.89e-12 +0.700  1.00 | 1.03e+00 2.04e-02 -0.062  1.00 | 1.3e+01 4.5e+00 1.359e+00
#2249  2954   1 | 1.14e+00 3.48e-07 -0.103  1.00 | 9.88e-01 1.02e-01 +0.062  1.00 | 4.5e+00 4.2e+00 2.263e+00
#2250  3541   1 | 1.30e+00 3.92e-07 +0.463  1.00 | 9.64e-01 1.38e-01 +0.226  0.96 | 4.9e+00 3.8e+00 2.580e+00
#2251  1475   1 | 9.75e-01 1.42e-16 -0.007  1.00 | 1.04e+00 2.07e-02 +0.037  1.00 | 2.1e+01 4.3e+00 2.036e+00
#2252  3006   1 | 1.41e+00 2.01e-08 -0.127  1.00 | 1.01e+00 3.92e-02 +0.107  0.99 | 5.0e+00 4.8e+00 2.994e+00
#2253   292   1 | 9.98e-01 1.37e-11 -0.511  1.00 | 9.45e-01 2.09e-02 -0.051  1.00 | 1.3e+01 3.9e+00 1.893e+00
#2254  1998   1 | 4.48e-01 9.07e-19 -0.489  1.00 | 1.00e+00 2.87e-02 -0.062  1.00 | 2.3e+01 4.6e+00 1.208e+00
#2255  1040   1 | 9.07e-01 2.36e-15 -0.232  1.00 | 9.18e-01 2.88e-02 -0.033  1.00 | 1.9e+01 4.7e+00 1.667e+00
#2256   165   1 | 1.07e+00 1.06e-11 +0.089  1.00 | 1.03e+00 2.53e-02 +0.056  1.00 | 1.2e+01 4.4e+00 2.201e+00
#2257  1105   1 | 1.00e+00 2.13e-17 -0.013  1.00 | 1.07e+00 2.88e-02 +0.217  0.99 | 2.1e+01 4.8e+00 2.147e+00
#2258   236   1 | 7.01e-01 2.86e-11 -0.296  1.00 | 1.00e+00 2.62e-02 +0.145  0.99 | 1.3e+01 4.4e+00 1.489e+00
#2259  2936   1 | 8.64e-01 2.45e-10 -0.598  1.00 | 9.10e-01 2.59e-02 -0.042  1.00 | 8.8e+00 4.0e+00 1.577e+00
#2260  3940   1 | 1.20e+00 3.18e-06 -0.048  1.00 | 9.89e-01 1.69e-01 +0.174  0.97 | 4.0e+00 4.1e+00 2.395e+00
#2261  3706   1 | 9.10e-01 6.49e-07 -0.453  1.00 | 9.15e-01 1.62e-01 -0.020  1.04 | 5.7e+00 4.5e+00 1.698e+00
#2262  1533   1 | 8.25e-01 8.75e-20 -0.388  1.00 | 9.42e-01 3.10e-02 -0.053  1.00 | 2.3e+01 5.4e+00 1.571e+00
#2263  2204   1 | 1.09e+00 8.51e-16 -0.815  1.00 | 9.37e-01 3.50e-02 +0.017  1.00 | 1.7e+01 5.0e+00 2.068e+00
#2264   556   1 | 9.65e-01 1.39e-11 +0.112  1.00 | 1.03e+00 2.09e-02 +0.075  1.00 | 1.2e+01 4.0e+00 1.994e+00
#2265   651   1 | 1.04e+00 8.48e-11 +0.317  1.00 | 1.02e+00 2.53e-02 +0.056  1.00 | 1.1e+01 4.4e+00 2.125e+00
#2266  1068   1 | 9.23e-01 6.06e-16 -0.311  1.00 | 9.51e-01 3.01e-02 +0.067  1.00 | 1.7e+01 4.8e+00 1.753e+00
#2267  1829   1 | 1.29e+00 0.00e+00   +nan  1.00 | 9.27e-01 2.49e-02 -0.019  1.00 | 2.9e+01 4.0e+00 2.537e+00
#2268   898   1 | 1.08e+00 2.33e-14 -0.160  1.00 | 1.04e+00 2.62e-02 +0.040  1.00 | 1.5e+01 4.5e+00 2.252e+00
#2269  2328   1 | 1.20e+00 3.27e-12 -0.242  1.00 | 1.05e+00 2.91e-02 +0.039  1.00 | 1.1e+01 4.5e+00 2.547e+00
#2270   275   1 | 6.58e-01 2.91e-10 +0.488  1.00 | 1.07e+00 1.98e-02 +0.011  1.00 | 9.8e+00 4.2e+00 1.577e+00
#2271   577   1 | 1.04e+00 2.16e-10 -0.074  1.00 | 8.36e-01 2.75e-02 -0.054  1.00 | 9.1e+00 4.3e+00 1.787e+00
#2272  2731   1 | 5.83e-01 1.52e-11 -0.289  1.00 | 1.05e+00 3.29e-02 -0.037  1.00 | 9.2e+00 4.2e+00 1.451e+00
#2273  1568   1 | 5.69e-01 1.24e-22 -0.338  1.00 | 9.77e-01 2.45e-02 +0.024  1.00 | 2.4e+01 4.1e+00 1.279e+00
#2274  1653   1 | 1.34e+00 0.00e+00 +0.266  1.00 | 1.00e+00 2.65e-02 -0.019  1.00 | 2.5e+01 4.7e+00 2.815e+00
#2275  4559   1 | 6.95e-01 4.23e-06 -0.123  1.00 | 1.09e+00 1.99e-01 +0.152  0.98 | 4.2e+00 4.5e+00 1.641e+00
#2276  2647   1 | 1.11e+00 3.83e-10 -0.061  1.00 | 9.80e-01 2.90e-02 +0.120  0.99 | 8.3e+00 4.4e+00 2.176e+00
#2277  3202   1 | 1.18e+00 9.64e-11 +0.612  1.00 | 9.58e-01 6.28e-02 +0.002  1.00 | 6.2e+00 3.8e+00 2.310e+00
#2278  4810   1 | 1.03e+00 1.19e-08 +0.230  1.00 | 9.92e-01 1.34e-01 +0.322  0.93 | 5.2e+00 3.9e+00 1.973e+00
#2279  1245   1 | 1.12e+00 1.03e-16 -0.632  1.00 | 1.01e+00 1.94e-02 -0.076  1.00 | 1.7e+01 4.1e+00 2.275e+00
#2280  1125   1 | 1.22e+00 2.32e-19 +0.234  1.00 | 1.10e+00 3.41e-02 +0.094  1.00 | 1.9e+01 5.0e+00 2.709e+00
#2281  4489   1 | 5.09e-01 1.41e-08 +0.740  1.00 | 9.97e-01 1.01e-01 +0.214  0.97 | 5.8e+00 4.4e+00 1.220e+00
#2282   470   1 | 1.08e+00 1.50e-14 -0.032  1.00 | 9.68e-01 3.08e-02 -0.045  1.00 | 1.4e+01 4.5e+00 2.115e+00
#2283  1624   1 | 1.65e+00 0.00e+00   +nan  1.00 | 9.65e-01 2.83e-02 +0.005  1.00 | 2.6e+01 5.0e+00 3.669e+00
#2284   454   1 | 4.70e-01 2.50e-17 -0.322  1.00 | 9.87e-01 2.25e-02 -0.011  1.00 | 1.7e+01 4.6e+00 1.196e+00
#2285   329   1 | 1.11e+00 1.69e-11 +0.165  1.00 | 1.02e+00 3.14e-02 +0.144  0.99 | 9.7e+00 4.8e+00 2.257e+00
#2286   166   1 | 1.31e+00 7.28e-13 -0.287  1.00 | 1.04e+00 3.08e-02 -0.016  1.00 | 1.2e+01 4.6e+00 2.789e+00
#2287  1838   1 | 7.73e-01 5.29e-23 +0.026  1.00 | 9.59e-01 3.41e-02 +0.179  0.99 | 2.5e+01 4.7e+00 1.506e+00
#2288   720   1 | 4.94e-01 7.03e-14 -0.379  1.00 | 1.12e+00 2.72e-02 +0.061  1.00 | 1.4e+01 4.1e+00 1.489e+00
#2289    16   1 | 7.28e-01 1.49e-08 -0.296  1.00 | 9.46e-01 2.92e-02 +0.020  1.00 | 7.5e+00 4.1e+00 1.425e+00
#2290  4302   1 | 7.39e-01 9.31e-10 -0.065  1.00 | 9.49e-01 1.80e-01 +0.155  0.98 | 5.8e+00 4.4e+00 1.427e+00
#2291  4915   1 | 1.17e+00 3.59e-09 -0.309  1.00 | 1.17e+00 1.78e-01 +0.255  0.95 | 5.5e+00 4.1e+00 2.660e+00
#2292  2110   1 | 9.72e-01 0.00e+00   +nan  1.00 | 1.06e+00 3.56e-02 +0.091  1.00 | 2.3e+01 4.3e+00 2.058e+00
#2293  2879   1 | 5.64e-01 5.86e-09 +0.365  1.00 | 1.04e+00 1.67e-01 -0.084  1.05 | 4.7e+00 4.6e+00 1.462e+00
#2294  1562   1 | 1.11e+00 0.00e+00   +nan  1.00 | 1.06e+00 2.97e-02 -0.037  1.00 | 2.6e+01 4.3e+00 2.351e+00
#2295  3535   1 | 9.55e-01 4.99e-07 +0.473  1.00 | 1.03e+00 2.30e-01 +0.162  0.98 | 5.0e+00 4.6e+00 1.952e+00
#2296  1371   1 | 1.29e+00 1.91e-22 -0.465  1.00 | 9.64e-01 3.88e-02 +0.129  0.99 | 2.4e+01 4.4e+00 2.598e+00
#2297  2156   1 | 9.18e-01 2.14e-13 +0.299  1.00 | 9.51e-01 3.76e-02 +0.109  0.99 | 1.2e+01 4.2e+00 1.741e+00
#2298  2814   1 | 9.60e-01 2.76e-08 +0.008  1.00 | 1.06e+00 6.85e-02 +0.235  0.97 | 5.1e+00 4.2e+00 2.024e+00
#2299  1917   1 | 1.31e+00 2.29e-19 +0.330  1.00 | 1.01e+00 3.68e-02 +0.126  0.99 | 1.9e+01 4.4e+00 2.729e+00
#2300  3738   1 | 1.06e+00 5.69e-07 -0.009  1.00 | 8.36e-01 1.61e-01 +0.268  0.93 | 5.1e+00 4.1e+00 1.773e+00
#2301  3673   1 | 1.09e+00 8.09e-08 +0.412  1.00 | 9.80e-01 1.87e-01 +0.224  0.95 | 5.3e+00 4.3e+00 2.093e+00
#2302   333   1 | 1.11e+00 1.13e-13 +0.404  1.00 | 1.02e+00 3.87e-02 +0.132  0.99 | 1.1e+01 4.1e+00 2.256e+00
#2303  1094   1 | 1.31e+00 0.00e+00   +nan  1.00 | 1.04e+00 4.11e-02 +0.006  1.00 | 2.3e+01 4.1e+00 2.786e+00
#2304  3944   1 | 1.32e+00 2.87e-06 -0.256  1.00 | 1.00e+00 1.91e-01 +0.230  0.95 | 4.2e+00 4.4e+00 2.700e+00
#2305    91   1 | 6.23e-01 1.37e-11 -0.812  1.00 | 1.03e+00 4.73e-02 -0.063  1.01 | 9.2e+00 4.1e+00 1.455e+00
#2306  3263   1 | 9.87e-01 7.63e-09 +0.333  1.00 | 1.04e+00 1.60e-01 +0.153  0.98 | 6.4e+00 4.3e+00 2.035e+00
#2307  3895   1 | 1.07e+00 1.07e-06 +0.384  1.00 | 9.68e-01 2.22e-01 +0.086  1.01 | 4.8e+00 4.5e+00 2.099e+00
#2308  2328   1 | 7.76e-01 9.20e-15 -0.021  1.00 | 9.59e-01 5.29e-02 +0.065  1.00 | 1.2e+01 4.6e+00 1.517e+00
#2309  2266   1 | 1.08e+00 2.01e-21 -0.390  1.00 | 9.97e-01 4.42e-02 +0.041  1.00 | 1.9e+01 4.1e+00 2.148e+00
#2310  4712   1 | 1.08e+00 1.11e-08 -0.252  1.00 | 9.37e-01 2.00e-01 +0.152  0.98 | 5.4e+00 4.6e+00 2.020e+00
#2311  3922   1 | 1.29e+00 6.26e-06 -0.143  1.00 | 1.12e+00 2.15e-01 +0.344  0.90 | 4.3e+00 4.5e+00 2.799e+00
#2312  3305   1 | 7.25e-01 2.49e-07 -0.068  1.00 | 1.09e+00 2.15e-01 +0.017  1.03 | 5.0e+00 4.4e+00 1.748e+00
#2313  3234   1 | 6.59e-01 6.93e-13 +0.666  1.00 | 1.07e+00 7.22e-02 -0.001  1.00 | 9.0e+00 4.0e+00 1.583e+00
#2314  3012   1 | 1.00e+00 9.36e-10 -0.193  1.00 | 8.61e-01 1.09e-01 +0.030  1.01 | 5.8e+00 4.5e+00 1.751e+00
#2315  3397   1 | 5.80e-01 4.12e-08 -0.007  1.00 | 9.77e-01 1.67e-01 +0.064  1.01 | 5.4e+00 4.3e+00 1.299e+00
#2316  3549   1 | 1.05e+00 6.25e-09 +0.026  1.00 | 1.03e+00 2.06e-01 +0.189  0.96 | 5.2e+00 4.3e+00 2.121e+00
#2317   404   1 | 1.65e+00 3.12e-18 +0.540  1.00 | 9.65e-01 5.25e-02 -0.040  1.01 | 1.6e+01 4.4e+00 3.673e+00
#2318   205   1 | 1.30e+00 4.85e-14 -0.452  1.00 | 9.27e-01 3.84e-02 -0.068  1.01 | 1.2e+01 3.8e+00 2.546e+00
#2319  2208   1 | 9.08e-01 0.00e+00 +0.238  1.00 | 9.18e-01 4.21e-02 +0.092  0.99 | 2.0e+01 4.0e+00 1.661e+00
#2320   996   1 | 1.38e+00 1.24e-22 -0.540  1.00 | 1.03e+00 4.53e-02 +0.056  1.00 | 2.1e+01 4.8e+00 2.953e+00
#2321   321   1 | 1.12e+00 2.39e-14 +0.393  1.00 | 1.13e+00 3.80e-02 +0.037  1.00 | 1.3e+01 4.4e+00 2.543e+00
#2322  1272   1 | 1.11e+00 1.30e-20 +0.372  1.00 | 9.82e-01 4.61e-02 -0.139  1.02 | 1.9e+01 4.4e+00 2.207e+00
#2323  1185   1 | 5.96e-01 3.72e-22 -0.279  1.00 | 1.08e+00 3.40e-02 -0.066  1.01 | 2.2e+01 4.7e+00 1.537e+00
#2324  4239   1 | 1.02e+00 5.55e-06 +0.044  1.00 | 9.45e-01 1.49e-01 +0.148  0.98 | 3.7e+00 4.3e+00 1.905e+00
#2325  4050   1 | 1.23e+00 2.28e-06 -0.376  1.00 | 1.10e+00 1.61e-01 +0.227  0.96 | 4.1e+00 4.4e+00 2.686e+00
#2326  1753   1 | 5.79e-01 0.00e+00   +nan  1.00 | 1.05e+00 2.94e-02 +0.176  0.99 | 3.5e+01 4.5e+00 1.433e+00
#2327  1156   1 | 1.14e+00 1.94e-20 +0.334  1.00 | 9.75e-01 2.95e-02 +0.058  1.00 | 2.0e+01 4.2e+00 2.254e+00
#2328   748   1 | 1.40e+00 7.58e-17 +0.045  1.00 | 1.01e+00 2.80e-02 -0.155  1.01 | 1.7e+01 4.3e+00 3.001e+00
#2329  2000   1 | 1.32e+00 2.43e-20 -0.376  1.00 | 1.02e+00 3.60e-02 +0.032  1.00 | 2.0e+01 4.9e+00 2.774e+00
#2330  3655   1 | 8.52e-01 4.24e-06 +0.638  1.00 | 9.42e-01 1.73e-01 +0.181  0.97 | 4.9e+00 4.4e+00 1.583e+00
#2331  3722   1 | 8.82e-01 5.35e-07 -0.106  1.00 | 9.10e-01 2.01e-01 -0.026  1.06 | 5.3e+00 4.6e+00 1.657e+00
#2332  3957   1 | 1.10e+00 6.03e-06 -0.077  1.00 | 1.05e+00 1.75e-01 +0.258  0.94 | 3.7e+00 4.8e+00 2.241e+00
#2333  1766   1 | 1.14e+00 0.00e+00   +nan  1.00 | 9.88e-01 3.19e-02 +0.022  1.00 | 3.6e+01 4.8e+00 2.276e+00
#2334  1211   1 | 7.28e-01 2.70e-18 +0.291  1.00 | 9.46e-01 3.22e-02 +0.134  0.99 | 1.9e+01 4.8e+00 1.419e+00
#2335  2648   1 | 8.28e-01 1.66e-09 -0.242  1.00 | 1.01e+00 3.74e-02 +0.126  0.99 | 7.2e+00 4.5e+00 1.704e+00
#2336   366   1 | 1.07e+00 8.30e-16 -0.512  1.00 | 9.70e-01 3.37e-02 -0.033  1.00 | 1.5e+01 4.8e+00 2.092e+00
#2337  1191   1 | 1.05e+00 5.29e-23 +0.039  1.00 | 1.08e+00 2.94e-02 +0.068  1.00 | 2.6e+01 5.0e+00 2.270e+00
#2338  2593   1 | 1.20e+00 1.97e-10 -0.153  1.00 | 9.11e-01 3.11e-02 +0.081  1.00 | 8.9e+00 4.8e+00 2.265e+00
#2339  2702   1 | 1.10e+00 3.78e-06 +0.519  1.00 | 1.08e+00 1.18e-01 +0.165  0.98 | 3.7e+00 4.4e+00 2.345e+00
#2340   649   1 | 1.18e+00 1.51e-14 -0.382  1.00 | 9.58e-01 2.64e-02 -0.075  1.00 | 1.4e+01 4.4e+00 2.312e+00
#2341  4742   1 | 1.25e+00 3.22e-06 +0.002  1.00 | 9.89e-01 1.68e-01 +0.266  0.94 | 4.6e+00 4.2e+00 2.471e+00
#2342   973   1 | 4.70e-01 6.42e-19 +0.314  1.00 | 9.87e-01 2.36e-02 +0.075  1.00 | 2.0e+01 4.3e+00 1.193e+00
#2343  1888   1 | 5.13e-01 2.70e-22 +0.364  1.00 | 9.97e-01 2.78e-02 +0.115  0.99 | 2.4e+01 4.3e+00 1.252e+00
#2344   675   1 | 1.02e+00 4.37e-16 -0.057  1.00 | 9.92e-01 2.54e-02 +0.034  1.00 | 1.6e+01 4.0e+00 2.033e+00
#2345  3701   1 | 1.13e+00 1.07e-06 -0.421  1.00 | 1.01e+00 2.03e-01 +0.069  1.01 | 4.3e+00 4.7e+00 2.306e+00
#2346   859   1 | 9.71e-01 8.06e-12 +0.022  1.00 | 1.02e+00 3.23e-02 -0.039  1.00 | 1.2e+01 4.8e+00 1.983e+00
#2347  2028   1 | 1.29e+00 1.72e-20 -0.408  1.00 | 1.08e+00 2.15e-02 +0.033  1.00 | 2.1e+01 4.1e+00 2.826e+00
#2348  4890   1 | 1.11e+00 7.46e-07 +0.585  1.00 | 1.04e+00 1.49e-01 +0.168  0.97 | 4.5e+00 4.4e+00 2.281e+00
#2349   684   1 | 1.04e+00 2.84e-16 -0.318  1.00 | 1.02e+00 4.23e-02 +0.025  1.00 | 1.7e+01 4.9e+00 2.127e+00
#2350  2206   1 | 7.03e-01 1.19e-18 -0.294  1.00 | 1.00e+00 3.29e-02 +0.142  0.99 | 1.8e+01 4.6e+00 1.491e+00
#2351  3701   1 | 9.83e-01 2.12e-06 +0.361  1.00 | 1.07e+00 1.66e-01 +0.178  0.97 | 4.2e+00 4.4e+00 2.086e+00
#2352  2853   1 | 9.95e-01 1.23e-06 +0.127  1.00 | 1.07e+00 1.32e-01 +0.038  1.01 | 3.7e+00 4.5e+00 2.151e+00
#2353  3143   1 | 1.07e+00 1.53e-07 +0.403  1.00 | 9.93e-01 1.42e-01 +0.029  1.01 | 4.4e+00 4.3e+00 2.148e+00
#2354  1023   1 | 5.53e-01 4.06e-17 +0.276  1.00 | 1.04e+00 3.01e-02 +0.016  1.00 | 1.7e+01 4.6e+00 1.392e+00
#2355  4500   1 | 9.71e-01 1.31e-08 +0.078  1.00 | 1.06e+00 7.77e-02 +0.206  0.98 | 5.5e+00 3.8e+00 2.034e+00
#2356  1000   1 | 1.15e+00 1.19e-20 -0.688  1.00 | 9.43e-01 2.22e-02 +0.037  1.00 | 2.1e+01 4.1e+00 2.201e+00
#2357  2912   1 | 9.67e-01 2.33e-05 -0.492  1.00 | 9.60e-01 1.96e-01 +0.093  1.00 | 2.7e+00 4.7e+00 1.861e+00
#2358  4806   1 | 1.32e+00 5.89e-09 +0.152  1.00 | 1.09e+00 1.18e-01 +0.040  1.00 | 5.9e+00 4.7e+00 2.932e+00
#2359   963   1 | 8.89e-01 0.00e+00   +nan  1.00 | 9.15e-01 4.19e-02 -0.019  1.00 | 2.6e+01 4.7e+00 1.630e+00
#2360  2646   1 | 4.96e-01 3.51e-09 +0.861  1.00 | 1.12e+00 4.39e-02 +0.064  1.00 | 6.4e+00 4.7e+00 1.490e+00
#2361   592   1 | 1.21e+00 1.63e-16 -0.241  1.00 | 1.05e+00 2.95e-02 +0.055  1.00 | 1.6e+01 4.3e+00 2.562e+00
#2362  2242   1 | 7.41e-01 8.15e-18 -0.830  1.00 | 9.49e-01 3.61e-02 -0.009  1.00 | 1.7e+01 4.4e+00 1.452e+00
#2363   192   1 | 4.46e-01 1.31e-10 -0.485  1.00 | 1.00e+00 2.77e-02 +0.026  1.00 | 9.9e+00 4.3e+00 1.202e+00
#2364  1028   1 | 1.02e+00 3.61e-13 +0.654  1.00 | 1.13e+00 3.32e-02 +0.111  0.99 | 1.3e+01 4.7e+00 2.311e+00
#2365  1408   1 | 1.17e+00 9.08e-19 +0.528  1.00 | 1.17e+00 2.87e-02 +0.135  0.99 | 1.9e+01 4.3e+00 2.726e+00
#2366  2826   1 | 5.57e-01 9.43e-09 +0.302  1.00 | 1.03e+00 4.91e-02 -0.025  1.00 | 5.3e+00 4.0e+00 1.373e+00
#2367   301   1 | 8.26e-01 4.48e-12 +0.237  1.00 | 9.54e-01 3.45e-02 -0.062  1.01 | 1.1e+01 4.6e+00 1.596e+00
#2368  2832   1 | 1.04e+00 1.11e-05 -0.038  1.00 | 1.02e+00 1.33e-01 +0.102  0.99 | 2.7e+00 4.6e+00 2.101e+00
#2369  4612   1 | 1.08e+00 6.65e-08 +0.009  1.00 | 9.97e-01 1.19e-01 +0.133  0.98 | 5.1e+00 4.1e+00 2.150e+00
#2370   787   1 | 9.65e-01 2.53e-14 -0.113  1.00 | 1.03e+00 3.01e-02 +0.116  0.99 | 1.3e+01 4.3e+00 1.990e+00
#2371  1997   1 | 1.30e+00 0.00e+00   +nan  1.00 | 9.64e-01 3.74e-02 +0.012  1.00 | 2.5e+01 4.4e+00 2.608e+00
#2372  2519   1 | 4.50e-01 7.63e-11 -0.474  1.00 | 1.00e+00 4.49e-02 -0.020  1.00 | 8.4e+00 4.5e+00 1.209e+00
#2373  2870   1 | 7.81e-01 1.15e-07 -0.032  1.00 | 9.59e-01 5.72e-02 +0.162  0.98 | 4.3e+00 4.6e+00 1.515e+00
#2374  4146   1 | 7.31e-01 6.18e-05 +0.072  1.00 | 9.46e-01 1.56e-01 +0.251  0.94 | 2.8e+00 4.3e+00 1.379e+00
#2375  1446   1 | 1.11e+00 1.45e-22 +0.597  1.00 | 1.06e+00 3.20e-02 -0.007  1.00 | 2.3e+01 4.4e+00 2.349e+00
#2376  4719   1 | 1.15e+00 2.03e-06 -0.843  1.00 | 9.88e-01 1.52e-01 +0.307  0.93 | 4.3e+00 4.3e+00 2.226e+00
#2377   963   1 | 1.08e+00 0.00e+00   +nan  1.00 | 9.93e-01 3.38e-02 -0.057  1.01 | 2.7e+01 4.9e+00 2.159e+00
#2378   801   1 | 5.96e-01 8.92e-19 +0.270  1.00 | 1.08e+00 2.96e-02 +0.009  1.00 | 1.8e+01 4.2e+00 1.530e+00
#2379  2825   1 | 7.16e-01 4.61e-08 +0.072  1.00 | 1.09e+00 5.02e-02 +0.110  0.99 | 4.4e+00 4.6e+00 1.686e+00
#2380  3002   1 | 8.34e-01 1.68e-04 +0.302  1.00 | 9.54e-01 1.93e-01 +0.263  0.93 | 1.9e+00 4.9e+00 1.546e+00
#2381  2635   1 | 9.97e-01 1.48e-10 +0.046  1.00 | 1.07e+00 4.01e-02 +0.114  0.99 | 8.7e+00 5.0e+00 2.140e+00
#2382  4798   1 | 1.32e+00 1.76e-08 -0.102  1.00 | 1.09e+00 1.27e-01 +0.367  0.93 | 4.7e+00 4.4e+00 2.843e+00
#2383  4639   1 | 9.70e-01 8.16e-08 +0.020  1.00 | 1.06e+00 1.52e-01 +0.336  0.92 | 5.3e+00 4.5e+00 1.988e+00
#2384  1987   1 | 1.29e+00 1.90e-21 +0.552  1.00 | 9.27e-01 3.44e-02 -0.074  1.01 | 2.1e+01 4.1e+00 2.541e+00
#2385  2323   1 | 4.71e-01 4.81e-13 -0.169  1.00 | 9.87e-01 3.61e-02 +0.172  0.99 | 1.1e+01 4.3e+00 1.186e+00
#2386  3598   1 | 1.29e+00 4.81e-06 +0.551  1.00 | 1.04e+00 2.43e-01 +0.076  1.02 | 3.9e+00 5.0e+00 2.763e+00
#2387  3852   1 | 1.17e+00 3.08e-06 +0.518  1.00 | 1.05e+00 1.77e-01 +0.223  0.95 | 4.7e+00 4.6e+00 2.418e+00
#2388  2321   1 | 8.28e-01 4.74e-16 +0.396  1.00 | 9.42e-01 7.40e-02 +0.175  0.98 | 1.5e+01 5.6e+00 1.554e+00
#2389  4823   1 | 9.47e-01 4.17e-06 -0.390  1.00 | 9.60e-01 2.25e-01 +0.247  0.94 | 4.2e+00 5.0e+00 1.762e+00
#2390  1968   1 | 1.66e+00 5.29e-23 +0.627  1.00 | 9.65e-01 3.41e-02 +0.100  0.99 | 2.1e+01 4.4e+00 3.665e+00
#2391   317   1 | 7.38e-01 1.55e-15 +0.839  1.00 | 9.49e-01 3.85e-02 -0.042  1.01 | 1.4e+01 4.7e+00 1.450e+00
#2392  3837   1 | 1.32e+00 1.96e-07 +0.804  1.00 | 1.02e+00 1.99e-01 +0.146  0.98 | 5.9e+00 4.4e+00 2.764e+00
#2393  3547   1 | 1.02e+00 3.62e-07 +0.058  1.00 | 9.45e-01 1.56e-01 -0.012  1.03 | 5.0e+00 4.6e+00 1.957e+00
#2394  1886   1 | 6.26e-01 0.00e+00   +nan  1.00 | 1.03e+00 4.32e-02 +0.110  0.99 | 2.7e+01 4.3e+00 1.442e+00
#2395  4775   1 | 5.38e-01 2.30e-06 -0.318  1.00 | 1.04e+00 2.35e-01 +0.221  0.95 | 4.6e+00 5.1e+00 1.323e+00
#2396  2539   1 | 1.06e+00 2.64e-09 +0.117  1.00 | 1.03e+00 7.60e-02 +0.058  1.00 | 5.9e+00 4.1e+00 2.186e+00
#2397  1403   1 | 1.14e+00 1.89e-20 +0.448  1.00 | 9.75e-01 4.25e-02 -0.050  1.01 | 1.9e+01 4.2e+00 2.261e+00
#2398  3003   1 | 1.10e+00 4.27e-05 +0.266  1.00 | 1.08e+00 3.06e-01 +0.148  1.00 | 2.5e+00 5.6e+00 2.370e+00
#2399  3579   1 | 1.23e+00 6.41e-08 -0.417  1.00 | 1.10e+00 2.13e-01 +0.287  0.93 | 5.8e+00 5.2e+00 2.636e+00
#2400  1147   1 | 1.02e+00 0.00e+00   +nan  1.00 | 1.13e+00 5.99e-02 +0.179  0.98 | 2.3e+01 4.5e+00 2.298e+00
#2401  1653   1 | 4.95e-01 0.00e+00   +nan  1.00 | 1.12e+00 5.37e-02 +0.092  0.99 | 2.6e+01 4.8e+00 1.485e+00
#2402   516   1 | 1.23e+00 3.67e-21 -0.005  1.00 | 9.89e-01 4.17e-02 -0.211  1.02 | 1.9e+01 4.0e+00 2.519e+00
#2403  4228   1 | 1.09e+00 6.81e-06 -0.225  1.00 | 1.02e+00 1.96e-01 +0.306  0.92 | 4.6e+00 4.5e+00 2.150e+00
#2404  4880   1 | 9.54e-01 2.21e-06 +0.554  1.00 | 1.06e+00 1.88e-01 +0.303  0.92 | 4.8e+00 5.1e+00 1.944e+00
#2405  4379   1 | 1.13e+00 9.42e-07 +0.422  1.00 | 1.01e+00 1.87e-01 +0.234  0.95 | 5.3e+00 4.4e+00 2.240e+00
#2406  4634   1 | 6.58e-01 1.56e-07 +0.402  1.00 | 1.07e+00 1.32e-01 +0.223  0.96 | 6.0e+00 4.4e+00 1.531e+00
#2407   449   1 | 1.31e+00 1.54e-15 -0.033  1.00 | 1.01e+00 6.43e-02 +0.111  0.99 | 1.3e+01 4.6e+00 2.735e+00
#2408   641   1 | 1.12e+00 8.71e-22 -0.015  1.00 | 1.13e+00 6.46e-02 -0.042  1.01 | 2.0e+01 4.5e+00 2.554e+00
#2409  2188   1 | 1.02e+00 7.41e-19 +0.239  1.00 | 9.92e-01 7.67e-02 +0.001  1.01 | 1.7e+01 4.7e+00 2.036e+00
#2410  1057   1 | 1.13e+00 6.90e-22 -0.032  1.00 | 1.05e+00 4.73e-02 -0.010  1.00 | 2.0e+01 4.3e+00 2.394e+00
#2411   436   1 | 5.45e-01 2.75e-18 +0.380  1.00 | 1.03e+00 6.84e-02 +0.140  0.99 | 1.7e+01 4.7e+00 1.341e+00
#2412  4702   1 | 1.09e+00 8.68e-07 +0.097  1.00 | 9.68e-01 1.93e-01 +0.134  0.99 | 5.0e+00 4.2e+00 2.111e+00
#2413  3929   1 | 1.17e+00 3.10e-07 +0.448  1.00 | 1.17e+00 1.84e-01 +0.173  0.97 | 5.7e+00 4.6e+00 2.690e+00
#2414  1767   1 | 9.71e-01 0.00e+00   +nan  1.00 | 1.02e+00 5.56e-02 +0.134  0.99 | 3.6e+01 4.2e+00 1.967e+00
#2415  1588   1 | 8.54e-01 2.05e-22 -0.350  1.00 | 9.10e-01 5.48e-02 -0.129  1.02 | 2.2e+01 4.5e+00 1.573e+00
#2416  3403   1 | 5.80e-01 2.21e-07 -0.013  1.00 | 9.77e-01 1.93e-01 +0.088  1.00 | 5.2e+00 4.4e+00 1.296e+00
#2417  3042   1 | 9.10e-01 1.48e-05 -0.280  1.00 | 9.18e-01 2.14e-01 +0.225  0.95 | 4.4e+00 4.7e+00 1.627e+00
#2418  4490   1 | 5.09e-01 7.05e-07 +0.742  1.00 | 9.97e-01 1.56e-01 +0.118  0.99 | 5.0e+00 3.8e+00 1.241e+00
#2419  2063   1 | 9.19e-01 9.64e-21 -0.167  1.00 | 9.51e-01 4.03e-02 -0.028  1.00 | 2.0e+01 3.8e+00 1.752e+00
#2420  1244   1 | 1.29e+00 5.01e-18 -0.221  1.00 | 1.08e+00 4.71e-02 -0.005  1.00 | 1.7e+01 4.2e+00 2.837e+00
#2421  3969   1 | 1.42e+00 1.23e-06 +0.288  1.00 | 1.01e+00 2.22e-01 +0.247  0.94 | 5.1e+00 4.7e+00 2.964e+00
#2422  1058   1 | 1.04e+00 9.89e-19 +0.244  1.00 | 8.36e-01 4.61e-02 -0.088  1.01 | 1.9e+01 4.3e+00 1.792e+00
#2423  2228   1 | 1.32e+00 8.98e-18 +0.081  1.00 | 1.12e+00 6.15e-02 -0.073  1.01 | 1.8e+01 5.6e+00 3.007e+00
#2424  4410   1 | 1.04e+00 1.57e-07 +0.273  1.00 | 1.08e+00 1.59e-01 +0.303  0.93 | 5.5e+00 4.4e+00 2.169e+00
#2425  1976   1 | 7.03e-01 6.31e-21 -0.294  1.00 | 1.00e+00 3.99e-02 +0.207  0.99 | 2.1e+01 4.3e+00 1.483e+00
#2426  1017   1 | 1.38e+00 8.43e-16 +0.510  1.00 | 1.03e+00 3.54e-02 +0.054  1.00 | 1.7e+01 4.6e+00 2.953e+00
#2427  3780   1 | 1.14e+00 8.28e-07 +0.215  1.00 | 9.43e-01 1.94e-01 +0.005  1.04 | 6.1e+00 4.4e+00 2.223e+00
#2428  4645   1 | 1.22e+00 2.07e-07 -0.348  1.00 | 9.11e-01 1.91e-01 +0.266  0.93 | 6.2e+00 4.6e+00 2.252e+00
#2429  4942   1 | 1.36e+00 1.79e-07 +0.212  1.00 | 1.00e+00 1.87e-01 +0.253  0.94 | 5.2e+00 4.7e+00 2.798e+00
#2430  3054   1 | 1.06e+00 3.45e-06 +0.446  1.00 | 1.04e+00 1.29e-01 +0.088  0.99 | 4.4e+00 3.8e+00 2.205e+00
#2431  1683   1 | 1.11e+00 0.00e+00   +nan  1.00 | 9.80e-01 3.11e-02 +0.019  1.00 | 3.1e+01 4.3e+00 2.196e+00
#2432  4699   1 | 8.10e-01 4.37e-07 +0.183  1.00 | 1.01e+00 2.08e-01 +0.150  0.98 | 5.2e+00 4.7e+00 1.662e+00
#2433  4515   1 | 9.75e-01 5.64e-08 -0.338  1.00 | 1.04e+00 1.16e-01 +0.286  0.95 | 5.5e+00 4.2e+00 1.983e+00
#2434  1308   1 | 9.98e-01 2.35e-19 +0.485  1.00 | 8.61e-01 3.21e-02 +0.141  0.99 | 2.2e+01 4.3e+00 1.731e+00
#2435  3624   1 | 1.11e+00 4.20e-07 +0.179  1.00 | 9.37e-01 2.08e-01 +0.018  1.04 | 5.6e+00 4.5e+00 2.144e+00
#2436  4365   1 | 1.19e+00 1.23e-06 -0.545  1.00 | 9.58e-01 2.03e-01 +0.105  1.00 | 5.0e+00 4.5e+00 2.326e+00
#2437  1340   1 | 9.57e-01 1.71e-20 +0.034  1.00 | 1.07e+00 3.02e-02 -0.059  1.00 | 2.3e+01 4.4e+00 2.076e+00
#2438  1577   1 | 5.79e-01 3.60e-21 -0.614  1.00 | 1.05e+00 2.71e-02 -0.061  1.00 | 2.3e+01 4.3e+00 1.447e+00
#2439  1479   1 | 8.89e-01 5.71e-21 -0.333  1.00 | 9.15e-01 2.30e-02 +0.004  1.00 | 2.3e+01 3.8e+00 1.628e+00
#2440  4960   1 | 1.14e+00 5.84e-07 -0.882  1.00 | 9.82e-01 1.74e-01 +0.203  0.96 | 5.6e+00 4.3e+00 2.219e+00
#2441   898   1 | 1.07e+00 3.35e-15 +0.508  1.00 | 9.70e-01 3.14e-02 +0.146  0.99 | 1.7e+01 4.0e+00 2.081e+00
#2442  4758   1 | 1.30e+00 2.24e-07 -0.443  1.00 | 1.08e+00 2.05e-01 +0.242  0.94 | 5.8e+00 4.8e+00 2.805e+00
#2443  1666   1 | 1.34e+00 5.29e-23 +0.091  1.00 | 1.00e+00 3.67e-02 +0.024  1.00 | 2.5e+01 4.6e+00 2.813e+00
#2444  4948   1 | 1.34e+00 1.64e-07 +0.241  1.00 | 1.12e+00 1.55e-01 +0.415  0.90 | 6.3e+00 4.0e+00 2.942e+00
#2445  3485   1 | 1.09e+00 1.08e-07 -0.403  1.00 | 9.70e-01 1.71e-01 +0.143  0.98 | 5.9e+00 4.3e+00 2.106e+00
#2446  4026   1 | 8.83e-01 9.80e-07 +0.308  1.00 | 9.10e-01 2.61e-01 +0.123  1.01 | 5.5e+00 4.9e+00 1.617e+00
#2447  3612   1 | 1.07e+00 5.50e-08 +0.114  1.00 | 9.97e-01 1.70e-01 +0.076  1.00 | 6.0e+00 4.3e+00 2.135e+00
#2448   383   1 | 9.60e-01 2.63e-13 +0.290  1.00 | 9.60e-01 4.28e-02 -0.110  1.01 | 1.3e+01 4.4e+00 1.855e+00
#2449  3324   1 | 1.10e+00 3.88e-07 -0.200  1.00 | 9.37e-01 1.45e-01 -0.007  1.03 | 6.0e+00 4.4e+00 2.117e+00
#2450   818   1 | 5.53e-01 6.20e-12 +0.185  1.00 | 1.04e+00 3.11e-02 +0.152  0.99 | 1.3e+01 4.0e+00 1.383e+00
#2451   490   1 | 7.28e-01 1.34e-11 +0.399  1.00 | 9.46e-01 3.63e-02 +0.171  0.99 | 1.1e+01 4.7e+00 1.415e+00
#2452  4553   1 | 9.71e-01 1.48e-08 -0.477  1.00 | 1.06e+00 1.83e-01 +0.185  0.97 | 6.9e+00 4.2e+00 2.036e+00
#2453   955   1 | 1.14e+00 9.03e-17 +0.374  1.00 | 9.75e-01 4.55e-02 -0.152  1.02 | 1.7e+01 4.5e+00 2.273e+00
#2454  4129   1 | 7.24e-01 4.58e-07 +0.077  1.00 | 1.09e+00 1.94e-01 +0.058  1.01 | 6.2e+00 4.5e+00 1.720e+00
#2455  2950   1 | 5.59e-01 5.35e-06 -0.046  1.00 | 1.03e+00 1.94e-01 +0.097  1.00 | 4.5e+00 4.8e+00 1.370e+00
#2456   749   1 | 1.13e+00 2.06e-15 +0.055  1.00 | 1.05e+00 2.80e-02 -0.027  1.00 | 1.7e+01 3.8e+00 2.394e+00
#2457  2578   1 | 1.22e+00 4.52e-08 -0.418  1.00 | 1.10e+00 7.51e-02 +0.225  0.97 | 5.6e+00 4.4e+00 2.686e+00
#2458  4544   1 | 1.01e+00 1.43e-08 +0.019  1.00 | 1.07e+00 1.53e-01 +0.400  0.91 | 7.2e+00 4.3e+00 2.065e+00
#2459  1196   1 | 4.94e-01 2.86e-16 -0.808  1.00 | 1.12e+00 3.74e-02 +0.180  0.99 | 1.6e+01 4.5e+00 1.479e+00
#2460  1369   1 | 7.38e-01 7.33e-21 -0.137  1.00 | 9.49e-01 5.11e-02 -0.061  1.01 | 2.1e+01 4.8e+00 1.455e+00
#2461  2584   1 | 1.20e+00 3.88e-14 -0.624  1.00 | 9.11e-01 4.60e-02 +0.168  0.99 | 1.3e+01 4.5e+00 2.256e+00
#2462  2392   1 | 1.40e+00 5.09e-13 -0.288  1.00 | 1.01e+00 7.14e-02 +0.059  1.00 | 1.0e+01 4.3e+00 2.992e+00
#2463  1727   1 | 8.25e-01 0.00e+00   +nan  1.00 | 9.42e-01 5.92e-02 +0.054  1.00 | 2.8e+01 5.2e+00 1.566e+00
#2464   342   1 | 9.07e-01 2.08e-16 -0.642  1.00 | 9.18e-01 7.27e-02 +0.016  1.00 | 1.4e+01 4.4e+00 1.668e+00
#2465   590   1 | 4.46e-01 1.49e-17 +0.308  1.00 | 1.00e+00 5.19e-02 +0.031  1.00 | 1.6e+01 4.2e+00 1.202e+00
#2466   749   1 | 1.10e+00 1.19e-17 -0.474  1.00 | 1.08e+00 6.19e-02 +0.156  0.99 | 1.6e+01 4.7e+00 2.355e+00
#2467   885   1 | 1.29e+00 9.77e-20 +0.467  1.00 | 9.64e-01 4.94e-02 +0.041  1.00 | 1.8e+01 4.1e+00 2.605e+00
#2468  1635   1 | 5.13e-01 5.29e-23 +0.748  1.00 | 9.97e-01 6.87e-02 +0.171  0.98 | 2.0e+01 4.2e+00 1.238e+00
#2469  4542   1 | 9.68e-01 1.71e-08 +0.634  1.00 | 1.06e+00 1.71e-01 +0.322  0.92 | 6.7e+00 4.8e+00 1.970e+00
#2470  2696   1 | 9.64e-01 8.69e-09 -0.432  1.00 | 1.07e+00 1.33e-01 -0.036  1.02 | 5.3e+00 4.2e+00 2.113e+00
#2471  4587   1 | 1.17e+00 7.15e-10 +0.405  1.00 | 1.17e+00 1.88e-01 +0.284  0.93 | 8.8e+00 4.7e+00 2.656e+00
#2472   566   1 | 1.12e+00 1.26e-13 -0.223  1.00 | 1.13e+00 1.40e-01 -0.115  1.04 | 1.1e+01 4.7e+00 2.600e+00
#2473  2980   1 | 1.07e+00 1.07e-07 -0.378  1.00 | 9.93e-01 1.83e-01 +0.060  1.01 | 5.3e+00 4.8e+00 2.151e+00
#2474  2177   1 | 9.63e-01 1.13e-19 -0.015  1.00 | 1.03e+00 8.37e-02 +0.101  0.99 | 1.6e+01 4.0e+00 1.982e+00
#2475   407   1 | 1.03e+00 1.24e-12 +0.234  1.00 | 9.92e-01 5.33e-02 -0.072  1.01 | 1.1e+01 3.8e+00 2.045e+00
#2476  1710   1 | 1.38e+00 0.00e+00   +nan  1.00 | 1.03e+00 6.79e-02 -0.058  1.01 | 2.3e+01 4.7e+00 2.971e+00
#2477  1043   1 | 7.01e-01 2.30e-18 +0.278  1.00 | 1.00e+00 5.02e-02 +0.080  0.99 | 1.7e+01 4.7e+00 1.491e+00
#2478  4263   1 | 1.01e+00 1.34e-07 -0.069  1.00 | 9.45e-01 1.87e-01 +0.112  0.99 | 6.2e+00 4.7e+00 1.917e+00
#2479  3865   1 | 6.46e-01 1.26e-08 +0.485  1.00 | 1.03e+00 1.39e-01 +0.158  0.98 | 7.6e+00 4.4e+00 1.450e+00
#2480  2539   1 | 1.07e+00 9.35e-10 +0.254  1.00 | 1.04e+00 5.50e-02 +0.013  1.00 | 7.5e+00 5.0e+00 2.234e+00
#2481  1301   1 | 5.69e-01 3.00e-21 -0.337  1.00 | 9.77e-01 2.86e-02 -0.134  1.01 | 2.5e+01 4.2e+00 1.287e+00
#2482  4583   1 | 8.85e-01 2.10e-08 -0.106  1.00 | 9.15e-01 1.87e-01 +0.131  0.99 | 7.5e+00 4.7e+00 1.610e+00
#2483  4068   1 | 1.13e+00 2.36e-08 -0.574  1.00 | 9.88e-01 1.52e-01 +0.132  0.98 | 7.2e+00 4.4e+00 2.241e+00
#2484  2920   1 | 9.82e-01 1.08e-06 +0.339  1.00 | 1.04e+00 1.84e-01 +0.224  0.95 | 4.1e+00 5.1e+00 2.000e+00
#2485  2112   1 | 1.04e+00 4.97e-19 -0.029  1.00 | 1.08e+00 2.29e-02 +0.229  0.99 | 2.3e+01 4.9e+00 2.253e+00
#2486   331   1 | 1.31e+00 3.53e-07 -0.330  1.00 | 1.01e+00 2.60e-02 +0.223  0.99 | 7.2e+00 4.7e+00 2.735e+00
#2487  4034   1 | 1.18e+00 3.66e-07 -0.260  1.00 | 9.58e-01 1.86e-01 +0.084  1.00 | 5.9e+00 4.3e+00 2.324e+00
#2488  1489   1 | 1.11e+00 2.93e-15 +0.596  1.00 | 1.06e+00 2.34e-02 +0.041  1.00 | 2.4e+01 4.5e+00 2.346e+00
#2489  4984   1 | 1.32e+00 7.00e-08 -0.381  1.00 | 1.04e+00 1.91e-01 +0.323  0.92 | 6.7e+00 5.1e+00 2.721e+00
#2490  2932   1 | 1.32e+00 5.07e-07 +0.075  1.00 | 1.02e+00 1.66e-01 -0.027  1.04 | 4.3e+00 4.5e+00 2.814e+00
#2491  2748   1 | 6.58e-01 7.96e-08 -0.834  1.00 | 1.07e+00 5.20e-02 +0.117  0.99 | 6.0e+00 4.6e+00 1.567e+00
#2492   525   1 | 1.21e+00 2.87e-10 -0.240  1.00 | 1.05e+00 1.49e-02 -0.070  1.00 | 1.5e+01 3.8e+00 2.567e+00
#2493   349   1 | 1.30e+00 3.35e-10 +0.537  1.00 | 9.27e-01 1.57e-02 +0.018  1.00 | 1.5e+01 4.4e+00 2.539e+00
#2494  3617   1 | 1.67e+00 4.40e-09 -0.864  1.00 | 9.65e-01 1.60e-01 +0.007  1.03 | 6.3e+00 4.3e+00 3.731e+00
#2495   345   1 | 1.31e+00 5.10e-09 -0.190  1.00 | 1.09e+00 3.66e-02 -0.174  1.01 | 1.2e+01 5.3e+00 2.921e+00
#2496   503   1 | 4.70e-01 9.50e-12 +0.314  1.00 | 9.87e-01 2.46e-02 +0.060  1.00 | 1.9e+01 4.8e+00 1.193e+00
#2497  4552   1 | 9.21e-01 1.05e-08 -0.299  1.00 | 9.51e-01 1.71e-01 +0.146  0.98 | 7.6e+00 4.6e+00 1.733e+00
#2498  2178   1 | 1.15e+00 6.00e-12 +0.698  1.00 | 9.43e-01 1.58e-02 +0.111  1.00 | 1.8e+01 4.0e+00 2.198e+00
#2499   981   1 | 1.23e+00 7.36e-14 -0.056  1.00 | 9.89e-01 2.25e-02 +0.030  1.00 | 2.6e+01 5.2e+00 2.497e+00
#2500  1005   1 | 5.96e-01 9.06e-14 -0.277  1.00 | 1.08e+00 1.54e-02 +0.142  1.00 | 2.5e+01 4.3e+00 1.526e+00
#2501  3890   1 | 1.00e+00 7.49e-10 +0.093  1.00 | 8.61e-01 1.28e-01 +0.107  0.99 | 8.4e+00 4.2e+00 1.740e+00
#2502  2982   1 | 1.08e+00 4.17e-06 -0.175  1.00 | 9.68e-01 1.33e-01 +0.040  1.01 | 4.2e+00 3.8e+00 2.106e+00
#2503  3472   1 | 1.08e+00 6.11e-08 -0.394  1.00 | 9.82e-01 1.35e-01 +0.132  0.98 | 5.8e+00 4.1e+00 2.108e+00
#2504   694   1 | 1.11e+00 3.72e-09 -0.018  1.00 | 9.80e-01 1.53e-02 +0.102  1.00 | 1.5e+01 4.1e+00 2.198e+00
#2505  3667   1 | 1.02e+00 2.37e-07 +0.899  1.00 | 1.02e+00 1.31e-01 +0.250  0.95 | 7.1e+00 4.3e+00 2.036e+00
#2506  3033   1 | 1.03e+00 6.72e-07 -0.047  1.00 | 1.13e+00 1.42e-01 +0.022  1.01 | 4.9e+00 4.9e+00 2.350e+00
#2507  1848   1 | 1.04e+00 5.22e-14 +0.115  1.00 | 8.36e-01 1.07e-02 -0.110  1.00 | 2.2e+01 4.5e+00 1.787e+00
#2508   477   1 | 7.71e-01 1.58e-09 +0.028  1.00 | 9.59e-01 2.35e-02 +0.141  0.99 | 1.3e+01 4.7e+00 1.508e+00
#2509  2165   1 | 1.10e+00 1.28e-12 -0.021  1.00 | 1.02e+00 2.77e-02 +0.153  0.99 | 1.8e+01 4.8e+00 2.247e+00
#2510  1098   1 | 1.12e+00 1.28e-16 -0.631  1.00 | 1.01e+00 2.06e-02 -0.202  1.01 | 2.7e+01 4.7e+00 2.281e+00
#2511  4372   1 | 8.25e-01 2.50e-07 +0.492  1.00 | 9.54e-01 9.53e-02 +0.094  0.99 | 6.4e+00 4.0e+00 1.582e+00
#2512   659   1 | 1.07e+00 2.66e-12 -0.086  1.00 | 1.03e+00 2.34e-02 -0.146  1.01 | 2.1e+01 4.4e+00 2.210e+00
#2513   676   1 | 5.78e-01 1.55e-11 +0.142  1.00 | 1.05e+00 1.36e-02 -0.110  1.00 | 1.9e+01 4.3e+00 1.445e+00
#2514   384   1 | 8.21e-01 8.21e-12 -0.228  1.00 | 1.01e+00 1.97e-02 -0.161  1.01 | 1.7e+01 4.9e+00 1.708e+00
#2515  3577   1 | 9.71e-01 7.72e-09 -0.322  1.00 | 1.02e+00 8.71e-02 +0.087  0.99 | 6.2e+00 4.6e+00 1.971e+00
#2516  3123   1 | 5.19e-01 3.62e-08 +0.732  1.00 | 9.97e-01 8.57e-02 +0.125  0.99 | 5.5e+00 4.3e+00 1.249e+00
#2517  3211   1 | 1.19e+00 3.90e-09 -0.611  1.00 | 9.11e-01 1.12e-01 +0.108  0.99 | 6.4e+00 4.4e+00 2.232e+00
#2518   866   1 | 1.65e+00 3.55e-12 -0.446  1.00 | 9.65e-01 2.00e-02 -0.015  1.00 | 2.0e+01 4.4e+00 3.667e+00
#2519   871   1 | 8.21e-01 2.58e-12 +0.229  1.00 | 1.01e+00 1.52e-02 +0.046  1.00 | 2.2e+01 3.9e+00 1.700e+00
#2520  2716   1 | 9.96e-01 8.28e-09 -0.063  1.00 | 1.07e+00 2.36e-02 +0.053  1.00 | 9.4e+00 4.7e+00 2.145e+00
#2521  4398   1 | 1.30e+00 6.06e-08 -0.486  1.00 | 9.64e-01 1.41e-01 +0.204  0.96 | 6.4e+00 4.4e+00 2.589e+00
#2522   255   1 | 1.08e+00 5.99e-11 -0.389  1.00 | 9.97e-01 1.75e-02 -0.044  1.00 | 1.7e+01 4.2e+00 2.158e+00
#2523  3410   1 | 1.09e+00 1.39e-10 -0.433  1.00 | 9.80e-01 3.17e-02 +0.320  0.98 | 8.5e+00 4.8e+00 2.135e+00
#2524  3392   1 | 1.18e+00 5.51e-10 +0.511  1.00 | 9.58e-01 6.20e-02 -0.187  1.03 | 6.6e+00 3.9e+00 2.332e+00
#2525  2082   1 | 1.04e+00 5.16e-15 +0.035  1.00 | 1.08e+00 1.79e-02 -0.045  1.00 | 2.2e+01 4.3e+00 2.267e+00
#2526  2552   1 | 9.62e-01 2.14e-11 -0.112  1.00 | 1.03e+00 2.27e-02 +0.147  0.99 | 1.4e+01 4.6e+00 1.983e+00
#2527  3100   1 | 1.13e+00 6.86e-08 +0.152  1.00 | 1.01e+00 1.08e-01 +0.072  1.00 | 6.1e+00 4.3e+00 2.278e+00
#2528  2349   1 | 1.23e+00 2.33e-11 +0.050  1.00 | 9.89e-01 1.30e-02 -0.036  1.00 | 1.4e+01 4.6e+00 2.486e+00
#2529  4021   1 | 1.40e+00 7.96e-08 -0.486  1.00 | 1.03e+00 5.96e-02 +0.126  0.99 | 5.9e+00 4.6e+00 2.996e+00
#2530  4768   1 | 1.36e+00 2.01e-09 +0.218  1.00 | 1.00e+00 1.40e-01 +0.315  0.93 | 7.9e+00 4.2e+00 2.781e+00
#2531  1494   1 | 1.09e+00 1.08e-17 -0.817  1.00 | 9.37e-01 1.43e-02 -0.107  1.00 | 2.8e+01 4.2e+00 2.066e+00
#2532  1920   1 | 5.70e-01 9.77e-20 -0.337  1.00 | 9.77e-01 1.64e-02 +0.146  1.00 | 2.9e+01 4.5e+00 1.276e+00
#2533  2519   1 | 8.30e-01 2.05e-12 -0.486  1.00 | 9.54e-01 1.58e-02 +0.105  1.00 | 1.3e+01 4.4e+00 1.596e+00
#2534  3609   1 | 1.29e+00 2.37e-09 -0.350  1.00 | 9.27e-01 1.42e-01 +0.008  1.02 | 7.6e+00 4.6e+00 2.536e+00
#2535  2594   1 | 1.20e+00 2.14e-13 -0.242  1.00 | 1.05e+00 1.87e-02 +0.132  1.00 | 1.7e+01 5.4e+00 2.537e+00
#2536   788   1 | 5.53e-01 1.51e-12 -0.293  1.00 | 1.04e+00 1.51e-02 -0.032  1.00 | 1.6e+01 4.5e+00 1.393e+00
#2537  4839   1 | 8.73e-01 3.00e-08 -0.455  1.00 | 9.15e-01 1.61e-01 +0.095  1.00 | 7.4e+00 4.9e+00 1.597e+00
#2538  2147   1 | 9.63e-01 1.13e-17 +0.057  1.00 | 1.06e+00 1.81e-02 +0.255  0.99 | 2.1e+01 4.3e+00 2.049e+00
#2539  3548   1 | 7.96e-01 5.74e-12 +0.049  1.00 | 9.59e-01 6.61e-02 +0.113  0.99 | 9.2e+00 5.5e+00 1.542e+00
#2540  1097   1 | 7.05e-01 0.00e+00   +nan  1.00 | 1.09e+00 2.05e-02 +0.233  0.99 | 2.9e+01 4.6e+00 1.670e+00
#2541  3573   1 | 1.05e+00 2.89e-10 +0.523  1.00 | 1.04e+00 8.83e-02 -0.035  1.01 | 8.1e+00 4.4e+00 2.191e+00
#2542  4918   1 | 1.40e+00 3.24e-09 +0.289  1.00 | 1.01e+00 1.14e-01 +0.362  0.93 | 7.9e+00 4.0e+00 2.898e+00
#2543  2688   1 | 1.02e+00 6.64e-13 -0.355  1.00 | 1.13e+00 2.48e-02 +0.132  0.99 | 1.3e+01 3.9e+00 2.323e+00
#2544   673   1 | 1.07e+00 3.11e-20 +0.510  1.00 | 9.70e-01 2.30e-02 +0.059  1.00 | 2.3e+01 4.7e+00 2.086e+00
#2545   897   1 | 1.08e+00 1.64e-20 +0.329  1.00 | 9.93e-01 3.07e-02 -0.004  1.00 | 2.3e+01 4.5e+00 2.155e+00
#2546  4412   1 | 6.58e-01 2.27e-12 -0.698  1.00 | 1.07e+00 9.84e-02 +0.089  0.99 | 9.7e+00 4.6e+00 1.568e+00
#2547  1955   1 | 9.71e-01 1.03e-20 +0.323  1.00 | 1.02e+00 2.12e-02 -0.077  1.00 | 2.2e+01 4.2e+00 1.982e+00
#2548   292   1 | 1.13e+00 3.74e-17 -0.007  1.00 | 1.05e+00 2.29e-02 +0.229  0.99 | 1.8e+01 4.6e+00 2.382e+00
#2549   661   1 | 9.23e-01 2.40e-22 +0.382  1.00 | 9.51e-01 2.52e-02 -0.012  1.00 | 2.4e+01 4.2e+00 1.757e+00
#2550   380   1 | 1.32e+00 2.37e-22 -0.175  1.00 | 1.02e+00 3.21e-02 -0.025  1.00 | 2.3e+01 4.4e+00 2.779e+00
#2551  4170   1 | 1.03e+00 1.03e-08 +0.195  1.00 | 1.02e+00 2.00e-01 +0.250  0.94 | 6.9e+00 5.4e+00 2.043e+00
#2552  3969   1 | 7.53e-01 8.93e-11 -0.119  1.00 | 9.49e-01 1.00e-01 +0.205  0.97 | 8.1e+00 4.5e+00 1.439e+00
#2553  2626   1 | 1.00e+00 9.12e-19 -0.056  1.00 | 9.45e-01 2.93e-02 -0.017  1.00 | 1.7e+01 4.2e+00 1.903e+00
#2554   257   1 | 7.28e-01 7.54e-19 -0.565  1.00 | 9.46e-01 2.10e-02 -0.003  1.00 | 1.9e+01 4.3e+00 1.426e+00
#2555  3429   1 | 1.27e+00 1.40e-12 -0.456  1.00 | 1.08e+00 6.74e-02 +0.158  0.98 | 1.0e+01 4.3e+00 2.763e+00
#2556  4886   1 | 1.32e+00 9.15e-09 -0.153  1.00 | 1.09e+00 1.67e-01 +0.370  0.91 | 8.0e+00 4.8e+00 2.823e+00
#2557  4062   1 | 1.07e+00 1.32e-08 -0.404  1.00 | 9.82e-01 1.48e-01 -0.005  1.02 | 6.8e+00 4.3e+00 2.126e+00
#2558  3751   1 | 1.09e+00 3.04e-10 -0.238  1.00 | 1.13e+00 1.62e-01 +0.249  0.95 | 8.4e+00 4.4e+00 2.397e+00
#2559    92   1 | 1.08e+00 1.41e-14 -0.123  1.00 | 9.68e-01 3.58e-02 -0.150  1.01 | 1.3e+01 3.9e+00 2.124e+00
#2560   741   1 | 1.31e+00 0.00e+00   +nan  1.00 | 1.04e+00 3.86e-02 -0.102  1.01 | 3.0e+01 4.6e+00 2.795e+00
#2561  3260   1 | 1.17e+00 6.30e-18 -0.274  1.00 | 1.17e+00 9.55e-02 +0.215  0.97 | 1.6e+01 5.1e+00 2.689e+00
#2562  4477   1 | 1.05e+00 6.21e-17 -0.254  1.00 | 8.36e-01 9.28e-02 +0.384  0.93 | 1.4e+01 4.4e+00 1.741e+00
#2563  1374   1 | 1.15e+00 0.00e+00   +nan  1.00 | 9.43e-01 3.77e-02 +0.041  1.00 | 3.3e+01 4.6e+00 2.201e+00
#2564  1869   1 | 1.14e+00 0.00e+00   +nan  1.00 | 9.88e-01 4.48e-02 -0.037  1.01 | 3.4e+01 4.2e+00 2.281e+00
#2565  1917   1 | 1.02e+00 0.00e+00   +nan  1.00 | 9.92e-01 5.04e-02 +0.087  0.99 | 2.8e+01 4.1e+00 2.025e+00
#2566  1164   1 | 9.57e-01 0.00e+00   +nan  1.00 | 1.07e+00 6.88e-02 -0.125  1.02 | 3.0e+01 5.0e+00 2.094e+00
#2567  3206   1 | 4.75e-01 1.09e-16 -0.647  1.00 | 9.87e-01 1.04e-01 +0.151  0.98 | 1.5e+01 3.9e+00 1.180e+00
#2568  4236   1 | 1.29e+00 5.38e-12 -0.017  1.00 | 1.01e+00 1.64e-01 +0.258  0.94 | 1.0e+01 4.6e+00 2.620e+00
#2569  3099   1 | 9.79e-01 1.60e-14 -0.076  1.00 | 1.06e+00 1.12e-01 +0.083  0.99 | 1.2e+01 4.5e+00 2.071e+00
#2570   947   1 | 1.07e+00 0.00e+00   +nan  1.00 | 1.03e+00 4.55e-02 +0.028  1.00 | 2.8e+01 4.1e+00 2.201e+00
#2571  2376   1 | 1.32e+00 0.00e+00   +nan  1.00 | 1.12e+00 4.49e-02 -0.085  1.01 | 2.4e+01 4.7e+00 3.001e+00
#2572  4015   1 | 9.09e-01 2.48e-14 -0.624  1.00 | 9.18e-01 1.49e-01 +0.192  0.96 | 1.2e+01 4.4e+00 1.638e+00
#2573  4360   1 | 9.97e-01 4.04e-14 +0.292  1.00 | 8.61e-01 1.29e-01 +0.151  0.98 | 1.2e+01 4.4e+00 1.719e+00
#2574   963   1 | 8.53e-01 0.00e+00   +nan  1.00 | 9.10e-01 3.08e-02 -0.119  1.01 | 3.2e+01 4.7e+00 1.563e+00
#2575  1062   1 | 1.10e+00 0.00e+00   +nan  1.00 | 1.08e+00 4.21e-02 +0.111  0.99 | 2.9e+01 5.1e+00 2.363e+00
#2576  1737   1 | 9.61e-01 0.00e+00   +nan  1.00 | 9.60e-01 5.51e-02 -0.193  1.03 | 4.0e+01 5.5e+00 1.869e+00
#2577  2350   1 | 5.81e-01 4.43e-17 -0.009  1.00 | 1.05e+00 2.81e-02 +0.146  0.99 | 1.8e+01 4.0e+00 1.437e+00
#2578  1158   1 | 1.14e+00 2.73e-18 -0.330  1.00 | 9.75e-01 3.28e-02 +0.015  1.00 | 2.4e+01 4.3e+00 2.257e+00
#2579  2963   1 | 7.08e-01 5.47e-14 +0.168  1.00 | 1.00e+00 4.97e-02 +0.168  0.99 | 1.3e+01 5.0e+00 1.491e+00
#2580    31   1 | 5.45e-01 1.76e-11 +0.693  1.00 | 1.03e+00 3.52e-02 +0.018  1.00 | 1.3e+01 4.7e+00 1.356e+00
#2581  4007   1 | 4.96e-01 3.27e-10 -0.776  1.00 | 1.12e+00 2.21e-01 +0.331  0.91 | 9.0e+00 5.0e+00 1.380e+00
#2582  2384   1 | 1.11e+00 3.85e-13 +0.591  1.00 | 1.06e+00 2.89e-02 -0.004  1.00 | 1.7e+01 4.7e+00 2.353e+00
#2583    45   1 | 4.46e-01 3.50e-12 -0.491  1.00 | 1.00e+00 2.06e-02 +0.003  1.00 | 1.9e+01 4.3e+00 1.203e+00
#2584   489   1 | 5.96e-01 3.79e-12 -0.278  1.00 | 1.08e+00 2.12e-02 -0.016  1.00 | 1.9e+01 4.4e+00 1.531e+00
#2585  3688   1 | 6.48e-01 4.87e-11 -0.473  1.00 | 1.03e+00 1.93e-01 +0.024  1.03 | 9.5e+00 4.7e+00 1.506e+00
#2586  4417   1 | 9.82e-01 1.98e-11 -0.336  1.00 | 1.04e+00 1.51e-01 +0.253  0.95 | 9.6e+00 4.2e+00 1.994e+00
#2587  3813   1 | 1.08e+00 1.48e-11 +0.414  1.00 | 1.02e+00 1.40e-01 +0.260  0.95 | 9.4e+00 4.4e+00 2.151e+00
#2588  2332   1 | 8.28e-01 7.33e-12 +0.386  1.00 | 9.42e-01 2.12e-02 +0.179  0.99 | 2.0e+01 4.8e+00 1.567e+00
#2589  1776   1 | 1.22e+00 1.21e-16 -0.293  1.00 | 1.10e+00 1.32e-02 +0.193  1.00 | 3.9e+01 4.1e+00 2.710e+00
#2590    36   1 | 8.24e-01 6.46e-12 +0.392  1.00 | 9.42e-01 2.11e-02 -0.029  1.00 | 1.7e+01 5.0e+00 1.568e+00
#2591   346   1 | 8.22e-01 4.34e-10 +0.229  1.00 | 1.01e+00 1.85e-02 -0.089  1.00 | 1.7e+01 4.9e+00 1.705e+00
#2592   683   1 | 1.04e+00 8.81e-13 -0.115  1.00 | 8.36e-01 1.43e-02 -0.111  1.00 | 2.7e+01 4.4e+00 1.786e+00
#2593  4273   1 | 6.07e-01 1.27e-12 +0.363  1.00 | 1.08e+00 1.33e-01 +0.216  0.96 | 1.0e+01 4.7e+00 1.499e+00
#2594  2505   1 | 1.30e+00 1.35e-14 +0.321  1.00 | 1.04e+00 2.00e-02 +0.143  0.99 | 2.2e+01 4.2e+00 2.768e+00
#2595  4066   1 | 9.61e-01 7.92e-12 +0.020  1.00 | 1.06e+00 1.81e-01 +0.224  0.95 | 9.8e+00 4.6e+00 2.001e+00
#2596   244   1 | 1.65e+00 6.74e-12 -0.446  1.00 | 9.65e-01 2.38e-02 +0.017  1.00 | 2.0e+01 4.8e+00 3.667e+00
#2597    53   1 | 1.17e+00 1.82e-10 +0.529  1.00 | 1.17e+00 2.26e-02 +0.174  0.99 | 1.6e+01 4.4e+00 2.728e+00
#2598  3248   1 | 1.10e+00 1.27e-15 -0.509  1.00 | 1.08e+00 1.23e-01 +0.118  0.99 | 1.2e+01 4.5e+00 2.359e+00
#2599  2454   1 | 1.23e+00 2.26e-15 -0.054  1.00 | 9.89e-01 2.95e-02 -0.056  1.00 | 2.0e+01 4.6e+00 2.487e+00
#2600  1366   1 | 1.31e+00 1.98e-14 -0.330  1.00 | 1.01e+00 1.77e-02 +0.237  0.99 | 2.2e+01 4.3e+00 2.734e+00
#2601  1152   1 | 1.20e+00 1.07e-15 +0.240  1.00 | 1.05e+00 2.99e-02 +0.128  0.99 | 2.1e+01 4.7e+00 2.556e+00
#2602    41   1 | 6.23e-01 2.29e-14 -0.619  1.00 | 1.03e+00 3.28e-02 +0.016  1.00 | 1.7e+01 4.7e+00 1.447e+00
#2603  2954   1 | 9.07e-01 5.16e-13 -0.352  1.00 | 9.51e-01 1.17e-01 +0.151  0.98 | 1.1e+01 4.8e+00 1.707e+00
#2604  3339   1 | 7.36e-01 6.17e-17 +0.545  1.00 | 9.46e-01 1.68e-01 +0.211  0.96 | 1.3e+01 4.5e+00 1.398e+00
#2605  1970   1 | 1.29e+00 9.17e-23 +0.603  1.00 | 9.27e-01 4.10e-02 +0.123  0.99 | 2.4e+01 4.0e+00 2.527e+00
#2606  3578   1 | 1.27e+00 4.98e-18 -0.457  1.00 | 1.08e+00 1.33e-01 +0.178  0.97 | 1.6e+01 4.4e+00 2.739e+00
#2607  3373   1 | 1.41e+00 3.50e-17 -0.286  1.00 | 1.01e+00 1.96e-01 +0.118  0.99 | 1.5e+01 4.6e+00 2.999e+00
#2608  2351   1 | 7.41e-01 7.47e-19 +0.119  1.00 | 9.49e-01 1.23e-01 -0.025  1.02 | 1.7e+01 4.8e+00 1.472e+00
#2609  4047   1 | 8.37e-01 1.07e-14 -0.488  1.00 | 9.54e-01 1.59e-01 +0.089  1.00 | 1.3e+01 4.3e+00 1.608e+00
#2610  1927   1 | 5.48e-01 0.00e+00   +nan  1.00 | 1.03e+00 5.99e-02 +0.135  0.99 | 2.4e+01 4.2e+00 1.346e+00
#2611  4269   1 | 9.98e-01 1.26e-15 +0.124  1.00 | 1.07e+00 1.78e-01 +0.235  0.95 | 1.3e+01 4.4e+00 2.093e+00
#2612  1868   1 | 9.99e-01 0.00e+00   +nan  1.00 | 8.61e-01 8.45e-02 +0.063  1.00 | 2.6e+01 4.6e+00 1.737e+00
#2613  1728   1 | 1.11e+00 0.00e+00   +nan  1.00 | 9.80e-01 5.81e-02 -0.075  1.01 | 3.3e+01 4.3e+00 2.208e+00
#2614  1041   1 | 7.01e-01 0.00e+00   +nan  1.00 | 1.00e+00 7.20e-02 +0.081  0.99 | 2.5e+01 4.8e+00 1.490e+00
#2615  1884   1 | 7.07e-01 0.00e+00   +nan  1.00 | 1.09e+00 5.34e-02 +0.150  0.99 | 3.0e+01 4.4e+00 1.669e+00
#2616  3445   1 | 9.71e-01 1.22e-16 +0.322  1.00 | 1.02e+00 2.30e-01 +0.109  1.00 | 1.5e+01 4.8e+00 1.980e+00
#2617  1492   1 | 1.02e+00 0.00e+00 -0.576  1.00 | 1.13e+00 6.36e-02 +0.103  0.99 | 2.5e+01 4.6e+00 2.308e+00
#2618  2586   1 | 9.63e-01 2.88e-21 -0.463  1.00 | 1.07e+00 1.19e-01 +0.055  1.00 | 2.0e+01 6.1e+00 2.083e+00
#2619  4038   1 | 1.29e+00 4.98e-14 -0.113  1.00 | 1.12e+00 1.84e-01 +0.151  0.98 | 1.2e+01 4.5e+00 2.895e+00
#2620  4913   1 | 9.44e-01 5.72e-15 +0.409  1.00 | 9.60e-01 1.98e-01 +0.300  0.92 | 1.2e+01 4.4e+00 1.739e+00
#2621  1833   1 | 1.14e+00 0.00e+00   +nan  1.00 | 9.75e-01 5.15e-02 -0.217  1.03 | 2.9e+01 4.7e+00 2.276e+00
#2622  4937   1 | 1.07e+00 4.26e-14 -0.148  1.00 | 9.37e-01 1.75e-01 +0.194  0.96 | 1.3e+01 4.0e+00 1.995e+00
#2623  1609   1 | 1.22e+00 6.30e-21 -0.293  1.00 | 1.10e+00 4.02e-02 +0.090  0.99 | 2.7e+01 4.3e+00 2.709e+00
#2624  4261   1 | 1.08e+00 5.01e-14 -0.124  1.00 | 9.68e-01 1.65e-01 +0.148  0.98 | 1.2e+01 4.3e+00 2.092e+00
#2625  4883   1 | 1.14e+00 3.17e-13 -0.226  1.00 | 1.13e+00 2.03e-01 +0.321  0.92 | 1.2e+01 4.5e+00 2.486e+00
#2626  2278   1 | 6.58e-01 8.45e-17 +0.481  1.00 | 1.07e+00 2.51e-02 +0.023  1.00 | 2.2e+01 4.1e+00 1.577e+00
#2627  3353   1 | 1.13e+00 7.56e-17 +0.119  1.00 | 9.88e-01 5.86e-02 +0.141  0.99 | 1.5e+01 4.3e+00 2.243e+00
#2628  1254   1 | 1.12e+00 1.04e-13 -0.631  1.00 | 1.01e+00 3.69e-02 +0.052  1.00 | 2.0e+01 4.8e+00 2.269e+00
#2629  4601   1 | 1.11e+00 4.44e-15 +0.387  1.00 | 9.82e-01 1.80e-01 +0.070  1.01 | 1.4e+01 4.1e+00 2.215e+00
#2630  1004   1 | 5.78e-01 5.79e-17 -0.142  1.00 | 1.05e+00 2.65e-02 +0.044  1.00 | 3.0e+01 4.2e+00 1.440e+00
#2631  3920   1 | 1.04e+00 5.74e-10 -0.528  1.00 | 1.04e+00 1.76e-01 +0.163  0.97 | 8.4e+00 4.0e+00 2.129e+00
#2632  1235   1 | 1.32e+00 7.51e-13 +0.376  1.00 | 1.02e+00 2.68e-02 +0.048  1.00 | 2.0e+01 4.4e+00 2.773e+00
#2633  3113   1 | 4.98e-01 1.52e-11 +0.773  1.00 | 1.12e+00 1.27e-01 +0.179  0.97 | 9.5e+00 4.3e+00 1.461e+00
#2634  2685   1 | 1.20e+00 7.19e-12 +0.189  1.00 | 9.11e-01 4.37e-02 +0.123  0.99 | 1.3e+01 4.5e+00 2.257e+00
#2635   825   1 | 5.69e-01 7.17e-13 -0.338  1.00 | 9.77e-01 3.00e-02 +0.029  1.00 | 2.0e+01 4.9e+00 1.278e+00
#2636   682   1 | 9.07e-01 2.24e-15 +0.231  1.00 | 9.18e-01 2.72e-02 -0.135  1.01 | 2.4e+01 4.7e+00 1.672e+00
#2637  2718   1 | 1.11e+00 9.21e-14 -0.615  1.00 | 1.06e+00 3.45e-02 +0.142  0.99 | 1.6e+01 4.1e+00 2.347e+00
#2638   414   1 | 9.69e-01 1.12e-11 +0.570  1.00 | 1.06e+00 2.67e-02 -0.094  1.01 | 1.6e+01 3.8e+00 2.065e+00
#2639  4151   1 | 1.33e+00 1.26e-09 -0.216  1.00 | 1.00e+00 1.94e-01 +0.138  0.98 | 7.5e+00 4.3e+00 2.753e+00
#2640  1774   1 | 4.47e-01 1.42e-21 +0.490  1.00 | 1.00e+00 3.01e-02 +0.134  0.99 | 3.5e+01 4.6e+00 1.196e+00
#2641  4110   1 | 9.62e-01 9.53e-10 -0.010  1.00 | 1.03e+00 1.28e-01 +0.294  0.94 | 7.4e+00 4.0e+00 1.928e+00
#2642   463   1 | 1.15e+00 3.19e-12 +0.676  1.00 | 9.43e-01 3.14e-02 +0.157  0.99 | 1.6e+01 4.0e+00 2.193e+00
#2643   837   1 | 5.53e-01 2.64e-10 +0.285  1.00 | 1.04e+00 3.08e-02 +0.071  1.00 | 1.6e+01 4.2e+00 1.389e+00
#2644  4776   1 | 1.06e+00 9.87e-11 -0.407  1.00 | 9.70e-01 1.62e-01 +0.252  0.94 | 8.7e+00 4.0e+00 2.013e+00
#2645  4169   1 | 1.10e+00 4.70e-11 -0.046  1.00 | 1.05e+00 2.10e-01 +0.379  0.89 | 9.1e+00 4.6e+00 2.201e+00
#2646  1417   1 | 1.18e+00 5.20e-21 +0.370  1.00 | 9.58e-01 4.62e-02 -0.039  1.01 | 2.9e+01 4.6e+00 2.313e+00
#2647  4068   1 | 8.81e-01 7.56e-10 -0.279  1.00 | 9.10e-01 2.59e-01 +0.220  0.96 | 8.6e+00 5.0e+00 1.568e+00
#2648  3533   1 | 1.07e+00 2.33e-10 +0.381  1.00 | 9.93e-01 1.42e-01 +0.204  0.96 | 9.1e+00 3.9e+00 2.089e+00
#2649  1647   1 | 4.70e-01 7.52e-20 +0.312  1.00 | 9.87e-01 3.93e-02 +0.067  1.00 | 2.7e+01 3.9e+00 1.192e+00
#2650  2629   1 | 1.30e+00 3.80e-12 -0.039  1.00 | 1.09e+00 7.16e-02 +0.074  0.99 | 1.2e+01 4.6e+00 2.884e+00
#2651  4818   1 | 1.37e+00 4.39e-09 +0.497  1.00 | 1.03e+00 1.88e-01 +0.291  0.93 | 7.0e+00 4.3e+00 2.848e+00
#2652  3186   1 | 9.86e-01 2.52e-11 +0.334  1.00 | 1.04e+00 1.52e-01 +0.185  0.97 | 8.8e+00 4.5e+00 2.023e+00
#2653  3753   1 | 5.22e-01 3.51e-10 -0.715  1.00 | 9.97e-01 2.24e-01 +0.034  1.04 | 9.1e+00 4.7e+00 1.302e+00
#2654   530   1 | 9.98e-01 2.71e-14 +0.506  1.00 | 9.45e-01 5.15e-02 +0.047  1.00 | 1.5e+01 4.2e+00 1.888e+00
#2655  2829   1 | 1.07e+00 5.38e-09 -0.029  1.00 | 9.97e-01 1.70e-01 -0.066  1.05 | 6.8e+00 4.3e+00 2.196e+00
#2656  1258   1 | 1.07e+00 6.82e-19 +0.092  1.00 | 1.03e+00 4.97e-02 +0.105  0.99 | 2.3e+01 4.2e+00 2.192e+00
#2657   601   1 | 1.04e+00 2.20e-13 -0.318  1.00 | 1.02e+00 5.39e-02 +0.071  1.00 | 1.6e+01 4.5e+00 2.123e+00
#2658  3302   1 | 1.09e+00 1.76e-10 -0.410  1.00 | 1.02e+00 1.86e-01 +0.178  0.97 | 8.5e+00 4.5e+00 2.194e+00
#2659  2488   1 | 7.77e-01 6.43e-16 -0.020  1.00 | 9.59e-01 7.50e-02 +0.242  0.97 | 1.7e+01 4.5e+00 1.494e+00
#2660  3511   1 | 1.01e+00 2.63e-11 -0.271  1.00 | 1.08e+00 2.17e-01 +0.287  0.93 | 8.7e+00 4.7e+00 2.118e+00
#2661  3236   1 | 1.30e+00 1.66e-15 -0.465  1.00 | 9.64e-01 9.29e-02 +0.183  0.97 | 1.3e+01 3.9e+00 2.592e+00
#2662  1385   1 | 1.02e+00 0.00e+00 +0.073  1.00 | 9.92e-01 6.73e-02 +0.030  1.00 | 2.7e+01 4.8e+00 2.033e+00
#2663  3031   1 | 8.98e-01 1.66e-11 -0.502  1.00 | 9.15e-01 1.32e-01 +0.081  1.00 | 8.8e+00 4.3e+00 1.641e+00
#2664  3085   1 | 1.13e+00 2.02e-08 +0.384  1.00 | 9.75e-01 2.02e-01 -0.046  1.06 | 7.1e+00 4.5e+00 2.275e+00
#2665  1935   1 | 1.18e+00 2.52e-20 +0.344  1.00 | 9.58e-01 7.34e-02 +0.091  0.99 | 2.0e+01 4.4e+00 2.299e+00
#2666  2329   1 | 1.12e+00 2.02e-15 +0.100  1.00 | 1.01e+00 6.29e-02 -0.022  1.01 | 1.5e+01 4.5e+00 2.282e+00
#2667   716   1 | 9.23e-01 1.11e-18 -0.213  1.00 | 9.51e-01 6.51e-02 -0.060  1.01 | 2.0e+01 3.9e+00 1.768e+00
#2668  2048   1 | 1.20e+00 1.65e-20 -0.237  1.00 | 1.05e+00 7.22e-02 -0.070  1.01 | 2.1e+01 4.3e+00 2.570e+00
#2669   864   1 | 8.24e-01 5.57e-16 +0.394  1.00 | 9.42e-01 5.64e-02 -0.002  1.00 | 1.9e+01 4.9e+00 1.569e+00
#2670  3494   1 | 1.29e+00 4.89e-11 +0.156  1.00 | 1.09e+00 1.95e-01 +0.053  1.01 | 8.5e+00 4.6e+00 2.880e+00
#2671  4800   1 | 1.08e+00 2.76e-11 +0.107  1.00 | 1.03e+00 1.91e-01 +0.357  0.90 | 8.5e+00 4.7e+00 2.124e+00
#2672  2090   1 | 9.71e-01 0.00e+00   +nan  1.00 | 1.02e+00 4.01e-02 -0.056  1.01 | 2.7e+01 4.2e+00 1.985e+00
#2673    14   1 | 8.89e-01 3.92e-11 +0.127  1.00 | 9.15e-01 7.94e-02 -0.008  1.01 | 1.2e+01 5.0e+00 1.635e+00
#2674  1778   1 | 5.55e-01 0.00e+00   +nan  1.00 | 1.04e+00 5.06e-02 +0.155  0.99 | 3.1e+01 4.8e+00 1.381e+00
#2675   981   1 | 1.10e+00 4.81e-21 -0.245  1.00 | 1.08e+00 4.58e-02 +0.122  0.99 | 2.7e+01 4.2e+00 2.362e+00
#2676  4999   1 | 1.09e+00 1.33e-08 -0.024  1.00 | 1.06e+00 2.01e-01 +0.362  0.90 | 7.9e+00 4.5e+00 2.204e+00
#2677  2826   1 | 9.60e-01 2.05e-11 +0.005  1.00 | 1.06e+00 8.00e-02 +0.102  0.99 | 9.3e+00 4.4e+00 2.043e+00
#2678   857   1 | 6.24e-01 1.65e-13 -0.690  1.00 | 1.03e+00 5.08e-02 +0.034  1.00 | 1.8e+01 4.4e+00 1.446e+00
#2679   410   1 | 1.07e+00 8.78e-15 +0.514  1.00 | 9.70e-01 5.96e-02 +0.058  1.00 | 1.9e+01 4.6e+00 2.085e+00
#2680  2006   1 | 7.40e-01 2.78e-18 -0.802  1.00 | 9.49e-01 5.20e-02 +0.029  1.00 | 2.0e+01 4.5e+00 1.448e+00
#2681  3736   1 | 1.02e+00 9.55e-10 +0.056  1.00 | 9.45e-01 1.59e-01 +0.039  1.02 | 8.3e+00 4.3e+00 1.951e+00
#2682  1754   1 | 9.07e-01 0.00e+00   +nan  1.00 | 9.18e-01 6.65e-02 +0.000  1.01 | 3.6e+01 4.2e+00 1.670e+00
#2683  4456   1 | 1.15e+00 2.72e-10 +0.112  1.00 | 9.88e-01 2.23e-01 +0.289  0.92 | 7.7e+00 4.3e+00 2.212e+00
#2684  1750   1 | 9.70e-01 0.00e+00   +nan  1.00 | 1.06e+00 4.97e-02 +0.041  1.00 | 3.8e+01 4.2e+00 2.059e+00
#2685  2637   1 | 1.22e+00 1.30e-12 +0.062  1.00 | 9.89e-01 4.56e-02 +0.059  1.00 | 1.4e+01 4.5e+00 2.475e+00
#2686  4054   1 | 7.08e-01 5.86e-09 +0.125  1.00 | 1.00e+00 2.32e-01 +0.128  0.99 | 7.5e+00 4.7e+00 1.500e+00
#2687  2333   1 | 1.02e+00 3.19e-15 +0.652  1.00 | 1.13e+00 4.84e-02 +0.073  1.00 | 1.8e+01 4.2e+00 2.319e+00
#2688  3860   1 | 8.43e-01 2.16e-09 -0.489  1.00 | 9.54e-01 1.97e-01 +0.127  0.99 | 7.8e+00 4.3e+00 1.611e+00
#2689  1595   1 | 1.11e+00 9.39e-17 +0.026  1.00 | 1.02e+00 5.81e-02 +0.128  0.99 | 2.2e+01 4.6e+00 2.249e+00
#2690  2656   1 | 1.04e+00 6.07e-14 -0.318  1.00 | 1.02e+00 5.01e-02 +0.149  0.99 | 1.7e+01 4.6e+00 2.102e+00
#2691  4143   1 | 6.58e-01 1.80e-08 -0.671  1.00 | 1.07e+00 2.46e-01 +0.235  0.94 | 7.2e+00 4.9e+00 1.514e+00
#2692    95   1 | 1.30e+00 8.94e-10 -0.578  1.00 | 9.64e-01 6.10e-02 +0.038  1.00 | 9.3e+00 4.7e+00 2.607e+00
#2693  2124   1 | 1.13e+00 7.51e-18 -0.053  1.00 | 1.05e+00 4.18e-02 +0.244  0.98 | 2.0e+01 4.2e+00 2.361e+00
#2694  4108   1 | 1.01e+00 1.33e-08 +0.273  1.00 | 1.08e+00 2.18e-01 +0.310  0.92 | 6.6e+00 4.5e+00 2.094e+00
#2695  3792   1 | 1.40e+00 8.02e-09 -0.486  1.00 | 1.03e+00 1.82e-01 +0.295  0.93 | 7.4e+00 4.1e+00 2.933e+00
#2696   494   1 | 1.32e+00 1.10e-14 -0.375  1.00 | 1.02e+00 5.13e-02 +0.018  1.00 | 1.7e+01 4.8e+00 2.777e+00
#2697    83   1 | 1.08e+00 3.76e-12 +0.145  1.00 | 1.04e+00 4.75e-02 -0.056  1.01 | 1.2e+01 4.5e+00 2.261e+00
#2698   242   1 | 1.29e+00 3.91e-16 -0.452  1.00 | 1.08e+00 6.60e-02 -0.035  1.01 | 1.8e+01 4.4e+00 2.846e+00
#2699  1622   1 | 1.08e+00 0.00e+00   +nan  1.00 | 9.97e-01 4.36e-02 +0.087  0.99 | 2.8e+01 4.1e+00 2.147e+00
#2700  3449   1 | 1.33e+00 9.11e-11 +0.216  1.00 | 1.00e+00 2.03e-01 +0.229  0.95 | 8.5e+00 4.5e+00 2.716e+00
#2701  1149   1 | 5.78e-01 1.21e-17 -0.146  1.00 | 1.05e+00 5.04e-02 +0.013  1.00 | 2.1e+01 4.8e+00 1.443e+00
#2702  3173   1 | 1.29e+00 2.44e-08 -0.349  1.00 | 9.27e-01 1.85e-01 +0.153  0.98 | 6.6e+00 4.5e+00 2.507e+00
#2703  2899   1 | 4.52e-01 8.91e-08 -0.310  1.00 | 1.00e+00 1.91e-01 +0.092  1.00 | 5.5e+00 4.6e+00 1.209e+00
#2704  1623   1 | 5.69e-01 1.18e-22 +0.337  1.00 | 9.77e-01 4.49e-02 +0.086  0.99 | 2.8e+01 4.6e+00 1.274e+00
#2705  4089   1 | 8.80e-01 2.54e-07 +0.384  1.00 | 9.10e-01 2.52e-01 +0.072  1.04 | 6.0e+00 4.9e+00 1.634e+00
#2706  1757   1 | 9.61e-01 0.00e+00   +nan  1.00 | 9.60e-01 5.60e-02 -0.172  1.02 | 3.7e+01 4.9e+00 1.867e+00
#2707  4099   1 | 9.80e-01 1.74e-08 +0.548  1.00 | 1.07e+00 1.83e-01 +0.211  0.96 | 6.9e+00 4.4e+00 2.066e+00
#2708   863   1 | 8.21e-01 5.46e-13 -0.228  1.00 | 1.01e+00 5.83e-02 -0.095  1.01 | 1.8e+01 4.9e+00 1.716e+00
#2709  2241   1 | 1.12e+00 2.26e-16 +0.376  1.00 | 1.13e+00 5.06e-02 +0.032  1.00 | 1.9e+01 4.4e+00 2.529e+00
#2710   852   1 | 5.46e-01 1.33e-12 +0.698  1.00 | 1.03e+00 3.48e-02 +0.025  1.00 | 2.2e+01 4.5e+00 1.356e+00
#2711  3832   1 | 1.14e+00 2.88e-08 +0.570  1.00 | 9.43e-01 1.56e-01 +0.119  0.99 | 7.0e+00 4.0e+00 2.176e+00
#2712  3297   1 | 1.10e+00 6.60e-10 -0.432  1.00 | 9.80e-01 1.38e-01 +0.205  0.96 | 7.8e+00 4.0e+00 2.123e+00
#2713  3885   1 | 1.11e+00 2.41e-08 -0.076  1.00 | 9.37e-01 2.31e-01 +0.110  1.01 | 6.2e+00 4.5e+00 2.120e+00
#2714  4036   1 | 7.33e-01 6.51e-07 -0.549  1.00 | 9.46e-01 2.44e-01 +0.127  1.00 | 5.2e+00 5.3e+00 1.433e+00
#2715    91   1 | 1.03e+00 3.72e-09 -0.066  1.00 | 9.92e-01 2.74e-02 +0.003  1.00 | 1.2e+01 4.4e+00 2.036e+00
#2716  4036   1 | 9.99e-01 3.16e-07 -0.330  1.00 | 1.04e+00 1.98e-01 +0.130  0.99 | 5.1e+00 4.6e+00 2.071e+00
#2717  1994   1 | 7.08e-01 8.18e-13 -0.008  1.00 | 1.09e+00 1.81e-02 -0.035  1.00 | 2.4e+01 4.1e+00 1.686e+00
#2718  1684   1 | 1.11e+00 1.44e-14 -0.365  1.00 | 9.82e-01 1.50e-02 -0.013  1.00 | 3.2e+01 4.1e+00 2.189e+00
#2719  1245   1 | 1.08e+00 5.32e-13 -0.195  1.00 | 9.93e-01 1.90e-02 -0.026  1.00 | 2.0e+01 4.6e+00 2.154e+00
#2720  1845   1 | 5.99e-01 1.02e-12 -0.276  1.00 | 1.08e+00 1.95e-02 +0.094  1.00 | 2.7e+01 4.7e+00 1.530e+00
#2721  3623   1 | 7.98e-01 3.62e-09 +0.048  1.00 | 9.59e-01 1.96e-01 +0.235  0.95 | 6.4e+00 4.5e+00 1.506e+00
#2722    58   1 | 1.00e+00 1.99e-10 +0.013  1.00 | 1.07e+00 1.27e-02 +0.031  1.00 | 1.9e+01 4.7e+00 2.162e+00
#2723  4508   1 | 1.31e+00 1.39e-08 -0.016  1.00 | 1.01e+00 1.78e-01 +0.245  0.94 | 6.9e+00 4.2e+00 2.683e+00
#2724  2723   1 | 1.30e+00 2.84e-09 -0.341  1.00 | 1.04e+00 1.46e-02 -0.016  1.00 | 1.2e+01 4.0e+00 2.770e+00
#2725  2533   1 | 1.00e+00 7.85e-09 -0.413  1.00 | 8.61e-01 1.82e-02 +0.139  0.99 | 9.4e+00 3.8e+00 1.737e+00
#2726  3751   1 | 1.17e+00 4.77e-09 +0.275  1.00 | 1.17e+00 1.60e-01 +0.211  0.96 | 7.8e+00 4.1e+00 2.673e+00
#2727   462   1 | 1.40e+00 2.69e-08 +0.048  1.00 | 1.01e+00 1.26e-02 +0.047  1.00 | 1.7e+01 4.5e+00 2.990e+00
#2728  3907   1 | 1.06e+00 2.37e-07 -0.527  1.00 | 8.36e-01 1.51e-01 +0.288  0.93 | 5.9e+00 3.9e+00 1.775e+00
#2729  4149   1 | 1.17e+00 2.45e-08 -0.608  1.00 | 9.11e-01 1.65e-01 +0.289  0.93 | 6.1e+00 4.2e+00 2.148e+00
#2730  2052   1 | 1.08e+00 1.95e-10 +0.026  1.00 | 9.68e-01 1.67e-02 +0.022  1.00 | 2.0e+01 4.8e+00 2.106e+00
#2731  1961   1 | 1.22e+00 2.08e-10 -0.293  1.00 | 1.10e+00 1.38e-02 +0.245  0.99 | 2.1e+01 4.5e+00 2.708e+00
#2732  1095   1 | 1.65e+00 6.49e-11 +0.446  1.00 | 9.65e-01 1.63e-02 -0.051  1.00 | 2.6e+01 4.7e+00 3.669e+00
#2733   628   1 | 5.12e-01 1.50e-09 +0.365  1.00 | 9.97e-01 1.84e-02 -0.178  1.01 | 2.3e+01 4.8e+00 1.263e+00
#2734  3802   1 | 4.98e-01 6.28e-10 -0.773  1.00 | 1.12e+00 1.58e-01 +0.192  0.97 | 7.9e+00 4.3e+00 1.453e+00
#2735  2812   1 | 9.61e-01 5.76e-11 +0.110  1.00 | 1.03e+00 2.08e-02 -0.036  1.00 | 1.2e+01 4.4e+00 1.990e+00
#2736  4455   1 | 4.68e-01 5.67e-10 +0.657  1.00 | 9.87e-01 2.04e-01 +0.281  0.93 | 7.4e+00 4.5e+00 1.122e+00
#2737  1078   1 | 1.32e+00 7.45e-12 +0.244  1.00 | 1.12e+00 1.28e-02 -0.112  1.00 | 3.0e+01 4.5e+00 3.009e+00
#2738  2067   1 | 1.22e+00 3.03e-12 -0.293  1.00 | 1.10e+00 1.39e-02 +0.367  0.99 | 2.2e+01 4.4e+00 2.704e+00
#2739  1453   1 | 1.29e+00 1.31e-10 -0.406  1.00 | 1.08e+00 1.03e-02 -0.118  1.00 | 2.7e+01 4.4e+00 2.835e+00
#2740  3262   1 | 6.20e-01 1.80e-12 -0.356  1.00 | 1.08e+00 1.39e-01 +0.033  1.01 | 9.6e+00 4.1e+00 1.568e+00
#2741  1934   1 | 1.04e+00 1.87e-11 -0.115  1.00 | 8.36e-01 1.40e-02 +0.099  1.00 | 2.0e+01 4.2e+00 1.783e+00
#2742  4625   1 | 1.29e+00 1.71e-11 +0.236  1.00 | 9.64e-01 1.97e-01 +0.307  0.92 | 1.1e+01 4.6e+00 2.527e+00
#2743  4786   1 | 8.06e-01 3.68e-10 -0.193  1.00 | 1.01e+00 1.49e-01 +0.260  0.95 | 8.7e+00 4.4e+00 1.619e+00
#2744  2179   1 | 1.08e+00 3.58e-11 +0.026  1.00 | 9.68e-01 1.50e-02 +0.205  0.99 | 2.1e+01 4.7e+00 2.100e+00
#2745  3491   1 | 1.29e+00 6.35e-10 -0.350  1.00 | 9.27e-01 1.98e-01 +0.095  1.01 | 8.1e+00 4.5e+00 2.524e+00
#2746  1229   1 | 6.58e-01 1.69e-10 -0.493  1.00 | 1.07e+00 1.52e-02 +0.148  1.00 | 2.2e+01 4.7e+00 1.573e+00
#2747  4028   1 | 9.77e-01 1.39e-09 -0.379  1.00 | 1.02e+00 2.15e-01 +0.095  1.00 | 8.2e+00 4.4e+00 1.996e+00
#2748  4493   1 | 7.72e-01 1.96e-09 +0.049  1.00 | 9.59e-01 1.86e-01 +0.248  0.94 | 7.7e+00 4.3e+00 1.461e+00
#2749  4895   1 | 1.13e+00 4.34e-10 -0.354  1.00 | 9.82e-01 1.91e-01 +0.253  0.94 | 9.0e+00 4.6e+00 2.194e+00
#2750    97   1 | 1.03e+00 7.71e-09 +0.063  1.00 | 9.92e-01 1.58e-02 +0.009  1.00 | 1.3e+01 4.2e+00 2.035e+00
#2751  4335   1 | 9.69e-01 1.38e-09 +0.011  1.00 | 1.03e+00 1.92e-01 +0.294  0.93 | 7.8e+00 4.7e+00 1.924e+00
#2752  2197   1 | 5.80e-01 2.77e-14 +0.142  1.00 | 1.05e+00 1.81e-02 +0.157  0.99 | 2.3e+01 4.5e+00 1.439e+00
#2753  2906   1 | 1.12e+00 1.68e-10 +0.009  1.00 | 1.05e+00 3.32e-02 +0.324  0.98 | 8.7e+00 4.2e+00 2.338e+00
#2754  4067   1 | 1.05e+00 9.46e-10 -0.198  1.00 | 1.03e+00 1.96e-01 +0.204  0.96 | 8.8e+00 4.3e+00 2.116e+00
#2755  3274   1 | 1.11e+00 1.02e-10 -0.308  1.00 | 1.06e+00 1.48e-01 +0.130  0.98 | 8.8e+00 4.6e+00 2.346e+00
#2756  1310   1 | 1.32e+00 3.30e-17 +0.376  1.00 | 1.02e+00 2.51e-02 +0.074  1.00 | 2.7e+01 4.6e+00 2.772e+00
#2757  1884   1 | 8.27e-01 1.73e-21 -0.197  1.00 | 9.54e-01 2.11e-02 +0.056  1.00 | 3.2e+01 4.2e+00 1.592e+00
#2758  2177   1 | 8.91e-01 1.82e-18 -0.012  1.00 | 9.15e-01 2.77e-02 -0.131  1.01 | 2.3e+01 4.6e+00 1.639e+00
#2759  1571   1 | 7.06e-01 5.04e-19 -0.008  1.00 | 1.09e+00 2.82e-02 +0.061  1.00 | 2.6e+01 4.4e+00 1.679e+00
#2760  1706   1 | 4.70e-01 0.00e+00 +0.263  1.00 | 9.87e-01 3.99e-02 +0.111  0.99 | 3.2e+01 5.1e+00 1.189e+00
#2761  1099   1 | 1.23e+00 9.90e-23 +0.056  1.00 | 9.89e-01 3.11e-02 +0.013  1.00 | 3.1e+01 4.5e+00 2.498e+00
#2762  1844   1 | 1.11e+00 3.74e-23 -0.014  1.00 | 9.80e-01 2.96e-02 +0.033  1.00 | 3.0e+01 4.4e+00 2.194e+00
#2763  2823   1 | 1.18e+00 7.09e-11 +0.510  1.00 | 9.58e-01 7.18e-02 -0.087  1.02 | 8.2e+00 4.2e+00 2.324e+00
#2764   794   1 | 4.94e-01 6.35e-19 +0.381  1.00 | 1.12e+00 3.23e-02 -0.015  1.00 | 2.6e+01 4.4e+00 1.495e+00
#2765  1486   1 | 9.22e-01 5.11e-22 +0.311  1.00 | 9.51e-01 2.57e-02 +0.075  1.00 | 3.1e+01 4.0e+00 1.751e+00
#2766    44   1 | 1.04e+00 2.67e-14 +0.318  1.00 | 1.02e+00 3.16e-02 +0.015  1.00 | 1.8e+01 4.4e+00 2.129e+00
#2767   821   1 | 7.28e-01 1.34e-12 -0.293  1.00 | 9.46e-01 3.13e-02 -0.105  1.01 | 1.9e+01 4.8e+00 1.433e+00
#2768   269   1 | 1.05e+00 3.26e-12 +0.036  1.00 | 1.08e+00 3.40e-02 +0.113  0.99 | 1.6e+01 4.4e+00 2.269e+00
#2769  2679   1 | 5.16e-01 6.73e-15 +0.305  1.00 | 9.97e-01 3.55e-02 +0.005  1.00 | 1.7e+01 4.5e+00 1.261e+00
#2770  4317   1 | 9.83e-01 2.96e-10 -0.020  1.00 | 1.06e+00 1.98e-01 +0.243  0.94 | 8.6e+00 4.3e+00 2.022e+00
#2771  1530   1 | 1.08e+00 0.00e+00   +nan  1.00 | 9.97e-01 3.21e-02 -0.008  1.00 | 3.8e+01 4.6e+00 2.154e+00
#2772  4942   1 | 6.93e-01 2.45e-09 -0.054  1.00 | 1.00e+00 1.76e-01 +0.323  0.92 | 7.6e+00 4.2e+00 1.402e+00
#2773  1296   1 | 1.21e+00 1.99e-16 -0.174  1.00 | 9.11e-01 2.90e-02 -0.048  1.00 | 2.4e+01 4.4e+00 2.292e+00
#2774  4099   1 | 1.42e+00 4.58e-09 -0.263  1.00 | 1.01e+00 2.40e-01 +0.054  1.03 | 8.1e+00 4.8e+00 3.059e+00
#2775  1180   1 | 1.12e+00 4.62e-16 +0.403  1.00 | 1.13e+00 3.02e-02 -0.011  1.00 | 2.6e+01 4.6e+00 2.544e+00
#2776    32   1 | 5.45e-01 3.71e-10 +0.655  1.00 | 1.03e+00 3.85e-02 -0.061  1.01 | 1.0e+01 4.4e+00 1.362e+00
#2777  4272   1 | 9.76e-01 4.56e-09 +0.395  1.00 | 9.60e-01 2.14e-01 +0.106  1.00 | 6.9e+00 4.5e+00 1.878e+00
#2778  2605   1 | 1.02e+00 1.66e-15 +0.650  1.00 | 1.13e+00 2.85e-02 +0.016  1.00 | 2.1e+01 4.1e+00 2.328e+00
#2779  3812   1 | 1.29e+00 9.46e-08 -0.156  1.00 | 1.09e+00 2.55e-01 +0.121  1.00 | 6.3e+00 4.9e+00 2.852e+00
#2780  2782   1 | 1.66e+00 2.33e-13 +0.496  1.00 | 9.65e-01 3.37e-02 +0.097  0.99 | 1.6e+01 4.6e+00 3.676e+00
#2781   948   1 | 1.32e+00 3.68e-16 +0.244  1.00 | 1.12e+00 2.74e-02 -0.025  1.00 | 3.0e+01 4.6e+00 3.008e+00
#2782  3215   1 | 1.10e+00 2.55e-12 +0.459  1.00 | 1.08e+00 3.39e-02 +0.309  0.98 | 1.2e+01 4.4e+00 2.353e+00
#2783  3887   1 | 1.10e+00 8.90e-08 +0.377  1.00 | 9.75e-01 2.08e-01 +0.145  0.98 | 6.5e+00 4.8e+00 2.152e+00
#2784   412   1 | 1.31e+00 1.26e-15 +0.321  1.00 | 1.04e+00 2.88e-02 +0.050  1.00 | 2.5e+01 5.1e+00 2.784e+00
#2785  2796   1 | 9.60e-01 6.63e-11 +0.030  1.00 | 1.06e+00 3.91e-02 +0.061  1.00 | 1.0e+01 4.4e+00 2.051e+00
#2786  3794   1 | 7.58e-01 4.33e-09 -0.118  1.00 | 9.49e-01 1.35e-01 +0.200  0.96 | 7.0e+00 4.3e+00 1.442e+00
#2787   317   1 | 9.07e-01 3.36e-13 +0.232  1.00 | 9.18e-01 3.57e-02 -0.051  1.01 | 2.1e+01 5.2e+00 1.669e+00
#2788  2985   1 | 1.00e+00 1.05e-07 +0.251  1.00 | 8.61e-01 5.86e-02 +0.092  0.99 | 5.7e+00 4.4e+00 1.738e+00
#2789   962   1 | 1.12e+00 2.93e-20 -0.631  1.00 | 1.01e+00 2.42e-02 +0.084  1.00 | 3.8e+01 4.3e+00 2.268e+00
#2790  2156   1 | 4.48e-01 2.15e-14 -0.508  1.00 | 1.00e+00 3.32e-02 -0.011  1.00 | 1.8e+01 4.5e+00 1.206e+00
#2791   531   1 | 1.21e+00 9.04e-14 -0.240  1.00 | 1.05e+00 2.71e-02 -0.095  1.01 | 2.3e+01 4.3e+00 2.571e+00
#2792  2396   1 | 8.58e-01 2.51e-15 -0.577  1.00 | 9.10e-01 4.89e-02 +0.161  0.99 | 2.0e+01 5.0e+00 1.552e+00
#2793  4895   1 | 9.39e-01 5.11e-08 -0.350  1.00 | 1.07e+00 1.92e-01 +0.273  0.93 | 7.2e+00 4.5e+00 1.961e+00
#2794  3082   1 | 1.39e+00 7.46e-09 +0.379  1.00 | 1.03e+00 1.88e-01 -0.012  1.04 | 7.6e+00 4.4e+00 3.020e+00
#2795  1994   1 | 1.08e+00 5.24e-20 +0.163  1.00 | 1.04e+00 3.48e-02 +0.023  1.00 | 3.1e+01 4.6e+00 2.244e+00
#2796  3360   1 | 1.17e+00 6.84e-13 +0.400  1.00 | 1.17e+00 3.63e-02 +0.202  0.99 | 1.2e+01 4.2e+00 2.711e+00
#2797  4079   1 | 6.37e-01 8.72e-08 +0.456  1.00 | 1.03e+00 2.26e-01 +0.285  0.92 | 6.9e+00 4.8e+00 1.383e+00
#2798  4536   1 | 1.31e+00 2.63e-09 -0.018  1.00 | 1.01e+00 1.51e-01 +0.349  0.92 | 7.9e+00 4.4e+00 2.662e+00
#2799  2422   1 | 1.09e+00 4.55e-15 +0.816  1.00 | 9.37e-01 3.20e-02 -0.106  1.01 | 1.8e+01 4.2e+00 2.078e+00
#2800  2154   1 | 5.71e-01 3.27e-13 -0.336  1.00 | 9.77e-01 2.86e-02 -0.089  1.01 | 2.0e+01 4.1e+00 1.287e+00
#2801  4979   1 | 1.06e+00 2.39e-07 +0.428  1.00 | 9.70e-01 2.24e-01 +0.476  0.83 | 6.1e+00 4.9e+00 1.904e+00
#2802  3243   1 | 1.33e+00 3.83e-15 -0.249  1.00 | 1.00e+00 3.93e-02 +0.190  0.99 | 1.5e+01 4.3e+00 2.765e+00
#2803  3511   1 | 8.48e-01 7.46e-11 +0.097  1.00 | 9.42e-01 1.18e-01 +0.235  0.96 | 8.1e+00 4.8e+00 1.567e+00
#2804  2508   1 | 1.10e+00 9.30e-14 -0.057  1.00 | 1.02e+00 4.46e-02 +0.205  0.98 | 1.6e+01 4.8e+00 2.234e+00
#2805  3983   1 | 9.85e-01 1.39e-09 +0.195  1.00 | 1.07e+00 1.94e-01 +0.152  0.98 | 7.0e+00 4.4e+00 2.099e+00
#2806  2441   1 | 1.08e+00 4.11e-15 -0.196  1.00 | 9.93e-01 4.01e-02 -0.100  1.01 | 2.1e+01 4.3e+00 2.156e+00
#2807  4476   1 | 1.15e+00 1.17e-09 -0.112  1.00 | 9.88e-01 2.06e-01 +0.359  0.89 | 7.2e+00 5.1e+00 2.186e+00
#2808  2085   1 | 1.15e+00 4.21e-16 -0.695  1.00 | 9.43e-01 3.44e-02 +0.077  1.00 | 2.4e+01 4.3e+00 2.198e+00
#2809  1428   1 | 5.54e-01 6.65e-20 -0.285  1.00 | 1.04e+00 3.71e-02 -0.003  1.00 | 3.2e+01 4.4e+00 1.395e+00
#2810  4051   1 | 9.99e-01 2.59e-08 -0.330  1.00 | 1.04e+00 2.12e-01 +0.141  0.98 | 6.9e+00 4.3e+00 2.068e+00
#2811  4404   1 | 1.00e+00 4.61e-09 -0.057  1.00 | 9.45e-01 1.93e-01 +0.080  1.01 | 7.4e+00 4.4e+00 1.911e+00
#2812   640   1 | 8.21e-01 5.35e-17 +0.229  1.00 | 1.01e+00 4.44e-02 -0.033  1.00 | 2.7e+01 4.4e+00 1.706e+00
#2813  1114   1 | 6.24e-01 2.20e-17 -0.690  1.00 | 1.03e+00 3.92e-02 +0.014  1.00 | 2.8e+01 4.5e+00 1.448e+00
#2814  4087   1 | 1.07e+00 3.29e-07 -0.122  1.00 | 9.97e-01 2.18e-01 +0.164  0.98 | 6.2e+00 4.2e+00 2.120e+00
#2815  1027   1 | 8.53e-01 1.50e-11 -0.579  1.00 | 9.10e-01 4.23e-02 +0.045  1.00 | 1.7e+01 4.8e+00 1.553e+00
#2816  2156   1 | 9.63e-01 5.95e-14 -0.112  1.00 | 1.03e+00 5.57e-02 -0.043  1.01 | 1.7e+01 4.6e+00 2.000e+00
#2817  4055   1 | 5.16e-01 8.74e-09 -0.733  1.00 | 9.97e-01 2.13e-01 -0.024  1.06 | 6.9e+00 4.1e+00 1.316e+00
#2818   635   1 | 9.23e-01 1.98e-13 +0.311  1.00 | 9.51e-01 4.42e-02 +0.049  1.00 | 2.0e+01 4.1e+00 1.754e+00
#2819  1303   1 | 5.79e-01 2.23e-20 +0.142  1.00 | 1.05e+00 4.78e-02 -0.082  1.01 | 3.2e+01 4.7e+00 1.453e+00
#2820  4832   1 | 8.04e-01 8.61e-08 -0.433  1.00 | 9.42e-01 2.16e-01 +0.341  0.90 | 6.9e+00 4.6e+00 1.442e+00
#2821  2662   1 | 9.64e-01 5.34e-12 +0.145  1.00 | 1.07e+00 6.55e-02 +0.058  1.00 | 1.4e+01 4.8e+00 2.080e+00
#2822  1158   1 | 8.89e-01 6.59e-15 -0.015  1.00 | 9.15e-01 3.41e-02 -0.067  1.01 | 2.3e+01 4.4e+00 1.632e+00
#2823  1632   1 | 1.04e+00 1.81e-18 -0.318  1.00 | 1.02e+00 3.42e-02 +0.290  0.98 | 3.4e+01 4.7e+00 2.105e+00
#2824  1907   1 | 1.13e+00 4.30e-18 -0.053  1.00 | 1.05e+00 3.77e-02 +0.303  0.98 | 2.7e+01 4.6e+00 2.361e+00
#2825  2161   1 | 1.18e+00 8.09e-15 -0.368  1.00 | 9.58e-01 4.40e-02 -0.047  1.01 | 2.0e+01 4.6e+00 2.312e+00
#2826  1116   1 | 1.38e+00 1.70e-17 -0.539  1.00 | 1.03e+00 3.73e-02 -0.127  1.01 | 2.9e+01 4.7e+00 2.967e+00
#2827  1052   1 | 9.98e-01 2.51e-16 -0.512  1.00 | 9.45e-01 5.18e-02 -0.088  1.01 | 2.9e+01 4.7e+00 1.901e+00
#2828  4340   1 | 1.03e+00 7.46e-09 -0.263  1.00 | 1.08e+00 1.96e-01 +0.333  0.91 | 7.8e+00 4.4e+00 2.130e+00
#2829  1488   1 | 5.69e-01 7.17e-17 -0.337  1.00 | 9.77e-01 3.03e-02 -0.121  1.01 | 3.2e+01 4.2e+00 1.287e+00
#2830  4246   1 | 4.94e-01 8.48e-09 +0.779  1.00 | 1.12e+00 2.13e-01 +0.291  0.93 | 7.8e+00 4.7e+00 1.399e+00
#2831  3492   1 | 7.55e-01 3.96e-11 -0.119  1.00 | 9.49e-01 1.02e-01 +0.158  0.98 | 8.7e+00 4.7e+00 1.452e+00
#2832  4838   1 | 1.09e+00 1.09e-08 -0.034  1.00 | 9.68e-01 2.48e-01 +0.139  0.99 | 7.6e+00 4.6e+00 2.117e+00
#2833  1560   1 | 1.11e+00 5.20e-14 +0.365  1.00 | 9.82e-01 2.25e-02 +0.012  1.00 | 2.8e+01 4.1e+00 2.190e+00
#2834  1930   1 | 1.34e+00 8.77e-15 +0.250  1.00 | 1.00e+00 2.15e-02 +0.033  1.00 | 2.7e+01 4.1e+00 2.810e+00
#2835  1554   1 | 9.99e-01 7.95e-15 +0.524  1.00 | 8.61e-01 2.92e-02 +0.041  1.00 | 3.1e+01 5.2e+00 1.737e+00
#2836  3451   1 | 1.18e+00 1.03e-11 -0.041  1.00 | 1.05e+00 1.27e-01 +0.163  0.98 | 9.0e+00 4.2e+00 2.470e+00
#2837   924   1 | 1.07e+00 7.94e-12 +0.086  1.00 | 1.03e+00 2.59e-02 +0.086  1.00 | 2.5e+01 4.8e+00 2.198e+00
#2838  3046   1 | 1.13e+00 9.25e-09 +0.366  1.00 | 9.75e-01 1.37e-01 +0.069  1.00 | 6.7e+00 4.6e+00 2.218e+00
#2839  1144   1 | 5.53e-01 2.02e-13 -0.285  1.00 | 1.04e+00 2.42e-02 +0.057  1.00 | 2.2e+01 4.3e+00 1.390e+00
#2840  3536   1 | 6.59e-01 1.55e-10 +0.697  1.00 | 1.07e+00 2.12e-01 +0.178  0.97 | 9.0e+00 4.6e+00 1.542e+00
#2841   486   1 | 5.45e-01 1.46e-10 +0.700  1.00 | 1.03e+00 3.78e-02 +0.101  0.99 | 1.5e+01 4.7e+00 1.350e+00
#2842  3100   1 | 1.10e+00 4.87e-10 -0.144  1.00 | 9.37e-01 1.05e-01 +0.077  1.00 | 8.3e+00 4.4e+00 2.082e+00
#2843  1258   1 | 9.64e-01 3.38e-17 -0.058  1.00 | 1.06e+00 3.41e-02 +0.233  0.99 | 2.5e+01 5.3e+00 2.045e+00
#2844  2655   1 | 1.07e+00 4.44e-15 +0.205  1.00 | 1.04e+00 5.07e-02 +0.067  1.00 | 1.7e+01 4.4e+00 2.224e+00
#2845  1621   1 | 7.06e-01 1.12e-21 -0.008  1.00 | 1.09e+00 3.13e-02 +0.030  1.00 | 3.0e+01 4.3e+00 1.681e+00
#2846   702   1 | 1.08e+00 1.85e-18 -0.175  1.00 | 9.93e-01 4.36e-02 +0.034  1.00 | 2.3e+01 4.6e+00 2.153e+00
#2847  1049   1 | 1.12e+00 2.80e-22 -0.408  1.00 | 1.13e+00 3.44e-02 +0.037  1.00 | 2.7e+01 4.5e+00 2.541e+00
#2848  2885   1 | 1.08e+00 3.40e-12 -0.436  1.00 | 9.70e-01 1.65e-01 +0.123  0.99 | 8.8e+00 4.9e+00 2.093e+00
#2849  1633   1 | 9.70e-01 0.00e+00   +nan  1.00 | 1.06e+00 6.06e-02 -0.038  1.01 | 3.0e+01 4.7e+00 2.069e+00
#2850  1088   1 | 1.23e+00 5.29e-23 +0.102  1.00 | 9.89e-01 4.87e-02 -0.017  1.00 | 2.6e+01 5.1e+00 2.502e+00
#2851  3085   1 | 7.85e-01 2.73e-09 -0.034  1.00 | 9.59e-01 2.41e-01 +0.067  1.03 | 8.3e+00 4.8e+00 1.562e+00
#2852  1744   1 | 1.29e+00 0.00e+00   +nan  1.00 | 9.64e-01 3.34e-02 +0.004  1.00 | 3.8e+01 4.3e+00 2.607e+00
#2853  4725   1 | 1.01e+00 8.75e-11 +0.051  1.00 | 1.13e+00 1.60e-01 +0.211  0.96 | 9.4e+00 3.8e+00 2.246e+00
#2854  3695   1 | 1.09e+00 7.09e-12 +0.435  1.00 | 9.80e-01 1.68e-01 +0.068  1.01 | 1.0e+01 4.3e+00 2.145e+00
#2855  2608   1 | 1.10e+00 9.74e-16 -0.381  1.00 | 1.02e+00 4.74e-02 +0.073  1.00 | 1.4e+01 4.3e+00 2.243e+00
#2856  2366   1 | 7.30e-01 6.14e-17 +0.181  1.00 | 9.46e-01 4.18e-02 +0.009  1.00 | 1.7e+01 4.5e+00 1.429e+00
#2857  3272   1 | 1.29e+00 2.14e-13 -0.349  1.00 | 9.27e-01 1.36e-01 +0.077  1.00 | 1.1e+01 4.1e+00 2.523e+00
#2858  2542   1 | 4.50e-01 1.54e-16 +0.118  1.00 | 1.00e+00 4.09e-02 +0.086  0.99 | 1.6e+01 4.6e+00 1.200e+00
#2859  1692   1 | 1.02e+00 0.00e+00   +nan  1.00 | 9.92e-01 4.78e-02 -0.054  1.01 | 3.4e+01 5.0e+00 2.039e+00
#2860  1209   1 | 1.22e+00 8.28e-21 -0.285  1.00 | 1.10e+00 2.77e-02 +0.183  0.99 | 2.6e+01 4.4e+00 2.704e+00
#2861  4461   1 | 6.98e-01 6.99e-12 +0.128  1.00 | 1.00e+00 1.37e-01 +0.327  0.93 | 1.0e+01 3.9e+00 1.421e+00
#2862  3866   1 | 1.29e+00 9.46e-08 -0.578  1.00 | 1.09e+00 2.51e-01 +0.030  1.04 | 6.2e+00 4.9e+00 2.902e+00
#2863  3013   1 | 1.28e+00 8.77e-10 -0.452  1.00 | 1.08e+00 9.61e-02 -0.013  1.01 | 8.1e+00 4.8e+00 2.814e+00
#2864  1454   1 | 4.70e-01 3.25e-19 -0.313  1.00 | 9.87e-01 2.04e-02 +0.103  1.00 | 2.8e+01 4.0e+00 1.192e+00
#2865   827   1 | 1.15e+00 1.42e-13 +0.696  1.00 | 9.43e-01 2.40e-02 +0.001  1.00 | 2.0e+01 4.5e+00 2.202e+00
#2866  3258   1 | 1.66e+00 2.94e-14 -0.779  1.00 | 9.65e-01 7.40e-02 +0.279  0.96 | 1.3e+01 4.6e+00 3.659e+00
#2867  3716   1 | 1.17e+00 3.47e-10 +0.617  1.00 | 9.11e-01 2.09e-01 +0.249  0.94 | 8.5e+00 4.8e+00 2.154e+00
#2868  3934   1 | 9.84e-01 7.88e-08 -0.161  1.00 | 9.60e-01 1.63e-01 +0.017  1.02 | 6.1e+00 4.0e+00 1.911e+00
#2869  4521   1 | 1.41e+00 5.22e-10 +0.287  1.00 | 1.01e+00 1.53e-01 +0.240  0.95 | 8.1e+00 4.3e+00 2.947e+00
#2870  2408   1 | 9.08e-01 1.98e-16 +0.520  1.00 | 9.18e-01 5.55e-02 +0.196  0.98 | 1.5e+01 5.3e+00 1.650e+00
#2871  2958   1 | 9.71e-01 1.20e-11 +0.322  1.00 | 1.02e+00 9.08e-02 -0.044  1.02 | 9.5e+00 4.3e+00 1.995e+00
#2872  2603   1 | 1.04e+00 6.16e-15 +0.279  1.00 | 8.36e-01 5.00e-02 -0.014  1.01 | 1.5e+01 4.7e+00 1.795e+00
#2873  2100   1 | 1.14e+00 1.90e-21 +0.391  1.00 | 9.88e-01 4.05e-02 -0.039  1.00 | 2.7e+01 5.0e+00 2.279e+00
#2874   450   1 | 1.12e+00 1.30e-13 -0.630  1.00 | 1.01e+00 2.67e-02 -0.090  1.01 | 1.8e+01 4.0e+00 2.278e+00
#2875  2820   1 | 1.31e+00 2.42e-12 +0.177  1.00 | 1.12e+00 3.65e-02 -0.011  1.00 | 1.2e+01 4.6e+00 2.979e+00
#2876  4833   1 | 1.33e+00 6.63e-08 -0.616  1.00 | 1.01e+00 1.90e-01 +0.409  0.88 | 6.7e+00 4.3e+00 2.674e+00
#2877  3075   1 | 9.93e-01 2.49e-09 -0.125  1.00 | 1.07e+00 1.80e-01 +0.132  0.98 | 8.0e+00 4.6e+00 2.122e+00
#2878  2874   1 | 1.32e+00 3.14e-09 -0.015  1.00 | 1.02e+00 6.51e-02 +0.069  1.00 | 7.3e+00 4.5e+00 2.772e+00
#2879  4309   1 | 8.27e-01 7.59e-10 +0.494  1.00 | 9.54e-01 1.79e-01 +0.283  0.93 | 8.8e+00 4.4e+00 1.528e+00
#2880  2210   1 | 6.01e-01 2.42e-14 -0.275  1.00 | 1.08e+00 2.26e-02 +0.011  1.00 | 2.6e+01 4.7e+00 1.537e+00
#2881  2058   1 | 1.17e+00 1.10e-14 +0.530  1.00 | 1.17e+00 3.06e-02 +0.150  0.99 | 2.8e+01 4.6e+00 2.723e+00
#2882  2305   1 | 1.30e+00 3.57e-13 +0.321  1.00 | 1.04e+00 2.48e-02 +0.108  1.00 | 2.3e+01 4.2e+00 2.771e+00
#2883  2791   1 | 1.11e+00 1.79e-11 -0.606  1.00 | 1.06e+00 3.25e-02 +0.080  1.00 | 1.4e+01 4.7e+00 2.352e+00
#2884   718   1 | 1.10e+00 1.67e-10 -0.248  1.00 | 1.08e+00 3.45e-02 -0.058  1.00 | 2.2e+01 5.1e+00 2.378e+00
#2885   191   1 | 9.75e-01 5.66e-09 +0.007  1.00 | 1.04e+00 3.30e-02 +0.227  0.99 | 1.5e+01 4.3e+00 2.023e+00
#2886  4906   1 | 5.62e-01 1.58e-08 -0.088  1.00 | 9.77e-01 1.96e-01 +0.244  0.94 | 7.5e+00 4.7e+00 1.216e+00
#2887   278   1 | 8.22e-01 3.29e-08 -0.229  1.00 | 1.01e+00 3.17e-02 -0.016  1.00 | 1.3e+01 4.6e+00 1.703e+00
#2888  1710   1 | 1.07e+00 5.72e-15 -0.518  1.00 | 9.70e-01 3.47e-02 -0.088  1.01 | 3.0e+01 5.0e+00 2.098e+00
#2889  2406   1 | 1.04e+00 4.44e-13 -0.040  1.00 | 1.08e+00 3.09e-02 +0.112  0.99 | 1.8e+01 4.2e+00 2.252e+00
#2890  1099   1 | 1.30e+00 2.86e-15 +0.536  1.00 | 9.27e-01 2.69e-02 +0.110  0.99 | 3.2e+01 4.2e+00 2.532e+00
#2891  3570   1 | 1.09e+00 2.26e-11 -0.237  1.00 | 1.13e+00 1.34e-01 +0.069  1.00 | 8.8e+00 4.1e+00 2.471e+00
#2892  3044   1 | 1.03e+00 6.58e-08 +0.043  1.00 | 1.13e+00 1.65e-01 +0.212  0.96 | 5.9e+00 4.4e+00 2.285e+00
#2893  4701   1 | 1.22e+00 1.33e-08 +0.610  1.00 | 9.11e-01 2.00e-01 +0.318  0.91 | 7.4e+00 4.4e+00 2.244e+00
#2894  3027   1 | 1.30e+00 1.08e-09 +0.096  1.00 | 1.09e+00 4.29e-02 +0.144  0.99 | 8.2e+00 4.6e+00 2.870e+00
#2895  4605   1 | 1.21e+00 1.80e-09 +0.042  1.00 | 1.05e+00 1.87e-01 +0.102  1.00 | 8.4e+00 4.1e+00 2.573e+00
#2896  1136   1 | 4.70e-01 1.36e-13 -0.313  1.00 | 9.87e-01 3.16e-02 +0.110  0.99 | 2.5e+01 4.7e+00 1.190e+00
#2897  2263   1 | 1.14e+00 3.60e-14 -0.335  1.00 | 9.75e-01 2.93e-02 -0.050  1.00 | 2.3e+01 4.4e+00 2.248e+00
#2898   710   1 | 7.38e-01 5.24e-12 -0.833  1.00 | 9.49e-01 4.02e-02 -0.096  1.01 | 2.6e+01 4.6e+00 1.454e+00
#2899    11   1 | 1.14e+00 4.68e-09 -0.392  1.00 | 9.88e-01 5.12e-02 -0.083  1.01 | 1.5e+01 5.3e+00 2.292e+00
#2900  3271   1 | 1.33e+00 4.32e-13 -0.219  1.00 | 1.00e+00 6.11e-02 +0.082  0.99 | 1.1e+01 4.5e+00 2.771e+00
#2901   883   1 | 9.98e-01 1.00e-11 +0.524  1.00 | 8.61e-01 2.64e-02 +0.101  0.99 | 2.5e+01 4.6e+00 1.734e+00
#2902   558   1 | 1.22e+00 6.87e-10 +0.293  1.00 | 1.10e+00 3.08e-02 +0.103  1.00 | 1.8e+01 4.2e+00 2.709e+00
#2903  4863   1 | 9.40e-01 2.86e-09 +0.441  1.00 | 1.07e+00 1.88e-01 +0.225  0.95 | 7.5e+00 4.3e+00 1.982e+00
#2904  4508   1 | 1.31e+00 4.88e-10 -0.017  1.00 | 1.01e+00 1.93e-01 +0.162  0.97 | 7.9e+00 4.3e+00 2.713e+00
#2905  1082   1 | 9.75e-01 4.95e-13 -0.007  1.00 | 1.04e+00 2.24e-02 +0.108  1.00 | 2.8e+01 4.2e+00 2.032e+00
#2906  4063   1 | 8.03e-01 1.20e-07 -0.038  1.00 | 9.59e-01 1.84e-01 +0.196  0.96 | 5.5e+00 4.6e+00 1.528e+00
#2907  2361   1 | 1.32e+00 1.28e-12 -0.245  1.00 | 1.12e+00 2.84e-02 -0.076  1.00 | 2.1e+01 4.3e+00 2.996e+00
#2908  4231   1 | 9.66e-01 5.42e-08 -0.003  1.00 | 1.06e+00 2.58e-01 +0.413  0.86 | 6.5e+00 4.7e+00 1.906e+00
#2909   823   1 | 1.04e+00 2.23e-09 +0.115  1.00 | 8.36e-01 3.09e-02 -0.077  1.01 | 2.0e+01 4.4e+00 1.788e+00
#2910  2920   1 | 1.11e+00 1.00e-11 -0.636  1.00 | 1.06e+00 4.37e-02 +0.061  1.00 | 1.2e+01 4.0e+00 2.355e+00
#2911  3205   1 | 1.32e+00 8.52e-12 -0.049  1.00 | 1.02e+00 6.51e-02 +0.170  0.98 | 9.6e+00 4.2e+00 2.759e+00
#2912  2997   1 | 1.09e+00 5.26e-10 -0.500  1.00 | 9.82e-01 5.64e-02 +0.215  0.98 | 9.2e+00 4.8e+00 2.134e+00
#2913  1571   1 | 1.04e+00 5.54e-14 +0.318  1.00 | 1.02e+00 3.21e-02 +0.173  0.99 | 2.6e+01 4.6e+00 2.114e+00
#2914  1460   1 | 1.29e+00 4.37e-12 +0.465  1.00 | 9.64e-01 3.03e-02 +0.104  0.99 | 2.3e+01 4.5e+00 2.601e+00
#2915  2111   1 | 1.38e+00 4.92e-19 -0.538  1.00 | 1.03e+00 3.27e-02 -0.018  1.00 | 2.9e+01 4.4e+00 2.964e+00
#2916  2908   1 | 8.35e-01 2.64e-08 +0.095  1.00 | 9.42e-01 1.23e-01 +0.081  1.00 | 6.3e+00 4.2e+00 1.580e+00
#2917  1153   1 | 9.23e-01 1.48e-15 +0.311  1.00 | 9.51e-01 4.72e-02 +0.137  0.99 | 2.2e+01 5.0e+00 1.745e+00
#2918  3338   1 | 9.03e-01 1.35e-13 +0.501  1.00 | 9.15e-01 1.16e-01 +0.026  1.01 | 1.2e+01 5.3e+00 1.660e+00
#2919  4148   1 | 9.63e-01 9.99e-08 -0.003  1.00 | 1.03e+00 2.39e-01 +0.223  0.95 | 6.0e+00 4.6e+00 1.940e+00
#2920  3736   1 | 5.76e-01 1.48e-09 -0.126  1.00 | 1.03e+00 2.12e-01 +0.035  1.03 | 8.1e+00 4.6e+00 1.420e+00
#2921  3207   1 | 1.02e+00 1.70e-12 -0.239  1.00 | 9.92e-01 1.08e-01 -0.002  1.01 | 1.0e+01 4.1e+00 2.035e+00
#2922  4084   1 | 1.27e+00 6.31e-08 +0.458  1.00 | 1.08e+00 2.04e-01 +0.133  0.99 | 6.0e+00 4.3e+00 2.753e+00
#2923  1349   1 | 1.08e+00 1.36e-21 -0.196  1.00 | 9.93e-01 4.28e-02 -0.109  1.01 | 3.4e+01 4.3e+00 2.164e+00
#2924  3944   1 | 1.14e+00 4.03e-06 -0.153  1.00 | 1.01e+00 1.72e-01 +0.107  0.99 | 4.6e+00 4.4e+00 2.294e+00
#2925  2574   1 | 1.00e+00 3.09e-16 -0.511  1.00 | 9.45e-01 4.75e-02 +0.026  1.00 | 1.9e+01 4.6e+00 1.901e+00
#2926   648   1 | 7.01e-01 6.01e-15 +0.295  1.00 | 1.00e+00 3.81e-02 +0.000  1.00 | 2.4e+01 4.6e+00 1.497e+00
#2927  3855   1 | 1.11e+00 2.19e-08 -0.147  1.00 | 9.37e-01 1.27e-01 +0.091  0.99 | 5.9e+00 4.0e+00 2.109e+00
#2928  1581   1 | 6.25e-01 4.25e-20 -0.689  1.00 | 1.03e+00 3.25e-02 -0.081  1.01 | 3.8e+01 4.4e+00 1.455e+00
#2929  2467   1 | 1.30e+00 2.98e-15 +0.288  1.00 | 1.04e+00 3.46e-02 +0.091  1.00 | 1.9e+01 4.7e+00 2.769e+00
#2930  4057   1 | 1.07e+00 2.20e-08 +0.026  1.00 | 9.97e-01 1.64e-01 +0.214  0.96 | 6.6e+00 4.1e+00 2.099e+00
#2931  3020   1 | 6.13e-01 2.77e-11 -0.003  1.00 | 1.08e+00 4.64e-02 +0.042  1.00 | 1.2e+01 4.8e+00 1.549e+00
#2932  1115   1 | 9.60e-01 3.09e-14 -0.285  1.00 | 9.60e-01 3.26e-02 -0.142  1.01 | 3.2e+01 4.9e+00 1.853e+00
#2933   844   1 | 4.94e-01 4.74e-10 +0.381  1.00 | 1.12e+00 3.18e-02 -0.024  1.00 | 2.6e+01 4.7e+00 1.495e+00
#2934  2943   1 | 4.52e-01 3.12e-10 -0.358  1.00 | 1.00e+00 4.40e-02 +0.016  1.00 | 1.0e+01 4.7e+00 1.208e+00
#2935  4153   1 | 5.65e-01 4.48e-08 -0.195  1.00 | 1.04e+00 2.02e-01 +0.269  0.93 | 5.7e+00 4.2e+00 1.332e+00
#2936  2495   1 | 1.15e+00 2.82e-11 +0.696  1.00 | 9.43e-01 2.71e-02 +0.147  0.99 | 1.6e+01 4.3e+00 2.193e+00
#2937  3264   1 | 1.18e+00 5.82e-13 -0.563  1.00 | 9.58e-01 4.94e-02 +0.017  1.00 | 1.1e+01 4.6e+00 2.307e+00
#2938    25   1 | 8.53e-01 1.13e-06 -0.579  1.00 | 9.10e-01 2.68e-02 +0.113  0.99 | 1.1e+01 4.7e+00 1.551e+00
#2939  1391   1 | 5.13e-01 1.81e-10 -0.365  1.00 | 9.97e-01 1.68e-02 -0.143  1.01 | 2.8e+01 4.5e+00 1.262e+00
#2940  1205   1 | 1.40e+00 3.18e-10 -0.048  1.00 | 1.01e+00 1.80e-02 +0.138  1.00 | 2.9e+01 4.9e+00 2.986e+00
#2941  1827   1 | 1.10e+00 2.64e-13 +0.248  1.00 | 1.08e+00 1.90e-02 +0.031  1.00 | 4.0e+01 4.8e+00 2.371e+00
#2942  3037   1 | 1.22e+00 2.70e-08 +0.089  1.00 | 9.89e-01 7.06e-02 +0.085  0.99 | 6.2e+00 4.4e+00 2.458e+00
#2943  2415   1 | 1.08e+00 1.66e-11 +0.026  1.00 | 9.68e-01 1.97e-02 +0.039  1.00 | 2.2e+01 4.1e+00 2.103e+00
#2944  1735   1 | 1.00e+00 2.49e-15 +0.013  1.00 | 1.07e+00 2.34e-02 +0.109  1.00 | 4.9e+01 4.8e+00 2.152e+00
#2945  3913   1 | 1.08e+00 1.20e-06 -0.677  1.00 | 9.80e-01 2.10e-01 +0.183  0.97 | 4.9e+00 4.4e+00 2.104e+00
#2946  3018   1 | 1.10e+00 1.59e-10 +0.409  1.00 | 1.02e+00 2.69e-02 +0.112  0.99 | 1.2e+01 4.4e+00 2.232e+00
#2947  3087   1 | 6.59e-01 1.32e-08 -0.697  1.00 | 1.07e+00 2.40e-01 +0.093  1.01 | 6.9e+00 4.8e+00 1.588e+00
#2948  3137   1 | 1.06e+00 8.41e-10 -0.110  1.00 | 1.03e+00 1.88e-01 +0.182  0.97 | 7.2e+00 4.6e+00 2.140e+00
#2949  1376   1 | 5.79e-01 2.77e-14 -0.142  1.00 | 1.05e+00 2.27e-02 +0.046  1.00 | 3.9e+01 4.3e+00 1.441e+00
#2950  2878   1 | 1.17e+00 3.90e-10 +0.353  1.00 | 1.17e+00 4.32e-02 +0.283  0.98 | 9.8e+00 4.7e+00 2.704e+00
#2951  3959   1 | 9.76e-01 7.28e-07 -0.321  1.00 | 1.02e+00 2.63e-01 +0.272  0.93 | 5.3e+00 5.4e+00 1.911e+00
#2952  2715   1 | 7.32e-01 1.75e-11 -0.285  1.00 | 9.46e-01 3.07e-02 +0.066  1.00 | 1.6e+01 4.5e+00 1.427e+00
#2953  1120   1 | 1.08e+00 1.30e-13 +0.162  1.00 | 1.04e+00 2.78e-02 -0.123  1.01 | 2.8e+01 4.6e+00 2.260e+00
#2954  1477   1 | 8.26e-01 6.51e-16 +0.197  1.00 | 9.54e-01 2.82e-02 -0.111  1.01 | 3.3e+01 4.4e+00 1.599e+00
#2955  1264   1 | 9.07e-01 9.96e-15 +0.232  1.00 | 9.18e-01 2.82e-02 -0.055  1.00 | 2.7e+01 4.7e+00 1.669e+00
#2956  4437   1 | 1.13e+00 7.67e-10 +0.019  1.00 | 1.05e+00 1.26e-01 +0.297  0.94 | 7.5e+00 4.7e+00 2.313e+00
#2957  2786   1 | 9.76e-01 1.90e-13 -0.567  1.00 | 1.06e+00 3.82e-02 +0.186  0.99 | 1.6e+01 4.2e+00 2.058e+00
#2958  1787   1 | 7.07e-01 9.73e-22 -0.008  1.00 | 1.09e+00 3.80e-02 +0.036  1.00 | 4.4e+01 5.0e+00 1.681e+00
#2959  4561   1 | 1.65e+00 4.56e-10 -0.784  1.00 | 9.65e-01 1.80e-01 +0.270  0.93 | 8.0e+00 4.8e+00 3.599e+00
#2960  1641   1 | 1.08e+00 2.10e-19 -0.196  1.00 | 9.93e-01 2.93e-02 -0.008  1.00 | 3.7e+01 4.7e+00 2.153e+00
#2961   732   1 | 1.14e+00 8.09e-20 +0.333  1.00 | 9.75e-01 3.02e-02 -0.091  1.01 | 3.8e+01 4.3e+00 2.265e+00
#2962  4672   1 | 1.65e+00 3.59e-08 -0.742  1.00 | 9.65e-01 2.52e-01 +0.279  0.92 | 7.1e+00 5.2e+00 3.576e+00
#2963  4188   1 | 1.08e+00 1.89e-07 -0.124  1.00 | 9.68e-01 1.64e-01 +0.091  1.00 | 5.6e+00 4.5e+00 2.104e+00
#2964   434   1 | 1.05e+00 3.22e-15 -0.039  1.00 | 1.08e+00 3.97e-02 +0.136  0.99 | 2.8e+01 4.8e+00 2.266e+00
#2965  4896   1 | 5.72e-01 1.69e-06 -0.138  1.00 | 1.08e+00 2.26e-01 +0.174  0.97 | 4.8e+00 4.6e+00 1.468e+00
#2966  2487   1 | 1.07e+00 1.64e-16 +0.164  1.00 | 1.04e+00 3.89e-02 +0.098  0.99 | 2.4e+01 4.5e+00 2.227e+00
#2967  4995   1 | 6.84e-01 9.04e-08 +0.175  1.00 | 1.09e+00 1.68e-01 +0.259  0.94 | 6.4e+00 4.2e+00 1.584e+00
#2968   795   1 | 1.30e+00 1.39e-16 +0.536  1.00 | 9.27e-01 3.89e-02 +0.001  1.00 | 3.1e+01 4.4e+00 2.539e+00
#2969  1472   1 | 1.29e+00 3.79e-18 +0.465  1.00 | 9.64e-01 4.06e-02 +0.209  0.98 | 3.4e+01 4.7e+00 2.591e+00
#2970  2551   1 | 1.20e+00 2.09e-17 -0.165  1.00 | 9.11e-01 5.39e-02 +0.224  0.98 | 2.4e+01 4.8e+00 2.250e+00
#2971  3836   1 | 5.21e-01 3.36e-07 +0.727  1.00 | 9.97e-01 1.70e-01 +0.209  0.96 | 5.3e+00 4.5e+00 1.223e+00
#2972   793   1 | 1.12e+00 4.40e-19 -0.631  1.00 | 1.01e+00 3.98e-02 -0.167  1.01 | 3.2e+01 4.7e+00 2.287e+00
#2973  4363   1 | 1.31e+00 2.66e-13 +0.140  1.00 | 1.12e+00 8.95e-02 +0.403  0.94 | 1.2e+01 5.1e+00 2.900e+00
#2974   841   1 | 8.24e-01 8.54e-15 -0.389  1.00 | 9.42e-01 4.10e-02 +0.075  1.00 | 2.5e+01 4.1e+00 1.561e+00
#2975  2210   1 | 1.08e+00 0.00e+00   +nan  1.00 | 9.97e-01 7.01e-02 +0.169  0.98 | 3.6e+01 4.6e+00 2.131e+00
#2976   765   1 | 9.71e-01 8.05e-21 +0.031  1.00 | 1.02e+00 6.48e-02 +0.015  1.00 | 3.0e+01 4.4e+00 1.982e+00
#2977  4056   1 | 4.95e-01 3.45e-15 -0.803  1.00 | 1.12e+00 1.20e-01 +0.417  0.92 | 1.2e+01 4.7e+00 1.396e+00
#2978  3192   1 | 7.50e-01 2.60e-19 -0.147  1.00 | 9.49e-01 1.07e-01 +0.127  0.98 | 1.9e+01 4.4e+00 1.449e+00
#2979  2018   1 | 1.07e+00 0.00e+00   +nan  1.00 | 1.03e+00 6.81e-02 +0.033  1.00 | 3.1e+01 4.3e+00 2.196e+00
#2980  2291   1 | 1.10e+00 0.00e+00   +nan  1.00 | 1.08e+00 1.11e-01 +0.172  0.98 | 3.2e+01 4.6e+00 2.343e+00
#2981  4046   1 | 1.17e+00 2.12e-17 +0.271  1.00 | 1.17e+00 1.15e-01 +0.251  0.96 | 1.5e+01 4.4e+00 2.683e+00
#2982  1128   1 | 1.40e+00 0.00e+00   +nan  1.00 | 1.01e+00 1.01e-01 -0.029  1.02 | 3.2e+01 4.3e+00 3.007e+00
#2983   179   1 | 1.23e+00 0.00e+00   +nan  1.00 | 9.89e-01 1.30e-01 -0.145  1.06 | 2.6e+01 4.7e+00 2.554e+00
#2984  2889   1 | 9.08e-01 1.34e-21 +0.348  1.00 | 9.51e-01 1.23e-01 +0.312  0.94 | 2.0e+01 4.5e+00 1.671e+00
#2985  1438   1 | 1.11e+00 0.00e+00   +nan  1.00 | 9.80e-01 1.29e-01 +0.103  0.99 | 3.9e+01 4.7e+00 2.189e+00
#2986  2235   1 | 7.03e-01 0.00e+00   +nan  1.00 | 1.00e+00 1.08e-01 +0.121  0.99 | 3.1e+01 4.1e+00 1.485e+00
#2987  4915   1 | 5.70e-01 2.28e-13 -0.616  1.00 | 1.05e+00 2.31e-01 +0.429  0.86 | 1.1e+01 5.2e+00 1.278e+00
#2988   125   1 | 1.22e+00 0.00e+00   +nan  1.00 | 1.10e+00 1.54e-01 +0.177  0.97 | 2.2e+01 4.7e+00 2.680e+00
#2989  2874   1 | 1.05e+00 2.37e-22 +0.254  1.00 | 8.36e-01 1.59e-01 +0.104  1.00 | 2.0e+01 4.6e+00 1.793e+00
#2990   676   1 | 1.04e+00 0.00e+00   +nan  1.00 | 1.02e+00 1.61e-01 +0.020  1.02 | 3.2e+01 4.5e+00 2.147e+00
#2991  3157   1 | 1.00e+00 0.00e+00   +nan  1.00 | 8.61e-01 2.90e-01 -0.028  1.13 | 2.3e+01 5.7e+00 1.844e+00
#2992  1377   1 | 7.71e-01 0.00e+00   +nan  1.00 | 9.59e-01 1.99e-01 +0.151  0.98 | 4.2e+01 4.6e+00 1.496e+00
#2993  2402   1 | 9.73e-01 0.00e+00   +nan  1.00 | 1.06e+00 1.37e-01 +0.078  1.00 | 3.0e+01 4.3e+00 2.062e+00
#2994  2484   1 | 1.28e+00 0.00e+00   +nan  1.00 | 1.08e+00 1.67e-01 -0.045  1.04 | 2.8e+01 4.5e+00 2.863e+00
#2995  2803   1 | 1.14e+00 0.00e+00   +nan  1.00 | 9.43e-01 1.58e-01 +0.103  0.99 | 2.5e+01 4.7e+00 2.192e+00
#2996  3420   1 | 1.09e+00 0.00e+00   +nan  1.00 | 9.70e-01 1.31e-01 +0.135  0.98 | 3.1e+01 4.2e+00 2.104e+00
#2997  3203   1 | 1.09e+00 0.00e+00   +nan  1.00 | 1.02e+00 1.60e-01 +0.191  0.96 | 2.5e+01 4.8e+00 2.194e+00
#2998  2998   1 | 5.66e-01 1.30e-22 -0.274  1.00 | 1.04e+00 1.31e-01 +0.102  0.99 | 2.2e+01 4.6e+00 1.396e+00
#2999  3313   1 | 1.10e+00 1.94e-21 +0.236  1.00 | 1.13e+00 1.21e-01 -0.057  1.02 | 2.0e+01 4.7e+00 2.522e+00
#3000  3372   1 | 8.73e-01 0.00e+00   +nan  1.00 | 9.10e-01 9.74e-02 +0.037  1.00 | 2.4e+01 4.6e+00 1.593e+00
#3001   530   1 | 1.00e+00 3.24e-22 +0.014  1.00 | 1.07e+00 7.27e-02 +0.124  0.99 | 2.8e+01 4.7e+00 2.147e+00
#3002  3667   1 | 1.17e+00 3.35e-17 +0.034  1.00 | 1.05e+00 1.23e-01 +0.154  0.98 | 1.6e+01 5.3e+00 2.456e+00
#3003   787   1 | 1.14e+00 3.99e-19 -0.392  1.00 | 9.88e-01 8.97e-02 -0.045  1.02 | 2.8e+01 4.8e+00 2.296e+00
#3004  1202   1 | 9.57e-01 3.32e-21 +0.131  1.00 | 1.07e+00 5.41e-02 +0.096  0.99 | 3.2e+01 4.2e+00 2.063e+00
#3005   403   1 | 8.89e-01 2.15e-17 +0.015  1.00 | 9.15e-01 5.06e-02 -0.019  1.01 | 3.0e+01 4.0e+00 1.631e+00
#3006  1102   1 | 5.69e-01 3.67e-20 -0.338  1.00 | 9.77e-01 4.64e-02 -0.057  1.01 | 3.7e+01 4.5e+00 1.286e+00
#3007   124   1 | 1.31e+00 3.47e-14 +0.330  1.00 | 1.01e+00 5.23e-02 +0.052  1.00 | 2.3e+01 4.1e+00 2.743e+00
#3008  4211   1 | 9.07e-01 5.71e-10 -0.625  1.00 | 9.18e-01 2.20e-01 +0.207  0.96 | 8.2e+00 5.0e+00 1.630e+00
#3009  2721   1 | 9.61e-01 2.29e-18 +0.113  1.00 | 1.03e+00 7.10e-02 +0.117  0.99 | 2.6e+01 5.1e+00 1.976e+00
#3010   833   1 | 1.11e+00 2.66e-14 -0.596  1.00 | 1.06e+00 3.07e-02 -0.057  1.00 | 2.9e+01 3.7e+00 2.352e+00
#3011  1842   1 | 8.23e-01 1.62e-20 -0.228  1.00 | 1.01e+00 4.84e-02 -0.013  1.00 | 4.0e+01 4.5e+00 1.707e+00
#3012  3976   1 | 1.02e+00 4.55e-14 +0.071  1.00 | 9.92e-01 6.44e-02 +0.069  1.00 | 1.5e+01 4.6e+00 2.018e+00
#3013   716   1 | 9.60e-01 4.22e-16 -0.285  1.00 | 9.60e-01 4.98e-02 -0.195  1.02 | 3.4e+01 4.7e+00 1.865e+00
#3014  3255   1 | 8.38e-01 1.03e-17 -0.231  1.00 | 9.54e-01 6.01e-02 -0.096  1.02 | 2.1e+01 4.6e+00 1.626e+00
#3015  2755   1 | 1.32e+00 1.05e-15 -0.376  1.00 | 1.02e+00 4.46e-02 -0.009  1.00 | 2.8e+01 4.6e+00 2.779e+00
#3016  3617   1 | 1.29e+00 5.75e-16 +0.325  1.00 | 1.04e+00 3.55e-02 +0.077  1.00 | 2.6e+01 4.3e+00 2.737e+00
#3017  4578   1 | 1.11e+00 2.30e-13 -0.066  1.00 | 9.82e-01 5.56e-02 +0.403  0.96 | 1.3e+01 4.4e+00 2.160e+00
#3018  2101   1 | 1.30e+00 4.92e-16 +0.188  1.00 | 1.09e+00 3.45e-02 -0.026  1.00 | 3.8e+01 4.7e+00 2.900e+00
#3019   383   1 | 4.46e-01 1.28e-12 +0.491  1.00 | 1.00e+00 2.40e-02 +0.035  1.00 | 3.0e+01 4.6e+00 1.201e+00
#3020  2516   1 | 1.02e+00 4.00e-14 -0.650  1.00 | 1.13e+00 3.62e-02 -0.050  1.00 | 2.7e+01 4.4e+00 2.333e+00
#3021  1285   1 | 1.09e+00 2.80e-14 -0.817  1.00 | 9.37e-01 3.87e-02 -0.210  1.02 | 3.9e+01 4.9e+00 2.079e+00
#3022  4176   1 | 9.95e-01 1.35e-11 -0.000  1.00 | 1.04e+00 3.77e-02 +0.285  0.98 | 1.5e+01 4.6e+00 2.057e+00
#3023  3504   1 | 9.55e-01 9.65e-15 -0.058  1.00 | 1.06e+00 3.73e-02 +0.365  0.98 | 2.3e+01 4.2e+00 2.017e+00
#3024  1271   1 | 7.28e-01 3.03e-13 -0.292  1.00 | 9.46e-01 3.30e-02 -0.032  1.00 | 3.6e+01 4.9e+00 1.429e+00
#3025  1406   1 | 4.70e-01 1.85e-14 -0.313  1.00 | 9.87e-01 2.92e-02 +0.053  1.00 | 3.7e+01 4.6e+00 1.194e+00
#3026  4745   1 | 6.58e-01 6.64e-13 -0.705  1.00 | 1.07e+00 1.03e-01 +0.259  0.96 | 1.0e+01 4.4e+00 1.530e+00
#3027  2485   1 | 6.29e-01 2.06e-17 +0.684  1.00 | 1.03e+00 3.97e-02 -0.015  1.00 | 2.8e+01 4.3e+00 1.457e+00
#3028   857   1 | 1.38e+00 2.88e-13 +0.539  1.00 | 1.03e+00 3.71e-02 +0.100  0.99 | 2.9e+01 4.5e+00 2.950e+00
#3029  4868   1 | 1.18e+00 6.93e-11 -0.478  1.00 | 9.58e-01 8.38e-02 +0.190  0.97 | 9.6e+00 4.8e+00 2.279e+00
#3030  2357   1 | 5.51e-01 4.34e-19 -0.691  1.00 | 1.03e+00 4.06e-02 +0.018  1.00 | 2.8e+01 4.4e+00 1.362e+00
#3031  4362   1 | 1.01e+00 2.44e-17 -0.385  1.00 | 9.45e-01 1.07e-01 +0.090  0.99 | 1.8e+01 5.2e+00 1.902e+00
#3032  1109   1 | 1.35e+00 5.27e-22 +0.249  1.00 | 1.00e+00 6.63e-02 -0.013  1.01 | 3.3e+01 4.6e+00 2.823e+00
#3033  3386   1 | 1.11e+00 1.38e-21 -0.011  1.00 | 1.05e+00 8.98e-02 +0.289  0.96 | 2.1e+01 4.7e+00 2.287e+00
#3034  3837   1 | 1.40e+00 1.03e-18 +0.691  1.00 | 1.03e+00 7.34e-02 +0.288  0.96 | 2.0e+01 4.6e+00 2.973e+00
#3035  3469   1 | 9.56e-01 2.78e-22 -0.018  1.00 | 1.06e+00 7.03e-02 +0.266  0.97 | 2.2e+01 4.4e+00 2.010e+00
#3036  4290   1 | 6.06e-01 1.87e-17 +0.366  1.00 | 1.08e+00 1.08e-01 +0.232  0.96 | 1.6e+01 4.8e+00 1.499e+00
#3037  3516   1 | 1.09e+00 0.00e+00   +nan  1.00 | 9.70e-01 8.55e-02 +0.129  0.98 | 2.2e+01 4.1e+00 2.112e+00
#3038    38   1 | 1.04e+00 0.00e+00   +nan  1.00 | 8.36e-01 1.04e-01 -0.120  1.05 | 2.8e+01 4.6e+00 1.816e+00
#3039  1769   1 | 1.40e+00 0.00e+00   +nan  1.00 | 1.01e+00 1.10e-01 -0.081  1.03 | 4.9e+01 4.7e+00 3.022e+00
#3040  2875   1 | 1.11e+00 8.37e-23 -0.234  1.00 | 1.13e+00 1.54e-01 -0.010  1.02 | 2.1e+01 4.7e+00 2.540e+00
#3041   548   1 | 1.04e+00 0.00e+00   +nan  1.00 | 1.02e+00 1.31e-01 +0.005  1.02 | 3.3e+01 5.1e+00 2.144e+00
#3042  1472   1 | 1.29e+00 0.00e+00   +nan  1.00 | 9.64e-01 8.49e-02 +0.067  1.00 | 3.7e+01 4.4e+00 2.602e+00
#3043   121   1 | 1.13e+00 5.69e-22 +0.019  1.00 | 1.05e+00 8.79e-02 +0.104  0.99 | 2.0e+01 3.7e+00 2.382e+00
#3044  2132   1 | 1.06e+00 0.00e+00   +nan  1.00 | 1.03e+00 1.46e-01 +0.082  1.00 | 3.5e+01 4.7e+00 2.191e+00
#3045  4509   1 | 1.11e+00 9.95e-21 -0.309  1.00 | 1.06e+00 1.41e-01 +0.278  0.94 | 1.8e+01 4.7e+00 2.290e+00
#3046  4225   1 | 7.03e-01 1.46e-16 +0.127  1.00 | 1.00e+00 1.45e-01 +0.167  0.97 | 1.5e+01 4.6e+00 1.471e+00
#3047  3779   1 | 1.08e+00 3.86e-20 +0.436  1.00 | 9.80e-01 1.25e-01 +0.157  0.98 | 1.8e+01 4.8e+00 2.113e+00
#3048  1322   1 | 5.54e-01 0.00e+00   +nan  1.00 | 1.04e+00 1.00e-01 +0.041  1.00 | 3.2e+01 4.7e+00 1.394e+00
#3049  1229   1 | 9.07e-01 0.00e+00   +nan  1.00 | 9.18e-01 1.11e-01 -0.043  1.03 | 3.3e+01 4.5e+00 1.686e+00
#3050   943   1 | 1.08e+00 0.00e+00   +nan  1.00 | 9.97e-01 1.22e-01 +0.075  1.00 | 2.9e+01 4.9e+00 2.151e+00
#3051  1604   1 | 1.32e+00 0.00e+00   +nan  1.00 | 1.02e+00 8.69e-02 -0.083  1.02 | 3.8e+01 4.4e+00 2.798e+00
#3052  2125   1 | 1.04e+00 0.00e+00   +nan  1.00 | 1.08e+00 1.07e-01 +0.098  0.99 | 3.3e+01 4.6e+00 2.252e+00
#3053  4839   1 | 9.83e-01 1.03e-12 +0.058  1.00 | 9.45e-01 1.41e-01 +0.185  0.97 | 1.0e+01 4.1e+00 1.830e+00
#3054  3601   1 | 1.13e+00 0.00e+00   +nan  1.00 | 9.88e-01 1.11e-01 +0.145  0.98 | 2.3e+01 4.3e+00 2.229e+00
#3055  3927   1 | 1.00e+00 2.28e-16 +0.292  1.00 | 8.61e-01 1.17e-01 +0.112  0.99 | 1.5e+01 4.6e+00 1.737e+00
#3056   247   1 | 4.70e-01 0.00e+00 -0.135  1.00 | 9.87e-01 8.84e-02 +0.116  0.99 | 2.5e+01 4.5e+00 1.183e+00
#3057  1662   1 | 7.06e-01 0.00e+00   +nan  1.00 | 1.09e+00 6.04e-02 +0.073  1.00 | 3.8e+01 3.7e+00 1.676e+00
#3058  2900   1 | 1.02e+00 1.01e-18 -0.042  1.00 | 1.13e+00 9.12e-02 +0.026  1.00 | 1.8e+01 4.3e+00 2.337e+00
#3059  4552   1 | 9.76e-01 3.33e-16 -0.320  1.00 | 1.02e+00 1.03e-01 +0.397  0.93 | 1.4e+01 4.0e+00 1.917e+00
#3060  1622   1 | 9.61e-01 0.00e+00   +nan  1.00 | 9.60e-01 8.80e-02 -0.073  1.02 | 3.8e+01 4.4e+00 1.865e+00
#3061  1156   1 | 1.18e+00 0.00e+00   +nan  1.00 | 9.58e-01 8.54e-02 -0.100  1.03 | 3.1e+01 4.6e+00 2.331e+00
#3062   533   1 | 1.00e+00 1.56e-21 +0.067  1.00 | 1.07e+00 6.42e-02 +0.159  0.98 | 2.4e+01 4.3e+00 2.143e+00
#3063  2223   1 | 9.18e-01 0.00e+00   +nan  1.00 | 9.51e-01 7.14e-02 +0.150  0.98 | 3.1e+01 4.0e+00 1.731e+00
#3064  1482   1 | 1.20e+00 0.00e+00   +nan  1.00 | 1.05e+00 7.03e-02 +0.053  1.00 | 3.1e+01 4.4e+00 2.558e+00
#3065  3610   1 | 5.24e-01 7.16e-21 +0.728  1.00 | 9.97e-01 1.23e-01 +0.067  1.00 | 2.0e+01 4.5e+00 1.267e+00
#3066  4877   1 | 1.64e+00 2.64e-10 +0.787  1.00 | 9.65e-01 1.55e-01 +0.172  0.97 | 8.7e+00 4.3e+00 3.607e+00
#3067  1765   1 | 9.76e-01 0.00e+00   +nan  1.00 | 1.04e+00 7.25e-02 +0.081  0.99 | 4.1e+01 4.5e+00 2.032e+00
#3068  1663   1 | 1.08e+00 0.00e+00   +nan  1.00 | 9.68e-01 6.53e-02 -0.061  1.01 | 3.4e+01 4.7e+00 2.120e+00
#3069   473   1 | 8.89e-01 1.13e-17 -0.022  1.00 | 9.15e-01 7.45e-02 +0.093  0.99 | 2.2e+01 4.6e+00 1.620e+00
#3070  4294   1 | 8.39e-01 9.15e-17 -0.120  1.00 | 9.42e-01 8.91e-02 +0.118  0.99 | 1.7e+01 4.6e+00 1.579e+00
#3071  1525   1 | 7.38e-01 4.82e-19 -0.832  1.00 | 9.49e-01 5.44e-02 +0.044  1.00 | 3.1e+01 4.4e+00 1.445e+00
#3072  4327   1 | 1.09e+00 1.81e-15 +0.374  1.00 | 9.82e-01 9.14e-02 +0.288  0.96 | 1.4e+01 4.3e+00 2.100e+00
#3073  2991   1 | 1.19e+00 2.84e-14 +0.580  1.00 | 9.11e-01 1.01e-01 +0.179  0.97 | 1.3e+01 4.3e+00 2.230e+00
#3074   764   1 | 1.11e+00 2.97e-16 -0.023  1.00 | 1.02e+00 5.17e-02 -0.059  1.01 | 2.5e+01 4.5e+00 2.273e+00
#3075  2965   1 | 1.02e+00 1.97e-16 -0.172  1.00 | 9.92e-01 7.35e-02 +0.087  0.99 | 1.6e+01 4.3e+00 2.018e+00
#3076  3790   1 | 1.11e+00 2.61e-15 -0.155  1.00 | 9.37e-01 1.16e-01 +0.277  0.95 | 1.4e+01 4.1e+00 2.068e+00
#3077   596   1 | 1.31e+00 5.12e-18 -0.330  1.00 | 1.01e+00 7.13e-02 +0.111  0.99 | 2.4e+01 4.7e+00 2.734e+00
#3078  2352   1 | 9.73e-01 4.19e-20 -0.446  1.00 | 1.06e+00 9.33e-02 +0.086  0.99 | 2.1e+01 4.1e+00 2.057e+00
#3079    30   1 | 4.46e-01 2.06e-16 +0.522  1.00 | 1.00e+00 8.73e-02 +0.235  0.97 | 1.7e+01 4.6e+00 1.169e+00
#3080  1116   1 | 7.28e-01 0.00e+00   +nan  1.00 | 9.46e-01 1.09e-01 +0.026  1.01 | 2.8e+01 5.1e+00 1.432e+00
#3081  2035   1 | 8.24e-01 0.00e+00   +nan  1.00 | 1.01e+00 9.27e-02 +0.205  0.97 | 2.9e+01 4.4e+00 1.675e+00
#3082   692   1 | 1.31e+00 2.04e-21 -0.135  1.00 | 1.09e+00 8.99e-02 -0.040  1.01 | 2.2e+01 4.6e+00 2.920e+00
#3083  3602   1 | 1.29e+00 3.63e-21 +0.469  1.00 | 1.04e+00 1.05e-01 +0.132  0.98 | 1.9e+01 4.4e+00 2.724e+00
#3084   650   1 | 5.45e-01 5.29e-23 -0.147  1.00 | 1.03e+00 9.41e-02 +0.098  0.99 | 2.3e+01 4.5e+00 1.346e+00
#3085  4460   1 | 4.93e-01 1.19e-19 +0.780  1.00 | 1.12e+00 1.78e-01 +0.290  0.93 | 1.8e+01 5.0e+00 1.408e+00
#3086   420   1 | 8.53e-01 0.00e+00   +nan  1.00 | 9.10e-01 1.12e-01 -0.032  1.02 | 2.5e+01 4.2e+00 1.574e+00
#3087  4392   1 | 1.23e+00 6.14e-19 +0.417  1.00 | 1.10e+00 1.50e-01 +0.282  0.94 | 1.6e+01 4.4e+00 2.663e+00
#3088  4230   1 | 6.29e-01 3.55e-16 +0.488  1.00 | 1.03e+00 2.04e-01 +0.330  0.91 | 1.4e+01 5.2e+00 1.357e+00
#3089   920   1 | 1.12e+00 0.00e+00   +nan  1.00 | 1.01e+00 1.14e-01 +0.037  1.00 | 2.8e+01 4.3e+00 2.277e+00
#3090  4346   1 | 9.70e-01 2.92e-20 -0.011  1.00 | 1.03e+00 1.85e-01 +0.350  0.91 | 1.7e+01 4.5e+00 1.906e+00
#3091  2631   1 | 1.07e+00 3.74e-23 +0.498  1.00 | 1.04e+00 1.29e-01 -0.074  1.03 | 2.1e+01 4.5e+00 2.266e+00
#3092  2248   1 | 1.10e+00 0.00e+00   +nan  1.00 | 1.08e+00 1.52e-01 +0.097  0.99 | 2.5e+01 4.2e+00 2.363e+00
#3093  3325   1 | 1.17e+00 6.95e-22 -0.275  1.00 | 1.17e+00 1.56e-01 +0.198  0.97 | 2.0e+01 4.3e+00 2.680e+00
#3094  3358   1 | 1.14e+00 0.00e+00 -0.600  1.00 | 9.43e-01 1.66e-01 +0.178  0.97 | 2.1e+01 4.6e+00 2.165e+00
#3095   187   1 | 6.58e-01 2.57e-18 +0.698  1.00 | 1.07e+00 2.08e-01 -0.011  1.04 | 1.6e+01 4.7e+00 1.625e+00
#3096   854   1 | 9.57e-01 0.00e+00   +nan  1.00 | 1.07e+00 1.67e-01 -0.017  1.03 | 2.3e+01 4.3e+00 2.104e+00
#3097  1853   1 | 1.29e+00 0.00e+00   +nan  1.00 | 1.08e+00 1.14e-01 +0.101  0.99 | 2.8e+01 4.0e+00 2.817e+00
#3098   469   1 | 1.14e+00 1.33e-21 +0.363  1.00 | 9.75e-01 1.32e-01 -0.073  1.04 | 2.0e+01 3.8e+00 2.295e+00
#3099  1736   1 | 1.08e+00 0.00e+00   +nan  1.00 | 9.93e-01 1.31e-01 +0.084  1.00 | 3.6e+01 4.3e+00 2.146e+00
#3100  4961   1 | 5.61e-01 2.43e-12 +0.010  1.00 | 9.77e-01 2.36e-01 +0.331  0.90 | 1.0e+01 4.7e+00 1.174e+00
#3101   838   1 | 1.23e+00 5.83e-19 +0.077  1.00 | 9.89e-01 1.21e-01 -0.084  1.04 | 1.8e+01 4.8e+00 2.533e+00
#3102  3885   1 | 5.89e-01 2.26e-16 +0.596  1.00 | 1.05e+00 1.44e-01 +0.153  0.98 | 1.4e+01 4.2e+00 1.429e+00
#3103  2609   1 | 1.31e+00 7.33e-20 +0.119  1.00 | 1.12e+00 1.21e-01 -0.015  1.01 | 1.9e+01 4.7e+00 3.003e+00
#3104  1949   1 | 1.34e+00 1.65e-18 -0.115  1.00 | 1.00e+00 9.56e-02 +0.047  1.00 | 2.1e+01 4.6e+00 2.811e+00
#3105  4886   1 | 8.15e-01 4.86e-11 +0.501  1.00 | 9.54e-01 1.46e-01 +0.387  0.91 | 8.5e+00 4.2e+00 1.488e+00
#3106  4440   1 | 7.76e-01 3.39e-14 -0.050  1.00 | 9.59e-01 7.85e-02 +0.236  0.97 | 1.6e+01 4.2e+00 1.491e+00
#3107   397   1 | 1.30e+00 2.34e-09 +0.536  1.00 | 9.27e-01 5.17e-02 +0.134  0.99 | 2.1e+01 4.7e+00 2.529e+00
#3108  4124   1 | 6.34e-01 1.04e-11 +0.565  1.00 | 1.03e+00 8.75e-02 +0.237  0.97 | 1.1e+01 3.9e+00 1.426e+00
#3109  1971   1 | 1.08e+00 4.92e-11 +0.163  1.00 | 1.04e+00 3.58e-02 -0.024  1.00 | 3.1e+01 3.9e+00 2.248e+00
#3110  4573   1 | 1.30e+00 2.40e-13 -0.319  1.00 | 9.64e-01 9.88e-02 +0.289  0.95 | 1.3e+01 4.2e+00 2.563e+00
#3111   624   1 | 5.78e-01 7.33e-09 +0.142  1.00 | 1.05e+00 3.35e-02 +0.055  1.00 | 2.5e+01 4.2e+00 1.439e+00
#3112   206   1 | 9.60e-01 5.73e-09 -0.285  1.00 | 9.60e-01 6.79e-02 -0.064  1.01 | 2.3e+01 4.9e+00 1.857e+00
#3113  1478   1 | 1.08e+00 1.41e-09 -0.389  1.00 | 9.97e-01 4.72e-02 +0.029  1.00 | 3.2e+01 4.6e+00 2.152e+00
#3114   466   1 | 1.11e+00 9.11e-09 +0.017  1.00 | 9.80e-01 6.93e-02 +0.007  1.00 | 1.8e+01 4.7e+00 2.206e+00
#3115  3687   1 | 5.82e-01 2.99e-12 -0.275  1.00 | 1.04e+00 9.71e-02 +0.071  1.00 | 1.3e+01 4.7e+00 1.420e+00
#3116  3647   1 | 1.17e+00 1.12e-11 -0.184  1.00 | 9.11e-01 6.48e-02 +0.211  0.98 | 1.5e+01 4.2e+00 2.189e+00
#3117   736   1 | 1.31e+00 7.11e-04 +0.187  1.00 | 1.09e+00 1.43e-02 +0.005  1.00 | 2.9e+01 4.0e+00 2.904e+00
#3118  1044   1 | 5.96e-01 1.50e-01 +0.277  0.92 | 1.08e+00 1.20e-02 +0.030  1.00 | 3.0e+01 4.5e+00 1.503e+00
#3119  1797   1 | 6.58e-01 4.43e-01 -0.493  2.12 | 1.07e+00 1.27e-02 +0.104  1.00 | 3.7e+01 4.2e+00 2.058e+00
#3120  3801   1 | 1.40e+00 4.69e-15 +0.619  1.00 | 1.03e+00 7.35e-02 +0.215  0.97 | 1.5e+01 4.3e+00 2.984e+00
#3121  3992   1 | 8.84e-01 6.19e-17 +0.279  1.00 | 9.10e-01 1.36e-01 +0.039  1.01 | 1.5e+01 4.9e+00 1.618e+00
#3122  4039   1 | 1.32e+00 1.99e-19 +0.216  1.00 | 1.00e+00 1.34e-01 +0.126  0.98 | 1.7e+01 4.7e+00 2.741e+00
#3123  4606   1 | 1.65e+00 3.55e-21 -0.784  1.00 | 9.65e-01 1.53e-01 +0.152  0.98 | 1.8e+01 4.4e+00 3.634e+00
#3124  4510   1 | 1.11e+00 3.74e-23 +0.407  1.00 | 1.02e+00 1.37e-01 +0.346  0.92 | 2.0e+01 4.2e+00 2.195e+00
#3125  1407   1 | 8.26e-01 0.00e+00   +nan  1.00 | 9.54e-01 1.41e-01 -0.110  1.05 | 3.9e+01 4.6e+00 1.642e+00
#3126   190   1 | 1.10e+00 0.00e+00   +nan  1.00 | 1.08e+00 1.12e-01 +0.156  0.98 | 2.8e+01 3.9e+00 2.348e+00
#3127  3489   1 | 8.41e-01 0.00e+00   +nan  1.00 | 1.01e+00 1.44e-01 +0.122  0.99 | 3.5e+01 4.2e+00 1.719e+00
#3128  3410   1 | 7.37e-01 0.00e+00   +nan  1.00 | 9.46e-01 1.44e-01 +0.055  1.01 | 4.4e+01 4.5e+00 1.444e+00
#3129  1407   1 | 9.70e-01 0.00e+00   +nan  1.00 | 1.06e+00 1.47e-01 -0.094  1.05 | 5.0e+01 4.4e+00 2.111e+00
#3130  3604   1 | 9.81e-01 0.00e+00   +nan  1.00 | 1.07e+00 1.93e-01 +0.089  1.00 | 3.9e+01 4.6e+00 2.117e+00
#3131    31   1 | 1.11e+00 0.00e+00   +nan  1.00 | 9.82e-01 1.56e-01 +0.130  0.98 | 3.3e+01 4.4e+00 2.179e+00
#3132  3672   1 | 5.76e-01 0.00e+00   +nan  1.00 | 1.03e+00 1.46e-01 +0.078  1.00 | 3.5e+01 4.2e+00 1.388e+00
#3133   349   1 | 1.13e+00 0.00e+00   +nan  1.00 | 1.05e+00 1.32e-01 +0.076  1.00 | 4.5e+01 4.3e+00 2.389e+00
#3134  1448   1 | 9.64e-01 0.00e+00   +nan  1.00 | 1.06e+00 1.21e-01 +0.256  0.95 | 5.7e+01 4.4e+00 2.009e+00
#3135   722   1 | 1.07e+00 0.00e+00   +nan  1.00 | 9.70e-01 1.29e-01 +0.115  0.99 | 5.5e+01 4.2e+00 2.076e+00
#3136  2098   1 | 4.71e-01 0.00e+00   +nan  1.00 | 9.87e-01 1.54e-01 +0.103  0.99 | 7.4e+01 4.2e+00 1.189e+00
#3137   388   1 | 5.12e-01 0.00e+00   +nan  1.00 | 9.97e-01 1.26e-01 +0.032  1.01 | 5.6e+01 4.7e+00 1.264e+00
#3138   740   1 | 7.38e-01 0.00e+00   +nan  1.00 | 9.49e-01 1.52e-01 +0.013  1.02 | 6.5e+01 4.5e+00 1.465e+00
#3139  4622   1 | 1.13e+00 0.00e+00   +nan  1.00 | 1.13e+00 1.30e-01 +0.285  0.95 | 2.8e+01 4.3e+00 2.497e+00
#3140  2312   1 | 1.22e+00 0.00e+00   +nan  1.00 | 1.10e+00 1.46e-01 +0.167  0.97 | 6.5e+01 4.4e+00 2.684e+00
#3141   288   1 | 1.21e+00 0.00e+00   +nan  1.00 | 1.05e+00 9.83e-02 -0.123  1.03 | 5.0e+01 4.0e+00 2.600e+00
#3142  3622   1 | 1.01e+00 0.00e+00   +nan  1.00 | 1.08e+00 1.35e-01 +0.266  0.95 | 3.9e+01 4.8e+00 2.137e+00
#3143  1687   1 | 1.15e+00 0.00e+00   +nan  1.00 | 9.43e-01 1.20e-01 +0.023  1.01 | 8.1e+01 4.8e+00 2.211e+00
#3144   512   1 | 1.11e+00 0.00e+00   +nan  1.00 | 1.06e+00 1.39e-01 -0.013  1.02 | 6.2e+01 4.5e+00 2.371e+00
#3145  2280   1 | 1.08e+00 0.00e+00   +nan  1.00 | 9.68e-01 1.44e-01 +0.130  0.98 | 5.8e+01 4.8e+00 2.090e+00
#3146  1268   1 | 9.23e-01 0.00e+00   +nan  1.00 | 9.51e-01 1.63e-01 +0.125  0.99 | 7.4e+01 4.9e+00 1.743e+00
#3147  3870   1 | 5.79e-01 0.00e+00   +nan  1.00 | 9.77e-01 1.70e-01 +0.179  0.97 | 3.5e+01 4.8e+00 1.260e+00
#3148  3140   1 | 1.01e+00 0.00e+00   +nan  1.00 | 9.45e-01 1.20e-01 +0.051  1.00 | 4.8e+01 4.3e+00 1.916e+00
#3149   574   1 | 1.23e+00 0.00e+00   +nan  1.00 | 9.89e-01 1.49e-01 -0.014  1.03 | 5.3e+01 5.3e+00 2.526e+00
#3150  2614   1 | 1.17e+00 0.00e+00   +nan  1.00 | 1.17e+00 1.11e-01 +0.209  0.97 | 6.3e+01 4.4e+00 2.690e+00
#3151  4632   1 | 1.15e+00 0.00e+00   +nan  1.00 | 9.75e-01 1.41e-01 +0.194  0.96 | 3.0e+01 4.6e+00 2.246e+00
#3152  3721   1 | 1.00e+00 0.00e+00   +nan  1.00 | 8.61e-01 1.23e-01 +0.059  1.00 | 3.3e+01 4.7e+00 1.752e+00
#3153   938   1 | 1.32e+00 0.00e+00   +nan  1.00 | 1.12e+00 8.89e-02 -0.107  1.02 | 8.2e+01 4.4e+00 3.035e+00
#3154  4076   1 | 1.29e+00 0.00e+00   +nan  1.00 | 9.27e-01 1.44e-01 +0.151  0.98 | 2.8e+01 4.9e+00 2.511e+00
#3155  2878   1 | 1.41e+00 0.00e+00   +nan  1.00 | 1.01e+00 1.06e-01 +0.025  1.01 | 4.3e+01 4.6e+00 3.005e+00
#3156  3879   1 | 9.99e-01 0.00e+00   +nan  1.00 | 1.04e+00 9.45e-02 +0.190  0.97 | 4.4e+01 4.4e+00 2.056e+00
#3157  2721   1 | 4.51e-01 0.00e+00   +nan  1.00 | 1.00e+00 1.05e-01 -0.134  1.04 | 5.3e+01 4.2e+00 1.245e+00
#3158  4197   1 | 1.04e+00 1.06e-22 -0.041  1.00 | 1.13e+00 1.22e-01 +0.220  0.96 | 2.0e+01 4.2e+00 2.312e+00
#3159  4962   1 | 1.01e+00 2.44e-20 +0.122  1.00 | 1.07e+00 1.09e-01 +0.192  0.97 | 1.9e+01 4.2e+00 2.148e+00
#3160  2928   1 | 1.32e+00 0.00e+00   +nan  1.00 | 1.02e+00 8.65e-02 +0.079  0.99 | 5.3e+01 4.5e+00 2.770e+00
#3161   244   1 | 4.94e-01 0.00e+00   +nan  1.00 | 1.12e+00 8.36e-02 -0.113  1.02 | 6.1e+01 4.2e+00 1.521e+00
#3162  3770   1 | 7.37e-01 0.00e+00   +nan  1.00 | 1.09e+00 9.93e-02 +0.156  0.98 | 5.2e+01 4.6e+00 1.703e+00
#3163  2837   1 | 9.09e-01 0.00e+00   +nan  1.00 | 9.18e-01 7.06e-02 +0.136  0.98 | 3.8e+01 3.9e+00 1.656e+00
#3164  3944   1 | 1.28e+00 0.00e+00   +nan  1.00 | 1.01e+00 1.11e-01 +0.095  0.99 | 3.4e+01 4.9e+00 2.641e+00
#3165  1847   1 | 1.31e+00 0.00e+00   +nan  1.00 | 1.04e+00 7.86e-02 +0.023  1.00 | 7.5e+01 4.5e+00 2.783e+00
#3166  2424   1 | 1.09e+00 0.00e+00   +nan  1.00 | 9.37e-01 7.75e-02 -0.130  1.03 | 5.4e+01 4.4e+00 2.096e+00
#3167  3203   1 | 8.40e-01 0.00e+00   +nan  1.00 | 9.42e-01 6.42e-02 +0.173  0.98 | 5.4e+01 4.0e+00 1.576e+00
#3168  4374   1 | 6.99e-01 0.00e+00   +nan  1.00 | 1.00e+00 8.68e-02 +0.289  0.96 | 3.5e+01 4.3e+00 1.451e+00
#3169  4763   1 | 1.03e+00 4.31e-21 -0.258  1.00 | 8.36e-01 9.71e-02 +0.361  0.93 | 1.9e+01 4.3e+00 1.714e+00
#3170   220   1 | 1.07e+00 0.00e+00   +nan  1.00 | 1.03e+00 7.11e-02 +0.085  0.99 | 4.6e+01 4.4e+00 2.196e+00
#3171  4157   1 | 9.80e-01 0.00e+00   +nan  1.00 | 1.02e+00 9.60e-02 +0.159  0.98 | 3.6e+01 4.3e+00 1.975e+00
#3172  1087   1 | 1.14e+00 0.00e+00   +nan  1.00 | 9.88e-01 7.98e-02 -0.010  1.01 | 7.5e+01 4.1e+00 2.287e+00
#3173  4546   1 | 8.87e-01 0.00e+00   +nan  1.00 | 9.15e-01 1.05e-01 +0.088  0.99 | 3.2e+01 4.5e+00 1.619e+00
#3174  3401   1 | 1.27e+00 0.00e+00   +nan  1.00 | 1.08e+00 1.06e-01 +0.072  1.00 | 5.8e+01 4.5e+00 2.778e+00
#3175  3448   1 | 7.93e-01 0.00e+00   +nan  1.00 | 9.59e-01 9.66e-02 +0.209  0.97 | 5.1e+01 4.1e+00 1.519e+00
#3176   385   1 | 1.08e+00 0.00e+00   +nan  1.00 | 9.93e-01 8.74e-02 -0.040  1.01 | 5.8e+01 4.5e+00 2.170e+00
#3177  4707   1 | 1.05e+00 0.00e+00   +nan  1.00 | 1.02e+00 1.25e-01 +0.218  0.96 | 3.1e+01 4.4e+00 2.107e+00
#3178  1956   1 | 1.02e+00 0.00e+00   +nan  1.00 | 9.92e-01 8.90e-02 +0.151  0.98 | 6.7e+01 4.1e+00 2.012e+00
#3179  1063   1 | 9.65e-01 0.00e+00   +nan  1.00 | 1.03e+00 9.22e-02 -0.009  1.01 | 8.2e+01 4.3e+00 2.006e+00
#3180   780   1 | 1.18e+00 0.00e+00   +nan  1.00 | 9.58e-01 1.06e-01 -0.107  1.04 | 5.7e+01 4.2e+00 2.341e+00
#3181  2316   1 | 1.12e+00 0.00e+00   +nan  1.00 | 1.01e+00 1.06e-01 +0.093  0.99 | 7.0e+01 4.3e+00 2.266e+00
#3182   631   1 | 1.32e+00 0.00e+00   +nan  1.00 | 1.12e+00 1.03e-01 -0.068  1.02 | 6.5e+01 4.4e+00 3.033e+00
#3183  2644   1 | 5.73e-01 0.00e+00   +nan  1.00 | 9.77e-01 1.18e-01 +0.053  1.00 | 6.2e+01 4.3e+00 1.285e+00
#3184  1260   1 | 5.12e-01 0.00e+00   +nan  1.00 | 9.97e-01 7.64e-02 -0.004  1.01 | 7.5e+01 4.1e+00 1.263e+00
#3185  2905   1 | 9.09e-01 0.00e+00   +nan  1.00 | 9.18e-01 7.70e-02 +0.083  0.99 | 5.2e+01 4.2e+00 1.663e+00
#3186   972   1 | 1.23e+00 0.00e+00   +nan  1.00 | 9.89e-01 9.35e-02 -0.103  1.03 | 7.4e+01 5.2e+00 2.526e+00
#3187  1658   1 | 1.30e+00 0.00e+00   +nan  1.00 | 1.09e+00 6.48e-02 +0.031  1.00 | 8.5e+01 4.1e+00 2.900e+00
#3188  2307   1 | 1.10e+00 0.00e+00   +nan  1.00 | 1.08e+00 5.74e-02 +0.147  0.99 | 6.7e+01 4.4e+00 2.357e+00
#3189  3585   1 | 4.99e-01 0.00e+00   +nan  1.00 | 1.12e+00 7.18e-02 +0.338  0.96 | 4.7e+01 4.4e+00 1.448e+00
#3190    59   1 | 1.35e+00 0.00e+00   +nan  1.00 | 1.00e+00 8.49e-02 -0.108  1.03 | 5.5e+01 5.2e+00 2.845e+00
#3191  2885   1 | 1.17e+00 0.00e+00   +nan  1.00 | 1.17e+00 5.86e-02 +0.150  0.99 | 4.3e+01 4.0e+00 2.713e+00
#3192  3583   1 | 8.88e-01 0.00e+00   +nan  1.00 | 9.51e-01 7.87e-02 +0.061  1.00 | 4.9e+01 4.8e+00 1.690e+00
#3193  4758   1 | 1.40e+00 0.00e+00   +nan  1.00 | 1.01e+00 7.31e-02 +0.324  0.96 | 2.9e+01 4.8e+00 2.934e+00
#3194  3847   1 | 7.37e-01 0.00e+00   +nan  1.00 | 1.09e+00 7.01e-02 +0.170  0.98 | 4.1e+01 4.5e+00 1.705e+00
#3195  1915   1 | 9.99e-01 0.00e+00   +nan  1.00 | 8.61e-01 5.46e-02 -0.025  1.01 | 7.1e+01 4.3e+00 1.744e+00
#3196  2508   1 | 1.02e+00 0.00e+00   +nan  1.00 | 1.13e+00 5.46e-02 +0.041  1.00 | 5.5e+01 4.5e+00 2.325e+00
#3197  4116   1 | 9.83e-01 0.00e+00   +nan  1.00 | 9.60e-01 8.33e-02 +0.109  0.99 | 3.6e+01 4.5e+00 1.877e+00
#3198  4903   1 | 1.03e+00 0.00e+00 +0.277  1.00 | 8.36e-01 6.05e-02 +0.222  0.97 | 2.2e+01 4.2e+00 1.737e+00
#3199  2669   1 | 1.07e+00 0.00e+00   +nan  1.00 | 1.04e+00 6.73e-02 -0.155  1.02 | 5.5e+01 4.2e+00 2.254e+00
#3200   399   1 | 8.21e-01 0.00e+00   +nan  1.00 | 1.01e+00 6.77e-02 +0.136  0.99 | 5.4e+01 4.7e+00 1.687e+00
#3201  1628   1 | 5.79e-01 0.00e+00   +nan  1.00 | 1.05e+00 5.55e-02 -0.003  1.00 | 7.1e+01 3.8e+00 1.446e+00
#3202   762   1 | 1.32e+00 0.00e+00   +nan  1.00 | 1.02e+00 5.67e-02 +0.116  0.99 | 5.9e+01 4.6e+00 2.766e+00
#3203  3953   1 | 1.29e+00 0.00e+00   +nan  1.00 | 1.04e+00 8.12e-02 +0.148  0.98 | 4.0e+01 4.6e+00 2.721e+00
#3204  3349   1 | 7.52e-01 0.00e+00   +nan  1.00 | 9.49e-01 9.04e-02 +0.115  0.99 | 5.1e+01 4.3e+00 1.456e+00
#3205  3763   1 | 8.55e-01 0.00e+00   +nan  1.00 | 9.42e-01 1.04e-01 +0.147  0.98 | 4.1e+01 4.2e+00 1.600e+00
#3206  3862   1 | 9.14e-01 0.00e+00   +nan  1.00 | 9.15e-01 9.39e-02 +0.054  1.00 | 3.9e+01 4.5e+00 1.672e+00
#3207  1286   1 | 1.18e+00 0.00e+00   +nan  1.00 | 9.58e-01 7.04e-02 -0.138  1.03 | 7.1e+01 4.5e+00 2.331e+00
#3208  4942   1 | 1.14e+00 0.00e+00   +nan  1.00 | 9.82e-01 1.19e-01 +0.306  0.94 | 2.8e+01 4.8e+00 2.199e+00
#3209  1211   1 | 1.04e+00 0.00e+00   +nan  1.00 | 1.02e+00 6.60e-02 +0.121  0.99 | 6.7e+01 4.3e+00 2.114e+00
#3210   326   1 | 1.21e+00 0.00e+00   +nan  1.00 | 1.05e+00 7.30e-02 +0.107  0.99 | 5.0e+01 4.9e+00 2.554e+00
#3211  4570   1 | 1.09e+00 0.00e+00   +nan  1.00 | 9.93e-01 9.63e-02 +0.254  0.96 | 3.2e+01 4.5e+00 2.128e+00
#3212   187   1 | 5.53e-01 0.00e+00   +nan  1.00 | 1.04e+00 1.09e-01 +0.126  0.98 | 3.9e+01 5.0e+00 1.375e+00
#3213   253   1 | 4.70e-01 0.00e+00   +nan  1.00 | 9.87e-01 9.11e-02 +0.145  0.98 | 5.7e+01 4.6e+00 1.178e+00
#3214  4769   1 | 5.30e-01 0.00e+00   +nan  1.00 | 1.03e+00 1.26e-01 +0.236  0.96 | 3.1e+01 4.3e+00 1.294e+00
#3215  1061   1 | 1.08e+00 0.00e+00   +nan  1.00 | 9.97e-01 7.92e-02 +0.052  1.00 | 7.2e+01 4.5e+00 2.152e+00
#3216  2972   1 | 1.02e+00 0.00e+00   +nan  1.00 | 9.92e-01 1.56e-01 -0.076  1.05 | 3.8e+01 5.4e+00 2.073e+00
#3217  4762   1 | 1.15e+00 0.00e+00   +nan  1.00 | 9.88e-01 1.42e-01 +0.418  0.90 | 2.4e+01 4.6e+00 2.199e+00
#3218  4997   1 | 1.15e+00 0.00e+00   +nan  1.00 | 1.13e+00 1.58e-01 +0.208  0.96 | 2.1e+01 4.8e+00 2.549e+00
#3219  1462   1 | 1.11e+00 0.00e+00   +nan  1.00 | 1.06e+00 9.87e-02 +0.039  1.00 | 6.8e+01 4.4e+00 2.349e+00
#3220  3008   1 | 1.10e+00 0.00e+00   +nan  1.00 | 1.02e+00 8.67e-02 +0.164  0.98 | 4.3e+01 3.9e+00 2.217e+00
#3221  4710   1 | 1.65e+00 0.00e+00   +nan  1.00 | 9.65e-01 1.28e-01 +0.134  0.98 | 3.0e+01 4.3e+00 3.628e+00
#3222  3308   1 | 1.08e+00 0.00e+00   +nan  1.00 | 9.70e-01 1.13e-01 +0.079  1.00 | 4.7e+01 4.2e+00 2.113e+00
#3223  2887   1 | 6.10e-01 0.00e+00   +nan  1.00 | 1.08e+00 1.12e-01 +0.048  1.00 | 3.9e+01 4.6e+00 1.549e+00
#3224  4323   1 | 1.06e+00 0.00e+00   +nan  1.00 | 1.03e+00 1.35e-01 +0.271  0.95 | 3.1e+01 4.2e+00 2.133e+00
#3225  1749   1 | 1.29e+00 0.00e+00   +nan  1.00 | 9.27e-01 1.08e-01 +0.061  1.00 | 9.1e+01 4.3e+00 2.535e+00
#3226  1082   1 | 1.00e+00 0.00e+00   +nan  1.00 | 1.07e+00 1.13e-01 -0.016  1.01 | 6.7e+01 4.5e+00 2.177e+00
#3227  2764   1 | 6.58e-01 0.00e+00   +nan  1.00 | 1.07e+00 1.37e-01 +0.130  0.98 | 3.9e+01 4.6e+00 1.558e+00
#3228  2783   1 | 1.01e+00 0.00e+00   +nan  1.00 | 9.45e-01 1.40e-01 +0.034  1.01 | 4.8e+01 4.6e+00 1.915e+00
#3229  3996   1 | 9.84e-01 0.00e+00   +nan  1.00 | 1.07e+00 1.26e-01 +0.267  0.95 | 3.0e+01 4.5e+00 2.067e+00
#3230  4609   1 | 1.14e+00 0.00e+00   +nan  1.00 | 1.05e+00 1.56e-01 +0.397  0.90 | 3.1e+01 4.5e+00 2.303e+00
#3231  2063   1 | 1.08e+00 0.00e+00   +nan  1.00 | 9.68e-01 1.19e-01 +0.201  0.97 | 6.5e+01 4.2e+00 2.074e+00
#3232  4410   1 | 1.11e+00 0.00e+00   +nan  1.00 | 9.80e-01 1.53e-01 +0.235  0.95 | 3.4e+01 4.8e+00 2.145e+00
#3233  1732   1 | 1.21e+00 0.00e+00   +nan  1.00 | 9.11e-01 1.27e-01 +0.187  0.97 | 8.3e+01 4.3e+00 2.257e+00
#3234  3877   1 | 8.42e-01 0.00e+00   +nan  1.00 | 9.54e-01 1.67e-01 +0.172  0.97 | 3.3e+01 4.7e+00 1.592e+00
#3235  1859   1 | 9.76e-01 0.00e+00   +nan  1.00 | 1.04e+00 1.26e-01 +0.039  1.01 | 6.6e+01 4.3e+00 2.045e+00
#3236  2141   1 | 1.15e+00 0.00e+00   +nan  1.00 | 9.43e-01 1.37e-01 +0.103  0.99 | 5.7e+01 4.6e+00 2.193e+00
#3237   884   1 | 9.65e-01 0.00e+00   +nan  1.00 | 1.03e+00 1.29e-01 +0.019  1.01 | 5.4e+01 4.3e+00 2.008e+00
#3238  4042   1 | 9.94e-01 0.00e+00   +nan  1.00 | 1.06e+00 1.57e-01 +0.151  0.98 | 2.7e+01 4.2e+00 2.082e+00
#3239   199   1 | 9.72e-01 0.00e+00   +nan  1.00 | 1.02e+00 1.23e-01 -0.076  1.03 | 3.6e+01 4.3e+00 2.015e+00
#3240  1207   1 | 1.09e+00 0.00e+00   +nan  1.00 | 9.37e-01 1.54e-01 -0.186  1.09 | 5.1e+01 4.6e+00 2.139e+00
#3241  4104   1 | 1.14e+00 0.00e+00   +nan  1.00 | 1.01e+00 1.75e-01 +0.198  0.96 | 2.4e+01 4.6e+00 2.266e+00
#3242  3118   1 | 4.54e-01 0.00e+00   +nan  1.00 | 1.00e+00 1.70e-01 +0.096  1.00 | 2.9e+01 4.6e+00 1.205e+00
#3243  3692   1 | 7.38e-01 0.00e+00   +nan  1.00 | 9.46e-01 1.12e-01 +0.093  0.99 | 3.7e+01 4.5e+00 1.433e+00
#3244  2365   1 | 1.04e+00 0.00e+00   +nan  1.00 | 1.08e+00 9.84e-02 +0.169  0.98 | 4.4e+01 4.9e+00 2.233e+00
#3245  3405   1 | 1.12e+00 0.00e+00   +nan  1.00 | 9.75e-01 1.18e-01 -0.067  1.03 | 4.2e+01 4.6e+00 2.226e+00
#3246   140   1 | 6.23e-01 0.00e+00   +nan  1.00 | 1.03e+00 6.53e-02 +0.045  1.00 | 4.0e+01 4.3e+00 1.445e+00
#3247  1493   1 | 9.64e-01 0.00e+00   +nan  1.00 | 1.06e+00 7.84e-02 +0.259  0.97 | 5.7e+01 4.8e+00 2.023e+00
#3248  1353   1 | 7.01e-01 0.00e+00   +nan  1.00 | 1.00e+00 7.17e-02 +0.083  0.99 | 6.9e+01 4.9e+00 1.490e+00
#3249  2373   1 | 7.76e-01 0.00e+00   +nan  1.00 | 9.59e-01 5.44e-02 +0.133  0.99 | 4.4e+01 4.2e+00 1.510e+00
#3250  4978   1 | 1.22e+00 1.31e-16 +0.422  1.00 | 1.10e+00 1.25e-01 +0.386  0.93 | 1.5e+01 4.5e+00 2.607e+00
#3251   606   1 | 1.29e+00 0.00e+00   +nan  1.00 | 9.64e-01 5.37e-02 +0.079  0.99 | 4.7e+01 4.1e+00 2.601e+00
#3252  3253   1 | 1.29e+00 0.00e+00   +nan  1.00 | 1.01e+00 7.45e-02 +0.169  0.98 | 3.3e+01 4.4e+00 2.672e+00
#3253  4947   1 | 1.36e+00 7.85e-20 +0.498  1.00 | 1.03e+00 1.39e-01 +0.310  0.93 | 1.6e+01 4.5e+00 2.851e+00
#3254  1304   1 | 8.53e-01 0.00e+00   +nan  1.00 | 9.10e-01 5.74e-02 +0.011  1.00 | 5.6e+01 4.3e+00 1.558e+00
#3255  3643   1 | 1.26e+00 0.00e+00   +nan  1.00 | 1.08e+00 1.10e-01 +0.080  0.99 | 2.7e+01 4.7e+00 2.761e+00
#3256  2022   1 | 9.63e-01 0.00e+00   +nan  1.00 | 1.06e+00 5.50e-02 +0.171  0.99 | 6.0e+01 4.1e+00 2.042e+00
#3257  1861   1 | 1.11e+00 0.00e+00   +nan  1.00 | 9.82e-01 6.46e-02 +0.061  1.00 | 5.9e+01 4.1e+00 2.183e+00
#3258  4275   1 | 5.57e-01 0.00e+00   +nan  1.00 | 1.04e+00 1.29e-01 +0.076  1.00 | 2.6e+01 4.9e+00 1.393e+00
#3259  4542   1 | 1.05e+00 0.00e+00   +nan  1.00 | 1.08e+00 1.40e-01 +0.372  0.92 | 2.5e+01 4.7e+00 2.184e+00
#3260  4960   1 | 1.15e+00 1.57e-11 -0.656  1.00 | 9.43e-01 1.87e-01 +0.438  0.87 | 1.1e+01 4.1e+00 2.097e+00
#3261  1314   1 | 5.12e-01 0.00e+00   +nan  1.00 | 9.97e-01 9.91e-02 -0.054  1.02 | 4.8e+01 4.8e+00 1.277e+00
#3262  1737   1 | 7.72e-01 0.00e+00   +nan  1.00 | 9.59e-01 1.17e-01 +0.029  1.01 | 6.8e+01 4.5e+00 1.523e+00
#3263  4867   1 | 1.15e+00 6.68e-15 -0.112  1.00 | 9.88e-01 1.85e-01 +0.444  0.87 | 1.4e+01 4.6e+00 2.168e+00
#3264  4551   1 | 8.20e-01 2.48e-22 +0.498  1.00 | 9.54e-01 1.88e-01 +0.391  0.88 | 2.1e+01 4.7e+00 1.477e+00
#3265  1512   1 | 1.11e+00 0.00e+00   +nan  1.00 | 9.80e-01 1.58e-01 +0.018  1.02 | 5.2e+01 5.0e+00 2.217e+00
#3266   364   1 | 1.22e+00 0.00e+00   +nan  1.00 | 1.10e+00 1.66e-01 +0.092  0.99 | 3.8e+01 4.9e+00 2.709e+00
#3267  2824   1 | 1.13e+00 0.00e+00   +nan  1.00 | 9.75e-01 1.52e-01 -0.067  1.05 | 2.8e+01 4.7e+00 2.271e+00
#3268  2942   1 | 1.17e+00 0.00e+00   +nan  1.00 | 1.17e+00 1.60e-01 +0.192  0.97 | 2.7e+01 4.6e+00 2.684e+00
#3269  4352   1 | 1.41e+00 0.00e+00   +nan  1.00 | 1.01e+00 1.41e-01 +0.102  0.99 | 2.3e+01 4.2e+00 3.005e+00
#3270  4746   1 | 4.67e-01 1.24e-17 -0.658  1.00 | 9.87e-01 1.99e-01 +0.349  0.90 | 1.5e+01 4.3e+00 1.095e+00
#3271  1802   1 | 1.08e+00 0.00e+00   +nan  1.00 | 1.04e+00 1.01e-01 -0.039  1.02 | 5.6e+01 4.7e+00 2.266e+00
#3272  1181   1 | 9.98e-01 0.00e+00   +nan  1.00 | 8.61e-01 1.71e-01 +0.021  1.03 | 4.0e+01 5.1e+00 1.761e+00
#3273  3330   1 | 9.72e-01 0.00e+00   +nan  1.00 | 9.60e-01 1.49e-01 +0.015  1.02 | 2.7e+01 4.8e+00 1.885e+00
#3274  1672   1 | 1.12e+00 0.00e+00   +nan  1.00 | 1.01e+00 8.57e-02 +0.023  1.00 | 5.2e+01 4.4e+00 2.276e+00
#3275   370   1 | 1.18e+00 0.00e+00   +nan  1.00 | 9.58e-01 5.62e-02 -0.070  1.01 | 3.6e+01 3.7e+00 2.319e+00
#3276  3659   1 | 1.10e+00 0.00e+00   +nan  1.00 | 1.05e+00 7.91e-02 +0.243  0.97 | 2.3e+01 4.8e+00 2.280e+00
#3277  3386   1 | 1.18e+00 0.00e+00   +nan  1.00 | 9.11e-01 8.55e-02 +0.232  0.97 | 2.7e+01 4.6e+00 2.201e+00
#3278  1112   1 | 4.94e-01 0.00e+00   +nan  1.00 | 1.12e+00 6.79e-02 +0.157  0.98 | 4.3e+01 4.9e+00 1.473e+00
#3279  3857   1 | 1.16e+00 0.00e+00   +nan  1.00 | 1.05e+00 8.29e-02 +0.137  0.98 | 2.4e+01 4.4e+00 2.453e+00
#3280  3655   1 | 1.07e+00 3.74e-23 -0.385  1.00 | 9.93e-01 8.23e-02 +0.150  0.98 | 2.2e+01 4.5e+00 2.105e+00
#3281  4401   1 | 5.66e-01 6.24e-22 -0.010  1.00 | 9.77e-01 5.80e-02 +0.181  0.98 | 2.0e+01 4.1e+00 1.259e+00
#3282  3695   1 | 1.29e+00 0.00e+00   +nan  1.00 | 9.27e-01 7.36e-02 +0.161  0.98 | 2.3e+01 4.4e+00 2.501e+00
#3283  1510   1 | 6.58e-01 0.00e+00   +nan  1.00 | 1.07e+00 4.90e-02 +0.002  1.00 | 5.0e+01 4.5e+00 1.579e+00
#3284  3569   1 | 7.15e-01 0.00e+00   +nan  1.00 | 1.00e+00 6.59e-02 +0.180  0.98 | 2.6e+01 4.3e+00 1.496e+00
#3285  1167   1 | 1.08e+00 0.00e+00   +nan  1.00 | 9.68e-01 7.17e-02 -0.043  1.01 | 4.9e+01 5.1e+00 2.121e+00
#3286  4288   1 | 1.10e+00 1.05e-17 -0.408  1.00 | 1.02e+00 1.19e-01 +0.249  0.96 | 1.7e+01 4.7e+00 2.196e+00
#3287  4555   1 | 1.30e+00 2.58e-18 +0.447  1.00 | 1.08e+00 1.53e-01 +0.212  0.96 | 1.7e+01 4.7e+00 2.800e+00
#3288  4979   1 | 1.08e+00 1.70e-13 -0.027  1.00 | 9.97e-01 2.32e-01 +0.318  0.91 | 1.2e+01 4.7e+00 2.070e+00
#3289   428   1 | 9.07e-01 0.00e+00   +nan  1.00 | 9.18e-01 6.83e-02 -0.048  1.01 | 3.4e+01 4.6e+00 1.675e+00
#3290   896   1 | 9.69e-01 0.00e+00   +nan  1.00 | 1.06e+00 7.83e-02 -0.007  1.01 | 4.1e+01 5.1e+00 2.066e+00
#3291  4548   1 | 9.95e-01 4.28e-20 -0.057  1.00 | 9.45e-01 1.95e-01 +0.025  1.03 | 1.8e+01 4.8e+00 1.913e+00
#3292  2267   1 | 1.06e+00 0.00e+00   +nan  1.00 | 1.03e+00 5.83e-02 +0.109  0.99 | 3.7e+01 4.2e+00 2.183e+00
#3293  2053   1 | 1.02e+00 0.00e+00   +nan  1.00 | 1.13e+00 9.55e-02 -0.008  1.01 | 3.9e+01 4.7e+00 2.333e+00
#3294  3331   1 | 1.66e+00 0.00e+00 -0.625  1.00 | 9.65e-01 1.79e-01 +0.170  0.97 | 2.2e+01 5.1e+00 3.669e+00
#3295  4573   1 | 1.13e+00 6.45e-21 +0.229  1.00 | 1.13e+00 1.77e-01 +0.377  0.91 | 2.0e+01 5.2e+00 2.436e+00
#3296  1493   1 | 1.07e+00 0.00e+00   +nan  1.00 | 9.70e-01 7.34e-02 -0.014  1.01 | 4.2e+01 4.7e+00 2.097e+00
#3297  3162   1 | 7.22e-01 4.33e-20 -0.165  1.00 | 1.09e+00 1.41e-01 +0.113  0.99 | 1.9e+01 4.0e+00 1.690e+00
#3298  3763   1 | 9.85e-01 5.98e-22 +0.438  1.00 | 1.07e+00 1.79e-01 +0.140  0.98 | 2.1e+01 4.2e+00 2.102e+00
#3299   606   1 | 5.96e-01 0.00e+00   +nan  1.00 | 1.08e+00 7.49e-02 -0.172  1.03 | 3.2e+01 4.2e+00 1.564e+00
#3300  4587   1 | 1.31e+00 2.14e-10 +0.461  1.00 | 1.04e+00 2.57e-01 +0.251  0.94 | 1.3e+01 4.8e+00 2.733e+00
#3301  3607   1 | 1.11e+00 0.00e+00   +nan  1.00 | 9.37e-01 1.70e-01 +0.225  0.95 | 2.7e+01 4.9e+00 2.064e+00
#3302  2833   1 | 8.34e-01 2.72e-20 +0.098  1.00 | 9.42e-01 1.50e-01 +0.232  0.95 | 1.9e+01 4.9e+00 1.539e+00
#3303  1574   1 | 5.47e-01 0.00e+00   +nan  1.00 | 1.03e+00 9.01e-02 +0.109  0.99 | 3.7e+01 4.4e+00 1.345e+00
#3304  1037   1 | 1.38e+00 0.00e+00   +nan  1.00 | 1.03e+00 1.26e-01 -0.024  1.02 | 3.3e+01 4.7e+00 2.978e+00
#3305  3169   1 | 4.54e-01 6.32e-22 -0.307  1.00 | 1.00e+00 1.99e-01 +0.090  1.00 | 2.1e+01 4.7e+00 1.213e+00
#3306  3904   1 | 9.14e-01 2.73e-15 -0.494  1.00 | 9.15e-01 1.82e-01 -0.070  1.07 | 1.3e+01 4.4e+00 1.730e+00
#3307  4645   1 | 1.24e+00 1.18e-12 -0.086  1.00 | 9.89e-01 2.50e-01 +0.133  1.00 | 1.3e+01 4.7e+00 2.518e+00
#3308  4277   1 | 1.11e+00 2.84e-20 +0.504  1.00 | 1.08e+00 2.14e-01 +0.060  1.02 | 1.8e+01 4.7e+00 2.412e+00
#3309  4259   1 | 1.33e+00 4.60e-22 +0.048  1.00 | 1.02e+00 1.57e-01 +0.289  0.93 | 2.0e+01 4.9e+00 2.729e+00
#3310  2799   1 | 1.02e+00 5.29e-23 -0.238  1.00 | 9.92e-01 8.48e-02 +0.096  0.99 | 2.3e+01 4.5e+00 2.018e+00
#3311  2666   1 | 8.61e-01 0.00e+00   +nan  1.00 | 9.10e-01 6.79e-02 -0.083  1.02 | 3.1e+01 5.0e+00 1.584e+00
#3312  4684   1 | 9.71e-01 9.29e-16 +0.011  1.00 | 1.03e+00 2.31e-01 +0.299  0.92 | 1.4e+01 5.0e+00 1.919e+00
#3313  2717   1 | 1.34e+00 0.00e+00   +nan  1.00 | 1.00e+00 7.08e-02 +0.117  0.99 | 2.9e+01 4.7e+00 2.786e+00
#3314  3837   1 | 9.98e-01 1.12e-22 -0.331  1.00 | 1.04e+00 8.06e-02 +0.304  0.96 | 2.2e+01 4.5e+00 2.039e+00
#3315  3977   1 | 7.34e-01 6.14e-18 +0.547  1.00 | 9.46e-01 1.85e-01 +0.109  1.00 | 1.6e+01 4.9e+00 1.430e+00
#3316  4771   1 | 1.03e+00 1.09e-14 -0.258  1.00 | 8.36e-01 1.88e-01 +0.434  0.86 | 1.4e+01 4.3e+00 1.662e+00
#3317  1431   1 | 1.04e+00 0.00e+00   +nan  1.00 | 1.02e+00 5.53e-02 +0.020  1.00 | 3.9e+01 4.6e+00 2.126e+00
#3318  4414   1 | 1.01e+00 0.00e+00 -0.112  1.00 | 1.07e+00 1.04e-01 +0.281  0.96 | 2.3e+01 4.5e+00 2.113e+00
#3319  4087   1 | 7.48e-01 1.07e-16 -0.119  1.00 | 9.49e-01 2.53e-01 +0.216  0.96 | 1.3e+01 4.7e+00 1.421e+00
#3320  2742   1 | 9.11e-01 0.00e+00   +nan  1.00 | 9.51e-01 8.03e-02 +0.011  1.01 | 2.7e+01 4.1e+00 1.739e+00
#3321  4255   1 | 1.12e+00 4.89e-18 +0.306  1.00 | 1.06e+00 1.73e-01 +0.264  0.94 | 1.7e+01 4.3e+00 2.313e+00
#3322  3037   1 | 9.71e-01 2.05e-20 -0.322  1.00 | 1.02e+00 1.62e-01 +0.102  0.99 | 1.8e+01 4.7e+00 1.971e+00
#3323  4457   1 | 8.26e-01 0.00e+00   +nan  1.00 | 1.01e+00 2.05e-01 +0.150  0.98 | 2.3e+01 4.9e+00 1.689e+00
#3324  3265   1 | 6.40e-01 0.00e+00   +nan  1.00 | 1.03e+00 1.64e-01 +0.108  0.99 | 2.7e+01 5.0e+00 1.458e+00
#3325   498   1 | 1.29e+00 0.00e+00   +nan  1.00 | 9.64e-01 9.89e-02 +0.078  0.99 | 2.5e+01 4.5e+00 2.601e+00
#3326  4776   1 | 1.31e+00 6.79e-19 -0.153  1.00 | 1.09e+00 1.83e-01 +0.375  0.90 | 1.8e+01 4.3e+00 2.811e+00
#3327  2274   1 | 1.32e+00 0.00e+00   +nan  1.00 | 1.12e+00 8.83e-02 -0.062  1.02 | 3.5e+01 4.5e+00 3.012e+00
#3328    72   1 | 5.78e-01 0.00e+00   +nan  1.00 | 1.05e+00 5.35e-02 +0.044  1.00 | 2.6e+01 3.8e+00 1.440e+00
#3329   941   1 | 1.31e+00 0.00e+00   +nan  1.00 | 1.01e+00 7.78e-02 -0.057  1.01 | 3.6e+01 4.4e+00 2.760e+00
#3330  4981   1 | 5.06e-01 1.75e-14 -0.747  1.00 | 9.97e-01 2.16e-01 +0.274  0.93 | 1.3e+01 4.6e+00 1.179e+00
#3331   134   1 | 1.18e+00 0.00e+00   +nan  1.00 | 9.58e-01 7.06e-02 +0.019  1.00 | 2.6e+01 4.9e+00 2.311e+00
#3332  3045   1 | 1.10e+00 9.13e-20 -0.509  1.00 | 1.08e+00 1.15e-01 +0.157  0.98 | 1.8e+01 4.5e+00 2.348e+00
#3333  2740   1 | 1.08e+00 0.00e+00   +nan  1.00 | 9.68e-01 7.93e-02 +0.031  1.00 | 2.6e+01 4.9e+00 2.103e+00
#3334  3145   1 | 1.11e+00 7.49e-23 +0.306  1.00 | 1.06e+00 8.22e-02 +0.147  0.98 | 2.2e+01 4.5e+00 2.344e+00
#3335  4531   1 | 1.20e+00 5.49e-21 -0.041  1.00 | 1.05e+00 1.19e-01 +0.184  0.97 | 2.0e+01 4.4e+00 2.530e+00
#3336  1337   1 | 1.11e+00 0.00e+00   +nan  1.00 | 1.02e+00 6.04e-02 -0.001  1.00 | 3.7e+01 4.7e+00 2.266e+00
#3337  2832   1 | 9.60e-01 6.84e-19 +0.011  1.00 | 1.03e+00 7.53e-02 +0.118  0.99 | 1.8e+01 4.4e+00 1.975e+00
#3338  3228   1 | 9.01e-01 0.00e+00   +nan  1.00 | 9.15e-01 1.05e-01 -0.017  1.02 | 2.5e+01 4.5e+00 1.663e+00
#3339  4906   1 | 1.23e+00 1.04e-09 -0.585  1.00 | 9.11e-01 2.37e-01 +0.299  0.91 | 1.1e+01 4.6e+00 2.276e+00
#3340  2539   1 | 1.04e+00 0.00e+00   +nan  1.00 | 8.36e-01 6.44e-02 +0.217  0.97 | 2.6e+01 4.7e+00 1.771e+00
#3341  4961   1 | 1.36e+00 1.77e-08 -0.498  1.00 | 1.03e+00 2.35e-01 +0.330  0.90 | 1.1e+01 4.9e+00 2.815e+00
#3342   698   1 | 1.65e+00 0.00e+00   +nan  1.00 | 9.65e-01 5.33e-02 -0.034  1.01 | 3.1e+01 4.2e+00 3.673e+00
#3343  1660   1 | 7.72e-01 0.00e+00   +nan  1.00 | 9.59e-01 5.43e-02 +0.179  0.98 | 3.9e+01 4.2e+00 1.500e+00
#3344  4971   1 | 6.58e-01 1.34e-08 -0.698  1.00 | 1.07e+00 2.40e-01 +0.299  0.92 | 1.1e+01 4.6e+00 1.481e+00
#3345  3147   1 | 1.13e+00 1.73e-21 -0.113  1.00 | 9.88e-01 9.98e-02 -0.087  1.03 | 2.1e+01 4.5e+00 2.288e+00
#3346  2904   1 | 1.30e+00 0.00e+00   +nan  1.00 | 1.09e+00 6.91e-02 +0.084  0.99 | 2.4e+01 4.5e+00 2.877e+00
#3347   611   1 | 9.72e-01 5.21e-22 +0.321  1.00 | 1.02e+00 5.29e-02 +0.026  1.00 | 2.4e+01 4.8e+00 1.980e+00
#3348  2121   1 | 1.14e+00 0.00e+00   +nan  1.00 | 9.75e-01 4.53e-02 -0.232  1.02 | 3.3e+01 4.4e+00 2.270e+00
#3349  2402   1 | 9.78e-01 0.00e+00   +nan  1.00 | 1.04e+00 4.28e-02 +0.005  1.00 | 3.0e+01 4.3e+00 2.045e+00
#3350  4669   1 | 8.11e-01 1.11e-12 +0.192  1.00 | 1.01e+00 2.27e-01 +0.133  0.99 | 1.3e+01 4.6e+00 1.674e+00
#3351  1332   1 | 4.94e-01 0.00e+00   +nan  1.00 | 1.12e+00 4.07e-02 +0.003  1.00 | 3.4e+01 4.8e+00 1.494e+00
#3352  4991   1 | 5.70e-01 4.68e-09 -0.387  1.00 | 1.08e+00 2.72e-01 +0.211  0.96 | 1.5e+01 5.0e+00 1.450e+00
#3353  4838   1 | 1.15e+00 4.74e-14 -0.656  1.00 | 9.43e-01 2.26e-01 +0.376  0.88 | 1.4e+01 4.7e+00 2.104e+00
#3354  4900   1 | 8.32e-01 3.38e-11 -0.296  1.00 | 9.10e-01 2.93e-01 +0.153  1.01 | 1.4e+01 4.8e+00 1.525e+00
#3355  1807   1 | 1.00e+00 0.00e+00   +nan  1.00 | 1.07e+00 2.74e-02 +0.088  1.00 | 4.6e+01 4.8e+00 2.152e+00
#3356    72   1 | 7.28e-01 0.00e+00 -0.644  1.00 | 9.46e-01 2.93e-02 +0.137  0.99 | 2.6e+01 5.2e+00 1.419e+00
#3357  2613   1 | 1.17e+00 0.00e+00   +nan  1.00 | 1.17e+00 2.77e-02 +0.078  1.00 | 3.1e+01 4.4e+00 2.727e+00
#3358  4335   1 | 1.31e+00 5.63e-22 +0.112  1.00 | 1.12e+00 1.15e-01 +0.207  0.97 | 2.2e+01 4.7e+00 2.927e+00
#3359  2257   1 | 4.71e-01 0.00e+00   +nan  1.00 | 9.87e-01 2.73e-02 +0.233  0.99 | 3.1e+01 4.6e+00 1.185e+00
#3360  2959   1 | 7.47e-01 5.29e-23 +0.120  1.00 | 9.49e-01 4.57e-02 +0.260  0.98 | 2.4e+01 4.5e+00 1.438e+00
#3361   135   1 | 1.11e+00 0.00e+00   +nan  1.00 | 9.82e-01 4.57e-02 -0.093  1.01 | 2.6e+01 4.4e+00 2.205e+00
#3362  1721   1 | 1.34e+00 0.00e+00   +nan  1.00 | 1.00e+00 3.46e-02 +0.025  1.00 | 4.9e+01 4.1e+00 2.812e+00
#3363  1667   1 | 7.06e-01 0.00e+00   +nan  1.00 | 1.09e+00 4.01e-02 +0.002  1.00 | 4.0e+01 4.7e+00 1.684e+00
#3364  2979   1 | 1.29e+00 0.00e+00   +nan  1.00 | 9.27e-01 1.38e-01 +0.188  0.97 | 2.5e+01 4.5e+00 2.499e+00
#3365  3682   1 | 1.28e+00 0.00e+00   +nan  1.00 | 1.01e+00 1.87e-01 +0.001  1.03 | 2.8e+01 4.5e+00 2.695e+00
#3366  2464   1 | 9.64e-01 0.00e+00   +nan  1.00 | 9.60e-01 1.20e-01 -0.016  1.02 | 3.2e+01 4.5e+00 1.868e+00
#3367  1481   1 | 1.31e+00 0.00e+00   +nan  1.00 | 1.04e+00 4.97e-02 +0.043  1.00 | 4.3e+01 5.1e+00 2.781e+00
#3368  4379   1 | 1.03e+00 0.00e+00   +nan  1.00 | 1.08e+00 2.29e-01 +0.228  0.95 | 2.8e+01 4.9e+00 2.181e+00
#3369  4757   1 | 6.11e-01 0.00e+00   +nan  1.00 | 1.03e+00 1.99e-01 +0.407  0.88 | 2.7e+01 4.2e+00 1.305e+00
#3370   101   1 | 1.29e+00 0.00e+00   +nan  1.00 | 1.08e+00 4.06e-02 +0.027  1.00 | 2.9e+01 4.5e+00 2.836e+00
#3371  4225   1 | 5.53e-01 0.00e+00   +nan  1.00 | 1.03e+00 1.32e-01 +0.122  0.99 | 2.6e+01 4.1e+00 1.349e+00
#3372  3581   1 | 1.09e+00 0.00e+00   +nan  1.00 | 9.80e-01 7.10e-02 +0.161  0.98 | 3.7e+01 4.5e+00 2.127e+00
#3373  3106   1 | 5.76e-01 0.00e+00   +nan  1.00 | 9.77e-01 1.23e-01 +0.063  1.00 | 2.8e+01 5.1e+00 1.287e+00
#3374  2728   1 | 9.09e-01 0.00e+00   +nan  1.00 | 9.18e-01 5.23e-02 +0.151  0.99 | 4.0e+01 4.6e+00 1.656e+00
#3375   937   1 | 1.13e+00 0.00e+00   +nan  1.00 | 1.05e+00 2.69e-02 +0.222  0.99 | 6.2e+01 4.5e+00 2.380e+00
#3376  1961   1 | 5.80e-01 0.00e+00   +nan  1.00 | 1.05e+00 2.29e-02 -0.009  1.00 | 5.3e+01 4.4e+00 1.445e+00
#3377  3163   1 | 1.32e+00 0.00e+00   +nan  1.00 | 1.02e+00 5.58e-02 +0.049  1.00 | 3.2e+01 4.5e+00 2.775e+00
#3378  3139   1 | 9.71e-01 0.00e+00   +nan  1.00 | 1.07e+00 7.51e-02 +0.142  0.99 | 3.3e+01 4.6e+00 2.080e+00
#3379  4168   1 | 8.48e-01 0.00e+00   +nan  1.00 | 9.42e-01 1.15e-01 +0.285  0.95 | 2.9e+01 4.7e+00 1.558e+00
#3380  1459   1 | 1.04e+00 0.00e+00   +nan  1.00 | 1.02e+00 3.71e-02 -0.040  1.00 | 5.2e+01 4.8e+00 2.129e+00
#3381  3483   1 | 1.07e+00 0.00e+00   +nan  1.00 | 9.97e-01 9.27e-02 +0.213  0.97 | 3.5e+01 4.6e+00 2.104e+00
#3382  3892   1 | 1.07e+00 0.00e+00   +nan  1.00 | 9.93e-01 1.20e-01 +0.265  0.95 | 2.5e+01 4.4e+00 2.075e+00
#3383  3588   1 | 1.21e+00 0.00e+00   +nan  1.00 | 9.89e-01 7.24e-02 +0.086  0.99 | 3.7e+01 4.3e+00 2.428e+00
#3384   185   1 | 1.09e+00 0.00e+00   +nan  1.00 | 9.37e-01 4.87e-02 -0.047  1.01 | 3.6e+01 4.1e+00 2.068e+00
#3385  3595   1 | 8.43e-01 0.00e+00   +nan  1.00 | 9.54e-01 2.23e-01 +0.046  1.03 | 3.2e+01 4.9e+00 1.651e+00
#3386  4693   1 | 6.95e-01 0.00e+00   +nan  1.00 | 1.00e+00 2.00e-01 +0.313  0.92 | 3.8e+01 4.0e+00 1.402e+00
#3387  1853   1 | 1.07e+00 0.00e+00   +nan  1.00 | 9.70e-01 7.11e-02 +0.143  0.98 | 5.5e+01 5.3e+00 2.077e+00
#3388  1918   1 | 9.71e-01 0.00e+00   +nan  1.00 | 1.06e+00 5.61e-02 +0.064  1.00 | 5.3e+01 4.5e+00 2.057e+00
#3389   415   1 | 1.12e+00 0.00e+00   +nan  1.00 | 1.13e+00 7.38e-02 +0.035  1.00 | 3.7e+01 4.4e+00 2.544e+00
#3390  3116   1 | 9.59e-01 0.00e+00   +nan  1.00 | 1.06e+00 1.41e-01 +0.200  0.96 | 3.2e+01 4.7e+00 2.011e+00
#3391   345   1 | 4.46e-01 0.00e+00   +nan  1.00 | 1.00e+00 6.26e-02 +0.047  1.00 | 3.9e+01 4.5e+00 1.200e+00
#3392  3061   1 | 1.00e+00 0.00e+00   +nan  1.00 | 8.61e-01 1.37e-01 +0.091  1.00 | 2.8e+01 4.2e+00 1.742e+00
#3393    77   1 | 9.23e-01 0.00e+00   +nan  1.00 | 9.51e-01 8.80e-02 -0.046  1.02 | 3.0e+01 4.8e+00 1.771e+00
#3394  2502   1 | 1.02e+00 0.00e+00   +nan  1.00 | 1.13e+00 6.97e-02 +0.062  1.00 | 4.4e+01 4.3e+00 2.322e+00
#3395  2100   1 | 1.30e+00 0.00e+00   +nan  1.00 | 9.64e-01 7.83e-02 +0.082  0.99 | 5.5e+01 4.4e+00 2.601e+00
#3396  3157   1 | 1.02e+00 0.00e+00   +nan  1.00 | 9.92e-01 1.35e-01 +0.054  1.00 | 3.8e+01 4.4e+00 2.027e+00
#3397  1235   1 | 1.12e+00 0.00e+00   +nan  1.00 | 1.01e+00 7.27e-02 +0.184  0.98 | 4.8e+01 4.8e+00 2.250e+00
#3398  1990   1 | 1.07e+00 0.00e+00   +nan  1.00 | 1.03e+00 6.66e-02 +0.040  1.00 | 5.4e+01 4.9e+00 2.195e+00
#3399  3556   1 | 5.79e-01 0.00e+00   +nan  1.00 | 1.04e+00 1.46e-01 +0.160  0.97 | 4.4e+01 5.0e+00 1.395e+00
#3400    12   1 | 1.08e+00 0.00e+00   +nan  1.00 | 1.04e+00 5.63e-02 -0.065  1.01 | 3.4e+01 4.3e+00 2.264e+00
#3401  3049   1 | 1.01e+00 0.00e+00   +nan  1.00 | 9.45e-01 1.16e-01 +0.061  1.00 | 3.7e+01 4.8e+00 1.911e+00
#3402  4462   1 | 1.41e+00 0.00e+00   +nan  1.00 | 1.01e+00 1.35e-01 +0.125  0.98 | 4.3e+01 4.0e+00 2.988e+00
#3403   446   1 | 1.22e+00 0.00e+00   +nan  1.00 | 1.10e+00 7.15e-02 +0.153  0.98 | 4.3e+01 4.7e+00 2.697e+00
#3404  2887   1 | 1.19e+00 0.00e+00   +nan  1.00 | 9.11e-01 1.18e-01 +0.197  0.97 | 3.3e+01 4.6e+00 2.229e+00
#3405   874   1 | 1.08e+00 0.00e+00   +nan  1.00 | 9.93e-01 6.09e-02 -0.012  1.01 | 4.6e+01 4.4e+00 2.159e+00
#3406  2489   1 | 1.14e+00 0.00e+00   +nan  1.00 | 9.88e-01 8.90e-02 -0.132  1.03 | 4.6e+01 4.7e+00 2.302e+00
#3407  4138   1 | 6.33e-01 0.00e+00   +nan  1.00 | 1.03e+00 2.24e-01 +0.322  0.91 | 2.8e+01 5.3e+00 1.362e+00
#3408  2222   1 | 9.08e-01 0.00e+00   +nan  1.00 | 9.18e-01 4.70e-02 +0.114  0.99 | 5.4e+01 4.1e+00 1.659e+00
#3409  1021   1 | 9.65e-01 0.00e+00   +nan  1.00 | 1.03e+00 4.75e-02 +0.039  1.00 | 5.1e+01 4.3e+00 1.994e+00
#3410   175   1 | 8.26e-01 0.00e+00   +nan  1.00 | 9.54e-01 5.14e-02 -0.104  1.01 | 4.5e+01 4.5e+00 1.604e+00
#3411  2264   1 | 4.49e-01 0.00e+00   +nan  1.00 | 1.00e+00 4.17e-02 +0.000  1.00 | 4.7e+01 5.0e+00 1.206e+00
#3412  2081   1 | 1.30e+00 0.00e+00   +nan  1.00 | 1.09e+00 5.19e-02 +0.051  1.00 | 5.1e+01 4.2e+00 2.894e+00
#3413  1734   1 | 9.61e-01 0.00e+00   +nan  1.00 | 9.60e-01 4.68e-02 -0.061  1.01 | 6.8e+01 4.6e+00 1.853e+00
#3414    12   1 | 1.03e+00 0.00e+00   +nan  1.00 | 9.92e-01 5.50e-02 -0.002  1.00 | 3.2e+01 4.8e+00 2.039e+00
#3415    33   1 | 8.24e-01 0.00e+00   +nan  1.00 | 9.42e-01 8.73e-02 +0.081  0.99 | 2.8e+01 4.6e+00 1.560e+00
#3416   936   1 | 5.69e-01 0.00e+00   +nan  1.00 | 9.77e-01 3.36e-02 -0.041  1.00 | 5.8e+01 4.4e+00 1.282e+00
#3417   519   1 | 1.08e+00 0.00e+00   +nan  1.00 | 9.68e-01 3.11e-02 -0.028  1.00 | 4.3e+01 4.7e+00 2.114e+00
#3418  4863   1 | 7.23e-01 0.00e+00   +nan  1.00 | 9.46e-01 2.10e-01 +0.150  0.98 | 2.9e+01 4.2e+00 1.402e+00
#3419  2075   1 | 5.49e-01 0.00e+00   +nan  1.00 | 1.03e+00 3.51e-02 +0.128  0.99 | 4.7e+01 4.9e+00 1.352e+00
#3420  4466   1 | 1.08e+00 0.00e+00   +nan  1.00 | 9.97e-01 1.16e-01 +0.220  0.96 | 3.6e+01 4.5e+00 2.129e+00
#3421   486   1 | 1.40e+00 0.00e+00   +nan  1.00 | 1.01e+00 3.49e-02 +0.008  1.00 | 3.7e+01 4.6e+00 2.992e+00
#3422   247   1 | 1.32e+00 0.00e+00   +nan  1.00 | 1.02e+00 3.47e-02 +0.091  0.99 | 3.8e+01 4.6e+00 2.772e+00
#3423  4142   1 | 8.77e-01 0.00e+00   +nan  1.00 | 9.10e-01 1.63e-01 +0.081  1.00 | 2.9e+01 4.4e+00 1.600e+00
#3424  3324   1 | 1.03e+00 0.00e+00   +nan  1.00 | 1.02e+00 1.30e-01 +0.231  0.96 | 3.0e+01 4.6e+00 2.054e+00
#3425  3603   1 | 7.15e-01 0.00e+00   +nan  1.00 | 1.00e+00 7.62e-02 +0.007  1.00 | 3.5e+01 4.0e+00 1.521e+00
#3426  3125   1 | 1.09e+00 0.00e+00   +nan  1.00 | 1.02e+00 7.60e-02 +0.121  0.99 | 3.7e+01 4.8e+00 2.221e+00
#3427  3271   1 | 9.90e-01 0.00e+00   +nan  1.00 | 1.07e+00 9.34e-02 +0.148  0.98 | 3.5e+01 4.0e+00 2.114e+00
#3428  1093   1 | 1.04e+00 0.00e+00   +nan  1.00 | 8.36e-01 3.08e-02 -0.034  1.00 | 4.9e+01 4.2e+00 1.786e+00
#3429   959   1 | 1.65e+00 0.00e+00   +nan  1.00 | 9.65e-01 2.66e-02 -0.039  1.00 | 5.0e+01 4.3e+00 3.669e+00
#3430  3915   1 | 1.04e+00 0.00e+00   +nan  1.00 | 1.04e+00 2.88e-01 +0.135  1.00 | 3.1e+01 5.6e+00 2.160e+00
#3431   967   1 | 9.75e-01 0.00e+00   +nan  1.00 | 1.04e+00 3.69e-02 +0.080  1.00 | 5.0e+01 4.6e+00 2.032e+00
#3432  1486   1 | 1.35e+00 0.00e+00   +nan  1.00 | 1.00e+00 3.91e-02 -0.045  1.01 | 4.9e+01 4.3e+00 2.820e+00
#3433  4886   1 | 1.32e+00 5.33e-19 -0.459  1.00 | 1.04e+00 2.10e-01 +0.270  0.93 | 3.0e+01 4.3e+00 2.738e+00
#3434  2496   1 | 4.96e-01 0.00e+00   +nan  1.00 | 1.12e+00 8.82e-02 +0.108  0.99 | 3.4e+01 4.4e+00 1.480e+00
#3435  3630   1 | 1.12e+00 0.00e+00   +nan  1.00 | 1.06e+00 2.06e-01 +0.117  0.99 | 3.1e+01 4.7e+00 2.367e+00
#3436  2077   1 | 1.31e+00 0.00e+00   +nan  1.00 | 1.01e+00 3.56e-02 +0.133  0.99 | 4.0e+01 4.2e+00 2.726e+00
#3437  1982   1 | 1.29e+00 0.00e+00   +nan  1.00 | 9.27e-01 4.04e-02 +0.131  0.99 | 4.7e+01 4.1e+00 2.527e+00
#3438  1169   1 | 5.96e-01 0.00e+00   +nan  1.00 | 1.08e+00 6.39e-02 +0.031  1.00 | 4.3e+01 4.8e+00 1.530e+00
#3439   893   1 | 8.21e-01 0.00e+00   +nan  1.00 | 1.01e+00 4.58e-02 +0.054  1.00 | 4.2e+01 4.3e+00 1.698e+00
#3440   622   1 | 9.65e-01 0.00e+00   +nan  1.00 | 1.06e+00 5.89e-02 +0.105  0.99 | 3.8e+01 4.6e+00 2.053e+00
#3441  2127   1 | 1.09e+00 0.00e+00   +nan  1.00 | 9.37e-01 5.30e-02 +0.026  1.00 | 4.7e+01 4.3e+00 2.067e+00
#3442  3630   1 | 1.09e+00 0.00e+00   +nan  1.00 | 9.80e-01 2.07e-01 +0.132  0.99 | 3.3e+01 4.5e+00 2.131e+00
#3443  1064   1 | 1.32e+00 0.00e+00   +nan  1.00 | 1.12e+00 6.01e-02 -0.092  1.01 | 5.1e+01 4.8e+00 3.021e+00
#3444  3702   1 | 1.17e+00 0.00e+00   +nan  1.00 | 1.05e+00 2.03e-01 +0.171  0.97 | 3.6e+01 4.4e+00 2.446e+00
#3445   794   1 | 1.29e+00 0.00e+00   +nan  1.00 | 9.64e-01 6.08e-02 +0.049  1.00 | 4.5e+01 4.6e+00 2.604e+00
#3446  4283   1 | 9.06e-01 0.00e+00   +nan  1.00 | 9.15e-01 2.38e-01 +0.156  0.99 | 3.0e+01 4.9e+00 1.646e+00
#3447  1043   1 | 1.02e+00 0.00e+00   +nan  1.00 | 1.13e+00 4.86e-02 +0.095  0.99 | 4.6e+01 4.6e+00 2.310e+00
#3448   301   1 | 1.05e+00 0.00e+00   +nan  1.00 | 1.08e+00 4.90e-02 +0.055  1.00 | 3.3e+01 4.3e+00 2.273e+00
#3449  3403   1 | 1.10e+00 0.00e+00   +nan  1.00 | 1.08e+00 1.35e-01 +0.177  0.97 | 4.4e+01 4.4e+00 2.342e+00
#3450  3440   1 | 4.76e-01 0.00e+00   +nan  1.00 | 9.87e-01 1.79e-01 +0.171  0.97 | 4.2e+01 4.3e+00 1.173e+00
#3451  1305   1 | 1.29e+00 0.00e+00   +nan  1.00 | 1.08e+00 4.26e-02 +0.063  1.00 | 4.7e+01 4.4e+00 2.830e+00
#3452  2285   1 | 1.23e+00 0.00e+00   +nan  1.00 | 9.89e-01 6.40e-02 +0.037  1.00 | 4.2e+01 4.8e+00 2.486e+00
#3453  3286   1 | 1.39e+00 0.00e+00   +nan  1.00 | 1.03e+00 1.87e-01 +0.204  0.96 | 3.8e+01 4.6e+00 2.944e+00
#3454     8   1 | 5.53e-01 0.00e+00   +nan  1.00 | 1.04e+00 8.54e-02 +0.100  0.99 | 2.5e+01 4.9e+00 1.382e+00
#3455  1025   1 | 9.23e-01 0.00e+00   +nan  1.00 | 9.51e-01 4.99e-02 +0.022  1.00 | 3.8e+01 3.9e+00 1.756e+00
#3456  1199   1 | 7.71e-01 0.00e+00   +nan  1.00 | 9.59e-01 5.80e-02 +0.137  0.99 | 4.5e+01 4.5e+00 1.502e+00
#3457  1557   1 | 5.13e-01 0.00e+00   +nan  1.00 | 9.97e-01 6.01e-02 -0.021  1.01 | 5.5e+01 4.8e+00 1.263e+00
#3458  1779   1 | 1.11e+00 0.00e+00   +nan  1.00 | 9.82e-01 7.15e-02 -0.019  1.01 | 5.4e+01 4.7e+00 2.195e+00
#3459  3177   1 | 1.13e+00 0.00e+00   +nan  1.00 | 1.01e+00 2.32e-01 -0.015  1.06 | 3.3e+01 4.7e+00 2.343e+00
#3460  4843   1 | 1.18e+00 0.00e+00   +nan  1.00 | 9.58e-01 2.17e-01 +0.073  1.02 | 3.3e+01 4.2e+00 2.320e+00
#3461  3145   1 | 1.12e+00 0.00e+00   +nan  1.00 | 9.75e-01 1.75e-01 -0.089  1.06 | 3.6e+01 4.8e+00 2.274e+00
#3462  1788   1 | 9.71e-01 0.00e+00   +nan  1.00 | 1.02e+00 5.67e-02 +0.031  1.00 | 6.2e+01 4.8e+00 1.978e+00
#3463  4379   1 | 1.01e+00 0.00e+00   +nan  1.00 | 9.45e-01 1.83e-01 +0.006  1.04 | 3.6e+01 4.3e+00 1.938e+00
#3464  4350   1 | 9.64e-01 0.00e+00   +nan  1.00 | 1.07e+00 2.12e-01 +0.208  0.96 | 3.6e+01 4.9e+00 2.034e+00
#3465  1157   1 | 9.69e-01 0.00e+00   +nan  1.00 | 1.06e+00 3.62e-02 +0.017  1.00 | 5.1e+01 4.6e+00 2.059e+00
#3466  4612   1 | 9.96e-01 0.00e+00   +nan  1.00 | 8.61e-01 2.03e-01 +0.232  0.95 | 4.3e+01 4.6e+00 1.693e+00
#3467   295   1 | 5.78e-01 0.00e+00   +nan  1.00 | 1.05e+00 3.13e-02 +0.111  0.99 | 4.3e+01 4.6e+00 1.435e+00
#3468  3501   1 | 1.14e+00 0.00e+00   +nan  1.00 | 9.43e-01 1.51e-01 +0.255  0.94 | 3.7e+01 5.1e+00 2.141e+00
#3469  4189   1 | 1.23e+00 0.00e+00   +nan  1.00 | 1.10e+00 8.34e-02 +0.149  0.98 | 3.1e+01 4.2e+00 2.722e+00
#3470  3817   1 | 7.37e-01 0.00e+00   +nan  1.00 | 1.09e+00 4.94e-02 +0.176  0.99 | 4.0e+01 4.3e+00 1.710e+00
#3471   188   1 | 1.07e+00 0.00e+00   +nan  1.00 | 1.03e+00 3.95e-02 +0.027  1.00 | 3.4e+01 4.5e+00 2.203e+00
#3472  1507   1 | 1.13e+00 0.00e+00   +nan  1.00 | 1.05e+00 3.07e-02 +0.122  0.99 | 6.5e+01 4.8e+00 2.381e+00
#3473  1509   1 | 6.58e-01 0.00e+00   +nan  1.00 | 1.07e+00 2.97e-02 -0.036  1.00 | 6.2e+01 4.7e+00 1.580e+00
#3474   263   1 | 7.38e-01 0.00e+00   +nan  1.00 | 9.49e-01 3.35e-02 +0.035  1.00 | 3.9e+01 4.4e+00 1.444e+00
#3475   769   1 | 1.17e+00 0.00e+00   +nan  1.00 | 1.17e+00 3.30e-02 +0.059  1.00 | 5.3e+01 4.7e+00 2.732e+00
#3476  3847   1 | 1.09e+00 0.00e+00   +nan  1.00 | 9.70e-01 1.19e-01 +0.127  0.98 | 4.0e+01 4.7e+00 2.117e+00
#3477  1665   1 | 1.12e+00 0.00e+00   +nan  1.00 | 1.13e+00 3.42e-02 +0.166  0.99 | 6.2e+01 4.9e+00 2.527e+00
#3478  1601   1 | 9.07e-01 0.00e+00   +nan  1.00 | 9.18e-01 3.69e-02 -0.050  1.01 | 6.4e+01 4.4e+00 1.670e+00
#3479  1883   1 | 1.40e+00 0.00e+00   +nan  1.00 | 1.01e+00 4.81e-02 -0.017  1.00 | 6.4e+01 5.2e+00 2.996e+00
#3480  2161   1 | 1.02e+00 0.00e+00   +nan  1.00 | 1.13e+00 4.18e-02 +0.091  0.99 | 5.5e+01 4.4e+00 2.316e+00
#3481  4355   1 | 9.63e-01 0.00e+00   +nan  1.00 | 1.07e+00 1.37e-01 +0.278  0.95 | 4.3e+01 4.4e+00 2.020e+00
#3482  4207   1 | 6.58e-01 0.00e+00   +nan  1.00 | 1.07e+00 1.94e-01 +0.167  0.97 | 3.2e+01 4.8e+00 1.545e+00
#3483  2341   1 | 1.11e+00 0.00e+00   +nan  1.00 | 9.80e-01 4.41e-02 -0.026  1.00 | 4.9e+01 4.8e+00 2.193e+00
#3484  4484   1 | 1.11e+00 0.00e+00   +nan  1.00 | 1.02e+00 1.12e-01 +0.375  0.93 | 4.9e+01 4.3e+00 2.196e+00
#3485  1077   1 | 1.30e+00 0.00e+00   +nan  1.00 | 9.27e-01 4.49e-02 +0.033  1.00 | 6.2e+01 4.9e+00 2.537e+00
#3486  1309   1 | 6.24e-01 0.00e+00   +nan  1.00 | 1.03e+00 4.60e-02 +0.043  1.00 | 5.4e+01 4.6e+00 1.446e+00
#3487  2656   1 | 5.16e-01 0.00e+00   +nan  1.00 | 9.97e-01 7.35e-02 +0.001  1.01 | 4.8e+01 4.7e+00 1.265e+00
#3488  1032   1 | 8.21e-01 0.00e+00   +nan  1.00 | 1.01e+00 6.36e-02 +0.062  1.00 | 5.0e+01 4.2e+00 1.697e+00
#3489   728   1 | 4.70e-01 0.00e+00   +nan  1.00 | 9.87e-01 6.47e-02 +0.080  0.99 | 4.9e+01 4.7e+00 1.189e+00
#3490  4461   1 | 1.09e+00 0.00e+00   +nan  1.00 | 9.37e-01 1.74e-01 +0.125  0.99 | 4.8e+01 4.5e+00 2.047e+00
#3491  3680   1 | 1.67e+00 0.00e+00   +nan  1.00 | 9.65e-01 1.62e-01 +0.175  0.97 | 3.9e+01 4.6e+00 3.682e+00
#3492  3927   1 | 1.10e+00 0.00e+00   +nan  1.00 | 9.75e-01 1.69e-01 +0.056  1.01 | 3.6e+01 4.5e+00 2.177e+00
#3493   261   1 | 7.71e-01 0.00e+00   +nan  1.00 | 9.59e-01 9.64e-02 +0.055  1.00 | 3.5e+01 4.5e+00 1.513e+00
#3494  4302   1 | 1.29e+00 0.00e+00   +nan  1.00 | 1.01e+00 1.78e-01 +0.224  0.95 | 4.3e+01 4.4e+00 2.643e+00
#3495   848   1 | 1.20e+00 0.00e+00   +nan  1.00 | 1.05e+00 5.36e-02 +0.043  1.00 | 4.2e+01 4.5e+00 2.562e+00
#3496   384   1 | 4.46e-01 0.00e+00   +nan  1.00 | 1.00e+00 7.12e-02 +0.137  0.99 | 4.0e+01 5.0e+00 1.188e+00
#3497  1262   1 | 8.24e-01 0.00e+00   +nan  1.00 | 9.42e-01 1.18e-01 +0.155  0.98 | 4.8e+01 5.0e+00 1.546e+00
#3498  4898   1 | 1.37e+00 0.00e+00   +nan  1.00 | 1.03e+00 2.31e-01 +0.335  0.90 | 3.8e+01 4.9e+00 2.816e+00
#3499  2768   1 | 1.31e+00 0.00e+00   +nan  1.00 | 1.12e+00 1.27e-01 +0.034  1.01 | 4.1e+01 4.8e+00 2.985e+00
#3500  2739   1 | 1.30e+00 0.00e+00   +nan  1.00 | 1.09e+00 1.15e-01 +0.073  1.00 | 4.1e+01 4.2e+00 2.883e+00
#3501  3055   1 | 8.66e-01 0.00e+00   +nan  1.00 | 9.10e-01 1.86e-01 -0.071  1.07 | 3.5e+01 5.2e+00 1.637e+00
#3502   530   1 | 1.08e+00 0.00e+00   +nan  1.00 | 9.93e-01 9.42e-02 +0.047  1.00 | 4.3e+01 4.9e+00 2.155e+00
#3503  2336   1 | 1.29e+00 0.00e+00   +nan  1.00 | 1.08e+00 6.89e-02 +0.066  1.00 | 5.5e+01 4.9e+00 2.817e+00
#3504  4058   1 | 5.65e-01 0.00e+00   +nan  1.00 | 1.03e+00 1.95e-01 +0.227  0.95 | 3.7e+01 4.9e+00 1.324e+00
#3505   272   1 | 1.07e+00 0.00e+00   +nan  1.00 | 9.70e-01 5.47e-02 +0.100  0.99 | 3.5e+01 4.6e+00 2.081e+00
#3506  4442   1 | 6.98e-01 0.00e+00   +nan  1.00 | 1.00e+00 1.49e-01 +0.283  0.94 | 4.3e+01 4.2e+00 1.430e+00
#3507   569   1 | 1.04e+00 0.00e+00   +nan  1.00 | 1.02e+00 5.55e-02 +0.120  0.99 | 3.9e+01 4.8e+00 2.117e+00
#3508  1813   1 | 1.08e+00 0.00e+00   +nan  1.00 | 9.97e-01 4.47e-02 +0.041  1.00 | 6.1e+01 4.6e+00 2.150e+00
#3509  1494   1 | 1.13e+00 0.00e+00   +nan  1.00 | 1.05e+00 4.30e-02 -0.010  1.00 | 5.9e+01 4.8e+00 2.391e+00
#3510  2556   1 | 4.96e-01 0.00e+00   +nan  1.00 | 1.12e+00 4.28e-02 +0.196  0.99 | 4.7e+01 4.2e+00 1.477e+00
#3511   111   1 | 1.08e+00 0.00e+00   +nan  1.00 | 9.68e-01 5.99e-02 -0.017  1.01 | 3.8e+01 4.8e+00 2.118e+00
#3512  3052   1 | 1.11e+00 0.00e+00   +nan  1.00 | 1.06e+00 1.22e-01 +0.139  0.98 | 3.5e+01 4.6e+00 2.340e+00
#3513  1606   1 | 1.10e+00 0.00e+00   +nan  1.00 | 1.08e+00 4.56e-02 +0.176  0.99 | 6.4e+01 4.7e+00 2.356e+00
#3514  4000   1 | 1.18e+00 0.00e+00   +nan  1.00 | 9.58e-01 1.46e-01 +0.064  1.00 | 3.5e+01 4.6e+00 2.321e+00
#3515  1051   1 | 1.31e+00 0.00e+00   +nan  1.00 | 1.04e+00 4.82e-02 +0.045  1.00 | 5.6e+01 4.9e+00 2.782e+00
#3516  3436   1 | 8.41e-01 0.00e+00   +nan  1.00 | 9.54e-01 9.62e-02 +0.087  0.99 | 4.9e+01 3.9e+00 1.610e+00
#3517  3306   1 | 6.21e-01 0.00e+00   +nan  1.00 | 1.08e+00 1.92e-01 +0.052  1.01 | 4.1e+01 4.8e+00 1.576e+00
#3518  1992   1 | 9.63e-01 0.00e+00   +nan  1.00 | 1.06e+00 6.81e-02 +0.218  0.98 | 5.4e+01 5.0e+00 2.032e+00
#3519  1911   1 | 7.39e-01 0.00e+00   +nan  1.00 | 9.49e-01 4.70e-02 +0.040  1.00 | 6.4e+01 4.8e+00 1.447e+00
#3520  2992   1 | 1.22e+00 0.00e+00   +nan  1.00 | 1.10e+00 1.27e-01 +0.208  0.97 | 3.5e+01 4.2e+00 2.678e+00
#3521   988   1 | 1.14e+00 0.00e+00   +nan  1.00 | 9.88e-01 4.61e-02 -0.081  1.01 | 5.7e+01 4.8e+00 2.289e+00
#3522  3442   1 | 5.76e-01 0.00e+00   +nan  1.00 | 1.04e+00 1.11e-01 +0.165  0.98 | 4.8e+01 4.3e+00 1.393e+00
#3523  2061   1 | 5.70e-01 0.00e+00   +nan  1.00 | 9.77e-01 5.39e-02 +0.010  1.00 | 5.8e+01 4.3e+00 1.282e+00
#3524  1678   1 | 8.89e-01 0.00e+00   +nan  1.00 | 9.15e-01 5.64e-02 -0.058  1.01 | 6.4e+01 4.6e+00 1.637e+00
#3525  4931   1 | 1.29e+00 0.00e+00   +nan  1.00 | 9.64e-01 2.08e-01 +0.378  0.88 | 3.7e+01 5.0e+00 2.478e+00
#3526  2419   1 | 1.15e+00 0.00e+00   +nan  1.00 | 9.43e-01 6.35e-02 +0.111  0.99 | 5.3e+01 4.7e+00 2.191e+00
#3527  4652   1 | 6.91e-01 0.00e+00   +nan  1.00 | 1.09e+00 1.90e-01 +0.166  0.97 | 5.0e+01 4.7e+00 1.629e+00
#3528  4000   1 | 1.20e+00 0.00e+00   +nan  1.00 | 9.89e-01 1.27e-01 -0.086  1.04 | 3.6e+01 4.7e+00 2.465e+00
#3529  2715   1 | 9.66e-01 0.00e+00   +nan  1.00 | 9.60e-01 8.25e-02 +0.047  1.00 | 4.3e+01 4.3e+00 1.853e+00
#3530  3219   1 | 1.09e+00 0.00e+00   +nan  1.00 | 9.82e-01 1.41e-01 +0.074  1.00 | 4.4e+01 4.6e+00 2.142e+00
#3531   942   1 | 9.98e-01 0.00e+00   +nan  1.00 | 8.61e-01 5.71e-02 +0.077  0.99 | 5.6e+01 4.6e+00 1.733e+00
#3532  4101   1 | 1.06e+00 0.00e+00   +nan  1.00 | 8.36e-01 2.39e-01 +0.320  0.90 | 3.7e+01 5.0e+00 1.755e+00
#3533    77   1 | 1.00e+00 0.00e+00   +nan  1.00 | 1.07e+00 5.56e-02 +0.053  1.00 | 3.4e+01 4.4e+00 2.159e+00
#3534  3150   1 | 1.02e+00 0.00e+00   +nan  1.00 | 9.92e-01 1.61e-01 +0.036  1.01 | 4.7e+01 5.1e+00 2.038e+00
#3535  1249   1 | 1.21e+00 0.00e+00   +nan  1.00 | 9.11e-01 5.99e-02 +0.132  0.99 | 5.4e+01 5.0e+00 2.278e+00
#3536  3014   1 | 1.13e+00 0.00e+00   +nan  1.00 | 1.01e+00 6.68e-02 +0.114  0.99 | 4.3e+01 4.7e+00 2.270e+00
#3537  1460   1 | 9.64e-01 0.00e+00   +nan  1.00 | 1.03e+00 3.58e-02 +0.033  1.00 | 5.6e+01 4.5e+00 1.993e+00
#3538  2275   1 | 1.17e+00 0.00e+00   +nan  1.00 | 1.17e+00 3.85e-02 +0.145  0.99 | 5.9e+01 4.5e+00 2.721e+00
#3539  1302   1 | 9.75e-01 0.00e+00   +nan  1.00 | 1.04e+00 4.37e-02 +0.248  0.98 | 6.8e+01 4.8e+00 2.016e+00
#3540  1809   1 | 1.07e+00 0.00e+00   +nan  1.00 | 1.03e+00 3.70e-02 -0.086  1.01 | 7.7e+01 4.3e+00 2.205e+00
#3541  2141   1 | 1.04e+00 0.00e+00   +nan  1.00 | 1.08e+00 3.34e-02 -0.036  1.00 | 6.4e+01 4.6e+00 2.267e+00
#3542   793   1 | 1.35e+00 0.00e+00   +nan  1.00 | 1.00e+00 4.16e-02 -0.025  1.00 | 6.2e+01 4.2e+00 2.822e+00
#3543  1852   1 | 9.20e-01 0.00e+00   +nan  1.00 | 9.51e-01 4.01e-02 +0.009  1.00 | 6.7e+01 4.4e+00 1.752e+00
#3544  3444   1 | 5.91e-01 0.00e+00   +nan  1.00 | 1.05e+00 8.58e-02 +0.125  0.99 | 5.0e+01 4.8e+00 1.442e+00
#3545  4895   1 | 1.14e+00 0.00e+00   +nan  1.00 | 1.13e+00 1.62e-01 +0.321  0.93 | 3.4e+01 4.2e+00 2.502e+00
#3546  3379   1 | 1.32e+00 0.00e+00   +nan  1.00 | 1.02e+00 4.73e-02 +0.152  0.99 | 4.8e+01 3.9e+00 2.765e+00
#3547  2777   1 | 1.01e+00 0.00e+00   +nan  1.00 | 9.45e-01 4.62e-02 -0.048  1.01 | 5.1e+01 4.1e+00 1.911e+00
#3548  2484   1 | 9.74e-01 0.00e+00   +nan  1.00 | 1.06e+00 5.56e-02 +0.227  0.98 | 5.2e+01 4.7e+00 2.044e+00
#3549   551   1 | 9.72e-01 0.00e+00   +nan  1.00 | 1.02e+00 5.42e-02 -0.003  1.00 | 5.3e+01 5.1e+00 1.983e+00
#3550   897   1 | 1.08e+00 0.00e+00   +nan  1.00 | 1.04e+00 5.40e-02 -0.024  1.01 | 5.8e+01 5.8e+00 2.259e+00
#3551  3477   1 | 7.38e-01 0.00e+00   +nan  1.00 | 9.46e-01 1.03e-01 +0.088  0.99 | 4.4e+01 4.6e+00 1.433e+00
#3552  4154   1 | 1.10e+00 0.00e+00   +nan  1.00 | 9.37e-01 1.47e-01 +0.118  0.99 | 3.7e+01 4.5e+00 2.085e+00
#3553  3537   1 | 1.29e+00 0.00e+00   +nan  1.00 | 9.27e-01 7.25e-02 +0.143  0.98 | 4.6e+01 4.0e+00 2.505e+00
#3554  1494   1 | 1.11e+00 0.00e+00   +nan  1.00 | 9.82e-01 4.08e-02 -0.039  1.00 | 6.8e+01 4.9e+00 2.195e+00
#3555  3594   1 | 1.07e+00 0.00e+00   +nan  1.00 | 9.93e-01 1.98e-01 +0.173  0.97 | 4.0e+01 5.3e+00 2.095e+00
#3556  2126   1 | 1.07e+00 0.00e+00   +nan  1.00 | 9.70e-01 4.55e-02 -0.069  1.01 | 6.4e+01 4.4e+00 2.102e+00
#3557  4397   1 | 9.83e-01 0.00e+00   +nan  1.00 | 1.04e+00 9.53e-02 +0.175  0.98 | 4.4e+01 4.3e+00 2.027e+00
#3558   215   1 | 8.89e-01 0.00e+00   +nan  1.00 | 9.15e-01 4.90e-02 -0.117  1.02 | 4.4e+01 4.8e+00 1.640e+00
#3559  1754   1 | 1.31e+00 0.00e+00   +nan  1.00 | 1.01e+00 4.55e-02 +0.113  0.99 | 8.6e+01 4.3e+00 2.730e+00
#3560  4515   1 | 9.62e-01 0.00e+00   +nan  1.00 | 9.60e-01 1.30e-01 +0.180  0.97 | 4.5e+01 4.6e+00 1.819e+00
#3561  1066   1 | 1.65e+00 0.00e+00   +nan  1.00 | 9.65e-01 3.99e-02 -0.015  1.00 | 6.5e+01 4.7e+00 3.669e+00
#3562  4011   1 | 9.09e-01 0.00e+00   +nan  1.00 | 9.18e-01 1.42e-01 +0.278  0.94 | 3.4e+01 5.2e+00 1.616e+00
#3563   927   1 | 1.29e+00 0.00e+00   +nan  1.00 | 9.64e-01 3.90e-02 +0.171  0.99 | 6.5e+01 4.5e+00 2.595e+00
#3564  4457   1 | 6.98e-01 0.00e+00   +nan  1.00 | 1.00e+00 1.18e-01 +0.347  0.93 | 4.6e+01 4.7e+00 1.423e+00
#3565  2530   1 | 9.97e-01 0.00e+00   +nan  1.00 | 1.07e+00 5.61e-02 +0.136  0.99 | 5.1e+01 4.3e+00 2.137e+00
#3566   365   1 | 1.18e+00 0.00e+00   +nan  1.00 | 9.58e-01 5.57e-02 +0.066  1.00 | 4.6e+01 4.6e+00 2.305e+00
#3567  2130   1 | 5.57e-01 0.00e+00   +nan  1.00 | 1.04e+00 5.69e-02 +0.019  1.00 | 6.0e+01 4.3e+00 1.397e+00
#3568  4777   1 | 4.67e-01 0.00e+00   +nan  1.00 | 9.87e-01 2.20e-01 +0.343  0.90 | 4.4e+01 5.3e+00 1.092e+00
#3569  3902   1 | 1.06e+00 0.00e+00   +nan  1.00 | 8.36e-01 1.59e-01 +0.383  0.89 | 3.4e+01 4.3e+00 1.749e+00
#3570  4675   1 | 1.22e+00 0.00e+00   +nan  1.00 | 9.11e-01 1.98e-01 +0.357  0.89 | 5.4e+01 4.7e+00 2.225e+00
#3571  4191   1 | 7.97e-01 0.00e+00   +nan  1.00 | 9.59e-01 1.90e-01 +0.197  0.96 | 3.3e+01 4.4e+00 1.518e+00
#3572  3025   1 | 1.08e+00 0.00e+00   +nan  1.00 | 9.68e-01 2.02e-01 +0.061  1.02 | 3.3e+01 4.5e+00 2.114e+00
#3573  4636   1 | 1.30e+00 0.00e+00   +nan  1.00 | 1.08e+00 1.66e-01 +0.255  0.95 | 4.9e+01 4.1e+00 2.793e+00
#3574  1465   1 | 1.07e+00 0.00e+00   +nan  1.00 | 1.03e+00 8.83e-02 +0.062  1.00 | 5.4e+01 4.7e+00 2.196e+00
#3575   813   1 | 1.23e+00 0.00e+00   +nan  1.00 | 9.89e-01 9.32e-02 -0.105  1.03 | 4.2e+01 5.0e+00 2.527e+00
#3576  1425   1 | 9.64e-01 0.00e+00   +nan  1.00 | 1.03e+00 9.02e-02 +0.013  1.01 | 5.4e+01 4.5e+00 2.000e+00
#3577  1505   1 | 1.13e+00 0.00e+00   +nan  1.00 | 1.05e+00 7.04e-02 +0.207  0.98 | 5.4e+01 4.1e+00 2.363e+00
#3578  1020   1 | 1.11e+00 0.00e+00   +nan  1.00 | 1.06e+00 9.42e-02 -0.202  1.04 | 4.4e+01 4.9e+00 2.397e+00
#3579   253   1 | 1.38e+00 0.00e+00   +nan  1.00 | 1.03e+00 6.53e-02 -0.124  1.02 | 4.1e+01 4.1e+00 2.977e+00
#3580  1818   1 | 1.30e+00 0.00e+00   +nan  1.00 | 1.09e+00 7.02e-02 -0.013  1.01 | 5.5e+01 4.9e+00 2.906e+00
#3581  2491   1 | 6.58e-01 0.00e+00   +nan  1.00 | 1.07e+00 8.82e-02 +0.087  0.99 | 3.8e+01 4.3e+00 1.569e+00
#3582  4085   1 | 1.09e+00 0.00e+00   +nan  1.00 | 9.80e-01 1.88e-01 +0.103  1.00 | 3.3e+01 4.3e+00 2.143e+00
#3583   500   1 | 9.23e-01 0.00e+00   +nan  1.00 | 9.51e-01 3.93e-02 +0.014  1.00 | 3.6e+01 4.4e+00 1.757e+00
#3584   540   1 | 4.46e-01 0.00e+00   +nan  1.00 | 1.00e+00 3.95e-02 +0.129  0.99 | 3.9e+01 4.5e+00 1.194e+00
#3585  1902   1 | 1.02e+00 0.00e+00   +nan  1.00 | 9.92e-01 3.41e-02 +0.102  0.99 | 5.9e+01 4.4e+00 2.025e+00
#3586  3923   1 | 5.78e-01 0.00e+00   +nan  1.00 | 9.77e-01 1.19e-01 +0.026  1.01 | 2.9e+01 4.0e+00 1.297e+00
#3587  1197   1 | 1.17e+00 0.00e+00   +nan  1.00 | 1.17e+00 2.99e-02 +0.119  0.99 | 4.7e+01 4.5e+00 2.727e+00
#3588   682   1 | 9.98e-01 0.00e+00   +nan  1.00 | 8.61e-01 2.93e-02 +0.078  1.00 | 4.7e+01 4.8e+00 1.735e+00
#3589  3570   1 | 1.23e+00 0.00e+00   +nan  1.00 | 1.10e+00 8.38e-02 +0.210  0.97 | 3.2e+01 4.6e+00 2.694e+00
#3590  1279   1 | 9.98e-01 0.00e+00   +nan  1.00 | 9.45e-01 2.95e-02 +0.004  1.00 | 5.3e+01 4.3e+00 1.891e+00
#3591   724   1 | 1.04e+00 0.00e+00   +nan  1.00 | 1.02e+00 2.97e-02 +0.272  0.98 | 4.9e+01 5.0e+00 2.112e+00
#3592  2296   1 | 1.15e+00 0.00e+00   +nan  1.00 | 9.43e-01 2.61e-02 +0.160  0.99 | 4.8e+01 4.7e+00 2.194e+00
#3593  3739   1 | 7.58e-01 0.00e+00   +nan  1.00 | 9.49e-01 1.51e-01 +0.138  0.98 | 3.1e+01 4.7e+00 1.459e+00
#3594  3796   1 | 8.44e-01 0.00e+00   +nan  1.00 | 9.54e-01 1.09e-01 +0.123  0.98 | 3.2e+01 4.7e+00 1.608e+00
#3595  1506   1 | 5.97e-01 0.00e+00   +nan  1.00 | 1.08e+00 3.29e-02 +0.047  1.00 | 5.9e+01 4.7e+00 1.530e+00
#3596  3347   1 | 1.07e+00 0.00e+00   +nan  1.00 | 9.97e-01 5.57e-02 +0.086  0.99 | 3.3e+01 4.2e+00 2.131e+00
#3597  2642   1 | 1.41e+00 0.00e+00   +nan  1.00 | 1.01e+00 3.92e-02 +0.021  1.00 | 4.7e+01 5.0e+00 2.997e+00
#3598  3214   1 | 1.13e+00 0.00e+00   +nan  1.00 | 9.88e-01 4.86e-02 +0.062  1.00 | 3.6e+01 4.7e+00 2.256e+00
#3599   991   1 | 1.08e+00 0.00e+00   +nan  1.00 | 1.04e+00 3.86e-02 -0.118  1.01 | 5.0e+01 4.9e+00 2.264e+00
#3600  4092   1 | 9.80e-01 0.00e+00   +nan  1.00 | 1.07e+00 1.52e-01 +0.226  0.96 | 2.9e+01 4.1e+00 2.065e+00
#3601  4403   1 | 8.29e-01 0.00e+00   +nan  1.00 | 9.42e-01 9.95e-02 +0.158  0.98 | 3.4e+01 5.0e+00 1.555e+00
#3602  3798   1 | 1.10e+00 0.00e+00   +nan  1.00 | 9.75e-01 1.16e-01 +0.168  0.97 | 3.1e+01 4.0e+00 2.145e+00
#3603   179   1 | 9.72e-01 0.00e+00   +nan  1.00 | 1.02e+00 3.49e-02 +0.093  0.99 | 3.8e+01 4.2e+00 1.975e+00
#3604  2091   1 | 7.08e-01 0.00e+00   +nan  1.00 | 1.09e+00 4.10e-02 +0.196  0.99 | 5.8e+01 4.3e+00 1.669e+00
#3605  4063   1 | 1.32e+00 0.00e+00   +nan  1.00 | 1.00e+00 1.07e-01 +0.131  0.98 | 3.0e+01 4.3e+00 2.743e+00
#3606  3607   1 | 1.01e+00 0.00e+00   +nan  1.00 | 1.08e+00 9.79e-02 +0.243  0.96 | 3.9e+01 4.6e+00 2.156e+00
#3607  3307   1 | 1.30e+00 0.00e+00   +nan  1.00 | 1.04e+00 1.36e-01 +0.204  0.96 | 3.4e+01 4.2e+00 2.715e+00
#3608  4591   1 | 8.44e-01 0.00e+00   +nan  1.00 | 9.10e-01 2.26e-01 +0.173  0.98 | 3.9e+01 4.6e+00 1.520e+00
#3609  3403   1 | 1.09e+00 0.00e+00   +nan  1.00 | 1.02e+00 1.75e-01 +0.117  0.99 | 4.2e+01 5.0e+00 2.211e+00
#3610  1406   1 | 7.29e-01 0.00e+00   +nan  1.00 | 9.46e-01 4.93e-02 +0.155  0.99 | 4.6e+01 4.5e+00 1.414e+00
#3611   304   1 | 9.70e-01 0.00e+00   +nan  1.00 | 1.06e+00 7.89e-02 -0.030  1.01 | 2.9e+01 4.6e+00 2.071e+00
#3612  3708   1 | 1.17e+00 0.00e+00   +nan  1.00 | 1.05e+00 2.30e-01 +0.076  1.01 | 3.6e+01 4.8e+00 2.493e+00
#3613  2203   1 | 1.32e+00 0.00e+00   +nan  1.00 | 1.02e+00 8.58e-02 +0.044  1.00 | 4.6e+01 4.9e+00 2.775e+00
#3614   750   1 | 5.12e-01 0.00e+00   +nan  1.00 | 9.97e-01 5.61e-02 +0.015  1.00 | 4.2e+01 5.4e+00 1.258e+00
#3615  4234   1 | 4.94e-01 0.00e+00   +nan  1.00 | 1.12e+00 2.36e-01 +0.397  0.88 | 3.4e+01 5.0e+00 1.338e+00
#3616  2026   1 | 1.12e+00 0.00e+00   +nan  1.00 | 1.01e+00 5.40e-02 +0.070  1.00 | 4.8e+01 3.9e+00 2.269e+00
#3617   514   1 | 1.12e+00 0.00e+00   +nan  1.00 | 1.13e+00 5.10e-02 +0.034  1.00 | 4.1e+01 4.1e+00 2.543e+00
#3618  4397   1 | 1.02e+00 0.00e+00   +nan  1.00 | 1.13e+00 2.00e-01 +0.077  1.00 | 3.5e+01 4.5e+00 2.339e+00
#3619  3208   1 | 5.64e-01 0.00e+00   +nan  1.00 | 1.03e+00 1.88e-01 +0.129  0.99 | 3.4e+01 4.6e+00 1.362e+00
#3620   318   1 | 5.78e-01 0.00e+00   +nan  1.00 | 1.05e+00 7.32e-02 +0.006  1.00 | 4.0e+01 4.5e+00 1.446e+00
#3621  3593   1 | 8.44e-01 0.00e+00   +nan  1.00 | 1.01e+00 2.21e-01 +0.155  0.98 | 3.6e+01 4.7e+00 1.718e+00
#3622  4448   1 | 1.10e+00 0.00e+00   +nan  1.00 | 1.08e+00 2.13e-01 +0.241  0.94 | 4.1e+01 4.4e+00 2.321e+00
#3623  1371   1 | 6.24e-01 0.00e+00   +nan  1.00 | 1.03e+00 7.12e-02 +0.122  0.99 | 4.8e+01 4.8e+00 1.435e+00
#3624  3814   1 | 9.55e-01 0.00e+00   +nan  1.00 | 1.06e+00 2.25e-01 +0.304  0.92 | 3.3e+01 4.9e+00 1.948e+00
#3625  1037   1 | 1.32e+00 0.00e+00   +nan  1.00 | 1.12e+00 6.88e-02 -0.105  1.02 | 4.3e+01 4.3e+00 3.026e+00
#3626  2495   1 | 1.17e+00 0.00e+00   +nan  1.00 | 1.17e+00 1.04e-01 +0.294  0.96 | 3.4e+01 4.7e+00 2.671e+00
#3627  3296   1 | 9.71e-01 0.00e+00   +nan  1.00 | 1.02e+00 1.58e-01 +0.132  0.98 | 4.0e+01 4.2e+00 1.961e+00
#3628   617   1 | 1.14e+00 0.00e+00   +nan  1.00 | 9.88e-01 8.46e-02 -0.061  1.02 | 3.6e+01 4.6e+00 2.297e+00
#3629  3876   1 | 8.57e-01 0.00e+00   +nan  1.00 | 9.42e-01 2.69e-01 +0.167  0.99 | 2.9e+01 5.4e+00 1.609e+00
#3630  4141   1 | 4.71e-01 0.00e+00   +nan  1.00 | 9.87e-01 2.26e-01 +0.171  0.97 | 3.4e+01 4.3e+00 1.171e+00
#3631  2222   1 | 4.95e-01 0.00e+00   +nan  1.00 | 1.12e+00 7.91e-02 +0.033  1.00 | 4.2e+01 5.1e+00 1.494e+00
#3632   326   1 | 1.08e+00 0.00e+00   +nan  1.00 | 9.97e-01 1.01e-01 +0.084  0.99 | 3.1e+01 4.9e+00 2.149e+00
#3633  3481   1 | 8.41e-01 0.00e+00   +nan  1.00 | 1.01e+00 2.07e-01 +0.217  0.95 | 3.7e+01 4.3e+00 1.686e+00
#3634  3363   1 | 9.73e-01 0.00e+00   +nan  1.00 | 9.60e-01 2.26e-01 +0.007  1.05 | 3.4e+01 4.9e+00 1.916e+00
#3635   619   1 | 5.12e-01 0.00e+00   +nan  1.00 | 9.97e-01 6.32e-02 +0.037  1.00 | 3.5e+01 5.0e+00 1.255e+00
#3636  3938   1 | 9.94e-01 0.00e+00   +nan  1.00 | 1.06e+00 1.60e-01 +0.115  0.99 | 3.0e+01 4.2e+00 2.095e+00
#3637  1530   1 | 1.11e+00 0.00e+00   +nan  1.00 | 9.80e-01 4.75e-02 +0.068  1.00 | 4.8e+01 4.2e+00 2.193e+00
#3638  1032   1 | 1.02e+00 0.00e+00   +nan  1.00 | 1.13e+00 6.62e-02 +0.089  0.99 | 4.0e+01 4.5e+00 2.309e+00
#3639  1393   1 | 1.15e+00 0.00e+00   +nan  1.00 | 9.43e-01 4.33e-02 +0.020  1.00 | 4.6e+01 4.1e+00 2.202e+00
#3640  1818   1 | 9.21e-01 0.00e+00   +nan  1.00 | 9.51e-01 6.62e-02 +0.064  1.00 | 4.9e+01 5.1e+00 1.748e+00
#3641  4541   1 | 1.65e+00 0.00e+00   +nan  1.00 | 9.65e-01 2.19e-01 +0.211  0.96 | 3.9e+01 4.6e+00 3.621e+00
#3642  1257   1 | 1.32e+00 0.00e+00   +nan  1.00 | 1.02e+00 4.55e-02 -0.035  1.01 | 4.2e+01 3.8e+00 2.781e+00
#3643   860   1 | 7.01e-01 0.00e+00   +nan  1.00 | 1.00e+00 5.10e-02 +0.221  0.98 | 3.6e+01 4.6e+00 1.476e+00
#3644  2034   1 | 1.38e+00 0.00e+00   +nan  1.00 | 1.03e+00 5.39e-02 +0.032  1.00 | 4.6e+01 4.3e+00 2.960e+00
#3645  1634   1 | 5.98e-01 0.00e+00   +nan  1.00 | 1.08e+00 4.36e-02 +0.178  0.99 | 4.9e+01 4.3e+00 1.518e+00
#3646  2514   1 | 1.08e+00 0.00e+00   +nan  1.00 | 9.68e-01 6.38e-02 -0.017  1.01 | 3.6e+01 4.4e+00 2.110e+00
#3647   824   1 | 1.04e+00 0.00e+00   +nan  1.00 | 1.02e+00 4.72e-02 +0.094  0.99 | 3.9e+01 4.2e+00 2.120e+00
#3648  1152   1 | 6.58e-01 0.00e+00   +nan  1.00 | 1.07e+00 6.06e-02 -0.104  1.01 | 4.0e+01 4.9e+00 1.594e+00
#3649   777   1 | 1.11e+00 0.00e+00   +nan  1.00 | 1.06e+00 5.40e-02 -0.027  1.01 | 4.1e+01 4.5e+00 2.353e+00
#3650  1467   1 | 1.21e+00 0.00e+00   +nan  1.00 | 9.11e-01 5.36e-02 +0.083  0.99 | 5.0e+01 4.7e+00 2.282e+00
#3651  1602   1 | 9.63e-01 0.00e+00   +nan  1.00 | 1.06e+00 4.89e-02 +0.288  0.98 | 5.0e+01 4.7e+00 2.033e+00
#3652  4111   1 | 8.34e-01 0.00e+00   +nan  1.00 | 9.54e-01 1.73e-01 +0.156  0.98 | 3.3e+01 4.3e+00 1.584e+00
#3653  4072   1 | 4.50e-01 0.00e+00   +nan  1.00 | 1.00e+00 2.26e-01 +0.121  1.00 | 3.0e+01 4.8e+00 1.202e+00
#3654  4948   1 | 1.09e+00 0.00e+00   +nan  1.00 | 9.93e-01 1.66e-01 +0.403  0.89 | 3.8e+01 4.4e+00 2.064e+00
#3655   970   1 | 1.35e+00 0.00e+00   +nan  1.00 | 1.00e+00 4.55e-02 -0.023  1.00 | 5.0e+01 4.4e+00 2.821e+00
#3656  4525   1 | 9.96e-01 0.00e+00   +nan  1.00 | 8.61e-01 1.73e-01 +0.377  0.89 | 3.9e+01 4.3e+00 1.651e+00
#3657  1522   1 | 7.29e-01 0.00e+00   +nan  1.00 | 9.46e-01 3.33e-02 +0.038  1.00 | 5.3e+01 4.5e+00 1.425e+00
#3658  2009   1 | 1.22e+00 0.00e+00   +nan  1.00 | 1.10e+00 5.84e-02 +0.162  0.99 | 4.1e+01 4.5e+00 2.698e+00
#3659  3051   1 | 5.67e-01 0.00e+00   +nan  1.00 | 1.04e+00 1.27e-01 +0.079  1.00 | 3.0e+01 4.6e+00 1.403e+00
#3660  2797   1 | 1.29e+00 0.00e+00   +nan  1.00 | 9.27e-01 1.47e-01 +0.005  1.02 | 3.1e+01 4.9e+00 2.550e+00
#3661  3023   1 | 5.60e-01 0.00e+00   +nan  1.00 | 1.03e+00 1.30e-01 +0.155  0.98 | 2.9e+01 4.4e+00 1.348e+00
#3662  1142   1 | 1.14e+00 0.00e+00   +nan  1.00 | 9.75e-01 5.13e-02 -0.125  1.02 | 4.5e+01 4.4e+00 2.272e+00
#3663  2778   1 | 5.74e-01 0.00e+00   +nan  1.00 | 9.77e-01 6.60e-02 +0.187  0.98 | 3.7e+01 4.9e+00 1.264e+00
#3664  3651   1 | 1.13e+00 0.00e+00   +nan  1.00 | 1.01e+00 1.97e-01 +0.236  0.95 | 3.6e+01 5.0e+00 2.237e+00
#3665  4528   1 | 1.03e+00 0.00e+00   +nan  1.00 | 9.92e-01 1.34e-01 +0.204  0.96 | 3.8e+01 4.2e+00 2.010e+00
#3666  3472   1 | 1.11e+00 0.00e+00   +nan  1.00 | 1.05e+00 1.41e-01 +0.195  0.97 | 3.5e+01 5.2e+00 2.290e+00
#3667  1934   1 | 8.55e-01 0.00e+00   +nan  1.00 | 9.10e-01 4.93e-02 -0.099  1.01 | 4.5e+01 4.3e+00 1.570e+00
#3668  1542   1 | 7.39e-01 0.00e+00   +nan  1.00 | 9.49e-01 4.58e-02 -0.008  1.00 | 4.8e+01 4.3e+00 1.450e+00
#3669  4053   1 | 7.29e-01 0.00e+00   +nan  1.00 | 1.09e+00 2.19e-01 +0.094  1.00 | 3.4e+01 4.6e+00 1.718e+00
#3670  1636   1 | 1.08e+00 0.00e+00   +nan  1.00 | 1.04e+00 6.33e-02 -0.140  1.02 | 4.7e+01 4.8e+00 2.271e+00
#3671   469   1 | 1.21e+00 0.00e+00   +nan  1.00 | 1.05e+00 5.19e-02 +0.046  1.00 | 3.4e+01 4.7e+00 2.563e+00
#3672  4305   1 | 1.08e+00 0.00e+00   +nan  1.00 | 9.70e-01 2.06e-01 +0.211  0.96 | 3.3e+01 4.6e+00 2.054e+00
#3673  1195   1 | 5.78e-01 0.00e+00   +nan  1.00 | 1.05e+00 4.69e-02 +0.147  0.99 | 4.1e+01 4.4e+00 1.430e+00
#3674   982   1 | 1.10e+00 0.00e+00   +nan  1.00 | 1.08e+00 4.75e-02 +0.151  0.99 | 4.6e+01 4.9e+00 2.359e+00
#3675    64   1 | 1.23e+00 0.00e+00   +nan  1.00 | 9.89e-01 4.13e-02 -0.113  1.01 | 3.1e+01 3.9e+00 2.511e+00
#3676   469   1 | 6.23e-01 0.00e+00   +nan  1.00 | 1.03e+00 4.42e-02 +0.037  1.00 | 3.3e+01 4.7e+00 1.446e+00
#3677  2943   1 | 1.01e+00 0.00e+00   +nan  1.00 | 9.45e-01 9.53e-02 -0.010  1.01 | 2.8e+01 4.6e+00 1.919e+00
#3678  1794   1 | 1.09e+00 0.00e+00   +nan  1.00 | 9.37e-01 4.79e-02 -0.047  1.01 | 5.8e+01 4.6e+00 2.071e+00
#3679  4383   1 | 1.41e+00 0.00e+00   +nan  1.00 | 1.01e+00 1.75e-01 +0.152  0.98 | 3.0e+01 4.8e+00 2.988e+00
#3680  4217   1 | 9.95e-01 0.00e+00   +nan  1.00 | 1.07e+00 2.24e-01 +0.360  0.89 | 3.1e+01 4.9e+00 2.023e+00
#3681  1279   1 | 1.05e+00 0.00e+00   +nan  1.00 | 1.08e+00 3.95e-02 -0.092  1.01 | 4.6e+01 4.5e+00 2.283e+00
#3682  3063   1 | 1.31e+00 0.00e+00   +nan  1.00 | 1.12e+00 8.81e-02 +0.052  1.00 | 2.5e+01 4.5e+00 2.964e+00
#3683  4537   1 | 8.88e-01 0.00e+00   +nan  1.00 | 9.15e-01 2.07e-01 -0.042  1.07 | 3.5e+01 5.0e+00 1.685e+00
#3684  3331   1 | 1.29e+00 0.00e+00   +nan  1.00 | 1.01e+00 1.43e-01 +0.175  0.97 | 3.0e+01 4.4e+00 2.657e+00
#3685  2836   1 | 9.66e-01 0.00e+00   +nan  1.00 | 1.07e+00 4.67e-02 +0.103  0.99 | 2.7e+01 4.2e+00 2.080e+00
#3686  4735   1 | 9.63e-01 0.00e+00   +nan  1.00 | 1.04e+00 1.64e-01 +0.173  0.97 | 3.2e+01 4.4e+00 1.983e+00
#3687  4138   1 | 1.19e+00 0.00e+00   +nan  1.00 | 9.58e-01 1.22e-01 +0.096  0.99 | 2.3e+01 4.4e+00 2.316e+00
#3688  1455   1 | 1.29e+00 0.00e+00   +nan  1.00 | 9.64e-01 2.15e-02 +0.096  1.00 | 5.3e+01 4.7e+00 2.603e+00
#3689  1242   1 | 1.11e+00 0.00e+00   +nan  1.00 | 9.82e-01 1.72e-02 -0.066  1.00 | 4.9e+01 4.2e+00 2.195e+00
#3690  2717   1 | 1.28e+00 0.00e+00   +nan  1.00 | 1.08e+00 2.36e-02 +0.046  1.00 | 3.8e+01 4.0e+00 2.811e+00
#3691  1901   1 | 1.30e+00 0.00e+00   +nan  1.00 | 1.09e+00 2.22e-02 +0.193  0.99 | 6.0e+01 4.5e+00 2.890e+00
#3692   357   1 | 1.12e+00 0.00e+00   +nan  1.00 | 1.13e+00 2.22e-02 -0.023  1.00 | 4.3e+01 4.4e+00 2.546e+00
#3693  3966   1 | 9.09e-01 0.00e+00   +nan  1.00 | 9.18e-01 1.14e-01 +0.203  0.96 | 2.5e+01 4.6e+00 1.639e+00
#3694  1231   1 | 7.71e-01 0.00e+00   +nan  1.00 | 9.59e-01 1.79e-02 +0.036  1.00 | 4.9e+01 4.7e+00 1.513e+00
#3695   664   1 | 9.65e-01 0.00e+00   +nan  1.00 | 1.03e+00 2.01e-02 +0.049  1.00 | 5.0e+01 4.6e+00 1.995e+00
#3696  3466   1 | 1.05e+00 0.00e+00   +nan  1.00 | 1.03e+00 4.35e-02 +0.085  0.99 | 3.7e+01 4.5e+00 2.156e+00
#3697  2399   1 | 1.30e+00 0.00e+00   +nan  1.00 | 1.04e+00 2.70e-02 +0.098  1.00 | 4.3e+01 4.3e+00 2.770e+00
#3698  1865   1 | 1.11e+00 0.00e+00   +nan  1.00 | 1.02e+00 2.05e-02 -0.043  1.00 | 5.0e+01 4.4e+00 2.261e+00
#3699   665   1 | 1.04e+00 0.00e+00   +nan  1.00 | 8.36e-01 2.20e-02 +0.096  1.00 | 4.9e+01 4.6e+00 1.780e+00
#3700  3097   1 | 9.69e-01 0.00e+00   +nan  1.00 | 9.60e-01 4.49e-02 +0.042  1.00 | 2.9e+01 4.5e+00 1.859e+00
#3701   816   1 | 1.31e+00 0.00e+00   +nan  1.00 | 1.01e+00 2.69e-02 +0.179  0.99 | 4.3e+01 4.9e+00 2.736e+00
#3702    65   1 | 1.11e+00 0.00e+00   +nan  1.00 | 1.06e+00 2.86e-02 -0.143  1.01 | 3.4e+01 4.7e+00 2.358e+00
#3703  3392   1 | 1.07e+00 0.00e+00   +nan  1.00 | 9.97e-01 4.99e-02 +0.021  1.00 | 3.4e+01 4.7e+00 2.137e+00
#3704  3981   1 | 1.40e+00 0.00e+00   +nan  1.00 | 1.03e+00 5.03e-02 +0.172  0.99 | 3.2e+01 4.5e+00 2.994e+00
#3705  4734   1 | 9.69e-01 0.00e+00   +nan  1.00 | 1.06e+00 1.69e-01 +0.252  0.94 | 3.3e+01 4.4e+00 2.009e+00
#3706   613   1 | 7.28e-01 0.00e+00   +nan  1.00 | 9.46e-01 1.98e-02 +0.064  1.00 | 4.1e+01 4.0e+00 1.423e+00
#3707  4989   1 | 1.24e+00 3.74e-23 -0.588  1.00 | 9.11e-01 1.39e-01 +0.298  0.93 | 3.5e+01 3.7e+00 2.300e+00
#3708  1103   1 | 8.89e-01 0.00e+00   +nan  1.00 | 9.15e-01 3.39e-02 -0.136  1.01 | 5.1e+01 5.2e+00 1.636e+00
#3709   704   1 | 1.22e+00 0.00e+00   +nan  1.00 | 1.10e+00 3.35e-02 +0.058  1.00 | 3.8e+01 4.9e+00 2.712e+00
#3710   568   1 | 1.08e+00 0.00e+00   +nan  1.00 | 9.68e-01 3.13e-02 -0.007  1.00 | 3.3e+01 4.5e+00 2.112e+00
#3711  3817   1 | 9.85e-01 0.00e+00   +nan  1.00 | 1.07e+00 6.67e-02 +0.145  0.99 | 3.0e+01 4.2e+00 2.109e+00
#3712  1007   1 | 1.35e+00 0.00e+00   +nan  1.00 | 1.00e+00 3.02e-02 -0.101  1.01 | 4.9e+01 4.4e+00 2.824e+00
#3713  2332   1 | 1.00e+00 0.00e+00   +nan  1.00 | 9.45e-01 3.76e-02 -0.035  1.00 | 3.7e+01 4.9e+00 1.901e+00
#3714  1644   1 | 1.04e+00 0.00e+00   +nan  1.00 | 8.36e-01 2.78e-02 +0.193  0.99 | 5.0e+01 5.0e+00 1.776e+00
#3715  4338   1 | 1.14e+00 0.00e+00   +nan  1.00 | 9.43e-01 1.83e-01 +0.220  0.95 | 3.1e+01 4.3e+00 2.150e+00
#3716  4330   1 | 1.09e+00 0.00e+00   +nan  1.00 | 9.82e-01 1.72e-01 +0.249  0.94 | 3.4e+01 4.6e+00 2.089e+00
#3717  1287   1 | 1.07e+00 0.00e+00   +nan  1.00 | 1.03e+00 3.47e-02 +0.188  0.99 | 4.4e+01 4.8e+00 2.188e+00
#3718  4464   1 | 1.07e+00 0.00e+00   +nan  1.00 | 9.70e-01 1.86e-01 +0.281  0.93 | 3.4e+01 4.7e+00 2.015e+00
#3719   482   1 | 9.75e-01 0.00e+00   +nan  1.00 | 1.04e+00 3.77e-02 +0.104  0.99 | 3.4e+01 5.1e+00 2.030e+00
#3720  2678   1 | 1.31e+00 0.00e+00   +nan  1.00 | 1.12e+00 5.12e-02 +0.097  0.99 | 3.3e+01 4.7e+00 2.973e+00
#3721  4731   1 | 1.08e+00 0.00e+00   +nan  1.00 | 9.37e-01 2.28e-01 +0.080  1.02 | 3.7e+01 4.3e+00 2.053e+00
#3722   640   1 | 4.70e-01 0.00e+00   +nan  1.00 | 9.87e-01 3.57e-02 +0.072  1.00 | 4.1e+01 5.5e+00 1.192e+00
#3723  4942   1 | 1.09e+00 0.00e+00   +nan  1.00 | 9.93e-01 2.02e-01 +0.301  0.92 | 3.0e+01 4.5e+00 2.089e+00
#3724  3084   1 | 1.19e+00 0.00e+00   +nan  1.00 | 1.05e+00 2.07e-01 +0.144  0.98 | 2.7e+01 4.6e+00 2.501e+00
#3725  2680   1 | 5.16e-01 0.00e+00   +nan  1.00 | 9.97e-01 6.14e-02 -0.056  1.01 | 3.3e+01 4.8e+00 1.271e+00
#3726   281   1 | 1.11e+00 0.00e+00   +nan  1.00 | 9.80e-01 5.21e-02 +0.015  1.00 | 2.8e+01 4.4e+00 2.203e+00
#3727  4109   1 | 4.49e-01 0.00e+00   +nan  1.00 | 1.00e+00 1.38e-01 +0.259  0.95 | 3.2e+01 4.1e+00 1.152e+00
#3728  3289   1 | 1.27e+00 0.00e+00   +nan  1.00 | 1.08e+00 2.16e-01 -0.047  1.06 | 3.2e+01 4.7e+00 2.858e+00
#3729  3141   1 | 1.66e+00 0.00e+00   +nan  1.00 | 9.65e-01 1.32e-01 +0.041  1.01 | 2.9e+01 4.4e+00 3.697e+00
#3730  4203   1 | 1.30e+00 1.89e-18 -0.348  1.00 | 9.27e-01 1.95e-01 +0.189  0.96 | 2.9e+01 4.5e+00 2.508e+00
#3731  1942   1 | 5.48e-01 0.00e+00   +nan  1.00 | 1.03e+00 3.78e-02 +0.120  0.99 | 4.1e+01 4.2e+00 1.351e+00
#3732   413   1 | 5.68e-01 0.00e+00   +nan  1.00 | 9.77e-01 3.82e-02 -0.032  1.00 | 3.4e+01 4.8e+00 1.282e+00
#3733  4407   1 | 8.29e-01 0.00e+00   +nan  1.00 | 9.42e-01 1.89e-01 +0.317  0.91 | 2.9e+01 4.2e+00 1.498e+00
#3734   191   1 | 7.38e-01 0.00e+00   +nan  1.00 | 9.49e-01 4.29e-02 -0.083  1.01 | 2.8e+01 4.3e+00 1.454e+00
#3735  4762   1 | 9.95e-01 0.00e+00   +nan  1.00 | 8.61e-01 1.86e-01 +0.277  0.93 | 3.9e+01 4.2e+00 1.678e+00
#3736  3514   1 | 1.13e+00 0.00e+00   +nan  1.00 | 9.88e-01 1.17e-01 +0.146  0.98 | 2.7e+01 4.4e+00 2.231e+00
#3737  4550   1 | 6.58e-01 0.00e+00   +nan  1.00 | 1.07e+00 2.50e-01 +0.187  0.97 | 3.3e+01 4.9e+00 1.539e+00
#3738  3641   1 | 4.99e-01 0.00e+00   +nan  1.00 | 1.12e+00 1.37e-01 +0.356  0.93 | 2.7e+01 4.3e+00 1.407e+00
#3739  1737   1 | 5.79e-01 0.00e+00   +nan  1.00 | 1.05e+00 2.56e-02 +0.196  0.99 | 5.5e+01 4.0e+00 1.433e+00
#3740  4357   1 | 1.03e+00 0.00e+00   +nan  1.00 | 1.13e+00 1.88e-01 +0.134  0.98 | 2.8e+01 4.5e+00 2.317e+00
#3741  4922   1 | 1.11e+00 3.25e-19 -0.154  1.00 | 1.01e+00 2.22e-01 +0.197  0.96 | 3.6e+01 4.7e+00 2.212e+00
#3742   565   1 | 9.07e-01 0.00e+00   +nan  1.00 | 9.18e-01 3.80e-02 -0.011  1.00 | 3.4e+01 4.4e+00 1.667e+00
#3743  4950   1 | 9.69e-01 1.32e-17 -0.011  1.00 | 1.03e+00 2.44e-01 +0.427  0.85 | 3.4e+01 4.6e+00 1.848e+00
#3744  3856   1 | 8.79e-01 0.00e+00   +nan  1.00 | 9.51e-01 1.44e-01 +0.152  0.98 | 2.6e+01 4.7e+00 1.656e+00
#3745  2407   1 | 8.29e-01 0.00e+00   +nan  1.00 | 9.54e-01 5.91e-02 +0.080  0.99 | 3.1e+01 4.6e+00 1.592e+00
#3746  2258   1 | 6.02e-01 0.00e+00   +nan  1.00 | 1.08e+00 3.19e-02 +0.103  0.99 | 3.4e+01 4.1e+00 1.531e+00
#3747  1883   1 | 7.73e-01 0.00e+00   +nan  1.00 | 9.59e-01 2.93e-02 +0.097  1.00 | 4.3e+01 3.9e+00 1.512e+00
#3748  4560   1 | 5.44e-01 0.00e+00   +nan  1.00 | 1.04e+00 2.30e-01 +0.343  0.90 | 3.4e+01 4.6e+00 1.270e+00
#3749  3154   1 | 7.10e-01 0.00e+00   +nan  1.00 | 1.00e+00 1.69e-01 +0.225  0.95 | 2.5e+01 4.7e+00 1.460e+00
#3750  1425   1 | 7.05e-01 0.00e+00   +nan  1.00 | 1.09e+00 3.97e-02 +0.071  1.00 | 4.0e+01 4.8e+00 1.677e+00
#3751    21   1 | 1.23e+00 2.74e-21 -0.087  1.00 | 9.89e-01 7.88e-02 -0.076  1.02 | 2.2e+01 5.2e+00 2.518e+00
#3752  3699   1 | 1.09e+00 0.00e+00   +nan  1.00 | 1.13e+00 1.89e-01 +0.154  0.98 | 2.5e+01 4.3e+00 2.435e+00
#3753  2848   1 | 1.41e+00 0.00e+00   +nan  1.00 | 1.01e+00 1.31e-01 -0.081  1.04 | 2.3e+01 4.9e+00 3.037e+00
#3754  3129   1 | 1.12e+00 0.00e+00   +nan  1.00 | 1.05e+00 1.76e-01 +0.270  0.94 | 2.5e+01 4.6e+00 2.280e+00
#3755  3728   1 | 8.47e-01 2.08e-22 +0.184  1.00 | 1.01e+00 2.05e-01 +0.157  0.98 | 2.3e+01 4.6e+00 1.721e+00
#3756  2321   1 | 1.17e+00 0.00e+00   +nan  1.00 | 1.17e+00 3.16e-02 +0.224  0.99 | 3.4e+01 4.6e+00 2.717e+00
#3757  4658   1 | 1.09e+00 1.12e-22 -0.499  1.00 | 1.04e+00 2.57e-01 +0.164  0.98 | 4.5e+01 5.5e+00 2.256e+00
#3758  4463   1 | 1.18e+00 0.00e+00   +nan  1.00 | 9.58e-01 2.10e-01 +0.084  1.01 | 2.9e+01 4.6e+00 2.332e+00
#3759  1906   1 | 1.02e+00 0.00e+00   +nan  1.00 | 9.92e-01 2.08e-02 +0.068  1.00 | 4.2e+01 4.2e+00 2.029e+00
#3760  1695   1 | 1.30e+00 0.00e+00   +nan  1.00 | 1.09e+00 2.69e-02 +0.063  1.00 | 5.1e+01 4.9e+00 2.897e+00
#3761   203   1 | 9.72e-01 0.00e+00   +nan  1.00 | 1.02e+00 2.37e-02 +0.010  1.00 | 2.9e+01 4.3e+00 1.981e+00
#3762  4642   1 | 9.63e-01 0.00e+00   +nan  1.00 | 1.06e+00 1.78e-01 +0.168  0.97 | 2.9e+01 4.2e+00 2.014e+00
#3763  1191   1 | 1.29e+00 0.00e+00   +nan  1.00 | 9.64e-01 3.37e-02 +0.276  0.98 | 4.7e+01 5.2e+00 2.589e+00
#3764  1117   1 | 1.32e+00 0.00e+00   +nan  1.00 | 1.02e+00 2.96e-02 +0.078  1.00 | 4.4e+01 4.5e+00 2.772e+00
#3765  4595   1 | 1.05e+00 3.74e-23 +0.266  1.00 | 1.08e+00 2.39e-01 +0.319  0.91 | 3.1e+01 4.6e+00 2.181e+00
#3766    75   1 | 1.04e+00 6.60e-21 -0.033  1.00 | 1.02e+00 4.06e-02 +0.091  0.99 | 2.3e+01 4.8e+00 2.123e+00
#3767  1423   1 | 8.53e-01 0.00e+00   +nan  1.00 | 9.10e-01 2.45e-02 -0.049  1.00 | 5.0e+01 4.6e+00 1.559e+00
#3768   135   1 | 6.23e-01 0.00e+00   +nan  1.00 | 1.03e+00 4.48e-02 +0.179  0.99 | 3.1e+01 4.7e+00 1.432e+00
#3769  2169   1 | 1.10e+00 0.00e+00   +nan  1.00 | 1.08e+00 3.51e-02 +0.156  0.99 | 4.7e+01 4.5e+00 2.361e+00
#3770  1244   1 | 1.31e+00 0.00e+00   +nan  1.00 | 1.04e+00 3.42e-02 +0.002  1.00 | 4.3e+01 4.0e+00 2.785e+00
#3771  2872   1 | 1.10e+00 0.00e+00   +nan  1.00 | 1.02e+00 5.53e-02 +0.040  1.00 | 2.7e+01 4.4e+00 2.240e+00
#3772  1084   1 | 1.00e+00 0.00e+00   +nan  1.00 | 1.07e+00 3.44e-02 +0.058  1.00 | 4.8e+01 4.4e+00 2.157e+00
#3773  3539   1 | 1.11e+00 0.00e+00   +nan  1.00 | 9.75e-01 1.54e-01 -0.058  1.04 | 3.0e+01 5.0e+00 2.228e+00
#3774  3294   1 | 9.74e-01 0.00e+00   +nan  1.00 | 1.07e+00 1.31e-01 +0.006  1.01 | 3.1e+01 4.5e+00 2.118e+00
#3775  2536   1 | 1.29e+00 0.00e+00   +nan  1.00 | 9.27e-01 5.25e-02 +0.097  0.99 | 3.3e+01 4.3e+00 2.525e+00
#3776  1049   1 | 1.14e+00 0.00e+00   +nan  1.00 | 9.75e-01 3.69e-02 -0.187  1.02 | 5.7e+01 4.7e+00 2.272e+00
#3777  3760   1 | 4.75e-01 0.00e+00   +nan  1.00 | 9.87e-01 9.36e-02 +0.143  0.98 | 2.7e+01 4.8e+00 1.183e+00
#3778  3455   1 | 1.10e+00 0.00e+00   +nan  1.00 | 1.08e+00 6.06e-02 +0.235  0.98 | 3.5e+01 4.9e+00 2.349e+00
#3779  4838   1 | 9.55e-01 0.00e+00   +nan  1.00 | 1.06e+00 2.21e-01 +0.336  0.90 | 2.8e+01 4.8e+00 1.922e+00
#3780  3360   1 | 7.91e-01 0.00e+00   +nan  1.00 | 9.59e-01 3.73e-02 +0.327  0.98 | 4.0e+01 4.9e+00 1.522e+00
#3781  2835   1 | 8.96e-01 0.00e+00   +nan  1.00 | 9.15e-01 4.00e-02 +0.017  1.00 | 3.5e+01 4.2e+00 1.640e+00
#3782  1696   1 | 1.29e+00 0.00e+00   +nan  1.00 | 1.08e+00 5.14e-02 +0.075  1.00 | 7.7e+01 5.0e+00 2.825e+00
#3783  4947   1 | 4.92e-01 0.00e+00   +nan  1.00 | 1.12e+00 1.74e-01 +0.393  0.90 | 2.7e+01 4.2e+00 1.367e+00
#3784  2007   1 | 1.04e+00 0.00e+00   +nan  1.00 | 1.08e+00 4.13e-02 +0.078  1.00 | 6.0e+01 4.7e+00 2.261e+00
#3785  2859   1 | 1.01e+00 0.00e+00   +nan  1.00 | 9.45e-01 5.32e-02 -0.092  1.01 | 3.8e+01 4.8e+00 1.918e+00
#3786  3420   1 | 6.25e-01 0.00e+00   +nan  1.00 | 1.08e+00 6.47e-02 +0.078  0.99 | 5.0e+01 4.3e+00 1.559e+00
#3787  3914   1 | 1.16e+00 0.00e+00   +nan  1.00 | 1.05e+00 9.52e-02 +0.105  0.99 | 2.7e+01 4.5e+00 2.457e+00
#3788  1922   1 | 1.30e+00 0.00e+00   +nan  1.00 | 1.09e+00 4.40e-02 +0.227  0.98 | 7.5e+01 4.4e+00 2.879e+00
#3789  4363   1 | 1.00e+00 0.00e+00   +nan  1.00 | 1.07e+00 8.51e-02 +0.285  0.96 | 3.4e+01 4.9e+00 2.115e+00
#3790  1980   1 | 1.08e+00 0.00e+00   +nan  1.00 | 1.04e+00 3.81e-02 -0.006  1.00 | 7.1e+01 4.0e+00 2.246e+00
#3791  1890   1 | 1.04e+00 0.00e+00   +nan  1.00 | 8.36e-01 6.74e-02 +0.236  0.97 | 7.4e+01 4.8e+00 1.763e+00
#3792  4699   1 | 6.12e-01 0.00e+00   +nan  1.00 | 1.03e+00 2.05e-01 +0.367  0.89 | 3.0e+01 4.5e+00 1.320e+00
#3793   300   1 | 1.22e+00 0.00e+00   +nan  1.00 | 1.10e+00 6.81e-02 +0.032  1.00 | 4.7e+01 5.1e+00 2.716e+00
#3794  4083   1 | 8.53e-01 0.00e+00   +nan  1.00 | 9.42e-01 9.97e-02 +0.207  0.97 | 2.8e+01 4.9e+00 1.586e+00
#3795  3946   1 | 1.06e+00 0.00e+00   +nan  1.00 | 9.82e-01 7.53e-02 +0.245  0.97 | 3.2e+01 4.0e+00 2.067e+00
#3796  1166   1 | 1.29e+00 0.00e+00   +nan  1.00 | 9.64e-01 8.30e-02 +0.315  0.95 | 6.6e+01 5.1e+00 2.562e+00
#3797  3559   1 | 1.67e+00 0.00e+00   +nan  1.00 | 9.65e-01 9.83e-02 +0.173  0.98 | 3.8e+01 4.4e+00 3.682e+00
#3798  2892   1 | 7.07e-01 0.00e+00   +nan  1.00 | 1.00e+00 7.43e-02 +0.137  0.99 | 3.8e+01 4.1e+00 1.490e+00
#3799  2297   1 | 1.08e+00 0.00e+00   +nan  1.00 | 9.93e-01 7.76e-02 -0.019  1.01 | 5.4e+01 4.5e+00 2.157e+00
[best] step 3800: trailing ratio_p=0.9809 (new best)
#3800  3240   1 | 1.10e+00 0.00e+00   +nan  1.00 | 9.37e-01 1.34e-01 +0.038  1.01 | 4.2e+01 4.8e+00 2.099e+00
#3801  2751   1 | 1.18e+00 0.00e+00   +nan  1.00 | 9.58e-01 8.91e-02 -0.073  1.02 | 5.1e+01 4.3e+00 2.327e+00
#3802  2613   1 | 1.11e+00 0.00e+00   +nan  1.00 | 9.80e-01 1.01e-01 +0.102  0.99 | 4.9e+01 4.3e+00 2.173e+00
#3803  1731   1 | 5.48e-01 0.00e+00   +nan  1.00 | 1.03e+00 1.07e-01 +0.026  1.01 | 7.2e+01 4.7e+00 1.364e+00
#3804  4362   1 | 9.71e-01 0.00e+00   +nan  1.00 | 9.60e-01 1.25e-01 -0.017  1.02 | 3.5e+01 4.3e+00 1.885e+00
#3805  1463   1 | 1.17e+00 0.00e+00   +nan  1.00 | 1.17e+00 1.10e-01 +0.194  0.97 | 6.2e+01 4.5e+00 2.696e+00
#3806  1840   1 | 8.23e-01 0.00e+00   +nan  1.00 | 1.01e+00 8.15e-02 +0.138  0.98 | 6.3e+01 4.6e+00 1.687e+00
#3807  4900   1 | 1.09e+00 3.74e-23 -0.114  1.00 | 9.68e-01 2.64e-01 +0.232  0.95 | 2.8e+01 4.5e+00 2.073e+00
#3808  2411   1 | 1.15e+00 0.00e+00   +nan  1.00 | 9.43e-01 1.05e-01 +0.108  0.99 | 5.4e+01 5.1e+00 2.190e+00
#3809  2141   1 | 1.12e+00 0.00e+00   +nan  1.00 | 1.01e+00 7.65e-02 +0.138  0.98 | 6.3e+01 4.6e+00 2.259e+00
#3810  4236   1 | 1.29e+00 0.00e+00   +nan  1.00 | 1.01e+00 1.95e-01 +0.341  0.91 | 2.8e+01 4.2e+00 2.582e+00
#3811  2139   1 | 1.38e+00 0.00e+00   +nan  1.00 | 1.03e+00 9.52e-02 +0.038  1.00 | 6.4e+01 4.4e+00 2.964e+00
#3812  3170   1 | 7.49e-01 0.00e+00   +nan  1.00 | 9.49e-01 1.11e-01 +0.134  0.98 | 3.3e+01 4.3e+00 1.447e+00
#3813  3552   1 | 1.30e+00 0.00e+00   +nan  1.00 | 1.12e+00 2.24e-01 +0.120  0.99 | 3.1e+01 4.4e+00 2.926e+00
#3814  4481   1 | 5.47e-01 0.00e+00   +nan  1.00 | 1.04e+00 1.37e-01 +0.367  0.92 | 4.0e+01 4.5e+00 1.299e+00
#3815  1291   1 | 9.64e-01 0.00e+00   +nan  1.00 | 1.06e+00 1.29e-01 +0.068  1.00 | 5.8e+01 4.7e+00 2.059e+00
#3816  3439   1 | 5.23e-01 0.00e+00   +nan  1.00 | 9.97e-01 1.21e-01 +0.085  0.99 | 4.0e+01 4.3e+00 1.261e+00
#3817    92   1 | 1.07e+00 0.00e+00   +nan  1.00 | 9.70e-01 1.05e-01 -0.006  1.01 | 3.9e+01 4.4e+00 2.101e+00
#3818  1653   1 | 1.11e+00 0.00e+00   +nan  1.00 | 1.02e+00 8.78e-02 +0.037  1.00 | 6.4e+01 4.6e+00 2.261e+00
#3819   955   1 | 1.31e+00 0.00e+00   +nan  1.00 | 1.04e+00 1.09e-01 +0.062  1.00 | 5.5e+01 4.1e+00 2.783e+00
#3820  3726   1 | 1.07e+00 0.00e+00   +nan  1.00 | 9.97e-01 1.58e-01 +0.059  1.01 | 3.0e+01 4.5e+00 2.137e+00
#3821  2934   1 | 5.75e-01 0.00e+00   +nan  1.00 | 9.77e-01 1.17e-01 +0.055  1.00 | 4.0e+01 4.5e+00 1.287e+00
#3822  1073   1 | 7.28e-01 0.00e+00   +nan  1.00 | 9.46e-01 1.04e-01 +0.028  1.01 | 7.4e+01 4.3e+00 1.431e+00
#3823  3465   1 | 9.12e-01 0.00e+00   +nan  1.00 | 9.18e-01 9.88e-02 +0.164  0.98 | 4.4e+01 4.3e+00 1.653e+00
#3824  1794   1 | 1.23e+00 0.00e+00   +nan  1.00 | 9.89e-01 9.76e-02 +0.034  1.00 | 7.6e+01 4.9e+00 2.496e+00
#3825  3160   1 | 9.71e-01 0.00e+00   +nan  1.00 | 1.02e+00 1.28e-01 +0.096  0.99 | 3.2e+01 4.4e+00 1.970e+00
#3826  1418   1 | 8.53e-01 0.00e+00   +nan  1.00 | 9.10e-01 1.14e-01 -0.043  1.03 | 7.0e+01 5.4e+00 1.578e+00
#3827  3395   1 | 8.95e-01 0.00e+00   +nan  1.00 | 9.51e-01 1.23e-01 -0.035  1.03 | 4.3e+01 4.7e+00 1.728e+00
#3828  2947   1 | 7.18e-01 0.00e+00   +nan  1.00 | 1.09e+00 8.87e-02 +0.113  0.99 | 3.5e+01 4.2e+00 1.684e+00
#3829  3754   1 | 9.96e-01 0.00e+00   +nan  1.00 | 1.04e+00 1.50e-01 +0.237  0.95 | 2.8e+01 4.4e+00 2.028e+00
#3830  2373   1 | 6.58e-01 0.00e+00   +nan  1.00 | 1.07e+00 9.87e-02 -0.028  1.01 | 4.8e+01 4.7e+00 1.593e+00
#3831    99   1 | 1.21e+00 0.00e+00   +nan  1.00 | 9.11e-01 8.66e-02 +0.102  0.99 | 4.2e+01 5.0e+00 2.281e+00
#3832  2206   1 | 8.28e-01 0.00e+00   +nan  1.00 | 9.54e-01 7.59e-02 -0.024  1.01 | 5.8e+01 4.8e+00 1.605e+00
#3833   301   1 | 1.02e+00 0.00e+00   +nan  1.00 | 1.13e+00 8.39e-02 +0.085  0.99 | 4.2e+01 4.7e+00 2.309e+00
#3834  1220   1 | 1.07e+00 0.00e+00   +nan  1.00 | 1.03e+00 7.79e-02 -0.061  1.02 | 4.9e+01 5.0e+00 2.217e+00
#3835  4811   1 | 4.41e-01 0.00e+00   +nan  1.00 | 1.00e+00 2.01e-01 +0.286  0.93 | 2.5e+01 4.6e+00 1.123e+00
#3836   805   1 | 1.32e+00 0.00e+00   +nan  1.00 | 1.02e+00 6.63e-02 -0.062  1.01 | 4.2e+01 4.6e+00 2.789e+00
#3837  3797   1 | 1.00e+00 0.00e+00   +nan  1.00 | 8.61e-01 1.08e-01 +0.123  0.98 | 2.6e+01 4.7e+00 1.737e+00
#3838   595   1 | 1.12e+00 0.00e+00   +nan  1.00 | 1.13e+00 5.89e-02 -0.067  1.01 | 5.0e+01 4.3e+00 2.557e+00
#3839     5   1 | 1.11e+00 0.00e+00   +nan  1.00 | 1.06e+00 5.02e-02 -0.225  1.02 | 3.6e+01 4.4e+00 2.375e+00
#3840  3997   1 | 1.42e+00 3.74e-23 -0.293  1.00 | 1.01e+00 1.20e-01 +0.206  0.97 | 2.3e+01 4.7e+00 2.991e+00
#3841  3744   1 | 1.10e+00 0.00e+00   +nan  1.00 | 1.05e+00 7.64e-02 +0.176  0.98 | 3.0e+01 4.4e+00 2.287e+00
#3842   624   1 | 1.14e+00 0.00e+00   +nan  1.00 | 9.88e-01 6.13e-02 -0.095  1.02 | 4.7e+01 5.3e+00 2.295e+00
#3843   163   1 | 1.35e+00 0.00e+00   +nan  1.00 | 1.00e+00 4.54e-02 -0.028  1.00 | 3.6e+01 4.6e+00 2.824e+00
#3844  3920   1 | 5.88e-01 0.00e+00   +nan  1.00 | 1.05e+00 8.49e-02 +0.135  0.98 | 2.5e+01 4.5e+00 1.437e+00
#3845   929   1 | 1.04e+00 0.00e+00   +nan  1.00 | 1.02e+00 3.66e-02 +0.137  0.99 | 5.3e+01 5.0e+00 2.118e+00
#3846  2971   1 | 9.60e-01 0.00e+00   +nan  1.00 | 1.03e+00 4.81e-02 -0.106  1.01 | 2.4e+01 4.2e+00 1.999e+00
#3847    55   1 | 1.03e+00 0.00e+00   +nan  1.00 | 9.92e-01 4.05e-02 +0.076  1.00 | 3.8e+01 4.8e+00 2.031e+00
#3848    39   1 | 1.04e+00 0.00e+00   +nan  1.00 | 8.36e-01 4.08e-02 +0.180  0.98 | 3.6e+01 4.9e+00 1.774e+00
#3849  1264   1 | 1.08e+00 0.00e+00   +nan  1.00 | 1.04e+00 4.50e-02 -0.028  1.00 | 3.9e+01 4.6e+00 2.256e+00
#3850  4163   1 | 7.45e-01 0.00e+00   +nan  1.00 | 9.49e-01 2.58e-01 +0.230  0.95 | 2.5e+01 4.7e+00 1.410e+00
#3851   375   1 | 1.14e+00 0.00e+00   +nan  1.00 | 9.75e-01 3.66e-02 +0.070  1.00 | 3.7e+01 4.7e+00 2.255e+00
#3852  2772   1 | 7.32e-01 0.00e+00   +nan  1.00 | 9.46e-01 4.72e-02 +0.082  0.99 | 3.0e+01 4.2e+00 1.426e+00
#3853  3799   1 | 1.32e+00 0.00e+00   +nan  1.00 | 1.02e+00 1.10e-01 +0.130  0.98 | 2.4e+01 4.5e+00 2.766e+00
#3854  3828   1 | 1.17e+00 0.00e+00   +nan  1.00 | 1.05e+00 9.88e-02 +0.028  1.00 | 2.5e+01 4.6e+00 2.475e+00
#3855  2246   1 | 1.29e+00 0.00e+00   +nan  1.00 | 9.27e-01 4.40e-02 +0.056  1.00 | 4.1e+01 4.9e+00 2.531e+00
#3856   382   1 | 9.75e-01 0.00e+00   +nan  1.00 | 1.04e+00 3.31e-02 +0.012  1.00 | 3.9e+01 4.7e+00 2.037e+00
#3857  3761   1 | 1.04e+00 0.00e+00   +nan  1.00 | 1.03e+00 1.83e-01 +0.064  1.01 | 2.5e+01 4.4e+00 2.160e+00
#3858  2066   1 | 6.58e-01 0.00e+00   +nan  1.00 | 1.07e+00 3.29e-02 -0.026  1.00 | 5.4e+01 4.7e+00 1.580e+00
#3859  1182   1 | 4.47e-01 0.00e+00   +nan  1.00 | 1.00e+00 2.81e-02 +0.101  1.00 | 4.5e+01 4.6e+00 1.198e+00
#3860  4593   1 | 1.31e+00 0.00e+00   +nan  1.00 | 1.04e+00 2.81e-01 +0.267  0.93 | 3.4e+01 4.9e+00 2.725e+00
#3861    95   1 | 1.11e+00 0.00e+00   +nan  1.00 | 9.80e-01 2.69e-02 +0.020  1.00 | 2.9e+01 4.2e+00 2.202e+00
#3862  1314   1 | 5.79e-01 0.00e+00   +nan  1.00 | 1.05e+00 2.34e-02 +0.136  0.99 | 4.9e+01 4.3e+00 1.436e+00
#3863   531   1 | 1.35e+00 0.00e+00   +nan  1.00 | 1.00e+00 2.77e-02 -0.045  1.00 | 4.3e+01 4.6e+00 2.822e+00
#3864  3634   1 | 1.12e+00 0.00e+00   +nan  1.00 | 1.06e+00 1.69e-01 +0.064  1.01 | 2.8e+01 4.2e+00 2.381e+00
#3865  3593   1 | 1.17e+00 0.00e+00   +nan  1.00 | 1.17e+00 2.00e-01 +0.225  0.95 | 2.7e+01 4.6e+00 2.660e+00
#3866  1515   1 | 1.11e+00 0.00e+00   +nan  1.00 | 9.82e-01 2.93e-02 -0.100  1.01 | 5.7e+01 5.0e+00 2.197e+00
#3867  2573   1 | 9.61e-01 0.00e+00   +nan  1.00 | 1.06e+00 3.19e-02 +0.135  0.99 | 4.6e+01 4.7e+00 2.048e+00
#3868  1148   1 | 1.02e+00 0.00e+00   +nan  1.00 | 1.13e+00 2.31e-02 +0.014  1.00 | 5.8e+01 4.2e+00 2.318e+00
#3869  4757   1 | 9.85e-01 0.00e+00   +nan  1.00 | 9.45e-01 2.63e-01 +0.277  0.92 | 2.8e+01 4.7e+00 1.796e+00
#3870  2203   1 | 5.71e-01 0.00e+00   +nan  1.00 | 9.77e-01 3.46e-02 -0.084  1.01 | 5.6e+01 5.2e+00 1.288e+00
#3871  2757   1 | 5.56e-01 0.00e+00   +nan  1.00 | 1.03e+00 4.25e-02 +0.120  0.99 | 4.2e+01 5.2e+00 1.359e+00
#3872   548   1 | 8.21e-01 0.00e+00   +nan  1.00 | 1.01e+00 3.53e-02 +0.070  1.00 | 5.3e+01 4.8e+00 1.697e+00
#3873  2572   1 | 7.78e-01 0.00e+00   +nan  1.00 | 9.59e-01 3.65e-02 +0.192  0.99 | 4.7e+01 5.1e+00 1.512e+00
#3874  4357   1 | 6.00e-01 0.00e+00   +nan  1.00 | 1.08e+00 1.60e-01 +0.166  0.97 | 2.8e+01 4.9e+00 1.503e+00
#3875   394   1 | 1.29e+00 0.00e+00   +nan  1.00 | 1.08e+00 2.85e-02 +0.001  1.00 | 4.8e+01 4.8e+00 2.837e+00
#3876  4036   1 | 9.87e-01 0.00e+00   +nan  1.00 | 1.07e+00 1.03e-01 +0.335  0.95 | 2.5e+01 5.2e+00 2.065e+00
#3877  2690   1 | 8.31e-01 0.00e+00   +nan  1.00 | 9.54e-01 3.23e-02 +0.072  1.00 | 3.7e+01 4.2e+00 1.597e+00
#3878  4423   1 | 1.19e+00 0.00e+00   +nan  1.00 | 9.58e-01 2.03e-01 +0.117  1.00 | 3.1e+01 4.7e+00 2.319e+00
#3879  1813   1 | 1.31e+00 0.00e+00   +nan  1.00 | 1.01e+00 3.26e-02 +0.049  1.00 | 6.1e+01 4.2e+00 2.736e+00
#3880   541   1 | 6.23e-01 0.00e+00   +nan  1.00 | 1.03e+00 5.83e-02 +0.066  1.00 | 3.9e+01 4.7e+00 1.443e+00
#3881  2246   1 | 1.04e+00 0.00e+00   +nan  1.00 | 1.02e+00 5.77e-02 +0.249  0.97 | 4.6e+01 5.4e+00 2.094e+00
#3882   327   1 | 1.11e+00 0.00e+00   +nan  1.00 | 1.02e+00 4.72e-02 +0.051  1.00 | 3.7e+01 4.4e+00 2.263e+00
#3883   631   1 | 1.31e+00 0.00e+00   +nan  1.00 | 1.09e+00 4.46e-02 -0.048  1.01 | 4.8e+01 4.2e+00 2.911e+00
#3884  1026   1 | 7.01e-01 0.00e+00   +nan  1.00 | 1.00e+00 4.08e-02 +0.092  0.99 | 4.0e+01 4.3e+00 1.490e+00
#3885  3037   1 | 1.22e+00 0.00e+00   +nan  1.00 | 1.10e+00 1.76e-01 +0.073  1.00 | 2.7e+01 5.4e+00 2.723e+00
#3886   654   1 | 1.05e+00 0.00e+00   +nan  1.00 | 1.08e+00 6.11e-02 +0.146  0.99 | 4.3e+01 4.4e+00 2.260e+00
#3887  2683   1 | 7.14e-01 0.00e+00   +nan  1.00 | 1.09e+00 6.59e-02 +0.102  0.99 | 4.0e+01 4.3e+00 1.682e+00
#3888  3127   1 | 1.08e+00 0.00e+00   +nan  1.00 | 9.68e-01 1.25e-01 +0.149  0.98 | 3.5e+01 4.6e+00 2.075e+00
#3889  4581   1 | 5.08e-01 0.00e+00   +nan  1.00 | 9.97e-01 2.45e-01 +0.255  0.94 | 3.8e+01 4.3e+00 1.188e+00
#3890   415   1 | 1.12e+00 0.00e+00   +nan  1.00 | 1.01e+00 7.57e-02 +0.117  0.99 | 3.6e+01 4.7e+00 2.261e+00
#3891  1481   1 | 1.21e+00 0.00e+00   +nan  1.00 | 9.11e-01 6.65e-02 +0.182  0.98 | 5.4e+01 4.7e+00 2.269e+00
#3892  2859   1 | 1.00e+00 0.00e+00   +nan  1.00 | 8.61e-01 1.25e-01 +0.137  0.98 | 3.2e+01 4.6e+00 1.729e+00
#3893   314   1 | 1.10e+00 0.00e+00   +nan  1.00 | 1.08e+00 7.37e-02 +0.069  1.00 | 3.6e+01 4.6e+00 2.367e+00
#3894  1836   1 | 9.20e-01 0.00e+00   +nan  1.00 | 9.51e-01 6.67e-02 -0.057  1.01 | 5.8e+01 4.5e+00 1.763e+00
#3895  4672   1 | 1.29e+00 0.00e+00   +nan  1.00 | 9.64e-01 1.84e-01 +0.188  0.96 | 5.4e+01 4.2e+00 2.568e+00
#3896  3719   1 | 5.82e-01 0.00e+00   +nan  1.00 | 1.04e+00 2.37e-01 +0.093  1.01 | 3.3e+01 4.7e+00 1.435e+00
#3897   406   1 | 1.38e+00 0.00e+00   +nan  1.00 | 1.03e+00 7.11e-02 -0.006  1.01 | 4.0e+01 4.4e+00 2.962e+00
#3898  4019   1 | 1.20e+00 0.00e+00   +nan  1.00 | 9.89e-01 2.15e-01 +0.064  1.02 | 3.2e+01 5.3e+00 2.447e+00
#3899  2290   1 | 4.71e-01 0.00e+00   +nan  1.00 | 9.87e-01 7.44e-02 +0.123  0.99 | 4.8e+01 5.0e+00 1.184e+00
#3900  1847   1 | 1.40e+00 0.00e+00   +nan  1.00 | 1.01e+00 8.33e-02 +0.046  1.00 | 5.7e+01 5.1e+00 2.991e+00
#3901  4557   1 | 1.07e+00 0.00e+00   +nan  1.00 | 9.70e-01 2.40e-01 +0.320  0.90 | 4.1e+01 4.7e+00 1.984e+00
#3902  4561   1 | 8.87e-01 0.00e+00   +nan  1.00 | 9.15e-01 2.11e-01 +0.086  1.01 | 3.7e+01 4.3e+00 1.635e+00
#3903  4125   1 | 1.07e+00 0.00e+00   +nan  1.00 | 9.93e-01 1.55e-01 +0.133  0.98 | 3.1e+01 4.8e+00 2.121e+00
#3904  1812   1 | 1.32e+00 0.00e+00   +nan  1.00 | 1.12e+00 5.74e-02 -0.047  1.01 | 6.9e+01 4.7e+00 3.009e+00
#3905  1641   1 | 1.09e+00 0.00e+00   +nan  1.00 | 9.37e-01 5.85e-02 -0.012  1.01 | 6.7e+01 4.5e+00 2.068e+00
#3906  2863   1 | 9.09e-01 0.00e+00   +nan  1.00 | 9.18e-01 5.60e-02 +0.185  0.98 | 4.5e+01 4.8e+00 1.653e+00
#3907  3119   1 | 1.10e+00 0.00e+00   +nan  1.00 | 1.13e+00 8.76e-02 +0.039  1.00 | 3.4e+01 4.6e+00 2.502e+00
#3908  1637   1 | 8.54e-01 0.00e+00   +nan  1.00 | 9.10e-01 5.11e-02 +0.034  1.00 | 6.6e+01 4.7e+00 1.557e+00
#3909  1150   1 | 1.15e+00 0.00e+00   +nan  1.00 | 9.43e-01 5.97e-02 +0.001  1.00 | 6.0e+01 5.4e+00 2.206e+00
#3910   930   1 | 1.13e+00 0.00e+00   +nan  1.00 | 1.05e+00 5.21e-02 +0.176  0.98 | 6.6e+01 5.0e+00 2.375e+00
#3911  3837   1 | 1.02e+00 0.00e+00   +nan  1.00 | 9.92e-01 7.11e-02 +0.124  0.99 | 4.2e+01 4.4e+00 2.005e+00
#3912   410   1 | 4.94e-01 0.00e+00   +nan  1.00 | 1.12e+00 3.99e-02 +0.063  1.00 | 5.6e+01 4.3e+00 1.488e+00
#3913  2100   1 | 9.63e-01 0.00e+00   +nan  1.00 | 1.03e+00 5.04e-02 -0.037  1.01 | 7.0e+01 4.7e+00 1.999e+00
#3914  1835   1 | 1.14e+00 0.00e+00   +nan  1.00 | 9.88e-01 4.52e-02 -0.027  1.00 | 7.6e+01 4.8e+00 2.280e+00
#3915  2921   1 | 1.07e+00 0.00e+00   +nan  1.00 | 9.97e-01 6.13e-02 +0.000  1.00 | 4.6e+01 4.7e+00 2.148e+00
#3916  1974   1 | 1.66e+00 0.00e+00   +nan  1.00 | 9.65e-01 4.20e-02 +0.185  0.99 | 7.0e+01 4.3e+00 3.657e+00
#3917  3216   1 | 9.72e-01 0.00e+00   +nan  1.00 | 1.07e+00 5.43e-02 +0.007  1.00 | 5.0e+01 4.6e+00 2.102e+00
#3918  1883   1 | 9.71e-01 0.00e+00   +nan  1.00 | 1.02e+00 4.57e-02 -0.201  1.02 | 7.8e+01 4.8e+00 1.999e+00
#3919  3886   1 | 9.83e-01 0.00e+00   +nan  1.00 | 9.60e-01 6.38e-02 +0.108  0.99 | 3.7e+01 4.4e+00 1.879e+00
#3920   860   1 | 8.24e-01 0.00e+00   +nan  1.00 | 9.42e-01 4.48e-02 +0.074  1.00 | 5.8e+01 5.2e+00 1.561e+00
#3921  2386   1 | 9.73e-01 0.00e+00   +nan  1.00 | 1.06e+00 3.40e-02 +0.000  1.00 | 5.9e+01 4.5e+00 2.067e+00
#3922  2307   1 | 5.58e-01 0.00e+00   +nan  1.00 | 1.04e+00 3.40e-02 -0.056  1.00 | 6.5e+01 4.3e+00 1.403e+00
#3923  3470   1 | 1.33e+00 0.00e+00   +nan  1.00 | 1.00e+00 6.78e-02 +0.040  1.00 | 4.1e+01 4.6e+00 2.766e+00
#3924   797   1 | 1.13e+00 0.00e+00   +nan  1.00 | 1.05e+00 3.75e-02 +0.070  1.00 | 6.4e+01 5.0e+00 2.388e+00
#3925  4566   1 | 1.31e+00 0.00e+00   +nan  1.00 | 1.09e+00 1.28e-01 +0.254  0.95 | 3.7e+01 4.5e+00 2.864e+00
#3926  2384   1 | 1.00e+00 0.00e+00   +nan  1.00 | 9.45e-01 3.37e-02 +0.006  1.00 | 5.3e+01 4.8e+00 1.899e+00
#3927  3273   1 | 7.11e-01 0.00e+00   +nan  1.00 | 1.00e+00 5.21e-02 +0.109  0.99 | 4.2e+01 4.5e+00 1.502e+00
#3928   556   1 | 9.69e-01 0.00e+00   +nan  1.00 | 1.06e+00 3.97e-02 -0.074  1.01 | 5.6e+01 4.6e+00 2.067e+00
#3929  2963   1 | 1.09e+00 0.00e+00   +nan  1.00 | 9.82e-01 4.33e-02 +0.131  0.99 | 4.4e+01 4.3e+00 2.148e+00
#3930  3340   1 | 8.43e-01 0.00e+00   +nan  1.00 | 9.42e-01 7.49e-02 +0.231  0.97 | 4.3e+01 5.1e+00 1.571e+00
#3931  1353   1 | 5.79e-01 0.00e+00   +nan  1.00 | 1.05e+00 3.42e-02 +0.115  0.99 | 8.1e+01 4.6e+00 1.435e+00
#3932  3086   1 | 1.13e+00 0.00e+00   +nan  1.00 | 1.01e+00 1.19e-01 +0.159  0.98 | 3.0e+01 4.2e+00 2.257e+00
#3933  4434   1 | 1.05e+00 0.00e+00   +nan  1.00 | 1.02e+00 8.79e-02 +0.280  0.96 | 3.7e+01 4.5e+00 2.090e+00
#3934  2708   1 | 1.09e+00 0.00e+00   +nan  1.00 | 9.37e-01 3.87e-02 -0.036  1.00 | 5.5e+01 4.3e+00 2.080e+00
#3935  1581   1 | 1.29e+00 0.00e+00   +nan  1.00 | 9.64e-01 4.47e-02 +0.113  0.99 | 7.8e+01 4.4e+00 2.598e+00
#3936  4329   1 | 1.31e+00 0.00e+00   +nan  1.00 | 1.12e+00 1.77e-01 +0.306  0.93 | 3.7e+01 5.0e+00 2.877e+00
#3937  3897   1 | 1.29e+00 0.00e+00   +nan  1.00 | 1.04e+00 1.06e-01 +0.138  0.98 | 3.0e+01 4.8e+00 2.718e+00
#3938  4688   1 | 1.15e+00 0.00e+00   +nan  1.00 | 9.43e-01 2.50e-01 +0.374  0.87 | 4.1e+01 5.1e+00 2.094e+00
#3939   327   1 | 8.26e-01 0.00e+00   +nan  1.00 | 9.54e-01 6.01e-02 -0.057  1.01 | 4.2e+01 4.4e+00 1.601e+00
#3940  2656   1 | 1.02e+00 0.00e+00   +nan  1.00 | 1.13e+00 7.28e-02 +0.250  0.97 | 4.9e+01 4.8e+00 2.293e+00
#3941  3803   1 | 6.35e-01 0.00e+00   +nan  1.00 | 1.08e+00 1.57e-01 +0.132  0.98 | 3.6e+01 4.5e+00 1.558e+00
#3942  1640   1 | 8.54e-01 0.00e+00   +nan  1.00 | 9.10e-01 7.33e-02 -0.026  1.01 | 6.0e+01 4.8e+00 1.566e+00
#3943   765   1 | 1.23e+00 0.00e+00   +nan  1.00 | 9.89e-01 6.20e-02 -0.004  1.00 | 5.1e+01 4.6e+00 2.503e+00
#3944  1251   1 | 1.31e+00 0.00e+00   +nan  1.00 | 1.01e+00 8.47e-02 +0.101  0.99 | 4.6e+01 4.9e+00 2.733e+00
#3945  3044   1 | 9.93e-01 0.00e+00   +nan  1.00 | 1.07e+00 1.74e-01 +0.080  1.00 | 2.8e+01 4.4e+00 2.141e+00
#3946  3593   1 | 7.34e-01 0.00e+00   +nan  1.00 | 1.09e+00 2.09e-01 +0.045  1.02 | 3.6e+01 4.1e+00 1.745e+00
#3947   603   1 | 1.30e+00 0.00e+00   +nan  1.00 | 9.27e-01 8.99e-02 +0.168  0.98 | 3.9e+01 5.0e+00 2.518e+00
#3948  2646   1 | 1.13e+00 0.00e+00   +nan  1.00 | 9.75e-01 8.66e-02 -0.086  1.02 | 4.2e+01 4.5e+00 2.256e+00
#3949  4155   1 | 1.12e+00 0.00e+00   +nan  1.00 | 1.06e+00 2.23e-01 +0.323  0.91 | 3.4e+01 4.7e+00 2.283e+00
#3950  4889   1 | 1.03e+00 6.19e-21 +0.259  1.00 | 8.36e-01 3.03e-01 +0.433  0.82 | 3.9e+01 5.2e+00 1.629e+00
#3951  4735   1 | 1.08e+00 0.00e+00   +nan  1.00 | 1.03e+00 2.45e-01 +0.309  0.91 | 4.0e+01 4.7e+00 2.130e+00
#3952  3290   1 | 6.59e-01 0.00e+00   +nan  1.00 | 1.07e+00 1.88e-01 +0.150  0.98 | 3.7e+01 3.9e+00 1.553e+00
#3953    41   1 | 7.71e-01 0.00e+00   +nan  1.00 | 9.59e-01 1.03e-01 +0.047  1.00 | 4.0e+01 4.7e+00 1.515e+00
#3954  2377   1 | 1.10e+00 0.00e+00   +nan  1.00 | 1.08e+00 1.03e-01 +0.215  0.97 | 4.4e+01 5.2e+00 2.335e+00
#3955  4918   1 | 4.67e-01 0.00e+00   +nan  1.00 | 9.87e-01 2.71e-01 +0.409  0.85 | 3.7e+01 4.6e+00 1.047e+00
#3956  4512   1 | 6.17e-01 0.00e+00   +nan  1.00 | 1.03e+00 1.85e-01 +0.232  0.95 | 3.7e+01 4.1e+00 1.385e+00
#3957  2845   1 | 1.19e+00 0.00e+00   +nan  1.00 | 1.05e+00 1.26e-01 -0.009  1.02 | 3.5e+01 4.4e+00 2.551e+00
#3958  4707   1 | 1.03e+00 0.00e+00   +nan  1.00 | 9.92e-01 2.55e-01 +0.264  0.93 | 4.2e+01 4.5e+00 1.974e+00
#3959  3930   1 | 9.56e-01 0.00e+00   +nan  1.00 | 1.03e+00 2.26e-01 +0.052  1.03 | 3.0e+01 5.1e+00 2.006e+00
#3960  4557   1 | 9.96e-01 0.00e+00   +nan  1.00 | 8.61e-01 2.31e-01 +0.247  0.94 | 4.6e+01 5.0e+00 1.689e+00
#3961  3405   1 | 1.09e+00 0.00e+00   +nan  1.00 | 9.70e-01 1.98e-01 +0.123  0.99 | 4.3e+01 4.8e+00 2.113e+00
#3962  3669   1 | 9.83e-01 0.00e+00   +nan  1.00 | 1.07e+00 1.42e-01 -0.036  1.03 | 3.3e+01 3.9e+00 2.151e+00
#3963  1776   1 | 9.07e-01 0.00e+00   +nan  1.00 | 9.18e-01 8.87e-02 +0.008  1.01 | 7.2e+01 4.8e+00 1.672e+00
#3964  1604   1 | 1.08e+00 0.00e+00   +nan  1.00 | 9.68e-01 8.15e-02 +0.091  0.99 | 6.1e+01 5.0e+00 2.101e+00
#3965  3411   1 | 7.54e-01 0.00e+00   +nan  1.00 | 9.49e-01 1.61e-01 +0.165  0.97 | 4.5e+01 4.9e+00 1.445e+00
#3966  2928   1 | 1.66e+00 0.00e+00   +nan  1.00 | 9.65e-01 1.16e-01 +0.146  0.98 | 4.0e+01 5.0e+00 3.665e+00
#3967  2286   1 | 1.14e+00 0.00e+00   +nan  1.00 | 9.88e-01 5.43e-02 +0.049  1.00 | 5.2e+01 4.3e+00 2.271e+00
#3968  2604   1 | 9.80e-01 0.00e+00   +nan  1.00 | 1.04e+00 7.73e-02 +0.316  0.96 | 4.8e+01 4.6e+00 2.001e+00
#3969  1106   1 | 9.71e-01 0.00e+00   +nan  1.00 | 1.02e+00 7.93e-02 +0.042  1.00 | 6.5e+01 5.0e+00 1.979e+00
#3970  2394   1 | 5.52e-01 0.00e+00   +nan  1.00 | 1.03e+00 8.16e-02 +0.063  1.00 | 4.9e+01 4.4e+00 1.359e+00
#3971  3726   1 | 1.07e+00 0.00e+00   +nan  1.00 | 9.93e-01 1.83e-01 +0.134  0.98 | 3.4e+01 4.5e+00 2.107e+00
#3972  2936   1 | 8.97e-01 0.00e+00   +nan  1.00 | 9.15e-01 9.38e-02 -0.152  1.04 | 4.4e+01 4.4e+00 1.676e+00
#3973   746   1 | 1.08e+00 0.00e+00   +nan  1.00 | 1.04e+00 5.71e-02 -0.102  1.01 | 5.1e+01 4.7e+00 2.269e+00
#3974  2948   1 | 5.18e-01 0.00e+00   +nan  1.00 | 9.97e-01 1.20e-01 -0.075  1.03 | 3.2e+01 4.3e+00 1.294e+00
#3975  3424   1 | 9.74e-01 0.00e+00   +nan  1.00 | 9.60e-01 1.23e-01 +0.064  1.00 | 4.9e+01 4.4e+00 1.870e+00
#3976  1668   1 | 1.17e+00 0.00e+00   +nan  1.00 | 1.17e+00 5.27e-02 +0.068  1.00 | 6.7e+01 4.4e+00 2.728e+00
#3977  2999   1 | 1.18e+00 0.00e+00   +nan  1.00 | 9.58e-01 1.01e-01 +0.004  1.01 | 3.5e+01 4.6e+00 2.316e+00
#3978  3235   1 | 1.41e+00 0.00e+00   +nan  1.00 | 1.01e+00 8.19e-02 +0.066  1.00 | 4.8e+01 4.0e+00 3.000e+00
#3979  3170   1 | 1.19e+00 0.00e+00   +nan  1.00 | 9.11e-01 1.44e-01 +0.182  0.97 | 3.6e+01 4.3e+00 2.217e+00
#3980  3970   1 | 4.96e-01 0.00e+00   +nan  1.00 | 1.12e+00 1.37e-01 +0.331  0.93 | 3.4e+01 4.5e+00 1.412e+00
#3981  3072   1 | 9.04e-01 0.00e+00   +nan  1.00 | 9.51e-01 1.83e-01 +0.067  1.01 | 2.9e+01 5.0e+00 1.732e+00
#3982  2655   1 | 1.07e+00 0.00e+00   +nan  1.00 | 9.97e-01 5.56e-02 -0.044  1.01 | 4.9e+01 4.7e+00 2.155e+00
#3983  2359   1 | 1.12e+00 0.00e+00   +nan  1.00 | 1.13e+00 4.49e-02 +0.043  1.00 | 4.9e+01 4.2e+00 2.526e+00
#3984  2625   1 | 8.28e-01 0.00e+00   +nan  1.00 | 1.01e+00 6.00e-02 +0.104  0.99 | 4.8e+01 4.3e+00 1.702e+00
#3985  4705   1 | 4.41e-01 0.00e+00   +nan  1.00 | 1.00e+00 2.66e-01 +0.300  0.91 | 4.2e+01 5.2e+00 1.108e+00
#3986  1519   1 | 1.22e+00 0.00e+00   +nan  1.00 | 1.10e+00 3.72e-02 +0.147  0.99 | 6.9e+01 4.8e+00 2.704e+00
#3987   723   1 | 7.28e-01 0.00e+00   +nan  1.00 | 9.46e-01 3.04e-02 +0.039  1.00 | 5.7e+01 4.1e+00 1.424e+00
#3988  1232   1 | 1.29e+00 0.00e+00   +nan  1.00 | 1.08e+00 6.01e-02 -0.014  1.00 | 5.5e+01 5.5e+00 2.839e+00
#3989  1259   1 | 1.05e+00 0.00e+00   +nan  1.00 | 1.08e+00 4.25e-02 -0.132  1.01 | 6.4e+01 4.7e+00 2.287e+00
#3990   191   1 | 1.11e+00 0.00e+00   +nan  1.00 | 1.02e+00 5.35e-02 +0.082  0.99 | 3.9e+01 4.7e+00 2.259e+00
#3991  1309   1 | 5.69e-01 0.00e+00   +nan  1.00 | 9.77e-01 3.81e-02 -0.095  1.01 | 6.2e+01 4.5e+00 1.287e+00
#3992  2917   1 | 9.60e-01 0.00e+00   +nan  1.00 | 1.06e+00 9.56e-02 +0.274  0.96 | 3.5e+01 5.1e+00 2.007e+00
#3993  4416   1 | 1.32e+00 0.00e+00   +nan  1.00 | 1.02e+00 1.89e-01 +0.266  0.94 | 3.8e+01 4.7e+00 2.726e+00
#3994   988   1 | 1.38e+00 0.00e+00   +nan  1.00 | 1.03e+00 4.12e-02 -0.103  1.01 | 6.1e+01 4.8e+00 2.966e+00
#3995  1692   1 | 1.11e+00 0.00e+00   +nan  1.00 | 9.80e-01 3.06e-02 -0.093  1.01 | 8.0e+01 4.2e+00 2.203e+00
#3996  4476   1 | 4.68e-01 0.00e+00   +nan  1.00 | 9.87e-01 2.71e-01 +0.216  0.96 | 3.9e+01 5.1e+00 1.152e+00
#3997  4763   1 | 7.27e-01 0.00e+00   +nan  1.00 | 9.49e-01 2.54e-01 +0.268  0.93 | 5.6e+01 4.6e+00 1.366e+00
#3998  4707   1 | 1.32e+00 0.00e+00   +nan  1.00 | 1.02e+00 1.79e-01 +0.185  0.97 | 4.2e+01 4.0e+00 2.739e+00
#3999  2666   1 | 1.08e+00 0.00e+00   +nan  1.00 | 9.93e-01 4.14e-02 -0.113  1.01 | 4.5e+01 4.5e+00 2.155e+00
#4000   321   1 | 4.46e-01 0.00e+00   +nan  1.00 | 1.00e+00 4.85e-02 +0.254  0.98 | 4.5e+01 5.1e+00 1.180e+00
#4001  1655   1 | 9.64e-01 0.00e+00   +nan  1.00 | 1.03e+00 2.65e-02 +0.268  0.99 | 6.4e+01 4.0e+00 1.980e+00
#4002  1574   1 | 1.20e+00 0.00e+00   +nan  1.00 | 1.05e+00 3.42e-02 -0.079  1.01 | 5.8e+01 4.4e+00 2.567e+00
#4003  3610   1 | 5.93e-01 0.00e+00   +nan  1.00 | 1.05e+00 2.34e-01 +0.105  1.00 | 3.8e+01 5.1e+00 1.462e+00
#4004   575   1 | 9.07e-01 0.00e+00   +nan  1.00 | 9.18e-01 5.88e-02 -0.056  1.01 | 4.0e+01 5.3e+00 1.674e+00
#4005   928   1 | 1.07e+00 0.00e+00   +nan  1.00 | 9.70e-01 2.67e-02 +0.006  1.00 | 6.3e+01 4.4e+00 2.089e+00
#4006  2350   1 | 1.34e+00 0.00e+00   +nan  1.00 | 1.00e+00 4.53e-02 +0.028  1.00 | 3.5e+01 4.3e+00 2.805e+00
#4007  4717   1 | 8.09e-01 0.00e+00   +nan  1.00 | 1.01e+00 2.17e-01 +0.291  0.92 | 4.3e+01 4.5e+00 1.599e+00
#4008  1104   1 | 1.08e+00 0.00e+00   +nan  1.00 | 9.97e-01 2.35e-02 +0.081  1.00 | 6.5e+01 4.2e+00 2.151e+00
#4009  1833   1 | 9.63e-01 0.00e+00   +nan  1.00 | 1.06e+00 2.72e-02 +0.176  0.99 | 6.8e+01 4.5e+00 2.050e+00
#4010  2618   1 | 7.31e-01 0.00e+00   +nan  1.00 | 9.46e-01 5.00e-02 +0.014  1.00 | 4.3e+01 4.5e+00 1.431e+00
#4011  2164   1 | 1.29e+00 0.00e+00   +nan  1.00 | 9.27e-01 3.04e-02 +0.028  1.00 | 5.5e+01 4.2e+00 2.533e+00
#4012   372   1 | 1.17e+00 0.00e+00   +nan  1.00 | 1.17e+00 5.06e-02 +0.041  1.00 | 3.4e+01 4.5e+00 2.734e+00
#4013   850   1 | 1.08e+00 0.00e+00   +nan  1.00 | 9.68e-01 2.73e-02 -0.074  1.00 | 4.9e+01 4.4e+00 2.115e+00
#4014   940   1 | 4.94e-01 0.00e+00   +nan  1.00 | 1.12e+00 3.72e-02 +0.172  0.99 | 6.4e+01 4.8e+00 1.480e+00
#4015  2145   1 | 5.57e-01 0.00e+00   +nan  1.00 | 1.04e+00 2.13e-02 -0.026  1.00 | 4.5e+01 4.0e+00 1.398e+00
#4016  3832   1 | 1.00e+00 0.00e+00   +nan  1.00 | 1.08e+00 2.07e-01 +0.136  0.98 | 3.5e+01 4.8e+00 2.166e+00
#4017  1113   1 | 1.11e+00 0.00e+00   +nan  1.00 | 9.80e-01 3.07e-02 +0.088  1.00 | 5.7e+01 4.6e+00 2.196e+00
#4018  4023   1 | 1.31e+00 0.00e+00   +nan  1.00 | 9.64e-01 1.54e-01 +0.200  0.96 | 3.3e+01 5.4e+00 2.601e+00
#4019  1026   1 | 8.89e-01 0.00e+00   +nan  1.00 | 9.15e-01 4.22e-02 -0.137  1.01 | 4.2e+01 4.8e+00 1.639e+00
#4020   550   1 | 1.32e+00 0.00e+00   +nan  1.00 | 1.12e+00 5.43e-02 -0.051  1.01 | 4.7e+01 5.0e+00 3.016e+00
#4021  4284   1 | 7.01e-01 0.00e+00   +nan  1.00 | 1.00e+00 1.68e-01 +0.187  0.97 | 3.3e+01 4.5e+00 1.462e+00
#4022  2134   1 | 1.18e+00 0.00e+00   +nan  1.00 | 9.58e-01 2.15e-02 -0.004  1.00 | 6.2e+01 4.4e+00 2.307e+00
#4023  3078   1 | 8.66e-01 0.00e+00   +nan  1.00 | 9.10e-01 2.60e-01 +0.031  1.06 | 3.0e+01 4.8e+00 1.632e+00
#4024  3446   1 | 6.44e-01 0.00e+00   +nan  1.00 | 1.03e+00 1.59e-01 +0.238  0.95 | 3.6e+01 4.5e+00 1.420e+00
#4025  3387   1 | 9.73e-01 0.00e+00   +nan  1.00 | 9.60e-01 2.30e-01 +0.163  0.98 | 3.6e+01 4.7e+00 1.850e+00
#4026  2935   1 | 1.38e+00 0.00e+00   +nan  1.00 | 1.03e+00 6.61e-02 +0.188  0.98 | 3.3e+01 4.5e+00 2.955e+00
#4027   429   1 | 1.12e+00 0.00e+00   +nan  1.00 | 1.13e+00 2.96e-02 +0.004  1.00 | 4.4e+01 4.8e+00 2.545e+00
#4028  1149   1 | 9.23e-01 0.00e+00   +nan  1.00 | 9.51e-01 3.00e-02 +0.052  1.00 | 5.7e+01 4.6e+00 1.753e+00
#4029  1673   1 | 1.10e+00 0.00e+00   +nan  1.00 | 1.08e+00 2.70e-02 +0.106  1.00 | 7.0e+01 4.4e+00 2.366e+00
#4030  3457   1 | 5.81e-01 0.00e+00   +nan  1.00 | 9.77e-01 2.08e-01 +0.064  1.02 | 4.3e+01 4.7e+00 1.310e+00
#4031  1792   1 | 8.27e-01 0.00e+00   +nan  1.00 | 9.54e-01 3.17e-02 +0.014  1.00 | 7.2e+01 4.8e+00 1.594e+00
#4032  2769   1 | 1.10e+00 0.00e+00   +nan  1.00 | 9.37e-01 5.59e-02 +0.020  1.00 | 3.7e+01 5.2e+00 2.078e+00
#4033  1108   1 | 1.40e+00 0.00e+00   +nan  1.00 | 1.01e+00 3.34e-02 -0.093  1.01 | 5.6e+01 4.9e+00 2.998e+00
#4034  3107   1 | 1.23e+00 0.00e+00   +nan  1.00 | 1.10e+00 2.03e-01 +0.209  0.96 | 3.2e+01 4.3e+00 2.668e+00
#4035  3844   1 | 1.20e+00 0.00e+00   +nan  1.00 | 9.89e-01 1.94e-01 -0.149  1.10 | 3.6e+01 4.7e+00 2.518e+00
#4036  1358   1 | 1.13e+00 0.00e+00   +nan  1.00 | 1.05e+00 3.32e-02 +0.121  0.99 | 5.8e+01 5.1e+00 2.382e+00
#4037  4375   1 | 1.04e+00 0.00e+00   +nan  1.00 | 1.02e+00 2.73e-01 +0.259  0.93 | 3.4e+01 5.8e+00 2.058e+00
#4038  4346   1 | 7.08e-01 0.00e+00   +nan  1.00 | 1.09e+00 1.87e-01 +0.358  0.91 | 3.9e+01 4.2e+00 1.574e+00
#4039  1989   1 | 1.00e+00 0.00e+00   +nan  1.00 | 1.07e+00 3.05e-02 +0.090  1.00 | 6.1e+01 4.9e+00 2.150e+00
#4040  2672   1 | 1.30e+00 0.00e+00   +nan  1.00 | 1.01e+00 4.48e-02 +0.015  1.00 | 3.8e+01 4.2e+00 2.720e+00
#4041  2291   1 | 5.51e-01 0.00e+00   +nan  1.00 | 1.03e+00 3.34e-02 +0.137  0.99 | 5.6e+01 4.6e+00 1.353e+00
#4042  2266   1 | 1.11e+00 0.00e+00   +nan  1.00 | 1.06e+00 2.97e-02 -0.050  1.00 | 5.9e+01 5.0e+00 2.355e+00
#4043  3003   1 | 1.06e+00 0.00e+00   +nan  1.00 | 1.03e+00 7.27e-02 +0.037  1.00 | 3.2e+01 4.8e+00 2.179e+00
#4044   385   1 | 9.72e-01 0.00e+00   +nan  1.00 | 1.02e+00 3.08e-02 -0.059  1.00 | 5.1e+01 5.1e+00 1.985e+00
#4045  1330   1 | 9.98e-01 0.00e+00   +nan  1.00 | 8.61e-01 2.38e-02 +0.123  0.99 | 6.4e+01 4.9e+00 1.734e+00
#4046  4019   1 | 1.17e+00 0.00e+00   +nan  1.00 | 9.11e-01 1.31e-01 +0.321  0.93 | 3.3e+01 4.6e+00 2.138e+00
#4047  4421   1 | 1.10e+00 0.00e+00   +nan  1.00 | 9.82e-01 1.65e-01 +0.298  0.93 | 3.9e+01 4.7e+00 2.096e+00
#4048   172   1 | 1.04e+00 0.00e+00   +nan  1.00 | 8.36e-01 2.92e-02 -0.147  1.01 | 5.5e+01 4.7e+00 1.792e+00
#4049  4315   1 | 6.04e-01 0.00e+00   +nan  1.00 | 1.08e+00 1.94e-01 +0.189  0.96 | 3.7e+01 4.4e+00 1.498e+00
#4050   337   1 | 1.15e+00 0.00e+00   +nan  1.00 | 9.43e-01 2.82e-02 +0.110  0.99 | 4.4e+01 4.7e+00 2.196e+00
#4051  4740   1 | 1.15e+00 0.00e+00   +nan  1.00 | 9.88e-01 1.87e-01 +0.340  0.91 | 5.6e+01 4.2e+00 2.205e+00
#4052  3817   1 | 1.02e+00 0.00e+00   +nan  1.00 | 9.92e-01 1.39e-01 +0.147  0.98 | 3.3e+01 4.2e+00 1.996e+00
#4053  1134   1 | 1.02e+00 0.00e+00   +nan  1.00 | 1.13e+00 2.11e-02 -0.053  1.00 | 6.2e+01 4.1e+00 2.321e+00
#4054   487   1 | 8.24e-01 0.00e+00   +nan  1.00 | 9.42e-01 2.79e-02 +0.094  1.00 | 4.5e+01 4.5e+00 1.561e+00
#4055   133   1 | 9.70e-01 0.00e+00   +nan  1.00 | 1.06e+00 4.46e-02 +0.095  0.99 | 4.2e+01 5.1e+00 2.053e+00
#4056  3881   1 | 1.08e+00 0.00e+00   +nan  1.00 | 1.02e+00 2.00e-01 +0.168  0.97 | 3.5e+01 4.7e+00 2.177e+00
#4057  3859   1 | 1.29e+00 0.00e+00   +nan  1.00 | 1.04e+00 1.80e-01 +0.123  0.99 | 3.6e+01 4.1e+00 2.723e+00
#4058  1859   1 | 6.58e-01 0.00e+00   +nan  1.00 | 1.07e+00 2.94e-02 +0.112  0.99 | 6.8e+01 4.7e+00 1.571e+00
#4059   161   1 | 9.75e-01 0.00e+00   +nan  1.00 | 1.04e+00 3.31e-02 +0.083  1.00 | 3.6e+01 4.4e+00 2.033e+00
#4060  1872   1 | 1.29e+00 0.00e+00   +nan  1.00 | 1.08e+00 3.39e-02 +0.048  1.00 | 5.6e+01 4.7e+00 2.826e+00
#4061  2852   1 | 1.07e+00 0.00e+00   +nan  1.00 | 1.04e+00 6.87e-02 +0.104  0.99 | 3.3e+01 4.4e+00 2.211e+00
#4062   939   1 | 9.98e-01 0.00e+00   +nan  1.00 | 9.45e-01 2.55e-02 -0.083  1.01 | 6.7e+01 4.5e+00 1.895e+00
#4063   360   1 | 5.12e-01 0.00e+00   +nan  1.00 | 9.97e-01 3.44e-02 -0.013  1.00 | 4.6e+01 4.5e+00 1.258e+00
#4064  1164   1 | 7.71e-01 0.00e+00   +nan  1.00 | 9.59e-01 3.40e-02 +0.047  1.00 | 5.5e+01 4.6e+00 1.512e+00
#4065  3297   1 | 1.66e+00 0.00e+00   +nan  1.00 | 9.65e-01 2.10e-01 +0.024  1.04 | 4.3e+01 4.5e+00 3.729e+00
#4066  4732   1 | 1.12e+00 0.00e+00   +nan  1.00 | 1.01e+00 2.03e-01 +0.273  0.93 | 5.0e+01 4.5e+00 2.191e+00
#4067  3853   1 | 9.86e-01 0.00e+00   +nan  1.00 | 1.07e+00 1.98e-01 +0.100  1.00 | 3.8e+01 4.6e+00 2.123e+00
#4068  2447   1 | 1.30e+00 0.00e+00   +nan  1.00 | 1.09e+00 3.42e-02 -0.018  1.00 | 5.1e+01 3.9e+00 2.896e+00
#4069   678   1 | 1.14e+00 0.00e+00   +nan  1.00 | 9.75e-01 3.78e-02 +0.009  1.00 | 4.5e+01 4.5e+00 2.259e+00
#4070  2346   1 | 1.22e+00 0.00e+00   +nan  1.00 | 1.10e+00 4.57e-02 +0.082  0.99 | 4.4e+01 4.4e+00 2.710e+00
#4071  1664   1 | 1.02e+00 0.00e+00   +nan  1.00 | 1.13e+00 2.29e-02 -0.030  1.00 | 6.5e+01 3.8e+00 2.322e+00
#4072   332   1 | 1.11e+00 0.00e+00   +nan  1.00 | 9.80e-01 4.65e-02 -0.078  1.01 | 3.6e+01 4.9e+00 2.211e+00
#4073  2840   1 | 7.45e-01 0.00e+00   +nan  1.00 | 9.49e-01 1.78e-01 +0.051  1.02 | 3.0e+01 4.8e+00 1.471e+00
#4074  4307   1 | 7.28e-01 0.00e+00   +nan  1.00 | 9.46e-01 1.80e-01 +0.157  0.98 | 4.5e+01 4.4e+00 1.404e+00
#4075  3557   1 | 8.43e-01 0.00e+00   +nan  1.00 | 9.54e-01 1.43e-01 +0.213  0.96 | 4.3e+01 4.7e+00 1.582e+00
#4076  1007   1 | 5.12e-01 0.00e+00   +nan  1.00 | 9.97e-01 3.03e-02 -0.083  1.01 | 6.3e+01 4.6e+00 1.262e+00
#4077  2160   1 | 1.08e+00 0.00e+00   +nan  1.00 | 9.97e-01 3.89e-02 +0.088  0.99 | 5.7e+01 4.7e+00 2.145e+00
#4078   306   1 | 9.23e-01 0.00e+00   +nan  1.00 | 9.51e-01 2.62e-02 +0.000  1.00 | 4.1e+01 4.2e+00 1.756e+00
#4079  2006   1 | 1.29e+00 0.00e+00   +nan  1.00 | 1.08e+00 3.40e-02 +0.090  1.00 | 5.6e+01 4.6e+00 2.822e+00
#4080  4190   1 | 9.80e-01 0.00e+00   +nan  1.00 | 9.60e-01 2.22e-01 +0.187  0.97 | 3.4e+01 5.1e+00 1.852e+00
#4081  2952   1 | 8.36e-01 0.00e+00   +nan  1.00 | 9.42e-01 1.44e-01 +0.146  0.98 | 3.1e+01 5.2e+00 1.566e+00
#4082  4565   1 | 1.11e+00 0.00e+00   +nan  1.00 | 1.06e+00 1.81e-01 +0.246  0.95 | 4.6e+01 4.6e+00 2.285e+00
#4083  4885   1 | 1.09e+00 1.12e-20 -0.511  1.00 | 1.08e+00 1.37e-01 +0.302  0.94 | 4.5e+01 4.4e+00 2.290e+00
#4084  3081   1 | 8.99e-01 0.00e+00   +nan  1.00 | 9.15e-01 2.10e-01 -0.134  1.11 | 3.7e+01 4.6e+00 1.740e+00
#4085  2659   1 | 1.00e+00 0.00e+00   +nan  1.00 | 9.45e-01 5.82e-02 +0.040  1.00 | 4.3e+01 4.6e+00 1.901e+00
#4086  4047   1 | 1.11e+00 0.00e+00   +nan  1.00 | 9.75e-01 1.70e-01 -0.003  1.03 | 4.0e+01 4.7e+00 2.202e+00
#4087  1457   1 | 1.38e+00 0.00e+00   +nan  1.00 | 1.03e+00 2.53e-02 +0.076  1.00 | 6.1e+01 4.8e+00 2.954e+00
#4088  2290   1 | 1.08e+00 0.00e+00   +nan  1.00 | 9.68e-01 2.25e-02 +0.144  0.99 | 5.6e+01 4.1e+00 2.099e+00
#4089  4365   1 | 1.05e+00 0.00e+00   +nan  1.00 | 8.36e-01 1.01e-01 +0.351  0.93 | 3.7e+01 4.7e+00 1.756e+00
#4090  2070   1 | 1.30e+00 0.00e+00   +nan  1.00 | 9.64e-01 3.11e-02 +0.054  1.00 | 6.4e+01 4.5e+00 2.605e+00
#4091  3266   1 | 4.55e-01 0.00e+00   +nan  1.00 | 1.00e+00 7.14e-02 -0.032  1.01 | 4.5e+01 4.8e+00 1.220e+00
#4092  3044   1 | 1.17e+00 0.00e+00   +nan  1.00 | 1.17e+00 7.22e-02 +0.186  0.98 | 3.0e+01 4.3e+00 2.703e+00
#4093  4662   1 | 1.15e+00 0.00e+00   +nan  1.00 | 9.88e-01 1.99e-01 +0.187  0.97 | 5.8e+01 5.0e+00 2.261e+00
#4094  2979   1 | 1.30e+00 0.00e+00   +nan  1.00 | 1.04e+00 5.90e-02 +0.006  1.00 | 3.8e+01 5.1e+00 2.767e+00
#4095  1395   1 | 5.97e-01 0.00e+00   +nan  1.00 | 1.08e+00 1.81e-02 +0.034  1.00 | 7.8e+01 4.3e+00 1.530e+00
#4096  1533   1 | 1.23e+00 0.00e+00   +nan  1.00 | 9.89e-01 2.30e-02 +0.018  1.00 | 7.2e+01 4.8e+00 2.495e+00
#4097   852   1 | 5.53e-01 0.00e+00   +nan  1.00 | 1.04e+00 2.30e-02 -0.080  1.00 | 6.2e+01 4.8e+00 1.397e+00
#4098  4416   1 | 1.19e+00 0.00e+00   +nan  1.00 | 9.58e-01 1.01e-01 +0.119  0.99 | 4.0e+01 4.9e+00 2.311e+00
#4099  3359   1 | 5.90e-01 0.00e+00   +nan  1.00 | 1.05e+00 5.16e-02 +0.195  0.98 | 4.1e+01 4.2e+00 1.437e+00
#4100  4385   1 | 8.59e-01 0.00e+00   +nan  1.00 | 9.10e-01 1.00e-01 +0.197  0.97 | 3.9e+01 4.8e+00 1.540e+00
#4101  2742   1 | 6.32e-01 0.00e+00   +nan  1.00 | 1.03e+00 3.42e-02 +0.178  0.99 | 4.7e+01 4.6e+00 1.446e+00
#4102  2951   1 | 4.97e-01 0.00e+00   +nan  1.00 | 1.12e+00 7.16e-02 +0.291  0.97 | 3.3e+01 4.8e+00 1.454e+00
#4103  3205   1 | 1.30e+00 0.00e+00   +nan  1.00 | 1.12e+00 5.65e-02 +0.046  1.00 | 4.1e+01 4.7e+00 2.956e+00
#4104  2954   1 | 1.14e+00 0.00e+00   +nan  1.00 | 9.43e-01 6.59e-02 +0.071  0.99 | 3.8e+01 5.1e+00 2.193e+00
#4105  4814   1 | 1.06e+00 0.00e+00   +nan  1.00 | 9.70e-01 1.90e-01 +0.349  0.90 | 4.5e+01 4.7e+00 1.972e+00
#4106  1118   1 | 1.12e+00 0.00e+00   +nan  1.00 | 1.13e+00 2.75e-02 +0.101  1.00 | 6.0e+01 4.4e+00 2.537e+00
#4107  4461   1 | 8.26e-01 0.00e+00   +nan  1.00 | 1.01e+00 1.39e-01 +0.261  0.95 | 4.6e+01 4.5e+00 1.654e+00
#4108  1188   1 | 1.13e+00 0.00e+00   +nan  1.00 | 1.05e+00 2.71e-02 +0.208  0.99 | 6.5e+01 4.4e+00 2.379e+00
#4109  2577   1 | 1.10e+00 0.00e+00   +nan  1.00 | 1.02e+00 7.18e-02 +0.148  0.98 | 4.3e+01 5.1e+00 2.232e+00
#4110  2780   1 | 1.04e+00 0.00e+00   +nan  1.00 | 1.02e+00 5.39e-02 +0.260  0.98 | 4.9e+01 4.7e+00 2.086e+00
#4111  1821   1 | 1.65e+00 0.00e+00   +nan  1.00 | 9.65e-01 5.08e-02 +0.038  1.00 | 6.7e+01 4.4e+00 3.668e+00
#4112  1141   1 | 4.70e-01 0.00e+00   +nan  1.00 | 9.87e-01 3.99e-02 +0.125  0.99 | 6.0e+01 4.3e+00 1.187e+00
#4113  1703   1 | 9.64e-01 0.00e+00   +nan  1.00 | 1.03e+00 5.74e-02 -0.041  1.01 | 7.1e+01 4.6e+00 2.002e+00
#4114  4923   1 | 1.30e+00 0.00e+00   +nan  1.00 | 9.27e-01 2.14e-01 +0.247  0.94 | 4.7e+01 4.7e+00 2.493e+00
#4115  2492   1 | 1.02e+00 0.00e+00   +nan  1.00 | 9.92e-01 8.91e-02 -0.046  1.02 | 4.4e+01 4.8e+00 2.045e+00
#4116  1484   1 | 1.20e+00 0.00e+00   +nan  1.00 | 1.05e+00 6.49e-02 -0.074  1.01 | 6.1e+01 4.6e+00 2.575e+00
#4117  1359   1 | 1.07e+00 0.00e+00   +nan  1.00 | 1.03e+00 6.53e-02 +0.172  0.98 | 6.2e+01 4.5e+00 2.181e+00
#4118  1925   1 | 1.08e+00 0.00e+00   +nan  1.00 | 1.04e+00 6.55e-02 +0.058  1.00 | 6.3e+01 4.6e+00 2.242e+00
#4119  1321   1 | 9.75e-01 0.00e+00   +nan  1.00 | 1.04e+00 6.39e-02 +0.081  0.99 | 5.7e+01 4.5e+00 2.030e+00
#4120  3585   1 | 1.18e+00 0.00e+00   +nan  1.00 | 9.11e-01 1.51e-01 +0.309  0.93 | 4.1e+01 4.5e+00 2.153e+00
#4121  1384   1 | 1.00e+00 0.00e+00   +nan  1.00 | 1.07e+00 6.32e-02 -0.076  1.01 | 7.1e+01 4.9e+00 2.173e+00
#4122  1371   1 | 9.70e-01 0.00e+00   +nan  1.00 | 1.06e+00 6.30e-02 +0.082  0.99 | 6.4e+01 5.0e+00 2.053e+00
#4123  4737   1 | 1.13e+00 0.00e+00   +nan  1.00 | 9.82e-01 1.68e-01 +0.372  0.90 | 5.1e+01 4.2e+00 2.138e+00
#4124  4414   1 | 1.08e+00 0.00e+00   +nan  1.00 | 9.93e-01 1.31e-01 +0.285  0.94 | 4.6e+01 4.0e+00 2.105e+00
#4125  4571   1 | 5.35e-01 0.00e+00   +nan  1.00 | 1.03e+00 1.85e-01 +0.131  0.99 | 4.8e+01 4.8e+00 1.329e+00
#4126  3991   1 | 9.76e-01 0.00e+00   +nan  1.00 | 1.02e+00 2.31e-01 +0.253  0.94 | 4.2e+01 5.4e+00 1.923e+00
#4127  3793   1 | 1.41e+00 0.00e+00   +nan  1.00 | 1.01e+00 1.63e-01 -0.051  1.04 | 4.0e+01 4.5e+00 3.062e+00
#4128  4211   1 | 9.99e-01 3.87e-22 -0.301  1.00 | 8.61e-01 1.98e-01 +0.170  0.97 | 5.0e+01 4.3e+00 1.720e+00
#4129  3439   1 | 9.56e-01 0.00e+00   +nan  1.00 | 1.06e+00 1.86e-01 +0.322  0.92 | 4.9e+01 4.9e+00 1.953e+00
#4130  2681   1 | 7.14e-01 0.00e+00   +nan  1.00 | 1.09e+00 7.98e-02 -0.021  1.01 | 4.7e+01 4.3e+00 1.703e+00
#4131  2753   1 | 1.32e+00 0.00e+00   +nan  1.00 | 1.02e+00 1.27e-01 +0.123  0.98 | 4.4e+01 5.0e+00 2.761e+00
#4132  4640   1 | 1.06e+00 0.00e+00   +nan  1.00 | 1.08e+00 1.99e-01 +0.281  0.93 | 5.5e+01 4.4e+00 2.217e+00
#4133  4038   1 | 1.32e+00 0.00e+00   +nan  1.00 | 1.00e+00 1.60e-01 +0.182  0.97 | 3.9e+01 4.3e+00 2.724e+00
#4134  2874   1 | 1.13e+00 0.00e+00   +nan  1.00 | 1.01e+00 1.26e-01 +0.105  0.99 | 3.5e+01 4.7e+00 2.268e+00
#4135  3965   1 | 1.11e+00 0.00e+00   +nan  1.00 | 9.37e-01 2.16e-01 +0.163  0.98 | 3.9e+01 4.4e+00 2.093e+00
#4136  4710   1 | 1.32e+00 0.00e+00   +nan  1.00 | 1.01e+00 2.20e-01 +0.241  0.94 | 5.2e+01 4.6e+00 2.720e+00
#4137  1431   1 | 6.58e-01 0.00e+00   +nan  1.00 | 1.07e+00 7.65e-02 -0.033  1.01 | 5.7e+01 4.5e+00 1.588e+00
#4138  1909   1 | 1.30e+00 0.00e+00   +nan  1.00 | 1.09e+00 6.99e-02 +0.098  0.99 | 6.1e+01 4.4e+00 2.889e+00
#4139  1493   1 | 5.69e-01 0.00e+00   +nan  1.00 | 9.77e-01 6.76e-02 +0.031  1.00 | 5.9e+01 4.4e+00 1.280e+00
#4140   166   1 | 7.01e-01 0.00e+00   +nan  1.00 | 1.00e+00 9.26e-02 +0.200  0.97 | 4.0e+01 4.9e+00 1.467e+00
#4141  2438   1 | 9.08e-01 0.00e+00   +nan  1.00 | 9.18e-01 1.11e-01 +0.094  0.99 | 5.5e+01 5.6e+00 1.660e+00
#4142  4143   1 | 7.99e-01 0.00e+00   +nan  1.00 | 9.59e-01 2.10e-01 +0.298  0.92 | 4.2e+01 4.4e+00 1.482e+00
#4143  4481   1 | 9.55e-01 0.00e+00   +nan  1.00 | 1.07e+00 1.96e-01 +0.331  0.91 | 4.9e+01 4.6e+00 1.966e+00
#4144  3672   1 | 1.01e+00 0.00e+00   +nan  1.00 | 1.08e+00 1.62e-01 +0.241  0.95 | 4.2e+01 3.9e+00 2.135e+00
#4145  3562   1 | 1.05e+00 0.00e+00   +nan  1.00 | 1.03e+00 2.05e-01 +0.116  0.99 | 4.3e+01 4.9e+00 2.150e+00
#4146   656   1 | 4.46e-01 0.00e+00   +nan  1.00 | 1.00e+00 7.64e-02 +0.102  0.99 | 5.2e+01 4.9e+00 1.192e+00
#4147    57   1 | 1.32e+00 0.00e+00   +nan  1.00 | 1.02e+00 8.04e-02 +0.149  0.98 | 4.2e+01 4.7e+00 2.759e+00
#4148  3868   1 | 1.07e+00 0.00e+00   +nan  1.00 | 9.68e-01 2.11e-01 +0.127  0.99 | 3.3e+01 4.6e+00 2.079e+00
#4149  4993   1 | 7.47e-01 4.93e-19 +0.028  1.00 | 9.59e-01 2.74e-01 +0.324  0.90 | 5.5e+01 5.5e+00 1.382e+00
#4150  1461   1 | 8.53e-01 0.00e+00   +nan  1.00 | 9.10e-01 6.83e-02 -0.006  1.01 | 5.2e+01 4.5e+00 1.562e+00
#4151  1092   1 | 9.57e-01 0.00e+00   +nan  1.00 | 1.07e+00 8.73e-02 +0.113  0.99 | 5.9e+01 4.7e+00 2.057e+00
#4152   595   1 | 1.18e+00 0.00e+00   +nan  1.00 | 9.58e-01 8.71e-02 -0.050  1.02 | 4.9e+01 4.5e+00 2.324e+00
#4153  2862   1 | 9.60e-01 0.00e+00   +nan  1.00 | 1.06e+00 1.27e-01 +0.328  0.94 | 4.0e+01 5.2e+00 1.981e+00
#4154   662   1 | 7.38e-01 0.00e+00   +nan  1.00 | 9.49e-01 9.07e-02 -0.044  1.02 | 5.1e+01 5.0e+00 1.461e+00
#4155  1225   1 | 6.58e-01 0.00e+00   +nan  1.00 | 1.07e+00 8.23e-02 -0.133  1.03 | 5.0e+01 4.4e+00 1.607e+00
#4156  1222   1 | 4.94e-01 0.00e+00   +nan  1.00 | 1.12e+00 7.69e-02 +0.053  1.00 | 4.4e+01 4.2e+00 1.489e+00
#4157  1794   1 | 1.17e+00 0.00e+00   +nan  1.00 | 1.17e+00 6.53e-02 +0.194  0.98 | 6.7e+01 4.4e+00 2.708e+00
#4158  1163   1 | 9.75e-01 0.00e+00   +nan  1.00 | 1.04e+00 7.31e-02 +0.119  0.99 | 4.9e+01 4.5e+00 2.024e+00
#4159  2741   1 | 1.30e+00 0.00e+00   +nan  1.00 | 1.01e+00 1.20e-01 -0.102  1.04 | 3.9e+01 4.3e+00 2.756e+00
#4160   663   1 | 1.12e+00 0.00e+00   +nan  1.00 | 1.01e+00 7.88e-02 +0.083  0.99 | 5.0e+01 4.7e+00 2.265e+00
#4161  2998   1 | 8.98e-01 0.00e+00   +nan  1.00 | 9.15e-01 1.40e-01 -0.060  1.04 | 3.6e+01 4.6e+00 1.678e+00
#4162  1001   1 | 1.08e+00 0.00e+00   +nan  1.00 | 1.04e+00 4.88e-02 -0.046  1.01 | 5.4e+01 4.2e+00 2.260e+00
#4163  1274   1 | 9.60e-01 0.00e+00   +nan  1.00 | 9.60e-01 5.83e-02 -0.087  1.01 | 5.2e+01 4.7e+00 1.857e+00
#4164  1811   1 | 7.07e-01 0.00e+00   +nan  1.00 | 1.09e+00 5.83e-02 +0.098  0.99 | 6.5e+01 4.7e+00 1.674e+00
#4165    67   1 | 5.12e-01 0.00e+00   +nan  1.00 | 9.97e-01 6.81e-02 -0.027  1.01 | 3.7e+01 5.2e+00 1.264e+00
#4166   438   1 | 1.03e+00 0.00e+00   +nan  1.00 | 9.92e-01 4.66e-02 +0.034  1.00 | 4.3e+01 4.6e+00 2.034e+00
#4167  1596   1 | 7.02e-01 0.00e+00   +nan  1.00 | 1.00e+00 4.27e-02 +0.182  0.99 | 5.4e+01 4.5e+00 1.483e+00
#4168  2247   1 | 8.25e-01 0.00e+00   +nan  1.00 | 1.01e+00 4.09e-02 +0.024  1.00 | 5.0e+01 4.8e+00 1.706e+00
#4169  4655   1 | 5.72e-01 0.00e+00   +nan  1.00 | 1.05e+00 2.74e-01 +0.276  0.92 | 5.8e+01 5.0e+00 1.351e+00
#4170  4588   1 | 1.31e+00 0.00e+00   +nan  1.00 | 1.04e+00 2.40e-01 +0.128  0.99 | 5.0e+01 4.6e+00 2.795e+00
#4171  1039   1 | 1.13e+00 0.00e+00   +nan  1.00 | 1.05e+00 3.16e-02 +0.074  1.00 | 6.0e+01 4.5e+00 2.387e+00
#4172  1782   1 | 5.70e-01 0.00e+00   +nan  1.00 | 9.77e-01 3.65e-02 -0.007  1.00 | 7.0e+01 4.8e+00 1.282e+00
#4173  4214   1 | 1.30e+00 2.51e-18 -0.040  1.00 | 1.09e+00 1.97e-01 +0.154  0.98 | 4.2e+01 4.5e+00 2.854e+00
#4174  3834   1 | 6.35e-01 0.00e+00   +nan  1.00 | 1.08e+00 1.39e-01 +0.045  1.00 | 3.5e+01 4.7e+00 1.584e+00
#4175   813   1 | 1.29e+00 0.00e+00   +nan  1.00 | 9.64e-01 2.39e-02 +0.056  1.00 | 5.2e+01 4.2e+00 2.604e+00
#4176   461   1 | 1.14e+00 0.00e+00   +nan  1.00 | 9.88e-01 2.68e-02 +0.005  1.00 | 5.3e+01 4.3e+00 2.281e+00
#4177  4950   1 | 1.36e+00 5.95e-22 -0.199  1.00 | 1.00e+00 2.72e-01 +0.323  0.90 | 4.6e+01 5.3e+00 2.756e+00
#4178  1690   1 | 1.10e+00 0.00e+00   +nan  1.00 | 1.08e+00 3.21e-02 +0.101  0.99 | 8.0e+01 5.2e+00 2.365e+00
#4179  1284   1 | 1.11e+00 0.00e+00   +nan  1.00 | 9.82e-01 3.10e-02 -0.052  1.00 | 6.0e+01 4.4e+00 2.196e+00
#4180  2618   1 | 1.10e+00 0.00e+00   +nan  1.00 | 1.02e+00 4.18e-02 +0.140  0.99 | 5.0e+01 5.1e+00 2.238e+00
#4181  4882   1 | 9.68e-01 1.19e-20 -0.322  1.00 | 1.02e+00 2.27e-01 +0.331  0.90 | 4.0e+01 4.9e+00 1.872e+00
#4182  3255   1 | 1.07e+00 0.00e+00   +nan  1.00 | 9.93e-01 9.30e-02 +0.114  0.99 | 3.3e+01 4.3e+00 2.121e+00
#4183  3616   1 | 1.14e+00 0.00e+00   +nan  1.00 | 9.43e-01 1.20e-01 +0.199  0.97 | 3.6e+01 4.8e+00 2.159e+00
#4184   857   1 | 1.29e+00 0.00e+00   +nan  1.00 | 1.08e+00 2.32e-02 +0.169  0.99 | 5.4e+01 4.7e+00 2.828e+00
#4185  2442   1 | 1.32e+00 0.00e+00   +nan  1.00 | 1.12e+00 4.33e-02 +0.048  1.00 | 5.5e+01 5.2e+00 2.986e+00
#4186  2434   1 | 1.04e+00 0.00e+00   +nan  1.00 | 1.02e+00 4.05e-02 +0.164  0.99 | 5.4e+01 5.1e+00 2.106e+00
#4187  3870   1 | 5.74e-01 0.00e+00   +nan  1.00 | 1.03e+00 2.16e-01 +0.210  0.96 | 3.1e+01 5.2e+00 1.341e+00
#4188  4072   1 | 1.39e+00 0.00e+00   +nan  1.00 | 1.03e+00 1.61e-01 +0.250  0.95 | 3.3e+01 4.3e+00 2.946e+00
#4189   980   1 | 1.07e+00 0.00e+00   +nan  1.00 | 9.70e-01 3.04e-02 -0.063  1.00 | 6.8e+01 4.5e+00 2.093e+00
#4190  4022   1 | 1.17e+00 0.00e+00   +nan  1.00 | 1.05e+00 8.18e-02 +0.113  0.99 | 3.8e+01 4.8e+00 2.458e+00
#4191  2010   1 | 6.26e-01 0.00e+00   +nan  1.00 | 1.03e+00 4.32e-02 +0.158  0.99 | 5.5e+01 4.7e+00 1.438e+00
#4192   254   1 | 9.98e-01 0.00e+00   +nan  1.00 | 8.61e-01 4.90e-02 -0.001  1.00 | 5.1e+01 5.3e+00 1.740e+00
#4193  3600   1 | 1.07e+00 0.00e+00   +nan  1.00 | 9.97e-01 1.27e-01 +0.093  0.99 | 3.9e+01 4.6e+00 2.125e+00
#4194  2066   1 | 1.02e+00 0.00e+00   +nan  1.00 | 1.13e+00 4.01e-02 +0.084  1.00 | 7.0e+01 4.8e+00 2.316e+00
#4195   632   1 | 9.07e-01 0.00e+00   +nan  1.00 | 9.18e-01 3.57e-02 +0.012  1.00 | 5.9e+01 4.5e+00 1.665e+00
#4196  2326   1 | 1.23e+00 0.00e+00   +nan  1.00 | 9.89e-01 4.04e-02 +0.030  1.00 | 5.0e+01 4.5e+00 2.485e+00
#4197  2916   1 | 1.11e+00 0.00e+00   +nan  1.00 | 1.13e+00 7.43e-02 +0.209  0.98 | 3.6e+01 4.5e+00 2.482e+00
#4198   139   1 | 7.28e-01 0.00e+00   +nan  1.00 | 9.46e-01 4.56e-02 -0.061  1.01 | 4.4e+01 4.3e+00 1.433e+00
#4199  4055   1 | 8.37e-01 0.00e+00   +nan  1.00 | 9.54e-01 1.82e-01 +0.065  1.01 | 3.7e+01 4.3e+00 1.620e+00
#4200  1658   1 | 1.11e+00 0.00e+00   +nan  1.00 | 9.80e-01 4.05e-02 +0.066  1.00 | 7.1e+01 4.4e+00 2.193e+00
#4201  1137   1 | 1.04e+00 0.00e+00   +nan  1.00 | 8.36e-01 4.13e-02 -0.162  1.02 | 5.7e+01 4.6e+00 1.796e+00
#4202  1316   1 | 1.14e+00 0.00e+00   +nan  1.00 | 9.75e-01 4.14e-02 -0.102  1.01 | 5.9e+01 4.1e+00 2.266e+00
#4203  4022   1 | 1.17e+00 0.00e+00   +nan  1.00 | 9.11e-01 1.19e-01 +0.189  0.97 | 3.9e+01 5.1e+00 2.171e+00
#4204  1226   1 | 1.30e+00 0.00e+00   +nan  1.00 | 9.27e-01 6.04e-02 +0.063  1.00 | 5.7e+01 5.4e+00 2.534e+00
#4205  2266   1 | 9.63e-01 0.00e+00   +nan  1.00 | 1.03e+00 4.25e-02 +0.054  1.00 | 5.9e+01 4.9e+00 1.989e+00
#4206   589   1 | 1.00e+00 0.00e+00   +nan  1.00 | 1.07e+00 2.60e-02 +0.056  1.00 | 5.7e+01 4.0e+00 2.159e+00
#4207  3771   1 | 9.92e-01 0.00e+00   +nan  1.00 | 1.06e+00 1.81e-01 +0.276  0.93 | 3.9e+01 4.6e+00 2.030e+00
#4208  3442   1 | 8.46e-01 0.00e+00   +nan  1.00 | 9.42e-01 1.22e-01 +0.208  0.96 | 4.1e+01 4.4e+00 1.569e+00
#4209   484   1 | 5.53e-01 0.00e+00   +nan  1.00 | 1.04e+00 3.90e-02 +0.159  0.99 | 4.3e+01 4.2e+00 1.381e+00
#4210   247   1 | 1.22e+00 0.00e+00   +nan  1.00 | 1.10e+00 4.30e-02 +0.063  1.00 | 4.3e+01 4.3e+00 2.712e+00
#4211  1333   1 | 1.11e+00 0.00e+00   +nan  1.00 | 1.06e+00 4.91e-02 -0.034  1.01 | 5.8e+01 4.4e+00 2.353e+00
#4212  2055   1 | 9.19e-01 0.00e+00   +nan  1.00 | 9.51e-01 4.66e-02 +0.108  0.99 | 5.9e+01 4.6e+00 1.741e+00
#4213  4318   1 | 1.66e+00 0.00e+00   +nan  1.00 | 9.65e-01 2.23e-01 +0.277  0.93 | 4.0e+01 4.9e+00 3.622e+00
#4214  3601   1 | 1.41e+00 0.00e+00   +nan  1.00 | 1.01e+00 2.11e-01 +0.185  0.97 | 4.0e+01 4.8e+00 2.978e+00
#4215  3108   1 | 1.10e+00 0.00e+00   +nan  1.00 | 9.37e-01 1.12e-01 -0.111  1.04 | 3.1e+01 4.1e+00 2.122e+00
#4216  1030   1 | 4.70e-01 0.00e+00   +nan  1.00 | 9.87e-01 4.86e-02 +0.105  0.99 | 5.6e+01 4.7e+00 1.188e+00
#4217  3725   1 | 1.02e+00 0.00e+00   +nan  1.00 | 9.45e-01 2.09e-01 -0.048  1.07 | 4.2e+01 4.2e+00 2.000e+00
#4218  1914   1 | 1.10e+00 0.00e+00   +nan  1.00 | 1.08e+00 6.49e-02 +0.008  1.00 | 6.0e+01 4.7e+00 2.375e+00
#4219   779   1 | 1.17e+00 0.00e+00   +nan  1.00 | 1.17e+00 5.67e-02 +0.219  0.98 | 5.0e+01 4.5e+00 2.709e+00
#4220  4665   1 | 9.53e-01 0.00e+00   +nan  1.00 | 9.60e-01 1.76e-01 +0.238  0.95 | 5.7e+01 4.4e+00 1.781e+00
#4221  2904   1 | 1.07e+00 0.00e+00   +nan  1.00 | 1.04e+00 8.07e-02 +0.102  0.99 | 3.9e+01 4.4e+00 2.208e+00
#4222  2801   1 | 1.02e+00 0.00e+00   +nan  1.00 | 9.92e-01 7.90e-02 +0.099  0.99 | 4.1e+01 4.3e+00 2.017e+00
#4223  4064   1 | 5.74e-01 0.00e+00   +nan  1.00 | 9.77e-01 2.13e-01 +0.261  0.93 | 3.5e+01 4.5e+00 1.221e+00
#4224   438   1 | 4.94e-01 0.00e+00   +nan  1.00 | 1.12e+00 5.42e-02 +0.012  1.00 | 4.5e+01 4.6e+00 1.494e+00
#4225  3322   1 | 1.18e+00 0.00e+00   +nan  1.00 | 9.58e-01 2.29e-01 +0.091  1.01 | 3.7e+01 5.1e+00 2.319e+00
#4226  2343   1 | 1.08e+00 0.00e+00   +nan  1.00 | 9.70e-01 5.65e-02 +0.025  1.00 | 5.3e+01 4.7e+00 2.096e+00
#4227   319   1 | 1.31e+00 0.00e+00   +nan  1.00 | 1.01e+00 6.42e-02 -0.068  1.01 | 5.4e+01 4.9e+00 2.759e+00
#4228   279   1 | 1.14e+00 0.00e+00   +nan  1.00 | 9.88e-01 6.71e-02 -0.029  1.01 | 3.9e+01 4.7e+00 2.289e+00
#4229   621   1 | 6.58e-01 0.00e+00   +nan  1.00 | 1.07e+00 6.19e-02 +0.079  0.99 | 5.0e+01 4.7e+00 1.570e+00
#4230  3650   1 | 1.41e+00 0.00e+00   +nan  1.00 | 1.01e+00 1.80e-01 +0.141  0.98 | 4.4e+01 4.6e+00 2.995e+00
#4231   441   1 | 1.04e+00 0.00e+00   +nan  1.00 | 1.02e+00 6.45e-02 +0.086  0.99 | 4.1e+01 5.2e+00 2.121e+00
#4232   825   1 | 4.46e-01 0.00e+00   +nan  1.00 | 1.00e+00 5.30e-02 +0.236  0.98 | 5.5e+01 4.6e+00 1.180e+00
#4233  3544   1 | 7.38e-01 0.00e+00   +nan  1.00 | 9.46e-01 1.81e-01 -0.003  1.04 | 4.6e+01 4.3e+00 1.474e+00
#4234  2933   1 | 1.01e+00 0.00e+00   +nan  1.00 | 9.45e-01 5.88e-02 -0.018  1.01 | 4.1e+01 4.1e+00 1.913e+00
#4235   689   1 | 1.14e+00 0.00e+00   +nan  1.00 | 9.75e-01 4.50e-02 -0.040  1.01 | 5.8e+01 4.6e+00 2.264e+00
#4236   146   1 | 4.70e-01 0.00e+00   +nan  1.00 | 9.87e-01 6.21e-02 +0.072  0.99 | 3.6e+01 4.9e+00 1.190e+00
#4237   558   1 | 9.72e-01 0.00e+00   +nan  1.00 | 1.02e+00 5.56e-02 -0.113  1.02 | 4.7e+01 5.0e+00 1.996e+00
#4238  2435   1 | 9.15e-01 0.00e+00   +nan  1.00 | 9.51e-01 5.31e-02 -0.031  1.01 | 5.9e+01 4.8e+00 1.748e+00
#4239  3535   1 | 7.15e-01 0.00e+00   +nan  1.00 | 1.00e+00 1.34e-01 -0.002  1.02 | 3.9e+01 4.5e+00 1.534e+00
#4240  4260   1 | 1.33e+00 0.00e+00   +nan  1.00 | 1.02e+00 1.68e-01 +0.215  0.96 | 4.1e+01 4.8e+00 2.752e+00
#4241   264   1 | 7.71e-01 0.00e+00   +nan  1.00 | 9.59e-01 4.53e-02 -0.139  1.02 | 4.7e+01 4.4e+00 1.528e+00
#4242  4462   1 | 1.02e+00 0.00e+00   +nan  1.00 | 1.13e+00 1.20e-01 +0.088  0.99 | 4.6e+01 3.9e+00 2.316e+00
#4243  3557   1 | 1.29e+00 0.00e+00   +nan  1.00 | 1.09e+00 9.42e-02 +0.234  0.97 | 4.5e+01 4.5e+00 2.823e+00
#4244  2687   1 | 1.19e+00 0.00e+00   +nan  1.00 | 1.05e+00 3.33e-02 +0.117  0.99 | 4.7e+01 4.3e+00 2.531e+00
#4245  2311   1 | 5.58e-01 0.00e+00   +nan  1.00 | 1.04e+00 3.45e-02 +0.018  1.00 | 6.5e+01 4.1e+00 1.398e+00
#4246  3348   1 | 5.68e-01 0.00e+00   +nan  1.00 | 1.03e+00 7.32e-02 +0.287  0.96 | 3.8e+01 4.4e+00 1.343e+00
#4247  1322   1 | 1.11e+00 0.00e+00   +nan  1.00 | 1.06e+00 3.74e-02 -0.105  1.01 | 6.3e+01 5.2e+00 2.357e+00
#4248   899   1 | 1.08e+00 0.00e+00   +nan  1.00 | 9.97e-01 3.57e-02 +0.055  1.00 | 5.6e+01 4.6e+00 2.152e+00
#4249   543   1 | 1.31e+00 0.00e+00   +nan  1.00 | 1.04e+00 4.25e-02 +0.057  1.00 | 5.5e+01 4.8e+00 2.783e+00
#4250  4180   1 | 7.20e-01 0.00e+00   +nan  1.00 | 1.09e+00 1.89e-01 +0.328  0.92 | 3.6e+01 4.7e+00 1.603e+00
#4251  4146   1 | 1.14e+00 0.00e+00   +nan  1.00 | 1.01e+00 1.31e-01 +0.125  0.98 | 3.2e+01 4.5e+00 2.289e+00
#4252  1730   1 | 9.76e-01 0.00e+00   +nan  1.00 | 1.04e+00 2.39e-02 +0.169  0.99 | 7.9e+01 4.0e+00 2.031e+00
#4253  1643   1 | 1.29e+00 0.00e+00   +nan  1.00 | 9.27e-01 2.70e-02 +0.002  1.00 | 7.0e+01 4.3e+00 2.536e+00
#4254  2164   1 | 1.04e+00 0.00e+00   +nan  1.00 | 8.36e-01 4.32e-02 +0.123  0.99 | 6.4e+01 4.5e+00 1.780e+00
#4255  3564   1 | 1.11e+00 0.00e+00   +nan  1.00 | 9.37e-01 9.19e-02 +0.039  1.00 | 4.3e+01 4.4e+00 2.107e+00
#4256  1773   1 | 1.32e+00 0.00e+00   +nan  1.00 | 1.12e+00 3.23e-02 -0.014  1.00 | 8.3e+01 4.6e+00 3.002e+00
#4257  4260   1 | 1.06e+00 0.00e+00   +nan  1.00 | 1.03e+00 1.46e-01 +0.122  0.99 | 4.0e+01 4.5e+00 2.167e+00
#4258  4140   1 | 1.67e+00 0.00e+00   +nan  1.00 | 9.65e-01 1.61e-01 +0.020  1.02 | 3.4e+01 4.1e+00 3.731e+00
#4259   547   1 | 1.00e+00 0.00e+00   +nan  1.00 | 1.07e+00 3.49e-02 +0.006  1.00 | 6.4e+01 4.3e+00 2.162e+00
#4260  2942   1 | 8.64e-01 0.00e+00   +nan  1.00 | 9.10e-01 7.53e-02 +0.122  0.99 | 3.6e+01 4.7e+00 1.564e+00
#4261  2972   1 | 8.36e-01 0.00e+00   +nan  1.00 | 9.42e-01 7.47e-02 +0.320  0.96 | 3.4e+01 4.2e+00 1.546e+00
#4262  4656   1 | 7.29e-01 0.00e+00   +nan  1.00 | 9.49e-01 2.05e-01 +0.258  0.94 | 6.0e+01 4.5e+00 1.375e+00
#4263  3361   1 | 1.08e+00 0.00e+00   +nan  1.00 | 9.82e-01 9.69e-02 -0.004  1.01 | 4.1e+01 5.1e+00 2.144e+00
#4264  3843   1 | 6.47e-01 0.00e+00   +nan  1.00 | 1.03e+00 1.48e-01 +0.238  0.95 | 4.0e+01 4.9e+00 1.426e+00
#4265  3799   1 | 1.08e+00 0.00e+00   +nan  1.00 | 9.80e-01 1.28e-01 +0.121  0.99 | 3.7e+01 4.2e+00 2.121e+00
#4266  1174   1 | 1.21e+00 0.00e+00   +nan  1.00 | 9.11e-01 3.14e-02 +0.130  0.99 | 6.5e+01 4.2e+00 2.282e+00
#4267  4660   1 | 1.36e+00 0.00e+00   +nan  1.00 | 1.00e+00 2.17e-01 +0.207  0.96 | 6.1e+01 4.9e+00 2.798e+00
#4268  2599   1 | 1.30e+00 0.00e+00   +nan  1.00 | 9.64e-01 4.47e-02 +0.098  0.99 | 5.8e+01 4.6e+00 2.604e+00
#4269  1367   1 | 8.26e-01 0.00e+00   +nan  1.00 | 9.54e-01 3.84e-02 -0.016  1.00 | 6.1e+01 4.6e+00 1.595e+00
#4270  4213   1 | 9.89e-01 1.20e-19 +0.204  1.00 | 1.06e+00 2.67e-01 +0.101  1.01 | 4.7e+01 5.3e+00 2.111e+00
#4271  4211   1 | 8.45e-01 3.74e-23 -0.190  1.00 | 1.01e+00 2.74e-01 +0.203  0.96 | 4.8e+01 5.3e+00 1.702e+00
#4272  2822   1 | 1.14e+00 0.00e+00   +nan  1.00 | 9.43e-01 7.66e-02 +0.161  0.98 | 4.2e+01 4.8e+00 2.181e+00
#4273   711   1 | 1.08e+00 0.00e+00   +nan  1.00 | 9.68e-01 4.80e-02 -0.047  1.01 | 5.7e+01 5.2e+00 2.117e+00
#4274  3796   1 | 1.07e+00 0.00e+00   +nan  1.00 | 9.93e-01 1.77e-01 +0.165  0.97 | 4.1e+01 4.5e+00 2.095e+00
#4275  2254   1 | 5.81e-01 0.00e+00   +nan  1.00 | 1.05e+00 5.14e-02 +0.146  0.99 | 5.8e+01 5.0e+00 1.432e+00
#4276  3149   1 | 1.00e+00 0.00e+00   +nan  1.00 | 8.61e-01 1.01e-01 -0.003  1.01 | 4.5e+01 4.4e+00 1.756e+00
#4277   718   1 | 9.65e-01 0.00e+00   +nan  1.00 | 1.03e+00 6.20e-02 +0.064  1.00 | 5.6e+01 5.2e+00 1.992e+00
#4278  4492   1 | 9.55e-01 0.00e+00   +nan  1.00 | 1.07e+00 1.97e-01 +0.302  0.92 | 4.2e+01 5.0e+00 1.977e+00
#4279  4558   1 | 1.24e+00 0.00e+00   +nan  1.00 | 9.89e-01 2.04e-01 +0.142  0.98 | 5.2e+01 4.6e+00 2.494e+00
#4280    46   1 | 1.12e+00 0.00e+00   +nan  1.00 | 1.13e+00 4.89e-02 +0.046  1.00 | 5.0e+01 4.5e+00 2.542e+00
#4281  1197   1 | 9.07e-01 0.00e+00   +nan  1.00 | 9.18e-01 3.33e-02 -0.130  1.01 | 6.0e+01 4.4e+00 1.674e+00
#4282  2703   1 | 8.95e-01 0.00e+00   +nan  1.00 | 9.15e-01 8.91e-02 -0.045  1.02 | 3.4e+01 5.0e+00 1.653e+00
#4283  2854   1 | 1.03e+00 0.00e+00   +nan  1.00 | 1.08e+00 8.10e-02 +0.208  0.97 | 3.7e+01 4.3e+00 2.214e+00
#4284   909   1 | 9.64e-01 0.00e+00   +nan  1.00 | 1.06e+00 5.11e-02 +0.078  0.99 | 6.0e+01 5.1e+00 2.056e+00
#4285  1545   1 | 1.38e+00 0.00e+00   +nan  1.00 | 1.03e+00 4.67e-02 -0.016  1.00 | 7.1e+01 4.7e+00 2.961e+00
#4286  3383   1 | 1.09e+00 0.00e+00   +nan  1.00 | 1.02e+00 1.66e-01 +0.262  0.94 | 3.7e+01 5.1e+00 2.162e+00
#4287  4020   1 | 1.26e+00 0.00e+00   +nan  1.00 | 1.08e+00 1.24e-01 +0.110  0.99 | 3.8e+01 5.1e+00 2.750e+00
#4288  4148   1 | 6.18e-01 0.00e+00   +nan  1.00 | 1.08e+00 1.57e-01 +0.123  0.99 | 3.5e+01 5.1e+00 1.540e+00
#4289   144   1 | 1.22e+00 0.00e+00   +nan  1.00 | 1.10e+00 6.68e-02 +0.107  0.99 | 3.6e+01 4.9e+00 2.705e+00
#4290  1100   1 | 5.12e-01 0.00e+00   +nan  1.00 | 9.97e-01 4.52e-02 -0.003  1.00 | 6.6e+01 4.6e+00 1.259e+00
#4291   116   1 | 1.13e+00 0.00e+00   +nan  1.00 | 1.05e+00 7.56e-02 +0.134  0.99 | 4.1e+01 4.7e+00 2.377e+00
#4292  2729   1 | 5.55e-01 0.00e+00   +nan  1.00 | 1.03e+00 7.51e-02 +0.065  1.00 | 4.4e+01 4.4e+00 1.362e+00
#4293   461   1 | 1.31e+00 0.00e+00   +nan  1.00 | 1.04e+00 4.67e-02 +0.154  0.99 | 5.2e+01 4.9e+00 2.773e+00
#4294  2550   1 | 1.38e+00 0.00e+00   +nan  1.00 | 1.03e+00 6.24e-02 +0.068  1.00 | 4.8e+01 4.4e+00 2.963e+00
#4295   466   1 | 1.08e+00 0.00e+00   +nan  1.00 | 1.04e+00 6.44e-02 -0.035  1.01 | 3.6e+01 4.9e+00 2.263e+00
#4296  1689   1 | 1.29e+00 0.00e+00   +nan  1.00 | 9.27e-01 6.02e-02 +0.186  0.98 | 7.5e+01 5.0e+00 2.519e+00
#4297  4897   1 | 1.08e+00 0.00e+00   +nan  1.00 | 9.97e-01 2.20e-01 +0.363  0.89 | 4.7e+01 5.0e+00 2.053e+00
#4298  1930   1 | 1.04e+00 0.00e+00   +nan  1.00 | 1.08e+00 6.15e-02 +0.140  0.99 | 6.1e+01 4.5e+00 2.252e+00
#4299  3605   1 | 8.87e-01 0.00e+00   +nan  1.00 | 9.51e-01 1.09e-01 +0.062  1.00 | 4.3e+01 4.4e+00 1.690e+00
#4300   372   1 | 1.10e+00 0.00e+00   +nan  1.00 | 1.08e+00 1.11e-01 +0.124  0.99 | 4.0e+01 5.3e+00 2.355e+00
#4301  3676   1 | 7.15e-01 0.00e+00   +nan  1.00 | 1.00e+00 1.87e-01 +0.191  0.96 | 4.6e+01 4.3e+00 1.480e+00
#4302   142   1 | 5.53e-01 0.00e+00   +nan  1.00 | 1.04e+00 7.42e-02 +0.203  0.98 | 4.4e+01 4.5e+00 1.366e+00
#4303   108   1 | 1.02e+00 0.00e+00   +nan  1.00 | 1.13e+00 8.98e-02 -0.047  1.01 | 3.8e+01 4.6e+00 2.337e+00
#4304  3781   1 | 1.17e+00 0.00e+00   +nan  1.00 | 1.05e+00 2.19e-01 +0.194  0.96 | 4.1e+01 5.0e+00 2.431e+00
#4305  2715   1 | 1.00e+00 0.00e+00   +nan  1.00 | 9.45e-01 8.51e-02 -0.007  1.01 | 4.3e+01 4.4e+00 1.911e+00
#4306   397   1 | 1.03e+00 0.00e+00   +nan  1.00 | 9.92e-01 7.30e-02 -0.001  1.01 | 4.6e+01 4.4e+00 2.040e+00
#4307  1706   1 | 1.08e+00 0.00e+00   +nan  1.00 | 9.93e-01 5.69e-02 -0.101  1.01 | 7.2e+01 4.6e+00 2.166e+00
#4308  2215   1 | 5.71e-01 0.00e+00   +nan  1.00 | 9.77e-01 7.23e-02 +0.130  0.99 | 5.7e+01 4.6e+00 1.268e+00
#4309  3005   1 | 1.18e+00 0.00e+00   +nan  1.00 | 9.58e-01 1.52e-01 -0.002  1.03 | 4.0e+01 5.4e+00 2.331e+00
#4310  1777   1 | 1.08e+00 0.00e+00   +nan  1.00 | 9.68e-01 6.49e-02 +0.018  1.00 | 8.1e+01 5.0e+00 2.110e+00
#4311  2860   1 | 8.33e-01 0.00e+00   +nan  1.00 | 9.54e-01 1.01e-01 +0.046  1.00 | 4.0e+01 4.5e+00 1.604e+00
#4312  3348   1 | 9.75e-01 0.00e+00   +nan  1.00 | 1.07e+00 1.03e-01 +0.098  0.99 | 4.0e+01 4.4e+00 2.094e+00
#4313  2083   1 | 1.66e+00 0.00e+00   +nan  1.00 | 9.65e-01 5.19e-02 -0.025  1.01 | 6.4e+01 4.5e+00 3.676e+00
#4314  4740   1 | 9.50e-01 0.00e+00   +nan  1.00 | 9.60e-01 2.31e-01 +0.278  0.92 | 5.4e+01 4.4e+00 1.754e+00
#4315  4158   1 | 6.18e-01 0.00e+00   +nan  1.00 | 1.08e+00 1.48e-01 +0.151  0.98 | 3.7e+01 4.7e+00 1.530e+00
#4316  2678   1 | 7.32e-01 0.00e+00   +nan  1.00 | 9.46e-01 7.23e-02 +0.008  1.00 | 4.9e+01 4.8e+00 1.434e+00
#4317  4915   1 | 6.85e-01 0.00e+00   +nan  1.00 | 1.09e+00 2.04e-01 +0.333  0.91 | 4.4e+01 4.7e+00 1.546e+00
#4318  1526   1 | 7.72e-01 0.00e+00   +nan  1.00 | 9.59e-01 5.36e-02 +0.091  0.99 | 6.7e+01 5.0e+00 1.508e+00
#4319  4182   1 | 1.10e+00 0.00e+00   +nan  1.00 | 9.37e-01 1.82e-01 +0.086  1.00 | 3.3e+01 4.3e+00 2.096e+00
#4320  1989   1 | 1.14e+00 0.00e+00   +nan  1.00 | 9.88e-01 4.87e-02 -0.086  1.01 | 6.6e+01 4.8e+00 2.286e+00
#4321  3784   1 | 6.48e-01 0.00e+00   +nan  1.00 | 1.03e+00 1.08e-01 +0.198  0.97 | 3.7e+01 4.2e+00 1.446e+00
#4322   575   1 | 6.58e-01 0.00e+00   +nan  1.00 | 1.07e+00 4.02e-02 -0.008  1.00 | 4.9e+01 4.3e+00 1.579e+00
#4323   137   1 | 1.15e+00 0.00e+00   +nan  1.00 | 9.43e-01 3.62e-02 +0.013  1.00 | 4.2e+01 3.8e+00 2.201e+00
#4324  3896   1 | 1.04e+00 0.00e+00   +nan  1.00 | 1.03e+00 1.68e-01 +0.173  0.97 | 3.2e+01 4.5e+00 2.119e+00
#4325  3565   1 | 8.43e-01 0.00e+00   +nan  1.00 | 1.01e+00 1.21e-01 +0.067  1.00 | 4.2e+01 5.2e+00 1.736e+00
#4326  3932   1 | 9.10e-01 0.00e+00   +nan  1.00 | 9.18e-01 1.60e-01 +0.205  0.96 | 3.2e+01 4.7e+00 1.635e+00
#4327   197   1 | 1.11e+00 0.00e+00   +nan  1.00 | 9.80e-01 3.77e-02 -0.039  1.00 | 4.2e+01 4.8e+00 2.207e+00
#4328  2572   1 | 1.32e+00 0.00e+00   +nan  1.00 | 1.02e+00 4.83e-02 +0.153  0.99 | 5.7e+01 4.9e+00 2.763e+00
#4329  4009   1 | 1.00e+00 0.00e+00   +nan  1.00 | 8.61e-01 1.81e-01 +0.223  0.95 | 3.7e+01 4.7e+00 1.707e+00
#4330  4097   1 | 9.79e-01 0.00e+00   +nan  1.00 | 1.02e+00 2.01e-01 +0.242  0.94 | 3.3e+01 4.5e+00 1.935e+00
#4331  4227   1 | 1.14e+00 0.00e+00   +nan  1.00 | 1.01e+00 2.63e-01 +0.139  1.00 | 3.3e+01 6.0e+00 2.298e+00
#4332    91   1 | 1.23e+00 0.00e+00   +nan  1.00 | 9.89e-01 3.47e-02 -0.049  1.00 | 4.5e+01 5.2e+00 2.505e+00
#4333  2727   1 | 9.96e-01 0.00e+00   +nan  1.00 | 1.07e+00 4.40e-02 +0.111  0.99 | 4.8e+01 4.6e+00 2.139e+00
#4334  1776   1 | 5.79e-01 0.00e+00   +nan  1.00 | 1.05e+00 2.39e-02 +0.047  1.00 | 9.1e+01 4.6e+00 1.441e+00
#4335  4582   1 | 1.30e+00 0.00e+00   +nan  1.00 | 1.08e+00 1.77e-01 +0.282  0.93 | 4.2e+01 4.5e+00 2.774e+00
#4336  1408   1 | 8.89e-01 0.00e+00   +nan  1.00 | 9.15e-01 2.85e-02 -0.181  1.01 | 6.7e+01 4.7e+00 1.638e+00
#4337  3138   1 | 1.03e+00 0.00e+00   +nan  1.00 | 1.02e+00 7.47e-02 +0.291  0.96 | 3.1e+01 4.9e+00 2.065e+00
#4338  3781   1 | 5.22e-01 0.00e+00   +nan  1.00 | 9.97e-01 2.39e-01 +0.148  0.99 | 3.4e+01 5.0e+00 1.253e+00
#4339  2871   1 | 4.97e-01 0.00e+00   +nan  1.00 | 1.12e+00 4.57e-02 +0.197  0.99 | 4.0e+01 4.9e+00 1.477e+00
#4340  4439   1 | 1.34e+00 0.00e+00   +nan  1.00 | 1.00e+00 1.09e-01 +0.229  0.96 | 4.2e+01 4.9e+00 2.775e+00
#4341  3264   1 | 1.10e+00 0.00e+00   +nan  1.00 | 1.13e+00 6.48e-02 +0.090  0.99 | 4.0e+01 4.3e+00 2.485e+00
#4342   341   1 | 1.17e+00 0.00e+00   +nan  1.00 | 1.17e+00 3.23e-02 +0.225  0.99 | 4.6e+01 4.5e+00 2.720e+00
#4343  3846   1 | 1.28e+00 0.00e+00   +nan  1.00 | 1.01e+00 1.20e-01 +0.131  0.98 | 3.8e+01 4.3e+00 2.634e+00
#4344    76   1 | 9.65e-01 0.00e+00   +nan  1.00 | 1.06e+00 4.92e-02 +0.160  0.99 | 3.2e+01 4.5e+00 2.049e+00
#4345  3470   1 | 1.23e+00 0.00e+00   +nan  1.00 | 1.10e+00 1.71e-01 +0.278  0.94 | 4.0e+01 5.1e+00 2.648e+00
#4346  2860   1 | 1.31e+00 0.00e+00   +nan  1.00 | 1.12e+00 9.32e-02 -0.119  1.03 | 3.9e+01 4.7e+00 3.009e+00
#4347  3588   1 | 1.09e+00 0.00e+00   +nan  1.00 | 9.70e-01 1.61e-01 +0.249  0.95 | 3.8e+01 5.0e+00 2.077e+00
#4348  4924   1 | 1.03e+00 5.31e-22 +0.131  1.00 | 8.36e-01 2.04e-01 +0.403  0.86 | 4.8e+01 4.7e+00 1.659e+00
#4349  1063   1 | 4.70e-01 0.00e+00   +nan  1.00 | 9.87e-01 4.62e-02 +0.082  0.99 | 6.9e+01 4.6e+00 1.190e+00
#4350  4621   1 | 9.69e-01 0.00e+00   +nan  1.00 | 1.04e+00 1.97e-01 +0.173  0.97 | 5.2e+01 4.3e+00 1.993e+00
#4351  1582   1 | 1.14e+00 0.00e+00   +nan  1.00 | 9.75e-01 4.72e-02 -0.048  1.01 | 7.0e+01 5.0e+00 2.261e+00
#4352  4847   1 | 9.70e-01 0.00e+00   +nan  1.00 | 1.03e+00 2.29e-01 +0.313  0.91 | 4.4e+01 4.7e+00 1.910e+00
#4353  2970   1 | 1.10e+00 0.00e+00   +nan  1.00 | 1.02e+00 1.28e-01 +0.133  0.98 | 3.0e+01 4.8e+00 2.221e+00
#4354  1551   1 | 1.11e+00 0.00e+00   +nan  1.00 | 9.82e-01 4.21e-02 -0.022  1.00 | 6.6e+01 4.3e+00 2.194e+00
#4355  3393   1 | 1.41e+00 0.00e+00   +nan  1.00 | 1.01e+00 1.47e-01 +0.041  1.01 | 4.0e+01 4.9e+00 3.017e+00
#4356  4589   1 | 9.66e-01 0.00e+00   +nan  1.00 | 1.06e+00 1.86e-01 +0.201  0.96 | 4.9e+01 4.0e+00 2.007e+00
#4357  2816   1 | 1.20e+00 0.00e+00   +nan  1.00 | 9.11e-01 1.07e-01 +0.195  0.97 | 3.5e+01 4.7e+00 2.234e+00
#4358   708   1 | 7.38e-01 0.00e+00   +nan  1.00 | 9.49e-01 4.19e-02 -0.086  1.01 | 5.2e+01 4.4e+00 1.454e+00
#4359  4947   1 | 1.32e+00 0.00e+00   +nan  1.00 | 1.09e+00 2.26e-01 +0.454  0.86 | 5.1e+01 4.5e+00 2.758e+00
#4360  3637   1 | 8.51e-01 0.00e+00   +nan  1.00 | 9.42e-01 1.80e-01 +0.197  0.96 | 4.5e+01 4.3e+00 1.578e+00
#4361  4151   1 | 1.12e+00 0.00e+00   +nan  1.00 | 1.06e+00 1.77e-01 +0.232  0.95 | 3.7e+01 3.8e+00 2.331e+00
#4362   234   1 | 1.30e+00 0.00e+00   +nan  1.00 | 9.64e-01 7.40e-02 +0.082  0.99 | 4.2e+01 5.0e+00 2.601e+00
#4363   269   1 | 1.13e+00 0.00e+00   +nan  1.00 | 1.05e+00 6.44e-02 +0.143  0.99 | 3.8e+01 4.7e+00 2.378e+00
#4364  1065   1 | 4.47e-01 0.00e+00   +nan  1.00 | 1.00e+00 5.39e-02 +0.158  0.99 | 6.1e+01 4.7e+00 1.188e+00
#4365   831   1 | 8.53e-01 0.00e+00   +nan  1.00 | 9.10e-01 6.71e-02 -0.036  1.01 | 3.6e+01 4.5e+00 1.564e+00
#4366  3535   1 | 9.92e-01 0.00e+00   +nan  1.00 | 1.04e+00 2.28e-01 +0.294  0.92 | 3.9e+01 4.9e+00 1.983e+00
#4367  3324   1 | 9.83e-01 0.00e+00   +nan  1.00 | 1.06e+00 2.29e-01 +0.115  1.00 | 3.6e+01 4.9e+00 2.081e+00
#4368  1608   1 | 1.15e+00 0.00e+00   +nan  1.00 | 9.43e-01 5.78e-02 +0.165  0.98 | 6.1e+01 4.2e+00 2.187e+00
#4369  4002   1 | 8.52e-01 0.00e+00   +nan  1.00 | 1.01e+00 2.54e-01 +0.105  1.01 | 3.9e+01 4.6e+00 1.762e+00
#4370  1823   1 | 9.99e-01 0.00e+00   +nan  1.00 | 9.45e-01 5.02e-02 -0.020  1.00 | 5.0e+01 4.0e+00 1.897e+00
#4371  4298   1 | 9.67e-01 0.00e+00   +nan  1.00 | 1.07e+00 2.27e-01 +0.247  0.94 | 4.1e+01 4.6e+00 2.022e+00
#4372  2360   1 | 1.32e+00 0.00e+00   +nan  1.00 | 1.02e+00 6.28e-02 +0.075  0.99 | 4.5e+01 4.0e+00 2.770e+00
#4373  2094   1 | 1.10e+00 0.00e+00   +nan  1.00 | 1.02e+00 8.49e-02 +0.176  0.98 | 5.6e+01 5.4e+00 2.233e+00
#4374  3540   1 | 6.59e-01 0.00e+00   +nan  1.00 | 1.07e+00 2.35e-01 +0.127  0.99 | 4.7e+01 4.9e+00 1.569e+00
#4375  3812   1 | 1.02e+00 0.00e+00   +nan  1.00 | 1.02e+00 1.83e-01 +0.210  0.96 | 3.6e+01 4.1e+00 2.039e+00
#4376  3732   1 | 7.58e-01 0.00e+00   +nan  1.00 | 9.49e-01 2.74e-01 +0.054  1.05 | 4.7e+01 5.0e+00 1.523e+00
#4377  3702   1 | 1.00e+00 0.00e+00   +nan  1.00 | 8.61e-01 2.68e-01 +0.114  1.03 | 4.6e+01 5.4e+00 1.769e+00
#4378  2341   1 | 1.30e+00 0.00e+00   +nan  1.00 | 1.04e+00 8.32e-02 +0.024  1.00 | 4.7e+01 4.9e+00 2.779e+00
#4379  4291   1 | 4.94e-01 0.00e+00   +nan  1.00 | 1.12e+00 2.73e-01 +0.408  0.86 | 4.2e+01 4.9e+00 1.318e+00
#4380  1016   1 | 1.08e+00 0.00e+00   +nan  1.00 | 9.93e-01 7.19e-02 +0.033  1.00 | 4.9e+01 5.0e+00 2.154e+00
#4381   103   1 | 1.00e+00 0.00e+00   +nan  1.00 | 1.07e+00 8.41e-02 -0.069  1.02 | 3.3e+01 4.9e+00 2.182e+00
#4382  1519   1 | 8.25e-01 0.00e+00   +nan  1.00 | 9.42e-01 4.76e-02 +0.209  0.98 | 5.9e+01 4.2e+00 1.551e+00
#4383  3482   1 | 9.56e-01 0.00e+00   +nan  1.00 | 1.06e+00 2.08e-01 +0.236  0.95 | 4.5e+01 4.7e+00 1.984e+00
#4384  3007   1 | 7.33e-01 0.00e+00   +nan  1.00 | 9.46e-01 1.14e-01 +0.144  0.98 | 3.7e+01 4.8e+00 1.415e+00
#4385   340   1 | 1.40e+00 0.00e+00   +nan  1.00 | 1.01e+00 8.99e-02 -0.036  1.01 | 3.8e+01 5.3e+00 3.006e+00
#4386   271   1 | 1.03e+00 0.00e+00   +nan  1.00 | 9.92e-01 6.91e-02 +0.035  1.00 | 3.4e+01 4.4e+00 2.035e+00
#4387  2829   1 | 1.06e+00 0.00e+00   +nan  1.00 | 1.03e+00 1.82e-01 +0.069  1.01 | 3.3e+01 4.8e+00 2.191e+00
#4388  2517   1 | 1.14e+00 0.00e+00   +nan  1.00 | 9.88e-01 1.12e-01 -0.065  1.03 | 3.8e+01 5.0e+00 2.298e+00
#4389  4048   1 | 8.82e-01 0.00e+00   +nan  1.00 | 9.10e-01 1.73e-01 +0.032  1.02 | 4.5e+01 4.2e+00 1.626e+00
#4390  3890   1 | 1.23e+00 0.00e+00   +nan  1.00 | 1.10e+00 2.25e-01 +0.183  0.97 | 3.8e+01 4.7e+00 2.694e+00
#4391  2698   1 | 1.08e+00 0.00e+00   +nan  1.00 | 9.70e-01 7.65e-02 +0.216  0.97 | 3.6e+01 4.9e+00 2.075e+00
#4392  1374   1 | 1.29e+00 0.00e+00   +nan  1.00 | 1.08e+00 5.25e-02 +0.118  0.99 | 6.3e+01 5.0e+00 2.823e+00
#4393  4990   1 | 9.69e-01 6.48e-23 +0.111  1.00 | 1.03e+00 2.32e-01 +0.309  0.91 | 6.2e+01 4.5e+00 1.909e+00
#4394  4170   1 | 9.81e-01 0.00e+00   +nan  1.00 | 9.60e-01 2.15e-01 +0.213  0.95 | 4.3e+01 4.4e+00 1.843e+00
#4395  2480   1 | 1.66e+00 0.00e+00   +nan  1.00 | 9.65e-01 5.75e-02 -0.170  1.02 | 5.5e+01 4.9e+00 3.698e+00
#4396  2399   1 | 7.76e-01 0.00e+00   +nan  1.00 | 9.59e-01 8.73e-02 +0.178  0.98 | 4.9e+01 5.0e+00 1.500e+00
#4397  3933   1 | 1.28e+00 0.00e+00   +nan  1.00 | 1.01e+00 2.18e-01 +0.295  0.92 | 3.7e+01 4.7e+00 2.568e+00
#4398  4240   1 | 9.08e-01 0.00e+00   +nan  1.00 | 9.15e-01 1.88e-01 -0.064  1.07 | 3.7e+01 4.6e+00 1.720e+00
#4399  4402   1 | 1.12e+00 0.00e+00   +nan  1.00 | 1.05e+00 1.94e-01 +0.335  0.91 | 3.6e+01 4.8e+00 2.271e+00
[best] step 4400: trailing ratio_p=0.9808 (new best)
#4400    45   1 | 1.04e+00 0.00e+00   +nan  1.00 | 8.36e-01 6.13e-02 -0.111  1.02 | 4.5e+01 4.9e+00 1.799e+00
#4401  1867   1 | 1.23e+00 0.00e+00   +nan  1.00 | 9.89e-01 4.60e-02 +0.160  0.99 | 5.7e+01 5.3e+00 2.480e+00
#4402   861   1 | 1.08e+00 0.00e+00   +nan  1.00 | 1.04e+00 3.71e-02 +0.010  1.00 | 4.9e+01 4.8e+00 2.254e+00
#4403  3074   1 | 1.10e+00 0.00e+00   +nan  1.00 | 9.37e-01 1.41e-01 -0.016  1.03 | 2.9e+01 4.5e+00 2.109e+00
#4404  4913   1 | 1.08e+00 0.00e+00   +nan  1.00 | 9.97e-01 2.23e-01 +0.298  0.92 | 4.1e+01 4.8e+00 2.081e+00
#4405  1107   1 | 7.01e-01 0.00e+00   +nan  1.00 | 1.00e+00 3.63e-02 +0.186  0.99 | 6.2e+01 4.4e+00 1.484e+00
#4406  1605   1 | 4.70e-01 0.00e+00   +nan  1.00 | 9.87e-01 3.64e-02 +0.029  1.00 | 7.0e+01 4.7e+00 1.195e+00
#4407  1958   1 | 1.17e+00 0.00e+00   +nan  1.00 | 1.17e+00 3.78e-02 +0.153  0.99 | 5.6e+01 4.2e+00 2.721e+00
#4408  3804   1 | 8.81e-01 0.00e+00   +nan  1.00 | 9.51e-01 1.78e-01 -0.004  1.04 | 3.7e+01 4.5e+00 1.713e+00
#4409  1725   1 | 5.70e-01 0.00e+00   +nan  1.00 | 9.77e-01 3.29e-02 -0.054  1.00 | 8.6e+01 4.8e+00 1.284e+00
#4410  2336   1 | 6.03e-01 0.00e+00   +nan  1.00 | 1.08e+00 3.28e-02 +0.144  0.99 | 6.4e+01 4.5e+00 1.529e+00
#4411  2579   1 | 8.30e-01 0.00e+00   +nan  1.00 | 9.54e-01 4.26e-02 +0.136  0.99 | 4.5e+01 4.2e+00 1.590e+00
#4412  1542   1 | 1.20e+00 0.00e+00   +nan  1.00 | 1.05e+00 3.68e-02 -0.046  1.00 | 6.7e+01 4.6e+00 2.566e+00
#4413  3727   1 | 1.11e+00 0.00e+00   +nan  1.00 | 9.75e-01 2.28e-01 +0.153  0.98 | 4.7e+01 4.9e+00 2.157e+00
#4414  3159   1 | 1.11e+00 0.00e+00   +nan  1.00 | 1.06e+00 1.04e-01 +0.059  1.00 | 3.7e+01 4.9e+00 2.361e+00
#4415  4730   1 | 1.29e+00 0.00e+00   +nan  1.00 | 9.64e-01 2.01e-01 +0.322  0.91 | 4.4e+01 4.6e+00 2.512e+00
#4416  3149   1 | 1.09e+00 0.00e+00   +nan  1.00 | 9.82e-01 8.47e-02 +0.129  0.99 | 4.3e+01 4.5e+00 2.133e+00
#4417  1554   1 | 1.30e+00 0.00e+00   +nan  1.00 | 1.09e+00 2.98e-02 -0.004  1.00 | 7.5e+01 4.5e+00 2.902e+00
#4418  3268   1 | 5.66e-01 0.00e+00   +nan  1.00 | 1.03e+00 7.45e-02 +0.129  0.99 | 4.4e+01 4.9e+00 1.364e+00
#4419  3257   1 | 5.21e-01 0.00e+00   +nan  1.00 | 9.97e-01 9.08e-02 +0.102  0.99 | 4.0e+01 5.1e+00 1.255e+00
#4420  1610   1 | 5.55e-01 0.00e+00   +nan  1.00 | 1.04e+00 4.28e-02 +0.167  0.99 | 7.0e+01 4.9e+00 1.381e+00
#4421  4034   1 | 1.29e+00 0.00e+00   +nan  1.00 | 9.27e-01 1.94e-01 +0.061  1.02 | 3.4e+01 5.2e+00 2.543e+00
#4422  4005   1 | 1.40e+00 0.00e+00   +nan  1.00 | 1.03e+00 1.74e-01 +0.041  1.01 | 3.4e+01 4.1e+00 3.024e+00
#4423  4994   1 | 1.18e+00 6.45e-21 +0.511  1.00 | 9.58e-01 2.01e-01 +0.194  0.96 | 4.7e+01 4.4e+00 2.264e+00
#4424  2890   1 | 5.84e-01 0.00e+00   +nan  1.00 | 1.05e+00 4.89e-02 +0.162  0.99 | 3.6e+01 4.2e+00 1.435e+00
#4425  4071   1 | 1.14e+00 0.00e+00   +nan  1.00 | 1.01e+00 1.70e-01 +0.155  0.98 | 3.6e+01 4.4e+00 2.281e+00
#4426  1088   1 | 6.24e-01 0.00e+00   +nan  1.00 | 1.03e+00 3.50e-02 +0.128  0.99 | 7.2e+01 4.5e+00 1.440e+00
#4427   379   1 | 9.07e-01 0.00e+00   +nan  1.00 | 9.18e-01 3.62e-02 -0.091  1.01 | 6.7e+01 4.2e+00 1.672e+00
#4428    62   1 | 1.12e+00 0.00e+00   +nan  1.00 | 1.13e+00 4.02e-02 +0.013  1.00 | 4.8e+01 4.9e+00 2.545e+00
#4429  4470   1 | 1.09e+00 0.00e+00   +nan  1.00 | 9.68e-01 1.20e-01 +0.247  0.95 | 4.7e+01 5.4e+00 2.079e+00
#4430    28   1 | 1.21e+00 0.00e+00   +nan  1.00 | 9.11e-01 4.54e-02 +0.043  1.00 | 4.4e+01 4.8e+00 2.288e+00
#4431  4560   1 | 1.35e+00 0.00e+00   +nan  1.00 | 1.00e+00 1.88e-01 +0.174  0.97 | 4.7e+01 5.1e+00 2.800e+00
#4432   104   1 | 4.46e-01 0.00e+00   +nan  1.00 | 1.00e+00 4.39e-02 +0.137  0.99 | 4.7e+01 4.6e+00 1.192e+00
#4433  2980   1 | 1.31e+00 0.00e+00   +nan  1.00 | 1.12e+00 6.22e-02 -0.051  1.01 | 4.6e+01 4.4e+00 2.981e+00
#4434  4431   1 | 1.02e+00 0.00e+00   +nan  1.00 | 1.13e+00 1.17e-01 +0.120  0.99 | 4.7e+01 4.4e+00 2.311e+00
#4435   328   1 | 1.11e+00 0.00e+00   +nan  1.00 | 9.80e-01 4.96e-02 -0.040  1.01 | 5.0e+01 4.9e+00 2.208e+00
#4436  2158   1 | 1.10e+00 0.00e+00   +nan  1.00 | 1.08e+00 4.24e-02 +0.180  0.99 | 7.2e+01 4.6e+00 2.357e+00
#4437  4519   1 | 6.97e-01 0.00e+00   +nan  1.00 | 1.09e+00 1.39e-01 +0.301  0.94 | 4.6e+01 4.6e+00 1.598e+00
#4438   547   1 | 9.72e-01 0.00e+00   +nan  1.00 | 1.02e+00 4.76e-02 +0.010  1.00 | 7.4e+01 5.2e+00 1.981e+00
#4439  4368   1 | 1.03e+00 0.00e+00   +nan  1.00 | 1.08e+00 1.30e-01 +0.303  0.94 | 4.2e+01 4.4e+00 2.171e+00
#4440  3515   1 | 1.18e+00 0.00e+00   +nan  1.00 | 9.58e-01 1.20e-01 +0.041  1.01 | 4.4e+01 5.2e+00 2.311e+00
#4441  4943   1 | 6.09e-01 0.00e+00   +nan  1.00 | 1.03e+00 1.81e-01 +0.446  0.87 | 3.8e+01 4.9e+00 1.296e+00
#4442  4237   1 | 1.27e+00 0.00e+00   +nan  1.00 | 1.08e+00 2.05e-01 +0.136  0.98 | 4.3e+01 5.0e+00 2.772e+00
#4443  3617   1 | 1.39e+00 0.00e+00   +nan  1.00 | 1.03e+00 1.59e-01 +0.066  1.00 | 4.6e+01 4.8e+00 3.007e+00
#4444  2030   1 | 1.04e+00 0.00e+00   +nan  1.00 | 1.08e+00 5.97e-02 +0.178  0.98 | 7.2e+01 4.8e+00 2.246e+00
#4445  2336   1 | 1.14e+00 0.00e+00   +nan  1.00 | 9.88e-01 5.44e-02 -0.074  1.01 | 7.1e+01 4.5e+00 2.284e+00
#4446  1300   1 | 1.23e+00 0.00e+00   +nan  1.00 | 9.89e-01 6.02e-02 +0.088  0.99 | 7.6e+01 5.2e+00 2.490e+00
#4447  1825   1 | 1.12e+00 0.00e+00   +nan  1.00 | 1.13e+00 4.81e-02 +0.050  1.00 | 6.9e+01 4.2e+00 2.534e+00
#4448  2880   1 | 5.64e-01 0.00e+00   +nan  1.00 | 1.04e+00 1.27e-01 +0.193  0.97 | 3.8e+01 5.4e+00 1.370e+00
#4449  2179   1 | 1.29e+00 0.00e+00   +nan  1.00 | 9.27e-01 5.61e-02 +0.123  0.99 | 6.9e+01 4.4e+00 2.524e+00
#4450  2743   1 | 6.58e-01 0.00e+00   +nan  1.00 | 1.07e+00 9.97e-02 +0.181  0.97 | 4.8e+01 4.9e+00 1.549e+00
#4451  1542   1 | 9.64e-01 0.00e+00   +nan  1.00 | 1.03e+00 7.15e-02 +0.067  1.00 | 6.8e+01 5.2e+00 1.990e+00
#4452  3439   1 | 1.11e+00 0.00e+00   +nan  1.00 | 1.05e+00 1.40e-01 +0.239  0.95 | 5.0e+01 4.6e+00 2.279e+00
#4453  1458   1 | 1.40e+00 0.00e+00   +nan  1.00 | 1.01e+00 6.91e-02 -0.017  1.01 | 5.7e+01 4.7e+00 2.998e+00
#4454  1959   1 | 8.90e-01 0.00e+00   +nan  1.00 | 9.15e-01 7.52e-02 -0.067  1.02 | 6.2e+01 4.8e+00 1.644e+00
#4455  2060   1 | 1.10e+00 0.00e+00   +nan  1.00 | 1.08e+00 9.24e-02 +0.127  0.99 | 6.5e+01 4.9e+00 2.355e+00
#4456  4713   1 | 1.10e+00 0.00e+00   +nan  1.00 | 1.06e+00 2.42e-01 +0.297  0.92 | 5.6e+01 4.5e+00 2.240e+00
#4457  2304   1 | 5.71e-01 0.00e+00   +nan  1.00 | 9.77e-01 7.56e-02 +0.199  0.98 | 6.2e+01 5.1e+00 1.258e+00
#4458  2987   1 | 4.73e-01 0.00e+00   +nan  1.00 | 9.87e-01 8.74e-02 +0.033  1.00 | 4.5e+01 4.7e+00 1.201e+00
#4459   139   1 | 9.72e-01 0.00e+00   +nan  1.00 | 1.02e+00 7.99e-02 +0.021  1.00 | 4.3e+01 4.4e+00 1.984e+00
#4460  4548   1 | 9.68e-01 0.00e+00   +nan  1.00 | 1.06e+00 2.19e-01 +0.277  0.93 | 5.0e+01 4.8e+00 1.975e+00
#4461  3104   1 | 9.70e-01 0.00e+00   +nan  1.00 | 1.07e+00 1.62e-01 +0.143  0.98 | 3.6e+01 4.5e+00 2.072e+00
#4462  3190   1 | 1.10e+00 0.00e+00   +nan  1.00 | 9.80e-01 1.47e-01 +0.016  1.02 | 4.1e+01 4.6e+00 2.182e+00
#4463  3325   1 | 1.07e+00 0.00e+00   +nan  1.00 | 9.97e-01 1.72e-01 +0.044  1.01 | 4.1e+01 4.4e+00 2.152e+00
#4464  1016   1 | 7.38e-01 0.00e+00   +nan  1.00 | 9.49e-01 6.09e-02 -0.064  1.01 | 5.4e+01 4.4e+00 1.457e+00
#4465  1184   1 | 8.22e-01 0.00e+00   +nan  1.00 | 1.01e+00 6.62e-02 +0.085  0.99 | 5.8e+01 4.4e+00 1.694e+00
#4466  3206   1 | 8.37e-01 0.00e+00   +nan  1.00 | 9.54e-01 1.45e-01 +0.010  1.02 | 4.0e+01 4.5e+00 1.628e+00
#4467   729   1 | 9.65e-01 0.00e+00   +nan  1.00 | 1.06e+00 7.14e-02 +0.184  0.98 | 5.8e+01 5.4e+00 2.039e+00
#4468   172   1 | 1.31e+00 0.00e+00   +nan  1.00 | 1.01e+00 7.02e-02 +0.071  1.00 | 5.4e+01 4.3e+00 2.741e+00
#4469  2973   1 | 1.30e+00 0.00e+00   +nan  1.00 | 9.64e-01 1.53e-01 +0.219  0.96 | 3.5e+01 4.7e+00 2.572e+00
#4470   675   1 | 1.65e+00 0.00e+00   +nan  1.00 | 9.65e-01 6.09e-02 +0.018  1.00 | 5.3e+01 4.4e+00 3.668e+00
#4471  4985   1 | 1.17e+00 0.00e+00   +nan  1.00 | 1.17e+00 2.44e-01 +0.306  0.92 | 4.6e+01 4.5e+00 2.619e+00
#4472  4250   1 | 1.30e+00 0.00e+00   +nan  1.00 | 1.12e+00 2.11e-01 +0.155  0.98 | 3.9e+01 4.8e+00 2.922e+00
#4473   921   1 | 8.53e-01 0.00e+00   +nan  1.00 | 9.10e-01 6.51e-02 +0.092  0.99 | 6.6e+01 4.8e+00 1.548e+00
#4474  4806   1 | 1.12e+00 0.00e+00   +nan  1.00 | 1.01e+00 2.25e-01 +0.286  0.92 | 4.8e+01 4.9e+00 2.178e+00
#4475  3831   1 | 1.32e+00 0.00e+00   +nan  1.00 | 1.02e+00 1.38e-01 +0.134  0.98 | 4.0e+01 4.3e+00 2.765e+00
#4476  1130   1 | 5.78e-01 0.00e+00   +nan  1.00 | 1.05e+00 5.83e-02 +0.071  1.00 | 6.1e+01 5.1e+00 1.437e+00
#4477  4959   1 | 9.95e-01 1.35e-22 -0.213  1.00 | 8.61e-01 2.39e-01 +0.371  0.87 | 5.1e+01 4.6e+00 1.636e+00
#4478  4980   1 | 9.57e-01 0.00e+00   +nan  1.00 | 1.04e+00 2.52e-01 +0.302  0.91 | 4.3e+01 4.7e+00 1.907e+00
#4479  3260   1 | 6.20e-01 0.00e+00   +nan  1.00 | 1.08e+00 1.51e-01 +0.158  0.98 | 4.3e+01 4.8e+00 1.530e+00
#4480  2509   1 | 1.00e+00 0.00e+00   +nan  1.00 | 9.45e-01 1.00e-01 +0.023  1.01 | 4.5e+01 4.5e+00 1.905e+00
#4481  4132   1 | 1.33e+00 0.00e+00   +nan  1.00 | 1.00e+00 2.14e-01 +0.064  1.02 | 3.4e+01 4.7e+00 2.785e+00
#4482    51   1 | 5.12e-01 0.00e+00   +nan  1.00 | 9.97e-01 8.79e-02 +0.001  1.01 | 4.1e+01 4.6e+00 1.264e+00
#4483  2290   1 | 1.08e+00 0.00e+00   +nan  1.00 | 1.04e+00 6.65e-02 -0.056  1.01 | 5.6e+01 5.3e+00 2.251e+00
#4484  1478   1 | 1.04e+00 0.00e+00   +nan  1.00 | 1.02e+00 5.09e-02 +0.258  0.98 | 6.7e+01 4.4e+00 2.101e+00
#4485  2740   1 | 4.51e-01 0.00e+00   +nan  1.00 | 1.00e+00 7.80e-02 -0.049  1.01 | 4.5e+01 4.5e+00 1.220e+00
#4486  3115   1 | 1.30e+00 0.00e+00   +nan  1.00 | 1.04e+00 9.45e-02 +0.048  1.00 | 3.7e+01 4.3e+00 2.760e+00
#4487  1403   1 | 1.09e+00 0.00e+00   +nan  1.00 | 9.37e-01 5.23e-02 -0.005  1.00 | 6.9e+01 5.2e+00 2.065e+00
#4488   608   1 | 1.15e+00 0.00e+00   +nan  1.00 | 9.43e-01 5.44e-02 +0.099  0.99 | 5.6e+01 4.5e+00 2.194e+00
#4489   219   1 | 1.11e+00 0.00e+00   +nan  1.00 | 1.02e+00 5.82e-02 -0.006  1.00 | 4.2e+01 4.6e+00 2.270e+00
#4490  2165   1 | 1.08e+00 0.00e+00   +nan  1.00 | 9.68e-01 5.38e-02 +0.002  1.00 | 6.9e+01 4.7e+00 2.108e+00
#4491  2628   1 | 1.05e+00 0.00e+00   +nan  1.00 | 8.36e-01 9.50e-02 -0.020  1.02 | 4.5e+01 4.9e+00 1.804e+00
#4492   214   1 | 7.01e-01 0.00e+00   +nan  1.00 | 1.00e+00 5.53e-02 +0.099  0.99 | 4.4e+01 4.5e+00 1.488e+00
#4493  3558   1 | 8.49e-01 0.00e+00   +nan  1.00 | 9.42e-01 1.49e-01 +0.197  0.96 | 4.6e+01 4.5e+00 1.575e+00
#4494  3103   1 | 1.07e+00 0.00e+00   +nan  1.00 | 9.93e-01 1.14e-01 +0.162  0.98 | 3.6e+01 4.5e+00 2.113e+00
#4495  1341   1 | 4.94e-01 0.00e+00   +nan  1.00 | 1.12e+00 4.92e-02 +0.036  1.00 | 7.5e+01 4.6e+00 1.491e+00
#4496  1338   1 | 1.07e+00 0.00e+00   +nan  1.00 | 1.03e+00 4.75e-02 +0.034  1.00 | 6.7e+01 4.8e+00 2.199e+00
#4497   625   1 | 1.11e+00 0.00e+00   +nan  1.00 | 9.82e-01 5.62e-02 +0.030  1.00 | 5.9e+01 4.9e+00 2.194e+00
#4498  2998   1 | 1.30e+00 0.00e+00   +nan  1.00 | 1.09e+00 9.59e-02 +0.171  0.98 | 4.1e+01 5.0e+00 2.855e+00
#4499  1110   1 | 7.71e-01 0.00e+00   +nan  1.00 | 9.59e-01 5.22e-02 -0.030  1.01 | 6.0e+01 4.8e+00 1.519e+00
#4500  4688   1 | 1.16e+00 0.00e+00   +nan  1.00 | 9.75e-01 2.55e-01 +0.076  1.03 | 5.7e+01 4.9e+00 2.316e+00
#4501  1440   1 | 7.05e-01 0.00e+00   +nan  1.00 | 1.09e+00 4.96e-02 +0.131  0.99 | 6.5e+01 4.3e+00 1.670e+00
#4502  2445   1 | 9.08e-01 0.00e+00   +nan  1.00 | 9.18e-01 5.58e-02 +0.083  0.99 | 5.8e+01 4.7e+00 1.661e+00
#4503  4608   1 | 9.27e-01 0.00e+00   +nan  1.00 | 9.51e-01 2.42e-01 +0.282  0.92 | 5.5e+01 4.9e+00 1.692e+00
#4504   147   1 | 1.21e+00 0.00e+00   +nan  1.00 | 1.05e+00 5.63e-02 -0.178  1.02 | 4.1e+01 4.6e+00 2.589e+00
#4505  3812   1 | 9.82e-01 0.00e+00   +nan  1.00 | 1.07e+00 1.25e-01 +0.254  0.95 | 3.8e+01 4.4e+00 2.067e+00
#4506  2130   1 | 1.07e+00 0.00e+00   +nan  1.00 | 9.70e-01 5.22e-02 -0.080  1.01 | 6.7e+01 4.8e+00 2.105e+00
#4507  1622   1 | 1.21e+00 0.00e+00   +nan  1.00 | 9.11e-01 5.17e-02 +0.098  0.99 | 7.2e+01 4.8e+00 2.279e+00
#4508     0   1 | 9.61e-01 0.00e+00   +nan  1.00 | 9.60e-01 7.27e-02 -0.078  1.02 | 3.0e+01 5.0e+00 1.861e+00
#4509  4380   1 | 7.27e-01 0.00e+00   +nan  1.00 | 9.46e-01 1.63e-01 -0.018  1.04 | 4.4e+01 4.2e+00 1.455e+00
#4510   504   1 | 1.03e+00 0.00e+00   +nan  1.00 | 9.92e-01 3.89e-02 +0.102  0.99 | 5.6e+01 4.3e+00 2.028e+00
#4511  2077   1 | 1.02e+00 0.00e+00   +nan  1.00 | 1.13e+00 4.58e-02 +0.090  0.99 | 5.6e+01 5.1e+00 2.315e+00
#4512   650   1 | 1.22e+00 0.00e+00   +nan  1.00 | 1.10e+00 4.80e-02 -0.018  1.00 | 5.1e+01 4.5e+00 2.719e+00
#4513  1144   1 | 5.46e-01 0.00e+00   +nan  1.00 | 1.03e+00 3.60e-02 +0.020  1.00 | 5.8e+01 4.6e+00 1.356e+00
#4514  3543   1 | 4.77e-01 0.00e+00   +nan  1.00 | 9.87e-01 2.02e-01 +0.193  0.96 | 4.7e+01 5.4e+00 1.166e+00
#4515  1529   1 | 1.14e+00 0.00e+00   +nan  1.00 | 9.75e-01 3.67e-02 -0.100  1.01 | 6.9e+01 4.6e+00 2.263e+00
#4516   619   1 | 9.65e-01 0.00e+00   +nan  1.00 | 1.03e+00 5.67e-02 +0.011  1.00 | 5.0e+01 4.9e+00 1.999e+00
#4517  4020   1 | 9.99e-01 0.00e+00   +nan  1.00 | 1.04e+00 1.19e-01 +0.297  0.95 | 3.5e+01 4.9e+00 2.026e+00
#4518  2586   1 | 7.43e-01 0.00e+00   +nan  1.00 | 9.49e-01 5.37e-02 +0.112  0.99 | 5.3e+01 4.6e+00 1.445e+00
#4519  3032   1 | 9.05e-01 0.00e+00   +nan  1.00 | 9.51e-01 9.05e-02 +0.067  1.00 | 3.6e+01 4.7e+00 1.720e+00
#4520  2619   1 | 7.78e-01 0.00e+00   +nan  1.00 | 9.59e-01 8.14e-02 +0.182  0.98 | 4.5e+01 5.3e+00 1.503e+00
#4521   696   1 | 9.07e-01 0.00e+00   +nan  1.00 | 9.18e-01 4.00e-02 +0.019  1.00 | 4.6e+01 4.7e+00 1.665e+00
#4522   410   1 | 9.60e-01 0.00e+00   +nan  1.00 | 9.60e-01 4.04e-02 -0.095  1.01 | 4.7e+01 4.5e+00 1.853e+00
#4523  2647   1 | 1.08e+00 0.00e+00   +nan  1.00 | 9.70e-01 4.61e-02 -0.019  1.00 | 4.5e+01 4.6e+00 2.104e+00
#4524  4999   1 | 1.32e+00 4.48e-19 -0.318  1.00 | 1.04e+00 2.23e-01 +0.243  0.94 | 5.8e+01 4.8e+00 2.750e+00
#4525  3105   1 | 1.30e+00 0.00e+00   +nan  1.00 | 9.64e-01 1.80e-01 +0.179  0.97 | 3.2e+01 4.8e+00 2.585e+00
#4526  4154   1 | 1.17e+00 0.00e+00   +nan  1.00 | 1.05e+00 1.74e-01 +0.151  0.98 | 4.3e+01 3.9e+00 2.458e+00
#4527   741   1 | 1.08e+00 0.00e+00   +nan  1.00 | 1.04e+00 2.98e-02 +0.037  1.00 | 5.4e+01 4.5e+00 2.252e+00
#4528  4903   1 | 1.64e+00 1.18e-22 +0.786  1.00 | 9.65e-01 2.28e-01 +0.372  0.88 | 4.1e+01 4.6e+00 3.522e+00
#4529  1877   1 | 1.18e+00 0.00e+00   +nan  1.00 | 9.58e-01 3.34e-02 -0.024  1.00 | 6.2e+01 4.9e+00 2.309e+00
#4530  3970   1 | 1.14e+00 0.00e+00   +nan  1.00 | 9.43e-01 1.85e-01 +0.344  0.90 | 3.4e+01 4.7e+00 2.100e+00
#4531  4481   1 | 1.03e+00 0.00e+00   +nan  1.00 | 9.92e-01 1.82e-01 +0.174  0.97 | 4.5e+01 4.3e+00 2.017e+00
#4532    53   1 | 1.21e+00 0.00e+00   +nan  1.00 | 9.11e-01 4.54e-02 +0.002  1.00 | 3.3e+01 4.6e+00 2.292e+00
#4533  4765   1 | 6.94e-01 0.00e+00   +nan  1.00 | 1.00e+00 2.07e-01 +0.275  0.93 | 5.4e+01 4.6e+00 1.415e+00
#4534  4509   1 | 1.32e+00 0.00e+00   +nan  1.00 | 1.02e+00 1.72e-01 +0.278  0.93 | 4.2e+01 4.5e+00 2.719e+00
#4535   976   1 | 1.40e+00 0.00e+00   +nan  1.00 | 1.01e+00 4.01e-02 -0.157  1.01 | 4.7e+01 4.9e+00 3.005e+00
#4536  1103   1 | 1.30e+00 0.00e+00   +nan  1.00 | 9.27e-01 2.07e-02 +0.044  1.00 | 5.4e+01 3.9e+00 2.536e+00
#4537  2157   1 | 9.99e-01 0.00e+00   +nan  1.00 | 1.07e+00 2.80e-02 -0.051  1.00 | 4.6e+01 4.5e+00 2.158e+00
#4538  3635   1 | 1.09e+00 0.00e+00   +nan  1.00 | 9.80e-01 2.04e-01 +0.130  0.99 | 5.0e+01 4.2e+00 2.132e+00
#4539  3010   1 | 4.97e-01 0.00e+00   +nan  1.00 | 1.12e+00 1.17e-01 +0.154  0.98 | 2.8e+01 4.9e+00 1.469e+00
#4540  1149   1 | 1.12e+00 0.00e+00   +nan  1.00 | 1.13e+00 2.75e-02 +0.014  1.00 | 4.8e+01 4.2e+00 2.542e+00
#4541  1931   1 | 9.71e-01 0.00e+00   +nan  1.00 | 1.06e+00 2.80e-02 +0.029  1.00 | 4.7e+01 4.9e+00 2.061e+00
#4542     9   1 | 5.46e-01 8.37e-23 -0.134  1.00 | 1.03e+00 4.26e-02 +0.132  0.99 | 2.3e+01 4.7e+00 1.346e+00
#4543   389   1 | 5.53e-01 0.00e+00   +nan  1.00 | 1.04e+00 3.11e-02 +0.177  0.99 | 3.9e+01 4.4e+00 1.381e+00
#4544   826   1 | 8.26e-01 0.00e+00   +nan  1.00 | 9.54e-01 2.54e-02 +0.003  1.00 | 4.4e+01 4.8e+00 1.592e+00
#4545  1743   1 | 9.99e-01 0.00e+00   +nan  1.00 | 8.61e-01 3.80e-02 +0.117  0.99 | 6.2e+01 4.9e+00 1.732e+00
#4546  4103   1 | 1.07e+00 4.40e-22 +0.404  1.00 | 9.82e-01 2.29e-01 +0.251  0.94 | 4.5e+01 4.4e+00 2.046e+00
#4547  2922   1 | 4.52e-01 0.00e+00   +nan  1.00 | 1.00e+00 1.62e-01 +0.061  1.01 | 3.1e+01 4.6e+00 1.214e+00
#4548  4875   1 | 9.39e-01 2.08e-20 +0.072  1.00 | 1.07e+00 2.47e-01 +0.357  0.89 | 4.9e+01 5.0e+00 1.908e+00
#4549  4712   1 | 9.72e-01 0.00e+00   +nan  1.00 | 1.02e+00 2.27e-01 +0.301  0.92 | 6.0e+01 4.4e+00 1.893e+00
#4550  4159   1 | 6.18e-01 0.00e+00   +nan  1.00 | 1.08e+00 2.50e-01 +0.234  0.95 | 3.7e+01 4.7e+00 1.492e+00
#4551  2142   1 | 8.27e-01 0.00e+00   +nan  1.00 | 9.42e-01 3.42e-02 +0.222  0.99 | 4.5e+01 4.3e+00 1.558e+00
#4552  2824   1 | 5.74e-01 0.00e+00   +nan  1.00 | 9.77e-01 1.63e-01 +0.146  0.98 | 2.8e+01 5.1e+00 1.265e+00
#4553  2209   1 | 8.91e-01 0.00e+00   +nan  1.00 | 9.15e-01 4.10e-02 -0.060  1.01 | 4.9e+01 4.5e+00 1.638e+00
#4554  1092   1 | 6.58e-01 0.00e+00   +nan  1.00 | 1.07e+00 3.96e-02 -0.066  1.01 | 5.4e+01 4.8e+00 1.584e+00
#4555  4579   1 | 1.35e+00 0.00e+00   +nan  1.00 | 1.00e+00 2.61e-01 +0.144  0.99 | 5.0e+01 4.7e+00 2.825e+00
#4556  4326   1 | 1.28e+00 0.00e+00   +nan  1.00 | 1.08e+00 3.11e-01 +0.158  0.99 | 4.0e+01 5.2e+00 2.796e+00
#4557  4058   1 | 1.08e+00 0.00e+00   +nan  1.00 | 9.68e-01 2.79e-01 +0.191  0.97 | 4.6e+01 4.9e+00 2.070e+00
#4558   870   1 | 1.11e+00 0.00e+00   +nan  1.00 | 1.06e+00 3.34e-02 -0.139  1.01 | 4.7e+01 4.6e+00 2.358e+00
#4559  4085   1 | 1.02e+00 0.00e+00   +nan  1.00 | 9.45e-01 2.49e-01 +0.110  1.01 | 4.3e+01 4.6e+00 1.949e+00
#4560  1460   1 | 1.07e+00 0.00e+00   +nan  1.00 | 1.03e+00 2.67e-02 +0.130  0.99 | 4.7e+01 4.6e+00 2.193e+00
#4561  2088   1 | 1.38e+00 0.00e+00   +nan  1.00 | 1.03e+00 2.69e-02 +0.097  1.00 | 5.5e+01 4.4e+00 2.957e+00
#4562  2015   1 | 5.14e-01 0.00e+00   +nan  1.00 | 9.97e-01 3.07e-02 -0.001  1.00 | 5.5e+01 4.4e+00 1.259e+00
#4563   696   1 | 1.23e+00 0.00e+00   +nan  1.00 | 9.89e-01 3.10e-02 -0.110  1.01 | 4.0e+01 4.6e+00 2.507e+00
#4564   327   1 | 8.53e-01 0.00e+00   +nan  1.00 | 9.10e-01 3.56e-02 +0.101  0.99 | 3.6e+01 4.4e+00 1.550e+00
#4565  2143   1 | 1.31e+00 0.00e+00   +nan  1.00 | 1.01e+00 2.45e-02 +0.130  0.99 | 4.4e+01 4.6e+00 2.727e+00
#4566  2003   1 | 1.10e+00 0.00e+00   +nan  1.00 | 1.08e+00 1.70e-02 +0.029  1.00 | 5.5e+01 3.9e+00 2.371e+00
#4567   577   1 | 1.08e+00 0.00e+00   +nan  1.00 | 9.97e-01 3.68e-02 -0.007  1.00 | 3.7e+01 5.1e+00 2.157e+00
#4568  2569   1 | 1.12e+00 0.00e+00   +nan  1.00 | 1.01e+00 2.99e-02 +0.009  1.00 | 3.9e+01 4.0e+00 2.277e+00
#4569   151   1 | 1.13e+00 0.00e+00   +nan  1.00 | 1.05e+00 3.67e-02 +0.041  1.00 | 3.6e+01 4.8e+00 2.391e+00
#4570  2790   1 | 1.17e+00 0.00e+00   +nan  1.00 | 1.17e+00 6.52e-02 +0.215  0.98 | 3.3e+01 4.2e+00 2.702e+00
#4571  1735   1 | 1.11e+00 0.00e+00   +nan  1.00 | 1.02e+00 3.36e-02 +0.121  0.99 | 6.9e+01 5.2e+00 2.252e+00
#4572   588   1 | 1.14e+00 0.00e+00   +nan  1.00 | 9.88e-01 1.84e-02 -0.092  1.00 | 4.9e+01 4.8e+00 2.284e+00
#4573  2896   1 | 1.05e+00 0.00e+00   +nan  1.00 | 8.36e-01 6.23e-02 +0.089  0.99 | 3.6e+01 4.8e+00 1.790e+00
#4574  2768   1 | 1.04e+00 0.00e+00   +nan  1.00 | 1.02e+00 5.86e-02 +0.066  1.00 | 3.6e+01 5.7e+00 2.108e+00
#4575  2266   1 | 1.04e+00 0.00e+00   +nan  1.00 | 1.08e+00 3.21e-02 -0.029  1.00 | 4.9e+01 4.6e+00 2.264e+00
#4576   325   1 | 1.31e+00 0.00e+00   +nan  1.00 | 1.09e+00 4.01e-02 -0.118  1.01 | 3.8e+01 4.6e+00 2.917e+00
#4577  2156   1 | 1.08e+00 0.00e+00   +nan  1.00 | 9.93e-01 3.18e-02 +0.088  1.00 | 4.5e+01 4.7e+00 2.144e+00
#4578  3941   1 | 5.88e-01 0.00e+00   +nan  1.00 | 1.05e+00 2.06e-01 +0.098  1.00 | 3.6e+01 5.0e+00 1.453e+00
#4579  1036   1 | 1.32e+00 0.00e+00   +nan  1.00 | 1.12e+00 3.02e-02 -0.062  1.00 | 4.7e+01 4.8e+00 3.011e+00
#4580  4742   1 | 9.69e-01 0.00e+00   +nan  1.00 | 1.06e+00 2.21e-01 +0.395  0.88 | 5.4e+01 4.4e+00 1.935e+00
#4581  3453   1 | 7.29e-01 0.00e+00   +nan  1.00 | 1.09e+00 1.85e-01 +0.181  0.97 | 3.4e+01 4.9e+00 1.677e+00
#4582  4423   1 | 1.23e+00 0.00e+00   +nan  1.00 | 1.10e+00 2.46e-01 +0.324  0.91 | 4.3e+01 5.3e+00 2.616e+00
#4583    90   1 | 1.02e+00 0.00e+00   +nan  1.00 | 1.13e+00 2.64e-02 -0.010  1.00 | 3.5e+01 4.3e+00 2.320e+00
#4584  1721   1 | 8.23e-01 0.00e+00   +nan  1.00 | 1.01e+00 3.14e-02 +0.097  0.99 | 6.7e+01 4.9e+00 1.698e+00
#4585  4076   1 | 7.32e-01 0.00e+00 -0.538  1.00 | 9.46e-01 1.67e-01 +0.157  0.98 | 4.0e+01 4.3e+00 1.409e+00
#4586  2538   1 | 6.29e-01 0.00e+00   +nan  1.00 | 1.03e+00 7.23e-02 +0.088  0.99 | 3.3e+01 4.5e+00 1.447e+00
#4587  1048   1 | 1.09e+00 0.00e+00   +nan  1.00 | 9.37e-01 2.47e-02 -0.037  1.00 | 5.3e+01 4.2e+00 2.064e+00
#4588  4261   1 | 7.40e-01 0.00e+00   +nan  1.00 | 9.49e-01 2.27e-01 +0.230  0.95 | 4.2e+01 4.9e+00 1.402e+00
#4589  3030   1 | 6.58e-01 0.00e+00   +nan  1.00 | 1.07e+00 1.30e-01 +0.203  0.97 | 3.1e+01 5.4e+00 1.538e+00
#4590  2823   1 | 7.16e-01 0.00e+00   +nan  1.00 | 1.09e+00 1.09e-01 +0.043  1.00 | 2.9e+01 4.5e+00 1.697e+00
#4591   805   1 | 1.13e+00 0.00e+00   +nan  1.00 | 1.05e+00 2.91e-02 +0.152  0.99 | 3.5e+01 4.4e+00 2.383e+00
#4592  1059   1 | 1.23e+00 0.00e+00   +nan  1.00 | 9.89e-01 2.68e-02 -0.060  1.00 | 4.8e+01 4.6e+00 2.502e+00
#4593   906   1 | 1.11e+00 0.00e+00   +nan  1.00 | 9.80e-01 3.61e-02 -0.001  1.00 | 4.3e+01 4.5e+00 2.202e+00
#4594  1046   1 | 1.10e+00 0.00e+00   +nan  1.00 | 1.08e+00 3.47e-02 +0.163  0.99 | 5.0e+01 5.0e+00 2.361e+00
#4595   648   1 | 1.21e+00 0.00e+00   +nan  1.00 | 9.11e-01 3.94e-02 +0.029  1.00 | 4.2e+01 4.8e+00 2.290e+00
#4596  3411   1 | 4.57e-01 0.00e+00   +nan  1.00 | 1.00e+00 1.98e-01 +0.060  1.02 | 4.2e+01 4.7e+00 1.228e+00
#4597   352   1 | 1.11e+00 0.00e+00   +nan  1.00 | 1.06e+00 6.28e-02 -0.246  1.03 | 3.2e+01 4.9e+00 2.384e+00
#4598  1781   1 | 9.21e-01 0.00e+00   +nan  1.00 | 9.51e-01 3.42e-02 -0.090  1.01 | 5.5e+01 4.8e+00 1.759e+00
#4599  4306   1 | 1.08e+00 0.00e+00   +nan  1.00 | 9.97e-01 2.53e-01 +0.179  0.97 | 4.8e+01 4.8e+00 2.133e+00
#4600   422   1 | 1.22e+00 0.00e+00   +nan  1.00 | 1.10e+00 2.94e-02 +0.079  1.00 | 3.9e+01 4.9e+00 2.711e+00
#4601  2405   1 | 1.08e+00 0.00e+00   +nan  1.00 | 9.68e-01 4.77e-02 -0.077  1.01 | 4.3e+01 4.8e+00 2.114e+00
#4602  1903   1 | 1.29e+00 0.00e+00   +nan  1.00 | 9.64e-01 2.50e-02 +0.234  0.99 | 6.1e+01 4.8e+00 2.596e+00
#4603  1447   1 | 9.70e-01 0.00e+00   +nan  1.00 | 1.06e+00 2.32e-02 -0.014  1.00 | 5.5e+01 5.0e+00 2.061e+00
#4604  2770   1 | 1.11e+00 0.00e+00   +nan  1.00 | 1.13e+00 2.85e-02 +0.179  0.99 | 3.5e+01 4.7e+00 2.506e+00
#4605  3111   1 | 1.03e+00 0.00e+00   +nan  1.00 | 1.02e+00 1.55e-01 +0.098  0.99 | 2.7e+01 4.9e+00 2.098e+00
#4606  2001   1 | 8.90e-01 0.00e+00   +nan  1.00 | 9.15e-01 1.97e-02 -0.135  1.01 | 5.6e+01 4.6e+00 1.635e+00
#4607  1776   1 | 8.54e-01 0.00e+00   +nan  1.00 | 9.10e-01 1.61e-02 -0.007  1.00 | 7.5e+01 4.4e+00 1.558e+00
#4608  2603   1 | 1.38e+00 0.00e+00   +nan  1.00 | 1.03e+00 3.32e-02 +0.171  0.99 | 3.7e+01 4.3e+00 2.958e+00
#4609  1939   1 | 1.11e+00 0.00e+00   +nan  1.00 | 1.02e+00 1.46e-02 +0.062  1.00 | 5.5e+01 4.5e+00 2.256e+00
#4610  1586   1 | 4.95e-01 0.00e+00   +nan  1.00 | 1.12e+00 2.08e-02 +0.085  1.00 | 5.7e+01 4.4e+00 1.489e+00
#4611   187   1 | 5.53e-01 0.00e+00   +nan  1.00 | 1.04e+00 2.51e-02 +0.133  0.99 | 3.0e+01 4.7e+00 1.386e+00
#4612  4630   1 | 1.15e+00 0.00e+00   +nan  1.00 | 9.88e-01 2.05e-01 +0.267  0.93 | 6.2e+01 4.7e+00 2.229e+00
#4613  1723   1 | 1.05e+00 0.00e+00   +nan  1.00 | 1.08e+00 1.65e-02 +0.239  0.99 | 7.8e+01 5.3e+00 2.261e+00
#4614  4794   1 | 1.32e+00 0.00e+00   +nan  1.00 | 1.04e+00 2.28e-01 +0.198  0.96 | 4.6e+01 4.7e+00 2.768e+00
#4615  3780   1 | 8.49e-01 0.00e+00   +nan  1.00 | 1.01e+00 2.07e-01 +0.111  1.00 | 4.0e+01 4.7e+00 1.743e+00
#4616  3274   1 | 1.17e+00 0.00e+00   +nan  1.00 | 1.17e+00 1.45e-01 +0.128  0.98 | 3.5e+01 4.4e+00 2.705e+00
#4617   977   1 | 1.08e+00 0.00e+00   +nan  1.00 | 9.93e-01 2.30e-02 +0.107  1.00 | 5.9e+01 5.1e+00 2.149e+00
#4618   450   1 | 9.98e-01 0.00e+00   +nan  1.00 | 8.61e-01 2.92e-02 +0.012  1.00 | 4.2e+01 4.6e+00 1.738e+00
#4619   994   1 | 7.01e-01 0.00e+00   +nan  1.00 | 1.00e+00 2.17e-02 +0.282  0.99 | 5.5e+01 4.5e+00 1.484e+00
#4620  3852   1 | 1.04e+00 0.00e+00   +nan  1.00 | 1.04e+00 1.55e-01 +0.238  0.95 | 3.5e+01 4.4e+00 2.106e+00
#4621    16   1 | 1.03e+00 0.00e+00   +nan  1.00 | 9.92e-01 3.10e-02 +0.140  0.99 | 3.5e+01 4.8e+00 2.028e+00
#4622  4459   1 | 9.71e-01 0.00e+00   +nan  1.00 | 1.06e+00 1.63e-01 +0.424  0.89 | 3.9e+01 4.5e+00 1.954e+00
#4623  3384   1 | 9.89e-01 0.00e+00   +nan  1.00 | 1.04e+00 1.54e-01 +0.271  0.94 | 3.3e+01 4.6e+00 2.001e+00
#4624  1400   1 | 9.58e-01 0.00e+00   +nan  1.00 | 1.07e+00 2.55e-02 +0.060  1.00 | 5.9e+01 4.7e+00 2.069e+00
#4625  1173   1 | 1.29e+00 0.00e+00   +nan  1.00 | 1.08e+00 3.04e-02 +0.087  1.00 | 5.4e+01 4.2e+00 2.829e+00
#4626  4339   1 | 6.01e-01 0.00e+00   +nan  1.00 | 1.08e+00 1.98e-01 +0.146  0.98 | 4.5e+01 5.1e+00 1.513e+00
#4627  2387   1 | 1.29e+00 0.00e+00   +nan  1.00 | 9.27e-01 3.60e-02 +0.095  0.99 | 4.3e+01 4.3e+00 2.528e+00
#4628    60   1 | 1.40e+00 0.00e+00   +nan  1.00 | 1.01e+00 5.94e-02 -0.173  1.02 | 3.5e+01 4.9e+00 3.017e+00
#4629  3729   1 | 1.18e+00 0.00e+00   +nan  1.00 | 9.58e-01 2.17e-01 -0.030  1.07 | 5.1e+01 4.7e+00 2.368e+00
#4630   632   1 | 1.32e+00 0.00e+00   +nan  1.00 | 1.12e+00 4.23e-02 -0.038  1.00 | 4.9e+01 5.1e+00 3.012e+00
#4631  2231   1 | 5.81e-01 0.00e+00   +nan  1.00 | 1.05e+00 4.69e-02 +0.026  1.00 | 4.9e+01 4.5e+00 1.444e+00
#4632  4253   1 | 1.33e+00 0.00e+00   +nan  1.00 | 1.02e+00 2.12e-01 +0.190  0.96 | 4.6e+01 4.6e+00 2.760e+00
#4633  4819   1 | 9.47e-01 0.00e+00   +nan  1.00 | 9.60e-01 2.46e-01 +0.269  0.93 | 4.4e+01 4.8e+00 1.752e+00
#4634  1448   1 | 1.20e+00 0.00e+00   +nan  1.00 | 1.05e+00 4.66e-02 +0.101  0.99 | 4.8e+01 4.4e+00 2.554e+00
#4635  3073   1 | 1.66e+00 0.00e+00   +nan  1.00 | 9.65e-01 1.84e-01 +0.133  0.99 | 2.8e+01 4.4e+00 3.674e+00
#4636  3358   1 | 8.44e-01 0.00e+00   +nan  1.00 | 9.42e-01 1.87e-01 +0.148  0.98 | 3.7e+01 4.3e+00 1.581e+00
#4637   987   1 | 1.07e+00 0.00e+00   +nan  1.00 | 9.70e-01 4.42e-02 +0.095  0.99 | 4.9e+01 4.5e+00 2.082e+00
#4638  2843   1 | 6.33e-01 0.00e+00   +nan  1.00 | 1.03e+00 8.09e-02 +0.189  0.98 | 3.1e+01 3.9e+00 1.434e+00
#4639  3506   1 | 1.08e+00 0.00e+00   +nan  1.00 | 9.82e-01 1.85e-01 +0.182  0.97 | 3.9e+01 4.3e+00 2.090e+00
#4640  3366   1 | 9.71e-01 0.00e+00   +nan  1.00 | 1.02e+00 1.81e-01 +0.071  1.01 | 3.9e+01 4.4e+00 1.985e+00
#4641  2356   1 | 7.76e-01 0.00e+00   +nan  1.00 | 9.59e-01 4.89e-02 +0.212  0.98 | 3.8e+01 4.5e+00 1.504e+00
#4642  4109   1 | 1.06e+00 0.00e+00   +nan  1.00 | 8.36e-01 2.22e-01 +0.243  0.94 | 4.7e+01 4.8e+00 1.785e+00
#4643  4966   1 | 7.23e-01 1.15e-19 -0.294  1.00 | 9.46e-01 2.61e-01 +0.262  0.93 | 6.6e+01 4.9e+00 1.356e+00
#4644  1570   1 | 9.99e-01 0.00e+00   +nan  1.00 | 9.45e-01 4.16e-02 -0.049  1.01 | 5.6e+01 4.5e+00 1.897e+00
#4645   402   1 | 1.35e+00 0.00e+00   +nan  1.00 | 1.00e+00 5.01e-02 +0.096  0.99 | 3.9e+01 4.8e+00 2.812e+00
#4646  3857   1 | 5.79e-01 0.00e+00   +nan  1.00 | 9.77e-01 1.99e-01 +0.142  0.98 | 4.1e+01 4.4e+00 1.275e+00
#4647  2575   1 | 9.97e-01 0.00e+00   +nan  1.00 | 1.07e+00 1.03e-01 +0.105  0.99 | 3.8e+01 5.0e+00 2.137e+00
#4648  2395   1 | 1.09e+00 0.00e+00   +nan  1.00 | 9.37e-01 8.27e-02 +0.086  0.99 | 4.0e+01 4.7e+00 2.064e+00
#4649  2065   1 | 1.30e+00 0.00e+00   +nan  1.00 | 1.09e+00 5.56e-02 +0.224  0.98 | 5.7e+01 4.8e+00 2.873e+00
#4650   617   1 | 9.65e-01 0.00e+00   +nan  1.00 | 1.03e+00 6.45e-02 +0.098  0.99 | 4.1e+01 4.4e+00 1.988e+00
#4651  1897   1 | 5.13e-01 0.00e+00   +nan  1.00 | 9.97e-01 6.33e-02 -0.109  1.02 | 5.4e+01 4.5e+00 1.275e+00
#4652  2165   1 | 5.50e-01 0.00e+00   +nan  1.00 | 1.03e+00 6.45e-02 +0.097  0.99 | 5.1e+01 4.7e+00 1.352e+00
#4653  2731   1 | 1.06e+00 0.00e+00   +nan  1.00 | 1.03e+00 1.22e-01 +0.093  0.99 | 3.8e+01 4.6e+00 2.177e+00
#4654   541   1 | 4.70e-01 0.00e+00   +nan  1.00 | 9.87e-01 1.03e-01 +0.030  1.00 | 3.7e+01 5.0e+00 1.200e+00
#4655  1840   1 | 1.02e+00 0.00e+00   +nan  1.00 | 1.13e+00 6.02e-02 +0.062  1.00 | 5.3e+01 5.1e+00 2.316e+00
#4656  4287   1 | 1.29e+00 0.00e+00   +nan  1.00 | 1.01e+00 2.16e-01 +0.142  0.98 | 5.2e+01 5.1e+00 2.672e+00
#4657  3862   1 | 1.13e+00 0.00e+00   +nan  1.00 | 1.01e+00 1.93e-01 +0.258  0.94 | 4.6e+01 4.4e+00 2.236e+00
#4658  4936   1 | 9.05e-01 0.00e+00   +nan  1.00 | 9.18e-01 2.01e-01 +0.113  1.00 | 5.0e+01 4.6e+00 1.659e+00
#4659  2561   1 | 1.13e+00 0.00e+00   +nan  1.00 | 9.75e-01 1.26e-01 +0.028  1.01 | 3.9e+01 4.8e+00 2.246e+00
#4660   268   1 | 1.15e+00 0.00e+00   +nan  1.00 | 9.43e-01 6.29e-02 +0.229  0.97 | 3.8e+01 4.3e+00 2.178e+00
#4661    80   1 | 8.26e-01 0.00e+00   +nan  1.00 | 9.54e-01 5.80e-02 +0.031  1.00 | 3.7e+01 4.7e+00 1.591e+00
#4662  2578   1 | 1.10e+00 0.00e+00   +nan  1.00 | 1.02e+00 1.21e-01 +0.139  0.98 | 3.6e+01 4.6e+00 2.229e+00
#4663  1329   1 | 1.10e+00 0.00e+00   +nan  1.00 | 1.08e+00 4.53e-02 +0.057  1.00 | 5.1e+01 4.6e+00 2.368e+00
#4664  1348   1 | 9.22e-01 0.00e+00   +nan  1.00 | 9.51e-01 5.77e-02 -0.045  1.01 | 5.5e+01 4.7e+00 1.763e+00
#4665  4048   1 | 1.29e+00 0.00e+00   +nan  1.00 | 9.27e-01 1.84e-01 +0.164  0.97 | 5.2e+01 4.9e+00 2.506e+00
#4666  4199   1 | 8.31e-01 0.00e+00   +nan  1.00 | 9.54e-01 2.39e-01 +0.234  0.95 | 4.3e+01 5.0e+00 1.550e+00
#4667  1730   1 | 1.40e+00 0.00e+00   +nan  1.00 | 1.01e+00 6.51e-02 -0.093  1.02 | 6.1e+01 5.0e+00 3.008e+00
#4668  1887   1 | 1.38e+00 0.00e+00   +nan  1.00 | 1.03e+00 6.49e-02 +0.083  0.99 | 5.7e+01 4.4e+00 2.953e+00
#4669  2433   1 | 4.49e-01 0.00e+00   +nan  1.00 | 1.00e+00 8.87e-02 +0.056  1.00 | 4.3e+01 5.0e+00 1.203e+00
#4670  1723   1 | 7.02e-01 0.00e+00   +nan  1.00 | 1.00e+00 7.03e-02 +0.260  0.97 | 6.8e+01 4.9e+00 1.466e+00
#4671  2850   1 | 1.08e+00 0.00e+00   +nan  1.00 | 9.68e-01 9.02e-02 +0.024  1.00 | 3.6e+01 4.5e+00 2.104e+00
#4672    21   1 | 6.58e-01 0.00e+00   +nan  1.00 | 1.07e+00 8.30e-02 +0.100  0.99 | 2.9e+01 4.6e+00 1.566e+00
#4673  2723   1 | 1.08e+00 0.00e+00   +nan  1.00 | 9.93e-01 8.38e-02 +0.066  1.00 | 3.6e+01 4.4e+00 2.139e+00
#4674   502   1 | 1.29e+00 0.00e+00   +nan  1.00 | 1.08e+00 5.40e-02 +0.062  1.00 | 4.4e+01 4.7e+00 2.832e+00
#4675  1686   1 | 4.70e-01 0.00e+00   +nan  1.00 | 9.87e-01 5.13e-02 +0.071  1.00 | 5.7e+01 4.7e+00 1.191e+00
#4676   593   1 | 5.53e-01 0.00e+00   +nan  1.00 | 1.04e+00 4.50e-02 +0.016  1.00 | 4.3e+01 4.3e+00 1.393e+00
#4677  4390   1 | 1.32e+00 0.00e+00   +nan  1.00 | 1.02e+00 1.79e-01 +0.301  0.93 | 4.6e+01 4.6e+00 2.716e+00
#4678   791   1 | 1.12e+00 0.00e+00   +nan  1.00 | 1.13e+00 7.02e-02 +0.038  1.00 | 4.8e+01 5.2e+00 2.543e+00
#4679    20   1 | 5.12e-01 0.00e+00   +nan  1.00 | 9.97e-01 8.08e-02 +0.031  1.00 | 2.9e+01 5.1e+00 1.258e+00
#4680  3945   1 | 1.12e+00 0.00e+00   +nan  1.00 | 1.06e+00 1.82e-01 +0.223  0.95 | 3.5e+01 4.7e+00 2.334e+00
#4681   420   1 | 9.07e-01 0.00e+00   +nan  1.00 | 9.18e-01 5.53e-02 -0.030  1.01 | 4.4e+01 4.5e+00 1.671e+00
#4682  3542   1 | 1.17e+00 0.00e+00   +nan  1.00 | 1.05e+00 2.20e-01 +0.109  1.00 | 5.2e+01 5.1e+00 2.488e+00
#4683   964   1 | 1.07e+00 0.00e+00   +nan  1.00 | 1.03e+00 5.53e-02 -0.088  1.01 | 5.7e+01 4.4e+00 2.215e+00
#4684  3414   1 | 7.54e-01 0.00e+00   +nan  1.00 | 9.49e-01 1.92e-01 +0.044  1.02 | 4.8e+01 4.4e+00 1.491e+00
#4685  3863   1 | 1.29e+00 0.00e+00   +nan  1.00 | 1.12e+00 1.71e-01 +0.149  0.98 | 4.7e+01 4.2e+00 2.891e+00
#4686   885   1 | 9.64e-01 0.00e+00   +nan  1.00 | 1.06e+00 4.92e-02 +0.010  1.00 | 5.4e+01 5.0e+00 2.063e+00
#4687   886   1 | 8.53e-01 0.00e+00   +nan  1.00 | 9.10e-01 3.69e-02 +0.065  1.00 | 5.3e+01 4.4e+00 1.552e+00
#4688  1787   1 | 5.99e-01 0.00e+00   +nan  1.00 | 1.08e+00 4.75e-02 +0.118  0.99 | 6.8e+01 5.2e+00 1.523e+00
#4689  3607   1 | 9.81e-01 0.00e+00   +nan  1.00 | 1.07e+00 1.60e-01 +0.156  0.98 | 4.2e+01 4.6e+00 2.089e+00
#4690   119   1 | 6.23e-01 0.00e+00   +nan  1.00 | 1.03e+00 5.77e-02 +0.097  0.99 | 3.0e+01 4.4e+00 1.439e+00
#4691  3474   1 | 1.03e+00 0.00e+00   +nan  1.00 | 1.02e+00 1.91e-01 +0.167  0.97 | 4.0e+01 4.8e+00 2.064e+00
#4692  3367   1 | 1.02e+00 0.00e+00   +nan  1.00 | 1.08e+00 1.49e-01 +0.176  0.97 | 3.8e+01 4.3e+00 2.181e+00
#4693  4334   1 | 1.09e+00 0.00e+00   +nan  1.00 | 9.37e-01 1.46e-01 +0.033  1.01 | 4.2e+01 4.4e+00 2.086e+00
#4694  2457   1 | 9.64e-01 0.00e+00   +nan  1.00 | 9.60e-01 6.45e-02 +0.019  1.00 | 4.2e+01 4.9e+00 1.852e+00
#4695  3654   1 | 4.99e-01 0.00e+00   +nan  1.00 | 1.12e+00 1.63e-01 +0.293  0.94 | 4.8e+01 5.2e+00 1.417e+00
#4696  2634   1 | 7.78e-01 0.00e+00   +nan  1.00 | 9.59e-01 7.01e-02 +0.204  0.98 | 4.0e+01 4.6e+00 1.503e+00
#4697  4953   1 | 5.61e-01 0.00e+00   +nan  1.00 | 9.77e-01 1.79e-01 +0.258  0.94 | 5.0e+01 4.3e+00 1.212e+00
#4698  4695   1 | 1.03e+00 0.00e+00   +nan  1.00 | 9.92e-01 2.06e-01 +0.239  0.94 | 6.1e+01 4.7e+00 1.988e+00
#4699  1400   1 | 8.89e-01 0.00e+00   +nan  1.00 | 9.15e-01 4.61e-02 -0.118  1.01 | 5.6e+01 5.4e+00 1.639e+00
#4700   458   1 | 8.21e-01 0.00e+00   +nan  1.00 | 1.01e+00 3.24e-02 +0.141  0.99 | 4.2e+01 4.5e+00 1.693e+00
#4701   768   1 | 9.98e-01 0.00e+00   +nan  1.00 | 9.45e-01 4.54e-02 -0.168  1.02 | 4.8e+01 4.6e+00 1.906e+00
#4702  3762   1 | 7.38e-01 0.00e+00   +nan  1.00 | 9.46e-01 1.71e-01 +0.057  1.01 | 4.6e+01 4.6e+00 1.450e+00
#4703   931   1 | 1.35e+00 0.00e+00   +nan  1.00 | 1.00e+00 5.03e-02 -0.012  1.00 | 5.1e+01 4.7e+00 2.821e+00
#4704  3232   1 | 5.88e-01 0.00e+00   +nan  1.00 | 1.05e+00 1.30e-01 +0.235  0.96 | 3.9e+01 4.6e+00 1.406e+00
#4705  1953   1 | 9.71e-01 0.00e+00   +nan  1.00 | 1.06e+00 3.31e-02 -0.041  1.00 | 5.5e+01 5.0e+00 2.066e+00
#4706  1050   1 | 9.71e-01 0.00e+00   +nan  1.00 | 1.02e+00 4.08e-02 -0.135  1.01 | 5.3e+01 5.1e+00 1.992e+00
#4707  2822   1 | 1.22e+00 0.00e+00   +nan  1.00 | 1.10e+00 9.70e-02 +0.143  0.98 | 3.3e+01 5.2e+00 2.698e+00
#4708   633   1 | 1.12e+00 0.00e+00   +nan  1.00 | 1.01e+00 3.43e-02 +0.092  0.99 | 4.6e+01 4.9e+00 2.267e+00
#4709  2470   1 | 9.79e-01 0.00e+00   +nan  1.00 | 1.04e+00 4.79e-02 +0.071  1.00 | 4.1e+01 4.5e+00 2.040e+00
#4710  1632   1 | 7.06e-01 0.00e+00   +nan  1.00 | 1.09e+00 3.67e-02 -0.008  1.00 | 5.9e+01 4.8e+00 1.684e+00
#4711  2202   1 | 1.14e+00 0.00e+00   +nan  1.00 | 9.75e-01 3.92e-02 -0.010  1.00 | 4.7e+01 4.7e+00 2.248e+00
#4712  1777   1 | 1.11e+00 0.00e+00   +nan  1.00 | 9.82e-01 3.78e-02 +0.022  1.00 | 6.2e+01 5.1e+00 2.187e+00
#4713  1210   1 | 9.65e-01 0.00e+00   +nan  1.00 | 1.03e+00 5.49e-02 +0.070  1.00 | 4.6e+01 5.2e+00 1.990e+00
#4714  4964   1 | 1.64e+00 4.43e-20 +0.449  1.00 | 9.65e-01 1.75e-01 +0.336  0.91 | 6.2e+01 4.2e+00 3.548e+00
#4715  2403   1 | 5.52e-01 0.00e+00   +nan  1.00 | 1.03e+00 5.30e-02 +0.147  0.99 | 4.2e+01 4.7e+00 1.350e+00
#4716  2847   1 | 1.20e+00 0.00e+00   +nan  1.00 | 9.11e-01 1.25e-01 +0.186  0.97 | 2.9e+01 4.8e+00 2.232e+00
#4717  4958   1 | 1.29e+00 2.14e-20 +0.468  1.00 | 9.64e-01 1.68e-01 +0.372  0.90 | 6.1e+01 4.3e+00 2.493e+00
#4718  1468   1 | 1.00e+00 0.00e+00   +nan  1.00 | 1.07e+00 2.73e-02 +0.010  1.00 | 5.0e+01 4.9e+00 2.158e+00
#4719  3218   1 | 1.11e+00 0.00e+00   +nan  1.00 | 1.05e+00 1.88e-01 +0.166  0.97 | 4.1e+01 4.6e+00 2.314e+00
#4720  1577   1 | 1.17e+00 0.00e+00   +nan  1.00 | 1.17e+00 3.05e-02 +0.191  0.99 | 4.7e+01 4.7e+00 2.721e+00
#4721    26   1 | 1.18e+00 0.00e+00   +nan  1.00 | 9.58e-01 9.89e-02 -0.118  1.04 | 2.3e+01 5.2e+00 2.341e+00
#4722  3908   1 | 1.14e+00 0.00e+00   +nan  1.00 | 9.43e-01 1.98e-01 +0.214  0.95 | 4.0e+01 4.9e+00 2.146e+00
#4723   908   1 | 1.31e+00 0.00e+00   +nan  1.00 | 1.09e+00 3.46e-02 +0.068  1.00 | 4.1e+01 4.5e+00 2.900e+00
#4724   849   1 | 1.08e+00 0.00e+00   +nan  1.00 | 9.97e-01 3.11e-02 +0.032  1.00 | 3.7e+01 4.7e+00 2.153e+00
#4725  1991   1 | 1.02e+00 0.00e+00   +nan  1.00 | 1.13e+00 4.38e-02 +0.049  1.00 | 4.2e+01 5.0e+00 2.319e+00
#4726  4749   1 | 1.10e+00 0.00e+00   +nan  1.00 | 1.04e+00 2.05e-01 +0.219  0.95 | 4.9e+01 4.7e+00 2.241e+00
#4727  4977   1 | 1.32e+00 0.00e+00   +nan  1.00 | 1.04e+00 1.88e-01 +0.300  0.92 | 6.3e+01 4.7e+00 2.731e+00
#4728  1108   1 | 1.11e+00 0.00e+00   +nan  1.00 | 9.80e-01 4.22e-02 +0.022  1.00 | 4.5e+01 4.7e+00 2.200e+00
#4729  2582   1 | 1.30e+00 0.00e+00   +nan  1.00 | 1.01e+00 4.23e-02 +0.153  0.99 | 3.9e+01 4.1e+00 2.711e+00
#4730  4661   1 | 1.15e+00 0.00e+00   +nan  1.00 | 9.88e-01 2.18e-01 +0.334  0.90 | 7.6e+01 4.6e+00 2.199e+00
#4731  2108   1 | 1.23e+00 0.00e+00   +nan  1.00 | 9.89e-01 2.35e-02 -0.014  1.00 | 5.6e+01 4.3e+00 2.490e+00
#4732   993   1 | 8.24e-01 0.00e+00   +nan  1.00 | 9.42e-01 2.87e-02 -0.029  1.00 | 4.3e+01 4.5e+00 1.568e+00
#4733   255   1 | 1.04e+00 0.00e+00   +nan  1.00 | 8.36e-01 2.95e-02 -0.028  1.00 | 3.8e+01 5.0e+00 1.786e+00
#4734  4784   1 | 9.95e-01 0.00e+00   +nan  1.00 | 8.61e-01 2.15e-01 +0.183  0.97 | 5.4e+01 4.8e+00 1.710e+00
#4735   478   1 | 1.07e+00 0.00e+00   +nan  1.00 | 9.70e-01 3.51e-02 +0.165  0.99 | 3.5e+01 4.2e+00 2.078e+00
#4736   850   1 | 6.58e-01 0.00e+00   +nan  1.00 | 1.07e+00 2.54e-02 -0.113  1.01 | 4.0e+01 4.8e+00 1.584e+00
#4737  3868   1 | 5.80e-01 0.00e+00   +nan  1.00 | 1.04e+00 1.85e-01 +0.138  0.98 | 3.0e+01 4.6e+00 1.403e+00
#4738   104   1 | 1.11e+00 0.00e+00   +nan  1.00 | 1.02e+00 3.55e-02 +0.098  0.99 | 2.9e+01 4.4e+00 2.260e+00
#4739  3400   1 | 1.10e+00 0.00e+00   +nan  1.00 | 1.13e+00 1.55e-01 +0.166  0.97 | 3.7e+01 4.3e+00 2.452e+00
#4740   870   1 | 1.29e+00 0.00e+00   +nan  1.00 | 1.08e+00 3.26e-02 -0.035  1.00 | 4.5e+01 4.6e+00 2.839e+00
#4741  3238   1 | 8.41e-01 0.00e+00   +nan  1.00 | 9.42e-01 1.79e-01 +0.244  0.94 | 3.5e+01 4.9e+00 1.544e+00
#4742  4190   1 | 1.33e+00 0.00e+00   +nan  1.00 | 1.02e+00 1.85e-01 +0.166  0.97 | 3.4e+01 4.6e+00 2.768e+00
#4743  2870   1 | 1.13e+00 0.00e+00   +nan  1.00 | 9.75e-01 7.67e-02 -0.018  1.01 | 2.8e+01 4.3e+00 2.235e+00
#4744  2072   1 | 1.07e+00 0.00e+00   +nan  1.00 | 9.70e-01 4.37e-02 -0.002  1.00 | 4.5e+01 5.0e+00 2.095e+00
#4745  3926   1 | 9.56e-01 0.00e+00   +nan  1.00 | 1.06e+00 2.02e-01 +0.284  0.93 | 3.6e+01 4.8e+00 1.965e+00
#4746   703   1 | 1.38e+00 0.00e+00   +nan  1.00 | 1.03e+00 2.81e-02 +0.094  1.00 | 3.8e+01 4.9e+00 2.951e+00
#4747  3959   1 | 1.10e+00 0.00e+00   +nan  1.00 | 1.08e+00 1.88e-01 +0.289  0.93 | 3.2e+01 4.5e+00 2.306e+00
#4748  3479   1 | 1.05e+00 0.00e+00   +nan  1.00 | 8.36e-01 2.04e-01 +0.077  1.02 | 3.3e+01 4.8e+00 1.824e+00
#4749    98   1 | 7.01e-01 0.00e+00   +nan  1.00 | 1.00e+00 3.44e-02 +0.210  0.99 | 3.1e+01 5.1e+00 1.483e+00
#4750   497   1 | 4.94e-01 0.00e+00   +nan  1.00 | 1.12e+00 3.72e-02 -0.051  1.00 | 3.0e+01 4.7e+00 1.498e+00
#4751  1991   1 | 9.76e-01 0.00e+00   +nan  1.00 | 1.04e+00 2.76e-02 +0.161  0.99 | 4.4e+01 4.4e+00 2.031e+00
#4752  2216   1 | 7.41e-01 0.00e+00   +nan  1.00 | 9.49e-01 2.63e-02 +0.031  1.00 | 4.5e+01 4.7e+00 1.449e+00
#4753  2311   1 | 5.81e-01 0.00e+00   +nan  1.00 | 1.05e+00 3.05e-02 +0.101  1.00 | 4.4e+01 5.0e+00 1.439e+00
#4754  4695   1 | 1.10e+00 0.00e+00   +nan  1.00 | 1.06e+00 2.07e-01 +0.398  0.88 | 5.9e+01 4.6e+00 2.202e+00
#4755   963   1 | 5.46e-01 0.00e+00   +nan  1.00 | 1.03e+00 3.25e-02 -0.095  1.01 | 5.4e+01 4.8e+00 1.364e+00
#4756   611   1 | 7.71e-01 0.00e+00   +nan  1.00 | 9.59e-01 3.00e-02 +0.053  1.00 | 3.4e+01 5.5e+00 1.511e+00
#4757  2477   1 | 6.04e-01 0.00e+00   +nan  1.00 | 1.08e+00 4.19e-02 +0.149  0.99 | 3.4e+01 4.1e+00 1.528e+00
#4758   354   1 | 1.08e+00 0.00e+00   +nan  1.00 | 1.04e+00 3.18e-02 -0.037  1.00 | 3.0e+01 4.7e+00 2.257e+00
#4759  1760   1 | 1.21e+00 0.00e+00   +nan  1.00 | 9.11e-01 2.83e-02 -0.016  1.00 | 6.7e+01 5.0e+00 2.286e+00
#4760   702   1 | 1.18e+00 0.00e+00   +nan  1.00 | 9.58e-01 3.05e-02 -0.124  1.01 | 4.2e+01 4.9e+00 2.316e+00
#4761   620   1 | 1.00e+00 0.00e+00   +nan  1.00 | 1.07e+00 2.55e-02 -0.079  1.00 | 4.0e+01 4.5e+00 2.166e+00
#4762   273   1 | 9.70e-01 0.00e+00   +nan  1.00 | 1.06e+00 2.93e-02 +0.015  1.00 | 3.3e+01 4.6e+00 2.059e+00
#4763   757   1 | 1.15e+00 0.00e+00   +nan  1.00 | 9.43e-01 2.38e-02 +0.021  1.00 | 4.6e+01 4.5e+00 2.201e+00
#4764   385   1 | 1.31e+00 0.00e+00   +nan  1.00 | 1.04e+00 2.97e-02 +0.032  1.00 | 3.8e+01 4.7e+00 2.785e+00
#4765  4428   1 | 1.30e+00 0.00e+00   +nan  1.00 | 9.64e-01 2.29e-01 +0.394  0.87 | 3.3e+01 4.6e+00 2.501e+00
#4766  4368   1 | 1.34e+00 0.00e+00   +nan  1.00 | 1.00e+00 2.18e-01 +0.150  0.98 | 3.6e+01 4.7e+00 2.785e+00
#4767  4275   1 | 1.30e+00 0.00e+00   +nan  1.00 | 1.09e+00 2.23e-01 +0.349  0.90 | 3.5e+01 4.6e+00 2.768e+00
#4768  4949   1 | 9.80e-01 4.87e-19 +0.521  1.00 | 9.45e-01 2.64e-01 +0.239  0.94 | 5.9e+01 5.0e+00 1.805e+00
#4769  1226   1 | 1.04e+00 0.00e+00   +nan  1.00 | 1.02e+00 2.59e-02 +0.165  0.99 | 4.0e+01 4.9e+00 2.118e+00
#4770   934   1 | 4.46e-01 0.00e+00   +nan  1.00 | 1.00e+00 2.42e-02 +0.144  0.99 | 4.6e+01 4.7e+00 1.196e+00
#4771   178   1 | 1.08e+00 0.00e+00   +nan  1.00 | 9.93e-01 3.20e-02 +0.103  0.99 | 3.0e+01 4.7e+00 2.150e+00
#4772  4664   1 | 8.81e-01 0.00e+00   +nan  1.00 | 9.15e-01 2.27e-01 +0.037  1.04 | 6.7e+01 4.0e+00 1.649e+00
#4773  1125   1 | 1.30e+00 0.00e+00   +nan  1.00 | 9.27e-01 2.48e-02 +0.077  1.00 | 4.3e+01 4.6e+00 2.534e+00
#4774  2211   1 | 1.32e+00 0.00e+00   +nan  1.00 | 1.12e+00 3.76e-02 -0.018  1.00 | 4.1e+01 4.6e+00 2.996e+00
#4775  1979   1 | 8.28e-01 0.00e+00   +nan  1.00 | 9.54e-01 2.95e-02 +0.004  1.00 | 4.5e+01 4.6e+00 1.595e+00
#4776  3730   1 | 1.10e+00 0.00e+00 -0.023  1.00 | 1.05e+00 2.11e-01 +0.190  0.96 | 4.6e+01 4.4e+00 2.271e+00
#4777  4574   1 | 1.12e+00 0.00e+00   +nan  1.00 | 9.80e-01 2.70e-01 +0.248  0.94 | 5.4e+01 4.9e+00 2.157e+00
#4778  4910   1 | 1.33e+00 7.48e-17 -0.325  1.00 | 1.01e+00 2.30e-01 +0.225  0.95 | 4.9e+01 4.5e+00 2.751e+00
#4779    54   1 | 9.23e-01 0.00e+00   +nan  1.00 | 9.51e-01 3.96e-02 +0.013  1.00 | 2.9e+01 4.3e+00 1.756e+00
#4780  3892   1 | 1.06e+00 5.16e-19 +0.474  1.00 | 9.82e-01 2.41e-01 +0.248  0.94 | 4.0e+01 4.6e+00 2.039e+00
#4781  2890   1 | 9.71e-01 0.00e+00 +0.373  1.00 | 1.02e+00 2.16e-01 +0.053  1.02 | 2.2e+01 5.3e+00 2.002e+00
#4782  2863   1 | 1.22e+00 0.00e+00   +nan  1.00 | 1.10e+00 8.10e-02 +0.175  0.98 | 2.8e+01 4.7e+00 2.694e+00
#4783   541   1 | 1.14e+00 0.00e+00   +nan  1.00 | 9.88e-01 4.24e-02 -0.111  1.01 | 3.1e+01 4.2e+00 2.291e+00
#4784   635   1 | 1.23e+00 0.00e+00   +nan  1.00 | 9.89e-01 3.23e-02 +0.037  1.00 | 3.5e+01 4.7e+00 2.498e+00
#4785  3634   1 | 1.04e+00 0.00e+00   +nan  1.00 | 1.13e+00 2.77e-01 +0.153  0.98 | 4.7e+01 4.7e+00 2.338e+00
#4786  2604   1 | 1.02e+00 0.00e+00   +nan  1.00 | 9.92e-01 3.86e-02 -0.029  1.00 | 3.5e+01 4.4e+00 2.032e+00
#4787  4577   1 | 9.50e-01 0.00e+00   +nan  1.00 | 1.07e+00 2.09e-01 +0.340  0.91 | 5.3e+01 4.6e+00 1.948e+00
#4788  2060   1 | 6.26e-01 0.00e+00   +nan  1.00 | 1.03e+00 2.69e-02 +0.169  0.99 | 4.9e+01 4.7e+00 1.442e+00
#4789  1705   1 | 1.12e+00 0.00e+00   +nan  1.00 | 1.01e+00 2.16e-02 +0.151  0.99 | 5.9e+01 5.0e+00 2.266e+00
#4790  1828   1 | 1.40e+00 0.00e+00   +nan  1.00 | 1.01e+00 2.16e-02 -0.126  1.01 | 6.3e+01 5.1e+00 2.998e+00
#4791  4916   1 | 5.06e-01 3.72e-21 -0.559  1.00 | 9.97e-01 2.44e-01 +0.414  0.86 | 4.8e+01 4.7e+00 1.108e+00
#4792  2508   1 | 1.07e+00 0.00e+00   +nan  1.00 | 9.97e-01 5.89e-02 -0.018  1.01 | 3.2e+01 4.2e+00 2.154e+00
#4793  3590   1 | 1.07e+00 0.00e+00   +nan  1.00 | 9.68e-01 2.32e-01 +0.114  1.00 | 3.1e+01 4.8e+00 2.089e+00
#4794  4489   1 | 1.65e+00 0.00e+00   +nan  1.00 | 9.65e-01 2.31e-01 +0.264  0.93 | 3.5e+01 4.6e+00 3.604e+00
#4795  1931   1 | 4.71e-01 0.00e+00   +nan  1.00 | 9.87e-01 2.72e-02 -0.002  1.00 | 5.3e+01 5.0e+00 1.197e+00
#4796  1446   1 | 9.99e-01 0.00e+00   +nan  1.00 | 8.61e-01 1.31e-02 +0.066  1.00 | 6.2e+01 4.2e+00 1.737e+00
#4797  1339   1 | 7.05e-01 0.00e+00   +nan  1.00 | 1.09e+00 2.12e-02 +0.125  1.00 | 5.7e+01 4.4e+00 1.676e+00
#4798  4111   1 | 9.08e-01 0.00e+00   +nan  1.00 | 9.18e-01 2.33e-01 +0.229  0.95 | 3.6e+01 4.5e+00 1.623e+00
#4799  3697   1 | 1.17e+00 0.00e+00   +nan  1.00 | 1.05e+00 2.50e-01 +0.112  1.00 | 3.8e+01 4.8e+00 2.482e+00
#4800  2546   1 | 7.31e-01 0.00e+00   +nan  1.00 | 9.46e-01 3.78e-02 +0.006  1.00 | 3.7e+01 5.0e+00 1.430e+00
#4801   557   1 | 8.53e-01 0.00e+00   +nan  1.00 | 9.10e-01 2.02e-02 -0.002  1.00 | 4.6e+01 4.5e+00 1.555e+00
#4802  2660   1 | 1.09e+00 0.00e+00   +nan  1.00 | 9.37e-01 3.55e-02 -0.012  1.00 | 3.7e+01 4.8e+00 2.077e+00
#4803  2036   1 | 9.62e-01 0.00e+00   +nan  1.00 | 9.60e-01 2.15e-02 +0.105  1.00 | 6.3e+01 5.0e+00 1.843e+00
#4804  1438   1 | 1.05e+00 0.00e+00   +nan  1.00 | 1.08e+00 1.53e-02 +0.028  1.00 | 6.7e+01 4.6e+00 2.272e+00
#4805  1210   1 | 1.07e+00 0.00e+00   +nan  1.00 | 1.03e+00 1.93e-02 +0.019  1.00 | 5.9e+01 4.6e+00 2.200e+00
#4806  1190   1 | 9.65e-01 0.00e+00   +nan  1.00 | 1.03e+00 1.79e-02 +0.010  1.00 | 6.7e+01 4.7e+00 1.995e+00
#4807   305   1 | 1.17e+00 0.00e+00   +nan  1.00 | 1.17e+00 1.62e-02 +0.123  1.00 | 3.9e+01 4.6e+00 2.732e+00
#4808  2049   1 | 5.70e-01 0.00e+00   +nan  1.00 | 9.77e-01 2.12e-02 +0.025  1.00 | 5.4e+01 4.7e+00 1.280e+00
#4809  3596   1 | 8.44e-01 0.00e+00   +nan  1.00 | 1.01e+00 2.37e-01 +0.027  1.04 | 3.5e+01 4.8e+00 1.782e+00
#4810  4206   1 | 8.45e-01 3.50e-21 +0.096  1.00 | 9.42e-01 2.82e-01 +0.262  0.93 | 3.8e+01 5.1e+00 1.542e+00
#4811   260   1 | 1.65e+00 0.00e+00   +nan  1.00 | 9.65e-01 2.23e-02 -0.022  1.00 | 4.2e+01 4.6e+00 3.668e+00
#4812  2235   1 | 1.08e+00 0.00e+00   +nan  1.00 | 9.97e-01 1.64e-02 -0.046  1.00 | 6.0e+01 3.9e+00 2.151e+00
#4813   201   1 | 4.70e-01 0.00e+00   +nan  1.00 | 9.87e-01 1.91e-02 +0.033  1.00 | 4.6e+01 4.4e+00 1.195e+00
#4814   899   1 | 9.65e-01 0.00e+00   +nan  1.00 | 1.03e+00 2.00e-02 +0.058  1.00 | 6.0e+01 4.7e+00 1.994e+00
#4815  1760   1 | 1.29e+00 0.00e+00   +nan  1.00 | 9.64e-01 2.15e-02 +0.127  0.99 | 9.8e+01 5.8e+00 2.602e+00
#4816   218   1 | 1.11e+00 0.00e+00   +nan  1.00 | 1.02e+00 1.84e-02 +0.002  1.00 | 5.0e+01 4.7e+00 2.266e+00
#4817  3853   1 | 7.13e-01 0.00e+00   +nan  1.00 | 1.00e+00 6.61e-02 +0.230  0.97 | 3.6e+01 4.9e+00 1.488e+00
#4818  2086   1 | 1.08e+00 0.00e+00   +nan  1.00 | 9.68e-01 1.48e-02 +0.076  1.00 | 7.4e+01 4.7e+00 2.104e+00
#4819  2603   1 | 1.30e+00 0.00e+00   +nan  1.00 | 1.01e+00 2.61e-02 +0.031  1.00 | 5.5e+01 4.8e+00 2.721e+00
#4820   631   1 | 9.23e-01 0.00e+00   +nan  1.00 | 9.51e-01 2.44e-02 +0.016  1.00 | 6.9e+01 5.2e+00 1.756e+00
#4821  3827   1 | 1.17e+00 0.00e+00   +nan  1.00 | 9.11e-01 4.98e-02 +0.136  0.99 | 3.8e+01 4.4e+00 2.189e+00
#4822  3474   1 | 5.71e-01 0.00e+00   +nan  1.00 | 1.03e+00 6.19e-02 +0.050  1.00 | 4.0e+01 4.7e+00 1.382e+00
#4823   105   1 | 1.29e+00 0.00e+00   +nan  1.00 | 1.08e+00 2.78e-02 +0.015  1.00 | 5.1e+01 5.1e+00 2.837e+00
#4824  2991   1 | 1.30e+00 0.00e+00   +nan  1.00 | 1.09e+00 6.12e-02 +0.144  0.99 | 3.7e+01 5.0e+00 2.867e+00
#4825  4532   1 | 7.25e-01 0.00e+00   +nan  1.00 | 9.46e-01 1.40e-01 +0.054  1.01 | 4.2e+01 4.8e+00 1.426e+00
#4826  2580   1 | 6.30e-01 0.00e+00   +nan  1.00 | 1.03e+00 4.07e-02 +0.144  0.99 | 6.0e+01 5.0e+00 1.445e+00
#4827  4784   1 | 8.35e-01 0.00e+00   +nan  1.00 | 9.10e-01 1.94e-01 +0.144  0.98 | 4.0e+01 5.0e+00 1.513e+00
#4828  2521   1 | 1.30e+00 0.00e+00   +nan  1.00 | 1.04e+00 2.48e-02 -0.097  1.01 | 6.4e+01 4.2e+00 2.779e+00
#4829  2362   1 | 1.34e+00 0.00e+00   +nan  1.00 | 1.00e+00 3.05e-02 -0.114  1.01 | 6.4e+01 4.9e+00 2.813e+00
#4830   892   1 | 9.75e-01 0.00e+00   +nan  1.00 | 1.04e+00 2.57e-02 +0.138  0.99 | 7.4e+01 4.6e+00 2.030e+00
#4831    65   1 | 1.30e+00 0.00e+00   +nan  1.00 | 9.27e-01 2.61e-02 +0.104  0.99 | 5.4e+01 4.5e+00 2.535e+00
#4832  4121   1 | 1.05e+00 0.00e+00   +nan  1.00 | 1.03e+00 9.86e-02 +0.184  0.97 | 3.3e+01 4.9e+00 2.138e+00
#4833   625   1 | 1.40e+00 0.00e+00   +nan  1.00 | 1.01e+00 3.14e-02 +0.030  1.00 | 6.9e+01 5.2e+00 2.990e+00
#4834   140   1 | 1.00e+00 0.00e+00   +nan  1.00 | 1.07e+00 3.15e-02 -0.115  1.01 | 5.9e+01 5.0e+00 2.171e+00
#4835  3894   1 | 1.09e+00 0.00e+00   +nan  1.00 | 9.70e-01 7.37e-02 +0.154  0.98 | 3.4e+01 4.6e+00 2.115e+00
#4836  2055   1 | 1.00e+00 0.00e+00   +nan  1.00 | 9.45e-01 3.25e-02 -0.205  1.02 | 7.8e+01 4.5e+00 1.908e+00
#4837  1565   1 | 1.08e+00 0.00e+00   +nan  1.00 | 9.93e-01 3.32e-02 +0.047  1.00 | 9.0e+01 4.6e+00 2.150e+00
#4838  2246   1 | 1.11e+00 0.00e+00   +nan  1.00 | 1.06e+00 2.51e-02 -0.144  1.01 | 6.9e+01 4.1e+00 2.359e+00
#4839  3000   1 | 6.13e-01 0.00e+00   +nan  1.00 | 1.08e+00 3.08e-02 +0.218  0.99 | 5.0e+01 4.4e+00 1.537e+00
#4840  2824   1 | 1.04e+00 0.00e+00   +nan  1.00 | 1.02e+00 4.44e-02 +0.144  0.99 | 5.0e+01 4.9e+00 2.100e+00
#4841  1219   1 | 9.60e-01 0.00e+00   +nan  1.00 | 9.60e-01 3.16e-02 -0.088  1.01 | 6.7e+01 4.6e+00 1.850e+00
#4842  3900   1 | 1.11e+00 0.00e+00   +nan  1.00 | 9.37e-01 6.36e-02 +0.034  1.00 | 3.8e+01 4.2e+00 2.114e+00
#4843  1133   1 | 1.12e+00 0.00e+00   +nan  1.00 | 1.13e+00 2.47e-02 +0.068  1.00 | 7.8e+01 4.8e+00 2.539e+00
#4844  2360   1 | 4.95e-01 0.00e+00   +nan  1.00 | 1.12e+00 4.16e-02 +0.150  0.99 | 6.6e+01 5.3e+00 1.481e+00
#4845   190   1 | 5.68e-01 0.00e+00   +nan  1.00 | 9.77e-01 2.71e-02 -0.000  1.00 | 4.9e+01 4.7e+00 1.279e+00
#4846  3028   1 | 9.71e-01 0.00e+00   +nan  1.00 | 1.02e+00 5.25e-02 -0.009  1.00 | 5.0e+01 5.8e+00 1.982e+00
#4847  1564   1 | 9.07e-01 0.00e+00   +nan  1.00 | 9.18e-01 2.93e-02 +0.013  1.00 | 8.9e+01 4.3e+00 1.665e+00
#4848   200   1 | 1.11e+00 0.00e+00   +nan  1.00 | 9.80e-01 2.43e-02 +0.006  1.00 | 5.3e+01 4.7e+00 2.203e+00
#4849  2817   1 | 1.00e+00 0.00e+00   +nan  1.00 | 8.61e-01 4.79e-02 +0.079  0.99 | 5.2e+01 5.6e+00 1.739e+00
#4850   113   1 | 1.14e+00 0.00e+00   +nan  1.00 | 9.75e-01 3.12e-02 -0.015  1.00 | 5.5e+01 4.2e+00 2.261e+00
#4851  2812   1 | 1.32e+00 0.00e+00   +nan  1.00 | 1.02e+00 4.04e-02 +0.179  0.99 | 5.9e+01 4.6e+00 2.763e+00
#4852  1421   1 | 6.58e-01 0.00e+00   +nan  1.00 | 1.07e+00 3.04e-02 +0.178  0.99 | 8.3e+01 4.8e+00 1.566e+00
#4853  2049   1 | 1.17e+00 0.00e+00   +nan  1.00 | 1.17e+00 3.06e-02 +0.097  1.00 | 6.8e+01 4.4e+00 2.727e+00
#4854   665   1 | 8.21e-01 0.00e+00   +nan  1.00 | 1.01e+00 3.06e-02 +0.107  0.99 | 7.1e+01 4.7e+00 1.695e+00
#4855   909   1 | 9.69e-01 0.00e+00   +nan  1.00 | 1.06e+00 2.80e-02 -0.012  1.00 | 7.2e+01 4.3e+00 2.060e+00
#4856  1469   1 | 7.38e-01 0.00e+00   +nan  1.00 | 9.49e-01 3.10e-02 +0.019  1.00 | 8.1e+01 4.9e+00 1.446e+00
#4857  1871   1 | 1.02e+00 0.00e+00   +nan  1.00 | 9.92e-01 3.17e-02 +0.104  0.99 | 7.7e+01 4.3e+00 2.026e+00
#4858  4376   1 | 7.06e-01 0.00e+00   +nan  1.00 | 1.09e+00 9.26e-02 +0.240  0.97 | 4.6e+01 4.9e+00 1.642e+00
#4859  3294   1 | 5.21e-01 0.00e+00   +nan  1.00 | 9.97e-01 9.64e-02 +0.184  0.97 | 5.2e+01 4.2e+00 1.239e+00
#4860  1101   1 | 9.57e-01 0.00e+00   +nan  1.00 | 1.07e+00 4.47e-02 +0.091  0.99 | 7.8e+01 5.0e+00 2.064e+00
#4861  4203   1 | 1.07e+00 0.00e+00   +nan  1.00 | 9.82e-01 1.21e-01 +0.231  0.96 | 3.7e+01 4.5e+00 2.078e+00
#4862  1297   1 | 1.14e+00 0.00e+00   +nan  1.00 | 9.88e-01 5.48e-02 -0.098  1.01 | 6.8e+01 4.4e+00 2.292e+00
#4863  3853   1 | 9.13e-01 0.00e+00   +nan  1.00 | 9.15e-01 1.05e-01 -0.106  1.04 | 5.0e+01 4.7e+00 1.703e+00
#4864  4982   1 | 1.18e+00 0.00e+00   +nan  1.00 | 9.58e-01 1.68e-01 +0.235  0.95 | 4.3e+01 4.6e+00 2.252e+00
#4865  4633   1 | 1.15e+00 0.00e+00   +nan  1.00 | 9.43e-01 2.01e-01 +0.291  0.92 | 5.6e+01 4.8e+00 2.135e+00
#4866  2600   1 | 1.07e+00 0.00e+00   +nan  1.00 | 1.04e+00 6.28e-02 +0.164  0.98 | 6.4e+01 4.7e+00 2.213e+00
#4867  1370   1 | 5.54e-01 0.00e+00   +nan  1.00 | 1.04e+00 5.80e-02 +0.073  0.99 | 7.6e+01 4.7e+00 1.388e+00
#4868  4692   1 | 1.12e+00 0.00e+00   +nan  1.00 | 1.01e+00 2.09e-01 +0.326  0.91 | 5.4e+01 4.6e+00 2.171e+00
#4869  1039   1 | 1.20e+00 0.00e+00   +nan  1.00 | 1.05e+00 8.32e-02 -0.016  1.01 | 7.4e+01 5.2e+00 2.573e+00
#4870  3618   1 | 1.10e+00 0.00e+00   +nan  1.00 | 1.05e+00 1.44e-01 +0.171  0.97 | 5.1e+01 4.6e+00 2.286e+00
#4871  1667   1 | 1.10e+00 0.00e+00   +nan  1.00 | 1.08e+00 7.54e-02 +0.294  0.96 | 7.7e+01 4.9e+00 2.329e+00
#4872   630   1 | 5.78e-01 0.00e+00   +nan  1.00 | 1.05e+00 7.54e-02 +0.107  0.99 | 6.5e+01 4.8e+00 1.431e+00
#4873  2406   1 | 7.76e-01 0.00e+00   +nan  1.00 | 9.59e-01 1.02e-01 +0.113  0.99 | 6.4e+01 4.6e+00 1.510e+00
#4874  1603   1 | 1.32e+00 0.00e+00   +nan  1.00 | 1.12e+00 8.57e-02 +0.039  1.00 | 7.6e+01 4.8e+00 3.002e+00
#4875  4735   1 | 1.07e+00 0.00e+00   +nan  1.00 | 1.08e+00 1.82e-01 +0.266  0.94 | 5.3e+01 4.5e+00 2.241e+00
#4876  4101   1 | 1.21e+00 0.00e+00   +nan  1.00 | 9.89e-01 1.77e-01 +0.071  1.01 | 4.5e+01 4.2e+00 2.443e+00
#4877  3791   1 | 1.40e+00 0.00e+00   +nan  1.00 | 1.03e+00 2.08e-01 +0.068  1.01 | 4.7e+01 5.0e+00 3.024e+00
#4878  2799   1 | 8.32e-01 0.00e+00   +nan  1.00 | 9.54e-01 1.61e-01 +0.091  1.00 | 5.0e+01 5.0e+00 1.600e+00
#4879  1358   1 | 4.47e-01 0.00e+00   +nan  1.00 | 1.00e+00 1.10e-01 +0.129  0.98 | 7.0e+01 5.0e+00 1.186e+00
#4880  4053   1 | 1.04e+00 0.00e+00   +nan  1.00 | 1.13e+00 2.20e-01 +0.091  1.00 | 5.1e+01 4.6e+00 2.370e+00
#4881  2297   1 | 9.62e-01 0.00e+00   +nan  1.00 | 1.06e+00 1.15e-01 +0.139  0.98 | 6.6e+01 5.0e+00 2.037e+00
#4882  3869   1 | 1.23e+00 0.00e+00   +nan  1.00 | 1.10e+00 1.99e-01 +0.159  0.98 | 4.6e+01 5.0e+00 2.704e+00
#4883  4080   1 | 1.06e+00 0.00e+00   +nan  1.00 | 8.36e-01 2.03e-01 +0.370  0.88 | 4.3e+01 4.7e+00 1.742e+00
#4884  3074   1 | 1.07e+00 0.00e+00   +nan  1.00 | 9.97e-01 1.30e-01 +0.091  0.99 | 4.4e+01 4.4e+00 2.135e+00
#4885   825   1 | 1.31e+00 0.00e+00   +nan  1.00 | 1.04e+00 8.55e-02 +0.061  1.00 | 6.7e+01 4.9e+00 2.782e+00
#4886  3698   1 | 1.29e+00 0.00e+00   +nan  1.00 | 9.27e-01 2.30e-01 +0.021  1.05 | 4.9e+01 4.9e+00 2.561e+00
#4887  2961   1 | 1.07e+00 0.00e+00   +nan  1.00 | 9.93e-01 1.47e-01 +0.201  0.96 | 5.5e+01 5.3e+00 2.102e+00
#4888  2817   1 | 9.81e-01 0.00e+00   +nan  1.00 | 1.04e+00 1.26e-01 +0.255  0.95 | 5.5e+01 4.9e+00 1.999e+00
#4889  1315   1 | 1.11e+00 0.00e+00   +nan  1.00 | 9.80e-01 7.93e-02 -0.060  1.02 | 7.0e+01 4.1e+00 2.215e+00
#4890  2950   1 | 1.09e+00 0.00e+00   +nan  1.00 | 9.82e-01 1.64e-01 -0.053  1.05 | 4.5e+01 5.1e+00 2.201e+00
#4891  3473   1 | 8.75e-01 0.00e+00   +nan  1.00 | 9.10e-01 1.25e-01 +0.064  1.00 | 5.6e+01 4.2e+00 1.595e+00
#4892  2281   1 | 1.04e+00 0.00e+00   +nan  1.00 | 1.02e+00 8.82e-02 +0.220  0.97 | 6.6e+01 5.0e+00 2.087e+00
#4893  2500   1 | 1.14e+00 0.00e+00   +nan  1.00 | 9.88e-01 1.09e-01 +0.013  1.01 | 6.2e+01 4.7e+00 2.280e+00
#4894  1820   1 | 1.08e+00 0.00e+00   +nan  1.00 | 9.68e-01 7.86e-02 +0.008  1.01 | 8.6e+01 4.6e+00 2.112e+00
#4895   904   1 | 1.35e+00 0.00e+00   +nan  1.00 | 1.00e+00 6.40e-02 -0.163  1.02 | 7.4e+01 4.4e+00 2.842e+00
#4896  4012   1 | 1.10e+00 0.00e+00   +nan  1.00 | 9.75e-01 1.14e-01 +0.070  1.00 | 4.7e+01 4.0e+00 2.167e+00
#4897  4262   1 | 1.06e+00 0.00e+00   +nan  1.00 | 8.36e-01 1.31e-01 +0.315  0.93 | 5.5e+01 4.4e+00 1.764e+00
#4898  3860   1 | 9.14e-01 0.00e+00   +nan  1.00 | 9.15e-01 1.24e-01 -0.072  1.04 | 4.8e+01 4.7e+00 1.704e+00
#4899  3061   1 | 8.37e-01 0.00e+00   +nan  1.00 | 9.42e-01 1.02e-01 +0.117  0.99 | 4.5e+01 4.8e+00 1.576e+00
#4900  3767   1 | 5.92e-01 0.00e+00   +nan  1.00 | 1.05e+00 1.45e-01 +0.162  0.97 | 5.4e+01 5.5e+00 1.430e+00
#4901  2450   1 | 1.02e+00 0.00e+00   +nan  1.00 | 1.13e+00 5.83e-02 +0.018  1.00 | 7.2e+01 4.7e+00 2.327e+00
#4902  2071   1 | 7.08e-01 0.00e+00   +nan  1.00 | 1.09e+00 5.44e-02 +0.047  1.00 | 8.1e+01 4.7e+00 1.682e+00
#4903  3161   1 | 5.77e-01 0.00e+00   +nan  1.00 | 9.77e-01 1.10e-01 +0.063  1.00 | 4.8e+01 4.6e+00 1.287e+00
#4904  4115   1 | 1.08e+00 0.00e+00   +nan  1.00 | 9.70e-01 8.09e-02 +0.228  0.97 | 5.4e+01 4.7e+00 2.086e+00
#4905  4160   1 | 1.09e+00 0.00e+00   +nan  1.00 | 1.02e+00 9.85e-02 +0.269  0.96 | 5.2e+01 4.6e+00 2.181e+00
#4906   568   1 | 1.22e+00 0.00e+00   +nan  1.00 | 1.10e+00 4.68e-02 +0.084  0.99 | 6.1e+01 4.4e+00 2.709e+00
#4907    51   1 | 1.13e+00 0.00e+00   +nan  1.00 | 1.05e+00 5.77e-02 +0.157  0.99 | 5.5e+01 4.7e+00 2.377e+00
#4908  4620   1 | 9.05e-01 0.00e+00   +nan  1.00 | 9.18e-01 1.84e-01 +0.329  0.91 | 5.3e+01 5.0e+00 1.584e+00
#4909  1919   1 | 1.00e+00 0.00e+00   +nan  1.00 | 1.07e+00 4.71e-02 +0.036  1.00 | 8.8e+01 4.6e+00 2.154e+00
#4910  4447   1 | 4.43e-01 0.00e+00   +nan  1.00 | 1.00e+00 9.69e-02 +0.289  0.95 | 6.4e+01 4.8e+00 1.153e+00
#4911  4437   1 | 1.20e+00 0.00e+00   +nan  1.00 | 9.11e-01 1.14e-01 +0.224  0.96 | 6.2e+01 5.1e+00 2.227e+00
#4912  2601   1 | 9.13e-01 0.00e+00   +nan  1.00 | 9.51e-01 8.59e-02 +0.016  1.01 | 6.6e+01 5.0e+00 1.743e+00
#4913  4210   1 | 7.29e-01 0.00e+00   +nan  1.00 | 9.46e-01 1.54e-01 +0.017  1.02 | 4.3e+01 4.9e+00 1.446e+00
#4914   497   1 | 1.40e+00 0.00e+00   +nan  1.00 | 1.01e+00 7.03e-02 -0.113  1.02 | 5.7e+01 5.0e+00 3.012e+00
#4915  4901   1 | 4.92e-01 0.00e+00   +nan  1.00 | 1.12e+00 2.28e-01 +0.416  0.87 | 4.0e+01 4.8e+00 1.330e+00
#4916  2022   1 | 7.03e-01 0.00e+00   +nan  1.00 | 1.00e+00 6.80e-02 +0.105  0.99 | 8.4e+01 4.9e+00 1.489e+00
#4917    90   1 | 1.12e+00 0.00e+00   +nan  1.00 | 1.01e+00 6.72e-02 +0.175  0.98 | 5.7e+01 4.6e+00 2.254e+00
#4918  4416   1 | 9.71e-01 0.00e+00   +nan  1.00 | 1.06e+00 1.60e-01 +0.362  0.91 | 5.5e+01 5.4e+00 1.976e+00
#4919  1048   1 | 9.98e-01 0.00e+00   +nan  1.00 | 8.61e-01 7.59e-02 +0.095  0.99 | 7.7e+01 5.2e+00 1.731e+00
#4920  1514   1 | 8.22e-01 0.00e+00   +nan  1.00 | 1.01e+00 5.21e-02 -0.141  1.02 | 7.8e+01 4.3e+00 1.720e+00
#4921  3256   1 | 1.11e+00 0.00e+00   +nan  1.00 | 1.06e+00 1.69e-01 +0.039  1.01 | 5.1e+01 5.0e+00 2.379e+00
#4922  3842   1 | 5.80e-01 0.00e+00   +nan  1.00 | 1.04e+00 1.30e-01 +0.155  0.98 | 5.0e+01 4.0e+00 1.398e+00
#4923  3386   1 | 5.22e-01 0.00e+00   +nan  1.00 | 9.97e-01 1.43e-01 +0.088  1.00 | 5.0e+01 4.4e+00 1.262e+00
#4924  2072   1 | 1.18e+00 0.00e+00   +nan  1.00 | 9.58e-01 7.30e-02 -0.092  1.02 | 7.2e+01 4.4e+00 2.325e+00
#4925   485   1 | 1.07e+00 0.00e+00   +nan  1.00 | 1.03e+00 8.01e-02 +0.010  1.00 | 5.4e+01 4.7e+00 2.208e+00
#4926   487   1 | 7.71e-01 0.00e+00   +nan  1.00 | 9.59e-01 7.28e-02 -0.030  1.01 | 5.8e+01 4.8e+00 1.523e+00
#4927  4741   1 | 1.22e+00 0.00e+00   +nan  1.00 | 1.05e+00 2.15e-01 +0.264  0.93 | 4.7e+01 4.5e+00 2.529e+00
#4928  1793   1 | 1.09e+00 0.00e+00   +nan  1.00 | 9.37e-01 7.15e-02 +0.046  1.00 | 8.7e+01 4.8e+00 2.063e+00
#4929  2327   1 | 9.73e-01 0.00e+00   +nan  1.00 | 1.06e+00 6.85e-02 +0.055  1.00 | 5.9e+01 4.6e+00 2.062e+00
#4930  3997   1 | 1.20e+00 0.00e+00   +nan  1.00 | 9.89e-01 1.35e-01 +0.103  0.99 | 4.1e+01 4.5e+00 2.418e+00
#4931  2173   1 | 1.31e+00 0.00e+00   +nan  1.00 | 1.01e+00 6.59e-02 +0.122  0.99 | 7.4e+01 4.9e+00 2.720e+00
#4932  4840   1 | 6.10e-01 0.00e+00   +nan  1.00 | 1.03e+00 2.25e-01 +0.478  0.84 | 3.9e+01 4.6e+00 1.260e+00
#4933  3926   1 | 9.85e-01 0.00e+00   +nan  1.00 | 1.07e+00 9.98e-02 +0.200  0.97 | 4.0e+01 4.4e+00 2.093e+00
#4934   504   1 | 9.65e-01 0.00e+00   +nan  1.00 | 1.03e+00 5.34e-02 -0.058  1.01 | 6.4e+01 4.6e+00 2.006e+00
#4935  2751   1 | 6.58e-01 0.00e+00   +nan  1.00 | 1.07e+00 7.68e-02 +0.223  0.97 | 6.1e+01 5.0e+00 1.547e+00
#4936   988   1 | 9.60e-01 0.00e+00   +nan  1.00 | 9.60e-01 6.77e-02 -0.040  1.01 | 6.7e+01 4.9e+00 1.853e+00
#4937  3657   1 | 9.71e-01 0.00e+00   +nan  1.00 | 1.02e+00 1.06e-01 +0.070  1.00 | 4.0e+01 4.2e+00 1.975e+00
#4938  3343   1 | 1.17e+00 0.00e+00   +nan  1.00 | 1.17e+00 9.24e-02 +0.159  0.98 | 4.3e+01 4.3e+00 2.701e+00
#4939  3082   1 | 1.02e+00 0.00e+00   +nan  1.00 | 9.92e-01 7.67e-02 +0.106  0.99 | 4.4e+01 4.9e+00 2.014e+00
#4940  3417   1 | 1.14e+00 0.00e+00   +nan  1.00 | 9.43e-01 1.08e-01 +0.144  0.98 | 5.0e+01 4.7e+00 2.175e+00
#4941  4817   1 | 1.32e+00 0.00e+00   +nan  1.00 | 1.09e+00 1.46e-01 +0.449  0.90 | 3.6e+01 4.5e+00 2.806e+00
#4942  1080   1 | 5.46e-01 0.00e+00   +nan  1.00 | 1.03e+00 6.56e-02 -0.047  1.01 | 6.9e+01 4.7e+00 1.367e+00
#4943  2173   1 | 1.00e+00 0.00e+00   +nan  1.00 | 9.45e-01 8.16e-02 -0.110  1.03 | 6.7e+01 4.7e+00 1.919e+00
#4944  2298   1 | 1.32e+00 0.00e+00   +nan  1.00 | 1.02e+00 7.91e-02 +0.080  0.99 | 5.7e+01 4.6e+00 2.769e+00
#4945  2950   1 | 8.34e-01 0.00e+00   +nan  1.00 | 9.54e-01 1.36e-01 +0.066  1.00 | 3.6e+01 4.7e+00 1.606e+00
#4946  3055   1 | 1.06e+00 0.00e+00   +nan  1.00 | 1.04e+00 8.25e-02 +0.115  0.99 | 4.0e+01 4.5e+00 2.199e+00
#4947  4656   1 | 1.37e+00 0.00e+00   +nan  1.00 | 1.03e+00 3.17e-01 +0.290  0.92 | 4.4e+01 5.1e+00 2.847e+00
#4948  4992   1 | 1.64e+00 0.00e+00   +nan  1.00 | 9.65e-01 3.04e-01 +0.446  0.82 | 3.4e+01 5.1e+00 3.461e+00
#4949  2375   1 | 1.12e+00 0.00e+00   +nan  1.00 | 1.13e+00 1.04e-01 +0.114  0.99 | 4.9e+01 4.9e+00 2.512e+00
#4950  3754   1 | 6.35e-01 0.00e+00   +nan  1.00 | 1.08e+00 2.02e-01 +0.161  0.97 | 3.4e+01 4.6e+00 1.549e+00
#4951   464   1 | 4.70e-01 0.00e+00   +nan  1.00 | 9.87e-01 9.75e-02 +0.086  0.99 | 4.3e+01 5.0e+00 1.188e+00
#4952  1718   1 | 1.32e+00 0.00e+00   +nan  1.00 | 1.12e+00 1.04e-01 -0.082  1.02 | 7.3e+01 4.9e+00 3.031e+00
#4953  3342   1 | 1.30e+00 0.00e+00   +nan  1.00 | 9.64e-01 1.83e-01 +0.048  1.02 | 3.9e+01 5.3e+00 2.634e+00
#4954  1260   1 | 7.38e-01 0.00e+00   +nan  1.00 | 9.49e-01 6.28e-02 +0.057  1.00 | 5.5e+01 4.6e+00 1.443e+00
#4955  2303   1 | 1.10e+00 0.00e+00   +nan  1.00 | 1.08e+00 7.08e-02 +0.210  0.98 | 5.4e+01 4.9e+00 2.345e+00
#4956  1036   1 | 1.05e+00 0.00e+00   +nan  1.00 | 1.08e+00 5.16e-02 +0.076  1.00 | 5.1e+01 4.8e+00 2.269e+00
#4957  3244   1 | 1.27e+00 0.00e+00   +nan  1.00 | 1.08e+00 8.69e-02 +0.132  0.99 | 4.2e+01 4.7e+00 2.775e+00
#4958  3004   1 | 1.03e+00 0.00e+00   +nan  1.00 | 1.02e+00 5.12e-02 +0.168  0.99 | 4.0e+01 4.4e+00 2.092e+00
#4959  4422   1 | 1.04e+00 0.00e+00   +nan  1.00 | 1.08e+00 1.09e-01 +0.215  0.97 | 3.6e+01 4.6e+00 2.214e+00
#4960  2716   1 | 1.11e+00 0.00e+00   +nan  1.00 | 1.13e+00 6.81e-02 +0.213  0.98 | 4.4e+01 4.6e+00 2.490e+00
#4961  3496   1 | 8.47e-01 0.00e+00   +nan  1.00 | 9.42e-01 1.24e-01 +0.213  0.96 | 4.0e+01 4.8e+00 1.571e+00
#4962  1064   1 | 1.12e+00 0.00e+00   +nan  1.00 | 1.01e+00 5.68e-02 +0.076  0.99 | 6.0e+01 4.4e+00 2.266e+00
#4963  4730   1 | 1.10e+00 0.00e+00   +nan  1.00 | 1.06e+00 2.41e-01 +0.308  0.91 | 3.5e+01 5.1e+00 2.233e+00
#4964  3496   1 | 4.99e-01 0.00e+00   +nan  1.00 | 1.12e+00 1.31e-01 +0.345  0.93 | 4.1e+01 4.9e+00 1.414e+00
#4965  3562   1 | 1.32e+00 0.00e+00   +nan  1.00 | 1.02e+00 1.83e-01 +0.145  0.98 | 4.3e+01 4.6e+00 2.758e+00
#4966  1886   1 | 1.30e+00 0.00e+00   +nan  1.00 | 1.09e+00 1.16e-01 +0.040  1.00 | 6.0e+01 4.4e+00 2.902e+00
#4967   820   1 | 1.08e+00 0.00e+00   +nan  1.00 | 9.68e-01 1.47e-01 +0.071  1.00 | 4.5e+01 4.9e+00 2.112e+00
#4968  2616   1 | 5.16e-01 0.00e+00   +nan  1.00 | 9.97e-01 2.06e-01 +0.014  1.04 | 5.1e+01 5.0e+00 1.297e+00
#4969  2906   1 | 7.82e-01 0.00e+00   +nan  1.00 | 9.59e-01 2.04e-01 +0.061  1.02 | 4.0e+01 4.5e+00 1.549e+00
#4970   656   1 | 1.13e+00 0.00e+00   +nan  1.00 | 1.05e+00 1.72e-01 +0.184  0.97 | 5.2e+01 5.0e+00 2.356e+00
#4971  4684   1 | 5.72e-01 0.00e+00   +nan  1.00 | 1.05e+00 3.00e-01 +0.247  0.94 | 4.4e+01 4.9e+00 1.368e+00
#4972  1144   1 | 8.53e-01 0.00e+00   +nan  1.00 | 9.10e-01 1.37e-01 -0.009  1.03 | 5.2e+01 4.6e+00 1.577e+00
#4973  2562   1 | 5.53e-01 0.00e+00   +nan  1.00 | 1.03e+00 1.30e-01 +0.121  0.99 | 4.8e+01 4.5e+00 1.349e+00
#4974  2169   1 | 9.71e-01 0.00e+00   +nan  1.00 | 1.02e+00 1.13e-01 +0.018  1.01 | 5.9e+01 4.6e+00 1.987e+00
#4975  3211   1 | 6.18e-01 0.00e+00   +nan  1.00 | 1.08e+00 1.36e-01 +0.116  0.99 | 4.1e+01 4.8e+00 1.541e+00
#4976  2805   1 | 1.00e+00 0.00e+00   +nan  1.00 | 8.61e-01 1.29e-01 +0.136  0.98 | 4.0e+01 4.7e+00 1.729e+00
#4977   708   1 | 7.28e-01 0.00e+00   +nan  1.00 | 9.46e-01 6.40e-02 -0.106  1.02 | 5.2e+01 4.5e+00 1.442e+00
#4978  2646   1 | 1.07e+00 0.00e+00   +nan  1.00 | 1.04e+00 9.11e-02 +0.017  1.00 | 4.9e+01 5.4e+00 2.234e+00
#4979  4366   1 | 9.85e-01 0.00e+00   +nan  1.00 | 1.04e+00 1.27e-01 +0.374  0.92 | 3.6e+01 4.9e+00 1.974e+00
#4980  1161   1 | 6.58e-01 0.00e+00   +nan  1.00 | 1.07e+00 6.04e-02 -0.005  1.00 | 5.2e+01 4.4e+00 1.581e+00
#4981   762   1 | 1.14e+00 0.00e+00   +nan  1.00 | 9.88e-01 6.44e-02 +0.020  1.00 | 5.0e+01 5.0e+00 2.281e+00
#4982  1300   1 | 1.11e+00 0.00e+00   +nan  1.00 | 9.82e-01 5.33e-02 -0.011  1.00 | 6.1e+01 4.4e+00 2.196e+00
#4983  2907   1 | 1.08e+00 0.00e+00   +nan  1.00 | 9.70e-01 7.50e-02 +0.071  1.00 | 3.7e+01 4.6e+00 2.101e+00
#4984  2628   1 | 9.61e-01 0.00e+00   +nan  1.00 | 1.06e+00 7.41e-02 +0.186  0.98 | 4.4e+01 4.5e+00 2.032e+00
#4985  3921   1 | 9.10e-01 0.00e+00   +nan  1.00 | 9.18e-01 8.33e-02 +0.021  1.00 | 3.7e+01 4.6e+00 1.673e+00
#4986  2217   1 | 9.61e-01 0.00e+00   +nan  1.00 | 1.07e+00 6.14e-02 +0.129  0.99 | 5.4e+01 4.9e+00 2.064e+00
#4987   168   1 | 1.02e+00 0.00e+00   +nan  1.00 | 1.13e+00 7.06e-02 +0.002  1.00 | 4.1e+01 4.8e+00 2.323e+00
#4988  2203   1 | 1.08e+00 0.00e+00   +nan  1.00 | 9.93e-01 5.92e-02 +0.124  0.99 | 5.5e+01 4.9e+00 2.137e+00
#4989  1911   1 | 1.17e+00 0.00e+00   +nan  1.00 | 1.17e+00 5.52e-02 +0.205  0.98 | 6.3e+01 4.4e+00 2.710e+00
#4990    81   1 | 1.07e+00 0.00e+00   +nan  1.00 | 1.03e+00 4.84e-02 -0.083  1.01 | 4.2e+01 4.4e+00 2.214e+00
#4991  3135   1 | 1.30e+00 0.00e+00   +nan  1.00 | 1.04e+00 1.19e-01 +0.085  0.99 | 3.4e+01 5.0e+00 2.753e+00
#4992  1612   1 | 1.00e+00 0.00e+00   +nan  1.00 | 1.07e+00 5.18e-02 +0.072  1.00 | 6.0e+01 4.1e+00 2.152e+00
#4993  1078   1 | 1.09e+00 0.00e+00   +nan  1.00 | 9.37e-01 5.48e-02 -0.066  1.01 | 6.2e+01 4.4e+00 2.071e+00
#4994  4990   1 | 6.09e-01 0.00e+00   +nan  1.00 | 1.03e+00 2.68e-01 +0.360  0.88 | 3.2e+01 4.5e+00 1.302e+00
#4995  1480   1 | 1.11e+00 0.00e+00   +nan  1.00 | 1.02e+00 6.37e-02 +0.116  0.99 | 5.9e+01 5.3e+00 2.250e+00
#4996   256   1 | 1.11e+00 0.00e+00   +nan  1.00 | 9.80e-01 6.72e-02 +0.021  1.00 | 4.6e+01 5.0e+00 2.204e+00
#4997   701   1 | 1.30e+00 0.00e+00   +nan  1.00 | 9.27e-01 5.46e-02 +0.116  0.99 | 5.1e+01 4.7e+00 2.529e+00
#4998  1529   1 | 1.10e+00 0.00e+00   +nan  1.00 | 1.08e+00 5.20e-02 +0.116  0.99 | 6.2e+01 4.8e+00 2.361e+00
#4999  1637   1 | 1.23e+00 0.00e+00   +nan  1.00 | 9.89e-01 6.43e-02 -0.106  1.02 | 5.6e+01 4.8e+00 2.512e+00
#5000  1956   1 | 9.20e-01 0.00e+00   +nan  1.00 | 9.51e-01 6.55e-02 +0.031  1.00 | 5.5e+01 4.9e+00 1.750e+00
#5001  1726   1 | 5.70e-01 0.00e+00   +nan  1.00 | 9.77e-01 5.58e-02 -0.034  1.01 | 7.2e+01 4.7e+00 1.286e+00
#5002  2325   1 | 9.62e-01 0.00e+00   +nan  1.00 | 1.03e+00 6.60e-02 +0.071  1.00 | 4.9e+01 5.3e+00 1.986e+00
#5003  1700   1 | 1.29e+00 0.00e+00   +nan  1.00 | 1.08e+00 5.42e-02 +0.090  0.99 | 6.4e+01 4.8e+00 2.823e+00
#5004  2570   1 | 7.05e-01 0.00e+00   +nan  1.00 | 1.00e+00 5.10e-02 +0.214  0.98 | 4.8e+01 4.5e+00 1.482e+00
#5005   102   1 | 4.70e-01 0.00e+00   +nan  1.00 | 9.87e-01 6.03e-02 +0.181  0.98 | 3.7e+01 5.2e+00 1.177e+00
#5006   815   1 | 1.14e+00 0.00e+00   +nan  1.00 | 9.75e-01 4.05e-02 +0.008  1.00 | 5.1e+01 4.7e+00 2.259e+00
#5007  1550   1 | 5.54e-01 0.00e+00   +nan  1.00 | 1.04e+00 4.76e-02 +0.088  0.99 | 6.2e+01 4.5e+00 1.387e+00
#5008  3478   1 | 1.39e+00 0.00e+00   +nan  1.00 | 1.03e+00 8.44e-02 +0.064  1.00 | 3.8e+01 4.5e+00 2.992e+00
#5009  2083   1 | 1.02e+00 0.00e+00   +nan  1.00 | 9.92e-01 6.13e-02 +0.110  0.99 | 5.6e+01 5.0e+00 2.021e+00
#5010  2173   1 | 1.04e+00 0.00e+00   +nan  1.00 | 8.36e-01 5.30e-02 +0.067  1.00 | 5.9e+01 4.5e+00 1.784e+00
#5011   611   1 | 1.15e+00 0.00e+00   +nan  1.00 | 9.43e-01 6.56e-02 +0.021  1.00 | 4.4e+01 4.7e+00 2.203e+00
#5012  1375   1 | 1.35e+00 0.00e+00   +nan  1.00 | 1.00e+00 5.92e-02 +0.004  1.00 | 6.1e+01 4.5e+00 2.818e+00
#5013  1962   1 | 4.48e-01 0.00e+00   +nan  1.00 | 1.00e+00 7.22e-02 -0.057  1.01 | 5.7e+01 5.4e+00 1.217e+00
#5014   116   1 | 8.89e-01 0.00e+00   +nan  1.00 | 9.15e-01 6.54e-02 -0.012  1.01 | 4.0e+01 5.0e+00 1.633e+00
#5015  4207   1 | 1.31e+00 0.00e+00   +nan  1.00 | 9.64e-01 7.03e-02 +0.359  0.95 | 3.5e+01 4.7e+00 2.593e+00
#5016    99   1 | 9.98e-01 0.00e+00   +nan  1.00 | 9.45e-01 6.45e-02 -0.166  1.03 | 4.1e+01 5.1e+00 1.915e+00
#5017  2709   1 | 9.65e-01 0.00e+00   +nan  1.00 | 9.60e-01 7.62e-02 +0.090  0.99 | 4.9e+01 5.1e+00 1.846e+00
#5018  4426   1 | 1.32e+00 0.00e+00   +nan  1.00 | 1.12e+00 1.21e-01 +0.387  0.93 | 3.8e+01 5.1e+00 2.897e+00
#5019  2315   1 | 1.07e+00 0.00e+00   +nan  1.00 | 9.97e-01 6.60e-02 +0.081  0.99 | 5.5e+01 4.5e+00 2.143e+00
#5020  1783   1 | 1.65e+00 0.00e+00   +nan  1.00 | 9.65e-01 6.64e-02 +0.134  0.99 | 6.4e+01 4.4e+00 3.656e+00
#5021  3733   1 | 8.44e-01 0.00e+00   +nan  1.00 | 9.54e-01 1.78e-01 +0.151  0.98 | 3.5e+01 4.3e+00 1.603e+00
#5022  1718   1 | 9.70e-01 0.00e+00   +nan  1.00 | 1.06e+00 1.35e-01 +0.011  1.01 | 7.0e+01 5.4e+00 2.076e+00
#5023   594   1 | 1.21e+00 0.00e+00   +nan  1.00 | 1.05e+00 8.72e-02 -0.046  1.01 | 4.6e+01 4.6e+00 2.581e+00
#5024  3596   1 | 1.28e+00 0.00e+00   +nan  1.00 | 1.01e+00 1.95e-01 +0.237  0.95 | 3.4e+01 4.8e+00 2.612e+00
#5025  4680   1 | 1.18e+00 0.00e+00   +nan  1.00 | 9.58e-01 2.30e-01 +0.160  0.98 | 3.7e+01 4.6e+00 2.293e+00
#5026  2006   1 | 8.24e-01 0.00e+00   +nan  1.00 | 1.01e+00 9.77e-02 -0.103  1.03 | 5.0e+01 4.6e+00 1.735e+00
#5027  3799   1 | 7.37e-01 0.00e+00   +nan  1.00 | 1.09e+00 1.72e-01 +0.047  1.01 | 3.4e+01 4.8e+00 1.739e+00
#5028  2278   1 | 7.41e-01 0.00e+00   +nan  1.00 | 9.49e-01 9.74e-02 +0.085  0.99 | 4.9e+01 5.3e+00 1.444e+00
#5029  1192   1 | 1.22e+00 0.00e+00   +nan  1.00 | 1.10e+00 7.49e-02 +0.110  0.99 | 5.6e+01 5.0e+00 2.702e+00
#5030  2152   1 | 1.40e+00 0.00e+00   +nan  1.00 | 1.01e+00 5.46e-02 -0.105  1.01 | 5.4e+01 4.6e+00 3.008e+00
#5031  2682   1 | 1.20e+00 0.00e+00   +nan  1.00 | 9.11e-01 6.05e-02 +0.123  0.99 | 4.6e+01 4.8e+00 2.255e+00
#5032   228   1 | 1.31e+00 0.00e+00   +nan  1.00 | 1.01e+00 6.66e-02 +0.037  1.00 | 4.1e+01 5.1e+00 2.745e+00
#5033   335   1 | 4.94e-01 0.00e+00   +nan  1.00 | 1.12e+00 4.91e-02 +0.178  0.99 | 4.2e+01 5.0e+00 1.475e+00
#5034  2763   1 | 1.07e+00 0.00e+00   +nan  1.00 | 1.04e+00 4.19e-02 -0.021  1.00 | 3.6e+01 4.7e+00 2.228e+00
#5035  4439   1 | 1.00e+00 0.00e+00   +nan  1.00 | 9.45e-01 7.05e-02 +0.107  0.99 | 4.1e+01 4.9e+00 1.889e+00
#5036   784   1 | 1.12e+00 0.00e+00   +nan  1.00 | 1.01e+00 3.29e-02 +0.147  0.99 | 5.2e+01 4.4e+00 2.263e+00
#5037  2681   1 | 1.22e+00 0.00e+00   +nan  1.00 | 9.89e-01 3.99e-02 -0.023  1.00 | 4.8e+01 4.3e+00 2.481e+00
#5038  4503   1 | 1.29e+00 0.00e+00   +nan  1.00 | 1.08e+00 6.53e-02 +0.312  0.97 | 3.7e+01 4.6e+00 2.798e+00
#5039  4068   1 | 1.31e+00 0.00e+00   +nan  1.00 | 9.64e-01 8.46e-02 +0.330  0.95 | 3.1e+01 4.8e+00 2.591e+00
#5040   947   1 | 1.02e+00 0.00e+00   +nan  1.00 | 1.13e+00 4.79e-02 +0.049  1.00 | 5.7e+01 5.1e+00 2.315e+00
#5041   110   1 | 1.10e+00 0.00e+00   +nan  1.00 | 1.08e+00 6.79e-02 +0.084  0.99 | 3.9e+01 5.1e+00 2.366e+00
#5042  1938   1 | 7.73e-01 0.00e+00   +nan  1.00 | 9.59e-01 5.78e-02 +0.025  1.00 | 5.7e+01 5.3e+00 1.518e+00
#5043  3510   1 | 1.29e+00 0.00e+00   +nan  1.00 | 1.04e+00 1.12e-01 +0.250  0.96 | 3.4e+01 4.6e+00 2.700e+00
#5044  1135   1 | 1.32e+00 0.00e+00   +nan  1.00 | 1.02e+00 5.58e-02 -0.106  1.01 | 5.4e+01 4.5e+00 2.791e+00
#5045  1043   1 | 8.89e-01 0.00e+00   +nan  1.00 | 9.15e-01 6.25e-02 +0.003  1.00 | 5.3e+01 4.7e+00 1.630e+00
#5046  4487   1 | 1.65e+00 0.00e+00   +nan  1.00 | 9.65e-01 1.30e-01 +0.173  0.97 | 4.1e+01 4.8e+00 3.642e+00
#5047  3051   1 | 6.14e-01 0.00e+00   +nan  1.00 | 1.08e+00 1.02e-01 +0.178  0.98 | 3.6e+01 4.7e+00 1.523e+00
#5048   502   1 | 1.35e+00 0.00e+00   +nan  1.00 | 1.00e+00 8.36e-02 -0.073  1.02 | 4.6e+01 4.9e+00 2.838e+00
#5049  1104   1 | 1.18e+00 0.00e+00   +nan  1.00 | 9.58e-01 8.10e-02 -0.063  1.02 | 5.6e+01 4.9e+00 2.323e+00
#5050  2893   1 | 5.65e-01 0.00e+00   +nan  1.00 | 1.04e+00 8.58e-02 +0.180  0.98 | 4.0e+01 4.8e+00 1.380e+00
#5051  4916   1 | 1.15e+00 0.00e+00   +nan  1.00 | 1.13e+00 2.67e-01 +0.248  0.94 | 2.8e+01 5.2e+00 2.516e+00
#5052  2142   1 | 9.62e-01 0.00e+00   +nan  1.00 | 9.60e-01 8.32e-02 +0.032  1.00 | 5.1e+01 5.4e+00 1.849e+00
#5053   261   1 | 9.23e-01 0.00e+00   +nan  1.00 | 9.51e-01 1.00e-01 -0.113  1.03 | 3.5e+01 5.2e+00 1.787e+00
#5054  2687   1 | 7.06e-01 0.00e+00   +nan  1.00 | 1.00e+00 8.97e-02 +0.234  0.97 | 4.0e+01 4.6e+00 1.469e+00
#5055  1011   1 | 6.24e-01 0.00e+00   +nan  1.00 | 1.03e+00 7.54e-02 +0.068  1.00 | 4.8e+01 4.9e+00 1.442e+00
#5056  1063   1 | 1.15e+00 0.00e+00   +nan  1.00 | 9.43e-01 1.04e-01 -0.020  1.02 | 5.3e+01 5.3e+00 2.217e+00
#5057  4261   1 | 9.81e-01 0.00e+00   +nan  1.00 | 1.02e+00 1.55e-01 +0.264  0.94 | 3.6e+01 5.0e+00 1.939e+00
#5058  2426   1 | 1.20e+00 0.00e+00   +nan  1.00 | 9.11e-01 9.86e-02 +0.172  0.97 | 4.0e+01 4.9e+00 2.252e+00
#5059   624   1 | 9.57e-01 0.00e+00   +nan  1.00 | 1.07e+00 6.42e-02 +0.126  0.99 | 4.2e+01 4.5e+00 2.057e+00
#5060  2523   1 | 9.79e-01 0.00e+00   +nan  1.00 | 1.04e+00 1.01e-01 +0.167  0.98 | 4.3e+01 4.6e+00 2.020e+00
#5061   309   1 | 1.00e+00 0.00e+00   +nan  1.00 | 1.07e+00 6.59e-02 -0.016  1.01 | 3.5e+01 4.5e+00 2.168e+00
#5062   908   1 | 1.14e+00 0.00e+00   +nan  1.00 | 9.88e-01 8.29e-02 +0.018  1.00 | 4.2e+01 5.0e+00 2.283e+00
#5063   839   1 | 5.78e-01 0.00e+00   +nan  1.00 | 1.05e+00 6.89e-02 +0.048  1.00 | 3.6e+01 4.2e+00 1.440e+00
#5064  3193   1 | 9.58e-01 0.00e+00   +nan  1.00 | 1.03e+00 1.86e-01 -0.046  1.05 | 3.4e+01 5.3e+00 2.035e+00
#5065  2096   1 | 1.06e+00 0.00e+00   +nan  1.00 | 1.03e+00 9.66e-02 -0.010  1.01 | 4.9e+01 5.1e+00 2.206e+00
#5066  3198   1 | 1.09e+00 0.00e+00   +nan  1.00 | 9.82e-01 1.63e-01 +0.067  1.01 | 3.1e+01 5.0e+00 2.149e+00
#5067  3199   1 | 1.08e+00 0.00e+00   +nan  1.00 | 9.70e-01 1.14e-01 +0.123  0.98 | 3.2e+01 4.8e+00 2.099e+00
#5068   606   1 | 1.13e+00 0.00e+00   +nan  1.00 | 1.05e+00 4.68e-02 +0.122  0.99 | 4.3e+01 4.5e+00 2.383e+00
#5069   925   1 | 1.32e+00 0.00e+00   +nan  1.00 | 1.12e+00 5.39e-02 -0.061  1.01 | 4.8e+01 4.9e+00 3.016e+00
#5070  3242   1 | 1.29e+00 0.00e+00   +nan  1.00 | 1.09e+00 8.21e-02 -0.006  1.01 | 3.7e+01 5.3e+00 2.882e+00
#5071  2588   1 | 1.08e+00 0.00e+00   +nan  1.00 | 9.68e-01 4.42e-02 +0.014  1.00 | 4.6e+01 4.7e+00 2.104e+00
#5072  2334   1 | 9.62e-01 0.00e+00   +nan  1.00 | 1.06e+00 3.57e-02 +0.180  0.99 | 5.2e+01 4.6e+00 2.045e+00
#5073   671   1 | 7.28e-01 0.00e+00   +nan  1.00 | 9.46e-01 3.12e-02 -0.087  1.01 | 4.7e+01 4.6e+00 1.431e+00
#5074  4688   1 | 1.40e+00 0.00e+00   +nan  1.00 | 1.01e+00 1.96e-01 +0.336  0.91 | 2.6e+01 4.4e+00 2.887e+00
#5075  3009   1 | 1.39e+00 0.00e+00   +nan  1.00 | 1.03e+00 3.32e-02 +0.112  0.99 | 3.7e+01 4.8e+00 2.971e+00
#5076  4738   1 | 1.22e+00 0.00e+00   +nan  1.00 | 1.10e+00 1.66e-01 +0.280  0.94 | 2.4e+01 3.8e+00 2.633e+00
#5077  4133   1 | 1.07e+00 0.00e+00   +nan  1.00 | 9.93e-01 3.50e-02 +0.288  0.98 | 3.0e+01 4.6e+00 2.120e+00
#5078  3786   1 | 1.11e+00 0.00e+00   +nan  1.00 | 9.37e-01 3.81e-02 +0.083  0.99 | 3.4e+01 4.3e+00 2.110e+00
#5079  4955   1 | 9.05e-01 2.75e-22 -0.627  1.00 | 9.18e-01 1.17e-01 +0.242  0.95 | 1.9e+01 4.6e+00 1.622e+00
#5080  1840   1 | 1.11e+00 0.00e+00   +nan  1.00 | 1.06e+00 2.42e-02 -0.126  1.01 | 5.2e+01 4.6e+00 2.356e+00
#5081  1023   1 | 6.58e-01 0.00e+00   +nan  1.00 | 1.07e+00 2.82e-02 -0.101  1.01 | 4.7e+01 4.8e+00 1.584e+00
#5082  4128   1 | 1.02e+00 4.51e-22 -0.238  1.00 | 9.92e-01 6.71e-02 +0.153  0.98 | 2.1e+01 4.6e+00 2.017e+00
#5083  4855   1 | 6.86e-01 1.07e-21 +0.174  1.00 | 1.09e+00 3.68e-01 +0.249  0.95 | 2.1e+01 5.9e+00 1.589e+00
#5084  3192   1 | 8.35e-01 0.00e+00   +nan  1.00 | 1.01e+00 6.41e-02 +0.112  0.99 | 3.0e+01 4.9e+00 1.713e+00
#5085   988   1 | 1.17e+00 0.00e+00   +nan  1.00 | 1.17e+00 2.94e-02 +0.149  0.99 | 4.3e+01 4.8e+00 2.725e+00
#5086  3435   1 | 4.76e-01 0.00e+00   +nan  1.00 | 9.87e-01 7.91e-02 +0.258  0.97 | 3.3e+01 4.7e+00 1.167e+00
#5087  3587   1 | 1.17e+00 0.00e+00   +nan  1.00 | 1.05e+00 9.67e-02 +0.024  1.00 | 2.8e+01 4.7e+00 2.491e+00
#5088   210   1 | 1.30e+00 0.00e+00   +nan  1.00 | 9.27e-01 3.66e-02 -0.067  1.01 | 3.4e+01 4.7e+00 2.545e+00
#5089  1428   1 | 1.05e+00 0.00e+00   +nan  1.00 | 1.08e+00 3.69e-02 +0.132  0.99 | 4.4e+01 4.2e+00 2.263e+00
#5090  2939   1 | 1.05e+00 0.00e+00   +nan  1.00 | 8.36e-01 6.57e-02 +0.028  1.00 | 3.2e+01 4.4e+00 1.798e+00
#5091  2982   1 | 8.34e-01 0.00e+00   +nan  1.00 | 9.54e-01 1.11e-01 +0.005  1.01 | 2.9e+01 5.2e+00 1.616e+00
#5092    78   1 | 1.11e+00 0.00e+00   +nan  1.00 | 1.02e+00 6.03e-02 +0.038  1.00 | 2.8e+01 5.0e+00 2.265e+00
#5093  1293   1 | 5.46e-01 0.00e+00   +nan  1.00 | 1.03e+00 7.96e-02 +0.050  1.00 | 4.2e+01 4.8e+00 1.355e+00
#5094  3269   1 | 1.10e+00 0.00e+00   +nan  1.00 | 9.80e-01 9.77e-02 +0.042  1.00 | 3.3e+01 4.3e+00 2.162e+00
#5095  2633   1 | 1.00e+00 0.00e+00   +nan  1.00 | 8.61e-01 6.91e-02 +0.076  0.99 | 3.4e+01 4.5e+00 1.737e+00
#5096   840   1 | 1.04e+00 0.00e+00   +nan  1.00 | 1.02e+00 4.14e-02 +0.063  1.00 | 3.5e+01 4.6e+00 2.124e+00
#5097  3062   1 | 8.37e-01 0.00e+00   +nan  1.00 | 9.42e-01 7.51e-02 +0.174  0.98 | 2.7e+01 4.9e+00 1.569e+00
#5098  2923   1 | 1.13e+00 0.00e+00   +nan  1.00 | 9.75e-01 1.33e-01 +0.095  0.99 | 3.2e+01 5.5e+00 2.217e+00
#5099  1153   1 | 9.69e-01 0.00e+00   +nan  1.00 | 1.06e+00 5.22e-02 +0.013  1.00 | 4.2e+01 4.7e+00 2.060e+00
#5100  4783   1 | 5.07e-01 0.00e+00   +nan  1.00 | 9.97e-01 2.67e-01 +0.337  0.89 | 3.0e+01 4.9e+00 1.143e+00
#5101  2496   1 | 4.49e-01 0.00e+00   +nan  1.00 | 1.00e+00 7.35e-02 -0.024  1.01 | 3.4e+01 4.8e+00 1.214e+00
#5102  2585   1 | 1.07e+00 0.00e+00   +nan  1.00 | 9.97e-01 8.79e-02 +0.045  1.00 | 4.0e+01 5.5e+00 2.147e+00
#5103  3189   1 | 8.69e-01 0.00e+00   +nan  1.00 | 9.10e-01 8.59e-02 -0.027  1.01 | 3.1e+01 5.0e+00 1.594e+00
#5104  3339   1 | 5.79e-01 0.00e+00   +nan  1.00 | 9.77e-01 1.20e-01 +0.055  1.00 | 3.1e+01 5.3e+00 1.292e+00
#5105  4439   1 | 7.34e-01 0.00e+00   +nan  1.00 | 9.49e-01 8.83e-02 +0.282  0.96 | 3.2e+01 5.3e+00 1.401e+00
#5106  3132   1 | 4.54e-01 0.00e+00   +nan  1.00 | 1.00e+00 3.92e-02 +0.125  0.99 | 3.3e+01 3.9e+00 1.201e+00
#5107  1582   1 | 1.07e+00 0.00e+00   +nan  1.00 | 9.70e-01 3.58e-02 +0.048  1.00 | 5.3e+01 4.5e+00 2.088e+00
#5108   872   1 | 7.28e-01 0.00e+00   +nan  1.00 | 9.46e-01 4.48e-02 -0.140  1.02 | 4.0e+01 5.0e+00 1.439e+00
#5109  2541   1 | 9.71e-01 0.00e+00   +nan  1.00 | 1.02e+00 5.44e-02 +0.050  1.00 | 3.8e+01 5.3e+00 1.976e+00
#5110  4040   1 | 7.08e-01 0.00e+00   +nan  1.00 | 1.00e+00 7.38e-02 +0.250  0.97 | 2.9e+01 4.9e+00 1.475e+00
#5111  2855   1 | 8.30e-01 0.00e+00   +nan  1.00 | 1.01e+00 5.09e-02 -0.011  1.00 | 2.8e+01 4.6e+00 1.719e+00
#5112  3996   1 | 1.14e+00 0.00e+00   +nan  1.00 | 9.43e-01 4.48e-02 +0.146  0.99 | 3.2e+01 4.9e+00 2.176e+00
#5113  3831   1 | 4.97e-01 0.00e+00   +nan  1.00 | 1.12e+00 7.81e-02 +0.302  0.96 | 2.7e+01 4.5e+00 1.449e+00
#5114  1696   1 | 6.58e-01 0.00e+00   +nan  1.00 | 1.07e+00 5.22e-02 +0.097  0.99 | 5.0e+01 4.7e+00 1.569e+00
#5115  1462   1 | 5.54e-01 0.00e+00   +nan  1.00 | 1.04e+00 5.62e-02 +0.075  0.99 | 4.3e+01 4.9e+00 1.388e+00
#5116   150   1 | 5.12e-01 0.00e+00   +nan  1.00 | 9.97e-01 7.73e-02 +0.040  1.00 | 3.1e+01 4.8e+00 1.256e+00
#5117  2141   1 | 1.20e+00 0.00e+00   +nan  1.00 | 9.11e-01 4.53e-02 +0.077  0.99 | 4.4e+01 4.7e+00 2.275e+00
#5118  4762   1 | 6.88e-01 0.00e+00   +nan  1.00 | 1.09e+00 3.87e-01 +0.293  0.92 | 3.5e+01 5.8e+00 1.559e+00
#5119  1313   1 | 1.09e+00 0.00e+00   +nan  1.00 | 9.37e-01 7.27e-02 +0.043  1.00 | 3.8e+01 4.8e+00 2.061e+00
#5120  2579   1 | 9.79e-01 0.00e+00   +nan  1.00 | 1.04e+00 1.62e-01 +0.091  1.00 | 3.3e+01 5.8e+00 2.041e+00
#5121   437   1 | 1.22e+00 0.00e+00   +nan  1.00 | 1.10e+00 8.78e-02 +0.115  0.99 | 3.3e+01 4.6e+00 2.701e+00
#5122  4781   1 | 1.36e+00 0.00e+00   +nan  1.00 | 1.00e+00 2.74e-01 +0.320  0.90 | 3.6e+01 4.7e+00 2.750e+00
#5123  3642   1 | 9.84e-01 0.00e+00   +nan  1.00 | 1.07e+00 2.28e-01 +0.131  0.99 | 3.1e+01 4.4e+00 2.110e+00
#5124   548   1 | 7.71e-01 0.00e+00   +nan  1.00 | 9.59e-01 1.00e-01 -0.021  1.02 | 4.0e+01 4.5e+00 1.527e+00
#5125    75   1 | 1.11e+00 0.00e+00   +nan  1.00 | 9.80e-01 1.47e-01 -0.021  1.03 | 2.6e+01 5.0e+00 2.230e+00
#5126   158   1 | 8.26e-01 0.00e+00   +nan  1.00 | 9.54e-01 1.03e-01 +0.132  0.98 | 3.0e+01 4.8e+00 1.576e+00
#5127  4589   1 | 1.65e+00 0.00e+00   +nan  1.00 | 9.65e-01 2.17e-01 +0.058  1.02 | 3.2e+01 4.4e+00 3.680e+00
#5128  4540   1 | 1.01e+00 0.00e+00   +nan  1.00 | 1.13e+00 1.44e-01 +0.189  0.97 | 3.5e+01 4.3e+00 2.275e+00
#5129   555   1 | 1.08e+00 0.00e+00   +nan  1.00 | 1.04e+00 7.28e-02 +0.014  1.00 | 3.7e+01 4.8e+00 2.257e+00
#5130  2580   1 | 1.10e+00 0.00e+00   +nan  1.00 | 1.08e+00 7.96e-02 +0.132  0.99 | 4.0e+01 4.5e+00 2.356e+00
#5131  1713   1 | 1.13e+00 0.00e+00   +nan  1.00 | 1.05e+00 5.76e-02 +0.187  0.98 | 5.5e+01 4.9e+00 2.367e+00
#5132  2820   1 | 9.61e-01 0.00e+00   +nan  1.00 | 1.03e+00 5.06e-02 +0.042  1.00 | 3.9e+01 4.4e+00 1.986e+00
#5133  1625   1 | 1.20e+00 0.00e+00   +nan  1.00 | 1.05e+00 7.84e-02 +0.077  0.99 | 5.3e+01 5.4e+00 2.553e+00
#5134  2720   1 | 1.08e+00 0.00e+00   +nan  1.00 | 9.68e-01 8.97e-02 +0.043  1.00 | 3.6e+01 4.8e+00 2.102e+00
#5135  2901   1 | 9.60e-01 0.00e+00   +nan  1.00 | 1.06e+00 7.88e-02 +0.235  0.97 | 3.4e+01 4.4e+00 2.020e+00
#5136  3006   1 | 1.18e+00 0.00e+00   +nan  1.00 | 9.58e-01 7.26e-02 -0.003  1.01 | 3.7e+01 4.7e+00 2.312e+00
#5137   885   1 | 1.17e+00 0.00e+00   +nan  1.00 | 1.17e+00 6.52e-02 +0.144  0.99 | 5.0e+01 5.0e+00 2.717e+00
#5138  4454   1 | 1.14e+00 0.00e+00   +nan  1.00 | 9.75e-01 1.40e-01 +0.272  0.94 | 4.2e+01 5.9e+00 2.189e+00
#5139  1227   1 | 9.98e-01 0.00e+00   +nan  1.00 | 9.45e-01 7.05e-02 -0.066  1.02 | 4.8e+01 4.7e+00 1.904e+00
#5140  1101   1 | 1.14e+00 0.00e+00   +nan  1.00 | 9.88e-01 8.17e-02 -0.025  1.01 | 5.2e+01 5.2e+00 2.290e+00
#5141  4679   1 | 1.30e+00 0.00e+00   +nan  1.00 | 1.08e+00 2.36e-01 +0.246  0.94 | 4.0e+01 4.6e+00 2.793e+00
#5142  1165   1 | 1.40e+00 0.00e+00   +nan  1.00 | 1.01e+00 7.99e-02 -0.165  1.03 | 5.1e+01 4.6e+00 3.024e+00
#5143  3385   1 | 8.73e-01 0.00e+00   +nan  1.00 | 9.10e-01 1.34e-01 +0.137  0.98 | 3.5e+01 4.9e+00 1.575e+00
#5144   285   1 | 8.24e-01 0.00e+00   +nan  1.00 | 9.42e-01 6.06e-02 +0.015  1.00 | 4.0e+01 4.6e+00 1.568e+00
#5145  3744   1 | 5.92e-01 0.00e+00   +nan  1.00 | 1.05e+00 1.02e-01 +0.109  0.99 | 3.5e+01 4.3e+00 1.445e+00
#5146  3547   1 | 9.79e-01 0.00e+00   +nan  1.00 | 1.07e+00 9.55e-02 +0.053  1.00 | 4.1e+01 4.1e+00 2.112e+00
#5147   431   1 | 9.98e-01 0.00e+00   +nan  1.00 | 8.61e-01 3.79e-02 +0.090  0.99 | 4.4e+01 4.7e+00 1.733e+00
#5148  1615   1 | 1.30e+00 0.00e+00   +nan  1.00 | 1.09e+00 5.90e-02 +0.042  1.00 | 5.3e+01 4.7e+00 2.899e+00
#5149  2217   1 | 9.08e-01 0.00e+00   +nan  1.00 | 9.18e-01 4.70e-02 +0.107  0.99 | 5.2e+01 4.6e+00 1.659e+00
#5150  1193   1 | 7.38e-01 0.00e+00   +nan  1.00 | 9.49e-01 4.16e-02 +0.072  1.00 | 5.5e+01 4.6e+00 1.442e+00
#5151  3575   1 | 1.29e+00 0.00e+00   +nan  1.00 | 1.04e+00 6.23e-02 +0.147  0.99 | 3.7e+01 4.5e+00 2.728e+00
#5152  1933   1 | 1.32e+00 0.00e+00   +nan  1.00 | 1.12e+00 3.19e-02 -0.068  1.00 | 5.5e+01 4.8e+00 3.004e+00
#5153  4061   1 | 1.01e+00 0.00e+00   +nan  1.00 | 1.08e+00 5.69e-02 +0.091  0.99 | 3.1e+01 4.8e+00 2.180e+00
#5154  3516   1 | 9.06e-01 0.00e+00   +nan  1.00 | 9.15e-01 5.18e-02 -0.111  1.02 | 3.6e+01 4.6e+00 1.671e+00
#5155  3259   1 | 1.30e+00 0.00e+00   +nan  1.00 | 9.64e-01 5.13e-02 -0.098  1.01 | 4.2e+01 4.8e+00 2.629e+00
#5156   400   1 | 9.23e-01 0.00e+00   +nan  1.00 | 9.51e-01 2.48e-02 -0.132  1.01 | 4.7e+01 4.4e+00 1.763e+00
#5157   482   1 | 5.96e-01 0.00e+00   +nan  1.00 | 1.08e+00 4.24e-02 -0.065  1.01 | 4.9e+01 5.5e+00 1.538e+00
#5158  2569   1 | 1.12e+00 0.00e+00   +nan  1.00 | 1.01e+00 3.29e-02 +0.143  0.99 | 5.0e+01 4.7e+00 2.268e+00
#5159  3732   1 | 1.40e+00 0.00e+00   +nan  1.00 | 1.03e+00 6.75e-02 +0.097  0.99 | 3.1e+01 5.1e+00 2.999e+00
#5160  3889   1 | 1.02e+00 0.00e+00   +nan  1.00 | 9.92e-01 3.63e-02 +0.178  0.99 | 3.2e+01 4.6e+00 2.008e+00
#5161   940   1 | 1.08e+00 0.00e+00   +nan  1.00 | 9.93e-01 2.32e-02 +0.039  1.00 | 6.5e+01 4.9e+00 2.152e+00
#5162  4511   1 | 1.32e+00 0.00e+00   +nan  1.00 | 1.02e+00 5.28e-02 +0.196  0.98 | 3.2e+01 4.8e+00 2.769e+00
#5163  2203   1 | 1.10e+00 0.00e+00   +nan  1.00 | 9.82e-01 2.45e-02 -0.050  1.00 | 5.9e+01 4.7e+00 2.184e+00
#5164  1708   1 | 1.23e+00 0.00e+00   +nan  1.00 | 9.89e-01 2.11e-02 -0.025  1.00 | 6.9e+01 4.6e+00 2.495e+00
#5165  1607   1 | 4.70e-01 0.00e+00   +nan  1.00 | 9.87e-01 2.29e-02 +0.176  0.99 | 6.9e+01 4.7e+00 1.188e+00
#5166  1852   1 | 5.70e-01 0.00e+00   +nan  1.00 | 9.77e-01 2.15e-02 -0.010  1.00 | 6.6e+01 4.7e+00 1.281e+00
#5167  3848   1 | 1.04e+00 0.00e+00   +nan  1.00 | 1.03e+00 5.18e-02 +0.121  0.99 | 3.4e+01 5.0e+00 2.140e+00
#5168  3774   1 | 1.09e+00 0.00e+00   +nan  1.00 | 1.13e+00 4.64e-02 +0.151  0.99 | 4.1e+01 4.8e+00 2.448e+00
#5169   953   1 | 1.04e+00 0.00e+00   +nan  1.00 | 1.02e+00 2.13e-02 +0.105  1.00 | 5.9e+01 4.6e+00 2.123e+00
#5170  2474   1 | 9.64e-01 0.00e+00   +nan  1.00 | 9.60e-01 3.39e-02 +0.232  0.98 | 5.4e+01 5.1e+00 1.837e+00
#5171   186   1 | 1.31e+00 0.00e+00   +nan  1.00 | 1.01e+00 3.91e-02 +0.179  0.99 | 4.0e+01 5.1e+00 2.733e+00
#5172  4740   1 | 1.12e+00 0.00e+00   +nan  1.00 | 1.02e+00 2.43e-01 +0.417  0.86 | 2.6e+01 4.8e+00 2.144e+00
#5173   915   1 | 9.69e-01 0.00e+00   +nan  1.00 | 1.06e+00 2.96e-02 -0.023  1.00 | 5.7e+01 4.6e+00 2.061e+00
#5174  2974   1 | 1.05e+00 0.00e+00   +nan  1.00 | 8.36e-01 3.35e-02 +0.175  0.99 | 3.7e+01 3.8e+00 1.788e+00
#5175  3490   1 | 1.12e+00 0.00e+00   +nan  1.00 | 1.06e+00 8.14e-02 +0.127  0.99 | 3.9e+01 4.7e+00 2.355e+00
#5176  4507   1 | 1.30e+00 0.00e+00   +nan  1.00 | 9.27e-01 9.82e-02 +0.168  0.98 | 3.8e+01 4.8e+00 2.530e+00
#5177  4913   1 | 5.28e-01 0.00e+00   +nan  1.00 | 1.03e+00 1.28e-01 +0.268  0.95 | 2.7e+01 4.7e+00 1.282e+00
#5178   643   1 | 6.23e-01 0.00e+00   +nan  1.00 | 1.03e+00 5.65e-02 +0.061  1.00 | 4.7e+01 5.0e+00 1.443e+00
#5179  2109   1 | 1.08e+00 0.00e+00   +nan  1.00 | 9.97e-01 8.53e-02 +0.009  1.01 | 6.0e+01 5.4e+00 2.156e+00
#5180  4573   1 | 1.24e+00 0.00e+00   +nan  1.00 | 9.89e-01 2.09e-01 +0.019  1.04 | 3.6e+01 4.8e+00 2.549e+00
#5181  1818   1 | 1.18e+00 0.00e+00   +nan  1.00 | 9.58e-01 6.54e-02 -0.031  1.01 | 5.9e+01 4.4e+00 2.315e+00
#5182   523   1 | 1.07e+00 0.00e+00   +nan  1.00 | 9.70e-01 5.93e-02 +0.111  0.99 | 4.7e+01 4.0e+00 2.079e+00
#5183  2804   1 | 8.30e-01 0.00e+00   +nan  1.00 | 1.01e+00 1.19e-01 +0.041  1.00 | 3.9e+01 4.9e+00 1.719e+00
#5184  1681   1 | 1.22e+00 0.00e+00   +nan  1.00 | 1.10e+00 5.22e-02 +0.045  1.00 | 6.4e+01 3.8e+00 2.712e+00
#5185  4882   1 | 1.33e+00 0.00e+00   +nan  1.00 | 1.01e+00 2.90e-01 +0.282  0.92 | 2.7e+01 5.1e+00 2.719e+00
#5186   651   1 | 1.32e+00 0.00e+00   +nan  1.00 | 1.12e+00 5.86e-02 -0.075  1.01 | 4.6e+01 4.4e+00 3.020e+00
#5187   619   1 | 1.13e+00 0.00e+00   +nan  1.00 | 1.05e+00 7.65e-02 +0.172  0.98 | 4.9e+01 5.1e+00 2.370e+00
#5188  2826   1 | 8.63e-01 0.00e+00   +nan  1.00 | 9.10e-01 6.94e-02 +0.163  0.98 | 4.3e+01 4.6e+00 1.556e+00
#5189    93   1 | 1.00e+00 0.00e+00   +nan  1.00 | 1.07e+00 6.56e-02 +0.053  1.00 | 3.8e+01 4.8e+00 2.159e+00
#5190   860   1 | 1.29e+00 0.00e+00   +nan  1.00 | 9.64e-01 6.41e-02 +0.121  0.99 | 4.9e+01 4.5e+00 2.595e+00
#5191  4004   1 | 1.29e+00 0.00e+00   +nan  1.00 | 1.04e+00 8.58e-02 +0.096  0.99 | 3.7e+01 4.7e+00 2.732e+00
#5192  4136   1 | 9.82e-01 0.00e+00   +nan  1.00 | 9.60e-01 9.64e-02 +0.173  0.98 | 3.4e+01 4.8e+00 1.864e+00
#5193   263   1 | 1.38e+00 0.00e+00   +nan  1.00 | 1.03e+00 6.55e-02 -0.032  1.01 | 4.3e+01 4.9e+00 2.964e+00
#5194  1792   1 | 1.29e+00 0.00e+00   +nan  1.00 | 1.08e+00 8.66e-02 +0.045  1.00 | 7.2e+01 4.9e+00 2.829e+00
#5195  2318   1 | 1.30e+00 0.00e+00   +nan  1.00 | 1.09e+00 6.56e-02 +0.121  0.99 | 6.2e+01 4.7e+00 2.882e+00
#5196  3431   1 | 5.80e-01 0.00e+00   +nan  1.00 | 9.77e-01 1.00e-01 +0.051  1.00 | 5.5e+01 4.4e+00 1.292e+00
#5197  4636   1 | 1.05e+00 0.00e+00   +nan  1.00 | 1.02e+00 2.18e-01 +0.308  0.91 | 4.1e+01 4.9e+00 2.056e+00
#5198    89   1 | 9.70e-01 0.00e+00   +nan  1.00 | 1.06e+00 5.51e-02 -0.062  1.01 | 4.7e+01 4.5e+00 2.070e+00
#5199  3315   1 | 1.09e+00 0.00e+00   +nan  1.00 | 1.02e+00 1.15e-01 +0.268  0.95 | 4.0e+01 5.0e+00 2.177e+00
#5200   944   1 | 7.38e-01 0.00e+00   +nan  1.00 | 9.49e-01 9.33e-02 +0.031  1.00 | 5.7e+01 5.1e+00 1.449e+00
#5201  1128   1 | 6.58e-01 0.00e+00   +nan  1.00 | 1.07e+00 7.34e-02 -0.127  1.02 | 5.4e+01 4.4e+00 1.602e+00
#5202    82   1 | 1.07e+00 0.00e+00   +nan  1.00 | 1.03e+00 7.02e-02 +0.006  1.00 | 4.2e+01 4.8e+00 2.208e+00
#5203   777   1 | 1.04e+00 0.00e+00   +nan  1.00 | 8.36e-01 7.12e-02 -0.075  1.02 | 5.4e+01 4.8e+00 1.797e+00
#5204   179   1 | 4.70e-01 0.00e+00   +nan  1.00 | 9.87e-01 6.99e-02 -0.030  1.01 | 4.4e+01 5.1e+00 1.204e+00
#5205  3626   1 | 1.12e+00 0.00e+00   +nan  1.00 | 1.06e+00 1.27e-01 -0.021  1.02 | 3.5e+01 4.9e+00 2.396e+00
#5206  1332   1 | 1.08e+00 0.00e+00   +nan  1.00 | 9.97e-01 7.07e-02 -0.078  1.02 | 5.6e+01 4.9e+00 2.169e+00
#5207   786   1 | 5.96e-01 0.00e+00   +nan  1.00 | 1.08e+00 5.44e-02 +0.045  1.00 | 4.9e+01 4.2e+00 1.528e+00
#5208   856   1 | 1.40e+00 0.00e+00   +nan  1.00 | 1.01e+00 4.98e-02 -0.041  1.01 | 5.0e+01 4.7e+00 2.998e+00
#5209  3763   1 | 4.98e-01 0.00e+00   +nan  1.00 | 1.12e+00 9.45e-02 +0.336  0.95 | 3.4e+01 5.0e+00 1.434e+00
#5210  3206   1 | 7.35e-01 0.00e+00   +nan  1.00 | 9.46e-01 8.43e-02 +0.206  0.97 | 4.0e+01 5.5e+00 1.410e+00
#5211  2830   1 | 9.71e-01 0.00e+00   +nan  1.00 | 1.02e+00 4.64e-02 +0.028  1.00 | 3.6e+01 4.3e+00 1.978e+00
#5212  2447   1 | 7.04e-01 0.00e+00   +nan  1.00 | 1.00e+00 6.11e-02 +0.207  0.98 | 5.4e+01 5.1e+00 1.479e+00
#5213  2963   1 | 1.00e+00 0.00e+00   +nan  1.00 | 8.61e-01 6.91e-02 +0.180  0.98 | 4.4e+01 5.3e+00 1.727e+00
#5214  3009   1 | 8.98e-01 0.00e+00   +nan  1.00 | 9.15e-01 6.00e-02 -0.026  1.01 | 3.9e+01 4.9e+00 1.649e+00
#5215  2224   1 | 1.14e+00 0.00e+00   +nan  1.00 | 9.75e-01 5.91e-02 +0.077  0.99 | 5.5e+01 5.1e+00 2.240e+00
#5216  2873   1 | 1.08e+00 0.00e+00   +nan  1.00 | 9.68e-01 6.30e-02 +0.028  1.00 | 3.8e+01 4.6e+00 2.100e+00
#5217  1436   1 | 1.65e+00 0.00e+00   +nan  1.00 | 9.65e-01 5.26e-02 +0.041  1.00 | 5.8e+01 4.9e+00 3.666e+00
#5218  4434   1 | 1.13e+00 0.00e+00   +nan  1.00 | 1.01e+00 1.09e-01 +0.275  0.95 | 3.8e+01 5.1e+00 2.239e+00
#5219  4712   1 | 1.09e+00 0.00e+00   +nan  1.00 | 1.08e+00 2.10e-01 +0.277  0.93 | 3.4e+01 4.5e+00 2.288e+00
#5220   185   1 | 1.03e+00 0.00e+00   +nan  1.00 | 9.92e-01 7.16e-02 +0.084  0.99 | 3.7e+01 5.0e+00 2.028e+00
#5221  1766   1 | 1.12e+00 0.00e+00   +nan  1.00 | 1.13e+00 7.48e-02 +0.048  1.00 | 6.7e+01 5.0e+00 2.535e+00
#5222  3720   1 | 1.32e+00 0.00e+00   +nan  1.00 | 1.00e+00 2.53e-01 +0.124  1.00 | 3.0e+01 4.8e+00 2.755e+00
#5223   164   1 | 1.02e+00 0.00e+00   +nan  1.00 | 1.13e+00 6.62e-02 +0.026  1.00 | 3.6e+01 4.5e+00 2.319e+00
#5224   731   1 | 6.23e-01 0.00e+00   +nan  1.00 | 1.03e+00 8.47e-02 +0.079  0.99 | 5.4e+01 4.9e+00 1.440e+00
#5225  1224   1 | 9.57e-01 0.00e+00   +nan  1.00 | 1.07e+00 8.38e-02 +0.081  0.99 | 4.9e+01 4.8e+00 2.064e+00
#5226  2400   1 | 1.09e+00 0.00e+00   +nan  1.00 | 9.37e-01 1.08e-01 -0.066  1.03 | 4.6e+01 5.0e+00 2.096e+00
#5227  3554   1 | 1.29e+00 0.00e+00   +nan  1.00 | 9.27e-01 1.55e-01 +0.182  0.97 | 3.8e+01 5.4e+00 2.491e+00
#5228  1852   1 | 5.79e-01 0.00e+00   +nan  1.00 | 1.05e+00 7.34e-02 +0.114  0.99 | 5.7e+01 4.6e+00 1.431e+00
#5229  2205   1 | 9.18e-01 0.00e+00   +nan  1.00 | 9.51e-01 8.44e-02 -0.109  1.03 | 5.1e+01 4.9e+00 1.771e+00
#5230  4600   1 | 4.42e-01 0.00e+00   +nan  1.00 | 1.00e+00 2.28e-01 +0.172  0.97 | 4.0e+01 4.8e+00 1.172e+00
#5231  1586   1 | 5.47e-01 0.00e+00   +nan  1.00 | 1.03e+00 6.42e-02 +0.053  1.00 | 5.5e+01 4.6e+00 1.355e+00
#5232  3157   1 | 7.86e-01 0.00e+00   +nan  1.00 | 9.59e-01 9.18e-02 +0.197  0.97 | 3.9e+01 4.8e+00 1.511e+00
#5233  2323   1 | 1.17e+00 0.00e+00   +nan  1.00 | 1.17e+00 5.49e-02 +0.284  0.98 | 5.0e+01 4.5e+00 2.699e+00
#5234  3736   1 | 1.08e+00 0.00e+00   +nan  1.00 | 9.80e-01 1.75e-01 +0.178  0.97 | 3.2e+01 5.1e+00 2.107e+00
#5235  4645   1 | 9.05e-01 0.00e+00   +nan  1.00 | 9.18e-01 2.34e-01 +0.268  0.93 | 3.7e+01 4.6e+00 1.601e+00
#5236   111   1 | 1.21e+00 0.00e+00   +nan  1.00 | 9.11e-01 8.04e-02 +0.010  1.01 | 4.0e+01 5.4e+00 2.295e+00
#5237  4295   1 | 9.68e-01 0.00e+00   +nan  1.00 | 1.06e+00 1.16e-01 +0.305  0.95 | 4.0e+01 4.8e+00 2.007e+00
#5238    96   1 | 1.14e+00 0.00e+00   +nan  1.00 | 9.88e-01 6.07e-02 -0.059  1.01 | 3.6e+01 4.7e+00 2.292e+00
#5239  3061   1 | 1.32e+00 0.00e+00   +nan  1.00 | 1.02e+00 7.75e-02 +0.100  0.99 | 3.4e+01 4.7e+00 2.767e+00
#5240  3839   1 | 1.04e+00 0.00e+00   +nan  1.00 | 1.04e+00 1.19e-01 +0.114  0.99 | 3.7e+01 4.8e+00 2.145e+00
#5241  2718   1 | 1.14e+00 0.00e+00   +nan  1.00 | 9.43e-01 1.04e-01 +0.076  1.00 | 4.4e+01 5.1e+00 2.195e+00
#5242  2445   1 | 1.04e+00 0.00e+00   +nan  1.00 | 1.08e+00 9.96e-02 +0.094  0.99 | 5.0e+01 4.9e+00 2.247e+00
#5243  4043   1 | 7.29e-01 0.00e+00   +nan  1.00 | 1.09e+00 1.76e-01 +0.204  0.96 | 3.6e+01 5.4e+00 1.669e+00
#5244  3114   1 | 9.85e-01 0.00e+00   +nan  1.00 | 1.04e+00 1.08e-01 +0.185  0.97 | 3.6e+01 4.7e+00 2.026e+00
#5245  3792   1 | 1.02e+00 0.00e+00   +nan  1.00 | 9.45e-01 1.29e-01 +0.087  0.99 | 3.8e+01 4.9e+00 1.936e+00
#5246  3497   1 | 1.07e+00 0.00e+00   +nan  1.00 | 9.93e-01 1.59e-01 +0.095  1.00 | 3.9e+01 4.6e+00 2.122e+00
#5247   285   1 | 8.26e-01 0.00e+00   +nan  1.00 | 9.54e-01 6.88e-02 -0.062  1.01 | 4.1e+01 4.5e+00 1.604e+00
#5248  1867   1 | 5.13e-01 0.00e+00   +nan  1.00 | 9.97e-01 8.90e-02 +0.052  1.00 | 5.1e+01 4.7e+00 1.256e+00
#5249  4622   1 | 1.21e+00 0.00e+00   +nan  1.00 | 1.05e+00 2.39e-01 +0.259  0.93 | 3.8e+01 4.9e+00 2.509e+00
#5250  3575   1 | 5.80e-01 0.00e+00   +nan  1.00 | 1.04e+00 1.34e-01 +0.211  0.96 | 3.9e+01 4.8e+00 1.381e+00
#5251  1654   1 | 9.64e-01 0.00e+00   +nan  1.00 | 1.03e+00 9.51e-02 +0.050  1.00 | 5.4e+01 4.7e+00 1.993e+00
#5252  3196   1 | 1.09e+00 0.00e+00   +nan  1.00 | 9.82e-01 1.01e-01 +0.017  1.01 | 3.6e+01 4.3e+00 2.151e+00
#5253  4390   1 | 8.31e-01 0.00e+00   +nan  1.00 | 9.42e-01 1.55e-01 +0.314  0.92 | 3.8e+01 4.7e+00 1.510e+00
#5254  4109   1 | 1.08e+00 0.00e+00   +nan  1.00 | 9.68e-01 1.83e-01 +0.189  0.96 | 3.8e+01 5.3e+00 2.066e+00
#5255  1131   1 | 1.65e+00 0.00e+00   +nan  1.00 | 9.65e-01 7.37e-02 -0.107  1.02 | 4.9e+01 4.5e+00 3.687e+00
#5256  3429   1 | 6.59e-01 0.00e+00   +nan  1.00 | 1.07e+00 1.46e-01 +0.213  0.96 | 4.7e+01 4.5e+00 1.533e+00
#5257  2787   1 | 1.07e+00 0.00e+00   +nan  1.00 | 1.04e+00 1.11e-01 +0.062  1.00 | 3.8e+01 4.6e+00 2.222e+00
#5258  4982   1 | 7.26e-01 0.00e+00   +nan  1.00 | 9.49e-01 2.69e-01 +0.441  0.83 | 3.1e+01 4.8e+00 1.275e+00
#5259  4689   1 | 8.39e-01 0.00e+00   +nan  1.00 | 9.10e-01 2.62e-01 +0.202  0.97 | 3.7e+01 4.7e+00 1.504e+00
#5260   480   1 | 1.35e+00 0.00e+00   +nan  1.00 | 1.00e+00 8.90e-02 -0.069  1.02 | 4.1e+01 4.8e+00 2.839e+00
#5261  4744   1 | 1.15e+00 0.00e+00   +nan  1.00 | 9.88e-01 3.10e-01 +0.222  0.96 | 3.2e+01 5.2e+00 2.256e+00
#5262  4023   1 | 1.23e+00 0.00e+00   +nan  1.00 | 1.10e+00 1.03e-01 +0.245  0.96 | 3.8e+01 4.6e+00 2.695e+00
#5263   833   1 | 5.96e-01 0.00e+00   +nan  1.00 | 1.08e+00 6.32e-02 -0.043  1.01 | 3.9e+01 4.9e+00 1.540e+00
#5264   158   1 | 9.98e-01 0.00e+00   +nan  1.00 | 9.45e-01 6.58e-02 -0.031  1.01 | 3.1e+01 4.8e+00 1.899e+00
#5265  1879   1 | 1.32e+00 0.00e+00   +nan  1.00 | 1.02e+00 6.25e-02 -0.041  1.01 | 4.7e+01 4.2e+00 2.784e+00
#5266  4820   1 | 7.51e-01 0.00e+00   +nan  1.00 | 9.59e-01 2.42e-01 +0.257  0.93 | 2.8e+01 5.4e+00 1.423e+00
#5267  4644   1 | 1.12e+00 0.00e+00   +nan  1.00 | 1.01e+00 2.52e-01 +0.271  0.93 | 3.4e+01 4.5e+00 2.194e+00
#5268  3162   1 | 1.06e+00 0.00e+00   +nan  1.00 | 1.03e+00 1.09e-01 +0.075  1.00 | 2.7e+01 4.5e+00 2.169e+00
#5269  1985   1 | 1.07e+00 0.00e+00   +nan  1.00 | 9.70e-01 5.29e-02 +0.109  0.99 | 4.3e+01 4.5e+00 2.084e+00
#5270   230   1 | 1.04e+00 0.00e+00   +nan  1.00 | 8.36e-01 4.84e-02 -0.083  1.01 | 3.3e+01 5.0e+00 1.793e+00
#5271  3211   1 | 9.01e-01 0.00e+00   +nan  1.00 | 9.51e-01 1.16e-01 +0.046  1.00 | 3.0e+01 5.5e+00 1.719e+00
#5272    55   1 | 5.12e-01 0.00e+00   +nan  1.00 | 9.97e-01 4.35e-02 +0.065  1.00 | 3.4e+01 4.8e+00 1.252e+00
#5273  3835   1 | 1.10e+00 0.00e+00   +nan  1.00 | 1.08e+00 6.10e-02 +0.224  0.98 | 3.1e+01 5.0e+00 2.357e+00
#5274  3417   1 | 1.10e+00 0.00e+00   +nan  1.00 | 1.13e+00 6.17e-02 +0.091  0.99 | 3.1e+01 4.4e+00 2.476e+00
#5275  1905   1 | 8.90e-01 0.00e+00   +nan  1.00 | 9.15e-01 3.04e-02 +0.001  1.00 | 4.7e+01 4.2e+00 1.630e+00
#5276  2294   1 | 9.62e-01 0.00e+00   +nan  1.00 | 1.06e+00 4.90e-02 +0.101  0.99 | 4.2e+01 5.4e+00 2.049e+00
#5277  4454   1 | 1.19e+00 0.00e+00   +nan  1.00 | 9.58e-01 6.23e-02 +0.083  0.99 | 3.3e+01 4.8e+00 2.316e+00
#5278  4772   1 | 1.30e+00 0.00e+00   +nan  1.00 | 9.27e-01 3.04e-01 +0.286  0.92 | 2.5e+01 5.3e+00 2.479e+00
#5279  1510   1 | 1.32e+00 0.00e+00   +nan  1.00 | 1.12e+00 3.19e-02 -0.003  1.00 | 4.7e+01 5.0e+00 3.004e+00
#5280  1730   1 | 9.99e-01 0.00e+00   +nan  1.00 | 8.61e-01 3.64e-02 +0.059  1.00 | 5.2e+01 4.8e+00 1.736e+00
#5281     7   1 | 1.05e+00 1.91e-21 +0.802  1.00 | 1.08e+00 3.46e-02 -0.062  1.00 | 2.6e+01 4.8e+00 2.282e+00
#5282  3164   1 | 1.19e+00 0.00e+00   +nan  1.00 | 9.11e-01 4.44e-02 +0.155  0.99 | 2.9e+01 4.7e+00 2.233e+00
#5283  4152   1 | 5.58e-01 0.00e+00   +nan  1.00 | 1.03e+00 6.94e-02 +0.248  0.97 | 2.5e+01 5.0e+00 1.340e+00
#5284  1984   1 | 1.13e+00 0.00e+00   +nan  1.00 | 1.05e+00 3.41e-02 +0.107  0.99 | 4.4e+01 4.6e+00 2.376e+00
#5285    48   1 | 8.22e-01 0.00e+00   +nan  1.00 | 1.01e+00 4.96e-02 +0.037  1.00 | 3.5e+01 5.0e+00 1.700e+00
#5286  1403   1 | 1.02e+00 0.00e+00   +nan  1.00 | 9.92e-01 4.36e-02 +0.064  1.00 | 4.6e+01 4.9e+00 2.029e+00
#5287  4021   1 | 9.09e-01 0.00e+00   +nan  1.00 | 9.18e-01 5.43e-02 +0.010  1.00 | 3.5e+01 4.7e+00 1.670e+00
#5288  1830   1 | 7.02e-01 0.00e+00   +nan  1.00 | 1.00e+00 4.63e-02 -0.015  1.00 | 4.7e+01 4.5e+00 1.501e+00
#5289  3916   1 | 9.94e-01 0.00e+00   +nan  1.00 | 1.06e+00 1.64e-01 +0.098  0.99 | 2.4e+01 5.6e+00 2.101e+00
#5290  1402   1 | 7.05e-01 0.00e+00   +nan  1.00 | 1.09e+00 3.71e-02 +0.013  1.00 | 4.6e+01 3.9e+00 1.681e+00
#5291  1559   1 | 1.02e+00 0.00e+00   +nan  1.00 | 1.13e+00 3.32e-02 -0.099  1.01 | 4.8e+01 4.5e+00 2.328e+00
#5292  4344   1 | 1.31e+00 0.00e+00   +nan  1.00 | 1.04e+00 9.00e-02 +0.209  0.97 | 2.8e+01 4.8e+00 2.748e+00
#5293  2836   1 | 1.30e+00 0.00e+00   +nan  1.00 | 9.64e-01 5.74e-02 -0.002  1.00 | 2.8e+01 4.5e+00 2.616e+00
#5294  3682   1 | 1.07e+00 0.00e+00   +nan  1.00 | 9.82e-01 9.27e-02 +0.099  0.99 | 2.8e+01 5.0e+00 2.100e+00
#5295  3106   1 | 8.38e-01 0.00e+00   +nan  1.00 | 9.42e-01 9.66e-02 +0.117  0.99 | 2.6e+01 5.0e+00 1.578e+00
#5296  3655   1 | 1.08e+00 0.00e+00   +nan  1.00 | 1.02e+00 1.22e-01 +0.322  0.94 | 2.6e+01 5.0e+00 2.145e+00
#5297     5   1 | 1.40e+00 0.00e+00   +nan  1.00 | 1.01e+00 6.42e-02 +0.078  0.99 | 2.8e+01 5.3e+00 2.986e+00
#5298  1906   1 | 1.31e+00 0.00e+00   +nan  1.00 | 1.01e+00 7.56e-02 +0.107  0.99 | 4.3e+01 5.1e+00 2.726e+00
#5299  3041   1 | 1.10e+00 0.00e+00   +nan  1.00 | 9.80e-01 1.16e-01 +0.098  0.99 | 2.4e+01 4.6e+00 2.162e+00
#5300  4786   1 | 1.17e+00 0.00e+00   +nan  1.00 | 1.17e+00 1.89e-01 +0.276  0.94 | 3.1e+01 4.2e+00 2.652e+00
#5301  4699   1 | 1.05e+00 0.00e+00   +nan  1.00 | 1.02e+00 2.91e-01 +0.407  0.85 | 3.2e+01 5.0e+00 1.990e+00
#5302  4234   1 | 1.10e+00 0.00e+00   +nan  1.00 | 9.37e-01 1.65e-01 +0.076  1.00 | 2.6e+01 4.4e+00 2.089e+00
#5303  4962   1 | 9.67e-01 6.14e-22 +0.323  1.00 | 1.02e+00 2.35e-01 +0.400  0.87 | 2.6e+01 4.6e+00 1.835e+00
#5304  3800   1 | 1.07e+00 0.00e+00   +nan  1.00 | 9.93e-01 2.18e-01 +0.292  0.92 | 2.7e+01 4.8e+00 2.043e+00
#5305  4431   1 | 1.31e+00 0.00e+00   +nan  1.00 | 1.09e+00 2.87e-01 +0.300  0.91 | 3.2e+01 4.9e+00 2.801e+00
#5306  3715   1 | 1.20e+00 0.00e+00   +nan  1.00 | 9.89e-01 2.71e-01 +0.018  1.07 | 2.7e+01 4.8e+00 2.492e+00
#5307  4742   1 | 5.71e-01 0.00e+00   +nan  1.00 | 1.05e+00 3.17e-01 +0.235  0.95 | 3.2e+01 5.3e+00 1.378e+00
#5308  4383   1 | 9.83e-01 0.00e+00   +nan  1.00 | 1.04e+00 3.23e-01 +0.387  0.86 | 2.7e+01 5.3e+00 1.898e+00
#5309  1585   1 | 7.29e-01 0.00e+00   +nan  1.00 | 9.46e-01 1.75e-01 +0.153  0.98 | 3.4e+01 4.6e+00 1.406e+00
#5310  3921   1 | 6.44e-01 0.00e+00   +nan  1.00 | 1.03e+00 2.58e-01 +0.322  0.90 | 2.6e+01 5.1e+00 1.369e+00
#5311  3429   1 | 1.39e+00 0.00e+00   +nan  1.00 | 1.03e+00 2.39e-01 +0.098  1.01 | 3.9e+01 4.5e+00 3.003e+00
#5312  4949   1 | 9.69e-01 4.10e-19 +0.011  1.00 | 1.03e+00 3.47e-01 +0.221  0.96 | 3.8e+01 5.4e+00 1.966e+00
#5313  1924   1 | 9.59e-01 0.00e+00   +nan  1.00 | 1.07e+00 2.33e-01 +0.034  1.03 | 3.4e+01 5.0e+00 2.112e+00
#5314   970   1 | 1.00e+00 0.00e+00   +nan  1.00 | 1.07e+00 1.90e-01 +0.075  1.00 | 3.3e+01 5.0e+00 2.166e+00
#5315  3968   1 | 5.75e-01 0.00e+00   +nan  1.00 | 1.04e+00 2.16e-01 +0.273  0.93 | 2.5e+01 4.9e+00 1.341e+00
#5316  1970   1 | 8.27e-01 0.00e+00   +nan  1.00 | 9.54e-01 1.52e-01 -0.053  1.04 | 3.7e+01 5.3e+00 1.633e+00
#5317  2611   1 | 1.13e+00 0.00e+00   +nan  1.00 | 9.75e-01 1.11e-01 -0.040  1.02 | 2.9e+01 4.4e+00 2.256e+00
#5318  3849   1 | 4.55e-01 0.00e+00   +nan  1.00 | 1.00e+00 1.43e-01 +0.151  0.98 | 2.5e+01 4.5e+00 1.188e+00
#5319  2638   1 | 1.07e+00 0.00e+00   +nan  1.00 | 9.97e-01 5.01e-02 -0.035  1.01 | 3.4e+01 4.6e+00 2.153e+00
#5320   866   1 | 1.20e+00 0.00e+00   +nan  1.00 | 1.05e+00 3.33e-02 -0.154  1.01 | 4.1e+01 4.9e+00 2.576e+00
#5321  2625   1 | 9.65e-01 0.00e+00   +nan  1.00 | 9.60e-01 2.97e-02 +0.070  1.00 | 4.3e+01 4.5e+00 1.849e+00
#5322   962   1 | 1.29e+00 0.00e+00   +nan  1.00 | 1.08e+00 1.46e-02 +0.066  1.00 | 5.8e+01 4.7e+00 2.833e+00
#5323  4685   1 | 5.63e-01 0.00e+00   +nan  1.00 | 9.77e-01 1.90e-01 +0.273  0.93 | 2.4e+01 4.9e+00 1.207e+00
#5324  4072   1 | 4.71e-01 8.12e-22 -0.116  1.00 | 9.87e-01 2.68e-02 +0.167  0.99 | 2.9e+01 5.0e+00 1.189e+00
#5325    25   1 | 1.11e+00 7.26e-12 +0.286  1.00 | 1.06e+00 1.13e-02 -0.200  1.00 | 3.5e+01 4.8e+00 2.353e+00
#5326  1652   1 | 1.15e+00 3.69e-14 +0.020  1.00 | 9.43e-01 9.57e-03 +0.010  1.00 | 6.6e+01 4.5e+00 2.202e+00
#5327  2249   1 | 4.95e-01 4.69e-07 +0.039  1.00 | 1.12e+00 7.10e-03 +0.215  1.00 | 6.3e+01 4.6e+00 1.490e+00
#5328   517   1 | 9.69e-01 6.36e-06 +0.116  1.00 | 1.06e+00 7.11e-03 -0.016  1.00 | 5.4e+01 4.7e+00 2.059e+00
#5329  2913   1 | 5.75e-01 7.19e-11 +0.211  1.00 | 9.77e-01 1.03e-02 +0.083  1.00 | 4.2e+01 4.8e+00 1.284e+00
#5330  4770   1 | 9.42e-01 1.29e-21 +0.458  1.00 | 1.07e+00 8.45e-02 +0.268  0.96 | 2.0e+01 5.2e+00 2.001e+00
#5331   589   1 | 1.08e+00 7.09e-03 -0.533  1.01 | 9.68e-01 5.26e-03 +0.157  1.00 | 6.0e+01 4.4e+00 2.118e+00
#5332  4963   1 | 1.32e+00 3.20e-19 +0.459  1.00 | 1.04e+00 1.21e-01 +0.242  0.96 | 1.7e+01 4.7e+00 2.766e+00
#5333  4754   1 | 9.63e-01 0.00e+00   +nan  1.00 | 1.04e+00 7.79e-02 +0.440  0.94 | 2.4e+01 5.0e+00 1.948e+00
#5334  2033   1 | 4.95e-01 0.00e+00   +nan  1.00 | 1.12e+00 3.20e-02 +0.155  0.99 | 5.8e+01 5.0e+00 1.483e+00
#5335  4596   1 | 9.57e-01 0.00e+00   +nan  1.00 | 9.60e-01 1.08e-01 +0.289  0.95 | 3.2e+01 4.5e+00 1.788e+00
#5336  3826   1 | 1.10e+00 0.00e+00   +nan  1.00 | 9.75e-01 7.32e-02 +0.183  0.98 | 3.9e+01 4.8e+00 2.148e+00
#5337  4876   1 | 9.49e-01 0.00e+00   +nan  1.00 | 9.51e-01 2.40e-01 +0.296  0.91 | 3.1e+01 4.6e+00 1.728e+00
#5338  4693   1 | 1.10e+00 0.00e+00   +nan  1.00 | 1.06e+00 2.82e-01 +0.321  0.90 | 4.3e+01 4.9e+00 2.223e+00
#5339  2542   1 | 6.58e-01 0.00e+00   +nan  1.00 | 1.07e+00 1.10e-01 +0.073  1.00 | 5.3e+01 4.6e+00 1.572e+00
#5340   256   1 | 1.09e+00 0.00e+00   +nan  1.00 | 9.37e-01 1.36e-01 -0.084  1.05 | 4.9e+01 5.2e+00 2.101e+00
#5341   996   1 | 9.71e-01 0.00e+00   +nan  1.00 | 1.02e+00 1.29e-01 +0.000  1.02 | 6.0e+01 5.1e+00 1.996e+00
#5342  2235   1 | 1.04e+00 0.00e+00   +nan  1.00 | 1.08e+00 1.33e-01 +0.070  1.00 | 5.8e+01 4.3e+00 2.259e+00
#5343  1672   1 | 1.29e+00 0.00e+00   +nan  1.00 | 9.27e-01 1.72e-01 +0.040  1.02 | 7.0e+01 4.9e+00 2.552e+00
#5344  4570   1 | 1.12e+00 0.00e+00   +nan  1.00 | 9.80e-01 2.27e-01 +0.181  0.97 | 5.1e+01 4.6e+00 2.186e+00
#5345  1391   1 | 1.35e+00 0.00e+00   +nan  1.00 | 1.00e+00 1.35e-01 +0.046  1.01 | 6.5e+01 4.7e+00 2.821e+00
#5346  1328   1 | 8.22e-01 0.00e+00   +nan  1.00 | 1.01e+00 1.10e-01 +0.109  0.99 | 6.7e+01 4.4e+00 1.689e+00
#5347  3373   1 | 1.17e+00 0.00e+00   +nan  1.00 | 1.17e+00 1.96e-01 +0.152  0.98 | 5.7e+01 4.9e+00 2.696e+00
#5348   544   1 | 8.89e-01 0.00e+00   +nan  1.00 | 9.15e-01 1.17e-01 -0.008  1.02 | 6.3e+01 4.2e+00 1.642e+00
#5349  2220   1 | 1.04e+00 0.00e+00   +nan  1.00 | 8.36e-01 1.12e-01 +0.134  0.98 | 6.8e+01 4.6e+00 1.775e+00
#5350   940   1 | 1.31e+00 0.00e+00   +nan  1.00 | 1.01e+00 1.57e-01 +0.218  0.96 | 7.7e+01 5.7e+00 2.700e+00
#5351  3788   1 | 1.67e+00 0.00e+00   +nan  1.00 | 9.65e-01 1.73e-01 +0.210  0.96 | 5.2e+01 4.5e+00 3.675e+00
#5352   692   1 | 7.71e-01 0.00e+00   +nan  1.00 | 9.59e-01 1.01e-01 +0.029  1.01 | 6.1e+01 4.5e+00 1.518e+00
#5353  3822   1 | 1.17e+00 0.00e+00   +nan  1.00 | 1.05e+00 1.56e-01 +0.029  1.01 | 4.8e+01 4.4e+00 2.486e+00
#5354  4372   1 | 1.01e+00 0.00e+00   +nan  1.00 | 9.45e-01 1.53e-01 -0.012  1.03 | 5.4e+01 5.1e+00 1.935e+00
#5355  1154   1 | 1.04e+00 0.00e+00   +nan  1.00 | 1.02e+00 8.53e-02 +0.113  0.99 | 7.4e+01 5.1e+00 2.114e+00
#5356  3175   1 | 6.38e-01 0.00e+00   +nan  1.00 | 1.03e+00 1.17e-01 +0.181  0.97 | 5.5e+01 5.0e+00 1.436e+00
#5357  4086   1 | 8.80e-01 0.00e+00   +nan  1.00 | 9.10e-01 1.09e-01 +0.160  0.98 | 4.8e+01 4.6e+00 1.583e+00
#5358  2231   1 | 1.30e+00 0.00e+00   +nan  1.00 | 1.09e+00 6.62e-02 +0.160  0.98 | 7.8e+01 4.5e+00 2.877e+00
#5359  1606   1 | 1.07e+00 0.00e+00   +nan  1.00 | 1.03e+00 4.65e-02 +0.038  1.00 | 9.6e+01 4.6e+00 2.197e+00
#5360   305   1 | 1.00e+00 0.00e+00   +nan  1.00 | 1.07e+00 4.88e-02 -0.087  1.01 | 5.6e+01 4.5e+00 2.173e+00
#5361   678   1 | 5.12e-01 0.00e+00   +nan  1.00 | 9.97e-01 5.67e-02 +0.037  1.00 | 7.0e+01 5.0e+00 1.255e+00
#5362  4905   1 | 1.40e+00 0.00e+00   +nan  1.00 | 1.01e+00 1.36e-01 +0.346  0.93 | 3.7e+01 4.5e+00 2.892e+00
#5363   644   1 | 5.53e-01 0.00e+00   +nan  1.00 | 1.04e+00 6.04e-02 +0.111  0.99 | 7.3e+01 4.7e+00 1.382e+00
#5364  1238   1 | 1.22e+00 0.00e+00   +nan  1.00 | 1.10e+00 8.88e-02 +0.107  0.99 | 7.8e+01 4.8e+00 2.702e+00
#5365  4920   1 | 1.00e+00 0.00e+00   +nan  1.00 | 1.13e+00 1.20e-01 +0.227  0.96 | 4.4e+01 4.4e+00 2.238e+00
#5366  1780   1 | 1.11e+00 0.00e+00   +nan  1.00 | 1.02e+00 5.91e-02 +0.106  0.99 | 9.2e+01 4.7e+00 2.250e+00
#5367  3689   1 | 1.07e+00 0.00e+00   +nan  1.00 | 9.97e-01 1.30e-01 +0.032  1.01 | 5.2e+01 5.4e+00 2.139e+00
#5368  1125   1 | 1.29e+00 0.00e+00   +nan  1.00 | 1.08e+00 5.21e-02 +0.065  1.00 | 7.9e+01 4.3e+00 2.830e+00
#5369  3457   1 | 1.14e+00 0.00e+00   +nan  1.00 | 9.43e-01 1.37e-01 +0.108  0.99 | 5.5e+01 5.1e+00 2.183e+00
#5370  4324   1 | 8.26e-01 0.00e+00   +nan  1.00 | 9.54e-01 1.10e-01 +0.352  0.93 | 5.0e+01 4.3e+00 1.530e+00
#5371  2204   1 | 1.14e+00 0.00e+00   +nan  1.00 | 9.88e-01 6.48e-02 +0.002  1.00 | 7.8e+01 4.8e+00 2.278e+00
#5372  2643   1 | 1.18e+00 0.00e+00   +nan  1.00 | 9.58e-01 1.00e-01 -0.006  1.01 | 7.3e+01 5.0e+00 2.318e+00
#5373  4814   1 | 1.32e+00 0.00e+00   +nan  1.00 | 1.02e+00 2.32e-01 +0.271  0.93 | 4.3e+01 4.6e+00 2.695e+00
#5374   638   1 | 1.12e+00 0.00e+00   +nan  1.00 | 1.13e+00 5.47e-02 +0.213  0.98 | 7.0e+01 4.4e+00 2.521e+00
#5375  1570   1 | 8.25e-01 0.00e+00   +nan  1.00 | 9.42e-01 8.05e-02 +0.008  1.01 | 8.4e+01 4.4e+00 1.573e+00
#5376    66   1 | 4.46e-01 0.00e+00   +nan  1.00 | 1.00e+00 8.99e-02 -0.080  1.02 | 5.6e+01 4.8e+00 1.225e+00
#5377  3827   1 | 1.07e+00 0.00e+00   +nan  1.00 | 9.93e-01 1.16e-01 +0.246  0.96 | 5.5e+01 4.9e+00 2.079e+00
#5378  3603   1 | 5.75e-01 0.00e+00   +nan  1.00 | 1.03e+00 1.51e-01 +0.168  0.97 | 5.7e+01 5.1e+00 1.359e+00
#5379  2342   1 | 1.23e+00 0.00e+00   +nan  1.00 | 9.89e-01 6.81e-02 +0.069  1.00 | 7.1e+01 4.7e+00 2.481e+00
#5380   489   1 | 5.78e-01 0.00e+00   +nan  1.00 | 1.05e+00 9.58e-02 +0.113  0.99 | 6.0e+01 4.9e+00 1.428e+00
#5381   941   1 | 1.32e+00 0.00e+00   +nan  1.00 | 1.12e+00 8.06e-02 -0.105  1.02 | 7.5e+01 4.6e+00 3.031e+00
#5382  2714   1 | 1.20e+00 0.00e+00   +nan  1.00 | 9.11e-01 9.37e-02 +0.119  0.99 | 5.7e+01 4.4e+00 2.253e+00
#5383  1374   1 | 1.11e+00 0.00e+00   +nan  1.00 | 9.82e-01 7.82e-02 -0.077  1.02 | 7.8e+01 4.7e+00 2.209e+00
#5384  1560   1 | 1.29e+00 0.00e+00   +nan  1.00 | 9.64e-01 7.08e-02 +0.080  0.99 | 7.9e+01 4.7e+00 2.600e+00
#5385  2488   1 | 6.04e-01 0.00e+00   +nan  1.00 | 1.08e+00 7.58e-02 +0.153  0.98 | 6.3e+01 4.7e+00 1.521e+00
#5386  4294   1 | 7.01e-01 0.00e+00   +nan  1.00 | 1.00e+00 1.31e-01 +0.186  0.97 | 5.5e+01 5.0e+00 1.465e+00
#5387   394   1 | 7.04e-01 0.00e+00   +nan  1.00 | 1.09e+00 8.79e-02 +0.001  1.01 | 6.1e+01 4.9e+00 1.687e+00
#5388  3115   1 | 1.12e+00 0.00e+00   +nan  1.00 | 1.05e+00 1.05e-01 +0.159  0.98 | 4.9e+01 4.6e+00 2.326e+00
#5389   801   1 | 1.38e+00 0.00e+00   +nan  1.00 | 1.03e+00 8.16e-02 +0.045  1.00 | 6.8e+01 4.8e+00 2.955e+00
#5390  1117   1 | 9.98e-01 0.00e+00   +nan  1.00 | 8.61e-01 7.07e-02 +0.088  0.99 | 6.7e+01 4.7e+00 1.732e+00
#5391  2555   1 | 9.62e-01 0.00e+00   +nan  1.00 | 1.03e+00 7.11e-02 +0.054  1.00 | 6.1e+01 4.3e+00 1.987e+00
#5392  3845   1 | 1.09e+00 0.00e+00   +nan  1.00 | 9.70e-01 1.08e-01 +0.065  1.00 | 5.2e+01 4.9e+00 2.131e+00
#5393  4398   1 | 1.10e+00 0.00e+00   +nan  1.00 | 1.08e+00 1.39e-01 +0.185  0.97 | 4.7e+01 5.0e+00 2.354e+00
#5394   220   1 | 7.38e-01 0.00e+00   +nan  1.00 | 9.49e-01 6.59e-02 +0.120  0.99 | 4.5e+01 4.2e+00 1.435e+00
#5395  1373   1 | 9.07e-01 0.00e+00   +nan  1.00 | 9.18e-01 6.91e-02 -0.011  1.01 | 7.1e+01 5.0e+00 1.671e+00
#5396  4269   1 | 4.70e-01 0.00e+00   +nan  1.00 | 9.87e-01 1.35e-01 +0.227  0.96 | 5.1e+01 5.3e+00 1.153e+00
#5397  1305   1 | 1.12e+00 0.00e+00   +nan  1.00 | 1.01e+00 6.71e-02 +0.110  0.99 | 6.7e+01 4.5e+00 2.262e+00
#5398  1924   1 | 1.02e+00 0.00e+00   +nan  1.00 | 9.92e-01 9.16e-02 +0.105  0.99 | 6.8e+01 4.6e+00 2.020e+00
#5399  2887   1 | 1.07e+00 0.00e+00   +nan  1.00 | 1.04e+00 9.82e-02 +0.033  1.00 | 4.4e+01 5.0e+00 2.223e+00
#5400  2740   1 | 7.32e-01 0.00e+00   +nan  1.00 | 9.46e-01 1.06e-01 -0.053  1.02 | 5.2e+01 4.3e+00 1.453e+00
#5401  2009   1 | 9.63e-01 0.00e+00   +nan  1.00 | 1.06e+00 9.69e-02 +0.194  0.97 | 5.8e+01 5.4e+00 2.028e+00
#5402   216   1 | 1.05e+00 0.00e+00   +nan  1.00 | 1.08e+00 6.82e-02 +0.022  1.00 | 4.9e+01 4.7e+00 2.278e+00
#5403   610   1 | 4.46e-01 0.00e+00   +nan  1.00 | 1.00e+00 7.63e-02 +0.134  0.99 | 5.2e+01 4.6e+00 1.188e+00
#5404  4663   1 | 5.79e-01 0.00e+00   +nan  1.00 | 1.08e+00 2.49e-01 +0.172  0.97 | 5.5e+01 4.7e+00 1.480e+00
#5405  1814   1 | 1.08e+00 0.00e+00   +nan  1.00 | 1.04e+00 8.04e-02 +0.003  1.01 | 7.2e+01 4.7e+00 2.253e+00
#5406  2435   1 | 1.06e+00 0.00e+00   +nan  1.00 | 1.03e+00 1.03e-01 -0.060  1.02 | 6.3e+01 4.8e+00 2.214e+00
#5407  1785   1 | 1.04e+00 0.00e+00   +nan  1.00 | 8.36e-01 7.19e-02 +0.053  1.00 | 8.1e+01 4.6e+00 1.784e+00
#5408  4458   1 | 1.15e+00 0.00e+00   +nan  1.00 | 9.88e-01 1.79e-01 +0.070  1.01 | 5.2e+01 5.4e+00 2.296e+00
#5409  2908   1 | 9.67e-01 0.00e+00   +nan  1.00 | 1.07e+00 7.63e-02 +0.052  1.00 | 4.3e+01 4.4e+00 2.087e+00
#5410  1424   1 | 7.29e-01 0.00e+00   +nan  1.00 | 9.46e-01 6.11e-02 +0.049  1.00 | 7.1e+01 4.6e+00 1.424e+00
#5411   739   1 | 1.32e+00 0.00e+00   +nan  1.00 | 1.12e+00 4.95e-02 -0.045  1.01 | 6.5e+01 4.3e+00 3.014e+00
#5412  1761   1 | 6.25e-01 0.00e+00   +nan  1.00 | 1.03e+00 6.88e-02 +0.015  1.00 | 8.9e+01 5.4e+00 1.452e+00
#5413   873   1 | 1.10e+00 0.00e+00   +nan  1.00 | 1.08e+00 4.86e-02 +0.170  0.99 | 6.1e+01 4.7e+00 2.356e+00
#5414  2440   1 | 1.00e+00 0.00e+00   +nan  1.00 | 9.45e-01 6.82e-02 -0.020  1.01 | 6.4e+01 5.5e+00 1.906e+00
#5415  2256   1 | 1.08e+00 0.00e+00   +nan  1.00 | 9.93e-01 5.03e-02 +0.085  0.99 | 6.2e+01 5.1e+00 2.142e+00
#5416  4739   1 | 1.13e+00 0.00e+00   +nan  1.00 | 9.80e-01 2.68e-01 +0.316  0.90 | 3.9e+01 4.8e+00 2.136e+00
#5417  2867   1 | 9.95e-01 0.00e+00   +nan  1.00 | 1.07e+00 5.99e-02 +0.076  0.99 | 5.1e+01 5.3e+00 2.139e+00
#5418  4297   1 | 6.58e-01 0.00e+00   +nan  1.00 | 1.07e+00 7.10e-02 +0.265  0.97 | 4.9e+01 4.9e+00 1.542e+00
#5419  3475   1 | 1.09e+00 0.00e+00   +nan  1.00 | 1.13e+00 6.68e-02 +0.029  1.00 | 4.7e+01 4.5e+00 2.481e+00
#5420  1963   1 | 1.30e+00 0.00e+00   +nan  1.00 | 9.64e-01 3.65e-02 +0.025  1.00 | 7.5e+01 4.6e+00 2.607e+00
#5421  2206   1 | 1.38e+00 0.00e+00   +nan  1.00 | 1.03e+00 4.58e-02 +0.097  0.99 | 7.2e+01 4.6e+00 2.956e+00
#5422  2812   1 | 1.13e+00 0.00e+00   +nan  1.00 | 9.75e-01 6.97e-02 +0.026  1.00 | 6.0e+01 5.5e+00 2.230e+00
#5423  2999   1 | 7.18e-01 0.00e+00   +nan  1.00 | 1.09e+00 6.06e-02 -0.008  1.00 | 5.2e+01 4.6e+00 1.704e+00
#5424   999   1 | 1.02e+00 0.00e+00   +nan  1.00 | 9.92e-01 4.74e-02 +0.087  0.99 | 7.2e+01 4.9e+00 2.027e+00
#5425  1002   1 | 1.29e+00 0.00e+00   +nan  1.00 | 1.08e+00 3.52e-02 +0.147  0.99 | 7.5e+01 5.0e+00 2.825e+00
#5426  4187   1 | 8.85e-01 0.00e+00   +nan  1.00 | 9.51e-01 6.28e-02 +0.170  0.98 | 4.6e+01 4.9e+00 1.671e+00
#5427  2030   1 | 1.08e+00 0.00e+00   +nan  1.00 | 9.68e-01 5.06e-02 -0.046  1.01 | 7.5e+01 4.8e+00 2.114e+00
#5428  4670   1 | 8.40e-01 0.00e+00   +nan  1.00 | 9.10e-01 2.30e-01 +0.197  0.96 | 5.8e+01 4.7e+00 1.504e+00
#5429  4714   1 | 7.56e-01 0.00e+00   +nan  1.00 | 9.59e-01 1.31e-01 +0.268  0.95 | 4.2e+01 4.6e+00 1.441e+00
#5430  2770   1 | 1.19e+00 0.00e+00   +nan  1.00 | 1.05e+00 4.53e-02 +0.105  0.99 | 6.0e+01 4.7e+00 2.527e+00
#5431   222   1 | 9.07e-01 0.00e+00   +nan  1.00 | 9.18e-01 4.20e-02 -0.079  1.01 | 5.2e+01 4.6e+00 1.673e+00
#5432  1287   1 | 8.22e-01 0.00e+00   +nan  1.00 | 1.01e+00 6.83e-02 +0.186  0.98 | 6.9e+01 5.3e+00 1.680e+00
#5433  4245   1 | 1.29e+00 0.00e+00   +nan  1.00 | 1.01e+00 6.61e-02 +0.145  0.99 | 4.8e+01 4.4e+00 2.666e+00
#5434  1618   1 | 1.29e+00 0.00e+00   +nan  1.00 | 9.27e-01 5.34e-02 +0.139  0.99 | 6.9e+01 4.3e+00 2.525e+00
#5435   532   1 | 1.04e+00 0.00e+00   +nan  1.00 | 1.02e+00 6.26e-02 +0.090  0.99 | 5.7e+01 4.8e+00 2.120e+00
#5436   875   1 | 1.18e+00 0.00e+00   +nan  1.00 | 9.58e-01 5.29e-02 -0.003  1.00 | 6.3e+01 4.7e+00 2.311e+00
#5437  2927   1 | 1.12e+00 0.00e+00   +nan  1.00 | 1.05e+00 7.75e-02 +0.338  0.96 | 5.4e+01 4.7e+00 2.310e+00
#5438   279   1 | 1.11e+00 0.00e+00   +nan  1.00 | 1.06e+00 6.39e-02 -0.154  1.02 | 4.7e+01 5.2e+00 2.373e+00
#5439  4223   1 | 1.14e+00 0.00e+00   +nan  1.00 | 9.43e-01 1.13e-01 +0.302  0.94 | 4.2e+01 5.0e+00 2.137e+00
#5440   875   1 | 1.12e+00 0.00e+00   +nan  1.00 | 1.01e+00 5.96e-02 +0.164  0.98 | 6.0e+01 4.9e+00 2.256e+00
#5441  3111   1 | 8.36e-01 0.00e+00   +nan  1.00 | 9.54e-01 1.36e-01 -0.079  1.04 | 4.3e+01 4.5e+00 1.647e+00
#5442  3687   1 | 5.93e-01 0.00e+00   +nan  1.00 | 1.05e+00 1.97e-01 +0.118  0.99 | 4.1e+01 4.5e+00 1.449e+00
#5443  2742   1 | 1.02e+00 0.00e+00   +nan  1.00 | 1.13e+00 1.10e-01 +0.014  1.01 | 5.3e+01 4.7e+00 2.339e+00
#5444  3553   1 | 1.17e+00 0.00e+00   +nan  1.00 | 1.17e+00 1.96e-01 +0.262  0.94 | 4.6e+01 5.0e+00 2.644e+00
#5445  3603   1 | 1.07e+00 0.00e+00   +nan  1.00 | 9.82e-01 1.54e-01 +0.050  1.01 | 5.1e+01 5.0e+00 2.123e+00
#5446  2332   1 | 1.40e+00 0.00e+00   +nan  1.00 | 1.01e+00 9.29e-02 +0.009  1.01 | 5.6e+01 5.2e+00 3.001e+00
#5447  1111   1 | 1.21e+00 0.00e+00   +nan  1.00 | 9.11e-01 7.08e-02 +0.054  1.00 | 6.2e+01 4.5e+00 2.287e+00
#5448   369   1 | 1.23e+00 0.00e+00   +nan  1.00 | 9.89e-01 8.30e-02 -0.055  1.02 | 5.5e+01 4.4e+00 2.516e+00
#5449  2106   1 | 5.57e-01 0.00e+00   +nan  1.00 | 1.04e+00 8.14e-02 +0.108  0.99 | 7.6e+01 5.2e+00 1.385e+00
#5450  1652   1 | 4.70e-01 0.00e+00   +nan  1.00 | 9.87e-01 9.43e-02 +0.104  0.99 | 7.5e+01 5.1e+00 1.185e+00
#5451  1865   1 | 5.13e-01 0.00e+00   +nan  1.00 | 9.97e-01 7.12e-02 +0.132  0.99 | 6.6e+01 4.7e+00 1.244e+00
#5452  3523   1 | 5.73e-01 0.00e+00   +nan  1.00 | 1.03e+00 1.47e-01 +0.275  0.94 | 5.0e+01 5.1e+00 1.325e+00
#5453  4187   1 | 1.09e+00 0.00e+00   +nan  1.00 | 1.02e+00 9.59e-02 +0.348  0.94 | 4.4e+01 5.3e+00 2.170e+00
#5454  1045   1 | 9.60e-01 0.00e+00   +nan  1.00 | 9.60e-01 5.84e-02 -0.108  1.02 | 6.7e+01 4.4e+00 1.859e+00
#5455  3722   1 | 4.98e-01 0.00e+00   +nan  1.00 | 1.12e+00 2.28e-01 +0.301  0.92 | 3.6e+01 5.3e+00 1.395e+00
#5456  1419   1 | 1.07e+00 0.00e+00   +nan  1.00 | 9.70e-01 7.94e-02 +0.090  0.99 | 7.4e+01 4.8e+00 2.082e+00
#5457  3417   1 | 1.66e+00 0.00e+00   +nan  1.00 | 9.65e-01 1.31e-01 -0.026  1.03 | 5.3e+01 4.4e+00 3.722e+00
#5458  4011   1 | 1.32e+00 0.00e+00   +nan  1.00 | 1.02e+00 1.41e-01 +0.130  0.98 | 4.1e+01 4.7e+00 2.774e+00
#5459  4076   1 | 7.07e-01 0.00e+00   +nan  1.00 | 1.00e+00 1.86e-01 +0.223  0.95 | 3.8e+01 5.3e+00 1.456e+00
#5460  3308   1 | 1.00e+00 0.00e+00   +nan  1.00 | 8.61e-01 1.59e-01 +0.163  0.97 | 5.0e+01 4.9e+00 1.728e+00
#5461   242   1 | 1.22e+00 0.00e+00   +nan  1.00 | 1.10e+00 9.82e-02 +0.121  0.99 | 5.2e+01 4.4e+00 2.699e+00
#5462  2187   1 | 9.62e-01 0.00e+00   +nan  1.00 | 1.06e+00 9.72e-02 +0.110  0.99 | 6.1e+01 4.4e+00 2.045e+00
#5463  1019   1 | 9.71e-01 0.00e+00   +nan  1.00 | 1.02e+00 9.51e-02 +0.024  1.00 | 5.6e+01 4.7e+00 1.984e+00
#5464  1587   1 | 1.31e+00 0.00e+00   +nan  1.00 | 1.04e+00 1.34e-01 +0.180  0.97 | 6.4e+01 5.3e+00 2.750e+00
#5465  3890   1 | 9.55e-01 0.00e+00   +nan  1.00 | 1.03e+00 2.03e-01 +0.094  1.00 | 3.6e+01 5.1e+00 1.979e+00
#5466  3020   1 | 9.78e-01 0.00e+00   +nan  1.00 | 1.06e+00 1.05e-01 +0.156  0.98 | 4.8e+01 4.3e+00 2.053e+00
#5467  1364   1 | 5.69e-01 0.00e+00   +nan  1.00 | 9.77e-01 1.19e-01 -0.036  1.02 | 5.6e+01 4.8e+00 1.301e+00
#5468  2803   1 | 8.33e-01 0.00e+00   +nan  1.00 | 9.42e-01 1.61e-01 +0.115  0.99 | 4.8e+01 4.5e+00 1.573e+00
#5469  2103   1 | 1.09e+00 0.00e+00   +nan  1.00 | 9.37e-01 7.93e-02 +0.012  1.01 | 6.2e+01 4.8e+00 2.071e+00
#5470   354   1 | 8.89e-01 0.00e+00   +nan  1.00 | 9.15e-01 9.16e-02 -0.107  1.03 | 4.6e+01 4.3e+00 1.653e+00
#5471   427   1 | 1.35e+00 0.00e+00   +nan  1.00 | 1.00e+00 8.68e-02 -0.057  1.02 | 5.0e+01 4.9e+00 2.836e+00
#5472  2799   1 | 9.81e-01 0.00e+00   +nan  1.00 | 1.04e+00 8.28e-02 +0.270  0.96 | 4.6e+01 4.2e+00 2.010e+00
#5473  2877   1 | 1.07e+00 0.00e+00   +nan  1.00 | 9.97e-01 7.69e-02 +0.073  0.99 | 4.7e+01 4.8e+00 2.139e+00
#5474  2615   1 | 7.43e-01 0.00e+00   +nan  1.00 | 9.49e-01 8.70e-02 +0.039  1.00 | 5.9e+01 4.7e+00 1.455e+00
#5475   768   1 | 1.31e+00 0.00e+00   +nan  1.00 | 1.09e+00 5.58e-02 -0.117  1.01 | 6.0e+01 5.2e+00 2.922e+00
#5476  4440   1 | 1.30e+00 0.00e+00   +nan  1.00 | 9.64e-01 1.18e-01 +0.327  0.93 | 4.8e+01 4.8e+00 2.560e+00
#5477   384   1 | 1.11e+00 0.00e+00   +nan  1.00 | 9.82e-01 4.97e-02 +0.069  1.00 | 5.3e+01 4.6e+00 2.190e+00
#5478  2943   1 | 4.73e-01 0.00e+00   +nan  1.00 | 9.87e-01 7.65e-02 +0.042  1.00 | 4.5e+01 4.8e+00 1.198e+00
#5479  1055   1 | 1.32e+00 0.00e+00   +nan  1.00 | 1.12e+00 6.15e-02 -0.077  1.01 | 6.6e+01 5.2e+00 3.020e+00
#5480  2104   1 | 8.91e-01 0.00e+00   +nan  1.00 | 9.15e-01 4.41e-02 -0.105  1.01 | 6.8e+01 4.9e+00 1.641e+00
#5481  4925   1 | 1.09e+00 1.43e-17 +0.511  1.00 | 1.08e+00 2.77e-01 +0.195  0.97 | 3.3e+01 5.0e+00 2.320e+00
#5482  1484   1 | 1.07e+00 0.00e+00   +nan  1.00 | 1.03e+00 5.17e-02 +0.018  1.00 | 6.5e+01 4.9e+00 2.200e+00
#5483  2837   1 | 1.07e+00 0.00e+00   +nan  1.00 | 9.97e-01 5.74e-02 +0.077  0.99 | 3.9e+01 4.5e+00 2.139e+00
#5484  1115   1 | 7.71e-01 0.00e+00   +nan  1.00 | 9.59e-01 3.78e-02 -0.004  1.00 | 6.5e+01 4.7e+00 1.515e+00
#5485  2162   1 | 1.38e+00 0.00e+00   +nan  1.00 | 1.03e+00 3.00e-02 +0.005  1.00 | 6.2e+01 4.0e+00 2.963e+00
#5486  1153   1 | 5.78e-01 0.00e+00   +nan  1.00 | 1.05e+00 3.60e-02 +0.122  0.99 | 6.2e+01 4.9e+00 1.434e+00
#5487   552   1 | 1.17e+00 0.00e+00   +nan  1.00 | 1.17e+00 4.15e-02 +0.161  0.99 | 5.1e+01 4.6e+00 2.722e+00
#5488  1580   1 | 1.23e+00 0.00e+00   +nan  1.00 | 9.89e-01 4.61e-02 -0.093  1.01 | 7.5e+01 5.4e+00 2.506e+00
#5489  3346   1 | 5.74e-01 0.00e+00   +nan  1.00 | 1.04e+00 6.86e-02 +0.133  0.99 | 4.0e+01 4.7e+00 1.401e+00
#5490  2529   1 | 9.62e-01 0.00e+00   +nan  1.00 | 1.03e+00 4.84e-02 +0.092  0.99 | 5.6e+01 5.1e+00 1.983e+00
#5491  4641   1 | 1.30e+00 0.00e+00   +nan  1.00 | 9.27e-01 1.75e-01 +0.363  0.90 | 4.2e+01 5.1e+00 2.462e+00
#5492  4601   1 | 1.32e+00 0.00e+00   +nan  1.00 | 1.02e+00 2.86e-01 +0.191  0.97 | 4.2e+01 5.5e+00 2.751e+00
#5493  4831   1 | 1.13e+00 0.00e+00   +nan  1.00 | 9.80e-01 2.16e-01 +0.217  0.95 | 2.9e+01 4.7e+00 2.191e+00
#5494  4593   1 | 6.58e-01 0.00e+00   +nan  1.00 | 1.07e+00 2.14e-01 +0.250  0.94 | 4.0e+01 4.3e+00 1.508e+00
#5495   570   1 | 9.72e-01 0.00e+00   +nan  1.00 | 1.02e+00 3.93e-02 -0.068  1.01 | 5.0e+01 4.9e+00 1.987e+00
#5496  1776   1 | 5.48e-01 0.00e+00   +nan  1.00 | 1.03e+00 4.26e-02 +0.025  1.00 | 7.4e+01 4.9e+00 1.358e+00
#5497  4980   1 | 1.06e+00 0.00e+00   +nan  1.00 | 9.70e-01 2.35e-01 +0.307  0.91 | 3.1e+01 4.9e+00 1.977e+00
#5498  2832   1 | 5.17e-01 0.00e+00   +nan  1.00 | 9.97e-01 4.68e-02 +0.043  1.00 | 3.8e+01 4.3e+00 1.259e+00
#5499   808   1 | 1.65e+00 0.00e+00   +nan  1.00 | 9.65e-01 4.86e-02 -0.008  1.00 | 4.9e+01 5.2e+00 3.670e+00
#5500  2802   1 | 1.08e+00 0.00e+00   +nan  1.00 | 9.68e-01 6.99e-02 +0.115  0.99 | 4.3e+01 4.5e+00 2.090e+00
#5501  1441   1 | 9.99e-01 0.00e+00   +nan  1.00 | 8.61e-01 3.73e-02 +0.119  0.99 | 5.8e+01 4.5e+00 1.732e+00
#5502  2117   1 | 1.15e+00 0.00e+00   +nan  1.00 | 9.43e-01 4.44e-02 +0.016  1.00 | 5.7e+01 4.6e+00 2.202e+00
#5503  1773   1 | 1.40e+00 0.00e+00   +nan  1.00 | 1.01e+00 5.83e-02 -0.098  1.01 | 6.8e+01 4.9e+00 3.007e+00
#5504  3559   1 | 4.58e-01 0.00e+00   +nan  1.00 | 1.00e+00 1.60e-01 +0.130  0.98 | 4.1e+01 4.8e+00 1.197e+00
#5505  3365   1 | 8.44e-01 0.00e+00   +nan  1.00 | 9.42e-01 1.35e-01 +0.211  0.96 | 3.6e+01 4.8e+00 1.564e+00
#5506  2840   1 | 1.11e+00 0.00e+00   +nan  1.00 | 1.06e+00 1.01e-01 +0.031  1.00 | 3.2e+01 4.8e+00 2.361e+00
#5507  3744   1 | 9.80e-01 0.00e+00   +nan  1.00 | 9.60e-01 1.24e-01 +0.129  0.98 | 3.7e+01 4.4e+00 1.867e+00
#5508  1569   1 | 1.21e+00 0.00e+00   +nan  1.00 | 9.11e-01 5.51e-02 +0.143  0.99 | 6.1e+01 5.0e+00 2.275e+00
#5509  2712   1 | 9.11e-01 0.00e+00   +nan  1.00 | 9.51e-01 7.17e-02 -0.102  1.02 | 4.3e+01 4.8e+00 1.754e+00
#5510  1267   1 | 4.94e-01 0.00e+00   +nan  1.00 | 1.12e+00 4.39e-02 +0.163  0.99 | 5.3e+01 4.7e+00 1.479e+00
#5511  4963   1 | 1.01e+00 2.61e-18 +0.122  1.00 | 1.07e+00 1.75e-01 +0.354  0.91 | 2.9e+01 4.4e+00 2.079e+00
#5512  2568   1 | 1.02e+00 0.00e+00   +nan  1.00 | 1.13e+00 5.08e-02 -0.023  1.00 | 4.6e+01 4.9e+00 2.333e+00
#5513  4361   1 | 7.00e-01 0.00e+00   +nan  1.00 | 1.00e+00 9.28e-02 +0.207  0.97 | 3.9e+01 4.5e+00 1.464e+00
#5514  3377   1 | 9.57e-01 0.00e+00   +nan  1.00 | 1.06e+00 6.25e-02 +0.247  0.97 | 4.3e+01 4.7e+00 2.018e+00
#5515    14   1 | 7.38e-01 0.00e+00   +nan  1.00 | 9.49e-01 4.29e-02 +0.087  0.99 | 3.4e+01 4.8e+00 1.440e+00
#5516    73   1 | 7.05e-01 0.00e+00   +nan  1.00 | 1.09e+00 6.01e-02 -0.005  1.00 | 3.6e+01 4.9e+00 1.684e+00
#5517   833   1 | 9.57e-01 0.00e+00   +nan  1.00 | 1.07e+00 4.09e-02 +0.074  1.00 | 4.4e+01 5.0e+00 2.066e+00
#5518  3518   1 | 1.11e+00 0.00e+00   +nan  1.00 | 9.75e-01 2.15e-01 +0.169  0.97 | 3.2e+01 4.8e+00 2.164e+00
#5519    73   1 | 9.75e-01 0.00e+00   +nan  1.00 | 1.04e+00 5.50e-02 +0.130  0.99 | 3.5e+01 3.9e+00 2.025e+00
#5520  4435   1 | 1.15e+00 0.00e+00   +nan  1.00 | 9.88e-01 1.87e-01 +0.307  0.92 | 3.7e+01 5.1e+00 2.210e+00
#5521  3037   1 | 6.14e-01 0.00e+00   +nan  1.00 | 1.08e+00 1.23e-01 +0.177  0.97 | 3.3e+01 5.3e+00 1.519e+00
#5522  3719   1 | 1.29e+00 0.00e+00   +nan  1.00 | 1.09e+00 2.93e-01 +0.341  0.89 | 3.4e+01 4.9e+00 2.723e+00
#5523   694   1 | 8.21e-01 0.00e+00   +nan  1.00 | 1.01e+00 9.58e-02 +0.077  0.99 | 3.7e+01 4.2e+00 1.695e+00
#5524  2718   1 | 1.04e+00 0.00e+00   +nan  1.00 | 1.02e+00 1.64e-01 +0.178  0.97 | 3.9e+01 5.0e+00 2.081e+00
#5525  1622   1 | 1.34e+00 0.00e+00   +nan  1.00 | 1.00e+00 1.45e-01 -0.015  1.03 | 5.1e+01 4.5e+00 2.839e+00
#5526  1011   1 | 6.24e-01 0.00e+00   +nan  1.00 | 1.03e+00 9.16e-02 +0.040  1.00 | 4.4e+01 4.4e+00 1.448e+00
#5527  3125   1 | 1.10e+00 0.00e+00   +nan  1.00 | 1.13e+00 2.05e-01 +0.118  0.99 | 3.9e+01 4.9e+00 2.489e+00
#5528  3039   1 | 1.05e+00 0.00e+00   +nan  1.00 | 8.36e-01 1.70e-01 +0.166  0.97 | 3.2e+01 5.2e+00 1.780e+00
#5529  1980   1 | 1.31e+00 0.00e+00   +nan  1.00 | 1.04e+00 1.09e-01 +0.108  0.99 | 5.0e+01 4.6e+00 2.767e+00
#5530   206   1 | 5.68e-01 0.00e+00   +nan  1.00 | 9.77e-01 6.77e-02 -0.047  1.01 | 3.8e+01 4.5e+00 1.289e+00
#5531  1125   1 | 1.20e+00 0.00e+00   +nan  1.00 | 1.05e+00 7.62e-02 -0.050  1.01 | 4.7e+01 4.8e+00 2.577e+00
#5532  3768   1 | 8.83e-01 0.00e+00   +nan  1.00 | 9.10e-01 1.91e-01 +0.085  1.01 | 3.8e+01 5.0e+00 1.615e+00
#5533  2400   1 | 1.13e+00 0.00e+00   +nan  1.00 | 1.05e+00 6.20e-02 +0.179  0.98 | 4.5e+01 4.6e+00 2.356e+00
#5534   292   1 | 8.26e-01 0.00e+00   +nan  1.00 | 9.54e-01 3.27e-02 -0.162  1.01 | 4.3e+01 4.7e+00 1.602e+00
#5535   589   1 | 1.31e+00 0.00e+00   +nan  1.00 | 1.01e+00 4.73e-02 +0.158  0.99 | 5.2e+01 5.5e+00 2.732e+00
#5536  3327   1 | 7.36e-01 0.00e+00   +nan  1.00 | 9.46e-01 9.63e-02 -0.090  1.03 | 4.3e+01 4.8e+00 1.463e+00
#5537  2784   1 | 1.02e+00 0.00e+00   +nan  1.00 | 9.92e-01 5.74e-02 +0.095  0.99 | 4.5e+01 5.2e+00 2.019e+00
#5538   103   1 | 1.22e+00 0.00e+00   +nan  1.00 | 1.10e+00 2.57e-02 +0.072  1.00 | 4.2e+01 4.4e+00 2.713e+00
#5539  1821   1 | 9.99e-01 0.00e+00   +nan  1.00 | 9.45e-01 2.94e-02 -0.128  1.01 | 6.4e+01 4.6e+00 1.901e+00
#5540  4995   1 | 1.07e+00 3.64e-17 -0.148  1.00 | 9.37e-01 2.94e-01 +0.105  1.03 | 2.7e+01 4.9e+00 2.055e+00
#5541   772   1 | 1.08e+00 0.00e+00   +nan  1.00 | 9.93e-01 1.87e-02 +0.033  1.00 | 6.5e+01 4.7e+00 2.153e+00
#5542  3377   1 | 1.27e+00 0.00e+00   +nan  1.00 | 1.08e+00 2.26e-02 +0.151  0.99 | 5.5e+01 4.6e+00 2.778e+00
#5543  2974   1 | 1.03e+00 0.00e+00   +nan  1.00 | 1.08e+00 2.39e-02 +0.236  0.99 | 4.5e+01 4.6e+00 2.227e+00
#5544  2478   1 | 1.12e+00 0.00e+00   +nan  1.00 | 1.01e+00 1.65e-02 +0.167  0.99 | 6.8e+01 4.3e+00 2.270e+00
#5545  3588   1 | 1.09e+00 0.00e+00   +nan  1.00 | 1.02e+00 3.30e-02 +0.358  0.98 | 4.9e+01 4.9e+00 2.190e+00
#5546  3864   1 | 9.94e-01 0.00e+00   +nan  1.00 | 1.06e+00 4.47e-02 +0.230  0.98 | 3.8e+01 5.3e+00 2.087e+00
#5547  4096   1 | 1.04e+00 0.00e+00   +nan  1.00 | 1.04e+00 2.91e-02 +0.104  0.99 | 3.9e+01 4.4e+00 2.159e+00
#5548  1340   1 | 1.18e+00 0.00e+00   +nan  1.00 | 9.58e-01 2.52e-02 -0.031  1.00 | 8.1e+01 5.3e+00 2.309e+00
#5549  1086   1 | 9.07e-01 0.00e+00   +nan  1.00 | 9.18e-01 2.09e-02 +0.018  1.00 | 7.7e+01 4.6e+00 1.665e+00
#5550  3362   1 | 1.66e+00 0.00e+00   +nan  1.00 | 9.65e-01 2.73e-02 +0.158  0.99 | 5.4e+01 4.1e+00 3.689e+00
#5551  3751   1 | 1.26e+00 0.00e+00   +nan  1.00 | 1.08e+00 5.12e-02 +0.231  0.98 | 4.2e+01 5.5e+00 2.739e+00
#5552  4576   1 | 1.10e+00 0.00e+00   +nan  1.00 | 1.08e+00 1.29e-01 +0.175  0.97 | 3.8e+01 5.5e+00 2.346e+00
#5553  3091   1 | 7.09e-01 0.00e+00   +nan  1.00 | 1.00e+00 3.07e-02 +0.173  0.99 | 5.4e+01 4.2e+00 1.498e+00
#5554  1748   1 | 9.61e-01 0.00e+00   +nan  1.00 | 9.60e-01 2.88e-02 +0.081  1.00 | 1.0e+02 4.6e+00 1.842e+00
#5555   325   1 | 9.75e-01 0.00e+00   +nan  1.00 | 1.04e+00 3.11e-02 +0.008  1.00 | 6.3e+01 4.9e+00 2.037e+00
#5556  2165   1 | 1.10e+00 0.00e+00   +nan  1.00 | 1.02e+00 3.72e-02 +0.130  0.99 | 8.5e+01 5.4e+00 2.247e+00
#5557   833   1 | 7.38e-01 0.00e+00   +nan  1.00 | 9.49e-01 3.21e-02 -0.043  1.00 | 6.7e+01 5.3e+00 1.449e+00
#5558  4524   1 | 9.70e-01 0.00e+00   +nan  1.00 | 1.06e+00 8.71e-02 +0.312  0.96 | 5.2e+01 5.0e+00 2.010e+00
#5559  2210   1 | 5.71e-01 0.00e+00   +nan  1.00 | 9.77e-01 4.31e-02 +0.025  1.00 | 8.0e+01 4.9e+00 1.281e+00
#5560   146   1 | 1.21e+00 0.00e+00   +nan  1.00 | 9.11e-01 5.14e-02 +0.031  1.00 | 4.8e+01 5.0e+00 2.290e+00
#5561  3510   1 | 1.10e+00 0.00e+00   +nan  1.00 | 1.05e+00 8.54e-02 +0.258  0.96 | 4.6e+01 5.2e+00 2.286e+00
#5562  1961   1 | 1.14e+00 0.00e+00   +nan  1.00 | 9.75e-01 4.80e-02 +0.120  0.99 | 7.6e+01 4.6e+00 2.241e+00
#5563  3683   1 | 4.99e-01 0.00e+00   +nan  1.00 | 1.12e+00 7.83e-02 +0.456  0.94 | 4.7e+01 4.6e+00 1.423e+00
#5564  3097   1 | 9.59e-01 0.00e+00   +nan  1.00 | 1.03e+00 7.15e-02 +0.120  0.99 | 5.1e+01 4.7e+00 1.972e+00
#5565   525   1 | 5.12e-01 0.00e+00   +nan  1.00 | 9.97e-01 6.87e-02 -0.014  1.01 | 6.0e+01 5.0e+00 1.263e+00
#5566    65   1 | 9.72e-01 0.00e+00   +nan  1.00 | 1.02e+00 8.00e-02 -0.133  1.03 | 5.3e+01 4.8e+00 2.009e+00
#5567  1384   1 | 1.30e+00 0.00e+00   +nan  1.00 | 9.27e-01 8.67e-02 +0.133  0.98 | 8.1e+01 4.9e+00 2.523e+00
#5568  3125   1 | 6.37e-01 0.00e+00   +nan  1.00 | 1.03e+00 1.09e-01 +0.123  0.99 | 5.7e+01 4.8e+00 1.448e+00
#5569  1904   1 | 5.56e-01 0.00e+00   +nan  1.00 | 1.04e+00 1.03e-01 +0.074  1.00 | 8.0e+01 5.2e+00 1.390e+00
#5570  2976   1 | 6.58e-01 0.00e+00   +nan  1.00 | 1.07e+00 1.28e-01 +0.185  0.97 | 4.8e+01 5.4e+00 1.543e+00
#5571  3753   1 | 1.02e+00 0.00e+00   +nan  1.00 | 9.92e-01 2.09e-01 +0.166  0.97 | 4.4e+01 5.0e+00 1.991e+00
#5572  3561   1 | 5.92e-01 0.00e+00   +nan  1.00 | 1.05e+00 1.66e-01 +0.087  1.00 | 5.3e+01 4.6e+00 1.456e+00
#5573  4325   1 | 1.08e+00 0.00e+00   +nan  1.00 | 9.93e-01 1.92e-01 +0.160  0.98 | 4.5e+01 4.9e+00 2.131e+00
#5574  4587   1 | 1.09e+00 0.00e+00   +nan  1.00 | 1.04e+00 2.42e-01 +0.230  0.95 | 4.7e+01 4.7e+00 2.205e+00
#5575   798   1 | 1.31e+00 0.00e+00   +nan  1.00 | 1.09e+00 1.31e-01 +0.010  1.01 | 6.3e+01 5.7e+00 2.919e+00
#5576   733   1 | 9.07e-01 0.00e+00   +nan  1.00 | 9.18e-01 1.02e-01 -0.033  1.02 | 7.5e+01 4.8e+00 1.682e+00
#5577  3163   1 | 1.08e+00 0.00e+00   +nan  1.00 | 9.68e-01 1.67e-01 +0.225  0.95 | 4.7e+01 4.8e+00 2.050e+00
#5578  4674   1 | 8.11e-01 0.00e+00   +nan  1.00 | 1.01e+00 2.31e-01 +0.262  0.93 | 5.7e+01 4.7e+00 1.615e+00
#5579  2377   1 | 6.03e-01 0.00e+00   +nan  1.00 | 1.08e+00 1.09e-01 +0.087  0.99 | 6.1e+01 4.6e+00 1.530e+00
#5580  1553   1 | 1.12e+00 0.00e+00   +nan  1.00 | 1.01e+00 1.18e-01 +0.215  0.96 | 7.4e+01 4.8e+00 2.235e+00
#5581  4982   1 | 7.47e-01 0.00e+00   +nan  1.00 | 9.59e-01 2.41e-01 +0.405  0.86 | 4.1e+01 4.7e+00 1.348e+00
#5582  2386   1 | 1.02e+00 0.00e+00   +nan  1.00 | 1.13e+00 1.22e-01 +0.118  0.99 | 5.8e+01 4.8e+00 2.308e+00
#5583  2346   1 | 1.18e+00 0.00e+00   +nan  1.00 | 9.58e-01 1.20e-01 -0.035  1.02 | 5.9e+01 5.3e+00 2.329e+00
#5584  2521   1 | 1.40e+00 0.00e+00   +nan  1.00 | 1.01e+00 1.37e-01 +0.016  1.01 | 6.0e+01 5.0e+00 3.010e+00
#5585  2544   1 | 1.17e+00 0.00e+00   +nan  1.00 | 1.17e+00 1.52e-01 +0.052  1.00 | 5.6e+01 5.1e+00 2.736e+00
#5586   252   1 | 1.31e+00 0.00e+00   +nan  1.00 | 1.01e+00 1.21e-01 +0.070  1.00 | 5.4e+01 5.1e+00 2.743e+00
#5587  3627   1 | 1.07e+00 0.00e+00   +nan  1.00 | 9.97e-01 2.25e-01 +0.034  1.04 | 4.2e+01 4.9e+00 2.167e+00
#5588  2819   1 | 4.51e-01 0.00e+00   +nan  1.00 | 1.00e+00 1.02e-01 -0.010  1.01 | 5.3e+01 5.2e+00 1.219e+00
#5589  2995   1 | 1.06e+00 0.00e+00   +nan  1.00 | 1.03e+00 1.06e-01 +0.049  1.00 | 4.7e+01 4.9e+00 2.180e+00
#5590  1098   1 | 1.15e+00 0.00e+00   +nan  1.00 | 9.43e-01 6.79e-02 -0.047  1.01 | 7.2e+01 4.3e+00 2.213e+00
#5591  2054   1 | 1.10e+00 0.00e+00   +nan  1.00 | 9.82e-01 8.16e-02 +0.046  1.00 | 6.7e+01 4.8e+00 2.183e+00
#5592   887   1 | 9.98e-01 0.00e+00   +nan  1.00 | 9.45e-01 6.48e-02 -0.008  1.01 | 6.7e+01 5.0e+00 1.895e+00
#5593  4528   1 | 1.31e+00 0.00e+00   +nan  1.00 | 1.04e+00 1.18e-01 +0.190  0.97 | 5.0e+01 4.7e+00 2.764e+00
#5594  2964   1 | 9.07e-01 0.00e+00   +nan  1.00 | 9.51e-01 7.83e-02 -0.041  1.01 | 5.2e+01 5.1e+00 1.739e+00
#5595  1377   1 | 4.70e-01 0.00e+00   +nan  1.00 | 9.87e-01 6.93e-02 +0.068  1.00 | 7.8e+01 5.0e+00 1.191e+00
#5596  4206   1 | 8.73e-01 0.00e+00   +nan  1.00 | 9.10e-01 7.94e-02 +0.232  0.97 | 3.9e+01 4.9e+00 1.563e+00
#5597   227   1 | 8.89e-01 0.00e+00   +nan  1.00 | 9.15e-01 6.21e-02 -0.095  1.02 | 5.5e+01 4.7e+00 1.642e+00
#5598  1553   1 | 1.23e+00 0.00e+00   +nan  1.00 | 9.89e-01 4.54e-02 -0.033  1.01 | 7.6e+01 4.5e+00 2.500e+00
#5599  2842   1 | 1.08e+00 0.00e+00   +nan  1.00 | 9.70e-01 7.73e-02 +0.071  1.00 | 4.6e+01 5.2e+00 2.099e+00
#5600  1239   1 | 5.46e-01 0.00e+00   +nan  1.00 | 1.03e+00 5.19e-02 +0.014  1.00 | 6.5e+01 5.1e+00 1.358e+00
#5601  2781   1 | 1.30e+00 0.00e+00   +nan  1.00 | 9.64e-01 4.89e-02 +0.238  0.98 | 5.8e+01 5.0e+00 2.591e+00
#5602  4646   1 | 6.92e-01 0.00e+00   +nan  1.00 | 1.09e+00 2.62e-01 +0.326  0.90 | 4.4e+01 4.7e+00 1.544e+00
#5603   382   1 | 1.32e+00 0.00e+00   +nan  1.00 | 1.12e+00 3.93e-02 +0.024  1.00 | 5.8e+01 4.5e+00 3.007e+00
#5604  1283   1 | 8.24e-01 0.00e+00   +nan  1.00 | 9.42e-01 5.57e-02 +0.149  0.99 | 6.9e+01 5.0e+00 1.554e+00
#5605   104   1 | 9.65e-01 0.00e+00   +nan  1.00 | 1.06e+00 3.93e-02 +0.044  1.00 | 5.0e+01 4.5e+00 2.061e+00
#5606  3984   1 | 1.00e+00 0.00e+00   +nan  1.00 | 8.61e-01 6.97e-02 +0.371  0.95 | 4.1e+01 4.7e+00 1.705e+00
#5607    90   1 | 1.09e+00 0.00e+00   +nan  1.00 | 9.37e-01 4.11e-02 -0.028  1.00 | 5.4e+01 4.7e+00 2.065e+00
#5608   732   1 | 8.26e-01 0.00e+00   +nan  1.00 | 9.54e-01 4.74e-02 -0.046  1.01 | 7.8e+01 4.6e+00 1.598e+00
#5609  1997   1 | 1.04e+00 0.00e+00   +nan  1.00 | 1.08e+00 5.04e-02 +0.117  0.99 | 7.8e+01 5.2e+00 2.256e+00
#5610  1229   1 | 1.12e+00 0.00e+00   +nan  1.00 | 1.13e+00 4.70e-02 +0.028  1.00 | 6.9e+01 4.9e+00 2.541e+00
#5611  3941   1 | 1.08e+00 0.00e+00   +nan  1.00 | 9.80e-01 6.34e-02 +0.133  0.99 | 3.9e+01 4.7e+00 2.124e+00
#5612  2526   1 | 1.14e+00 0.00e+00   +nan  1.00 | 9.88e-01 4.26e-02 -0.047  1.01 | 5.6e+01 4.9e+00 2.277e+00
#5613   723   1 | 7.28e-01 0.00e+00   +nan  1.00 | 9.46e-01 4.91e-02 +0.023  1.00 | 6.4e+01 4.8e+00 1.426e+00
#5614  1384   1 | 1.20e+00 0.00e+00   +nan  1.00 | 1.05e+00 4.08e-02 +0.012  1.00 | 8.0e+01 4.6e+00 2.563e+00
#5615  3654   1 | 1.02e+00 0.00e+00   +nan  1.00 | 1.02e+00 1.25e-01 +0.252  0.95 | 3.6e+01 4.8e+00 2.038e+00
#5616  1500   1 | 1.22e+00 0.00e+00   +nan  1.00 | 1.10e+00 4.41e-02 +0.037  1.00 | 7.1e+01 4.5e+00 2.713e+00
#5617  4917   1 | 1.01e+00 0.00e+00   +nan  1.00 | 1.07e+00 1.89e-01 +0.294  0.93 | 3.0e+01 4.2e+00 2.098e+00
#5618  3373   1 | 9.75e-01 0.00e+00   +nan  1.00 | 1.07e+00 8.64e-02 +0.133  0.99 | 4.8e+01 4.9e+00 2.089e+00
#5619  3189   1 | 1.05e+00 0.00e+00   +nan  1.00 | 8.36e-01 9.25e-02 +0.085  0.99 | 4.6e+01 6.0e+00 1.797e+00
#5620   422   1 | 1.35e+00 0.00e+00   +nan  1.00 | 1.00e+00 5.88e-02 -0.101  1.02 | 5.2e+01 5.1e+00 2.834e+00
#5621   991   1 | 1.11e+00 0.00e+00   +nan  1.00 | 1.06e+00 4.26e-02 -0.117  1.01 | 6.0e+01 4.4e+00 2.360e+00
#5622   455   1 | 1.32e+00 0.00e+00   +nan  1.00 | 1.02e+00 4.70e-02 -0.097  1.01 | 5.4e+01 4.4e+00 2.788e+00
#5623  1860   1 | 1.38e+00 0.00e+00   +nan  1.00 | 1.03e+00 3.88e-02 -0.008  1.00 | 7.4e+01 4.9e+00 2.962e+00
#5624   432   1 | 4.94e-01 0.00e+00   +nan  1.00 | 1.12e+00 4.13e-02 +0.194  0.99 | 5.2e+01 4.4e+00 1.476e+00
#5625  4885   1 | 1.13e+00 4.60e-16 +0.411  1.00 | 9.80e-01 2.97e-01 +0.196  0.97 | 3.4e+01 4.8e+00 2.212e+00
#5626  2187   1 | 1.08e+00 0.00e+00   +nan  1.00 | 9.93e-01 5.29e-02 +0.130  0.99 | 6.1e+01 4.8e+00 2.137e+00
#5627  1222   1 | 1.32e+00 0.00e+00   +nan  1.00 | 1.12e+00 4.21e-02 -0.007  1.00 | 5.5e+01 4.5e+00 3.007e+00
#5628  4380   1 | 8.32e-01 0.00e+00   +nan  1.00 | 1.01e+00 2.14e-01 +0.153  0.98 | 3.2e+01 5.0e+00 1.699e+00
#5629  4709   1 | 1.12e+00 0.00e+00   +nan  1.00 | 9.82e-01 2.01e-01 +0.453  0.86 | 3.7e+01 4.5e+00 2.089e+00
#5630  2570   1 | 5.53e-01 0.00e+00   +nan  1.00 | 1.03e+00 4.33e-02 +0.067  1.00 | 5.3e+01 4.6e+00 1.361e+00
#5631  2029   1 | 1.07e+00 0.00e+00   +nan  1.00 | 1.03e+00 5.10e-02 -0.003  1.00 | 6.2e+01 5.2e+00 2.199e+00
#5632  2142   1 | 7.40e-01 0.00e+00   +nan  1.00 | 9.49e-01 4.52e-02 +0.104  0.99 | 6.3e+01 5.1e+00 1.443e+00
#5633  1619   1 | 1.20e+00 0.00e+00   +nan  1.00 | 1.05e+00 4.98e-02 +0.087  0.99 | 5.8e+01 4.7e+00 2.553e+00
#5634  1713   1 | 1.29e+00 0.00e+00   +nan  1.00 | 9.27e-01 5.36e-02 +0.099  0.99 | 6.9e+01 5.0e+00 2.529e+00
#5635  4641   1 | 6.13e-01 0.00e+00   +nan  1.00 | 1.03e+00 1.98e-01 +0.302  0.92 | 4.0e+01 4.5e+00 1.351e+00
#5636  3450   1 | 9.56e-01 0.00e+00   +nan  1.00 | 1.06e+00 1.37e-01 +0.309  0.94 | 3.6e+01 4.6e+00 1.974e+00
#5637  1715   1 | 1.08e+00 0.00e+00   +nan  1.00 | 9.97e-01 5.61e-02 -0.044  1.01 | 7.0e+01 4.6e+00 2.160e+00
#5638  1415   1 | 1.40e+00 0.00e+00   +nan  1.00 | 1.01e+00 6.76e-02 -0.118  1.02 | 5.8e+01 5.3e+00 3.012e+00
#5639  4322   1 | 1.03e+00 0.00e+00   +nan  1.00 | 1.13e+00 2.78e-01 +0.152  0.99 | 3.2e+01 5.2e+00 2.325e+00
#5640  2417   1 | 9.62e-01 0.00e+00   +nan  1.00 | 1.03e+00 7.17e-02 +0.084  0.99 | 4.7e+01 4.8e+00 1.983e+00
#5641  2184   1 | 1.14e+00 0.00e+00   +nan  1.00 | 9.75e-01 7.00e-02 -0.083  1.02 | 5.3e+01 4.6e+00 2.262e+00
#5642  1301   1 | 1.07e+00 0.00e+00   +nan  1.00 | 9.70e-01 5.99e-02 -0.082  1.01 | 5.3e+01 4.8e+00 2.102e+00
#5643  1926   1 | 8.55e-01 0.00e+00   +nan  1.00 | 9.10e-01 5.71e-02 +0.079  0.99 | 5.0e+01 4.9e+00 1.554e+00
#5644  3504   1 | 8.47e-01 0.00e+00   +nan  1.00 | 9.42e-01 1.68e-01 +0.197  0.96 | 3.2e+01 4.5e+00 1.571e+00
#5645  2825   1 | 8.96e-01 0.00e+00   +nan  1.00 | 9.15e-01 6.77e-02 -0.096  1.02 | 3.6e+01 4.7e+00 1.656e+00
#5646  4794   1 | 1.07e+00 6.34e-20 +0.257  1.00 | 1.08e+00 2.43e-01 +0.206  0.96 | 4.1e+01 4.6e+00 2.271e+00
#5647  1905   1 | 1.17e+00 0.00e+00   +nan  1.00 | 1.17e+00 4.93e-02 +0.109  0.99 | 5.3e+01 4.6e+00 2.723e+00
#5648  1280   1 | 1.38e+00 0.00e+00   +nan  1.00 | 1.03e+00 5.11e-02 +0.023  1.00 | 4.5e+01 4.9e+00 2.957e+00
#5649  1417   1 | 1.22e+00 0.00e+00   +nan  1.00 | 1.10e+00 3.35e-02 -0.000  1.00 | 5.6e+01 4.5e+00 2.716e+00
#5650  3452   1 | 1.27e+00 0.00e+00   +nan  1.00 | 1.08e+00 8.85e-02 +0.240  0.97 | 3.2e+01 4.7e+00 2.742e+00
#5651  4795   1 | 1.12e+00 2.02e-19 +0.393  1.00 | 1.02e+00 3.05e-01 +0.359  0.87 | 4.3e+01 5.1e+00 2.164e+00
#5652  2590   1 | 6.06e-01 0.00e+00   +nan  1.00 | 1.08e+00 5.73e-02 +0.038  1.00 | 4.2e+01 4.7e+00 1.540e+00
#5653  1532   1 | 1.12e+00 0.00e+00   +nan  1.00 | 1.13e+00 3.61e-02 +0.059  1.00 | 5.3e+01 4.7e+00 2.536e+00
#5654  4988   1 | 1.16e+00 8.04e-20 -0.601  1.00 | 1.05e+00 2.99e-01 +0.323  0.90 | 4.4e+01 4.8e+00 2.335e+00
#5655  3845   1 | 5.79e-01 0.00e+00   +nan  1.00 | 9.77e-01 1.43e-01 +0.142  0.98 | 3.0e+01 4.8e+00 1.272e+00
#5656  3723   1 | 1.11e+00 2.62e-22 +0.143  1.00 | 9.37e-01 3.31e-01 +0.173  1.00 | 2.4e+01 5.3e+00 2.115e+00
#5657  4560   1 | 7.66e-01 4.96e-20 -0.050  1.00 | 9.59e-01 2.61e-01 +0.389  0.86 | 3.5e+01 4.5e+00 1.380e+00
#5658  2644   1 | 9.80e-01 0.00e+00   +nan  1.00 | 1.04e+00 5.51e-02 +0.183  0.98 | 4.1e+01 4.5e+00 2.029e+00
#5659  1775   1 | 1.08e+00 0.00e+00   +nan  1.00 | 9.68e-01 4.63e-02 +0.020  1.00 | 6.2e+01 4.7e+00 2.108e+00
#5660  2037   1 | 1.23e+00 0.00e+00   +nan  1.00 | 9.89e-01 5.52e-02 +0.035  1.00 | 5.0e+01 5.2e+00 2.489e+00
#5661  2517   1 | 7.31e-01 0.00e+00   +nan  1.00 | 9.46e-01 5.63e-02 -0.004  1.00 | 3.6e+01 5.0e+00 1.433e+00
#5662   356   1 | 1.15e+00 0.00e+00   +nan  1.00 | 9.43e-01 6.67e-02 +0.052  1.00 | 3.6e+01 5.4e+00 2.199e+00
#5663  2911   1 | 1.30e+00 0.00e+00   +nan  1.00 | 1.01e+00 7.35e-02 +0.089  0.99 | 3.0e+01 4.9e+00 2.702e+00
#5664   900   1 | 9.98e-01 0.00e+00   +nan  1.00 | 8.61e-01 4.19e-02 +0.063  1.00 | 4.4e+01 5.0e+00 1.735e+00
#5665  3357   1 | 9.88e-01 0.00e+00   +nan  1.00 | 1.07e+00 1.30e-01 +0.104  0.99 | 3.3e+01 4.6e+00 2.120e+00
#5666  2310   1 | 4.49e-01 0.00e+00   +nan  1.00 | 1.00e+00 4.24e-02 -0.101  1.01 | 4.9e+01 5.1e+00 1.215e+00
#5667  3267   1 | 1.29e+00 0.00e+00   +nan  1.00 | 1.09e+00 7.29e-02 +0.137  0.99 | 3.7e+01 5.1e+00 2.857e+00
#5668  3077   1 | 1.11e+00 0.00e+00   +nan  1.00 | 1.06e+00 7.18e-02 +0.035  1.00 | 2.9e+01 4.7e+00 2.361e+00
#5669  4519   1 | 1.35e+00 0.00e+00   +nan  1.00 | 1.00e+00 2.32e-01 +0.246  0.94 | 3.1e+01 5.0e+00 2.765e+00
#5670   152   1 | 1.18e+00 0.00e+00   +nan  1.00 | 9.58e-01 4.92e-02 -0.065  1.01 | 3.5e+01 4.9e+00 2.317e+00
#5671   701   1 | 1.21e+00 0.00e+00   +nan  1.00 | 9.11e-01 3.90e-02 +0.046  1.00 | 4.7e+01 5.0e+00 2.288e+00
#5672  1702   1 | 1.04e+00 0.00e+00   +nan  1.00 | 8.36e-01 3.93e-02 +0.117  0.99 | 5.8e+01 4.7e+00 1.778e+00
#5673  4839   1 | 9.05e-01 3.26e-19 -0.783  1.00 | 9.18e-01 2.85e-01 +0.341  0.88 | 4.2e+01 5.0e+00 1.564e+00
#5674  1802   1 | 1.10e+00 0.00e+00   +nan  1.00 | 1.08e+00 3.97e-02 +0.040  1.00 | 5.7e+01 4.6e+00 2.370e+00
#5675  3063   1 | 8.35e-01 0.00e+00   +nan  1.00 | 9.54e-01 5.72e-02 +0.028  1.00 | 3.1e+01 5.0e+00 1.607e+00
#5676  2903   1 | 9.77e-01 0.00e+00   +nan  1.00 | 1.06e+00 4.92e-02 +0.242  0.98 | 3.5e+01 4.8e+00 2.051e+00
#5677  4541   1 | 1.32e+00 0.00e+00   +nan  1.00 | 1.02e+00 2.87e-01 +0.252  0.94 | 3.3e+01 5.1e+00 2.721e+00
#5678  2901   1 | 9.71e-01 0.00e+00   +nan  1.00 | 1.02e+00 5.08e-02 -0.027  1.01 | 3.2e+01 4.3e+00 1.984e+00
#5679  2485   1 | 7.11e-01 0.00e+00   +nan  1.00 | 1.09e+00 6.06e-02 +0.110  0.99 | 3.8e+01 4.6e+00 1.679e+00
#5680  4650   1 | 5.41e-01 0.00e+00   +nan  1.00 | 1.04e+00 2.88e-01 +0.365  0.87 | 5.3e+01 4.8e+00 1.243e+00
#5681   565   1 | 1.12e+00 0.00e+00   +nan  1.00 | 1.01e+00 4.18e-02 +0.077  1.00 | 4.3e+01 4.8e+00 2.268e+00
#5682  4354   1 | 1.06e+00 0.00e+00   +nan  1.00 | 1.04e+00 2.17e-01 +0.139  0.99 | 3.1e+01 5.0e+00 2.191e+00
#5683    45   1 | 1.04e+00 0.00e+00   +nan  1.00 | 1.02e+00 5.77e-02 +0.142  0.99 | 3.9e+01 4.8e+00 2.116e+00
#5684   475   1 | 9.98e-01 0.00e+00   +nan  1.00 | 9.45e-01 4.17e-02 +0.051  1.00 | 4.2e+01 4.9e+00 1.888e+00
#5685   117   1 | 9.23e-01 0.00e+00   +nan  1.00 | 9.51e-01 5.36e-02 -0.011  1.00 | 3.4e+01 4.7e+00 1.759e+00
#5686  2600   1 | 7.05e-01 0.00e+00   +nan  1.00 | 1.00e+00 6.26e-02 +0.233  0.97 | 4.5e+01 5.1e+00 1.476e+00
#5687  2608   1 | 5.16e-01 0.00e+00   +nan  1.00 | 9.97e-01 7.47e-02 -0.054  1.01 | 3.9e+01 5.1e+00 1.273e+00
#5688   364   1 | 1.65e+00 0.00e+00   +nan  1.00 | 9.65e-01 6.15e-02 -0.068  1.01 | 3.9e+01 4.6e+00 3.679e+00
#5689  1733   1 | 9.61e-01 0.00e+00   +nan  1.00 | 9.60e-01 4.17e-02 +0.018  1.00 | 7.0e+01 4.7e+00 1.845e+00
#5690  4145   1 | 1.14e+00 0.00e+00   +nan  1.00 | 9.88e-01 8.70e-02 +0.101  0.99 | 3.0e+01 4.9e+00 2.255e+00
#5691  2215   1 | 6.58e-01 0.00e+00   +nan  1.00 | 1.07e+00 4.11e-02 -0.005  1.00 | 4.9e+01 4.8e+00 1.579e+00
#5692   753   1 | 4.70e-01 0.00e+00   +nan  1.00 | 9.87e-01 3.99e-02 +0.209  0.98 | 5.3e+01 4.7e+00 1.181e+00
#5693  1578   1 | 1.31e+00 0.00e+00   +nan  1.00 | 1.04e+00 3.99e-02 +0.108  0.99 | 6.0e+01 4.5e+00 2.775e+00
#5694  3128   1 | 1.02e+00 0.00e+00   +nan  1.00 | 9.92e-01 1.26e-01 +0.050  1.00 | 3.5e+01 5.1e+00 2.027e+00
#5695  3326   1 | 9.74e-01 0.00e+00   +nan  1.00 | 1.07e+00 8.44e-02 +0.055  1.00 | 3.7e+01 4.3e+00 2.101e+00
#5696   934   1 | 5.78e-01 0.00e+00   +nan  1.00 | 1.05e+00 5.41e-02 +0.092  0.99 | 5.8e+01 5.4e+00 1.434e+00
#5697  1092   1 | 1.29e+00 0.00e+00   +nan  1.00 | 9.64e-01 4.29e-02 +0.105  0.99 | 5.9e+01 5.0e+00 2.599e+00
#5698  4254   1 | 1.08e+00 0.00e+00   +nan  1.00 | 9.82e-01 1.79e-01 +0.286  0.93 | 3.4e+01 4.5e+00 2.059e+00
#5699  3293   1 | 9.74e-01 0.00e+00   +nan  1.00 | 1.07e+00 1.43e-01 +0.053  1.00 | 3.5e+01 4.3e+00 2.107e+00
#5700  4628   1 | 1.12e+00 3.74e-23 -0.121  1.00 | 9.80e-01 2.67e-01 +0.150  0.99 | 5.2e+01 4.9e+00 2.214e+00
#5701  3058   1 | 1.39e+00 0.00e+00   +nan  1.00 | 1.03e+00 7.15e-02 +0.132  0.99 | 3.7e+01 5.0e+00 2.965e+00
#5702  2041   1 | 6.58e-01 0.00e+00   +nan  1.00 | 1.07e+00 4.45e-02 +0.231  0.98 | 5.6e+01 4.9e+00 1.557e+00
#5703  2954   1 | 1.22e+00 0.00e+00   +nan  1.00 | 1.10e+00 7.02e-02 +0.118  0.99 | 3.6e+01 4.8e+00 2.706e+00
#5704  2780   1 | 7.15e-01 0.00e+00   +nan  1.00 | 1.09e+00 5.18e-02 +0.199  0.98 | 4.5e+01 4.5e+00 1.675e+00
#5705  4376   1 | 1.32e+00 0.00e+00   +nan  1.00 | 1.02e+00 1.22e-01 +0.209  0.96 | 3.3e+01 4.7e+00 2.757e+00
#5706  4235   1 | 1.03e+00 0.00e+00   +nan  1.00 | 9.92e-01 1.87e-01 +0.113  0.99 | 3.1e+01 4.8e+00 2.033e+00
#5707   635   1 | 1.31e+00 0.00e+00   +nan  1.00 | 1.09e+00 5.36e-02 +0.027  1.00 | 4.4e+01 4.6e+00 2.904e+00
#5708  4919   1 | 1.29e+00 7.57e-18 -0.476  1.00 | 9.64e-01 2.83e-01 +0.373  0.87 | 3.3e+01 5.1e+00 2.463e+00
#5709  2115   1 | 9.71e-01 0.00e+00   +nan  1.00 | 1.02e+00 6.08e-02 +0.031  1.00 | 6.0e+01 4.6e+00 1.978e+00
#5710  4319   1 | 7.28e-01 0.00e+00   +nan  1.00 | 9.46e-01 1.79e-01 +0.050  1.02 | 3.4e+01 5.2e+00 1.439e+00
#5711  2333   1 | 1.10e+00 0.00e+00   +nan  1.00 | 1.08e+00 6.95e-02 +0.187  0.98 | 5.2e+01 4.8e+00 2.349e+00
#5712  2790   1 | 1.11e+00 0.00e+00   +nan  1.00 | 1.06e+00 9.37e-02 +0.000  1.01 | 4.1e+01 4.4e+00 2.365e+00
#5713   137   1 | 1.04e+00 0.00e+00   +nan  1.00 | 8.36e-01 8.19e-02 -0.096  1.03 | 3.8e+01 5.0e+00 1.804e+00
#5714  4237   1 | 1.27e+00 0.00e+00   +nan  1.00 | 1.08e+00 2.01e-01 +0.185  0.97 | 3.3e+01 4.6e+00 2.751e+00
#5715  2831   1 | 5.84e-01 0.00e+00   +nan  1.00 | 1.05e+00 8.97e-02 +0.157  0.98 | 3.6e+01 4.8e+00 1.427e+00
#5716  4605   1 | 5.42e-01 0.00e+00   +nan  1.00 | 1.04e+00 3.15e-01 +0.325  0.89 | 3.9e+01 5.1e+00 1.266e+00
#5717  1423   1 | 9.98e-01 0.00e+00   +nan  1.00 | 9.45e-01 7.01e-02 -0.091  1.02 | 6.4e+01 5.2e+00 1.908e+00
#5718  2547   1 | 8.30e-01 0.00e+00   +nan  1.00 | 9.42e-01 8.56e-02 +0.061  1.00 | 4.8e+01 5.1e+00 1.574e+00
#5719  2716   1 | 7.44e-01 0.00e+00   +nan  1.00 | 9.49e-01 6.99e-02 +0.032  1.00 | 4.5e+01 4.6e+00 1.455e+00
#5720  2197   1 | 1.34e+00 0.00e+00   +nan  1.00 | 1.00e+00 6.92e-02 +0.034  1.00 | 6.0e+01 5.0e+00 2.808e+00
#5721  1650   1 | 9.07e-01 0.00e+00   +nan  1.00 | 9.18e-01 4.80e-02 -0.042  1.01 | 7.1e+01 4.4e+00 1.671e+00
#5722   542   1 | 1.32e+00 0.00e+00   +nan  1.00 | 1.12e+00 7.10e-02 +0.049  1.00 | 4.7e+01 5.3e+00 3.004e+00
#5723   183   1 | 1.11e+00 0.00e+00   +nan  1.00 | 1.02e+00 6.03e-02 +0.066  1.00 | 4.9e+01 5.2e+00 2.261e+00
#5724   143   1 | 9.60e-01 0.00e+00   +nan  1.00 | 9.60e-01 6.88e-02 -0.079  1.02 | 4.1e+01 5.3e+00 1.859e+00
#5725    28   1 | 1.09e+00 0.00e+00   +nan  1.00 | 9.37e-01 5.24e-02 -0.058  1.01 | 3.9e+01 5.0e+00 2.070e+00
#5726  3259   1 | 1.29e+00 0.00e+00   +nan  1.00 | 1.01e+00 7.97e-02 +0.171  0.98 | 4.5e+01 5.1e+00 2.670e+00
#5727   765   1 | 9.65e-01 0.00e+00   +nan  1.00 | 1.06e+00 4.35e-02 +0.023  1.00 | 5.9e+01 5.2e+00 2.062e+00
#5728  1796   1 | 1.02e+00 0.00e+00   +nan  1.00 | 1.13e+00 5.32e-02 +0.082  0.99 | 7.4e+01 5.0e+00 2.314e+00
#5729  2794   1 | 1.17e+00 0.00e+00   +nan  1.00 | 1.17e+00 5.05e-02 +0.029  1.00 | 4.8e+01 4.8e+00 2.730e+00
#5730  4652   1 | 1.13e+00 3.74e-23 -0.211  1.00 | 1.13e+00 2.93e-01 +0.299  0.91 | 4.8e+01 4.6e+00 2.456e+00
#5731  2622   1 | 8.60e-01 0.00e+00   +nan  1.00 | 9.10e-01 5.71e-02 +0.126  0.99 | 5.2e+01 4.8e+00 1.558e+00
#5732  2282   1 | 5.71e-01 0.00e+00   +nan  1.00 | 9.77e-01 4.82e-02 -0.025  1.00 | 5.3e+01 4.9e+00 1.286e+00
#5733  3728   1 | 1.17e+00 0.00e+00   +nan  1.00 | 1.05e+00 2.34e-01 +0.069  1.02 | 3.1e+01 4.8e+00 2.497e+00
#5734  3349   1 | 8.96e-01 0.00e+00   +nan  1.00 | 9.51e-01 6.56e-02 +0.072  0.99 | 4.1e+01 5.0e+00 1.703e+00
#5735  3149   1 | 9.58e-01 0.00e+00   +nan  1.00 | 1.03e+00 6.66e-02 -0.003  1.00 | 4.4e+01 4.7e+00 1.988e+00
#5736  4270   1 | 5.12e-01 0.00e+00   +nan  1.00 | 9.97e-01 5.77e-02 +0.185  0.98 | 4.1e+01 4.8e+00 1.238e+00
#5737  4721   1 | 1.22e+00 2.13e-19 +0.592  1.00 | 9.11e-01 2.35e-01 +0.193  0.97 | 4.1e+01 5.1e+00 2.296e+00
#5738  1667   1 | 1.65e+00 0.00e+00   +nan  1.00 | 9.65e-01 3.99e-02 +0.127  0.99 | 7.2e+01 5.1e+00 3.660e+00
#5739  4420   1 | 1.13e+00 0.00e+00   +nan  1.00 | 9.75e-01 1.07e-01 +0.146  0.98 | 3.5e+01 4.9e+00 2.216e+00
#5740  2136   1 | 1.15e+00 0.00e+00   +nan  1.00 | 9.43e-01 4.25e-02 +0.031  1.00 | 7.4e+01 5.3e+00 2.201e+00
#5741  2027   1 | 8.28e-01 0.00e+00   +nan  1.00 | 9.54e-01 3.57e-02 +0.076  1.00 | 7.3e+01 4.4e+00 1.591e+00
#5742  4272   1 | 9.06e-01 0.00e+00   +nan  1.00 | 9.15e-01 6.59e-02 +0.014  1.00 | 4.0e+01 5.4e+00 1.661e+00
#5743  4626   1 | 4.67e-01 5.25e-20 -0.658  1.00 | 9.87e-01 2.98e-01 +0.322  0.90 | 4.3e+01 5.2e+00 1.093e+00
#5744  3809   1 | 7.14e-01 0.00e+00   +nan  1.00 | 1.00e+00 5.40e-02 +0.207  0.98 | 4.3e+01 4.6e+00 1.495e+00
#5745  1462   1 | 9.70e-01 0.00e+00   +nan  1.00 | 1.06e+00 2.79e-02 +0.112  0.99 | 7.3e+01 4.0e+00 2.054e+00
#5746  1833   1 | 1.07e+00 0.00e+00   +nan  1.00 | 1.03e+00 3.74e-02 +0.086  1.00 | 8.1e+01 4.5e+00 2.192e+00
#5747  4729   1 | 1.09e+00 0.00e+00   +nan  1.00 | 9.68e-01 1.82e-01 +0.173  0.97 | 3.5e+01 4.6e+00 2.096e+00
#5748  1784   1 | 1.07e+00 0.00e+00   +nan  1.00 | 9.70e-01 4.43e-02 -0.045  1.01 | 8.7e+01 5.6e+00 2.097e+00
#5749  3620   1 | 1.13e+00 0.00e+00   +nan  1.00 | 9.88e-01 9.75e-02 +0.032  1.00 | 3.7e+01 5.0e+00 2.252e+00
#5750  1114   1 | 9.75e-01 0.00e+00   +nan  1.00 | 1.04e+00 3.68e-02 +0.129  0.99 | 7.2e+01 4.8e+00 2.028e+00
#5751  3442   1 | 6.44e-01 0.00e+00   +nan  1.00 | 1.03e+00 7.48e-02 +0.162  0.98 | 4.9e+01 4.8e+00 1.453e+00
#5752  2808   1 | 1.22e+00 0.00e+00   +nan  1.00 | 9.89e-01 5.84e-02 +0.101  0.99 | 5.2e+01 5.4e+00 2.465e+00
#5753  3221   1 | 9.90e-01 0.00e+00   +nan  1.00 | 1.07e+00 8.02e-02 +0.294  0.96 | 4.1e+01 5.0e+00 2.092e+00
#5754  3422   1 | 1.11e+00 0.00e+00   +nan  1.00 | 1.05e+00 7.95e-02 +0.179  0.98 | 6.0e+01 4.6e+00 2.308e+00
#5755  3290   1 | 1.13e+00 0.00e+00   +nan  1.00 | 1.01e+00 9.67e-02 +0.206  0.97 | 4.0e+01 5.1e+00 2.253e+00
#5756   534   1 | 1.08e+00 0.00e+00   +nan  1.00 | 1.04e+00 5.99e-02 +0.037  1.00 | 5.3e+01 5.1e+00 2.253e+00
#5757   243   1 | 1.31e+00 0.00e+00   +nan  1.00 | 1.04e+00 5.75e-02 +0.135  0.99 | 5.6e+01 4.7e+00 2.774e+00
#5758  3450   1 | 4.99e-01 0.00e+00   +nan  1.00 | 1.12e+00 1.29e-01 +0.209  0.97 | 4.3e+01 5.7e+00 1.454e+00
#5759  4411   1 | 1.19e+00 0.00e+00   +nan  1.00 | 9.58e-01 8.81e-02 +0.076  0.99 | 4.3e+01 3.9e+00 2.319e+00
#5760  3020   1 | 1.41e+00 0.00e+00   +nan  1.00 | 1.01e+00 7.71e-02 -0.001  1.01 | 5.1e+01 4.8e+00 3.007e+00
#5761  2121   1 | 6.01e-01 0.00e+00   +nan  1.00 | 1.08e+00 5.19e-02 +0.130  0.99 | 6.6e+01 4.5e+00 1.524e+00
#5762  4443   1 | 5.41e-01 0.00e+00   +nan  1.00 | 1.03e+00 1.65e-01 +0.233  0.95 | 4.4e+01 5.6e+00 1.299e+00
#5763  3513   1 | 1.00e+00 0.00e+00   +nan  1.00 | 8.61e-01 1.36e-01 +0.130  0.98 | 4.3e+01 4.6e+00 1.738e+00
#5764  3691   1 | 1.07e+00 0.00e+00   +nan  1.00 | 9.97e-01 1.53e-01 +0.030  1.01 | 4.3e+01 5.1e+00 2.145e+00
#5765  2621   1 | 1.29e+00 0.00e+00   +nan  1.00 | 9.27e-01 1.28e-01 +0.225  0.96 | 5.4e+01 5.3e+00 2.494e+00
#5766   598   1 | 1.05e+00 0.00e+00   +nan  1.00 | 1.08e+00 5.30e-02 +0.085  0.99 | 5.8e+01 4.1e+00 2.269e+00
#5767   902   1 | 4.46e-01 0.00e+00   +nan  1.00 | 1.00e+00 9.44e-02 +0.086  0.99 | 6.0e+01 5.1e+00 1.195e+00
#5768  1566   1 | 7.72e-01 0.00e+00   +nan  1.00 | 9.59e-01 1.20e-01 +0.067  1.00 | 7.4e+01 5.1e+00 1.514e+00
#5769  1318   1 | 1.04e+00 0.00e+00   +nan  1.00 | 1.02e+00 6.58e-02 +0.035  1.00 | 6.3e+01 4.0e+00 2.125e+00
#5770  2598   1 | 8.28e-01 0.00e+00   +nan  1.00 | 1.01e+00 1.16e-01 +0.125  0.98 | 6.1e+01 4.6e+00 1.695e+00
#5771  3024   1 | 1.07e+00 0.00e+00   +nan  1.00 | 9.93e-01 1.42e-01 +0.123  0.99 | 4.0e+01 4.5e+00 2.124e+00
#5772  4511   1 | 1.13e+00 0.00e+00   +nan  1.00 | 1.05e+00 2.16e-01 +0.325  0.91 | 4.1e+01 4.9e+00 2.290e+00
#5773  2410   1 | 7.76e-01 0.00e+00   +nan  1.00 | 9.59e-01 1.31e-01 +0.167  0.97 | 5.9e+01 4.9e+00 1.497e+00
#5774   394   1 | 1.65e+00 0.00e+00   +nan  1.00 | 9.65e-01 1.14e-01 -0.056  1.03 | 5.3e+01 4.9e+00 3.692e+00
#5775  1377   1 | 1.14e+00 0.00e+00   +nan  1.00 | 9.88e-01 1.25e-01 -0.062  1.03 | 6.9e+01 5.0e+00 2.309e+00
#5776  3161   1 | 1.00e+00 0.00e+00   +nan  1.00 | 8.61e-01 1.99e-01 +0.186  0.97 | 4.0e+01 4.7e+00 1.722e+00
#5777  2778   1 | 1.10e+00 0.00e+00   +nan  1.00 | 9.80e-01 1.22e-01 +0.171  0.97 | 5.1e+01 4.6e+00 2.153e+00
#5778   220   1 | 7.04e-01 0.00e+00   +nan  1.00 | 1.09e+00 1.21e-01 +0.064  1.00 | 3.9e+01 4.6e+00 1.677e+00
#5779  2867   1 | 1.28e+00 0.00e+00   +nan  1.00 | 1.08e+00 1.31e-01 +0.098  0.99 | 4.3e+01 4.7e+00 2.798e+00
#5780  2386   1 | 1.08e+00 0.00e+00   +nan  1.00 | 1.04e+00 1.17e-01 -0.033  1.02 | 5.2e+01 5.0e+00 2.258e+00
#5781  4346   1 | 9.70e-01 0.00e+00   +nan  1.00 | 1.03e+00 2.22e-01 +0.361  0.89 | 4.1e+01 4.5e+00 1.889e+00
#5782   692   1 | 1.17e+00 0.00e+00   +nan  1.00 | 1.17e+00 9.59e-02 +0.198  0.97 | 5.0e+01 4.9e+00 2.700e+00
#5783   868   1 | 1.07e+00 0.00e+00   +nan  1.00 | 9.70e-01 9.88e-02 -0.007  1.01 | 5.6e+01 5.2e+00 2.100e+00
#5784  1974   1 | 9.59e-01 0.00e+00   +nan  1.00 | 1.07e+00 7.96e-02 +0.069  1.00 | 6.1e+01 4.7e+00 2.070e+00
#5785  4422   1 | 1.32e+00 0.00e+00   +nan  1.00 | 1.02e+00 2.08e-01 +0.136  0.99 | 4.1e+01 4.5e+00 2.778e+00
#5786  3436   1 | 8.74e-01 0.00e+00   +nan  1.00 | 9.10e-01 1.43e-01 +0.077  1.00 | 4.9e+01 4.8e+00 1.593e+00
#5787  1128   1 | 1.11e+00 0.00e+00   +nan  1.00 | 9.82e-01 6.61e-02 -0.032  1.01 | 5.5e+01 4.8e+00 2.201e+00
#5788   583   1 | 8.89e-01 0.00e+00   +nan  1.00 | 9.15e-01 6.75e-02 -0.073  1.02 | 4.7e+01 4.6e+00 1.640e+00
#5789  2948   1 | 9.83e-01 0.00e+00   +nan  1.00 | 1.04e+00 1.17e-01 +0.247  0.96 | 3.5e+01 4.8e+00 2.006e+00
#5790  2389   1 | 1.04e+00 0.00e+00   +nan  1.00 | 1.02e+00 6.42e-02 +0.099  0.99 | 4.9e+01 4.4e+00 2.109e+00
#5791  3799   1 | 1.29e+00 0.00e+00   +nan  1.00 | 1.12e+00 1.41e-01 +0.059  1.00 | 3.6e+01 4.9e+00 2.921e+00
#5792  1353   1 | 1.09e+00 0.00e+00   +nan  1.00 | 9.37e-01 5.98e-02 +0.004  1.00 | 7.0e+01 4.8e+00 2.065e+00
#5793  3601   1 | 1.02e+00 0.00e+00   +nan  1.00 | 9.92e-01 1.61e-01 +0.158  0.97 | 4.0e+01 5.0e+00 1.992e+00
#5794   618   1 | 1.08e+00 0.00e+00   +nan  1.00 | 9.97e-01 6.00e-02 -0.009  1.00 | 5.3e+01 5.1e+00 2.160e+00
#5795  3237   1 | 1.11e+00 0.00e+00   +nan  1.00 | 1.06e+00 1.03e-01 +0.100  0.99 | 4.7e+01 4.8e+00 2.353e+00
#5796   622   1 | 5.12e-01 0.00e+00   +nan  1.00 | 9.97e-01 4.31e-02 -0.070  1.01 | 5.3e+01 4.3e+00 1.264e+00
#5797  4593   1 | 1.24e+00 0.00e+00   +nan  1.00 | 9.89e-01 3.05e-01 +0.143  1.01 | 4.5e+01 5.1e+00 2.522e+00
#5798  2725   1 | 1.30e+00 0.00e+00   +nan  1.00 | 9.64e-01 6.68e-02 +0.033  1.00 | 4.8e+01 4.9e+00 2.611e+00
#5799  1678   1 | 1.12e+00 0.00e+00   +nan  1.00 | 1.01e+00 5.24e-02 -0.014  1.00 | 6.4e+01 4.7e+00 2.277e+00
#5800   576   1 | 1.05e+00 0.00e+00   +nan  1.00 | 1.08e+00 4.08e-02 +0.095  0.99 | 4.8e+01 4.2e+00 2.269e+00
#5801  4786   1 | 1.40e+00 0.00e+00   +nan  1.00 | 1.01e+00 2.17e-01 +0.248  0.94 | 3.9e+01 4.7e+00 2.913e+00
#5802  1735   1 | 1.12e+00 0.00e+00   +nan  1.00 | 1.13e+00 4.10e-02 +0.090  0.99 | 8.0e+01 5.1e+00 2.531e+00
#5803   171   1 | 1.31e+00 0.00e+00   +nan  1.00 | 1.04e+00 5.21e-02 +0.050  1.00 | 5.0e+01 4.8e+00 2.784e+00
#5804   167   1 | 7.38e-01 0.00e+00   +nan  1.00 | 9.49e-01 4.66e-02 -0.080  1.01 | 4.5e+01 4.8e+00 1.455e+00
#5805  3131   1 | 7.09e-01 0.00e+00   +nan  1.00 | 1.00e+00 5.17e-02 +0.110  0.99 | 4.5e+01 5.0e+00 1.499e+00
#5806  4393   1 | 1.11e+00 0.00e+00   +nan  1.00 | 1.02e+00 7.56e-02 +0.263  0.97 | 4.0e+01 4.6e+00 2.224e+00
#5807  4781   1 | 1.16e+00 0.00e+00   +nan  1.00 | 9.75e-01 2.43e-01 +0.244  0.94 | 3.2e+01 5.3e+00 2.245e+00
#5808  3386   1 | 6.24e-01 0.00e+00   +nan  1.00 | 1.08e+00 5.69e-02 +0.135  0.99 | 4.2e+01 4.6e+00 1.550e+00
#5809  1922   1 | 1.15e+00 0.00e+00   +nan  1.00 | 9.43e-01 3.71e-02 -0.048  1.01 | 6.8e+01 4.4e+00 2.206e+00
#5810  4309   1 | 1.05e+00 0.00e+00   +nan  1.00 | 8.36e-01 1.02e-01 +0.404  0.92 | 3.3e+01 5.0e+00 1.752e+00
#5811  1802   1 | 1.22e+00 0.00e+00   +nan  1.00 | 1.10e+00 5.14e-02 +0.130  0.99 | 7.1e+01 5.1e+00 2.703e+00
#5812  4081   1 | 8.35e-01 0.00e+00   +nan  1.00 | 9.54e-01 6.36e-02 +0.146  0.98 | 3.3e+01 4.5e+00 1.594e+00
#5813  3988   1 | 5.86e-01 0.00e+00   +nan  1.00 | 1.05e+00 6.59e-02 +0.098  0.99 | 4.2e+01 5.1e+00 1.442e+00
#5814  4899   1 | 9.68e-01 9.27e-19 +0.020  1.00 | 1.06e+00 2.80e-01 +0.422  0.85 | 2.7e+01 5.2e+00 1.895e+00
#5815   304   1 | 1.30e+00 0.00e+00   +nan  1.00 | 9.27e-01 5.18e-02 +0.218  0.98 | 3.9e+01 4.8e+00 2.521e+00
#5816  1549   1 | 9.70e-01 0.00e+00   +nan  1.00 | 1.06e+00 4.77e-02 +0.009  1.00 | 6.6e+01 4.6e+00 2.061e+00
#5817  3696   1 | 1.29e+00 0.00e+00   +nan  1.00 | 1.09e+00 1.78e-01 +0.256  0.94 | 3.3e+01 4.7e+00 2.789e+00
#5818  2723   1 | 1.30e+00 0.00e+00   +nan  1.00 | 1.01e+00 1.02e-01 +0.197  0.97 | 4.2e+01 5.7e+00 2.687e+00
#5819  2263   1 | 1.06e+00 0.00e+00   +nan  1.00 | 1.03e+00 7.66e-02 +0.054  1.00 | 5.0e+01 4.7e+00 2.190e+00
#5820  4476   1 | 5.39e-01 0.00e+00   +nan  1.00 | 1.03e+00 1.64e-01 +0.234  0.95 | 3.8e+01 4.3e+00 1.297e+00
#5821  1249   1 | 1.35e+00 0.00e+00   +nan  1.00 | 1.00e+00 9.13e-02 -0.114  1.03 | 4.8e+01 4.6e+00 2.845e+00
#5822   913   1 | 9.07e-01 0.00e+00   +nan  1.00 | 9.18e-01 9.15e-02 -0.026  1.02 | 4.9e+01 4.3e+00 1.678e+00
#5823  1921   1 | 4.95e-01 0.00e+00   +nan  1.00 | 1.12e+00 9.88e-02 +0.143  0.98 | 5.7e+01 4.6e+00 1.471e+00
#5824  1567   1 | 8.22e-01 0.00e+00   +nan  1.00 | 1.01e+00 1.04e-01 -0.068  1.02 | 5.8e+01 4.6e+00 1.727e+00
#5825  2474   1 | 9.64e-01 0.00e+00   +nan  1.00 | 9.60e-01 1.22e-01 -0.126  1.05 | 4.6e+01 4.6e+00 1.895e+00
#5826  2411   1 | 4.71e-01 0.00e+00   +nan  1.00 | 9.87e-01 1.26e-01 +0.031  1.01 | 4.8e+01 5.2e+00 1.205e+00
#5827   771   1 | 1.08e+00 0.00e+00   +nan  1.00 | 9.93e-01 6.02e-02 -0.110  1.02 | 4.8e+01 4.6e+00 2.171e+00
#5828  1637   1 | 5.55e-01 0.00e+00   +nan  1.00 | 1.04e+00 6.99e-02 +0.154  0.98 | 5.2e+01 5.2e+00 1.376e+00
#5829  3558   1 | 1.18e+00 0.00e+00   +nan  1.00 | 9.58e-01 1.43e-01 -0.071  1.04 | 3.8e+01 4.9e+00 2.346e+00
#5830  2279   1 | 1.00e+00 0.00e+00   +nan  1.00 | 9.45e-01 7.69e-02 +0.057  1.00 | 4.9e+01 5.4e+00 1.894e+00
#5831  3908   1 | 8.57e-01 0.00e+00   +nan  1.00 | 9.42e-01 8.83e-02 +0.123  0.99 | 2.8e+01 4.8e+00 1.608e+00
#5832  4077   1 | 8.80e-01 0.00e+00   +nan  1.00 | 9.51e-01 9.91e-02 +0.213  0.97 | 2.6e+01 4.7e+00 1.648e+00
#5833  4709   1 | 1.09e+00 0.00e+00   +nan  1.00 | 9.68e-01 1.73e-01 +0.315  0.92 | 3.1e+01 5.4e+00 2.048e+00
#5834  3846   1 | 9.73e-01 0.00e+00   +nan  1.00 | 1.02e+00 7.75e-02 +0.125  0.99 | 3.5e+01 4.5e+00 1.969e+00
#5835  3991   1 | 1.04e+00 0.00e+00   +nan  1.00 | 1.13e+00 6.59e-02 +0.118  0.99 | 4.0e+01 5.6e+00 2.355e+00
#5836  3644   1 | 1.40e+00 0.00e+00   +nan  1.00 | 1.03e+00 1.29e-01 +0.086  0.99 | 2.8e+01 4.5e+00 2.998e+00
#5837    26   1 | 7.28e-01 0.00e+00   +nan  1.00 | 9.46e-01 5.08e-02 -0.041  1.01 | 3.2e+01 5.1e+00 1.432e+00
#5838  1175   1 | 5.69e-01 0.00e+00   +nan  1.00 | 9.77e-01 4.44e-02 -0.220  1.02 | 5.7e+01 4.8e+00 1.300e+00
#5839  2219   1 | 6.58e-01 0.00e+00   +nan  1.00 | 1.07e+00 5.09e-02 +0.005  1.00 | 5.2e+01 5.4e+00 1.579e+00
#5840  1722   1 | 6.25e-01 0.00e+00   +nan  1.00 | 1.03e+00 3.43e-02 +0.025  1.00 | 7.3e+01 4.6e+00 1.448e+00
#5841  2653   1 | 1.20e+00 0.00e+00   +nan  1.00 | 9.11e-01 4.78e-02 +0.157  0.99 | 4.4e+01 4.9e+00 2.255e+00
#5842  2101   1 | 4.48e-01 0.00e+00   +nan  1.00 | 1.00e+00 3.47e-02 -0.016  1.00 | 5.5e+01 4.6e+00 1.206e+00
#5843  3005   1 | 9.93e-01 0.00e+00   +nan  1.00 | 1.07e+00 4.52e-02 +0.054  1.00 | 4.0e+01 5.2e+00 2.139e+00
#5844  4084   1 | 1.17e+00 0.00e+00   +nan  1.00 | 1.05e+00 6.40e-02 +0.171  0.98 | 3.0e+01 4.8e+00 2.457e+00
#5845  2593   1 | 1.10e+00 0.00e+00   +nan  1.00 | 1.08e+00 4.20e-02 +0.303  0.98 | 5.0e+01 4.9e+00 2.347e+00
#5846  4303   1 | 4.94e-01 0.00e+00   +nan  1.00 | 1.12e+00 6.60e-02 +0.207  0.98 | 3.3e+01 5.1e+00 1.466e+00
#5847   187   1 | 4.70e-01 0.00e+00   +nan  1.00 | 9.87e-01 4.10e-02 +0.092  0.99 | 3.6e+01 5.3e+00 1.190e+00
#5848  2860   1 | 7.32e-01 0.00e+00   +nan  1.00 | 9.46e-01 4.30e-02 +0.223  0.98 | 3.7e+01 4.7e+00 1.415e+00
#5849  2801   1 | 1.00e+00 0.00e+00   +nan  1.00 | 8.61e-01 5.98e-02 +0.068  1.00 | 4.1e+01 5.1e+00 1.739e+00
#5850  1578   1 | 5.79e-01 0.00e+00   +nan  1.00 | 1.05e+00 4.44e-02 +0.230  0.98 | 5.9e+01 4.8e+00 1.423e+00
#5851  3482   1 | 8.42e-01 0.00e+00   +nan  1.00 | 9.54e-01 1.31e-01 +0.146  0.98 | 3.2e+01 4.9e+00 1.598e+00
#5852  3175   1 | 1.10e+00 0.00e+00   +nan  1.00 | 9.80e-01 1.13e-01 +0.135  0.98 | 3.3e+01 5.5e+00 2.148e+00
#5853   456   1 | 1.03e+00 0.00e+00   +nan  1.00 | 9.92e-01 5.60e-02 +0.063  1.00 | 4.3e+01 4.7e+00 2.031e+00
#5854  3847   1 | 8.04e-01 0.00e+00   +nan  1.00 | 9.59e-01 1.37e-01 +0.256  0.95 | 3.2e+01 5.4e+00 1.517e+00
#5855  2850   1 | 1.11e+00 0.00e+00   +nan  1.00 | 1.06e+00 8.34e-02 -0.048  1.01 | 3.9e+01 4.9e+00 2.373e+00
#5856  3984   1 | 1.10e+00 0.00e+00   +nan  1.00 | 1.05e+00 1.19e-01 +0.210  0.97 | 3.2e+01 4.5e+00 2.268e+00
#5857  2537   1 | 9.97e-01 0.00e+00   +nan  1.00 | 1.07e+00 1.07e-01 -0.000  1.01 | 3.8e+01 5.0e+00 2.161e+00
#5858  4196   1 | 7.43e-01 0.00e+00   +nan  1.00 | 9.49e-01 1.26e-01 +0.358  0.92 | 2.5e+01 4.8e+00 1.384e+00
#5859   463   1 | 5.53e-01 0.00e+00   +nan  1.00 | 1.04e+00 8.56e-02 -0.106  1.02 | 4.2e+01 5.2e+00 1.418e+00
#5860  3016   1 | 6.58e-01 0.00e+00   +nan  1.00 | 1.07e+00 1.33e-01 +0.219  0.96 | 3.7e+01 5.0e+00 1.533e+00
#5861  3123   1 | 1.10e+00 0.00e+00   +nan  1.00 | 1.13e+00 1.39e-01 -0.002  1.02 | 3.8e+01 4.7e+00 2.522e+00
#5862   677   1 | 9.60e-01 0.00e+00   +nan  1.00 | 9.60e-01 1.15e-01 -0.094  1.04 | 4.0e+01 4.9e+00 1.878e+00
#5863   803   1 | 1.07e+00 0.00e+00   +nan  1.00 | 1.03e+00 7.54e-02 +0.041  1.00 | 4.1e+01 4.7e+00 2.202e+00
#5864   506   1 | 9.07e-01 0.00e+00   +nan  1.00 | 9.18e-01 8.96e-02 -0.049  1.02 | 4.3e+01 5.0e+00 1.681e+00
#5865   324   1 | 1.08e+00 0.00e+00   +nan  1.00 | 9.97e-01 8.25e-02 +0.050  1.00 | 3.8e+01 4.9e+00 2.154e+00
#5866  3628   1 | 8.51e-01 0.00e+00   +nan  1.00 | 9.42e-01 2.53e-01 +0.204  0.96 | 2.9e+01 5.0e+00 1.578e+00
#5867   164   1 | 4.46e-01 0.00e+00   +nan  1.00 | 1.00e+00 8.95e-02 +0.161  0.98 | 3.4e+01 5.1e+00 1.181e+00
#5868   641   1 | 1.04e+00 0.00e+00   +nan  1.00 | 1.02e+00 5.60e-02 -0.010  1.00 | 4.6e+01 4.6e+00 2.132e+00
#5869  2093   1 | 1.08e+00 0.00e+00   +nan  1.00 | 1.04e+00 6.82e-02 +0.069  1.00 | 5.0e+01 4.7e+00 2.237e+00
#5870  1296   1 | 1.29e+00 0.00e+00   +nan  1.00 | 9.64e-01 8.04e-02 +0.210  0.97 | 4.2e+01 4.5e+00 2.580e+00
#5871  2679   1 | 1.20e+00 0.00e+00   +nan  1.00 | 9.11e-01 6.13e-02 +0.215  0.98 | 3.9e+01 4.8e+00 2.245e+00
#5872   524   1 | 1.11e+00 0.00e+00   +nan  1.00 | 9.82e-01 6.33e-02 -0.113  1.02 | 4.1e+01 4.8e+00 2.212e+00
#5873  2467   1 | 1.08e+00 0.00e+00   +nan  1.00 | 9.68e-01 7.33e-02 +0.090  0.99 | 3.9e+01 4.8e+00 2.096e+00
#5874  3124   1 | 8.67e-01 0.00e+00   +nan  1.00 | 9.10e-01 9.92e-02 -0.044  1.02 | 3.7e+01 4.7e+00 1.598e+00
#5875   820   1 | 9.64e-01 0.00e+00   +nan  1.00 | 1.06e+00 5.99e-02 +0.180  0.98 | 4.3e+01 5.0e+00 2.043e+00
#5876  1872   1 | 1.00e+00 0.00e+00   +nan  1.00 | 9.45e-01 5.95e-02 -0.129  1.02 | 4.9e+01 5.1e+00 1.911e+00
#5877   211   1 | 5.12e-01 0.00e+00   +nan  1.00 | 9.97e-01 5.77e-02 -0.005  1.00 | 4.1e+01 5.1e+00 1.260e+00
#5878  1185   1 | 1.35e+00 0.00e+00   +nan  1.00 | 1.00e+00 5.41e-02 -0.021  1.01 | 5.0e+01 5.1e+00 2.822e+00
#5879  1739   1 | 9.70e-01 0.00e+00   +nan  1.00 | 1.06e+00 5.11e-02 +0.019  1.00 | 6.3e+01 4.8e+00 2.061e+00
#5880  4877   1 | 6.93e-01 5.31e-15 +0.129  1.00 | 1.00e+00 2.60e-01 +0.385  0.87 | 2.4e+01 4.7e+00 1.352e+00
#5881  4038   1 | 5.66e-01 0.00e+00   +nan  1.00 | 1.03e+00 7.32e-02 +0.280  0.97 | 3.5e+01 4.9e+00 1.342e+00
#5882  1773   1 | 1.14e+00 0.00e+00   +nan  1.00 | 9.75e-01 4.99e-02 -0.177  1.02 | 6.5e+01 4.6e+00 2.272e+00
#5883   356   1 | 9.66e-01 0.00e+00   +nan  1.00 | 1.03e+00 4.99e-02 -0.047  1.01 | 3.9e+01 4.6e+00 2.005e+00
#5884  2125   1 | 1.22e+00 0.00e+00   +nan  1.00 | 1.10e+00 4.14e-02 +0.239  0.98 | 5.4e+01 4.7e+00 2.696e+00
#5885  3385   1 | 6.24e-01 0.00e+00   +nan  1.00 | 1.08e+00 7.30e-02 +0.093  0.99 | 3.4e+01 4.7e+00 1.554e+00
#5886  1431   1 | 5.69e-01 0.00e+00   +nan  1.00 | 9.77e-01 3.96e-02 -0.073  1.01 | 5.4e+01 4.9e+00 1.286e+00
#5887  1863   1 | 1.29e+00 0.00e+00   +nan  1.00 | 9.27e-01 4.34e-02 +0.030  1.00 | 5.4e+01 4.6e+00 2.535e+00
#5888    79   1 | 1.15e+00 0.00e+00   +nan  1.00 | 9.43e-01 3.81e-02 +0.039  1.00 | 3.9e+01 4.8e+00 2.199e+00
#5889  4637   1 | 1.37e+00 6.33e-22 +0.496  1.00 | 1.03e+00 2.98e-01 +0.349  0.88 | 3.1e+01 5.0e+00 2.812e+00
#5890  1193   1 | 1.10e+00 0.00e+00   +nan  1.00 | 1.08e+00 4.70e-02 +0.124  0.99 | 5.1e+01 5.1e+00 2.361e+00
#5891  4372   1 | 1.28e+00 0.00e+00   +nan  1.00 | 1.08e+00 6.13e-02 +0.237  0.98 | 3.0e+01 4.5e+00 2.787e+00
#5892  4841   1 | 1.12e+00 3.19e-19 +0.399  1.00 | 1.02e+00 2.41e-01 +0.205  0.96 | 2.0e+01 4.8e+00 2.253e+00
#5893  3686   1 | 9.83e-01 0.00e+00   +nan  1.00 | 1.07e+00 1.72e-01 +0.103  0.99 | 2.5e+01 5.3e+00 2.113e+00
#5894  3343   1 | 1.03e+00 0.00e+00   +nan  1.00 | 1.13e+00 1.05e-01 +0.166  0.98 | 2.9e+01 4.6e+00 2.317e+00
#5895  1839   1 | 9.71e-01 0.00e+00   +nan  1.00 | 1.02e+00 5.43e-02 +0.018  1.00 | 5.4e+01 5.2e+00 1.980e+00
#5896  3319   1 | 1.09e+00 0.00e+00   +nan  1.00 | 9.70e-01 1.18e-01 +0.086  0.99 | 3.0e+01 5.2e+00 2.112e+00
#5897    99   1 | 1.14e+00 0.00e+00   +nan  1.00 | 9.88e-01 4.20e-02 -0.009  1.00 | 3.7e+01 4.6e+00 2.284e+00
#5898   261   1 | 1.32e+00 0.00e+00   +nan  1.00 | 1.02e+00 4.42e-02 -0.119  1.01 | 3.5e+01 4.7e+00 2.790e+00
#5899  1912   1 | 8.90e-01 0.00e+00   +nan  1.00 | 9.15e-01 4.32e-02 -0.009  1.00 | 5.6e+01 4.4e+00 1.632e+00
#5900  3269   1 | 8.37e-01 0.00e+00   +nan  1.00 | 1.01e+00 6.96e-02 +0.090  0.99 | 3.6e+01 4.8e+00 1.719e+00
#5901  3707   1 | 1.17e+00 0.00e+00   +nan  1.00 | 1.17e+00 2.32e-01 +0.264  0.93 | 2.4e+01 4.9e+00 2.636e+00
#5902  2155   1 | 1.31e+00 0.00e+00   +nan  1.00 | 1.01e+00 3.99e-02 +0.075  1.00 | 4.8e+01 4.8e+00 2.728e+00
#5903  4877   1 | 1.32e+00 1.42e-12 -0.153  1.00 | 1.09e+00 2.58e-01 +0.303  0.91 | 2.3e+01 4.6e+00 2.826e+00
#5904  2345   1 | 9.78e-01 0.00e+00   +nan  1.00 | 1.04e+00 5.07e-02 +0.201  0.98 | 4.3e+01 4.9e+00 2.024e+00
#5905  3501   1 | 1.30e+00 0.00e+00   +nan  1.00 | 1.12e+00 1.67e-01 +0.113  0.99 | 2.4e+01 4.4e+00 2.925e+00
#5906   623   1 | 6.23e-01 0.00e+00   +nan  1.00 | 1.03e+00 5.38e-02 +0.018  1.00 | 4.2e+01 5.1e+00 1.448e+00
#5907  2757   1 | 1.19e+00 0.00e+00   +nan  1.00 | 1.05e+00 5.05e-02 +0.124  0.99 | 3.8e+01 4.8e+00 2.525e+00
#5908  4845   1 | 1.32e+00 2.22e-17 -0.460  1.00 | 1.04e+00 3.09e-01 +0.233  0.95 | 2.3e+01 5.4e+00 2.757e+00
#5909  4556   1 | 1.04e+00 0.00e+00 +0.309  1.00 | 8.36e-01 2.90e-01 +0.381  0.86 | 2.7e+01 5.0e+00 1.682e+00
#5910  4916   1 | 1.64e+00 4.50e-15 -0.788  1.00 | 9.65e-01 3.66e-01 +0.327  0.90 | 2.1e+01 5.4e+00 3.536e+00
#5911  2842   1 | 9.09e-01 0.00e+00   +nan  1.00 | 9.51e-01 9.82e-02 +0.129  0.98 | 2.8e+01 5.1e+00 1.716e+00
#5912  1195   1 | 1.40e+00 0.00e+00   +nan  1.00 | 1.01e+00 5.16e-02 +0.035  1.00 | 4.1e+01 4.7e+00 2.990e+00
#5913  4740   1 | 1.25e+00 4.61e-14 -0.086  1.00 | 9.89e-01 3.23e-01 +0.107  1.04 | 2.8e+01 5.0e+00 2.568e+00
#5914   306   1 | 1.09e+00 0.00e+00   +nan  1.00 | 9.37e-01 4.53e-02 -0.068  1.01 | 3.3e+01 4.7e+00 2.069e+00
#5915  2536   1 | 7.12e-01 0.00e+00   +nan  1.00 | 1.09e+00 8.56e-02 +0.067  1.00 | 3.1e+01 5.2e+00 1.685e+00
#5916  4198   1 | 1.14e+00 0.00e+00   +nan  1.00 | 1.01e+00 8.80e-02 +0.132  0.98 | 2.2e+01 4.7e+00 2.288e+00
#5917  2176   1 | 1.08e+00 0.00e+00   +nan  1.00 | 9.93e-01 6.23e-02 -0.007  1.00 | 4.4e+01 4.7e+00 2.153e+00
#5918  2756   1 | 1.18e+00 0.00e+00   +nan  1.00 | 9.58e-01 5.06e-02 -0.024  1.01 | 3.6e+01 4.7e+00 2.312e+00
#5919  4251   1 | 1.02e+00 0.00e+00   +nan  1.00 | 1.08e+00 1.04e-01 +0.287  0.95 | 3.0e+01 4.9e+00 2.162e+00
#5920  1832   1 | 1.07e+00 0.00e+00   +nan  1.00 | 9.70e-01 5.27e-02 -0.031  1.01 | 4.9e+01 5.0e+00 2.098e+00
#5921  1244   1 | 8.89e-01 0.00e+00   +nan  1.00 | 9.15e-01 6.03e-02 +0.034  1.00 | 3.8e+01 4.7e+00 1.627e+00
#5922   383   1 | 9.98e-01 0.00e+00   +nan  1.00 | 9.45e-01 6.04e-02 +0.063  1.00 | 3.3e+01 4.8e+00 1.886e+00
#5923  2660   1 | 1.66e+00 0.00e+00   +nan  1.00 | 9.65e-01 8.50e-02 +0.116  0.99 | 3.2e+01 5.0e+00 3.667e+00
#5924  3482   1 | 5.81e-01 0.00e+00   +nan  1.00 | 9.77e-01 2.23e-01 +0.071  1.02 | 2.8e+01 4.8e+00 1.312e+00
#5925  3398   1 | 1.23e+00 0.00e+00   +nan  1.00 | 1.10e+00 1.48e-01 +0.308  0.94 | 3.2e+01 5.0e+00 2.645e+00
#5926   967   1 | 1.12e+00 0.00e+00   +nan  1.00 | 1.13e+00 6.98e-02 +0.071  1.00 | 4.2e+01 4.7e+00 2.537e+00
#5927  4131   1 | 1.10e+00 0.00e+00   +nan  1.00 | 1.05e+00 1.66e-01 +0.161  0.97 | 2.3e+01 4.9e+00 2.291e+00
#5928  1176   1 | 1.08e+00 0.00e+00   +nan  1.00 | 9.93e-01 8.43e-02 -0.006  1.01 | 3.8e+01 4.7e+00 2.161e+00
#5929  3752   1 | 1.29e+00 3.74e-23 -0.167  1.00 | 1.09e+00 3.08e-01 +0.223  0.95 | 2.9e+01 5.5e+00 2.800e+00
#5930  4639   1 | 8.18e-01 2.79e-19 -0.499  1.00 | 9.54e-01 3.43e-01 +0.363  0.87 | 3.7e+01 5.4e+00 1.459e+00
#5931  3397   1 | 1.00e+00 0.00e+00   +nan  1.00 | 8.61e-01 1.52e-01 +0.087  1.00 | 3.4e+01 4.3e+00 1.749e+00
#5932  3120   1 | 6.37e-01 0.00e+00   +nan  1.00 | 1.03e+00 1.90e-01 +0.219  0.95 | 2.8e+01 4.6e+00 1.414e+00
#5933  1138   1 | 1.40e+00 0.00e+00   +nan  1.00 | 1.01e+00 7.41e-02 +0.014  1.00 | 3.7e+01 4.5e+00 2.994e+00
#5934  2523   1 | 1.07e+00 0.00e+00   +nan  1.00 | 9.97e-01 1.20e-01 -0.082  1.03 | 3.7e+01 4.9e+00 2.182e+00
#5935  1647   1 | 9.58e-01 0.00e+00   +nan  1.00 | 1.07e+00 7.44e-02 +0.056  1.00 | 4.5e+01 4.7e+00 2.069e+00
#5936  1180   1 | 1.20e+00 0.00e+00   +nan  1.00 | 1.05e+00 6.10e-02 -0.137  1.02 | 3.7e+01 4.7e+00 2.584e+00
#5937  2394   1 | 1.04e+00 0.00e+00   +nan  1.00 | 1.02e+00 7.32e-02 +0.016  1.00 | 3.6e+01 4.8e+00 2.121e+00
#5938  3152   1 | 1.14e+00 0.00e+00   +nan  1.00 | 9.43e-01 1.30e-01 +0.061  1.00 | 3.0e+01 5.0e+00 2.197e+00
#5939  4203   1 | 1.18e+00 0.00e+00   +nan  1.00 | 9.11e-01 1.00e-01 +0.232  0.96 | 2.3e+01 4.9e+00 2.182e+00
#5940  2377   1 | 8.26e-01 0.00e+00   +nan  1.00 | 1.01e+00 4.69e-02 +0.016  1.00 | 4.0e+01 4.7e+00 1.709e+00
#5941  2682   1 | 8.61e-01 0.00e+00   +nan  1.00 | 9.10e-01 4.76e-02 +0.047  1.00 | 3.9e+01 5.6e+00 1.567e+00
#5942  4071   1 | 9.84e-01 0.00e+00   +nan  1.00 | 9.60e-01 7.56e-02 +0.124  0.99 | 2.5e+01 4.4e+00 1.877e+00
#5943  1210   1 | 1.32e+00 0.00e+00   +nan  1.00 | 1.12e+00 4.12e-02 -0.058  1.01 | 4.7e+01 5.6e+00 3.012e+00
#5944  2786   1 | 4.96e-01 0.00e+00   +nan  1.00 | 1.12e+00 4.28e-02 +0.206  0.99 | 3.5e+01 5.1e+00 1.477e+00
#5945  4896   1 | 7.26e-01 1.19e-16 -0.123  1.00 | 9.49e-01 2.39e-01 +0.365  0.88 | 1.9e+01 4.9e+00 1.320e+00
#5946  1414   1 | 4.70e-01 0.00e+00   +nan  1.00 | 9.87e-01 3.24e-02 +0.035  1.00 | 5.7e+01 5.0e+00 1.195e+00
#5947  1112   1 | 9.71e-01 0.00e+00   +nan  1.00 | 1.02e+00 3.08e-02 -0.008  1.00 | 4.8e+01 5.5e+00 1.981e+00
#5948  4606   1 | 1.01e+00 0.00e+00   +nan  1.00 | 1.07e+00 1.39e-01 +0.264  0.95 | 2.6e+01 4.1e+00 2.117e+00
#5949  2589   1 | 7.13e-01 0.00e+00   +nan  1.00 | 1.09e+00 3.20e-02 +0.086  1.00 | 4.2e+01 4.4e+00 1.686e+00
#5950  2895   1 | 1.07e+00 0.00e+00   +nan  1.00 | 1.04e+00 3.68e-02 +0.050  1.00 | 3.9e+01 5.3e+00 2.217e+00
#5951  4173   1 | 1.11e+00 0.00e+00   +nan  1.00 | 1.08e+00 7.86e-02 +0.264  0.97 | 2.3e+01 5.5e+00 2.356e+00
#5952  2731   1 | 9.75e-01 0.00e+00   +nan  1.00 | 1.06e+00 4.34e-02 +0.246  0.98 | 3.6e+01 5.3e+00 2.050e+00
#5953  1691   1 | 5.55e-01 0.00e+00   +nan  1.00 | 1.04e+00 3.49e-02 +0.137  0.99 | 5.5e+01 4.9e+00 1.385e+00
#5954  4879   1 | 4.40e-01 1.57e-12 -0.317  1.00 | 1.00e+00 2.57e-01 +0.294  0.91 | 2.1e+01 4.4e+00 1.112e+00
#5955   960   1 | 1.05e+00 0.00e+00   +nan  1.00 | 1.08e+00 3.80e-02 +0.260  0.98 | 4.7e+01 4.5e+00 2.255e+00
#5956   296   1 | 9.65e-01 0.00e+00   +nan  1.00 | 1.06e+00 3.58e-02 +0.073  1.00 | 3.1e+01 4.5e+00 2.059e+00
#5957  1096   1 | 1.11e+00 0.00e+00   +nan  1.00 | 9.82e-01 5.58e-02 -0.011  1.00 | 4.2e+01 5.0e+00 2.197e+00
#5958   884   1 | 1.14e+00 0.00e+00   +nan  1.00 | 9.75e-01 5.02e-02 -0.220  1.03 | 4.1e+01 4.6e+00 2.282e+00
#5959   899   1 | 1.11e+00 0.00e+00   +nan  1.00 | 9.80e-01 6.82e-02 +0.003  1.00 | 3.6e+01 5.4e+00 2.205e+00
#5960  3802   1 | 5.22e-01 0.00e+00   +nan  1.00 | 9.97e-01 2.36e-01 +0.064  1.03 | 2.7e+01 4.8e+00 1.291e+00
#5961  2944   1 | 1.30e+00 0.00e+00   +nan  1.00 | 1.04e+00 1.39e-01 +0.033  1.01 | 2.8e+01 6.3e+00 2.775e+00
#5962  2869   1 | 1.30e+00 0.00e+00   +nan  1.00 | 9.64e-01 8.08e-02 +0.037  1.00 | 3.1e+01 4.8e+00 2.613e+00
#5963  4497   1 | 1.32e+00 0.00e+00   +nan  1.00 | 1.02e+00 1.24e-01 +0.273  0.95 | 3.1e+01 4.7e+00 2.734e+00
#5964  4839   1 | 1.09e+00 7.69e-14 -0.123  1.00 | 9.68e-01 2.30e-01 +0.391  0.87 | 2.9e+01 4.7e+00 2.001e+00
#5965  1644   1 | 1.31e+00 0.00e+00   +nan  1.00 | 1.01e+00 4.77e-02 +0.100  0.99 | 4.6e+01 4.7e+00 2.733e+00
#5966  4018   1 | 7.33e-01 0.00e+00   +nan  1.00 | 9.46e-01 9.11e-02 +0.123  0.99 | 2.7e+01 4.5e+00 1.420e+00
#5967  1434   1 | 1.02e+00 0.00e+00   +nan  1.00 | 1.13e+00 5.36e-02 -0.016  1.00 | 4.4e+01 4.9e+00 2.324e+00
#5968  4159   1 | 1.09e+00 0.00e+00   +nan  1.00 | 1.02e+00 1.29e-01 +0.308  0.94 | 2.7e+01 5.0e+00 2.161e+00
#5969  1530   1 | 1.18e+00 0.00e+00   +nan  1.00 | 9.58e-01 5.92e-02 -0.096  1.02 | 4.9e+01 5.2e+00 2.321e+00
#5970  4608   1 | 1.08e+00 4.25e-22 -0.147  1.00 | 9.37e-01 2.67e-01 +0.192  0.97 | 3.3e+01 4.8e+00 2.020e+00
#5971  2617   1 | 5.54e-01 0.00e+00   +nan  1.00 | 1.03e+00 9.92e-02 +0.252  0.96 | 3.5e+01 4.7e+00 1.324e+00
#5972  3957   1 | 7.11e-01 0.00e+00   +nan  1.00 | 1.00e+00 1.56e-01 +0.223  0.95 | 2.8e+01 4.9e+00 1.464e+00
#5973  1586   1 | 9.75e-01 0.00e+00   +nan  1.00 | 1.04e+00 9.66e-02 +0.201  0.97 | 3.9e+01 5.2e+00 2.007e+00
#5974   604   1 | 1.11e+00 0.00e+00   +nan  1.00 | 1.06e+00 9.30e-02 -0.072  1.02 | 3.2e+01 5.0e+00 2.370e+00
#5975  1179   1 | 1.07e+00 0.00e+00   +nan  1.00 | 1.03e+00 1.19e-01 +0.088  0.99 | 3.2e+01 5.3e+00 2.194e+00
#5976  1931   1 | 1.29e+00 0.00e+00   +nan  1.00 | 9.27e-01 1.02e-01 +0.101  0.99 | 3.6e+01 4.8e+00 2.526e+00
#5977   253   1 | 1.38e+00 0.00e+00   +nan  1.00 | 1.03e+00 1.12e-01 -0.001  1.01 | 3.0e+01 4.7e+00 2.969e+00
#5978  4958   1 | 9.05e-01 5.02e-15 -0.752  1.00 | 9.18e-01 2.44e-01 +0.274  0.93 | 3.4e+01 4.5e+00 1.598e+00
#5979  2456   1 | 1.02e+00 0.00e+00   +nan  1.00 | 9.92e-01 1.11e-01 +0.094  0.99 | 3.4e+01 4.4e+00 2.021e+00
#5980  4010   1 | 1.14e+00 0.00e+00   +nan  1.00 | 1.01e+00 2.06e-01 +0.070  1.01 | 2.3e+01 5.1e+00 2.317e+00
#5981  1432   1 | 5.97e-01 0.00e+00   +nan  1.00 | 1.08e+00 7.47e-02 +0.077  0.99 | 4.2e+01 5.1e+00 1.525e+00
#5982   644   1 | 1.04e+00 0.00e+00   +nan  1.00 | 8.36e-01 4.72e-02 -0.108  1.02 | 3.9e+01 4.4e+00 1.794e+00
#5983  1381   1 | 9.22e-01 0.00e+00   +nan  1.00 | 9.51e-01 4.06e-02 -0.063  1.01 | 5.1e+01 4.4e+00 1.761e+00
#5984  1127   1 | 8.24e-01 0.00e+00   +nan  1.00 | 9.42e-01 3.61e-02 +0.003  1.00 | 4.6e+01 4.7e+00 1.567e+00
#5985   562   1 | 1.29e+00 0.00e+00   +nan  1.00 | 1.08e+00 3.61e-02 +0.038  1.00 | 4.5e+01 5.0e+00 2.835e+00
#5986  2945   1 | 9.60e-01 0.00e+00   +nan  1.00 | 1.03e+00 3.89e-02 +0.109  0.99 | 4.1e+01 5.0e+00 1.979e+00
#5987  2212   1 | 1.23e+00 0.00e+00   +nan  1.00 | 9.89e-01 3.13e-02 +0.077  1.00 | 5.3e+01 4.8e+00 2.484e+00
#5988  3666   1 | 5.93e-01 0.00e+00   +nan  1.00 | 1.05e+00 4.54e-02 +0.083  0.99 | 3.3e+01 5.1e+00 1.453e+00
#5989  3864   1 | 8.04e-01 0.00e+00   +nan  1.00 | 9.59e-01 3.74e-02 +0.322  0.98 | 3.6e+01 4.5e+00 1.544e+00
#5990  3659   1 | 1.32e+00 0.00e+00   +nan  1.00 | 1.00e+00 3.18e-02 +0.090  1.00 | 4.2e+01 4.8e+00 2.752e+00
#5991  1867   1 | 1.17e+00 0.00e+00   +nan  1.00 | 1.17e+00 3.58e-02 +0.143  0.99 | 6.1e+01 5.6e+00 2.723e+00
#5992  3352   1 | 1.13e+00 0.00e+00   +nan  1.00 | 9.88e-01 3.58e-02 +0.009  1.00 | 5.3e+01 5.1e+00 2.257e+00
#5993  3766   1 | 6.58e-01 0.00e+00   +nan  1.00 | 1.07e+00 3.98e-02 +0.102  0.99 | 4.5e+01 4.8e+00 1.571e+00
#5994   522   1 | 5.96e-01 0.00e+00   +nan  1.00 | 1.08e+00 3.34e-02 +0.008  1.00 | 6.0e+01 5.4e+00 1.531e+00
#5995   755   1 | 1.22e+00 0.00e+00   +nan  1.00 | 1.10e+00 3.31e-02 +0.150  0.99 | 6.0e+01 4.9e+00 2.705e+00
#5996  2894   1 | 1.02e+00 0.00e+00   +nan  1.00 | 9.92e-01 3.14e-02 +0.034  1.00 | 5.8e+01 5.0e+00 2.025e+00
#5997  4993   1 | 1.09e+00 2.85e-18 +0.706  1.00 | 1.08e+00 3.48e-02 +0.377  0.98 | 3.4e+01 5.0e+00 2.331e+00
#5998  3061   1 | 1.05e+00 0.00e+00   +nan  1.00 | 8.36e-01 3.75e-02 +0.073  1.00 | 4.7e+01 4.8e+00 1.796e+00
#5999  3716   1 | 1.01e+00 0.00e+00   +nan  1.00 | 1.08e+00 4.00e-02 +0.241  0.98 | 4.9e+01 4.7e+00 2.171e+00
#6000  2067   1 | 6.26e-01 0.00e+00   +nan  1.00 | 1.03e+00 4.36e-02 +0.005  1.00 | 7.3e+01 4.8e+00 1.452e+00
#6001     2   1 | 1.04e+00 0.00e+00   +nan  1.00 | 1.02e+00 4.55e-02 +0.113  0.99 | 4.9e+01 5.0e+00 2.121e+00
#6002  4297   1 | 1.12e+00 0.00e+00   +nan  1.00 | 9.75e-01 4.62e-02 +0.169  0.99 | 5.2e+01 4.8e+00 2.195e+00
#6003  2527   1 | 1.28e+00 0.00e+00   +nan  1.00 | 1.08e+00 5.56e-02 +0.092  0.99 | 6.2e+01 4.8e+00 2.810e+00
#6004   428   1 | 8.21e-01 0.00e+00   +nan  1.00 | 1.01e+00 5.61e-02 +0.007  1.00 | 5.6e+01 4.9e+00 1.704e+00
#6005  1916   1 | 1.02e+00 0.00e+00   +nan  1.00 | 1.13e+00 6.35e-02 -0.023  1.01 | 7.3e+01 5.2e+00 2.329e+00
#6006  2062   1 | 1.11e+00 0.00e+00   +nan  1.00 | 1.02e+00 7.02e-02 +0.226  0.97 | 7.6e+01 5.2e+00 2.229e+00
#6007  4012   1 | 1.09e+00 0.00e+00   +nan  1.00 | 9.80e-01 5.90e-02 +0.103  0.99 | 5.5e+01 4.6e+00 2.131e+00
#6008  2281   1 | 9.17e-01 0.00e+00   +nan  1.00 | 9.51e-01 6.72e-02 +0.120  0.99 | 6.7e+01 4.6e+00 1.734e+00
#6009   496   1 | 1.31e+00 0.00e+00   +nan  1.00 | 1.09e+00 7.04e-02 +0.003  1.00 | 5.9e+01 5.1e+00 2.909e+00
#6010  3527   1 | 7.32e-01 0.00e+00   +nan  1.00 | 1.09e+00 9.06e-02 +0.133  0.98 | 5.0e+01 5.2e+00 1.701e+00
#6011  1556   1 | 1.23e+00 0.00e+00   +nan  1.00 | 9.89e-01 7.21e-02 +0.141  0.98 | 8.2e+01 4.7e+00 2.480e+00
#6012  3464   1 | 9.87e-01 0.00e+00   +nan  1.00 | 1.07e+00 8.90e-02 +0.141  0.98 | 6.4e+01 4.7e+00 2.110e+00
#6013  1250   1 | 9.75e-01 0.00e+00   +nan  1.00 | 1.04e+00 7.55e-02 +0.228  0.97 | 6.9e+01 4.5e+00 2.007e+00
#6014  1077   1 | 7.38e-01 0.00e+00   +nan  1.00 | 9.49e-01 6.92e-02 -0.023  1.01 | 8.4e+01 4.8e+00 1.454e+00
#6015  4841   1 | 4.67e-01 0.00e+00   +nan  1.00 | 9.87e-01 9.43e-02 +0.299  0.95 | 4.7e+01 5.3e+00 1.146e+00
#6016  3566   1 | 1.29e+00 0.00e+00   +nan  1.00 | 9.27e-01 1.21e-01 +0.095  0.99 | 6.1e+01 5.1e+00 2.512e+00
#6017  2503   1 | 9.62e-01 0.00e+00   +nan  1.00 | 1.06e+00 1.15e-01 +0.210  0.97 | 7.0e+01 5.3e+00 2.018e+00
#6018  3948   1 | 1.29e+00 0.00e+00   +nan  1.00 | 1.12e+00 1.03e-01 +0.182  0.97 | 5.9e+01 4.9e+00 2.887e+00
#6019  2304   1 | 1.40e+00 0.00e+00   +nan  1.00 | 1.01e+00 1.18e-01 +0.012  1.01 | 7.4e+01 5.0e+00 3.005e+00
#6020  1903   1 | 1.32e+00 0.00e+00   +nan  1.00 | 1.02e+00 1.39e-01 +0.165  0.97 | 9.3e+01 5.6e+00 2.748e+00
#6021   583   1 | 1.09e+00 0.00e+00   +nan  1.00 | 9.37e-01 1.24e-01 -0.049  1.03 | 6.1e+01 4.8e+00 2.087e+00
#6022  3091   1 | 5.19e-01 0.00e+00   +nan  1.00 | 9.97e-01 1.34e-01 +0.019  1.01 | 6.1e+01 4.8e+00 1.276e+00
#6023  1719   1 | 1.31e+00 0.00e+00   +nan  1.00 | 1.01e+00 1.16e-01 +0.163  0.98 | 9.6e+01 4.6e+00 2.714e+00
#6024   346   1 | 5.68e-01 0.00e+00   +nan  1.00 | 9.77e-01 1.33e-01 -0.194  1.07 | 5.5e+01 4.9e+00 1.347e+00
#6025  4285   1 | 7.01e-01 0.00e+00   +nan  1.00 | 1.00e+00 1.07e-01 +0.197  0.97 | 5.6e+01 4.4e+00 1.466e+00
#6026  3782   1 | 9.54e-01 0.00e+00   +nan  1.00 | 1.03e+00 1.06e-01 +0.260  0.96 | 5.3e+01 5.0e+00 1.929e+00
#6027   592   1 | 1.07e+00 0.00e+00   +nan  1.00 | 9.70e-01 1.25e-01 -0.048  1.03 | 6.9e+01 5.1e+00 2.116e+00
#6028   446   1 | 9.69e-01 0.00e+00   +nan  1.00 | 1.06e+00 1.12e-01 +0.088  0.99 | 5.9e+01 4.8e+00 2.051e+00
#6029  3374   1 | 1.29e+00 0.00e+00   +nan  1.00 | 1.04e+00 1.02e-01 +0.108  0.99 | 6.5e+01 4.5e+00 2.739e+00
#6030   435   1 | 1.14e+00 0.00e+00   +nan  1.00 | 9.88e-01 1.01e-01 -0.049  1.02 | 6.7e+01 4.9e+00 2.301e+00
#6031  2669   1 | 7.31e-01 0.00e+00   +nan  1.00 | 9.46e-01 1.16e-01 +0.210  0.96 | 6.8e+01 5.3e+00 1.398e+00
#6032   222   1 | 7.71e-01 0.00e+00   +nan  1.00 | 9.59e-01 1.05e-01 +0.002  1.01 | 6.0e+01 4.9e+00 1.524e+00
#6033   616   1 | 4.46e-01 0.00e+00   +nan  1.00 | 1.00e+00 8.04e-02 +0.175  0.98 | 7.0e+01 4.6e+00 1.181e+00
#6034  3742   1 | 9.11e-01 0.00e+00   +nan  1.00 | 9.18e-01 9.37e-02 +0.253  0.96 | 6.0e+01 4.4e+00 1.637e+00
#6035  2870   1 | 1.07e+00 0.00e+00   +nan  1.00 | 9.97e-01 8.12e-02 +0.015  1.00 | 6.5e+01 4.3e+00 2.149e+00
#6036  3562   1 | 9.71e-01 0.00e+00   +nan  1.00 | 1.02e+00 9.25e-02 +0.041  1.00 | 6.7e+01 4.7e+00 1.979e+00
#6037   626   1 | 5.78e-01 0.00e+00   +nan  1.00 | 1.05e+00 9.23e-02 +0.096  0.99 | 7.2e+01 4.7e+00 1.432e+00
#6038  1718   1 | 5.55e-01 0.00e+00   +nan  1.00 | 1.04e+00 7.93e-02 +0.077  0.99 | 9.9e+01 4.4e+00 1.388e+00
#6039   832   1 | 5.46e-01 0.00e+00   +nan  1.00 | 1.03e+00 8.56e-02 +0.080  0.99 | 6.7e+01 4.8e+00 1.349e+00
#6040  2981   1 | 1.11e+00 0.00e+00   +nan  1.00 | 1.13e+00 9.68e-02 +0.055  1.00 | 6.5e+01 4.9e+00 2.506e+00
#6041  3024   1 | 4.97e-01 0.00e+00   +nan  1.00 | 1.12e+00 9.27e-02 +0.161  0.98 | 5.8e+01 4.9e+00 1.471e+00
#6042  1584   1 | 9.61e-01 0.00e+00   +nan  1.00 | 9.60e-01 8.44e-02 -0.134  1.03 | 8.9e+01 5.0e+00 1.873e+00
#6043  4266   1 | 1.13e+00 0.00e+00   +nan  1.00 | 1.01e+00 8.64e-02 +0.201  0.97 | 6.1e+01 5.0e+00 2.273e+00
#6044   838   1 | 1.15e+00 0.00e+00   +nan  1.00 | 9.43e-01 7.24e-02 +0.141  0.98 | 7.0e+01 4.7e+00 2.188e+00
#6045  1876   1 | 9.59e-01 0.00e+00   +nan  1.00 | 1.07e+00 9.90e-02 +0.009  1.01 | 8.4e+01 5.3e+00 2.082e+00
#6046  3773   1 | 1.40e+00 0.00e+00   +nan  1.00 | 1.03e+00 8.28e-02 +0.209  0.97 | 6.2e+01 4.5e+00 2.981e+00
#6047  3665   1 | 1.17e+00 0.00e+00   +nan  1.00 | 9.11e-01 9.76e-02 +0.219  0.96 | 5.1e+01 4.7e+00 2.179e+00
#6048  3692   1 | 8.81e-01 0.00e+00   +nan  1.00 | 9.10e-01 8.82e-02 +0.219  0.97 | 6.4e+01 4.7e+00 1.578e+00
#6049  3556   1 | 8.43e-01 0.00e+00   +nan  1.00 | 9.54e-01 1.01e-01 +0.021  1.01 | 6.5e+01 4.6e+00 1.626e+00
#6050  2012   1 | 1.17e+00 0.00e+00   +nan  1.00 | 1.17e+00 7.51e-02 +0.228  0.97 | 8.0e+01 4.6e+00 2.699e+00
#6051   759   1 | 9.98e-01 0.00e+00   +nan  1.00 | 9.45e-01 1.02e-01 +0.104  0.99 | 7.3e+01 5.2e+00 1.880e+00
#6052  2383   1 | 1.08e+00 0.00e+00   +nan  1.00 | 1.04e+00 8.38e-02 +0.103  0.99 | 6.3e+01 4.7e+00 2.226e+00
#6053  4130   1 | 1.12e+00 0.00e+00   +nan  1.00 | 1.06e+00 1.08e-01 +0.305  0.95 | 5.5e+01 5.0e+00 2.329e+00
#6054  2190   1 | 1.13e+00 0.00e+00   +nan  1.00 | 1.05e+00 1.17e-01 +0.188  0.97 | 8.6e+01 5.3e+00 2.347e+00
#6055  1226   1 | 1.35e+00 0.00e+00   +nan  1.00 | 1.00e+00 1.13e-01 -0.092  1.03 | 7.9e+01 4.7e+00 2.850e+00
#6056  3181   1 | 8.40e-01 0.00e+00   +nan  1.00 | 9.42e-01 1.07e-01 +0.178  0.97 | 5.6e+01 4.6e+00 1.568e+00
#6057  4727   1 | 1.18e+00 0.00e+00   +nan  1.00 | 9.58e-01 1.14e-01 +0.150  0.98 | 6.0e+01 4.6e+00 2.288e+00
#6058   865   1 | 9.98e-01 0.00e+00   +nan  1.00 | 8.61e-01 1.04e-01 +0.112  0.99 | 6.9e+01 4.8e+00 1.728e+00
#6059  4151   1 | 1.08e+00 0.00e+00   +nan  1.00 | 9.68e-01 1.13e-01 +0.255  0.95 | 6.0e+01 4.8e+00 2.060e+00
#6060  2612   1 | 1.08e+00 0.00e+00   +nan  1.00 | 9.93e-01 1.24e-01 +0.002  1.02 | 6.9e+01 4.7e+00 2.159e+00
#6061  4991   1 | 1.08e+00 0.00e+00   +nan  1.00 | 1.03e+00 1.42e-01 +0.325  0.93 | 4.3e+01 5.4e+00 2.157e+00
#6062   126   1 | 1.30e+00 0.00e+00   +nan  1.00 | 9.64e-01 1.22e-01 +0.034  1.01 | 5.3e+01 4.6e+00 2.614e+00
#6063  3174   1 | 9.00e-01 0.00e+00   +nan  1.00 | 9.15e-01 1.15e-01 +0.041  1.01 | 5.9e+01 4.4e+00 1.652e+00
#6064  2924   1 | 1.19e+00 0.00e+00   +nan  1.00 | 1.05e+00 1.37e-01 +0.031  1.01 | 6.7e+01 4.9e+00 2.539e+00
#6065  2184   1 | 6.58e-01 0.00e+00   +nan  1.00 | 1.07e+00 1.12e-01 -0.055  1.02 | 8.9e+01 4.8e+00 1.603e+00
#6066  3818   1 | 1.07e+00 0.00e+00   +nan  1.00 | 9.82e-01 1.25e-01 +0.203  0.96 | 6.3e+01 4.8e+00 2.066e+00
#6067  2369   1 | 1.66e+00 0.00e+00   +nan  1.00 | 9.65e-01 1.03e-01 +0.189  0.97 | 7.5e+01 4.7e+00 3.647e+00
#6068  2111   1 | 1.10e+00 0.00e+00   +nan  1.00 | 1.08e+00 1.16e-01 +0.252  0.96 | 8.8e+01 4.5e+00 2.322e+00
#6069   697   1 | 5.69e-01 0.00e+00   +nan  1.00 | 9.77e-01 1.36e-01 -0.211  1.08 | 6.8e+01 5.1e+00 1.353e+00
#6070  4508   1 | 9.71e-01 0.00e+00   +nan  1.00 | 1.06e+00 1.59e-01 +0.262  0.94 | 6.7e+01 4.9e+00 2.011e+00
#6071   584   1 | 1.17e+00 0.00e+00   +nan  1.00 | 1.17e+00 1.18e-01 +0.125  0.98 | 6.6e+01 4.8e+00 2.715e+00
#6072  1915   1 | 1.12e+00 0.00e+00   +nan  1.00 | 1.13e+00 1.31e-01 +0.045  1.00 | 8.4e+01 5.4e+00 2.540e+00
#6073  4118   1 | 8.49e-01 0.00e+00   +nan  1.00 | 1.01e+00 1.31e-01 +0.065  1.00 | 6.0e+01 4.8e+00 1.747e+00
#6074  4645   1 | 9.68e-01 0.00e+00   +nan  1.00 | 1.04e+00 1.40e-01 +0.283  0.94 | 5.5e+01 4.7e+00 1.960e+00
#6075  4815   1 | 1.23e+00 0.00e+00   +nan  1.00 | 9.11e-01 1.34e-01 +0.360  0.92 | 5.2e+01 5.2e+00 2.268e+00
#6076  1321   1 | 1.11e+00 0.00e+00   +nan  1.00 | 9.80e-01 1.19e-01 +0.037  1.01 | 7.8e+01 4.7e+00 2.204e+00
#6077  2476   1 | 1.06e+00 0.00e+00   +nan  1.00 | 1.03e+00 1.48e-01 -0.057  1.04 | 7.3e+01 5.3e+00 2.229e+00
#6078  1039   1 | 1.40e+00 0.00e+00   +nan  1.00 | 1.01e+00 1.06e-01 -0.117  1.04 | 7.9e+01 4.8e+00 3.027e+00
#6079  4272   1 | 5.50e-01 0.00e+00   +nan  1.00 | 1.03e+00 1.54e-01 +0.339  0.92 | 6.6e+01 5.7e+00 1.277e+00
#6080  4724   1 | 9.39e-01 0.00e+00   +nan  1.00 | 9.51e-01 1.35e-01 +0.336  0.92 | 5.8e+01 5.0e+00 1.717e+00
#6081  4212   1 | 5.13e-01 0.00e+00   +nan  1.00 | 9.97e-01 1.32e-01 +0.211  0.96 | 4.7e+01 5.4e+00 1.219e+00
#6082   625   1 | 9.72e-01 0.00e+00   +nan  1.00 | 1.02e+00 1.16e-01 +0.053  1.00 | 7.3e+01 4.7e+00 1.981e+00
#6083  3884   1 | 7.36e-01 0.00e+00   +nan  1.00 | 1.09e+00 1.30e-01 +0.189  0.97 | 6.1e+01 5.1e+00 1.689e+00
#6084  4299   1 | 6.58e-01 0.00e+00   +nan  1.00 | 1.07e+00 1.34e-01 +0.208  0.96 | 6.5e+01 4.6e+00 1.535e+00
#6085   429   1 | 1.32e+00 0.00e+00   +nan  1.00 | 1.12e+00 1.47e-01 +0.024  1.01 | 6.4e+01 5.1e+00 3.021e+00
#6086  4691   1 | 9.88e-01 0.00e+00   +nan  1.00 | 9.45e-01 1.51e-01 +0.183  0.97 | 5.9e+01 4.5e+00 1.840e+00
#6087  2703   1 | 1.38e+00 0.00e+00   +nan  1.00 | 1.03e+00 1.25e-01 +0.172  0.97 | 6.1e+01 4.7e+00 2.942e+00
#6088   888   1 | 1.31e+00 0.00e+00   +nan  1.00 | 1.09e+00 1.34e-01 -0.036  1.02 | 7.7e+01 4.5e+00 2.932e+00
#6089   469   1 | 6.23e-01 0.00e+00   +nan  1.00 | 1.03e+00 1.61e-01 +0.011  1.02 | 6.4e+01 5.2e+00 1.469e+00
#6090   446   1 | 9.69e-01 0.00e+00   +nan  1.00 | 1.06e+00 1.33e-01 +0.071  1.00 | 6.0e+01 4.7e+00 2.057e+00
#6091   850   1 | 1.08e+00 0.00e+00   +nan  1.00 | 9.68e-01 1.31e-01 +0.033  1.01 | 7.1e+01 4.8e+00 2.119e+00
#6092  2225   1 | 1.66e+00 0.00e+00   +nan  1.00 | 9.65e-01 1.19e-01 +0.195  0.97 | 8.1e+01 4.5e+00 3.642e+00
#6093    40   1 | 9.98e-01 0.00e+00   +nan  1.00 | 8.61e-01 1.72e-01 +0.050  1.02 | 6.4e+01 5.6e+00 1.753e+00
#6094    94   1 | 9.61e-01 0.00e+00   +nan  1.00 | 9.60e-01 1.42e-01 -0.166  1.07 | 5.3e+01 5.0e+00 1.910e+00
#6095  4962   1 | 1.23e+00 0.00e+00   +nan  1.00 | 1.05e+00 1.24e-01 +0.184  0.97 | 5.6e+01 5.6e+00 2.595e+00
#6096  2904   1 | 1.02e+00 0.00e+00   +nan  1.00 | 9.92e-01 9.79e-02 +0.068  1.00 | 6.7e+01 4.6e+00 2.022e+00
#6097  1750   1 | 1.08e+00 0.00e+00   +nan  1.00 | 9.97e-01 1.16e-01 +0.069  1.00 | 1.0e+02 5.0e+00 2.149e+00
#6098  3236   1 | 7.35e-01 0.00e+00   +nan  1.00 | 9.46e-01 1.32e-01 +0.060  1.00 | 7.1e+01 5.3e+00 1.438e+00
#6099  4643   1 | 1.15e+00 0.00e+00   +nan  1.00 | 9.43e-01 9.78e-02 +0.472  0.91 | 5.8e+01 4.5e+00 2.128e+00
#6100   570   1 | 1.31e+00 0.00e+00   +nan  1.00 | 1.01e+00 7.75e-02 +0.024  1.00 | 6.6e+01 4.4e+00 2.748e+00
#6101  3023   1 | 1.22e+00 0.00e+00   +nan  1.00 | 1.10e+00 8.06e-02 +0.219  0.97 | 6.0e+01 4.3e+00 2.688e+00
#6102  3890   1 | 1.13e+00 0.00e+00   +nan  1.00 | 1.01e+00 1.01e-01 +0.195  0.97 | 5.3e+01 5.0e+00 2.270e+00
#6103  2803   1 | 1.02e+00 0.00e+00   +nan  1.00 | 1.13e+00 1.10e-01 +0.138  0.98 | 6.3e+01 5.2e+00 2.309e+00
#6104  2830   1 | 4.51e-01 0.00e+00   +nan  1.00 | 1.00e+00 8.23e-02 +0.166  0.98 | 6.0e+01 4.6e+00 1.186e+00
#6105  3715   1 | 8.01e-01 0.00e+00   +nan  1.00 | 9.59e-01 9.35e-02 +0.283  0.95 | 5.9e+01 4.8e+00 1.518e+00
#6106  4232   1 | 1.22e+00 0.00e+00   +nan  1.00 | 9.89e-01 8.89e-02 -0.044  1.02 | 5.8e+01 4.4e+00 2.471e+00
#6107  2634   1 | 1.05e+00 0.00e+00   +nan  1.00 | 8.36e-01 1.09e-01 -0.028  1.02 | 6.8e+01 5.0e+00 1.809e+00
#6108   458   1 | 1.09e+00 0.00e+00   +nan  1.00 | 9.37e-01 9.49e-02 +0.004  1.01 | 6.7e+01 4.8e+00 2.069e+00
#6109   289   1 | 8.26e-01 0.00e+00   +nan  1.00 | 9.54e-01 8.73e-02 +0.027  1.00 | 5.6e+01 4.4e+00 1.594e+00
#6110  4609   1 | 4.92e-01 0.00e+00   +nan  1.00 | 1.12e+00 1.10e-01 +0.473  0.92 | 6.0e+01 4.8e+00 1.387e+00
#6111  1115   1 | 1.29e+00 0.00e+00   +nan  1.00 | 1.08e+00 8.59e-02 -0.046  1.01 | 7.8e+01 4.6e+00 2.850e+00
#6112  1158   1 | 8.53e-01 0.00e+00   +nan  1.00 | 9.10e-01 9.96e-02 -0.079  1.03 | 7.5e+01 4.4e+00 1.580e+00
#6113   555   1 | 1.30e+00 0.00e+00   +nan  1.00 | 9.27e-01 9.27e-02 +0.136  0.98 | 6.5e+01 4.4e+00 2.524e+00
#6114  1773   1 | 1.05e+00 0.00e+00   +nan  1.00 | 1.08e+00 8.95e-02 +0.248  0.97 | 9.8e+01 4.2e+00 2.229e+00
#6115  1204   1 | 1.29e+00 0.00e+00   +nan  1.00 | 9.64e-01 8.78e-02 -0.012  1.01 | 7.1e+01 4.7e+00 2.616e+00
#6116  3912   1 | 1.29e+00 0.00e+00   +nan  1.00 | 1.04e+00 1.11e-01 +0.061  1.00 | 5.7e+01 5.2e+00 2.736e+00
#6117  3604   1 | 1.12e+00 0.00e+00   +nan  1.00 | 1.06e+00 1.32e-01 +0.205  0.96 | 6.5e+01 5.4e+00 2.334e+00
#6118  2735   1 | 1.10e+00 0.00e+00   +nan  1.00 | 1.02e+00 1.04e-01 +0.219  0.97 | 7.0e+01 4.7e+00 2.210e+00
#6119  4880   1 | 1.17e+00 0.00e+00   +nan  1.00 | 9.75e-01 9.22e-02 +0.245  0.96 | 4.8e+01 4.8e+00 2.276e+00
#6120  4890   1 | 1.06e+00 0.00e+00   +nan  1.00 | 9.70e-01 1.09e-01 +0.276  0.95 | 4.8e+01 5.2e+00 2.016e+00
#6121   641   1 | 9.65e-01 0.00e+00   +nan  1.00 | 1.03e+00 1.31e-01 +0.053  1.00 | 7.6e+01 5.6e+00 1.999e+00
#6122  3256   1 | 7.11e-01 0.00e+00   +nan  1.00 | 1.00e+00 1.04e-01 +0.076  1.00 | 6.2e+01 4.2e+00 1.505e+00
#6123  1675   1 | 8.89e-01 0.00e+00   +nan  1.00 | 9.15e-01 1.03e-01 -0.030  1.02 | 9.1e+01 4.5e+00 1.644e+00
#6124  3580   1 | 1.05e+00 0.00e+00   +nan  1.00 | 1.04e+00 1.03e-01 -0.045  1.02 | 7.0e+01 4.4e+00 2.196e+00
#6125  4091   1 | 1.07e+00 0.00e+00   +nan  1.00 | 9.93e-01 1.41e-01 +0.175  0.97 | 5.7e+01 5.7e+00 2.106e+00
#6126  4098   1 | 1.10e+00 0.00e+00   +nan  1.00 | 1.05e+00 1.34e-01 +0.336  0.93 | 5.4e+01 5.4e+00 2.238e+00
#6127  1020   1 | 1.04e+00 0.00e+00   +nan  1.00 | 1.02e+00 1.20e-01 +0.245  0.96 | 7.7e+01 5.2e+00 2.081e+00
#6128  3427   1 | 1.13e+00 0.00e+00   +nan  1.00 | 9.88e-01 1.26e-01 -0.045  1.03 | 7.0e+01 4.7e+00 2.281e+00
#6129  4141   1 | 5.82e-01 0.00e+00   +nan  1.00 | 1.05e+00 1.32e-01 +0.170  0.97 | 5.9e+01 5.0e+00 1.417e+00
#6130  3385   1 | 4.76e-01 0.00e+00   +nan  1.00 | 9.87e-01 1.39e-01 +0.182  0.97 | 6.2e+01 4.9e+00 1.171e+00
#6131  2131   1 | 1.34e+00 0.00e+00   +nan  1.00 | 1.00e+00 1.40e-01 -0.009  1.02 | 8.3e+01 5.1e+00 2.831e+00
#6132  4482   1 | 1.01e+00 0.00e+00   +nan  1.00 | 1.07e+00 1.20e-01 +0.186  0.97 | 7.2e+01 4.7e+00 2.137e+00
#6133  2100   1 | 1.18e+00 0.00e+00   +nan  1.00 | 9.58e-01 1.15e-01 -0.086  1.04 | 7.9e+01 4.5e+00 2.339e+00
#6134  3444   1 | 9.11e-01 0.00e+00   +nan  1.00 | 9.18e-01 1.53e-01 +0.116  0.99 | 6.9e+01 5.3e+00 1.663e+00
#6135  1374   1 | 7.38e-01 0.00e+00   +nan  1.00 | 9.49e-01 1.23e-01 -0.020  1.02 | 8.1e+01 4.5e+00 1.466e+00
#6136  1736   1 | 8.25e-01 0.00e+00   +nan  1.00 | 9.42e-01 1.42e-01 +0.126  0.98 | 1.0e+02 5.1e+00 1.554e+00
#6137  2159   1 | 9.60e-01 0.00e+00   +nan  1.00 | 1.07e+00 1.25e-01 +0.176  0.97 | 8.1e+01 5.2e+00 2.045e+00
#6138  1773   1 | 5.55e-01 0.00e+00   +nan  1.00 | 1.04e+00 8.95e-02 -0.067  1.02 | 9.9e+01 4.3e+00 1.415e+00
#6139  3867   1 | 1.32e+00 0.00e+00   +nan  1.00 | 1.02e+00 1.25e-01 +0.192  0.97 | 5.6e+01 5.0e+00 2.752e+00
#6140  3100   1 | 6.15e-01 0.00e+00   +nan  1.00 | 1.08e+00 1.18e-01 +0.051  1.00 | 6.8e+01 4.5e+00 1.554e+00
#6141  3400   1 | 1.08e+00 0.00e+00   +nan  1.00 | 9.82e-01 8.60e-02 +0.050  1.00 | 6.6e+01 4.1e+00 2.130e+00
#6142  3556   1 | 1.30e+00 0.00e+00   +nan  1.00 | 9.64e-01 1.07e-01 +0.227  0.96 | 6.7e+01 4.8e+00 2.586e+00
#6143   702   1 | 1.65e+00 0.00e+00   +nan  1.00 | 9.65e-01 9.70e-02 -0.066  1.02 | 7.1e+01 4.6e+00 3.688e+00
#6144   979   1 | 1.13e+00 0.00e+00   +nan  1.00 | 1.05e+00 1.05e-01 +0.272  0.96 | 8.7e+01 4.7e+00 2.342e+00
#6145  3619   1 | 5.93e-01 0.00e+00   +nan  1.00 | 1.05e+00 1.26e-01 +0.157  0.98 | 6.1e+01 5.2e+00 1.433e+00
#6146   200   1 | 9.98e-01 0.00e+00   +nan  1.00 | 9.45e-01 1.11e-01 +0.080  0.99 | 6.0e+01 5.2e+00 1.886e+00
#6147  4555   1 | 1.04e+00 0.00e+00   +nan  1.00 | 8.36e-01 1.11e-01 +0.352  0.92 | 5.8e+01 4.7e+00 1.730e+00
#6148  1716   1 | 1.07e+00 0.00e+00   +nan  1.00 | 9.70e-01 1.08e-01 +0.035  1.00 | 1.0e+02 4.8e+00 2.095e+00
#6149  1579   1 | 1.17e+00 0.00e+00   +nan  1.00 | 1.17e+00 1.11e-01 +0.152  0.98 | 9.2e+01 4.7e+00 2.707e+00
#6150  1473   1 | 5.47e-01 0.00e+00   +nan  1.00 | 1.03e+00 1.13e-01 +0.074  1.00 | 8.2e+01 5.2e+00 1.353e+00
#6151  3109   1 | 8.34e-01 0.00e+00   +nan  1.00 | 1.01e+00 1.28e-01 -0.054  1.03 | 6.0e+01 5.1e+00 1.752e+00
#6152   450   1 | 1.10e+00 0.00e+00   +nan  1.00 | 1.08e+00 1.27e-01 +0.168  0.97 | 6.1e+01 5.0e+00 2.343e+00
#6153   197   1 | 7.71e-01 0.00e+00   +nan  1.00 | 9.59e-01 1.18e-01 -0.041  1.03 | 5.7e+01 5.0e+00 1.537e+00
#6154  1260   1 | 1.08e+00 0.00e+00   +nan  1.00 | 1.04e+00 1.07e-01 +0.089  0.99 | 8.1e+01 4.7e+00 2.243e+00
#6155  3276   1 | 5.78e-01 0.00e+00   +nan  1.00 | 9.77e-01 1.03e-01 +0.073  1.00 | 6.9e+01 4.7e+00 1.286e+00
#6156  3095   1 | 1.03e+00 0.00e+00   +nan  1.00 | 1.08e+00 9.53e-02 +0.215  0.97 | 6.0e+01 4.7e+00 2.197e+00
#6157  2246   1 | 8.57e-01 0.00e+00   +nan  1.00 | 9.10e-01 8.42e-02 +0.045  1.00 | 7.6e+01 4.7e+00 1.562e+00
#6158  2042   1 | 1.40e+00 0.00e+00   +nan  1.00 | 1.01e+00 1.03e-01 -0.018  1.01 | 8.2e+01 4.5e+00 3.007e+00
#6159  1141   1 | 1.02e+00 0.00e+00   +nan  1.00 | 1.13e+00 8.93e-02 -0.056  1.02 | 7.6e+01 4.6e+00 2.338e+00
#6160  2743   1 | 1.22e+00 0.00e+00   +nan  1.00 | 9.89e-01 1.18e-01 +0.064  1.00 | 6.6e+01 4.7e+00 2.474e+00
#6161  4338   1 | 9.69e-01 0.00e+00   +nan  1.00 | 1.03e+00 1.09e-01 +0.245  0.96 | 6.1e+01 5.4e+00 1.962e+00
#6162  3527   1 | 1.14e+00 0.00e+00   +nan  1.00 | 9.43e-01 1.04e-01 +0.032  1.01 | 5.5e+01 5.1e+00 2.195e+00
#6163  3870   1 | 7.13e-01 0.00e+00   +nan  1.00 | 1.00e+00 1.07e-01 +0.200  0.97 | 5.7e+01 5.1e+00 1.482e+00
#6164  4737   1 | 1.32e+00 0.00e+00   +nan  1.00 | 1.02e+00 9.65e-02 +0.259  0.96 | 5.7e+01 5.3e+00 2.732e+00
#6165  2829   1 | 9.09e-01 0.00e+00   +nan  1.00 | 9.18e-01 9.18e-02 +0.129  0.98 | 6.2e+01 4.4e+00 1.655e+00
#6166  3189   1 | 1.12e+00 0.00e+00   +nan  1.00 | 9.75e-01 9.59e-02 -0.032  1.02 | 6.5e+01 4.9e+00 2.226e+00
#6167  1873   1 | 9.71e-01 0.00e+00   +nan  1.00 | 1.02e+00 1.00e-01 +0.044  1.00 | 8.0e+01 5.1e+00 1.980e+00
#6168   929   1 | 1.38e+00 0.00e+00   +nan  1.00 | 1.03e+00 8.73e-02 +0.066  1.00 | 8.1e+01 4.8e+00 2.952e+00
#6169  3146   1 | 4.98e-01 0.00e+00   +nan  1.00 | 1.12e+00 9.84e-02 +0.170  0.98 | 6.5e+01 5.0e+00 1.468e+00
#6170  1342   1 | 1.31e+00 0.00e+00   +nan  1.00 | 1.04e+00 1.01e-01 +0.204  0.97 | 8.8e+01 4.9e+00 2.751e+00
#6171  1812   1 | 9.76e-01 0.00e+00   +nan  1.00 | 1.04e+00 8.66e-02 +0.183  0.98 | 9.0e+01 5.0e+00 2.013e+00
#6172   102   1 | 1.22e+00 0.00e+00   +nan  1.00 | 1.10e+00 1.11e-01 +0.060  1.00 | 5.7e+01 5.4e+00 2.714e+00
#6173  3324   1 | 1.18e+00 0.00e+00   +nan  1.00 | 1.05e+00 8.85e-02 +0.123  0.99 | 5.9e+01 5.1e+00 2.492e+00
#6174   468   1 | 1.04e+00 0.00e+00   +nan  1.00 | 1.02e+00 7.63e-02 +0.348  0.95 | 6.1e+01 4.5e+00 2.080e+00
#6175  4099   1 | 1.09e+00 0.00e+00   +nan  1.00 | 1.13e+00 9.20e-02 +0.165  0.98 | 5.4e+01 4.8e+00 2.443e+00
#6176   717   1 | 4.46e-01 0.00e+00   +nan  1.00 | 1.00e+00 8.03e-02 +0.202  0.97 | 7.4e+01 4.4e+00 1.176e+00
#6177  4875   1 | 1.12e+00 0.00e+00   +nan  1.00 | 1.02e+00 1.23e-01 +0.385  0.92 | 5.2e+01 5.3e+00 2.216e+00
#6178  2258   1 | 1.32e+00 0.00e+00   +nan  1.00 | 1.12e+00 1.06e-01 +0.057  1.00 | 7.6e+01 4.6e+00 2.990e+00
#6179   473   1 | 1.21e+00 0.00e+00   +nan  1.00 | 9.11e-01 9.61e-02 +0.025  1.01 | 7.0e+01 4.7e+00 2.295e+00
#6180  4184   1 | 9.11e-01 0.00e+00   +nan  1.00 | 9.15e-01 1.11e-01 -0.102  1.04 | 6.0e+01 4.8e+00 1.700e+00
#6181  1172   1 | 1.14e+00 0.00e+00   +nan  1.00 | 9.88e-01 1.19e-01 -0.052  1.03 | 7.9e+01 4.8e+00 2.305e+00
#6182   212   1 | 4.70e-01 0.00e+00   +nan  1.00 | 9.87e-01 1.05e-01 +0.022  1.01 | 6.3e+01 4.8e+00 1.202e+00
#6183   985   1 | 8.26e-01 0.00e+00   +nan  1.00 | 9.54e-01 1.23e-01 +0.092  0.99 | 7.9e+01 5.1e+00 1.585e+00
#6184    52   1 | 1.18e+00 0.00e+00   +nan  1.00 | 9.58e-01 1.16e-01 -0.094  1.04 | 5.8e+01 4.8e+00 2.343e+00
#6185  4477   1 | 1.30e+00 0.00e+00   +nan  1.00 | 9.27e-01 1.16e-01 +0.326  0.93 | 6.7e+01 4.7e+00 2.494e+00
#6186  2003   1 | 1.34e+00 0.00e+00   +nan  1.00 | 1.00e+00 1.20e-01 -0.075  1.03 | 8.4e+01 5.0e+00 2.843e+00
#6187  4168   1 | 6.58e-01 0.00e+00   +nan  1.00 | 1.07e+00 9.96e-02 +0.202  0.97 | 6.2e+01 4.5e+00 1.544e+00
#6188   485   1 | 1.29e+00 0.00e+00   +nan  1.00 | 1.08e+00 1.06e-01 +0.000  1.01 | 6.5e+01 5.0e+00 2.848e+00
#6189   478   1 | 7.04e-01 0.00e+00   +nan  1.00 | 1.09e+00 1.22e-01 -0.073  1.03 | 7.0e+01 5.1e+00 1.714e+00
#6190  3953   1 | 1.08e+00 0.00e+00   +nan  1.00 | 9.80e-01 1.24e-01 +0.082  1.00 | 7.0e+01 5.3e+00 2.132e+00
#6191  4502   1 | 1.31e+00 0.00e+00   +nan  1.00 | 1.09e+00 1.27e-01 +0.202  0.97 | 6.9e+01 5.1e+00 2.873e+00
#6192  2115   1 | 1.08e+00 0.00e+00   +nan  1.00 | 9.68e-01 9.17e-02 +0.020  1.01 | 8.4e+01 4.7e+00 2.111e+00
#6193  4050   1 | 9.84e-01 0.00e+00   +nan  1.00 | 9.60e-01 1.06e-01 +0.125  0.98 | 6.6e+01 4.9e+00 1.876e+00
#6194  4439   1 | 9.58e-01 0.00e+00   +nan  1.00 | 1.07e+00 1.09e-01 +0.239  0.96 | 6.9e+01 5.0e+00 2.029e+00
#6195  2381   1 | 1.10e+00 0.00e+00   +nan  1.00 | 9.82e-01 8.85e-02 -0.064  1.02 | 6.7e+01 4.6e+00 2.196e+00
#6196  4943   1 | 7.23e-01 0.00e+00   +nan  1.00 | 9.46e-01 1.05e-01 +0.262  0.95 | 6.3e+01 4.6e+00 1.376e+00
#6197  1229   1 | 1.07e+00 0.00e+00   +nan  1.00 | 1.03e+00 7.53e-02 -0.146  1.03 | 8.4e+01 4.3e+00 2.229e+00
#6198  4195   1 | 1.03e+00 0.00e+00   +nan  1.00 | 9.92e-01 1.09e-01 +0.238  0.96 | 5.4e+01 4.8e+00 1.998e+00
#6199  2068   1 | 1.09e+00 0.00e+00   +nan  1.00 | 9.37e-01 9.39e-02 +0.042  1.00 | 8.3e+01 4.8e+00 2.068e+00
#6200  1097   1 | 5.53e-01 0.00e+00   +nan  1.00 | 1.04e+00 7.87e-02 +0.073  0.99 | 8.2e+01 4.3e+00 1.387e+00
#6201  3926   1 | 1.00e+00 0.00e+00   +nan  1.00 | 8.61e-01 1.14e-01 +0.178  0.97 | 6.0e+01 5.2e+00 1.724e+00
#6202  1476   1 | 5.13e-01 0.00e+00   +nan  1.00 | 9.97e-01 1.12e-01 -0.050  1.02 | 8.1e+01 4.9e+00 1.281e+00
#6203  2147   1 | 1.08e+00 0.00e+00   +nan  1.00 | 9.93e-01 8.40e-02 -0.035  1.01 | 8.5e+01 4.5e+00 2.162e+00
#6204  1645   1 | 1.31e+00 0.00e+00   +nan  1.00 | 1.01e+00 9.95e-02 +0.209  0.97 | 8.6e+01 5.1e+00 2.708e+00
#6205  3375   1 | 6.42e-01 0.00e+00   +nan  1.00 | 1.03e+00 9.54e-02 +0.110  0.99 | 6.9e+01 4.9e+00 1.458e+00
#6206   538   1 | 9.23e-01 0.00e+00   +nan  1.00 | 9.51e-01 9.54e-02 +0.095  0.99 | 6.6e+01 5.4e+00 1.748e+00
#6207  2892   1 | 9.95e-01 0.00e+00   +nan  1.00 | 1.07e+00 8.44e-02 +0.108  0.99 | 6.2e+01 4.5e+00 2.132e+00
#6208  2377   1 | 6.03e-01 0.00e+00   +nan  1.00 | 1.08e+00 9.11e-02 +0.049  1.00 | 7.2e+01 4.7e+00 1.537e+00
#6209   508   1 | 7.38e-01 0.00e+00   +nan  1.00 | 9.49e-01 7.51e-02 -0.041  1.01 | 7.1e+01 4.7e+00 1.457e+00
#6210  1921   1 | 8.26e-01 0.00e+00   +nan  1.00 | 9.42e-01 8.72e-02 +0.184  0.97 | 9.1e+01 4.3e+00 1.547e+00
#6211  2360   1 | 1.11e+00 0.00e+00   +nan  1.00 | 1.06e+00 9.90e-02 +0.076  0.99 | 7.6e+01 5.1e+00 2.346e+00
#6212  1370   1 | 9.70e-01 0.00e+00   +nan  1.00 | 1.06e+00 9.20e-02 +0.138  0.98 | 8.1e+01 4.6e+00 2.041e+00
#6213  2001   1 | 1.12e+00 0.00e+00   +nan  1.00 | 1.01e+00 9.47e-02 +0.024  1.00 | 8.5e+01 4.9e+00 2.278e+00
#6214  1733   1 | 1.08e+00 0.00e+00   +nan  1.00 | 9.97e-01 8.20e-02 +0.043  1.00 | 1.0e+02 5.0e+00 2.152e+00
#6215  1636   1 | 9.63e-01 0.00e+00   +nan  1.00 | 1.06e+00 1.06e-01 +0.175  0.98 | 8.3e+01 4.9e+00 2.032e+00
#6216  2106   1 | 6.01e-01 0.00e+00   +nan  1.00 | 1.08e+00 9.40e-02 +0.007  1.01 | 8.9e+01 4.9e+00 1.543e+00
#6217  4380   1 | 1.03e+00 0.00e+00   +nan  1.00 | 1.08e+00 9.07e-02 +0.344  0.95 | 5.6e+01 4.8e+00 2.183e+00
#6218  4551   1 | 1.14e+00 0.00e+00   +nan  1.00 | 1.05e+00 1.10e-01 +0.338  0.94 | 5.7e+01 4.6e+00 2.332e+00
#6219  1964   1 | 1.08e+00 0.00e+00   +nan  1.00 | 9.97e-01 7.92e-02 +0.122  0.99 | 8.2e+01 4.8e+00 2.138e+00
#6220   134   1 | 9.98e-01 0.00e+00   +nan  1.00 | 9.45e-01 1.01e-01 +0.040  1.00 | 6.1e+01 5.1e+00 1.893e+00
#6221   407   1 | 1.31e+00 0.00e+00   +nan  1.00 | 1.04e+00 1.03e-01 +0.124  0.99 | 6.7e+01 5.5e+00 2.770e+00
#6222  2137   1 | 9.63e-01 0.00e+00   +nan  1.00 | 1.06e+00 8.08e-02 +0.114  0.99 | 8.5e+01 4.5e+00 2.045e+00
#6223  1043   1 | 1.29e+00 0.00e+00   +nan  1.00 | 9.64e-01 1.12e-01 +0.125  0.98 | 7.7e+01 5.1e+00 2.591e+00
#6224  3689   1 | 7.36e-01 0.00e+00   +nan  1.00 | 1.09e+00 1.01e-01 +0.154  0.98 | 5.6e+01 4.8e+00 1.701e+00
#6225  2847   1 | 4.51e-01 0.00e+00   +nan  1.00 | 1.00e+00 8.22e-02 +0.188  0.98 | 6.3e+01 4.0e+00 1.183e+00
#6226  2927   1 | 8.31e-01 0.00e+00   +nan  1.00 | 1.01e+00 1.08e-01 -0.021  1.02 | 6.6e+01 4.9e+00 1.733e+00
#6227  3561   1 | 1.30e+00 0.00e+00   +nan  1.00 | 1.12e+00 1.14e-01 +0.170  0.98 | 6.7e+01 4.6e+00 2.904e+00
#6228   709   1 | 1.02e+00 0.00e+00   +nan  1.00 | 9.92e-01 9.68e-02 +0.062  1.00 | 7.3e+01 4.6e+00 2.031e+00
#6229  3839   1 | 8.80e-01 0.00e+00   +nan  1.00 | 9.51e-01 1.09e-01 +0.144  0.98 | 6.3e+01 5.0e+00 1.660e+00
#6230  3460   1 | 1.27e+00 0.00e+00   +nan  1.00 | 1.08e+00 1.09e-01 +0.142  0.98 | 6.3e+01 4.5e+00 2.758e+00
#6231  3133   1 | 7.34e-01 0.00e+00   +nan  1.00 | 9.46e-01 1.15e-01 +0.138  0.98 | 6.6e+01 4.9e+00 1.418e+00
#6232  3831   1 | 1.32e+00 0.00e+00   +nan  1.00 | 1.02e+00 1.21e-01 +0.212  0.96 | 6.5e+01 5.0e+00 2.746e+00
#6233  3202   1 | 8.40e-01 0.00e+00   +nan  1.00 | 9.42e-01 1.07e-01 +0.048  1.00 | 6.9e+01 4.4e+00 1.595e+00
#6234  1711   1 | 4.70e-01 0.00e+00   +nan  1.00 | 9.87e-01 1.17e-01 +0.121  0.99 | 8.6e+01 4.7e+00 1.182e+00
#6235  2301   1 | 1.22e+00 0.00e+00   +nan  1.00 | 1.10e+00 1.29e-01 +0.150  0.98 | 7.7e+01 5.7e+00 2.690e+00
#6236  1837   1 | 1.29e+00 0.00e+00   +nan  1.00 | 9.27e-01 1.21e-01 +0.126  0.98 | 8.8e+01 4.7e+00 2.522e+00
#6237  2224   1 | 1.08e+00 0.00e+00   +nan  1.00 | 9.68e-01 1.21e-01 +0.012  1.01 | 8.2e+01 5.1e+00 2.117e+00
#6238  3190   1 | 1.33e+00 0.00e+00   +nan  1.00 | 1.00e+00 1.23e-01 +0.068  1.00 | 6.4e+01 5.1e+00 2.779e+00
#6239   379   1 | 9.72e-01 0.00e+00   +nan  1.00 | 1.02e+00 1.17e-01 +0.037  1.00 | 7.4e+01 4.7e+00 1.985e+00
#6240   267   1 | 1.15e+00 0.00e+00   +nan  1.00 | 9.43e-01 1.41e-01 +0.044  1.01 | 6.9e+01 5.4e+00 2.209e+00
#6241  1681   1 | 1.08e+00 0.00e+00   +nan  1.00 | 1.04e+00 1.12e-01 -0.031  1.02 | 9.1e+01 4.9e+00 2.268e+00
#6242  1319   1 | 9.07e-01 0.00e+00   +nan  1.00 | 9.18e-01 1.11e-01 +0.052  1.00 | 7.8e+01 4.7e+00 1.667e+00
#6243  2311   1 | 1.14e+00 0.00e+00   +nan  1.00 | 9.88e-01 1.27e-01 -0.005  1.02 | 8.0e+01 5.2e+00 2.290e+00
#6244    98   1 | 1.12e+00 0.00e+00   +nan  1.00 | 1.13e+00 1.17e-01 -0.017  1.01 | 6.3e+01 5.3e+00 2.563e+00
#6245  1977   1 | 7.40e-01 0.00e+00   +nan  1.00 | 9.49e-01 8.25e-02 +0.017  1.00 | 8.3e+01 4.4e+00 1.453e+00
#6246  2497   1 | 1.04e+00 0.00e+00   +nan  1.00 | 8.36e-01 1.22e-01 -0.091  1.05 | 6.7e+01 5.7e+00 1.824e+00
#6247  2145   1 | 5.50e-01 0.00e+00   +nan  1.00 | 1.03e+00 8.92e-02 +0.049  1.00 | 7.8e+01 4.5e+00 1.360e+00
#6248  3235   1 | 1.10e+00 0.00e+00   +nan  1.00 | 9.37e-01 9.95e-02 +0.086  0.99 | 7.2e+01 4.7e+00 2.084e+00
#6249  4087   1 | 5.84e-01 0.00e+00   +nan  1.00 | 1.05e+00 8.61e-02 +0.175  0.98 | 5.5e+01 4.8e+00 1.424e+00
#6250   769   1 | 8.26e-01 0.00e+00   +nan  1.00 | 9.54e-01 8.49e-02 +0.010  1.01 | 7.7e+01 4.9e+00 1.597e+00
#6251  3310   1 | 1.19e+00 0.00e+00   +nan  1.00 | 9.11e-01 9.94e-02 +0.157  0.98 | 6.7e+01 5.0e+00 2.216e+00
#6252  2843   1 | 1.02e+00 0.00e+00   +nan  1.00 | 1.13e+00 8.42e-02 +0.048  1.00 | 6.1e+01 5.5e+00 2.331e+00
#6253  1623   1 | 9.64e-01 0.00e+00   +nan  1.00 | 1.03e+00 8.71e-02 -0.049  1.02 | 9.0e+01 5.0e+00 2.010e+00
#6254  4360   1 | 6.23e-01 0.00e+00   +nan  1.00 | 1.03e+00 8.51e-02 +0.219  0.97 | 6.7e+01 5.2e+00 1.415e+00
#6255  4374   1 | 1.12e+00 0.00e+00   +nan  1.00 | 1.06e+00 7.02e-02 +0.301  0.96 | 6.4e+01 4.9e+00 2.328e+00
#6256     4   1 | 1.04e+00 0.00e+00   +nan  1.00 | 1.02e+00 7.88e-02 +0.166  0.98 | 5.9e+01 5.4e+00 2.109e+00
#6257  4061   1 | 9.87e-01 0.00e+00   +nan  1.00 | 1.07e+00 7.14e-02 +0.184  0.98 | 5.9e+01 4.8e+00 2.107e+00
#6258  2859   1 | 1.18e+00 0.00e+00   +nan  1.00 | 9.58e-01 6.63e-02 -0.026  1.01 | 6.0e+01 4.6e+00 2.314e+00
#6259  1517   1 | 5.13e-01 0.00e+00   +nan  1.00 | 9.97e-01 7.23e-02 -0.027  1.01 | 8.3e+01 4.7e+00 1.266e+00
#6260  1836   1 | 1.65e+00 0.00e+00   +nan  1.00 | 9.65e-01 6.75e-02 -0.012  1.01 | 9.1e+01 4.7e+00 3.676e+00
#6261  3089   1 | 1.19e+00 0.00e+00   +nan  1.00 | 1.05e+00 6.82e-02 +0.092  0.99 | 6.5e+01 5.0e+00 2.512e+00
#6262  1795   1 | 1.11e+00 0.00e+00   +nan  1.00 | 9.82e-01 7.46e-02 -0.175  1.03 | 9.3e+01 4.7e+00 2.219e+00
#6263  1406   1 | 1.31e+00 0.00e+00   +nan  1.00 | 1.09e+00 8.57e-02 +0.032  1.00 | 8.2e+01 5.4e+00 2.903e+00
#6264  2728   1 | 9.81e-01 0.00e+00   +nan  1.00 | 1.04e+00 6.17e-02 +0.190  0.98 | 7.1e+01 4.5e+00 2.028e+00
#6265  4358   1 | 9.71e-01 0.00e+00   +nan  1.00 | 9.60e-01 6.97e-02 +0.110  0.99 | 6.4e+01 4.4e+00 1.856e+00
#6266   309   1 | 1.40e+00 0.00e+00   +nan  1.00 | 1.01e+00 7.14e-02 -0.036  1.01 | 6.6e+01 4.7e+00 3.002e+00
#6267  3459   1 | 1.39e+00 0.00e+00   +nan  1.00 | 1.03e+00 7.59e-02 +0.192  0.98 | 6.1e+01 5.3e+00 2.971e+00
#6268  2680   1 | 1.17e+00 0.00e+00   +nan  1.00 | 1.17e+00 6.69e-02 +0.129  0.99 | 7.4e+01 4.5e+00 2.716e+00
#6269  2090   1 | 5.57e-01 0.00e+00   +nan  1.00 | 1.04e+00 7.19e-02 +0.092  0.99 | 9.2e+01 4.9e+00 1.387e+00
#6270  4959   1 | 9.38e-01 0.00e+00   +nan  1.00 | 1.07e+00 6.17e-02 +0.235  0.98 | 6.6e+01 4.9e+00 2.008e+00
#6271  2675   1 | 1.10e+00 0.00e+00   +nan  1.00 | 1.08e+00 1.40e-01 +0.115  0.99 | 7.6e+01 6.6e+00 2.358e+00
#6272  2712   1 | 8.61e-01 0.00e+00   +nan  1.00 | 9.10e-01 6.06e-02 +0.050  1.00 | 7.0e+01 4.4e+00 1.568e+00
#6273   518   1 | 7.01e-01 0.00e+00   +nan  1.00 | 1.00e+00 6.19e-02 -0.105  1.02 | 7.3e+01 5.1e+00 1.513e+00
#6274   978   1 | 7.71e-01 0.00e+00   +nan  1.00 | 9.59e-01 5.70e-02 -0.198  1.03 | 8.7e+01 4.6e+00 1.538e+00
#6275  3304   1 | 1.07e+00 0.00e+00   +nan  1.00 | 9.93e-01 8.22e-02 +0.087  0.99 | 5.9e+01 5.2e+00 2.125e+00
#6276  3609   1 | 1.13e+00 0.00e+00   +nan  1.00 | 1.01e+00 7.35e-02 +0.148  0.98 | 6.6e+01 4.9e+00 2.274e+00
#6277  1789   1 | 8.90e-01 0.00e+00   +nan  1.00 | 9.15e-01 7.04e-02 +0.026  1.00 | 9.8e+01 4.9e+00 1.630e+00
#6278   747   1 | 1.31e+00 0.00e+00   +nan  1.00 | 1.01e+00 7.51e-02 +0.003  1.01 | 7.0e+01 5.0e+00 2.750e+00
#6279  3982   1 | 1.09e+00 0.00e+00   +nan  1.00 | 9.70e-01 7.75e-02 +0.031  1.00 | 6.7e+01 4.8e+00 2.128e+00
#6280   982   1 | 1.23e+00 0.00e+00   +nan  1.00 | 9.89e-01 6.45e-02 +0.181  0.98 | 8.3e+01 4.9e+00 2.479e+00
#6281  2421   1 | 1.10e+00 0.00e+00   +nan  1.00 | 1.02e+00 7.85e-02 +0.126  0.99 | 7.4e+01 5.3e+00 2.238e+00
#6282  4342   1 | 9.81e-01 0.00e+00   +nan  1.00 | 1.06e+00 6.26e-02 +0.172  0.98 | 6.5e+01 4.6e+00 2.064e+00
#6283  4364   1 | 1.07e+00 0.00e+00   +nan  1.00 | 1.03e+00 6.57e-02 +0.176  0.98 | 6.2e+01 4.7e+00 2.176e+00
#6284   484   1 | 1.14e+00 0.00e+00   +nan  1.00 | 9.75e-01 6.73e-02 -0.106  1.02 | 6.6e+01 4.6e+00 2.278e+00
#6285  2434   1 | 5.72e-01 0.00e+00   +nan  1.00 | 9.77e-01 5.61e-02 -0.191  1.03 | 7.8e+01 4.3e+00 1.306e+00
#6286  4897   1 | 9.95e-01 0.00e+00   +nan  1.00 | 8.61e-01 5.27e-02 +0.288  0.97 | 5.4e+01 4.4e+00 1.708e+00
#6287  3995   1 | 4.96e-01 0.00e+00   +nan  1.00 | 1.12e+00 6.07e-02 +0.246  0.98 | 7.4e+01 4.7e+00 1.465e+00
#6288  1477   1 | 6.58e-01 0.00e+00   +nan  1.00 | 1.07e+00 6.33e-02 +0.029  1.00 | 8.3e+01 4.8e+00 1.577e+00
#6289  2044   1 | 1.11e+00 0.00e+00   +nan  1.00 | 9.80e-01 7.90e-02 -0.016  1.01 | 8.3e+01 4.9e+00 2.202e+00
#6290  3180   1 | 6.59e-01 0.00e+00   +nan  1.00 | 1.07e+00 6.45e-02 +0.053  1.00 | 5.5e+01 3.9e+00 1.575e+00
#6291  1994   1 | 1.20e+00 0.00e+00   +nan  1.00 | 9.11e-01 7.21e-02 +0.063  1.00 | 8.6e+01 4.6e+00 2.278e+00
#6292  1836   1 | 1.02e+00 0.00e+00   +nan  1.00 | 1.13e+00 6.46e-02 +0.047  1.00 | 9.2e+01 5.1e+00 2.318e+00
#6293  4726   1 | 1.12e+00 0.00e+00   +nan  1.00 | 1.01e+00 8.78e-02 +0.219  0.97 | 6.2e+01 5.3e+00 2.231e+00
#6294  4014   1 | 1.13e+00 0.00e+00   +nan  1.00 | 9.88e-01 7.00e-02 +0.203  0.98 | 6.8e+01 5.1e+00 2.230e+00
#6295  2211   1 | 1.08e+00 0.00e+00   +nan  1.00 | 9.97e-01 5.78e-02 +0.106  0.99 | 8.5e+01 4.5e+00 2.141e+00
#6296  4081   1 | 1.32e+00 0.00e+00   +nan  1.00 | 1.02e+00 6.67e-02 +0.250  0.97 | 5.7e+01 4.6e+00 2.765e+00
#6297  2728   1 | 1.10e+00 0.00e+00   +nan  1.00 | 9.80e-01 6.36e-02 +0.119  0.99 | 7.2e+01 4.2e+00 2.170e+00
#6298  3203   1 | 1.18e+00 0.00e+00   +nan  1.00 | 9.58e-01 7.46e-02 +0.035  1.00 | 7.0e+01 4.7e+00 2.307e+00
#6299  2839   1 | 9.66e-01 0.00e+00   +nan  1.00 | 1.07e+00 7.83e-02 +0.133  0.99 | 5.4e+01 4.7e+00 2.072e+00
#6300  1708   1 | 7.29e-01 0.00e+00   +nan  1.00 | 9.46e-01 9.08e-02 +0.126  0.99 | 9.4e+01 4.7e+00 1.413e+00
#6301  1256   1 | 9.75e-01 0.00e+00   +nan  1.00 | 1.04e+00 7.95e-02 +0.288  0.96 | 7.7e+01 5.0e+00 1.995e+00
#6302  3330   1 | 7.12e-01 0.00e+00   +nan  1.00 | 1.00e+00 7.96e-02 +0.069  1.00 | 6.4e+01 4.3e+00 1.507e+00
#6303    66   1 | 1.31e+00 0.00e+00   +nan  1.00 | 1.04e+00 7.07e-02 +0.029  1.00 | 6.4e+01 4.2e+00 2.788e+00
#6304  4659   1 | 1.22e+00 0.00e+00   +nan  1.00 | 1.10e+00 1.16e-01 +0.239  0.96 | 5.9e+01 4.9e+00 2.665e+00
#6305  1170   1 | 1.65e+00 0.00e+00   +nan  1.00 | 9.65e-01 9.34e-02 +0.014  1.01 | 8.1e+01 5.0e+00 3.673e+00
#6306  2928   1 | 1.31e+00 0.00e+00   +nan  1.00 | 1.12e+00 9.94e-02 +0.068  1.00 | 6.7e+01 5.0e+00 2.967e+00
#6307  4251   1 | 1.11e+00 0.00e+00   +nan  1.00 | 1.05e+00 9.30e-02 +0.271  0.96 | 7.1e+01 4.9e+00 2.295e+00
#6308   603   1 | 1.08e+00 0.00e+00   +nan  1.00 | 9.68e-01 7.82e-02 +0.037  1.00 | 7.1e+01 4.8e+00 2.111e+00
#6309  1372   1 | 5.69e-01 0.00e+00   +nan  1.00 | 9.77e-01 1.06e-01 -0.106  1.03 | 8.3e+01 4.8e+00 1.312e+00
#6310  1814   1 | 1.38e+00 0.00e+00   +nan  1.00 | 1.03e+00 8.83e-02 +0.222  0.97 | 9.2e+01 5.0e+00 2.927e+00
#6311  2996   1 | 7.83e-01 0.00e+00   +nan  1.00 | 9.59e-01 1.14e-01 +0.208  0.96 | 6.6e+01 5.4e+00 1.500e+00
#6312  2148   1 | 9.08e-01 0.00e+00   +nan  1.00 | 9.18e-01 9.16e-02 +0.145  0.98 | 9.0e+01 4.5e+00 1.650e+00
#6313  3337   1 | 9.57e-01 0.00e+00   +nan  1.00 | 1.06e+00 1.45e-01 +0.071  1.00 | 7.0e+01 6.3e+00 2.047e+00
#6314  2320   1 | 1.11e+00 0.00e+00   +nan  1.00 | 1.06e+00 1.00e-01 +0.128  0.98 | 8.8e+01 4.6e+00 2.335e+00
#6315  4039   1 | 1.17e+00 0.00e+00   +nan  1.00 | 1.05e+00 1.15e-01 +0.141  0.98 | 7.2e+01 5.2e+00 2.451e+00
#6316  2211   1 | 1.08e+00 0.00e+00   +nan  1.00 | 1.04e+00 1.16e-01 +0.086  0.99 | 8.6e+01 5.0e+00 2.233e+00
#6317  3839   1 | 4.56e-01 0.00e+00   +nan  1.00 | 1.00e+00 1.17e-01 +0.089  0.99 | 6.5e+01 4.9e+00 1.204e+00
#6318  1573   1 | 1.02e+00 0.00e+00   +nan  1.00 | 9.92e-01 1.22e-01 +0.081  1.00 | 8.6e+01 5.1e+00 2.027e+00
#6319   119   1 | 9.98e-01 0.00e+00   +nan  1.00 | 8.61e-01 1.05e-01 +0.135  0.98 | 5.4e+01 5.0e+00 1.724e+00
#6320  3749   1 | 1.28e+00 0.00e+00   +nan  1.00 | 1.01e+00 1.37e-01 +0.173  0.97 | 5.9e+01 5.2e+00 2.627e+00
#6321   918   1 | 9.71e-01 0.00e+00   +nan  1.00 | 1.02e+00 1.15e-01 -0.036  1.02 | 8.5e+01 4.9e+00 2.001e+00
#6322  1871   1 | 1.34e+00 0.00e+00   +nan  1.00 | 1.00e+00 1.07e-01 -0.096  1.03 | 8.5e+01 4.8e+00 2.843e+00
#6323  4697   1 | 1.30e+00 0.00e+00   +nan  1.00 | 1.08e+00 1.15e-01 +0.299  0.95 | 5.6e+01 4.8e+00 2.804e+00
#6324  4404   1 | 1.30e+00 0.00e+00   +nan  1.00 | 9.64e-01 1.09e-01 +0.209  0.97 | 7.1e+01 4.6e+00 2.592e+00
#6325   549   1 | 4.70e-01 0.00e+00   +nan  1.00 | 9.87e-01 1.03e-01 +0.120  0.99 | 7.7e+01 4.6e+00 1.182e+00
#6326    34   1 | 9.23e-01 0.00e+00   +nan  1.00 | 9.51e-01 1.05e-01 +0.185  0.97 | 5.3e+01 5.3e+00 1.729e+00
#6327  3477   1 | 7.30e-01 0.00e+00   +nan  1.00 | 1.09e+00 1.03e-01 +0.066  1.00 | 6.5e+01 4.5e+00 1.713e+00
#6328   842   1 | 9.98e-01 0.00e+00   +nan  1.00 | 9.45e-01 8.61e-02 +0.187  0.97 | 7.5e+01 4.7e+00 1.867e+00
#6329   631   1 | 1.31e+00 0.00e+00   +nan  1.00 | 1.09e+00 1.22e-01 +0.064  1.00 | 7.8e+01 5.3e+00 2.902e+00
#6330  1367   1 | 8.53e-01 0.00e+00   +nan  1.00 | 9.10e-01 1.34e-01 +0.071  1.00 | 7.6e+01 5.0e+00 1.557e+00
#6331  2562   1 | 9.97e-01 0.00e+00   +nan  1.00 | 1.07e+00 9.23e-02 +0.130  0.99 | 7.4e+01 4.4e+00 2.132e+00
#6332   136   1 | 1.14e+00 0.00e+00   +nan  1.00 | 9.75e-01 1.30e-01 -0.095  1.04 | 5.7e+01 5.6e+00 2.300e+00
#6333  3260   1 | 9.82e-01 0.00e+00   +nan  1.00 | 1.06e+00 1.41e-01 +0.040  1.01 | 6.9e+01 5.3e+00 2.091e+00
#6334  3403   1 | 1.05e+00 0.00e+00   +nan  1.00 | 8.36e-01 1.09e-01 +0.147  0.98 | 7.5e+01 4.9e+00 1.792e+00
#6335  4572   1 | 1.12e+00 0.00e+00   +nan  1.00 | 1.02e+00 1.25e-01 +0.410  0.91 | 6.3e+01 4.8e+00 2.190e+00
#6336  2884   1 | 8.96e-01 0.00e+00   +nan  1.00 | 9.15e-01 9.54e-02 +0.023  1.01 | 5.9e+01 4.6e+00 1.646e+00
#6337  4136   1 | 1.11e+00 0.00e+00   +nan  1.00 | 1.08e+00 1.25e-01 +0.189  0.97 | 5.9e+01 5.1e+00 2.359e+00
#6338  2138   1 | 6.01e-01 0.00e+00   +nan  1.00 | 1.08e+00 1.11e-01 +0.067  1.00 | 9.0e+01 4.7e+00 1.532e+00
#6339  1306   1 | 8.22e-01 0.00e+00   +nan  1.00 | 1.01e+00 8.04e-02 +0.051  1.00 | 8.4e+01 4.4e+00 1.700e+00
#6340  1176   1 | 1.17e+00 0.00e+00   +nan  1.00 | 1.17e+00 9.61e-02 +0.175  0.98 | 8.3e+01 4.5e+00 2.704e+00
#6341  1827   1 | 9.61e-01 0.00e+00   +nan  1.00 | 9.60e-01 7.94e-02 -0.078  1.02 | 9.0e+01 4.4e+00 1.864e+00
#6342  1470   1 | 5.79e-01 0.00e+00   +nan  1.00 | 1.05e+00 1.10e-01 +0.117  0.99 | 8.6e+01 4.8e+00 1.428e+00
#6343  1328   1 | 5.12e-01 0.00e+00   +nan  1.00 | 9.97e-01 1.11e-01 +0.017  1.01 | 8.6e+01 5.0e+00 1.265e+00
#6344  3961   1 | 8.56e-01 0.00e+00   +nan  1.00 | 9.42e-01 1.05e-01 +0.173  0.97 | 6.6e+01 5.0e+00 1.597e+00
#6345   123   1 | 1.04e+00 0.00e+00   +nan  1.00 | 1.02e+00 1.15e-01 +0.269  0.95 | 5.3e+01 4.9e+00 2.079e+00
#6346  4360   1 | 4.93e-01 0.00e+00   +nan  1.00 | 1.12e+00 1.01e-01 +0.316  0.95 | 7.0e+01 4.6e+00 1.430e+00
#6347  2787   1 | 6.32e-01 0.00e+00   +nan  1.00 | 1.03e+00 1.16e-01 +0.068  1.00 | 6.8e+01 5.3e+00 1.455e+00
#6348  3288   1 | 9.57e-01 0.00e+00   +nan  1.00 | 1.03e+00 1.10e-01 +0.086  0.99 | 6.4e+01 4.7e+00 1.974e+00
#6349  2953   1 | 8.34e-01 0.00e+00   +nan  1.00 | 9.54e-01 1.24e-01 +0.046  1.01 | 6.1e+01 5.4e+00 1.609e+00
#6350   659   1 | 1.07e+00 0.00e+00   +nan  1.00 | 1.03e+00 1.08e-01 -0.052  1.02 | 8.3e+01 4.7e+00 2.226e+00
#6351   860   1 | 1.08e+00 0.00e+00   +nan  1.00 | 9.93e-01 1.18e-01 -0.011  1.02 | 6.8e+01 5.0e+00 2.170e+00
#6352  2769   1 | 7.44e-01 0.00e+00   +nan  1.00 | 9.49e-01 1.24e-01 +0.147  0.98 | 7.4e+01 4.9e+00 1.436e+00
#6353  1120   1 | 1.23e+00 0.00e+00   +nan  1.00 | 9.89e-01 1.09e-01 +0.100  0.99 | 7.8e+01 5.0e+00 2.488e+00
#6354  1143   1 | 1.15e+00 0.00e+00   +nan  1.00 | 9.43e-01 1.20e-01 +0.125  0.98 | 7.9e+01 4.7e+00 2.188e+00
#6355  1487   1 | 5.54e-01 0.00e+00   +nan  1.00 | 1.04e+00 9.33e-02 +0.058  1.00 | 8.9e+01 4.4e+00 1.391e+00
#6356   681   1 | 1.09e+00 0.00e+00   +nan  1.00 | 9.37e-01 1.04e-01 +0.066  1.00 | 7.4e+01 5.0e+00 2.059e+00
#6357  1119   1 | 1.11e+00 0.00e+00   +nan  1.00 | 9.82e-01 1.19e-01 -0.142  1.05 | 7.8e+01 5.1e+00 2.240e+00
#6358   987   1 | 1.07e+00 0.00e+00   +nan  1.00 | 9.70e-01 1.21e-01 -0.005  1.02 | 8.1e+01 5.1e+00 2.104e+00
#6359  4946   1 | 1.08e+00 0.00e+00   +nan  1.00 | 1.08e+00 9.62e-02 +0.316  0.95 | 6.2e+01 4.6e+00 2.278e+00
#6360  4853   1 | 1.40e+00 0.00e+00   +nan  1.00 | 1.01e+00 9.25e-02 +0.250  0.96 | 5.7e+01 4.8e+00 2.933e+00
#6361  1477   1 | 5.47e-01 0.00e+00   +nan  1.00 | 1.03e+00 8.83e-02 +0.100  0.99 | 8.3e+01 4.8e+00 1.347e+00
#6362  4311   1 | 1.30e+00 0.00e+00   +nan  1.00 | 9.27e-01 1.24e-01 +0.281  0.94 | 6.4e+01 5.5e+00 2.497e+00
#6363  2380   1 | 1.12e+00 0.00e+00   +nan  1.00 | 1.13e+00 1.27e-01 +0.012  1.01 | 7.0e+01 5.7e+00 2.540e+00
#6364  2399   1 | 9.08e-01 0.00e+00   +nan  1.00 | 9.18e-01 1.04e-01 +0.121  0.99 | 7.5e+01 4.6e+00 1.654e+00
#6365  4339   1 | 1.09e+00 0.00e+00   +nan  1.00 | 9.82e-01 1.04e-01 +0.289  0.95 | 6.3e+01 5.1e+00 2.097e+00
#6366  4522   1 | 1.04e+00 0.00e+00   +nan  1.00 | 8.36e-01 1.07e-01 +0.284  0.94 | 7.2e+01 4.7e+00 1.747e+00
#6367  3818   1 | 1.07e+00 0.00e+00   +nan  1.00 | 9.97e-01 8.70e-02 +0.020  1.00 | 6.5e+01 4.4e+00 2.136e+00
#6368  4432   1 | 4.44e-01 0.00e+00   +nan  1.00 | 1.00e+00 9.74e-02 +0.287  0.95 | 6.6e+01 4.6e+00 1.153e+00
#6369  2764   1 | 4.72e-01 0.00e+00   +nan  1.00 | 9.87e-01 1.05e-01 +0.283  0.95 | 6.4e+01 5.3e+00 1.150e+00
#6370   925   1 | 9.69e-01 0.00e+00   +nan  1.00 | 1.06e+00 1.16e-01 +0.084  0.99 | 8.1e+01 5.3e+00 2.052e+00
#6371  1118   1 | 1.31e+00 0.00e+00   +nan  1.00 | 1.01e+00 1.10e-01 -0.009  1.01 | 7.9e+01 4.6e+00 2.758e+00
#6372   259   1 | 1.14e+00 0.00e+00   +nan  1.00 | 9.88e-01 1.23e-01 -0.018  1.02 | 6.1e+01 5.1e+00 2.300e+00
#6373  4166   1 | 4.95e-01 0.00e+00   +nan  1.00 | 1.12e+00 1.14e-01 +0.172  0.98 | 6.5e+01 4.8e+00 1.462e+00
#6374  1242   1 | 1.18e+00 0.00e+00   +nan  1.00 | 9.58e-01 1.40e-01 -0.097  1.05 | 8.1e+01 5.4e+00 2.353e+00
#6375  1454   1 | 1.12e+00 0.00e+00   +nan  1.00 | 1.01e+00 1.07e-01 +0.100  0.99 | 8.8e+01 4.7e+00 2.262e+00
#6376  1391   1 | 1.02e+00 0.00e+00   +nan  1.00 | 9.92e-01 1.28e-01 +0.073  1.00 | 8.4e+01 5.1e+00 2.030e+00
#6377  4075   1 | 1.11e+00 0.00e+00   +nan  1.00 | 9.75e-01 1.09e-01 +0.102  0.99 | 5.8e+01 5.0e+00 2.165e+00
#6378  4990   1 | 1.31e+00 0.00e+00   +nan  1.00 | 1.08e+00 9.68e-02 +0.347  0.95 | 4.7e+01 4.4e+00 2.821e+00
#6379  3159   1 | 6.38e-01 0.00e+00   +nan  1.00 | 1.03e+00 1.05e-01 +0.070  1.00 | 6.3e+01 4.7e+00 1.461e+00
#6380  3018   1 | 9.68e-01 0.00e+00   +nan  1.00 | 9.60e-01 1.27e-01 +0.106  0.99 | 6.8e+01 5.2e+00 1.850e+00
#6381  2165   1 | 8.27e-01 0.00e+00   +nan  1.00 | 9.42e-01 1.26e-01 +0.204  0.96 | 9.0e+01 4.6e+00 1.539e+00
#6382   996   1 | 1.10e+00 0.00e+00   +nan  1.00 | 1.08e+00 1.17e-01 +0.175  0.97 | 7.9e+01 4.9e+00 2.341e+00
#6383  4565   1 | 1.09e+00 0.00e+00   +nan  1.00 | 9.93e-01 1.26e-01 +0.194  0.97 | 6.3e+01 5.0e+00 2.135e+00
#6384  3718   1 | 9.84e-01 0.00e+00   +nan  1.00 | 1.07e+00 1.43e-01 +0.050  1.00 | 5.8e+01 4.8e+00 2.128e+00
#6385  1856   1 | 1.11e+00 0.00e+00   +nan  1.00 | 1.02e+00 1.33e-01 +0.205  0.96 | 9.0e+01 5.1e+00 2.221e+00
#6386  4024   1 | 9.15e-01 0.00e+00   +nan  1.00 | 9.15e-01 1.19e-01 -0.221  1.07 | 7.2e+01 4.4e+00 1.737e+00
#6387  1531   1 | 1.35e+00 0.00e+00   +nan  1.00 | 1.00e+00 1.28e-01 -0.056  1.03 | 9.2e+01 5.1e+00 2.845e+00
#6388  3899   1 | 1.16e+00 0.00e+00   +nan  1.00 | 1.05e+00 1.17e-01 +0.219  0.96 | 6.2e+01 5.2e+00 2.428e+00
#6389  4255   1 | 1.18e+00 0.00e+00   +nan  1.00 | 1.17e+00 1.15e-01 +0.259  0.96 | 6.1e+01 4.7e+00 2.691e+00
#6390  1604   1 | 7.72e-01 0.00e+00   +nan  1.00 | 9.59e-01 1.14e-01 +0.077  1.00 | 9.1e+01 4.9e+00 1.511e+00
#6391   772   1 | 1.31e+00 0.00e+00   +nan  1.00 | 1.09e+00 9.98e-02 -0.046  1.02 | 7.9e+01 4.9e+00 2.924e+00
#6392  1405   1 | 1.11e+00 0.00e+00   +nan  1.00 | 1.06e+00 1.09e-01 -0.022  1.02 | 8.3e+01 5.1e+00 2.365e+00
#6393  2006   1 | 9.63e-01 0.00e+00   +nan  1.00 | 1.06e+00 1.16e-01 +0.050  1.00 | 8.1e+01 4.9e+00 2.060e+00
#6394  3387   1 | 9.89e-01 0.00e+00   +nan  1.00 | 1.04e+00 9.71e-02 +0.168  0.98 | 6.4e+01 4.5e+00 2.040e+00
#6395  1329   1 | 1.23e+00 0.00e+00   +nan  1.00 | 9.89e-01 9.62e-02 +0.052  1.00 | 8.4e+01 5.2e+00 2.496e+00
#6396  2569   1 | 8.60e-01 0.00e+00   +nan  1.00 | 9.10e-01 9.47e-02 +0.099  0.99 | 7.5e+01 4.5e+00 1.559e+00
#6397  4338   1 | 5.67e-01 0.00e+00   +nan  1.00 | 9.77e-01 9.60e-02 +0.215  0.97 | 6.3e+01 4.4e+00 1.246e+00
#6398  1726   1 | 9.21e-01 0.00e+00   +nan  1.00 | 9.51e-01 1.18e-01 +0.003  1.01 | 1.0e+02 5.1e+00 1.766e+00
#6399  2166   1 | 7.03e-01 0.00e+00   +nan  1.00 | 1.00e+00 1.01e-01 -0.087  1.03 | 9.2e+01 5.1e+00 1.527e+00
#6400  1537   1 | 1.30e+00 0.00e+00   +nan  1.00 | 9.27e-01 1.02e-01 +0.051  1.00 | 9.2e+01 5.2e+00 2.537e+00
#6401  3983   1 | 5.75e-01 0.00e+00   +nan  1.00 | 1.04e+00 7.52e-02 +0.141  0.98 | 6.4e+01 4.0e+00 1.400e+00
#6402  2448   1 | 6.04e-01 0.00e+00   +nan  1.00 | 1.08e+00 9.10e-02 -0.050  1.02 | 8.1e+01 4.5e+00 1.558e+00
#6403   160   1 | 1.31e+00 0.00e+00   +nan  1.00 | 1.04e+00 8.93e-02 +0.080  0.99 | 5.7e+01 4.9e+00 2.780e+00
#6404  2301   1 | 9.99e-01 0.00e+00   +nan  1.00 | 1.07e+00 7.93e-02 -0.052  1.01 | 7.8e+01 4.6e+00 2.168e+00
#6405  4269   1 | 1.11e+00 0.00e+00   +nan  1.00 | 1.05e+00 8.06e-02 +0.320  0.96 | 6.7e+01 5.0e+00 2.293e+00
#6406  1028   1 | 1.08e+00 0.00e+00   +nan  1.00 | 1.04e+00 8.58e-02 -0.062  1.02 | 7.4e+01 4.9e+00 2.271e+00
#6407  4896   1 | 1.37e+00 0.00e+00   +nan  1.00 | 1.03e+00 7.78e-02 +0.344  0.95 | 5.4e+01 5.0e+00 2.873e+00
#6408  2133   1 | 1.12e+00 0.00e+00   +nan  1.00 | 1.13e+00 9.95e-02 -0.032  1.01 | 8.6e+01 6.2e+00 2.550e+00
#6409  2297   1 | 1.04e+00 0.00e+00   +nan  1.00 | 1.08e+00 8.03e-02 +0.033  1.00 | 7.7e+01 4.7e+00 2.261e+00
#6410  3206   1 | 6.59e-01 0.00e+00   +nan  1.00 | 1.07e+00 7.57e-02 +0.154  0.98 | 6.5e+01 4.9e+00 1.559e+00
#6411  1281   1 | 9.64e-01 0.00e+00   +nan  1.00 | 1.03e+00 1.02e-01 -0.020  1.01 | 7.8e+01 6.0e+00 2.010e+00
#6412  1933   1 | 7.40e-01 0.00e+00   +nan  1.00 | 9.49e-01 7.78e-02 +0.059  1.00 | 8.0e+01 4.7e+00 1.446e+00
#6413  3307   1 | 1.23e+00 0.00e+00   +nan  1.00 | 1.10e+00 8.61e-02 +0.065  1.00 | 6.3e+01 4.9e+00 2.718e+00
#6414  4085   1 | 1.02e+00 0.00e+00   +nan  1.00 | 9.45e-01 8.52e-02 +0.087  0.99 | 5.7e+01 5.1e+00 1.932e+00
#6415   534   1 | 7.28e-01 0.00e+00   +nan  1.00 | 9.46e-01 7.02e-02 -0.057  1.01 | 6.4e+01 4.8e+00 1.438e+00
#6416  2008   1 | 1.08e+00 0.00e+00   +nan  1.00 | 9.68e-01 6.24e-02 -0.065  1.01 | 7.8e+01 4.3e+00 2.118e+00
#6417  1245   1 | 8.22e-01 0.00e+00   +nan  1.00 | 1.01e+00 7.00e-02 -0.056  1.01 | 7.8e+01 4.7e+00 1.714e+00
#6418   426   1 | 1.32e+00 0.00e+00   +nan  1.00 | 1.12e+00 8.05e-02 +0.008  1.00 | 6.7e+01 5.3e+00 3.012e+00
#6419   132   1 | 1.07e+00 0.00e+00   +nan  1.00 | 9.70e-01 6.09e-02 -0.102  1.02 | 6.6e+01 4.5e+00 2.104e+00
#6420  3174   1 | 1.00e+00 0.00e+00   +nan  1.00 | 8.61e-01 8.26e-02 +0.129  0.98 | 5.9e+01 5.6e+00 1.735e+00
#6421  1658   1 | 1.09e+00 0.00e+00   +nan  1.00 | 9.37e-01 7.62e-02 +0.051  1.00 | 8.7e+01 5.1e+00 2.062e+00
#6422  3552   1 | 1.32e+00 0.00e+00   +nan  1.00 | 1.02e+00 7.55e-02 +0.226  0.97 | 5.3e+01 5.2e+00 2.749e+00
#6423  4743   1 | 5.30e-01 0.00e+00   +nan  1.00 | 1.03e+00 6.40e-02 +0.320  0.96 | 5.6e+01 4.7e+00 1.302e+00
#6424  4965   1 | 1.08e+00 0.00e+00   +nan  1.00 | 1.03e+00 5.04e-02 +0.335  0.97 | 5.3e+01 4.5e+00 2.200e+00
#6425   411   1 | 7.04e-01 0.00e+00   +nan  1.00 | 1.09e+00 4.55e-02 +0.036  1.00 | 7.2e+01 4.1e+00 1.678e+00
#6426  4282   1 | 5.78e-01 0.00e+00   +nan  1.00 | 1.05e+00 6.39e-02 +0.212  0.98 | 5.7e+01 4.9e+00 1.418e+00
#6427  3040   1 | 1.10e+00 0.00e+00   +nan  1.00 | 9.80e-01 7.43e-02 +0.090  0.99 | 5.8e+01 4.9e+00 2.163e+00
#6428  1660   1 | 1.40e+00 0.00e+00   +nan  1.00 | 1.01e+00 6.26e-02 -0.131  1.02 | 8.9e+01 4.8e+00 3.012e+00
#6429  1468   1 | 8.26e-01 0.00e+00   +nan  1.00 | 9.54e-01 7.79e-02 -0.091  1.02 | 8.5e+01 5.1e+00 1.612e+00
#6430    43   1 | 1.65e+00 0.00e+00   +nan  1.00 | 9.65e-01 6.25e-02 +0.010  1.00 | 6.6e+01 4.7e+00 3.670e+00
#6431  3811   1 | 5.21e-01 0.00e+00   +nan  1.00 | 9.97e-01 6.73e-02 +0.142  0.99 | 6.5e+01 5.4e+00 1.251e+00
#6432  4404   1 | 1.02e+00 0.00e+00   +nan  1.00 | 1.13e+00 6.28e-02 +0.145  0.99 | 6.9e+01 5.1e+00 2.316e+00
#6433   997   1 | 1.29e+00 0.00e+00   +nan  1.00 | 9.64e-01 6.96e-02 +0.152  0.98 | 7.8e+01 4.7e+00 2.590e+00
#6434  4010   1 | 1.17e+00 0.00e+00   +nan  1.00 | 9.11e-01 7.48e-02 +0.216  0.97 | 5.6e+01 5.1e+00 2.173e+00
#6435  1907   1 | 9.71e-01 0.00e+00   +nan  1.00 | 1.02e+00 7.32e-02 -0.122  1.02 | 9.1e+01 5.1e+00 2.002e+00
#6436   162   1 | 1.04e+00 0.00e+00   +nan  1.00 | 1.02e+00 5.99e-02 +0.249  0.97 | 5.8e+01 4.5e+00 2.102e+00
#6437  3254   1 | 1.14e+00 0.00e+00   +nan  1.00 | 9.43e-01 6.90e-02 +0.199  0.98 | 6.3e+01 4.6e+00 2.173e+00
#6438  3922   1 | 1.00e+00 0.00e+00   +nan  1.00 | 8.61e-01 7.65e-02 +0.092  0.99 | 6.3e+01 5.0e+00 1.739e+00
#6439  4314   1 | 6.25e-01 0.00e+00   +nan  1.00 | 1.03e+00 7.81e-02 +0.150  0.98 | 6.4e+01 4.9e+00 1.431e+00
#6440  1476   1 | 8.24e-01 0.00e+00   +nan  1.00 | 9.42e-01 7.61e-02 +0.016  1.00 | 8.2e+01 5.1e+00 1.570e+00
#6441   593   1 | 1.14e+00 0.00e+00   +nan  1.00 | 9.75e-01 8.15e-02 -0.028  1.01 | 7.2e+01 5.0e+00 2.270e+00
#6442  2883   1 | 1.18e+00 0.00e+00   +nan  1.00 | 9.58e-01 6.93e-02 -0.010  1.01 | 5.8e+01 4.7e+00 2.313e+00
#6443  1388   1 | 1.11e+00 0.00e+00   +nan  1.00 | 1.06e+00 7.20e-02 +0.046  1.00 | 8.0e+01 5.2e+00 2.346e+00
#6444  4581   1 | 7.31e-01 0.00e+00   +nan  1.00 | 9.49e-01 6.39e-02 +0.136  0.99 | 6.5e+01 4.7e+00 1.423e+00
#6445   367   1 | 1.40e+00 0.00e+00   +nan  1.00 | 1.01e+00 5.76e-02 -0.177  1.02 | 6.4e+01 4.3e+00 3.015e+00
#6446  4161   1 | 9.92e-01 0.00e+00   +nan  1.00 | 1.07e+00 8.34e-02 +0.179  0.98 | 6.5e+01 5.1e+00 2.115e+00
#6447  1995   1 | 1.07e+00 0.00e+00   +nan  1.00 | 1.03e+00 7.26e-02 +0.044  1.00 | 8.9e+01 5.2e+00 2.195e+00
#6448  2684   1 | 1.11e+00 0.00e+00   +nan  1.00 | 9.80e-01 5.78e-02 +0.109  0.99 | 7.3e+01 4.1e+00 2.173e+00
#6449  3668   1 | 1.13e+00 0.00e+00   +nan  1.00 | 9.88e-01 7.09e-02 -0.009  1.01 | 5.5e+01 4.5e+00 2.254e+00
#6450    10   1 | 5.53e-01 0.00e+00   +nan  1.00 | 1.04e+00 6.99e-02 +0.058  1.00 | 5.3e+01 4.9e+00 1.388e+00
#6451  1822   1 | 1.13e+00 0.00e+00   +nan  1.00 | 1.05e+00 8.65e-02 +0.168  0.98 | 7.7e+01 5.1e+00 2.362e+00
#6452  1507   1 | 1.21e+00 0.00e+00   +nan  1.00 | 9.11e-01 7.64e-02 +0.057  1.00 | 9.0e+01 4.8e+00 2.285e+00
#6453  1571   1 | 9.70e-01 0.00e+00   +nan  1.00 | 1.06e+00 7.09e-02 +0.096  0.99 | 8.7e+01 5.0e+00 2.051e+00
#6454  1888   1 | 1.23e+00 0.00e+00   +nan  1.00 | 9.89e-01 5.62e-02 -0.023  1.01 | 9.3e+01 4.3e+00 2.498e+00
#6455  2965   1 | 9.07e-01 0.00e+00   +nan  1.00 | 9.51e-01 6.29e-02 +0.053  1.00 | 6.6e+01 4.5e+00 1.724e+00
#6456  1231   1 | 7.05e-01 0.00e+00   +nan  1.00 | 1.09e+00 6.52e-02 +0.185  0.98 | 8.4e+01 4.9e+00 1.658e+00
#6457  3356   1 | 1.10e+00 0.00e+00   +nan  1.00 | 9.37e-01 7.92e-02 +0.169  0.98 | 7.0e+01 4.9e+00 2.077e+00
#6458   532   1 | 1.11e+00 0.00e+00   +nan  1.00 | 1.02e+00 8.11e-02 +0.031  1.00 | 6.8e+01 5.3e+00 2.266e+00
#6459  2221   1 | 1.66e+00 0.00e+00   +nan  1.00 | 9.65e-01 7.92e-02 +0.110  0.99 | 8.1e+01 4.9e+00 3.662e+00
#6460  1909   1 | 1.04e+00 0.00e+00   +nan  1.00 | 1.08e+00 6.28e-02 +0.000  1.00 | 9.1e+01 4.5e+00 2.271e+00
#6461  3603   1 | 7.15e-01 0.00e+00   +nan  1.00 | 1.00e+00 7.34e-02 -0.006  1.01 | 6.6e+01 4.8e+00 1.523e+00
#6462  2356   1 | 7.76e-01 0.00e+00   +nan  1.00 | 9.59e-01 6.92e-02 +0.126  0.99 | 7.6e+01 5.0e+00 1.509e+00
#6463  2045   1 | 5.80e-01 0.00e+00   +nan  1.00 | 1.05e+00 7.28e-02 +0.123  0.99 | 8.2e+01 4.9e+00 1.430e+00
#6464  1376   1 | 1.35e+00 0.00e+00   +nan  1.00 | 1.00e+00 6.97e-02 -0.006  1.01 | 8.8e+01 4.8e+00 2.821e+00
#6465  3594   1 | 4.76e-01 0.00e+00   +nan  1.00 | 9.87e-01 8.66e-02 +0.243  0.97 | 5.5e+01 4.8e+00 1.168e+00
#6466  3727   1 | 8.47e-01 0.00e+00   +nan  1.00 | 1.01e+00 8.28e-02 +0.060  1.00 | 5.1e+01 5.3e+00 1.741e+00
#6467  4384   1 | 1.07e+00 0.00e+00   +nan  1.00 | 9.70e-01 7.46e-02 +0.227  0.97 | 6.3e+01 4.8e+00 2.061e+00
#6468  2641   1 | 5.54e-01 0.00e+00   +nan  1.00 | 1.03e+00 8.10e-02 +0.191  0.98 | 7.9e+01 4.7e+00 1.340e+00
#6469  2182   1 | 1.31e+00 0.00e+00   +nan  1.00 | 1.01e+00 8.04e-02 +0.148  0.98 | 9.4e+01 4.9e+00 2.715e+00
#6470  2488   1 | 1.07e+00 0.00e+00   +nan  1.00 | 1.04e+00 7.94e-02 -0.002  1.01 | 7.5e+01 4.7e+00 2.240e+00
#6471  4021   1 | 9.77e-01 0.00e+00   +nan  1.00 | 1.02e+00 7.29e-02 +0.006  1.00 | 7.7e+01 4.4e+00 1.995e+00
#6472  2779   1 | 1.02e+00 0.00e+00   +nan  1.00 | 9.92e-01 9.56e-02 +0.032  1.00 | 7.2e+01 5.1e+00 2.030e+00
#6473   319   1 | 4.94e-01 0.00e+00   +nan  1.00 | 1.12e+00 8.46e-02 +0.119  0.99 | 7.5e+01 4.7e+00 1.477e+00
#6474    10   1 | 8.89e-01 0.00e+00   +nan  1.00 | 9.15e-01 7.98e-02 +0.089  0.99 | 5.3e+01 4.8e+00 1.621e+00
#6475   964   1 | 9.65e-01 0.00e+00   +nan  1.00 | 1.03e+00 9.74e-02 -0.012  1.01 | 8.7e+01 5.2e+00 2.008e+00
#6476  3803   1 | 9.54e-01 0.00e+00   +nan  1.00 | 1.06e+00 9.51e-02 +0.216  0.97 | 5.9e+01 5.0e+00 2.008e+00
#6477   557   1 | 1.32e+00 0.00e+00   +nan  1.00 | 1.12e+00 9.20e-02 -0.005  1.01 | 6.8e+01 5.2e+00 3.016e+00
#6478  4579   1 | 1.17e+00 0.00e+00   +nan  1.00 | 1.17e+00 9.80e-02 +0.259  0.96 | 6.1e+01 5.0e+00 2.696e+00
#6479  2319   1 | 7.30e-01 0.00e+00   +nan  1.00 | 9.46e-01 8.15e-02 -0.015  1.01 | 8.9e+01 4.8e+00 1.437e+00
#6480   281   1 | 1.22e+00 0.00e+00   +nan  1.00 | 1.10e+00 8.41e-02 +0.039  1.00 | 5.7e+01 4.7e+00 2.716e+00
#6481  3542   1 | 1.27e+00 0.00e+00   +nan  1.00 | 1.08e+00 8.82e-02 +0.145  0.98 | 6.5e+01 5.1e+00 2.754e+00
#6482  4660   1 | 1.37e+00 0.00e+00   +nan  1.00 | 1.03e+00 1.09e-01 +0.352  0.94 | 5.7e+01 5.2e+00 2.868e+00
#6483   760   1 | 6.58e-01 0.00e+00   +nan  1.00 | 1.07e+00 7.25e-02 +0.001  1.00 | 7.5e+01 4.5e+00 1.582e+00
#6484  3980   1 | 8.39e-01 0.00e+00   +nan  1.00 | 9.54e-01 9.46e-02 +0.049  1.00 | 6.8e+01 4.5e+00 1.614e+00
#6485  3653   1 | 1.14e+00 0.00e+00   +nan  1.00 | 9.43e-01 7.28e-02 +0.142  0.98 | 5.6e+01 4.2e+00 2.175e+00
#6486   203   1 | 8.53e-01 0.00e+00   +nan  1.00 | 9.10e-01 1.03e-01 +0.015  1.01 | 6.1e+01 5.1e+00 1.563e+00
#6487  2767   1 | 1.12e+00 0.00e+00   +nan  1.00 | 1.01e+00 9.07e-02 +0.221  0.97 | 6.9e+01 4.6e+00 2.246e+00
#6488   221   1 | 1.02e+00 0.00e+00   +nan  1.00 | 1.13e+00 1.02e-01 +0.027  1.00 | 5.8e+01 5.2e+00 2.323e+00
#6489  4524   1 | 9.97e-01 0.00e+00   +nan  1.00 | 9.45e-01 1.06e-01 +0.129  0.98 | 6.7e+01 5.4e+00 1.873e+00
#6490  4673   1 | 1.30e+00 0.00e+00   +nan  1.00 | 9.27e-01 1.06e-01 +0.321  0.94 | 6.0e+01 4.7e+00 2.497e+00
#6491  2427   1 | 9.64e-01 0.00e+00   +nan  1.00 | 9.60e-01 1.08e-01 -0.112  1.04 | 7.2e+01 5.0e+00 1.885e+00
#6492  1703   1 | 1.10e+00 0.00e+00   +nan  1.00 | 1.08e+00 1.08e-01 +0.170  0.98 | 9.0e+01 5.1e+00 2.343e+00
#6493  1613   1 | 1.12e+00 0.00e+00   +nan  1.00 | 1.13e+00 1.03e-01 -0.036  1.01 | 8.4e+01 5.3e+00 2.558e+00
#6494  3717   1 | 1.07e+00 0.00e+00   +nan  1.00 | 9.82e-01 1.05e-01 +0.209  0.97 | 5.8e+01 4.9e+00 2.074e+00
#6495  2154   1 | 5.71e-01 0.00e+00   +nan  1.00 | 9.77e-01 8.89e-02 -0.139  1.03 | 7.9e+01 5.0e+00 1.313e+00
#6496   635   1 | 1.08e+00 0.00e+00   +nan  1.00 | 9.93e-01 8.91e-02 -0.125  1.03 | 6.5e+01 4.7e+00 2.184e+00
#6497  1052   1 | 1.29e+00 0.00e+00   +nan  1.00 | 9.64e-01 9.11e-02 +0.134  0.98 | 8.1e+01 4.5e+00 2.591e+00
#6498  1628   1 | 1.30e+00 0.00e+00   +nan  1.00 | 1.09e+00 9.47e-02 -0.027  1.01 | 8.1e+01 4.5e+00 2.915e+00
#6499  2243   1 | 9.08e-01 0.00e+00   +nan  1.00 | 9.18e-01 9.13e-02 -0.024  1.01 | 8.0e+01 4.7e+00 1.679e+00
#6500   344   1 | 1.32e+00 0.00e+00   +nan  1.00 | 1.02e+00 9.69e-02 +0.057  1.00 | 5.9e+01 4.8e+00 2.775e+00
#6501  2325   1 | 4.49e-01 0.00e+00   +nan  1.00 | 1.00e+00 9.72e-02 +0.092  0.99 | 7.1e+01 4.9e+00 1.196e+00
#6502  2110   1 | 1.04e+00 0.00e+00   +nan  1.00 | 1.02e+00 8.70e-02 +0.151  0.98 | 8.6e+01 4.7e+00 2.102e+00
#6503   380   1 | 1.08e+00 0.00e+00   +nan  1.00 | 9.97e-01 8.40e-02 +0.063  1.00 | 7.0e+01 4.7e+00 2.152e+00
#6504  1024   1 | 5.12e-01 0.00e+00   +nan  1.00 | 9.97e-01 7.09e-02 -0.019  1.01 | 7.5e+01 4.7e+00 1.264e+00
#6505  4227   1 | 6.12e-01 0.00e+00   +nan  1.00 | 1.08e+00 7.16e-02 +0.133  0.99 | 6.1e+01 4.5e+00 1.533e+00
#6506  4263   1 | 1.30e+00 0.00e+00   +nan  1.00 | 1.04e+00 6.52e-02 +0.189  0.98 | 6.1e+01 4.3e+00 2.748e+00
#6507  1661   1 | 1.04e+00 0.00e+00   +nan  1.00 | 8.36e-01 8.89e-02 -0.138  1.04 | 8.5e+01 5.0e+00 1.813e+00
#6508  1917   1 | 1.20e+00 0.00e+00   +nan  1.00 | 1.05e+00 8.11e-02 +0.035  1.00 | 8.0e+01 4.8e+00 2.557e+00
#6509  3864   1 | 9.99e-01 0.00e+00   +nan  1.00 | 1.04e+00 8.82e-02 +0.199  0.97 | 5.3e+01 4.9e+00 2.055e+00
#6510  4489   1 | 9.55e-01 0.00e+00   +nan  1.00 | 1.07e+00 7.86e-02 +0.215  0.97 | 6.3e+01 4.6e+00 2.036e+00
#6511  3390   1 | 1.07e+00 0.00e+00   +nan  1.00 | 9.68e-01 9.15e-02 +0.046  1.00 | 6.2e+01 5.5e+00 2.091e+00
#6512  4700   1 | 1.31e+00 0.00e+00   +nan  1.00 | 1.09e+00 8.51e-02 +0.312  0.96 | 5.2e+01 5.0e+00 2.875e+00
#6513    16   1 | 1.14e+00 0.00e+00   +nan  1.00 | 9.88e-01 6.67e-02 -0.099  1.02 | 5.5e+01 4.7e+00 2.299e+00
#6514   637   1 | 1.12e+00 0.00e+00   +nan  1.00 | 1.01e+00 7.91e-02 +0.120  0.99 | 6.6e+01 5.3e+00 2.259e+00
#6515  1687   1 | 5.79e-01 0.00e+00   +nan  1.00 | 1.05e+00 7.72e-02 +0.077  0.99 | 8.5e+01 4.9e+00 1.436e+00
#6516  3460   1 | 1.33e+00 0.00e+00   +nan  1.00 | 1.00e+00 9.09e-02 -0.049  1.02 | 6.0e+01 5.2e+00 2.784e+00
#6517  2337   1 | 7.76e-01 0.00e+00   +nan  1.00 | 9.59e-01 7.99e-02 +0.133  0.98 | 7.7e+01 4.9e+00 1.507e+00
#6518  4585   1 | 1.03e+00 0.00e+00   +nan  1.00 | 9.92e-01 8.40e-02 +0.101  0.99 | 5.2e+01 5.1e+00 2.036e+00
#6519  1011   1 | 1.65e+00 0.00e+00   +nan  1.00 | 9.65e-01 7.73e-02 -0.076  1.02 | 7.1e+01 5.2e+00 3.684e+00
#6520    30   1 | 5.53e-01 0.00e+00   +nan  1.00 | 1.04e+00 8.21e-02 +0.042  1.00 | 5.3e+01 4.9e+00 1.392e+00
#6521  1414   1 | 1.32e+00 0.00e+00   +nan  1.00 | 1.02e+00 7.90e-02 +0.065  1.00 | 8.4e+01 5.0e+00 2.771e+00
#6522  2677   1 | 8.32e-01 0.00e+00   +nan  1.00 | 9.42e-01 7.17e-02 +0.151  0.98 | 6.7e+01 4.6e+00 1.564e+00
#6523  4750   1 | 6.11e-01 0.00e+00   +nan  1.00 | 1.03e+00 8.21e-02 +0.335  0.95 | 5.8e+01 4.7e+00 1.382e+00
#6524  3667   1 | 1.07e+00 0.00e+00   +nan  1.00 | 9.68e-01 7.86e-02 +0.100  0.99 | 5.2e+01 4.6e+00 2.076e+00
#6525  4080   1 | 1.07e+00 0.00e+00   +nan  1.00 | 9.93e-01 8.05e-02 +0.211  0.97 | 5.0e+01 5.4e+00 2.107e+00
#6526  2090   1 | 9.08e-01 0.00e+00   +nan  1.00 | 9.18e-01 8.46e-02 +0.139  0.98 | 8.6e+01 5.4e+00 1.651e+00
#6527   669   1 | 4.94e-01 0.00e+00   +nan  1.00 | 1.12e+00 7.10e-02 +0.045  1.00 | 7.2e+01 4.9e+00 1.490e+00
#6528  4037   1 | 1.18e+00 0.00e+00   +nan  1.00 | 9.58e-01 8.43e-02 +0.049  1.00 | 6.6e+01 5.2e+00 2.319e+00
#6529  2755   1 | 1.07e+00 0.00e+00   +nan  1.00 | 9.97e-01 7.74e-02 +0.058  1.00 | 6.7e+01 5.2e+00 2.143e+00
#6530  2890   1 | 1.30e+00 0.00e+00   +nan  1.00 | 9.64e-01 8.23e-02 +0.140  0.98 | 5.6e+01 4.9e+00 2.597e+00
#6531  3868   1 | 7.13e-01 0.00e+00   +nan  1.00 | 1.00e+00 7.85e-02 +0.153  0.98 | 5.6e+01 4.9e+00 1.495e+00
#6532  1162   1 | 1.07e+00 0.00e+00   +nan  1.00 | 1.03e+00 8.00e-02 -0.097  1.02 | 7.3e+01 4.8e+00 2.223e+00
#6533  3504   1 | 8.42e-01 0.00e+00   +nan  1.00 | 9.54e-01 9.36e-02 +0.045  1.00 | 5.6e+01 4.9e+00 1.619e+00
#6534  2658   1 | 1.29e+00 0.00e+00   +nan  1.00 | 9.27e-01 9.02e-02 +0.188  0.97 | 7.2e+01 5.1e+00 2.508e+00
#6535  1639   1 | 7.06e-01 0.00e+00   +nan  1.00 | 1.09e+00 7.77e-02 +0.024  1.00 | 8.1e+01 4.8e+00 1.684e+00
#6536  4706   1 | 9.87e-01 0.00e+00   +nan  1.00 | 9.45e-01 9.56e-02 +0.179  0.97 | 5.9e+01 5.0e+00 1.845e+00
#6537  4432   1 | 1.12e+00 0.00e+00   +nan  1.00 | 1.13e+00 9.07e-02 +0.302  0.96 | 6.0e+01 4.4e+00 2.475e+00
#6538  4981   1 | 5.70e-01 0.00e+00   +nan  1.00 | 1.08e+00 8.33e-02 +0.255  0.97 | 4.8e+01 4.6e+00 1.461e+00
#6539  3925   1 | 1.11e+00 0.00e+00   +nan  1.00 | 9.37e-01 1.06e-01 +0.222  0.96 | 5.7e+01 5.4e+00 2.081e+00
#6540  4503   1 | 8.50e-01 0.00e+00   +nan  1.00 | 9.10e-01 8.45e-02 +0.185  0.97 | 6.4e+01 4.4e+00 1.530e+00
#6541  1904   1 | 1.02e+00 0.00e+00   +nan  1.00 | 1.13e+00 1.01e-01 -0.069  1.02 | 9.3e+01 4.7e+00 2.347e+00
#6542   954   1 | 1.04e+00 0.00e+00   +nan  1.00 | 1.02e+00 9.57e-02 +0.294  0.95 | 7.4e+01 5.0e+00 2.079e+00
#6543  4642   1 | 1.22e+00 0.00e+00   +nan  1.00 | 1.10e+00 1.23e-01 +0.281  0.95 | 5.8e+01 5.1e+00 2.653e+00
#6544  3714   1 | 1.12e+00 0.00e+00   +nan  1.00 | 1.06e+00 1.17e-01 +0.332  0.94 | 5.5e+01 4.9e+00 2.310e+00
#6545  3583   1 | 4.76e-01 0.00e+00   +nan  1.00 | 9.87e-01 1.33e-01 +0.290  0.94 | 6.6e+01 5.0e+00 1.143e+00
#6546  2062   1 | 9.60e-01 0.00e+00   +nan  1.00 | 1.07e+00 1.26e-01 -0.068  1.03 | 8.0e+01 4.8e+00 2.110e+00
#6547  2614   1 | 9.61e-01 0.00e+00   +nan  1.00 | 1.03e+00 1.79e-01 +0.059  1.01 | 6.9e+01 5.5e+00 2.000e+00
#6548  3393   1 | 9.89e-01 0.00e+00   +nan  1.00 | 1.04e+00 1.50e-01 +0.195  0.96 | 6.6e+01 5.3e+00 2.026e+00
#6549  1587   1 | 1.38e+00 0.00e+00   +nan  1.00 | 1.03e+00 1.25e-01 +0.040  1.01 | 8.0e+01 4.7e+00 2.963e+00
#6550  1418   1 | 1.11e+00 0.00e+00   +nan  1.00 | 1.02e+00 1.43e-01 +0.096  0.99 | 8.3e+01 5.6e+00 2.254e+00
#6551  1893   1 | 1.00e+00 0.00e+00   +nan  1.00 | 1.07e+00 1.22e-01 +0.005  1.01 | 8.0e+01 4.5e+00 2.170e+00
#6552  1291   1 | 1.10e+00 0.00e+00   +nan  1.00 | 1.08e+00 1.55e-01 +0.035  1.01 | 7.5e+01 5.2e+00 2.384e+00
#6553  2689   1 | 1.07e+00 0.00e+00   +nan  1.00 | 1.04e+00 1.43e-01 +0.093  0.99 | 6.8e+01 4.9e+00 2.220e+00
#6554  3105   1 | 9.69e-01 0.00e+00   +nan  1.00 | 9.60e-01 1.41e-01 +0.106  0.99 | 6.0e+01 5.0e+00 1.852e+00
#6555  3879   1 | 1.17e+00 0.00e+00   +nan  1.00 | 1.17e+00 1.46e-01 +0.174  0.97 | 5.8e+01 4.7e+00 2.691e+00
#6556  3786   1 | 1.06e+00 0.00e+00   +nan  1.00 | 8.36e-01 1.27e-01 +0.155  0.98 | 6.6e+01 4.7e+00 1.804e+00
#6557  2746   1 | 1.19e+00 0.00e+00   +nan  1.00 | 1.05e+00 1.47e-01 +0.133  0.98 | 6.1e+01 5.2e+00 2.517e+00
#6558  1798   1 | 1.07e+00 0.00e+00   +nan  1.00 | 9.70e-01 1.13e-01 -0.154  1.05 | 8.5e+01 4.3e+00 2.138e+00
#6559  2287   1 | 1.20e+00 0.00e+00   +nan  1.00 | 9.11e-01 1.13e-01 +0.212  0.96 | 7.0e+01 4.6e+00 2.245e+00
#6560  4548   1 | 1.24e+00 0.00e+00   +nan  1.00 | 9.89e-01 1.47e-01 +0.207  0.96 | 5.8e+01 5.1e+00 2.470e+00
#6561  2563   1 | 7.31e-01 0.00e+00   +nan  1.00 | 9.46e-01 1.27e-01 +0.125  0.98 | 7.1e+01 4.6e+00 1.416e+00
#6562  1196   1 | 1.32e+00 0.00e+00   +nan  1.00 | 1.12e+00 1.24e-01 -0.132  1.04 | 7.0e+01 5.0e+00 3.057e+00
#6563   528   1 | 4.46e-01 0.00e+00   +nan  1.00 | 1.00e+00 1.15e-01 +0.138  0.98 | 6.5e+01 4.6e+00 1.184e+00
#6564  4947   1 | 5.06e-01 0.00e+00   +nan  1.00 | 9.97e-01 1.05e-01 +0.198  0.97 | 5.5e+01 4.7e+00 1.220e+00
#6565  2471   1 | 1.00e+00 0.00e+00   +nan  1.00 | 8.61e-01 1.17e-01 +0.216  0.96 | 7.6e+01 4.9e+00 1.711e+00
#6566  1219   1 | 8.22e-01 0.00e+00   +nan  1.00 | 1.01e+00 1.17e-01 -0.088  1.03 | 7.3e+01 4.7e+00 1.736e+00
#6567  3828   1 | 1.28e+00 0.00e+00   +nan  1.00 | 1.01e+00 1.31e-01 +0.270  0.95 | 6.3e+01 5.2e+00 2.598e+00
#6568  1921   1 | 9.71e-01 0.00e+00   +nan  1.00 | 1.02e+00 1.48e-01 -0.082  1.04 | 8.7e+01 6.0e+00 2.025e+00
#6569  2763   1 | 6.58e-01 0.00e+00   +nan  1.00 | 1.07e+00 1.17e-01 +0.056  1.00 | 5.8e+01 5.3e+00 1.577e+00
#6570  3460   1 | 1.11e+00 0.00e+00   +nan  1.00 | 1.05e+00 1.00e-01 +0.223  0.97 | 6.1e+01 4.4e+00 2.292e+00
#6571   170   1 | 1.14e+00 0.00e+00   +nan  1.00 | 9.75e-01 1.27e-01 -0.160  1.06 | 6.0e+01 5.1e+00 2.315e+00
#6572  3421   1 | 9.56e-01 0.00e+00   +nan  1.00 | 1.06e+00 1.19e-01 +0.194  0.97 | 7.5e+01 4.8e+00 2.011e+00
#6573  3995   1 | 1.06e+00 0.00e+00   +nan  1.00 | 9.82e-01 1.08e-01 +0.173  0.97 | 6.8e+01 4.9e+00 2.074e+00
#6574  2572   1 | 1.40e+00 0.00e+00   +nan  1.00 | 1.01e+00 1.05e-01 +0.167  0.98 | 7.5e+01 5.4e+00 2.972e+00
#6575  1654   1 | 1.15e+00 0.00e+00   +nan  1.00 | 9.43e-01 1.00e-01 +0.153  0.98 | 8.2e+01 4.8e+00 2.183e+00
#6576  1220   1 | 1.31e+00 0.00e+00   +nan  1.00 | 1.04e+00 1.00e-01 +0.160  0.98 | 7.1e+01 5.0e+00 2.761e+00
#6577  4863   1 | 5.28e-01 0.00e+00   +nan  1.00 | 1.03e+00 1.37e-01 +0.155  0.98 | 5.4e+01 6.0e+00 1.313e+00
#6578  3538   1 | 9.06e-01 0.00e+00   +nan  1.00 | 9.15e-01 1.06e-01 -0.216  1.06 | 6.1e+01 4.9e+00 1.712e+00
#6579  3027   1 | 7.47e-01 0.00e+00   +nan  1.00 | 9.49e-01 1.01e-01 +0.020  1.01 | 6.0e+01 5.0e+00 1.466e+00
#6580  1796   1 | 5.70e-01 0.00e+00   +nan  1.00 | 9.77e-01 1.23e-01 -0.148  1.05 | 8.6e+01 5.3e+00 1.330e+00
#6581  4008   1 | 8.79e-01 0.00e+00   +nan  1.00 | 9.51e-01 8.18e-02 +0.090  0.99 | 5.5e+01 4.3e+00 1.669e+00
#6582  4826   1 | 1.13e+00 0.00e+00   +nan  1.00 | 9.80e-01 8.71e-02 +0.183  0.98 | 5.7e+01 4.6e+00 2.212e+00
#6583  1003   1 | 1.29e+00 0.00e+00   +nan  1.00 | 1.08e+00 8.43e-02 +0.088  0.99 | 7.9e+01 4.7e+00 2.826e+00
#6584  1469   1 | 1.05e+00 0.00e+00   +nan  1.00 | 1.08e+00 8.15e-02 +0.173  0.98 | 8.2e+01 4.6e+00 2.248e+00
#6585  3926   1 | 9.94e-01 0.00e+00   +nan  1.00 | 1.06e+00 8.17e-02 +0.077  0.99 | 5.8e+01 4.6e+00 2.101e+00
#6586  3880   1 | 1.06e+00 0.00e+00   +nan  1.00 | 9.82e-01 8.21e-02 +0.196  0.97 | 5.9e+01 4.6e+00 2.073e+00
#6587  4066   1 | 4.95e-01 0.00e+00   +nan  1.00 | 1.12e+00 8.27e-02 +0.247  0.97 | 6.0e+01 4.7e+00 1.455e+00
#6588  1572   1 | 1.22e+00 0.00e+00   +nan  1.00 | 1.10e+00 9.24e-02 +0.205  0.97 | 8.3e+01 4.8e+00 2.682e+00
#6589  1007   1 | 1.40e+00 0.00e+00   +nan  1.00 | 1.01e+00 8.55e-02 -0.106  1.03 | 8.0e+01 4.7e+00 3.017e+00
#6590  3986   1 | 1.09e+00 0.00e+00   +nan  1.00 | 9.70e-01 8.87e-02 +0.077  0.99 | 6.1e+01 5.0e+00 2.121e+00
#6591  4452   1 | 1.30e+00 0.00e+00   +nan  1.00 | 9.27e-01 8.98e-02 +0.129  0.98 | 7.5e+01 5.1e+00 2.537e+00
#6592  3568   1 | 6.46e-01 0.00e+00   +nan  1.00 | 1.03e+00 1.09e-01 -0.015  1.01 | 6.0e+01 5.3e+00 1.491e+00
#6593  3656   1 | 1.40e+00 0.00e+00   +nan  1.00 | 1.03e+00 9.74e-02 +0.245  0.96 | 5.7e+01 4.9e+00 2.966e+00
#6594  2552   1 | 1.13e+00 0.00e+00   +nan  1.00 | 1.05e+00 9.77e-02 +0.221  0.97 | 6.6e+01 5.3e+00 2.335e+00
#6595  3790   1 | 1.02e+00 0.00e+00   +nan  1.00 | 9.92e-01 8.74e-02 -0.003  1.01 | 5.8e+01 4.8e+00 2.025e+00
#6596  4976   1 | 7.23e-01 0.00e+00   +nan  1.00 | 9.46e-01 7.39e-02 +0.200  0.97 | 5.1e+01 4.3e+00 1.395e+00
#6597  3811   1 | 7.37e-01 0.00e+00   +nan  1.00 | 1.09e+00 9.37e-02 +0.273  0.96 | 6.4e+01 4.9e+00 1.680e+00
#6598   980   1 | 9.98e-01 0.00e+00   +nan  1.00 | 9.45e-01 9.44e-02 +0.051  1.00 | 8.6e+01 4.8e+00 1.890e+00
#6599  4213   1 | 7.95e-01 0.00e+00   +nan  1.00 | 9.59e-01 8.23e-02 +0.317  0.95 | 4.6e+01 4.5e+00 1.507e+00
#6600  1678   1 | 1.04e+00 0.00e+00   +nan  1.00 | 1.02e+00 9.24e-02 +0.165  0.98 | 8.6e+01 5.1e+00 2.101e+00
#6601  3513   1 | 5.92e-01 0.00e+00   +nan  1.00 | 1.05e+00 1.07e-01 +0.102  0.99 | 5.9e+01 5.1e+00 1.446e+00
#6602  1304   1 | 1.10e+00 0.00e+00   +nan  1.00 | 1.08e+00 9.42e-02 +0.279  0.96 | 8.2e+01 4.3e+00 2.324e+00
#6603  4721   1 | 1.33e+00 0.00e+00   +nan  1.00 | 1.01e+00 1.01e-01 +0.374  0.94 | 5.2e+01 4.8e+00 2.714e+00
#6604  1670   1 | 8.27e-01 0.00e+00   +nan  1.00 | 9.54e-01 1.17e-01 +0.031  1.01 | 8.5e+01 5.2e+00 1.600e+00
#6605  1829   1 | 4.47e-01 0.00e+00   +nan  1.00 | 1.00e+00 1.15e-01 +0.130  0.98 | 8.9e+01 4.9e+00 1.186e+00
#6606  1043   1 | 1.29e+00 0.00e+00   +nan  1.00 | 9.64e-01 1.15e-01 +0.096  0.99 | 7.7e+01 4.7e+00 2.598e+00
#6607  4698   1 | 1.14e+00 0.00e+00   +nan  1.00 | 1.13e+00 1.24e-01 +0.298  0.95 | 5.4e+01 4.8e+00 2.506e+00
#6608  2401   1 | 1.34e+00 0.00e+00   +nan  1.00 | 1.00e+00 1.28e-01 -0.021  1.02 | 7.5e+01 5.0e+00 2.826e+00
#6609  4628   1 | 5.42e-01 0.00e+00   +nan  1.00 | 1.04e+00 1.32e-01 +0.299  0.94 | 5.0e+01 4.5e+00 1.315e+00
#6610  3740   1 | 6.35e-01 0.00e+00   +nan  1.00 | 1.08e+00 1.55e-01 +0.154  0.98 | 5.6e+01 5.0e+00 1.550e+00
#6611  4112   1 | 8.81e-01 0.00e+00   +nan  1.00 | 9.51e-01 1.12e-01 +0.096  0.99 | 6.3e+01 4.7e+00 1.673e+00
#6612  2183   1 | 5.50e-01 0.00e+00   +nan  1.00 | 1.03e+00 1.36e-01 +0.083  1.00 | 9.2e+01 5.1e+00 1.356e+00
#6613  3961   1 | 9.85e-01 0.00e+00   +nan  1.00 | 1.07e+00 1.45e-01 +0.195  0.97 | 6.3e+01 5.0e+00 2.085e+00
#6614  1787   1 | 8.90e-01 0.00e+00   +nan  1.00 | 9.15e-01 1.28e-01 -0.054  1.03 | 9.7e+01 4.7e+00 1.658e+00
#6615  3963   1 | 1.06e+00 0.00e+00   +nan  1.00 | 8.36e-01 1.22e-01 +0.336  0.92 | 6.2e+01 4.7e+00 1.773e+00
#6616  2936   1 | 5.18e-01 0.00e+00   +nan  1.00 | 9.97e-01 1.23e-01 +0.103  0.99 | 7.1e+01 4.5e+00 1.252e+00
#6617  3350   1 | 1.09e+00 0.00e+00   +nan  1.00 | 1.02e+00 1.51e-01 +0.105  0.99 | 6.5e+01 4.9e+00 2.215e+00
#6618   522   1 | 9.65e-01 0.00e+00   +nan  1.00 | 1.06e+00 1.52e-01 +0.233  0.95 | 7.3e+01 5.3e+00 2.010e+00
#6619   435   1 | 1.65e+00 0.00e+00   +nan  1.00 | 9.65e-01 1.23e-01 -0.005  1.02 | 6.9e+01 4.7e+00 3.683e+00
#6620  1910   1 | 1.32e+00 0.00e+00   +nan  1.00 | 1.02e+00 1.79e-01 +0.157  0.98 | 9.1e+01 5.2e+00 2.750e+00
#6621  3852   1 | 1.11e+00 0.00e+00   +nan  1.00 | 9.37e-01 1.79e-01 +0.183  0.97 | 6.3e+01 5.3e+00 2.086e+00
#6622  2699   1 | 1.08e+00 0.00e+00   +nan  1.00 | 9.68e-01 1.50e-01 -0.024  1.03 | 6.6e+01 4.9e+00 2.131e+00
#6623  4466   1 | 9.06e-01 0.00e+00   +nan  1.00 | 9.18e-01 1.70e-01 +0.120  0.99 | 6.9e+01 5.0e+00 1.654e+00
#6624  1499   1 | 1.14e+00 0.00e+00   +nan  1.00 | 9.88e-01 1.29e-01 -0.145  1.05 | 8.5e+01 4.6e+00 2.331e+00
#6625  3979   1 | 9.57e-01 0.00e+00   +nan  1.00 | 1.03e+00 1.46e-01 +0.192  0.97 | 6.7e+01 4.8e+00 1.945e+00
#6626  3748   1 | 1.29e+00 0.00e+00   +nan  1.00 | 1.04e+00 1.42e-01 +0.017  1.01 | 5.7e+01 4.8e+00 2.753e+00
#6627   114   1 | 9.72e-01 0.00e+00   +nan  1.00 | 1.02e+00 1.38e-01 +0.051  1.00 | 6.2e+01 4.8e+00 1.986e+00
#6628  4045   1 | 1.12e+00 0.00e+00   +nan  1.00 | 1.06e+00 1.53e-01 +0.272  0.94 | 6.3e+01 5.3e+00 2.324e+00
#6629    43   1 | 1.05e+00 0.00e+00   +nan  1.00 | 1.08e+00 1.41e-01 +0.129  0.98 | 6.6e+01 5.1e+00 2.257e+00
#6630  4165   1 | 1.11e+00 0.00e+00   +nan  1.00 | 9.75e-01 1.14e-01 +0.209  0.96 | 6.4e+01 4.5e+00 2.151e+00
#6631  2736   1 | 1.00e+00 0.00e+00   +nan  1.00 | 8.61e-01 1.49e-01 +0.195  0.96 | 7.4e+01 5.5e+00 1.714e+00
#6632  4247   1 | 8.42e-01 0.00e+00   +nan  1.00 | 1.01e+00 1.09e-01 +0.190  0.97 | 6.5e+01 4.5e+00 1.706e+00
#6633   171   1 | 4.70e-01 0.00e+00   +nan  1.00 | 9.87e-01 1.08e-01 +0.013  1.01 | 6.7e+01 4.5e+00 1.204e+00
#6634  2030   1 | 1.23e+00 0.00e+00   +nan  1.00 | 9.89e-01 1.30e-01 +0.131  0.98 | 8.4e+01 4.8e+00 2.473e+00
#6635  3891   1 | 7.13e-01 0.00e+00   +nan  1.00 | 1.00e+00 1.33e-01 +0.216  0.96 | 5.3e+01 5.0e+00 1.472e+00
#6636  1504   1 | 1.29e+00 0.00e+00   +nan  1.00 | 1.08e+00 9.50e-02 -0.055  1.02 | 8.6e+01 4.3e+00 2.852e+00
#6637   327   1 | 5.68e-01 0.00e+00   +nan  1.00 | 9.77e-01 1.09e-01 -0.073  1.03 | 6.6e+01 4.8e+00 1.306e+00
#6638  1959   1 | 1.17e+00 0.00e+00   +nan  1.00 | 1.17e+00 1.24e-01 +0.164  0.98 | 8.6e+01 4.9e+00 2.701e+00
#6639  1040   1 | 7.38e-01 0.00e+00   +nan  1.00 | 9.49e-01 1.33e-01 -0.047  1.03 | 8.3e+01 5.1e+00 1.475e+00
#6640   717   1 | 1.08e+00 0.00e+00   +nan  1.00 | 9.97e-01 1.22e-01 +0.030  1.01 | 7.8e+01 5.2e+00 2.162e+00
#6641  4566   1 | 1.09e+00 0.00e+00   +nan  1.00 | 9.93e-01 1.29e-01 +0.193  0.97 | 6.4e+01 5.0e+00 2.135e+00
#6642  3591   1 | 1.05e+00 0.00e+00   +nan  1.00 | 1.03e+00 1.10e-01 +0.158  0.98 | 6.8e+01 4.8e+00 2.133e+00
#6643   199   1 | 1.15e+00 0.00e+00   +nan  1.00 | 9.43e-01 1.25e-01 +0.090  0.99 | 6.2e+01 5.5e+00 2.195e+00
#6644  2481   1 | 1.20e+00 0.00e+00   +nan  1.00 | 9.11e-01 1.21e-01 +0.209  0.96 | 8.1e+01 4.9e+00 2.240e+00
#6645  4307   1 | 9.89e-01 0.00e+00   +nan  1.00 | 1.04e+00 1.05e-01 +0.316  0.95 | 5.5e+01 4.6e+00 2.007e+00
#6646  2608   1 | 1.11e+00 0.00e+00   +nan  1.00 | 9.80e-01 9.51e-02 +0.002  1.01 | 7.3e+01 4.5e+00 2.192e+00
#6647  1736   1 | 8.54e-01 0.00e+00   +nan  1.00 | 9.10e-01 1.09e-01 +0.034  1.01 | 1.1e+02 4.8e+00 1.563e+00
#6648   615   1 | 1.18e+00 0.00e+00   +nan  1.00 | 9.58e-01 1.00e-01 -0.056  1.02 | 7.7e+01 4.5e+00 2.329e+00
#6649  3895   1 | 9.94e-01 0.00e+00   +nan  1.00 | 1.06e+00 1.04e-01 +0.144  0.98 | 6.2e+01 4.7e+00 2.086e+00
#6650  2809   1 | 8.33e-01 0.00e+00   +nan  1.00 | 9.42e-01 1.15e-01 +0.095  0.99 | 7.2e+01 4.7e+00 1.574e+00
#6651  3444   1 | 9.87e-01 0.00e+00   +nan  1.00 | 1.07e+00 1.37e-01 +0.160  0.98 | 7.3e+01 6.1e+00 2.101e+00
#6652  1714   1 | 1.20e+00 0.00e+00   +nan  1.00 | 1.05e+00 1.01e-01 -0.017  1.01 | 1.0e+02 4.7e+00 2.573e+00
#6653  4692   1 | 1.31e+00 0.00e+00   +nan  1.00 | 1.09e+00 1.13e-01 +0.253  0.96 | 6.2e+01 4.9e+00 2.875e+00
#6654  3161   1 | 9.70e-01 0.00e+00   +nan  1.00 | 9.60e-01 1.18e-01 -0.058  1.03 | 6.1e+01 4.9e+00 1.890e+00
#6655  3111   1 | 6.59e-01 0.00e+00   +nan  1.00 | 1.07e+00 1.02e-01 +0.176  0.98 | 6.4e+01 4.8e+00 1.550e+00
#6656  1560   1 | 1.08e+00 0.00e+00   +nan  1.00 | 1.04e+00 1.11e-01 -0.079  1.03 | 9.3e+01 5.0e+00 2.280e+00
#6657   751   1 | 1.02e+00 0.00e+00   +nan  1.00 | 1.13e+00 1.10e-01 +0.000  1.01 | 8.2e+01 4.9e+00 2.330e+00
#6658  2107   1 | 1.12e+00 0.00e+00   +nan  1.00 | 1.01e+00 1.06e-01 +0.075  1.00 | 9.5e+01 4.9e+00 2.269e+00
#6659  1515   1 | 1.32e+00 0.00e+00   +nan  1.00 | 1.12e+00 1.06e-01 -0.029  1.01 | 8.9e+01 5.1e+00 3.021e+00
#6660  4230   1 | 1.14e+00 0.00e+00   +nan  1.00 | 9.88e-01 9.05e-02 +0.043  1.00 | 6.3e+01 4.7e+00 2.273e+00
#6661   426   1 | 1.07e+00 0.00e+00   +nan  1.00 | 1.03e+00 1.02e-01 +0.074  1.00 | 7.0e+01 5.3e+00 2.198e+00
#6662  3515   1 | 1.39e+00 0.00e+00   +nan  1.00 | 1.03e+00 1.07e-01 +0.182  0.97 | 6.5e+01 5.4e+00 2.969e+00
#6663  2492   1 | 9.71e-01 0.00e+00   +nan  1.00 | 1.02e+00 1.06e-01 -0.066  1.02 | 6.9e+01 5.0e+00 2.004e+00
#6664  4753   1 | 6.88e-01 0.00e+00   +nan  1.00 | 1.09e+00 8.24e-02 +0.302  0.96 | 6.2e+01 4.7e+00 1.609e+00
#6665  3121   1 | 9.92e-01 0.00e+00   +nan  1.00 | 1.07e+00 9.46e-02 +0.087  0.99 | 6.6e+01 5.1e+00 2.130e+00
#6666  4229   1 | 7.94e-01 0.00e+00   +nan  1.00 | 9.59e-01 8.85e-02 +0.328  0.95 | 6.5e+01 4.9e+00 1.502e+00
#6667  2904   1 | 5.17e-01 0.00e+00   +nan  1.00 | 9.97e-01 7.69e-02 +0.085  0.99 | 7.2e+01 4.5e+00 1.254e+00
#6668  2142   1 | 7.40e-01 0.00e+00   +nan  1.00 | 9.49e-01 8.69e-02 -0.036  1.01 | 8.9e+01 4.6e+00 1.463e+00
#6669  4775   1 | 9.43e-01 0.00e+00   +nan  1.00 | 9.51e-01 8.72e-02 +0.284  0.96 | 6.3e+01 4.7e+00 1.753e+00
#6670  2056   1 | 1.29e+00 0.00e+00   +nan  1.00 | 9.27e-01 8.02e-02 +0.161  0.98 | 9.0e+01 4.5e+00 2.517e+00
#6671  4836   1 | 1.05e+00 0.00e+00   +nan  1.00 | 1.02e+00 7.57e-02 +0.248  0.97 | 6.0e+01 4.5e+00 2.117e+00
#6672   364   1 | 1.40e+00 0.00e+00   +nan  1.00 | 1.01e+00 7.78e-02 -0.281  1.05 | 6.8e+01 4.7e+00 3.042e+00
#6673  3222   1 | 7.35e-01 0.00e+00   +nan  1.00 | 9.46e-01 1.25e-01 -0.060  1.03 | 6.2e+01 5.7e+00 1.465e+00
#6674   126   1 | 1.14e+00 0.00e+00   +nan  1.00 | 9.75e-01 8.56e-02 -0.169  1.04 | 5.7e+01 4.5e+00 2.295e+00
#6675  1035   1 | 9.98e-01 0.00e+00   +nan  1.00 | 8.61e-01 8.95e-02 +0.097  0.99 | 7.7e+01 4.9e+00 1.731e+00
#6676  1816   1 | 1.20e+00 0.00e+00   +nan  1.00 | 1.05e+00 8.54e-02 +0.123  0.99 | 9.1e+01 4.9e+00 2.543e+00
#6677  1148   1 | 1.17e+00 0.00e+00   +nan  1.00 | 1.17e+00 9.44e-02 +0.091  0.99 | 9.0e+01 5.4e+00 2.723e+00
#6678  4734   1 | 8.17e-01 0.00e+00   +nan  1.00 | 9.54e-01 8.25e-02 +0.173  0.98 | 6.8e+01 4.8e+00 1.556e+00
#6679  3991   1 | 4.52e-01 0.00e+00   +nan  1.00 | 1.00e+00 8.39e-02 +0.051  1.00 | 7.2e+01 5.1e+00 1.206e+00
#6680  4585   1 | 9.71e-01 0.00e+00   +nan  1.00 | 1.04e+00 9.60e-02 +0.220  0.97 | 5.8e+01 5.3e+00 1.995e+00
#6681  4720   1 | 1.22e+00 0.00e+00   +nan  1.00 | 9.11e-01 1.01e-01 +0.159  0.98 | 5.4e+01 5.4e+00 2.304e+00
#6682    22   1 | 9.65e-01 0.00e+00   +nan  1.00 | 1.06e+00 8.26e-02 +0.180  0.98 | 6.0e+01 5.5e+00 2.039e+00
#6683  2864   1 | 1.09e+00 0.00e+00   +nan  1.00 | 9.82e-01 8.29e-02 +0.019  1.00 | 6.9e+01 4.7e+00 2.165e+00
#6684  2448   1 | 1.08e+00 0.00e+00   +nan  1.00 | 1.04e+00 7.94e-02 +0.075  0.99 | 8.5e+01 5.1e+00 2.229e+00
#6685   143   1 | 1.03e+00 0.00e+00   +nan  1.00 | 9.92e-01 9.07e-02 +0.058  1.00 | 5.9e+01 5.1e+00 2.033e+00
#6686  4004   1 | 1.20e+00 0.00e+00   +nan  1.00 | 9.89e-01 7.67e-02 +0.058  1.00 | 6.4e+01 4.8e+00 2.424e+00
#6687  4994   1 | 1.22e+00 0.00e+00   +nan  1.00 | 1.10e+00 7.43e-02 +0.380  0.95 | 4.7e+01 4.8e+00 2.640e+00
#6688   306   1 | 7.01e-01 0.00e+00   +nan  1.00 | 1.00e+00 6.92e-02 -0.053  1.01 | 6.3e+01 4.5e+00 1.508e+00
#6689  3731   1 | 1.06e+00 0.00e+00   +nan  1.00 | 8.36e-01 7.99e-02 +0.210  0.97 | 6.0e+01 4.5e+00 1.797e+00
#6690   684   1 | 8.53e-01 0.00e+00   +nan  1.00 | 9.10e-01 8.87e-02 +0.031  1.00 | 7.9e+01 4.9e+00 1.558e+00
#6691  4080   1 | 1.67e+00 0.00e+00   +nan  1.00 | 9.65e-01 8.58e-02 +0.258  0.96 | 5.6e+01 5.0e+00 3.681e+00
#6692  3683   1 | 8.52e-01 0.00e+00   +nan  1.00 | 9.42e-01 9.41e-02 +0.241  0.96 | 6.1e+01 5.2e+00 1.580e+00
#6693  3279   1 | 1.27e+00 0.00e+00   +nan  1.00 | 1.08e+00 8.37e-02 +0.154  0.98 | 7.6e+01 4.8e+00 2.769e+00
#6694  2056   1 | 5.49e-01 0.00e+00   +nan  1.00 | 1.03e+00 8.88e-02 +0.065  1.00 | 9.0e+01 5.0e+00 1.356e+00
#6695   966   1 | 1.31e+00 0.00e+00   +nan  1.00 | 1.01e+00 9.41e-02 +0.138  0.98 | 9.0e+01 5.0e+00 2.727e+00
#6696   335   1 | 9.07e-01 0.00e+00   +nan  1.00 | 9.18e-01 8.25e-02 +0.032  1.00 | 7.1e+01 4.9e+00 1.667e+00
#6697  1136   1 | 1.15e+00 0.00e+00   +nan  1.00 | 9.43e-01 8.94e-02 +0.045  1.00 | 8.0e+01 4.9e+00 2.203e+00
#6698  1096   1 | 1.32e+00 0.00e+00   +nan  1.00 | 1.02e+00 1.07e-01 +0.108  0.99 | 8.4e+01 5.5e+00 2.763e+00
#6699  4166   1 | 1.10e+00 0.00e+00   +nan  1.00 | 9.37e-01 9.96e-02 +0.049  1.00 | 6.7e+01 4.8e+00 2.095e+00
#6700  3738   1 | 1.30e+00 0.00e+00   +nan  1.00 | 9.64e-01 1.24e-01 +0.088  0.99 | 5.3e+01 5.2e+00 2.621e+00
#6701  3477   1 | 1.12e+00 0.00e+00   +nan  1.00 | 1.06e+00 1.10e-01 +0.197  0.97 | 6.6e+01 4.8e+00 2.337e+00
#6702   336   1 | 9.66e-01 0.00e+00   +nan  1.00 | 1.03e+00 9.51e-02 -0.046  1.02 | 7.2e+01 4.6e+00 2.015e+00
#6703   499   1 | 1.08e+00 0.00e+00   +nan  1.00 | 9.97e-01 1.09e-01 -0.043  1.02 | 6.7e+01 5.1e+00 2.176e+00
#6704  2583   1 | 8.94e-01 0.00e+00   +nan  1.00 | 9.15e-01 1.22e-01 +0.049  1.00 | 8.2e+01 5.1e+00 1.640e+00
#6705  4812   1 | 1.34e+00 0.00e+00   +nan  1.00 | 1.12e+00 1.03e-01 +0.408  0.93 | 6.1e+01 5.1e+00 2.968e+00
#6706  4948   1 | 1.36e+00 0.00e+00   +nan  1.00 | 1.00e+00 1.24e-01 +0.281  0.95 | 5.9e+01 5.9e+00 2.803e+00
#6707    35   1 | 1.18e+00 0.00e+00   +nan  1.00 | 9.58e-01 1.08e-01 -0.031  1.02 | 5.7e+01 4.9e+00 2.327e+00
#6708  3688   1 | 1.02e+00 0.00e+00   +nan  1.00 | 9.45e-01 1.12e-01 +0.008  1.01 | 5.8e+01 4.6e+00 1.946e+00
#6709  3028   1 | 1.08e+00 0.00e+00   +nan  1.00 | 9.68e-01 9.08e-02 +0.108  0.99 | 6.9e+01 4.4e+00 2.087e+00
#6710  3979   1 | 9.84e-01 0.00e+00   +nan  1.00 | 9.60e-01 8.24e-02 +0.090  0.99 | 7.1e+01 4.5e+00 1.883e+00
#6711  2180   1 | 1.02e+00 0.00e+00   +nan  1.00 | 1.13e+00 1.08e-01 +0.238  0.96 | 9.5e+01 4.8e+00 2.277e+00
#6712  3362   1 | 1.29e+00 0.00e+00   +nan  1.00 | 1.09e+00 8.30e-02 +0.265  0.97 | 6.7e+01 4.3e+00 2.829e+00
#6713  4071   1 | 1.10e+00 0.00e+00   +nan  1.00 | 1.05e+00 8.18e-02 +0.339  0.95 | 6.1e+01 4.5e+00 2.260e+00
#6714  2218   1 | 8.25e-01 0.00e+00   +nan  1.00 | 1.01e+00 1.07e-01 +0.061  1.00 | 8.3e+01 4.9e+00 1.705e+00
#6715  1756   1 | 5.98e-01 0.00e+00   +nan  1.00 | 1.08e+00 1.06e-01 +0.057  1.00 | 1.1e+02 4.9e+00 1.531e+00
#6716  3243   1 | 1.09e+00 0.00e+00   +nan  1.00 | 1.02e+00 1.18e-01 +0.214  0.96 | 7.4e+01 4.7e+00 2.192e+00
#6717  2276   1 | 5.81e-01 0.00e+00   +nan  1.00 | 1.05e+00 1.38e-01 +0.142  0.98 | 8.5e+01 5.3e+00 1.423e+00
#6718  1317   1 | 4.70e-01 0.00e+00   +nan  1.00 | 9.87e-01 1.26e-01 +0.209  0.96 | 8.4e+01 5.4e+00 1.160e+00
#6719  3491   1 | 1.13e+00 0.00e+00   +nan  1.00 | 1.01e+00 1.08e-01 +0.212  0.97 | 6.9e+01 4.8e+00 2.253e+00
#6720  3091   1 | 5.76e-01 0.00e+00   +nan  1.00 | 9.77e-01 8.66e-02 -0.057  1.02 | 6.9e+01 4.3e+00 1.304e+00
#6721    32   1 | 1.08e+00 0.00e+00   +nan  1.00 | 9.93e-01 1.36e-01 +0.006  1.02 | 5.5e+01 5.3e+00 2.173e+00
#6722   844   1 | 6.24e-01 0.00e+00   +nan  1.00 | 1.03e+00 1.19e-01 -0.004  1.01 | 7.9e+01 4.8e+00 1.462e+00
#6723   941   1 | 6.58e-01 0.00e+00   +nan  1.00 | 1.07e+00 1.04e-01 -0.104  1.03 | 8.9e+01 4.4e+00 1.611e+00
#6724  4102   1 | 1.01e+00 0.00e+00   +nan  1.00 | 1.08e+00 1.37e-01 +0.286  0.94 | 5.7e+01 5.3e+00 2.127e+00
#6725  1041   1 | 4.94e-01 0.00e+00   +nan  1.00 | 1.12e+00 1.19e-01 -0.011  1.01 | 8.5e+01 4.9e+00 1.510e+00
#6726  4371   1 | 1.07e+00 0.00e+00   +nan  1.00 | 9.70e-01 1.28e-01 +0.200  0.96 | 6.9e+01 4.9e+00 2.057e+00
#6727  3761   1 | 1.08e+00 0.00e+00   +nan  1.00 | 9.80e-01 1.25e-01 +0.121  0.99 | 5.9e+01 4.6e+00 2.122e+00
#6728  1955   1 | 1.10e+00 0.00e+00   +nan  1.00 | 1.08e+00 1.40e-01 +0.205  0.96 | 8.8e+01 5.4e+00 2.329e+00
#6729  2173   1 | 9.72e-01 0.00e+00   +nan  1.00 | 1.06e+00 1.22e-01 +0.173  0.97 | 9.1e+01 4.7e+00 2.034e+00
#6730   428   1 | 5.53e-01 0.00e+00   +nan  1.00 | 1.04e+00 1.16e-01 +0.075  1.00 | 6.8e+01 4.8e+00 1.387e+00
#6731  4492   1 | 1.31e+00 0.00e+00   +nan  1.00 | 1.04e+00 1.29e-01 +0.095  0.99 | 6.5e+01 5.4e+00 2.785e+00
#6732   714   1 | 9.57e-01 0.00e+00   +nan  1.00 | 1.07e+00 1.06e-01 +0.050  1.00 | 7.9e+01 4.7e+00 2.070e+00
#6733  3706   1 | 1.09e+00 0.00e+00   +nan  1.00 | 1.13e+00 1.33e-01 +0.219  0.96 | 5.6e+01 5.2e+00 2.417e+00
#6734  1771   1 | 1.18e+00 0.00e+00   +nan  1.00 | 9.58e-01 1.21e-01 -0.012  1.02 | 1.1e+02 4.8e+00 2.324e+00
#6735  3444   1 | 1.17e+00 0.00e+00   +nan  1.00 | 1.17e+00 1.08e-01 +0.295  0.95 | 7.4e+01 4.5e+00 2.663e+00
#6736  1519   1 | 9.99e-01 0.00e+00   +nan  1.00 | 9.45e-01 1.13e-01 +0.057  1.00 | 9.1e+01 4.5e+00 1.892e+00
#6737  3264   1 | 9.73e-01 0.00e+00   +nan  1.00 | 1.07e+00 1.32e-01 +0.126  0.98 | 7.2e+01 5.3e+00 2.083e+00
#6738  3616   1 | 1.09e+00 0.00e+00   +nan  1.00 | 1.13e+00 1.31e-01 +0.153  0.98 | 7.0e+01 5.0e+00 2.443e+00
#6739  4153   1 | 7.05e-01 0.00e+00   +nan  1.00 | 1.00e+00 1.24e-01 +0.225  0.96 | 6.3e+01 5.4e+00 1.461e+00
#6740  3033   1 | 9.59e-01 0.00e+00   +nan  1.00 | 1.03e+00 1.75e-01 +0.153  0.98 | 6.9e+01 5.3e+00 1.961e+00
#6741  4581   1 | 1.24e+00 0.00e+00   +nan  1.00 | 9.89e-01 1.59e-01 +0.114  0.99 | 6.8e+01 5.6e+00 2.502e+00
#6742   878   1 | 1.32e+00 0.00e+00   +nan  1.00 | 1.02e+00 1.40e-01 +0.122  0.99 | 8.1e+01 5.2e+00 2.760e+00
#6743  4681   1 | 4.92e-01 0.00e+00   +nan  1.00 | 1.12e+00 1.33e-01 +0.523  0.89 | 6.3e+01 4.9e+00 1.353e+00
#6744  4234   1 | 1.08e+00 0.00e+00   +nan  1.00 | 9.97e-01 1.38e-01 +0.265  0.95 | 6.2e+01 5.0e+00 2.102e+00
#6745  1272   1 | 9.23e-01 0.00e+00   +nan  1.00 | 9.51e-01 1.20e-01 -0.051  1.03 | 8.1e+01 4.7e+00 1.781e+00
#6746  3988   1 | 6.58e-01 0.00e+00   +nan  1.00 | 1.07e+00 1.32e-01 +0.230  0.96 | 6.8e+01 4.6e+00 1.530e+00
#6747  3681   1 | 9.90e-01 0.00e+00   +nan  1.00 | 1.06e+00 1.72e-01 +0.273  0.94 | 6.1e+01 5.2e+00 2.029e+00
#6748   282   1 | 5.12e-01 0.00e+00   +nan  1.00 | 9.97e-01 1.59e-01 +0.127  0.98 | 6.1e+01 5.4e+00 1.241e+00
#6749  1760   1 | 1.11e+00 0.00e+00   +nan  1.00 | 9.80e-01 1.41e-01 +0.105  0.99 | 1.1e+02 4.8e+00 2.187e+00
#6750  3806   1 | 1.10e+00 0.00e+00   +nan  1.00 | 1.05e+00 1.82e-01 +0.318  0.92 | 6.5e+01 5.4e+00 2.218e+00
#6751  2526   1 | 1.30e+00 0.00e+00   +nan  1.00 | 1.01e+00 1.81e-01 -0.002  1.03 | 7.5e+01 5.3e+00 2.758e+00
#6752   515   1 | 8.89e-01 0.00e+00   +nan  1.00 | 9.15e-01 1.48e-01 +0.067  1.00 | 7.7e+01 4.9e+00 1.631e+00
#6753   520   1 | 8.26e-01 0.00e+00   +nan  1.00 | 9.54e-01 1.61e-01 -0.137  1.07 | 7.5e+01 5.1e+00 1.659e+00
#6754  1464   1 | 1.08e+00 0.00e+00   +nan  1.00 | 1.04e+00 2.04e-01 -0.167  1.10 | 8.5e+01 5.7e+00 2.363e+00
#6755   160   1 | 1.31e+00 0.00e+00   +nan  1.00 | 1.09e+00 1.57e-01 +0.104  0.99 | 5.9e+01 5.1e+00 2.894e+00
#6756  1808   1 | 7.29e-01 0.00e+00   +nan  1.00 | 9.46e-01 1.20e-01 +0.104  0.99 | 9.7e+01 4.6e+00 1.417e+00
#6757  2281   1 | 9.71e-01 0.00e+00   +nan  1.00 | 1.02e+00 1.28e-01 -0.067  1.03 | 7.7e+01 4.8e+00 2.012e+00
#6758  2647   1 | 9.97e-01 0.00e+00   +nan  1.00 | 1.07e+00 1.34e-01 +0.259  0.95 | 7.6e+01 5.2e+00 2.092e+00
#6759  2330   1 | 5.58e-01 0.00e+00   +nan  1.00 | 1.04e+00 1.29e-01 +0.080  1.00 | 7.0e+01 4.7e+00 1.393e+00
#6760  3642   1 | 8.80e-01 0.00e+00   +nan  1.00 | 9.10e-01 1.60e-01 +0.070  1.01 | 5.8e+01 5.2e+00 1.608e+00
#6761  4340   1 | 1.23e+00 0.00e+00   +nan  1.00 | 1.10e+00 1.36e-01 +0.211  0.96 | 6.4e+01 5.0e+00 2.692e+00
#6762  2720   1 | 1.20e+00 0.00e+00   +nan  1.00 | 9.11e-01 1.34e-01 +0.211  0.96 | 6.7e+01 5.1e+00 2.230e+00
#6763   911   1 | 5.96e-01 0.00e+00   +nan  1.00 | 1.08e+00 1.20e-01 +0.146  0.98 | 8.1e+01 4.7e+00 1.507e+00
#6764  4384   1 | 9.97e-01 0.00e+00   +nan  1.00 | 8.61e-01 1.23e-01 +0.290  0.94 | 6.5e+01 5.0e+00 1.689e+00
#6765   538   1 | 9.65e-01 0.00e+00   +nan  1.00 | 1.06e+00 1.36e-01 +0.080  1.00 | 6.9e+01 5.4e+00 2.058e+00
#6766  2333   1 | 5.51e-01 0.00e+00   +nan  1.00 | 1.03e+00 1.51e-01 +0.144  0.98 | 8.1e+01 5.5e+00 1.340e+00
#6767   983   1 | 1.14e+00 0.00e+00   +nan  1.00 | 9.88e-01 1.06e-01 -0.058  1.02 | 8.3e+01 4.8e+00 2.303e+00
#6768  2636   1 | 1.12e+00 0.00e+00   +nan  1.00 | 1.01e+00 1.24e-01 +0.093  0.99 | 7.0e+01 4.6e+00 2.269e+00
#6769  2962   1 | 9.09e-01 0.00e+00   +nan  1.00 | 9.18e-01 1.16e-01 +0.203  0.96 | 7.2e+01 5.0e+00 1.639e+00
#6770  4451   1 | 9.65e-01 0.00e+00   +nan  1.00 | 9.60e-01 1.28e-01 +0.202  0.96 | 7.7e+01 5.3e+00 1.820e+00
#6771  4237   1 | 1.12e+00 0.00e+00   +nan  1.00 | 9.75e-01 1.23e-01 +0.113  0.99 | 6.1e+01 5.0e+00 2.185e+00
#6772  1155   1 | 1.08e+00 0.00e+00   +nan  1.00 | 9.68e-01 1.14e-01 -0.040  1.02 | 8.4e+01 4.8e+00 2.132e+00
#6773  3002   1 | 4.74e-01 0.00e+00   +nan  1.00 | 9.87e-01 1.22e-01 +0.231  0.96 | 6.8e+01 5.0e+00 1.158e+00
#6774  2357   1 | 1.30e+00 0.00e+00   +nan  1.00 | 1.04e+00 9.84e-02 +0.171  0.98 | 7.7e+01 5.0e+00 2.750e+00
#6775  3977   1 | 1.09e+00 0.00e+00   +nan  1.00 | 9.70e-01 1.12e-01 -0.022  1.02 | 6.6e+01 4.9e+00 2.144e+00
#6776  4556   1 | 7.66e-01 0.00e+00   +nan  1.00 | 9.59e-01 1.26e-01 +0.368  0.92 | 6.1e+01 5.3e+00 1.433e+00
#6777  4680   1 | 1.12e+00 0.00e+00   +nan  1.00 | 9.82e-01 1.14e-01 +0.369  0.93 | 6.1e+01 4.9e+00 2.152e+00
#6778  1641   1 | 5.79e-01 0.00e+00   +nan  1.00 | 1.05e+00 1.03e-01 +0.090  0.99 | 9.1e+01 4.8e+00 1.434e+00
#6779  2891   1 | 1.34e+00 0.00e+00   +nan  1.00 | 1.00e+00 9.78e-02 +0.104  0.99 | 6.3e+01 4.6e+00 2.781e+00
#6780   809   1 | 1.09e+00 0.00e+00   +nan  1.00 | 9.37e-01 1.09e-01 -0.080  1.03 | 7.5e+01 4.8e+00 2.089e+00
#6781  1055   1 | 1.07e+00 0.00e+00   +nan  1.00 | 1.03e+00 1.45e-01 +0.066  1.00 | 8.9e+01 5.8e+00 2.203e+00
#6782  1726   1 | 9.75e-01 0.00e+00   +nan  1.00 | 1.04e+00 1.15e-01 +0.176  0.97 | 1.0e+02 5.2e+00 2.009e+00
#6783   766   1 | 1.02e+00 0.00e+00   +nan  1.00 | 9.92e-01 1.27e-01 -0.025  1.02 | 7.8e+01 5.0e+00 2.056e+00
#6784  1912   1 | 7.39e-01 0.00e+00   +nan  1.00 | 9.49e-01 1.46e-01 -0.023  1.03 | 9.7e+01 5.4e+00 1.476e+00
#6785   351   1 | 1.15e+00 0.00e+00   +nan  1.00 | 9.43e-01 1.13e-01 +0.100  0.99 | 6.3e+01 4.7e+00 2.193e+00
#6786  1697   1 | 1.32e+00 0.00e+00   +nan  1.00 | 1.12e+00 1.32e-01 +0.137  0.98 | 9.7e+01 5.3e+00 2.978e+00
#6787  3614   1 | 1.10e+00 0.00e+00   +nan  1.00 | 1.08e+00 1.17e-01 +0.175  0.97 | 6.2e+01 4.8e+00 2.347e+00
#6788  3452   1 | 4.58e-01 0.00e+00   +nan  1.00 | 1.00e+00 1.30e-01 +0.119  0.99 | 6.9e+01 5.3e+00 1.198e+00
#6789  1062   1 | 1.04e+00 0.00e+00   +nan  1.00 | 1.02e+00 1.02e-01 +0.091  0.99 | 8.9e+01 4.7e+00 2.118e+00
#6790  4810   1 | 1.65e+00 0.00e+00   +nan  1.00 | 9.65e-01 1.31e-01 +0.254  0.95 | 6.4e+01 5.4e+00 3.591e+00
#6791  1605   1 | 1.02e+00 0.00e+00   +nan  1.00 | 1.13e+00 1.13e-01 +0.106  0.99 | 9.6e+01 5.7e+00 2.305e+00
#6792  3491   1 | 1.41e+00 0.00e+00   +nan  1.00 | 1.01e+00 1.26e-01 +0.087  0.99 | 6.7e+01 5.1e+00 3.003e+00
#6793  3553   1 | 7.33e-01 0.00e+00   +nan  1.00 | 1.09e+00 1.23e-01 +0.163  0.98 | 5.9e+01 5.2e+00 1.692e+00
#6794  1739   1 | 1.29e+00 0.00e+00   +nan  1.00 | 1.08e+00 1.08e-01 -0.070  1.02 | 1.0e+02 4.9e+00 2.858e+00
#6795  4277   1 | 1.08e+00 0.00e+00   +nan  1.00 | 9.93e-01 9.64e-02 +0.236  0.96 | 7.2e+01 4.8e+00 2.116e+00
#6796  3573   1 | 1.09e+00 0.00e+00   +nan  1.00 | 1.02e+00 9.97e-02 +0.205  0.97 | 6.5e+01 4.9e+00 2.182e+00
#6797  4750   1 | 8.07e-01 0.00e+00   +nan  1.00 | 9.42e-01 1.15e-01 +0.336  0.93 | 6.4e+01 4.9e+00 1.480e+00
#6798    94   1 | 1.11e+00 0.00e+00   +nan  1.00 | 1.06e+00 1.10e-01 -0.070  1.03 | 5.7e+01 4.8e+00 2.377e+00
#6799  1780   1 | 6.25e-01 0.00e+00   +nan  1.00 | 1.03e+00 9.24e-02 -0.039  1.02 | 9.2e+01 4.7e+00 1.465e+00
#6800  2768   1 | 1.05e+00 0.00e+00   +nan  1.00 | 8.36e-01 1.23e-01 +0.057  1.00 | 7.3e+01 5.3e+00 1.797e+00
#6801  2857   1 | 5.74e-01 0.00e+00   +nan  1.00 | 9.77e-01 9.85e-02 -0.180  1.05 | 5.7e+01 4.4e+00 1.329e+00
#6802  2599   1 | 8.28e-01 0.00e+00   +nan  1.00 | 1.01e+00 1.09e-01 -0.095  1.03 | 8.3e+01 4.8e+00 1.744e+00
#6803  3070   1 | 1.19e+00 0.00e+00   +nan  1.00 | 1.05e+00 1.11e-01 +0.293  0.95 | 5.9e+01 5.1e+00 2.465e+00
#6804  3884   1 | 1.30e+00 0.00e+00   +nan  1.00 | 9.64e-01 1.04e-01 +0.196  0.97 | 6.3e+01 5.1e+00 2.603e+00
#6805   280   1 | 1.05e+00 0.00e+00   +nan  1.00 | 1.08e+00 1.18e-01 +0.094  0.99 | 5.8e+01 5.0e+00 2.266e+00
#6806  2980   1 | 1.29e+00 0.00e+00   +nan  1.00 | 9.27e-01 1.20e-01 +0.063  1.00 | 7.0e+01 5.3e+00 2.528e+00
#6807  4499   1 | 1.38e+00 0.00e+00   +nan  1.00 | 1.03e+00 9.92e-02 +0.237  0.96 | 7.8e+01 4.7e+00 2.912e+00
#6808  3473   1 | 1.11e+00 0.00e+00   +nan  1.00 | 9.75e-01 1.20e-01 -0.050  1.03 | 6.4e+01 5.5e+00 2.218e+00
#6809  2758   1 | 5.83e-01 0.00e+00   +nan  1.00 | 1.05e+00 9.72e-02 +0.219  0.97 | 7.5e+01 5.2e+00 1.413e+00
#6810  1705   1 | 5.98e-01 0.00e+00   +nan  1.00 | 1.08e+00 9.02e-02 -0.040  1.01 | 9.4e+01 4.9e+00 1.549e+00
#6811  3261   1 | 1.09e+00 0.00e+00   +nan  1.00 | 1.02e+00 1.07e-01 +0.162  0.98 | 6.7e+01 5.1e+00 2.205e+00
#6812  2395   1 | 1.38e+00 0.00e+00   +nan  1.00 | 1.03e+00 9.26e-02 +0.031  1.00 | 7.6e+01 4.7e+00 2.968e+00
#6813  2823   1 | 1.10e+00 0.00e+00   +nan  1.00 | 1.08e+00 1.10e-01 +0.153  0.98 | 7.0e+01 5.2e+00 2.349e+00
#6814  4297   1 | 5.56e-01 0.00e+00   +nan  1.00 | 1.04e+00 8.73e-02 +0.263  0.96 | 6.4e+01 4.5e+00 1.355e+00
#6815  1184   1 | 1.20e+00 0.00e+00   +nan  1.00 | 1.05e+00 1.16e-01 -0.019  1.02 | 8.0e+01 5.3e+00 2.581e+00
#6816  4147   1 | 1.06e+00 0.00e+00   +nan  1.00 | 8.36e-01 8.79e-02 +0.362  0.93 | 6.5e+01 4.6e+00 1.779e+00
#6817  2409   1 | 9.62e-01 0.00e+00   +nan  1.00 | 1.07e+00 1.02e-01 +0.072  1.00 | 7.7e+01 5.2e+00 2.075e+00
#6818  3037   1 | 6.58e-01 0.00e+00   +nan  1.00 | 1.07e+00 9.68e-02 +0.194  0.97 | 6.1e+01 4.9e+00 1.547e+00
#6819   585   1 | 1.13e+00 0.00e+00   +nan  1.00 | 1.05e+00 8.80e-02 +0.052  1.00 | 7.1e+01 4.6e+00 2.391e+00
#6820  1958   1 | 1.17e+00 0.00e+00   +nan  1.00 | 1.17e+00 8.56e-02 +0.128  0.99 | 8.4e+01 4.6e+00 2.715e+00
#6821  1491   1 | 1.11e+00 0.00e+00   +nan  1.00 | 9.80e-01 8.28e-02 -0.009  1.01 | 8.5e+01 4.6e+00 2.206e+00
#6822  3139   1 | 1.13e+00 0.00e+00   +nan  1.00 | 1.01e+00 1.23e-01 +0.136  0.98 | 6.3e+01 5.0e+00 2.263e+00
#6823  1091   1 | 1.02e+00 0.00e+00   +nan  1.00 | 1.13e+00 1.01e-01 +0.058  1.00 | 9.0e+01 4.8e+00 2.315e+00
#6824   863   1 | 1.18e+00 0.00e+00   +nan  1.00 | 9.58e-01 1.16e-01 -0.055  1.03 | 7.2e+01 5.0e+00 2.333e+00
#6825  1001   1 | 1.29e+00 0.00e+00   +nan  1.00 | 9.64e-01 8.70e-02 +0.129  0.98 | 8.1e+01 4.6e+00 2.592e+00
#6826  3797   1 | 4.75e-01 0.00e+00   +nan  1.00 | 9.87e-01 1.30e-01 +0.186  0.97 | 5.9e+01 5.2e+00 1.169e+00
#6827  2807   1 | 1.11e+00 0.00e+00   +nan  1.00 | 1.13e+00 1.01e-01 +0.037  1.00 | 6.6e+01 4.8e+00 2.517e+00
#6828   229   1 | 1.40e+00 0.00e+00   +nan  1.00 | 1.01e+00 1.01e-01 -0.121  1.03 | 6.6e+01 5.0e+00 3.027e+00
#6829  4239   1 | 1.08e+00 0.00e+00   +nan  1.00 | 9.82e-01 8.97e-02 +0.201  0.97 | 5.8e+01 4.5e+00 2.097e+00
#6830  1924   1 | 1.08e+00 0.00e+00   +nan  1.00 | 9.68e-01 1.05e-01 -0.028  1.02 | 8.8e+01 4.9e+00 2.124e+00
#6831  2235   1 | 9.99e-01 0.00e+00   +nan  1.00 | 8.61e-01 1.05e-01 +0.067  1.00 | 7.9e+01 5.3e+00 1.739e+00
#6832  1886   1 | 1.14e+00 0.00e+00   +nan  1.00 | 9.88e-01 1.12e-01 -0.031  1.02 | 9.3e+01 4.9e+00 2.295e+00
#6833  1860   1 | 7.07e-01 0.00e+00   +nan  1.00 | 1.09e+00 8.84e-02 +0.045  1.00 | 9.6e+01 4.9e+00 1.682e+00
#6834  1260   1 | 1.15e+00 0.00e+00   +nan  1.00 | 9.43e-01 8.37e-02 +0.118  0.99 | 8.4e+01 4.6e+00 2.191e+00
#6835  1273   1 | 1.31e+00 0.00e+00   +nan  1.00 | 1.04e+00 9.52e-02 +0.163  0.98 | 8.0e+01 5.1e+00 2.761e+00
#6836  2400   1 | 1.30e+00 0.00e+00   +nan  1.00 | 1.09e+00 1.06e-01 +0.201  0.97 | 7.5e+01 5.5e+00 2.858e+00
#6837  4511   1 | 1.20e+00 0.00e+00   +nan  1.00 | 9.11e-01 8.66e-02 +0.297  0.95 | 6.2e+01 4.9e+00 2.240e+00
#6838  2003   1 | 8.28e-01 0.00e+00   +nan  1.00 | 9.54e-01 1.01e-01 +0.046  1.00 | 8.7e+01 5.3e+00 1.596e+00
#6839  1850   1 | 8.55e-01 0.00e+00   +nan  1.00 | 9.10e-01 1.09e-01 +0.094  0.99 | 8.9e+01 5.4e+00 1.552e+00
#6840  2439   1 | 1.08e+00 0.00e+00   +nan  1.00 | 1.04e+00 8.46e-02 +0.115  0.99 | 8.0e+01 4.9e+00 2.222e+00
#6841  4367   1 | 1.12e+00 0.00e+00   +nan  1.00 | 1.06e+00 1.12e-01 +0.416  0.92 | 6.3e+01 5.3e+00 2.283e+00
#6842  1700   1 | 9.61e-01 0.00e+00   +nan  1.00 | 9.60e-01 9.88e-02 +0.056  1.00 | 9.6e+01 5.1e+00 1.844e+00
#6843  3722   1 | 1.07e+00 0.00e+00   +nan  1.00 | 9.97e-01 9.47e-02 +0.050  1.00 | 5.2e+01 4.7e+00 2.130e+00
#6844  2729   1 | 5.55e-01 0.00e+00   +nan  1.00 | 1.03e+00 1.19e-01 +0.200  0.97 | 7.1e+01 5.4e+00 1.332e+00
#6845  4908   1 | 5.06e-01 0.00e+00   +nan  1.00 | 9.97e-01 8.33e-02 +0.368  0.95 | 4.5e+01 5.4e+00 1.196e+00
#6846  1577   1 | 9.07e-01 0.00e+00   +nan  1.00 | 9.18e-01 1.18e-01 +0.101  0.99 | 9.0e+01 5.2e+00 1.657e+00
#6847  3772   1 | 1.67e+00 0.00e+00   +nan  1.00 | 9.65e-01 1.15e-01 +0.259  0.95 | 6.7e+01 5.0e+00 3.671e+00
#6848  3949   1 | 1.02e+00 0.00e+00   +nan  1.00 | 9.45e-01 1.17e-01 +0.064  1.00 | 6.4e+01 5.4e+00 1.943e+00
#6849  2801   1 | 1.29e+00 0.00e+00   +nan  1.00 | 9.27e-01 1.25e-01 +0.164  0.97 | 6.7e+01 5.4e+00 2.507e+00
#6850   637   1 | 6.23e-01 0.00e+00   +nan  1.00 | 1.03e+00 9.36e-02 +0.054  1.00 | 7.1e+01 4.6e+00 1.445e+00
#6851  3819   1 | 1.02e+00 0.00e+00   +nan  1.00 | 9.92e-01 1.18e-01 +0.049  1.00 | 6.4e+01 5.2e+00 2.020e+00
#6852  3418   1 | 4.57e-01 0.00e+00   +nan  1.00 | 1.00e+00 1.25e-01 +0.128  0.98 | 7.3e+01 4.8e+00 1.196e+00
#6853  3965   1 | 9.57e-01 0.00e+00   +nan  1.00 | 1.03e+00 1.21e-01 +0.334  0.94 | 6.1e+01 5.4e+00 1.911e+00
#6854   787   1 | 1.22e+00 0.00e+00   +nan  1.00 | 1.10e+00 1.55e-01 +0.026  1.01 | 6.9e+01 5.8e+00 2.730e+00
#6855  4703   1 | 1.33e+00 0.00e+00   +nan  1.00 | 1.12e+00 1.20e-01 +0.336  0.94 | 6.0e+01 4.9e+00 2.962e+00
#6856  2830   1 | 1.08e+00 0.00e+00   +nan  1.00 | 9.70e-01 1.05e-01 +0.012  1.01 | 6.2e+01 4.7e+00 2.112e+00
#6857  4069   1 | 4.95e-01 0.00e+00   +nan  1.00 | 1.12e+00 1.37e-01 +0.350  0.93 | 6.0e+01 5.3e+00 1.405e+00
#6858  4733   1 | 7.28e-01 0.00e+00   +nan  1.00 | 9.49e-01 1.23e-01 +0.319  0.93 | 6.4e+01 5.1e+00 1.372e+00
#6859   640   1 | 7.01e-01 0.00e+00   +nan  1.00 | 1.00e+00 1.16e-01 -0.063  1.03 | 8.2e+01 4.6e+00 1.524e+00
#6860  3409   1 | 9.84e-01 0.00e+00   +nan  1.00 | 1.06e+00 1.54e-01 +0.156  0.98 | 7.3e+01 4.8e+00 2.060e+00
#6861  3482   1 | 5.81e-01 0.00e+00   +nan  1.00 | 9.77e-01 1.50e-01 +0.042  1.01 | 6.2e+01 5.0e+00 1.303e+00
#6862  2663   1 | 1.34e+00 0.00e+00   +nan  1.00 | 1.00e+00 1.71e-01 -0.059  1.05 | 7.2e+01 5.9e+00 2.848e+00
#6863  4502   1 | 8.22e-01 0.00e+00   +nan  1.00 | 9.42e-01 1.34e-01 +0.288  0.94 | 7.0e+01 4.8e+00 1.508e+00
#6864  2025   1 | 1.04e+00 0.00e+00   +nan  1.00 | 1.02e+00 1.30e-01 +0.257  0.95 | 8.6e+01 5.0e+00 2.070e+00
#6865  3189   1 | 7.87e-01 0.00e+00   +nan  1.00 | 9.59e-01 1.60e-01 +0.311  0.92 | 6.8e+01 5.2e+00 1.468e+00
#6866  3524   1 | 1.28e+00 0.00e+00   +nan  1.00 | 1.01e+00 1.77e-01 +0.273  0.94 | 6.6e+01 4.9e+00 2.606e+00
#6867  3577   1 | 7.38e-01 0.00e+00   +nan  1.00 | 9.46e-01 1.28e-01 +0.044  1.01 | 7.2e+01 4.5e+00 1.446e+00
#6868  3634   1 | 8.45e-01 0.00e+00   +nan  1.00 | 1.01e+00 1.43e-01 -0.056  1.04 | 5.8e+01 4.5e+00 1.777e+00
#6869  4154   1 | 1.05e+00 0.00e+00   +nan  1.00 | 1.03e+00 1.62e-01 +0.237  0.95 | 6.0e+01 5.3e+00 2.116e+00
#6870  2302   1 | 9.71e-01 0.00e+00   +nan  1.00 | 1.02e+00 1.49e-01 -0.082  1.05 | 8.1e+01 5.0e+00 2.026e+00
#6871   729   1 | 1.09e+00 0.00e+00   +nan  1.00 | 9.37e-01 1.36e-01 -0.045  1.03 | 7.9e+01 4.7e+00 2.091e+00
#6872  3795   1 | 9.12e-01 0.00e+00   +nan  1.00 | 9.15e-01 1.26e-01 -0.181  1.07 | 6.4e+01 4.5e+00 1.727e+00
#6873  3111   1 | 9.03e-01 0.00e+00   +nan  1.00 | 9.51e-01 1.59e-01 +0.123  0.99 | 6.4e+01 5.3e+00 1.708e+00
#6874  2308   1 | 9.78e-01 0.00e+00   +nan  1.00 | 1.04e+00 1.29e-01 +0.283  0.95 | 8.2e+01 4.7e+00 1.983e+00
#6875  3921   1 | 1.07e+00 0.00e+00   +nan  1.00 | 9.93e-01 1.45e-01 +0.206  0.96 | 6.6e+01 5.0e+00 2.086e+00
#6876  3358   1 | 9.88e-01 0.00e+00   +nan  1.00 | 1.07e+00 1.20e-01 +0.208  0.97 | 6.9e+01 4.6e+00 2.093e+00
#6877  4733   1 | 1.32e+00 0.00e+00   +nan  1.00 | 1.02e+00 1.53e-01 +0.239  0.95 | 6.7e+01 5.4e+00 2.722e+00
#6878   490   1 | 1.23e+00 0.00e+00   +nan  1.00 | 9.89e-01 1.48e-01 +0.063  1.00 | 7.0e+01 5.3e+00 2.503e+00
#6879   250   1 | 9.65e-01 0.00e+00   +nan  1.00 | 1.06e+00 1.40e-01 +0.223  0.96 | 7.2e+01 4.8e+00 2.016e+00
#6880  3614   1 | 1.01e+00 0.00e+00   +nan  1.00 | 1.08e+00 1.25e-01 +0.212  0.96 | 6.5e+01 4.9e+00 2.155e+00
#6881   946   1 | 1.29e+00 0.00e+00   +nan  1.00 | 1.08e+00 1.31e-01 -0.134  1.05 | 8.9e+01 4.9e+00 2.890e+00
#6882  3375   1 | 5.80e-01 0.00e+00   +nan  1.00 | 9.77e-01 1.20e-01 +0.055  1.00 | 7.4e+01 5.1e+00 1.293e+00
#6883  3057   1 | 8.98e-01 0.00e+00   +nan  1.00 | 9.15e-01 1.32e-01 -0.114  1.05 | 6.7e+01 5.1e+00 1.689e+00
#6884   423   1 | 5.45e-01 0.00e+00   +nan  1.00 | 1.03e+00 1.18e-01 +0.052  1.00 | 7.4e+01 4.7e+00 1.357e+00
#6885    22   1 | 6.58e-01 0.00e+00   +nan  1.00 | 1.07e+00 1.02e-01 +0.069  1.00 | 6.2e+01 4.4e+00 1.572e+00
#6886   322   1 | 1.11e+00 0.00e+00   +nan  1.00 | 1.06e+00 1.18e-01 -0.100  1.03 | 7.4e+01 4.7e+00 2.387e+00
#6887  2483   1 | 5.15e-01 0.00e+00   +nan  1.00 | 9.97e-01 1.17e-01 +0.051  1.00 | 8.0e+01 5.2e+00 1.261e+00
#6888   674   1 | 1.04e+00 0.00e+00   +nan  1.00 | 8.36e-01 1.03e-01 -0.151  1.05 | 8.6e+01 4.7e+00 1.820e+00
#6889  2679   1 | 1.08e+00 0.00e+00   +nan  1.00 | 9.70e-01 8.52e-02 -0.036  1.01 | 8.7e+01 4.9e+00 2.114e+00
#6890  3518   1 | 1.18e+00 0.00e+00   +nan  1.00 | 9.58e-01 1.05e-01 +0.023  1.01 | 7.0e+01 5.2e+00 2.313e+00
#6891   902   1 | 4.70e-01 0.00e+00   +nan  1.00 | 9.87e-01 7.71e-02 +0.054  1.00 | 1.0e+02 4.6e+00 1.193e+00
#6892  4734   1 | 5.76e-01 0.00e+00   +nan  1.00 | 1.08e+00 7.62e-02 +0.261  0.97 | 8.7e+01 4.6e+00 1.470e+00
#6893  1197   1 | 9.70e-01 0.00e+00   +nan  1.00 | 1.06e+00 7.39e-02 +0.047  1.00 | 1.0e+02 5.1e+00 2.057e+00
#6894  3067   1 | 1.31e+00 0.00e+00   +nan  1.00 | 1.12e+00 8.01e-02 +0.155  0.98 | 7.5e+01 5.2e+00 2.945e+00
#6895   273   1 | 4.46e-01 0.00e+00   +nan  1.00 | 1.00e+00 6.75e-02 +0.247  0.97 | 9.6e+01 5.2e+00 1.173e+00
#6896   911   1 | 7.01e-01 0.00e+00   +nan  1.00 | 1.00e+00 6.99e-02 +0.171  0.98 | 1.2e+02 5.3e+00 1.477e+00
#6897   717   1 | 1.21e+00 0.00e+00   +nan  1.00 | 1.05e+00 6.33e-02 -0.064  1.01 | 1.2e+02 4.6e+00 2.577e+00
#6898  4602   1 | 9.71e-01 0.00e+00   +nan  1.00 | 1.03e+00 7.23e-02 +0.216  0.97 | 9.3e+01 5.1e+00 1.982e+00
#6899  1206   1 | 1.02e+00 0.00e+00   +nan  1.00 | 1.13e+00 6.87e-02 +0.138  0.99 | 1.2e+02 4.9e+00 2.302e+00
#6900  3333   1 | 1.17e+00 0.00e+00   +nan  1.00 | 1.17e+00 6.68e-02 +0.245  0.98 | 9.8e+01 4.5e+00 2.693e+00
#6901   327   1 | 1.00e+00 0.00e+00   +nan  1.00 | 1.07e+00 7.55e-02 +0.213  0.97 | 1.1e+02 5.4e+00 2.133e+00
#6902   671   1 | 8.26e-01 0.00e+00   +nan  1.00 | 9.54e-01 7.63e-02 +0.028  1.00 | 1.2e+02 4.9e+00 1.593e+00
#6903  4252   1 | 1.06e+00 0.00e+00   +nan  1.00 | 1.03e+00 7.83e-02 +0.279  0.96 | 1.1e+02 5.0e+00 2.143e+00
#6904  4838   1 | 1.15e+00 0.00e+00   +nan  1.00 | 9.88e-01 6.80e-02 +0.233  0.97 | 8.9e+01 4.5e+00 2.269e+00
#6905   777   1 | 1.09e+00 0.00e+00   +nan  1.00 | 9.37e-01 6.97e-02 +0.058  1.00 | 1.3e+02 4.8e+00 2.058e+00
#6906  1583   1 | 1.15e+00 0.00e+00   +nan  1.00 | 9.43e-01 7.54e-02 +0.191  0.98 | 1.6e+02 4.8e+00 2.181e+00
#6907  4850   1 | 7.50e-01 0.00e+00   +nan  1.00 | 9.59e-01 8.81e-02 +0.311  0.95 | 9.4e+01 4.9e+00 1.437e+00
#6908  1858   1 | 1.65e+00 0.00e+00   +nan  1.00 | 9.65e-01 9.97e-02 +0.036  1.00 | 1.6e+02 5.0e+00 3.672e+00
#6909  1094   1 | 6.24e-01 0.00e+00   +nan  1.00 | 1.03e+00 7.70e-02 +0.032  1.00 | 1.4e+02 4.4e+00 1.448e+00
#6910  2902   1 | 1.22e+00 0.00e+00   +nan  1.00 | 1.10e+00 9.89e-02 +0.165  0.98 | 1.2e+02 5.2e+00 2.693e+00
#6911  3799   1 | 1.13e+00 0.00e+00   +nan  1.00 | 1.01e+00 1.21e-01 +0.171  0.97 | 1.1e+02 5.6e+00 2.270e+00
#6912  3815   1 | 1.10e+00 0.00e+00   +nan  1.00 | 9.75e-01 1.18e-01 +0.082  0.99 | 1.2e+02 5.7e+00 2.164e+00
#6913  4707   1 | 5.39e-01 0.00e+00   +nan  1.00 | 1.04e+00 9.92e-02 +0.382  0.94 | 1.1e+02 4.9e+00 1.308e+00
#6914   871   1 | 1.13e+00 0.00e+00   +nan  1.00 | 1.05e+00 9.70e-02 +0.158  0.98 | 1.4e+02 4.8e+00 2.369e+00
#6915  4792   1 | 7.23e-01 0.00e+00   +nan  1.00 | 9.46e-01 1.12e-01 +0.259  0.95 | 1.2e+02 5.2e+00 1.376e+00
#6916   556   1 | 8.53e-01 0.00e+00   +nan  1.00 | 9.10e-01 1.23e-01 -0.133  1.05 | 1.3e+02 5.3e+00 1.600e+00
#6917   426   1 | 5.78e-01 0.00e+00   +nan  1.00 | 1.05e+00 1.31e-01 +0.087  0.99 | 1.3e+02 5.1e+00 1.435e+00
#6918  2540   1 | 1.04e+00 0.00e+00   +nan  1.00 | 1.02e+00 1.31e-01 +0.058  1.00 | 1.3e+02 5.3e+00 2.118e+00
#6919  1265   1 | 1.11e+00 0.00e+00   +nan  1.00 | 1.02e+00 1.24e-01 +0.244  0.96 | 1.3e+02 4.7e+00 2.216e+00
#6920  1694   1 | 1.10e+00 0.00e+00   +nan  1.00 | 1.08e+00 1.16e-01 +0.187  0.97 | 1.8e+02 5.0e+00 2.338e+00
#6921  1318   1 | 1.29e+00 0.00e+00   +nan  1.00 | 9.64e-01 1.15e-01 +0.280  0.95 | 1.5e+02 4.7e+00 2.557e+00
#6922  3949   1 | 1.08e+00 0.00e+00   +nan  1.00 | 1.13e+00 1.24e-01 +0.245  0.96 | 1.2e+02 4.9e+00 2.406e+00
#6923  4667   1 | 1.06e+00 0.00e+00   +nan  1.00 | 1.08e+00 1.06e-01 +0.367  0.94 | 1.3e+02 4.6e+00 2.230e+00
#6924  3220   1 | 9.71e-01 0.00e+00   +nan  1.00 | 1.02e+00 1.27e-01 +0.063  1.00 | 1.1e+02 4.5e+00 1.978e+00
#6925   276   1 | 1.08e+00 0.00e+00   +nan  1.00 | 1.04e+00 1.45e-01 -0.105  1.05 | 1.2e+02 5.2e+00 2.306e+00
#6926  1879   1 | 1.11e+00 0.00e+00   +nan  1.00 | 9.80e-01 1.20e-01 +0.181  0.97 | 1.6e+02 4.4e+00 2.166e+00
#6927   971   1 | 1.31e+00 0.00e+00   +nan  1.00 | 1.04e+00 1.53e-01 -0.089  1.05 | 1.5e+02 5.5e+00 2.837e+00
#6928  4571   1 | 1.03e+00 0.00e+00   +nan  1.00 | 9.92e-01 1.50e-01 +0.097  0.99 | 1.1e+02 5.2e+00 2.039e+00
#6929  4546   1 | 9.71e-01 0.00e+00   +nan  1.00 | 1.06e+00 1.62e-01 +0.346  0.92 | 1.1e+02 5.0e+00 1.981e+00
#6930  1339   1 | 1.35e+00 0.00e+00   +nan  1.00 | 1.00e+00 1.41e-01 +0.008  1.02 | 1.6e+02 4.9e+00 2.833e+00
#6931  2177   1 | 4.95e-01 0.00e+00   +nan  1.00 | 1.12e+00 1.54e-01 +0.147  0.98 | 1.6e+02 5.2e+00 1.466e+00
#6932  2553   1 | 1.23e+00 0.00e+00   +nan  1.00 | 9.89e-01 1.40e-01 -0.047  1.03 | 1.3e+02 5.4e+00 2.513e+00
#6933     9   1 | 9.22e-01 0.00e+00   +nan  1.00 | 9.51e-01 1.17e-01 -0.098  1.04 | 1.0e+02 4.8e+00 1.790e+00
#6934  2654   1 | 9.09e-01 0.00e+00   +nan  1.00 | 9.18e-01 1.34e-01 +0.109  0.99 | 1.4e+02 5.1e+00 1.659e+00
#6935  4965   1 | 6.84e-01 0.00e+00   +nan  1.00 | 1.09e+00 1.35e-01 +0.270  0.95 | 9.6e+01 4.9e+00 1.590e+00
#6936   637   1 | 1.40e+00 0.00e+00   +nan  1.00 | 1.01e+00 1.09e-01 -0.060  1.02 | 1.3e+02 4.7e+00 3.016e+00
#6937  3160   1 | 9.70e-01 0.00e+00   +nan  1.00 | 9.60e-01 1.34e-01 +0.109  0.99 | 1.1e+02 4.8e+00 1.853e+00
#6938  3429   1 | 8.45e-01 0.00e+00   +nan  1.00 | 9.42e-01 1.32e-01 +0.079  1.00 | 1.4e+02 4.9e+00 1.600e+00
#6939  4294   1 | 1.39e+00 0.00e+00   +nan  1.00 | 1.03e+00 1.21e-01 +0.121  0.99 | 1.3e+02 4.7e+00 2.962e+00
#6940  1775   1 | 9.99e-01 0.00e+00   +nan  1.00 | 8.61e-01 1.31e-01 +0.117  0.99 | 1.9e+02 5.0e+00 1.730e+00
#6941  4115   1 | 8.49e-01 0.00e+00   +nan  1.00 | 1.01e+00 1.30e-01 +0.120  0.99 | 1.2e+02 4.9e+00 1.733e+00
#6942  3898   1 | 1.07e+00 0.00e+00   +nan  1.00 | 9.93e-01 1.28e-01 +0.250  0.95 | 1.2e+02 5.1e+00 2.077e+00
#6943  3168   1 | 1.29e+00 0.00e+00   +nan  1.00 | 9.27e-01 1.29e-01 +0.102  0.99 | 1.2e+02 5.2e+00 2.518e+00
#6944  1162   1 | 7.38e-01 0.00e+00   +nan  1.00 | 9.49e-01 1.18e-01 -0.011  1.02 | 1.5e+02 4.8e+00 1.462e+00
#6945  3752   1 | 1.26e+00 0.00e+00   +nan  1.00 | 1.08e+00 1.18e-01 +0.279  0.95 | 1.1e+02 4.9e+00 2.705e+00
#6946  3876   1 | 1.07e+00 0.00e+00   +nan  1.00 | 9.97e-01 1.18e-01 +0.116  0.99 | 1.0e+02 4.9e+00 2.119e+00
#6947  3184   1 | 1.01e+00 0.00e+00   +nan  1.00 | 9.45e-01 1.06e-01 +0.135  0.98 | 1.3e+02 4.6e+00 1.899e+00
#6948   412   1 | 1.11e+00 0.00e+00   +nan  1.00 | 9.82e-01 1.06e-01 -0.064  1.03 | 1.4e+02 4.6e+00 2.219e+00
#6949  4344   1 | 9.87e-01 0.00e+00   +nan  1.00 | 1.04e+00 9.85e-02 +0.256  0.96 | 1.2e+02 4.4e+00 2.017e+00
#6950  1116   1 | 1.21e+00 0.00e+00   +nan  1.00 | 9.11e-01 1.03e-01 +0.160  0.98 | 1.5e+02 4.6e+00 2.270e+00
#6951   761   1 | 1.08e+00 0.00e+00   +nan  1.00 | 9.68e-01 1.26e-01 -0.013  1.02 | 1.4e+02 4.9e+00 2.130e+00
#6952  2743   1 | 1.30e+00 0.00e+00   +nan  1.00 | 1.01e+00 1.10e-01 +0.098  0.99 | 1.3e+02 4.8e+00 2.707e+00
#6953  2491   1 | 9.63e-01 0.00e+00   +nan  1.00 | 1.07e+00 1.25e-01 +0.157  0.98 | 1.3e+02 4.8e+00 2.055e+00
#6954  2234   1 | 1.30e+00 0.00e+00   +nan  1.00 | 1.09e+00 1.15e-01 +0.193  0.97 | 1.5e+02 4.9e+00 2.860e+00
#6955  4407   1 | 1.32e+00 0.00e+00   +nan  1.00 | 1.02e+00 1.23e-01 +0.246  0.96 | 1.2e+02 4.9e+00 2.746e+00
#6956   715   1 | 1.14e+00 0.00e+00   +nan  1.00 | 9.75e-01 1.16e-01 -0.096  1.04 | 1.5e+02 5.3e+00 2.294e+00
#6957  3442   1 | 7.37e-01 0.00e+00   +nan  1.00 | 9.46e-01 1.28e-01 -0.099  1.05 | 1.3e+02 4.9e+00 1.479e+00
#6958  3990   1 | 1.32e+00 0.00e+00   +nan  1.00 | 1.00e+00 1.47e-01 +0.180  0.97 | 1.3e+02 5.1e+00 2.722e+00
#6959  2410   1 | 1.22e+00 0.00e+00   +nan  1.00 | 1.10e+00 1.51e-01 +0.342  0.93 | 1.5e+02 5.9e+00 2.625e+00
#6960  4927   1 | 1.09e+00 0.00e+00   +nan  1.00 | 9.93e-01 1.17e-01 +0.506  0.89 | 8.6e+01 5.0e+00 2.065e+00
#6961  2958   1 | 1.41e+00 0.00e+00   +nan  1.00 | 1.01e+00 1.25e-01 +0.098  0.99 | 1.2e+02 5.1e+00 2.991e+00
#6962  1234   1 | 9.98e-01 0.00e+00   +nan  1.00 | 8.61e-01 1.09e-01 +0.143  0.98 | 1.5e+02 4.8e+00 1.723e+00
#6963   187   1 | 1.30e+00 0.00e+00   +nan  1.00 | 9.27e-01 1.12e-01 +0.084  0.99 | 1.1e+02 4.6e+00 2.534e+00
#6964  3049   1 | 1.19e+00 0.00e+00   +nan  1.00 | 1.05e+00 1.18e-01 +0.093  0.99 | 1.2e+02 4.4e+00 2.514e+00
#6965  2606   1 | 1.02e+00 0.00e+00   +nan  1.00 | 1.13e+00 1.26e-01 -0.004  1.01 | 1.4e+02 4.6e+00 2.346e+00
#6966  1383   1 | 5.79e-01 0.00e+00   +nan  1.00 | 1.05e+00 1.24e-01 +0.063  1.00 | 1.7e+02 4.9e+00 1.441e+00
#6967   301   1 | 1.08e+00 0.00e+00   +nan  1.00 | 1.04e+00 1.28e-01 -0.211  1.07 | 1.2e+02 5.1e+00 2.326e+00
#6968  3286   1 | 1.39e+00 0.00e+00   +nan  1.00 | 1.03e+00 1.22e-01 +0.203  0.97 | 1.3e+02 4.5e+00 2.951e+00
#6969  3487   1 | 1.29e+00 0.00e+00   +nan  1.00 | 1.04e+00 1.06e-01 +0.123  0.99 | 1.2e+02 4.7e+00 2.731e+00
#6970   412   1 | 1.23e+00 0.00e+00   +nan  1.00 | 9.89e-01 1.14e-01 +0.145  0.98 | 1.4e+02 5.0e+00 2.480e+00
#6971  2075   1 | 1.15e+00 0.00e+00   +nan  1.00 | 9.43e-01 9.63e-02 +0.020  1.01 | 1.5e+02 4.1e+00 2.207e+00
#6972   528   1 | 1.29e+00 0.00e+00   +nan  1.00 | 1.08e+00 1.32e-01 -0.047  1.03 | 1.3e+02 5.0e+00 2.867e+00
#6973  4863   1 | 8.33e-01 0.00e+00   +nan  1.00 | 9.10e-01 1.14e-01 +0.305  0.94 | 1.1e+02 4.7e+00 1.472e+00
#6974  1391   1 | 1.18e+00 0.00e+00   +nan  1.00 | 9.58e-01 1.11e-01 -0.102  1.04 | 1.6e+02 4.7e+00 2.341e+00
#6975  3432   1 | 4.99e-01 0.00e+00   +nan  1.00 | 1.12e+00 1.33e-01 +0.160  0.98 | 1.5e+02 5.5e+00 1.467e+00
#6976    35   1 | 7.01e-01 0.00e+00   +nan  1.00 | 1.00e+00 1.03e-01 +0.194  0.97 | 1.1e+02 4.7e+00 1.466e+00
#6977   658   1 | 1.32e+00 0.00e+00   +nan  1.00 | 1.02e+00 1.29e-01 +0.040  1.01 | 1.6e+02 5.3e+00 2.782e+00
#6978  2047   1 | 1.31e+00 0.00e+00   +nan  1.00 | 1.01e+00 1.18e-01 +0.132  0.98 | 1.5e+02 4.4e+00 2.717e+00
#6979  4996   1 | 1.15e+00 0.00e+00   +nan  1.00 | 1.13e+00 1.51e-01 +0.276  0.94 | 8.8e+01 5.6e+00 2.527e+00
#6980   826   1 | 1.11e+00 0.00e+00   +nan  1.00 | 1.02e+00 9.87e-02 +0.150  0.98 | 1.5e+02 4.4e+00 2.244e+00
#6981  2377   1 | 9.98e-01 0.00e+00   +nan  1.00 | 1.07e+00 1.02e-01 +0.200  0.97 | 1.4e+02 4.7e+00 2.119e+00
#6982  2660   1 | 1.10e+00 0.00e+00   +nan  1.00 | 9.82e-01 1.28e-01 -0.008  1.02 | 1.3e+02 5.2e+00 2.187e+00
#6983  1916   1 | 1.07e+00 0.00e+00   +nan  1.00 | 1.03e+00 1.09e-01 +0.063  1.00 | 1.6e+02 4.9e+00 2.194e+00
#6984  4192   1 | 9.75e-01 0.00e+00   +nan  1.00 | 1.07e+00 1.45e-01 +0.222  0.96 | 1.1e+02 5.8e+00 2.057e+00
#6985  3278   1 | 8.99e-01 0.00e+00   +nan  1.00 | 9.51e-01 1.15e-01 +0.178  0.97 | 1.4e+02 4.8e+00 1.686e+00
#6986  1371   1 | 5.69e-01 0.00e+00   +nan  1.00 | 9.77e-01 1.27e-01 -0.074  1.04 | 1.5e+02 5.2e+00 1.313e+00
#6987   453   1 | 9.60e-01 0.00e+00   +nan  1.00 | 9.60e-01 1.10e-01 -0.076  1.03 | 1.4e+02 4.6e+00 1.872e+00
#6988  2440   1 | 1.32e+00 0.00e+00   +nan  1.00 | 1.12e+00 1.26e-01 +0.076  1.00 | 1.4e+02 4.8e+00 2.983e+00
#6989  4691   1 | 1.03e+00 0.00e+00   +nan  1.00 | 8.36e-01 1.34e-01 +0.304  0.93 | 1.1e+02 5.6e+00 1.719e+00
#6990  3952   1 | 8.56e-01 0.00e+00   +nan  1.00 | 9.42e-01 1.15e-01 +0.178  0.97 | 1.3e+02 4.8e+00 1.595e+00
#6991  3260   1 | 7.24e-01 0.00e+00   +nan  1.00 | 1.09e+00 9.88e-02 +0.082  0.99 | 1.2e+02 4.6e+00 1.700e+00
#6992  1222   1 | 1.12e+00 0.00e+00   +nan  1.00 | 1.01e+00 1.36e-01 +0.184  0.97 | 1.5e+02 5.2e+00 2.240e+00
#6993  4545   1 | 4.42e-01 0.00e+00   +nan  1.00 | 1.00e+00 1.09e-01 +0.232  0.96 | 1.1e+02 4.8e+00 1.160e+00
#6994  4147   1 | 1.02e+00 0.00e+00   +nan  1.00 | 9.45e-01 1.26e-01 +0.148  0.98 | 1.2e+02 5.4e+00 1.915e+00
#6995  4288   1 | 7.90e-01 0.00e+00   +nan  1.00 | 9.59e-01 1.05e-01 +0.277  0.95 | 1.1e+02 4.8e+00 1.498e+00
#6996  3617   1 | 1.02e+00 0.00e+00   +nan  1.00 | 1.02e+00 1.22e-01 +0.267  0.95 | 1.2e+02 4.8e+00 2.036e+00
#6997  1999   1 | 1.04e+00 0.00e+00   +nan  1.00 | 1.08e+00 1.24e-01 +0.211  0.96 | 1.7e+02 5.0e+00 2.225e+00
#6998  1054   1 | 6.58e-01 0.00e+00   +nan  1.00 | 1.07e+00 1.03e-01 -0.048  1.02 | 1.6e+02 4.5e+00 1.598e+00
#6999  3319   1 | 1.10e+00 0.00e+00   +nan  1.00 | 1.08e+00 8.57e-02 +0.189  0.98 | 1.2e+02 4.2e+00 2.348e+00
#7000   299   1 | 8.22e-01 0.00e+00   +nan  1.00 | 1.01e+00 1.29e-01 +0.033  1.01 | 1.2e+02 5.3e+00 1.709e+00
#7001  2337   1 | 1.30e+00 0.00e+00   +nan  1.00 | 9.64e-01 1.17e-01 +0.193  0.97 | 1.5e+02 4.6e+00 2.579e+00
#7002    20   1 | 9.75e-01 0.00e+00   +nan  1.00 | 1.04e+00 1.48e-01 +0.193  0.97 | 1.1e+02 5.6e+00 2.000e+00
#7003   474   1 | 1.08e+00 0.00e+00   +nan  1.00 | 9.97e-01 1.19e-01 +0.025  1.01 | 1.4e+02 4.8e+00 2.163e+00
#7004  1186   1 | 1.08e+00 0.00e+00   +nan  1.00 | 9.68e-01 1.25e-01 +0.093  0.99 | 1.5e+02 5.2e+00 2.103e+00
#7005   864   1 | 9.71e-01 0.00e+00   +nan  1.00 | 1.02e+00 1.04e-01 -0.071  1.02 | 1.4e+02 4.4e+00 2.005e+00
#7006  1610   1 | 1.17e+00 0.00e+00   +nan  1.00 | 1.17e+00 1.10e-01 +0.116  0.99 | 1.6e+02 4.7e+00 2.716e+00
#7007  4010   1 | 9.94e-01 0.00e+00   +nan  1.00 | 1.06e+00 1.41e-01 +0.120  0.99 | 1.1e+02 5.0e+00 2.092e+00
#7008  3927   1 | 5.19e-01 0.00e+00   +nan  1.00 | 9.97e-01 1.22e-01 +0.093  0.99 | 1.1e+02 4.6e+00 1.256e+00
#7009   932   1 | 1.02e+00 0.00e+00   +nan  1.00 | 9.92e-01 1.34e-01 +0.082  1.00 | 1.5e+02 5.0e+00 2.030e+00
#7010  1993   1 | 6.00e-01 0.00e+00   +nan  1.00 | 1.08e+00 1.41e-01 +0.135  0.98 | 1.6e+02 5.1e+00 1.513e+00
#7011  3888   1 | 1.17e+00 0.00e+00   +nan  1.00 | 9.11e-01 1.22e-01 +0.148  0.98 | 1.1e+02 4.7e+00 2.179e+00
#7012  1204   1 | 9.65e-01 0.00e+00   +nan  1.00 | 1.03e+00 1.19e-01 -0.185  1.06 | 1.4e+02 4.8e+00 2.054e+00
#7013  3564   1 | 1.29e+00 0.00e+00   +nan  1.00 | 1.09e+00 1.27e-01 +0.074  1.00 | 1.3e+02 4.9e+00 2.857e+00
#7014  1434   1 | 1.13e+00 0.00e+00   +nan  1.00 | 1.05e+00 1.03e-01 +0.305  0.95 | 1.6e+02 4.2e+00 2.333e+00
#7015  3442   1 | 8.41e-01 0.00e+00   +nan  1.00 | 9.54e-01 1.16e-01 -0.052  1.03 | 1.3e+02 4.9e+00 1.641e+00
#7016  4195   1 | 1.12e+00 0.00e+00   +nan  1.00 | 1.06e+00 1.25e-01 +0.305  0.94 | 1.0e+02 5.0e+00 2.319e+00
#7017  4167   1 | 9.64e-01 0.00e+00   +nan  1.00 | 1.06e+00 1.43e-01 +0.277  0.94 | 1.2e+02 5.0e+00 1.998e+00
#7018  2992   1 | 8.97e-01 0.00e+00   +nan  1.00 | 9.15e-01 1.23e-01 -0.105  1.05 | 1.1e+02 4.8e+00 1.682e+00
#7019  2477   1 | 6.29e-01 0.00e+00   +nan  1.00 | 1.03e+00 1.18e-01 +0.012  1.01 | 1.4e+02 4.9e+00 1.465e+00
#7020  3035   1 | 7.47e-01 0.00e+00   +nan  1.00 | 9.49e-01 1.23e-01 +0.029  1.01 | 1.1e+02 4.9e+00 1.468e+00
#7021  2454   1 | 1.08e+00 0.00e+00   +nan  1.00 | 9.70e-01 9.37e-02 +0.046  1.00 | 1.5e+02 4.2e+00 2.098e+00
#7022  3035   1 | 5.67e-01 0.00e+00   +nan  1.00 | 1.04e+00 1.11e-01 +0.140  0.98 | 1.1e+02 4.8e+00 1.388e+00
#7023   418   1 | 5.45e-01 0.00e+00   +nan  1.00 | 1.03e+00 9.63e-02 +0.056  1.00 | 1.3e+02 4.6e+00 1.354e+00
#7024  3676   1 | 1.11e+00 0.00e+00   +nan  1.00 | 9.37e-01 9.41e-02 +0.198  0.97 | 1.1e+02 4.9e+00 2.085e+00
#7025   725   1 | 1.14e+00 0.00e+00   +nan  1.00 | 9.88e-01 1.17e-01 -0.109  1.04 | 1.4e+02 4.8e+00 2.319e+00
#7026   726   1 | 9.07e-01 0.00e+00   +nan  1.00 | 9.18e-01 1.29e-01 -0.010  1.02 | 1.4e+02 5.3e+00 1.684e+00
#7027  3934   1 | 1.08e+00 0.00e+00   +nan  1.00 | 9.80e-01 1.21e-01 +0.237  0.96 | 1.1e+02 5.2e+00 2.094e+00
#7028  2574   1 | 1.66e+00 0.00e+00   +nan  1.00 | 9.65e-01 1.13e-01 +0.067  1.00 | 1.4e+02 5.4e+00 3.675e+00
#7029   618   1 | 4.70e-01 0.00e+00   +nan  1.00 | 9.87e-01 1.05e-01 +0.142  0.98 | 1.4e+02 5.1e+00 1.177e+00
#7030  3230   1 | 8.37e-01 0.00e+00   +nan  1.00 | 9.54e-01 1.17e-01 -0.008  1.02 | 1.2e+02 5.0e+00 1.626e+00
#7031  1220   1 | 1.11e+00 0.00e+00   +nan  1.00 | 1.06e+00 1.06e-01 +0.063  1.00 | 1.4e+02 4.6e+00 2.345e+00
#7032  2761   1 | 9.66e-01 0.00e+00   +nan  1.00 | 9.60e-01 6.95e-02 -0.052  1.01 | 1.2e+02 4.3e+00 1.866e+00
#7033  2803   1 | 1.29e+00 0.00e+00   +nan  1.00 | 9.27e-01 1.06e-01 +0.153  0.98 | 1.2e+02 4.9e+00 2.511e+00
#7034   389   1 | 1.14e+00 0.00e+00   +nan  1.00 | 9.88e-01 1.05e-01 -0.111  1.04 | 1.4e+02 4.8e+00 2.315e+00
#7035  1952   1 | 8.55e-01 0.00e+00   +nan  1.00 | 9.10e-01 1.08e-01 -0.042  1.02 | 1.6e+02 5.1e+00 1.579e+00
#7036  3232   1 | 1.07e+00 0.00e+00   +nan  1.00 | 9.93e-01 1.07e-01 +0.084  0.99 | 1.3e+02 5.2e+00 2.128e+00
#7037   458   1 | 6.58e-01 0.00e+00   +nan  1.00 | 1.07e+00 9.44e-02 -0.076  1.02 | 1.3e+02 4.9e+00 1.601e+00
#7038   388   1 | 1.12e+00 0.00e+00   +nan  1.00 | 1.01e+00 8.69e-02 +0.078  0.99 | 1.4e+02 4.7e+00 2.267e+00
#7039  3066   1 | 9.84e-01 0.00e+00   +nan  1.00 | 1.04e+00 8.67e-02 +0.220  0.97 | 1.0e+02 4.8e+00 2.023e+00
#7040  1684   1 | 1.05e+00 0.00e+00   +nan  1.00 | 1.08e+00 9.39e-02 +0.237  0.97 | 1.7e+02 5.0e+00 2.231e+00
#7041  1859   1 | 8.26e-01 0.00e+00   +nan  1.00 | 9.42e-01 9.00e-02 +0.077  0.99 | 1.7e+02 5.2e+00 1.564e+00
#7042   623   1 | 5.53e-01 0.00e+00   +nan  1.00 | 1.04e+00 8.11e-02 -0.018  1.01 | 1.4e+02 4.7e+00 1.402e+00
#7043  3518   1 | 1.07e+00 0.00e+00   +nan  1.00 | 9.68e-01 1.03e-01 +0.226  0.96 | 1.0e+02 5.3e+00 2.053e+00
#7044  4503   1 | 1.30e+00 0.00e+00   +nan  1.00 | 9.64e-01 6.67e-02 +0.347  0.96 | 1.3e+02 4.4e+00 2.576e+00
#7045  2384   1 | 4.49e-01 0.00e+00   +nan  1.00 | 1.00e+00 9.40e-02 +0.072  1.00 | 1.2e+02 5.4e+00 1.200e+00
#7046   308   1 | 1.15e+00 0.00e+00   +nan  1.00 | 9.43e-01 8.52e-02 +0.020  1.00 | 1.3e+02 5.0e+00 2.205e+00
#7047  4028   1 | 9.59e-01 0.00e+00   +nan  1.00 | 1.06e+00 8.91e-02 +0.259  0.96 | 1.1e+02 4.8e+00 2.011e+00
#7048  3651   1 | 1.11e+00 0.00e+00   +nan  1.00 | 9.37e-01 8.30e-02 +0.132  0.98 | 1.1e+02 4.9e+00 2.096e+00
#7049  4852   1 | 1.37e+00 0.00e+00   +nan  1.00 | 1.03e+00 7.54e-02 +0.227  0.97 | 1.0e+02 4.8e+00 2.894e+00
#7050  2236   1 | 7.41e-01 0.00e+00   +nan  1.00 | 9.49e-01 7.75e-02 +0.031  1.00 | 1.4e+02 4.5e+00 1.452e+00
#7051  2977   1 | 9.71e-01 0.00e+00   +nan  1.00 | 1.02e+00 8.17e-02 +0.044  1.00 | 1.2e+02 4.6e+00 1.978e+00
#7052  1992   1 | 1.11e+00 0.00e+00   +nan  1.00 | 9.80e-01 8.47e-02 +0.114  0.99 | 1.5e+02 4.8e+00 2.182e+00
#7053  4835   1 | 9.40e-01 0.00e+00   +nan  1.00 | 1.07e+00 8.39e-02 +0.393  0.94 | 1.1e+02 4.6e+00 1.975e+00
#7054  1023   1 | 1.07e+00 0.00e+00   +nan  1.00 | 9.70e-01 9.41e-02 +0.032  1.00 | 1.5e+02 5.4e+00 2.092e+00
#7055   585   1 | 5.78e-01 0.00e+00   +nan  1.00 | 1.05e+00 8.29e-02 +0.123  0.99 | 1.3e+02 4.7e+00 1.427e+00
#7056  3941   1 | 9.84e-01 0.00e+00   +nan  1.00 | 1.07e+00 9.44e-02 +0.233  0.97 | 1.2e+02 4.9e+00 2.085e+00
#7057  1782   1 | 9.99e-01 0.00e+00   +nan  1.00 | 8.61e-01 9.77e-02 +0.168  0.97 | 1.7e+02 5.1e+00 1.720e+00
#7058  3824   1 | 1.20e+00 0.00e+00   +nan  1.00 | 9.89e-01 1.02e-01 +0.024  1.01 | 1.1e+02 4.8e+00 2.430e+00
#7059  4430   1 | 1.19e+00 0.00e+00   +nan  1.00 | 1.05e+00 1.05e-01 +0.179  0.97 | 1.3e+02 5.2e+00 2.509e+00
#7060  3467   1 | 1.17e+00 0.00e+00   +nan  1.00 | 1.17e+00 9.65e-02 +0.301  0.96 | 1.2e+02 4.8e+00 2.667e+00
#7061  1098   1 | 8.21e-01 0.00e+00   +nan  1.00 | 1.01e+00 9.96e-02 +0.029  1.00 | 1.6e+02 5.0e+00 1.705e+00
#7062  4412   1 | 1.09e+00 0.00e+00   +nan  1.00 | 9.82e-01 1.14e-01 +0.296  0.94 | 1.3e+02 5.5e+00 2.110e+00
#7063  4694   1 | 9.60e-01 0.00e+00   +nan  1.00 | 1.06e+00 1.16e-01 +0.240  0.96 | 1.1e+02 5.5e+00 1.996e+00
#7064   586   1 | 1.31e+00 0.00e+00   +nan  1.00 | 1.01e+00 1.11e-01 +0.136  0.98 | 1.4e+02 5.2e+00 2.727e+00
#7065  4491   1 | 1.23e+00 0.00e+00   +nan  1.00 | 1.10e+00 1.13e-01 +0.235  0.96 | 1.2e+02 5.0e+00 2.681e+00
#7066  2990   1 | 5.59e-01 0.00e+00   +nan  1.00 | 1.03e+00 1.12e-01 +0.117  0.99 | 1.1e+02 4.7e+00 1.357e+00
#7067  2609   1 | 1.10e+00 0.00e+00   +nan  1.00 | 1.02e+00 1.13e-01 +0.128  0.98 | 1.3e+02 4.9e+00 2.232e+00
#7068   801   1 | 1.29e+00 0.00e+00   +nan  1.00 | 1.08e+00 1.16e-01 +0.053  1.00 | 1.5e+02 5.3e+00 2.836e+00
#7069  2800   1 | 7.80e-01 0.00e+00   +nan  1.00 | 9.59e-01 1.18e-01 +0.156  0.98 | 1.2e+02 4.7e+00 1.507e+00
#7070   906   1 | 6.24e-01 0.00e+00   +nan  1.00 | 1.03e+00 1.10e-01 +0.035  1.00 | 1.4e+02 4.7e+00 1.451e+00
#7071  3879   1 | 1.04e+00 0.00e+00   +nan  1.00 | 1.03e+00 1.31e-01 +0.069  1.00 | 1.2e+02 4.9e+00 2.149e+00
#7072  3891   1 | 1.04e+00 0.00e+00   +nan  1.00 | 1.13e+00 1.22e-01 +0.134  0.98 | 1.0e+02 4.9e+00 2.345e+00
#7073   100   1 | 1.32e+00 0.00e+00   +nan  1.00 | 1.02e+00 1.62e-01 +0.050  1.01 | 1.2e+02 5.8e+00 2.787e+00
#7074    56   1 | 1.21e+00 0.00e+00   +nan  1.00 | 9.11e-01 1.39e-01 +0.083  1.00 | 1.4e+02 5.3e+00 2.288e+00
#7075   723   1 | 1.32e+00 0.00e+00   +nan  1.00 | 1.12e+00 1.57e-01 +0.088  0.99 | 1.4e+02 5.4e+00 3.000e+00
#7076  3229   1 | 7.11e-01 0.00e+00   +nan  1.00 | 1.00e+00 1.32e-01 +0.189  0.97 | 1.2e+02 5.1e+00 1.477e+00
#7077  2213   1 | 5.71e-01 0.00e+00   +nan  1.00 | 9.77e-01 1.15e-01 -0.147  1.05 | 1.5e+02 4.6e+00 1.327e+00
#7078  3260   1 | 1.29e+00 0.00e+00   +nan  1.00 | 1.09e+00 1.04e-01 +0.139  0.98 | 1.3e+02 4.4e+00 2.853e+00
#7079  4541   1 | 1.31e+00 0.00e+00   +nan  1.00 | 1.04e+00 1.18e-01 +0.228  0.96 | 1.2e+02 4.6e+00 2.756e+00
#7080  4268   1 | 7.28e-01 0.00e+00   +nan  1.00 | 9.46e-01 1.30e-01 +0.181  0.97 | 1.2e+02 4.9e+00 1.398e+00
#7081  2858   1 | 1.02e+00 0.00e+00   +nan  1.00 | 9.92e-01 1.20e-01 +0.104  0.99 | 1.1e+02 4.8e+00 2.016e+00
#7082  1012   1 | 1.10e+00 0.00e+00   +nan  1.00 | 1.08e+00 9.08e-02 +0.205  0.97 | 1.5e+02 4.1e+00 2.340e+00
#7083  4036   1 | 1.67e+00 0.00e+00   +nan  1.00 | 9.65e-01 1.13e-01 +0.144  0.98 | 1.3e+02 4.7e+00 3.699e+00
#7084  2796   1 | 5.17e-01 0.00e+00   +nan  1.00 | 9.97e-01 1.21e-01 +0.184  0.97 | 1.2e+02 4.7e+00 1.231e+00
#7085  2163   1 | 1.40e+00 0.00e+00   +nan  1.00 | 1.01e+00 1.25e-01 +0.051  1.00 | 1.6e+02 4.8e+00 2.996e+00
#7086  4895   1 | 4.67e-01 0.00e+00   +nan  1.00 | 9.87e-01 1.17e-01 +0.284  0.95 | 1.0e+02 5.0e+00 1.140e+00
#7087  2162   1 | 6.01e-01 0.00e+00   +nan  1.00 | 1.08e+00 1.25e-01 +0.059  1.00 | 1.5e+02 4.6e+00 1.536e+00
#7088  3779   1 | 1.02e+00 0.00e+00   +nan  1.00 | 9.45e-01 1.46e-01 +0.150  0.98 | 1.0e+02 5.0e+00 1.920e+00
#7089  1867   1 | 1.12e+00 0.00e+00   +nan  1.00 | 1.13e+00 1.17e-01 +0.135  0.98 | 1.6e+02 4.6e+00 2.514e+00
#7090   283   1 | 1.18e+00 0.00e+00   +nan  1.00 | 9.58e-01 1.10e-01 -0.063  1.03 | 1.2e+02 4.6e+00 2.334e+00
#7091  3464   1 | 8.93e-01 0.00e+00   +nan  1.00 | 9.51e-01 1.19e-01 +0.113  0.99 | 1.4e+02 4.8e+00 1.689e+00
#7092   176   1 | 9.07e-01 0.00e+00   +nan  1.00 | 9.18e-01 1.45e-01 +0.097  0.99 | 1.2e+02 5.3e+00 1.660e+00
#7093  4201   1 | 1.33e+00 0.00e+00   +nan  1.00 | 1.00e+00 1.24e-01 +0.270  0.95 | 1.2e+02 4.7e+00 2.724e+00
#7094  4997   1 | 1.11e+00 0.00e+00   +nan  1.00 | 1.04e+00 1.28e-01 +0.254  0.95 | 8.9e+01 4.9e+00 2.269e+00
#7095  1985   1 | 1.13e+00 0.00e+00   +nan  1.00 | 1.05e+00 1.43e-01 +0.238  0.95 | 1.6e+02 5.0e+00 2.332e+00
#7096  2444   1 | 1.07e+00 0.00e+00   +nan  1.00 | 9.97e-01 1.30e-01 +0.116  0.99 | 1.5e+02 5.2e+00 2.135e+00
#7097    11   1 | 8.89e-01 0.00e+00   +nan  1.00 | 9.15e-01 1.15e-01 +0.119  0.99 | 1.1e+02 4.5e+00 1.616e+00
#7098  2027   1 | 1.04e+00 0.00e+00   +nan  1.00 | 1.02e+00 1.34e-01 +0.097  0.99 | 1.7e+02 5.3e+00 2.113e+00
#7099  3775   1 | 4.98e-01 0.00e+00   +nan  1.00 | 1.12e+00 1.38e-01 +0.410  0.91 | 1.2e+02 5.1e+00 1.389e+00
#7100  1864   1 | 1.04e+00 0.00e+00   +nan  1.00 | 8.36e-01 1.38e-01 -0.053  1.04 | 1.6e+02 5.0e+00 1.816e+00
#7101  3877   1 | 7.36e-01 0.00e+00   +nan  1.00 | 1.09e+00 1.27e-01 +0.016  1.01 | 1.1e+02 4.5e+00 1.737e+00
#7102  2524   1 | 1.13e+00 0.00e+00   +nan  1.00 | 9.75e-01 1.27e-01 +0.037  1.01 | 1.5e+02 4.8e+00 2.245e+00
#7103  4969   1 | 9.69e-01 0.00e+00   +nan  1.00 | 1.03e+00 1.57e-01 +0.342  0.92 | 8.3e+01 5.3e+00 1.918e+00
#7104  3769   1 | 1.20e+00 0.00e+00   +nan  1.00 | 9.89e-01 1.43e-01 +0.115  0.99 | 1.3e+02 5.1e+00 2.413e+00
#7105  1893   1 | 1.04e+00 0.00e+00   +nan  1.00 | 1.02e+00 1.91e-01 +0.159  0.98 | 1.6e+02 5.6e+00 2.097e+00
#7106  3027   1 | 1.12e+00 0.00e+00   +nan  1.00 | 1.05e+00 1.47e-01 +0.204  0.96 | 1.2e+02 5.1e+00 2.313e+00
#7107   900   1 | 9.23e-01 0.00e+00   +nan  1.00 | 9.51e-01 1.36e-01 -0.123  1.06 | 1.4e+02 4.8e+00 1.806e+00
#7108  4764   1 | 9.85e-01 0.00e+00   +nan  1.00 | 9.45e-01 1.50e-01 +0.259  0.94 | 1.0e+02 4.9e+00 1.813e+00
#7109  3991   1 | 1.31e+00 0.00e+00   +nan  1.00 | 9.64e-01 1.12e-01 +0.128  0.98 | 1.3e+02 4.7e+00 2.621e+00
#7110   265   1 | 1.35e+00 0.00e+00   +nan  1.00 | 1.00e+00 1.32e-01 +0.022  1.01 | 1.4e+02 4.6e+00 2.830e+00
#7111   763   1 | 1.11e+00 0.00e+00   +nan  1.00 | 9.80e-01 1.30e-01 +0.248  0.95 | 1.4e+02 4.7e+00 2.155e+00
#7112  3227   1 | 1.11e+00 0.00e+00   +nan  1.00 | 1.06e+00 1.37e-01 +0.032  1.01 | 1.3e+02 4.7e+00 2.374e+00
#7113  4274   1 | 6.27e-01 0.00e+00   +nan  1.00 | 1.03e+00 1.52e-01 +0.188  0.97 | 1.3e+02 5.0e+00 1.415e+00
#7114  2853   1 | 1.19e+00 0.00e+00   +nan  1.00 | 1.05e+00 1.48e-01 +0.166  0.97 | 1.2e+02 4.9e+00 2.502e+00
#7115   528   1 | 7.38e-01 0.00e+00   +nan  1.00 | 9.49e-01 1.32e-01 +0.077  1.00 | 1.4e+02 4.7e+00 1.443e+00
#7116  1180   1 | 1.18e+00 0.00e+00   +nan  1.00 | 9.58e-01 1.58e-01 -0.076  1.05 | 1.4e+02 5.0e+00 2.355e+00
#7117  2768   1 | 1.02e+00 0.00e+00   +nan  1.00 | 9.92e-01 1.32e-01 -0.001  1.02 | 1.4e+02 4.9e+00 2.045e+00
#7118  1873   1 | 1.31e+00 0.00e+00   +nan  1.00 | 1.04e+00 1.28e-01 +0.136  0.98 | 1.6e+02 4.7e+00 2.761e+00
#7119  3167   1 | 1.28e+00 0.00e+00   +nan  1.00 | 1.08e+00 1.40e-01 +0.122  0.99 | 1.3e+02 5.0e+00 2.778e+00
#7120   374   1 | 1.31e+00 0.00e+00   +nan  1.00 | 1.01e+00 1.48e-01 +0.044  1.01 | 1.2e+02 5.3e+00 2.754e+00
#7121  2208   1 | 9.71e-01 0.00e+00   +nan  1.00 | 1.02e+00 1.44e-01 +0.033  1.01 | 1.6e+02 5.0e+00 1.989e+00
#7122  3285   1 | 1.30e+00 0.00e+00   +nan  1.00 | 1.12e+00 1.24e-01 +0.111  0.99 | 1.4e+02 4.7e+00 2.939e+00
#7123  1684   1 | 1.08e+00 0.00e+00   +nan  1.00 | 9.97e-01 1.17e-01 +0.082  0.99 | 1.8e+02 4.5e+00 2.147e+00
#7124  1479   1 | 1.08e+00 0.00e+00   +nan  1.00 | 9.68e-01 1.31e-01 +0.095  0.99 | 1.6e+02 5.0e+00 2.102e+00
#7125  3649   1 | 7.15e-01 0.00e+00   +nan  1.00 | 1.00e+00 1.27e-01 +0.071  1.00 | 1.2e+02 5.2e+00 1.515e+00
#7126   266   1 | 9.57e-01 0.00e+00   +nan  1.00 | 1.07e+00 1.30e-01 -0.045  1.03 | 1.4e+02 5.1e+00 2.100e+00
#7127  3498   1 | 9.86e-01 0.00e+00   +nan  1.00 | 1.07e+00 1.19e-01 +0.207  0.97 | 1.1e+02 5.0e+00 2.088e+00
#7128   324   1 | 1.38e+00 0.00e+00   +nan  1.00 | 1.03e+00 9.26e-02 +0.037  1.00 | 1.4e+02 4.5e+00 2.957e+00
#7129  4911   1 | 1.32e+00 0.00e+00   +nan  1.00 | 1.09e+00 1.25e-01 +0.235  0.96 | 1.1e+02 4.8e+00 2.882e+00
#7130  4037   1 | 1.05e+00 0.00e+00   +nan  1.00 | 1.03e+00 1.22e-01 +0.189  0.97 | 1.3e+02 5.2e+00 2.125e+00
#7131  1506   1 | 1.65e+00 0.00e+00   +nan  1.00 | 9.65e-01 1.23e-01 -0.017  1.02 | 1.7e+02 5.0e+00 3.687e+00
#7132  1338   1 | 1.11e+00 0.00e+00   +nan  1.00 | 1.02e+00 1.05e-01 +0.203  0.97 | 1.6e+02 4.5e+00 2.230e+00
#7133  3175   1 | 1.03e+00 0.00e+00   +nan  1.00 | 1.08e+00 1.13e-01 +0.334  0.94 | 1.1e+02 5.2e+00 2.159e+00
#7134  4964   1 | 9.69e-01 0.00e+00   +nan  1.00 | 1.03e+00 1.13e-01 +0.312  0.94 | 1.0e+02 4.7e+00 1.944e+00
#7135  4279   1 | 8.28e-01 0.00e+00   +nan  1.00 | 9.54e-01 1.12e-01 +0.181  0.97 | 1.2e+02 5.2e+00 1.568e+00
#7136  4455   1 | 9.65e-01 0.00e+00   +nan  1.00 | 9.60e-01 1.15e-01 +0.166  0.97 | 1.4e+02 4.6e+00 1.830e+00
#7137  2125   1 | 8.56e-01 0.00e+00   +nan  1.00 | 9.10e-01 1.39e-01 +0.023  1.02 | 1.6e+02 5.2e+00 1.574e+00
#7138  1073   1 | 1.08e+00 0.00e+00   +nan  1.00 | 1.04e+00 1.32e-01 -0.110  1.04 | 1.8e+02 4.9e+00 2.300e+00
#7139   606   1 | 1.15e+00 0.00e+00   +nan  1.00 | 9.43e-01 1.18e-01 +0.057  1.00 | 1.5e+02 4.9e+00 2.203e+00
#7140  2599   1 | 1.14e+00 0.00e+00   +nan  1.00 | 9.88e-01 1.30e-01 -0.144  1.06 | 1.6e+02 5.1e+00 2.324e+00
#7141  1417   1 | 1.08e+00 0.00e+00   +nan  1.00 | 9.93e-01 1.24e-01 +0.023  1.01 | 1.7e+02 5.4e+00 2.162e+00
#7142  1352   1 | 1.21e+00 0.00e+00   +nan  1.00 | 9.11e-01 1.16e-01 +0.166  0.97 | 1.8e+02 5.1e+00 2.266e+00
#7143  3688   1 | 1.10e+00 0.00e+00   +nan  1.00 | 1.08e+00 1.27e-01 +0.195  0.97 | 1.1e+02 5.3e+00 2.341e+00
#7144  2077   1 | 1.40e+00 0.00e+00   +nan  1.00 | 1.01e+00 1.16e-01 +0.080  0.99 | 1.5e+02 5.0e+00 2.988e+00
#7145  4337   1 | 8.35e-01 0.00e+00   +nan  1.00 | 1.01e+00 1.30e-01 +0.124  0.98 | 1.2e+02 5.1e+00 1.708e+00
#7146  4099   1 | 9.98e-01 0.00e+00   +nan  1.00 | 1.04e+00 1.39e-01 +0.150  0.98 | 1.0e+02 5.5e+00 2.059e+00
#7147  2145   1 | 5.14e-01 0.00e+00   +nan  1.00 | 9.97e-01 1.21e-01 +0.043  1.00 | 1.5e+02 4.9e+00 1.262e+00
#7148   613   1 | 4.94e-01 0.00e+00   +nan  1.00 | 1.12e+00 1.03e-01 +0.006  1.01 | 1.4e+02 5.1e+00 1.502e+00
#7149  2276   1 | 1.09e+00 0.00e+00   +nan  1.00 | 9.37e-01 1.00e-01 +0.047  1.00 | 1.5e+02 4.9e+00 2.070e+00
#7150  4865   1 | 1.17e+00 0.00e+00   +nan  1.00 | 9.75e-01 1.02e-01 +0.173  0.97 | 9.9e+01 4.6e+00 2.287e+00
#7151  2867   1 | 9.60e-01 0.00e+00   +nan  1.00 | 1.06e+00 9.17e-02 +0.234  0.97 | 1.2e+02 4.6e+00 2.016e+00
#7152  2976   1 | 9.09e-01 0.00e+00   +nan  1.00 | 9.18e-01 1.21e-01 +0.223  0.96 | 1.2e+02 5.2e+00 1.634e+00
#7153   793   1 | 5.46e-01 0.00e+00   +nan  1.00 | 1.03e+00 1.10e-01 +0.081  0.99 | 1.5e+02 5.1e+00 1.350e+00
#7154  1324   1 | 8.24e-01 0.00e+00   +nan  1.00 | 9.42e-01 9.26e-02 +0.107  0.99 | 1.5e+02 5.0e+00 1.556e+00
#7155  2038   1 | 6.00e-01 0.00e+00   +nan  1.00 | 1.08e+00 8.58e-02 +0.058  1.00 | 1.6e+02 4.3e+00 1.532e+00
#7156  2281   1 | 5.81e-01 0.00e+00   +nan  1.00 | 1.05e+00 9.82e-02 +0.131  0.98 | 1.4e+02 5.0e+00 1.427e+00
#7157  3948   1 | 8.05e-01 0.00e+00   +nan  1.00 | 9.59e-01 1.14e-01 +0.165  0.97 | 1.2e+02 5.2e+00 1.544e+00
#7158  3431   1 | 1.13e+00 0.00e+00   +nan  1.00 | 1.01e+00 1.02e-01 +0.062  1.00 | 1.5e+02 5.0e+00 2.284e+00
#7159  1935   1 | 1.04e+00 0.00e+00   +nan  1.00 | 8.36e-01 9.65e-02 +0.021  1.01 | 1.5e+02 4.8e+00 1.792e+00
#7160  2600   1 | 1.08e+00 0.00e+00   +nan  1.00 | 9.70e-01 7.32e-02 -0.084  1.02 | 1.5e+02 4.3e+00 2.117e+00
#7161  2596   1 | 8.94e-01 0.00e+00   +nan  1.00 | 9.15e-01 1.04e-01 +0.024  1.01 | 1.5e+02 4.8e+00 1.642e+00
#7162  4370   1 | 6.58e-01 0.00e+00   +nan  1.00 | 1.07e+00 1.08e-01 +0.177  0.97 | 1.2e+02 5.2e+00 1.548e+00
#7163  4455   1 | 1.30e+00 0.00e+00   +nan  1.00 | 9.27e-01 9.47e-02 +0.165  0.98 | 1.4e+02 4.8e+00 2.530e+00
#7164  3222   1 | 1.10e+00 0.00e+00   +nan  1.00 | 1.13e+00 1.06e-01 +0.020  1.00 | 1.1e+02 5.0e+00 2.503e+00
#7165   534   1 | 5.69e-01 0.00e+00   +nan  1.00 | 9.77e-01 8.29e-02 -0.079  1.02 | 1.2e+02 4.4e+00 1.298e+00
#7166  3038   1 | 5.67e-01 0.00e+00   +nan  1.00 | 1.04e+00 1.07e-01 +0.121  0.99 | 1.1e+02 5.2e+00 1.392e+00
#7167   305   1 | 4.70e-01 0.00e+00   +nan  1.00 | 9.87e-01 1.11e-01 +0.122  0.99 | 1.2e+02 5.2e+00 1.181e+00
#7168  4766   1 | 1.00e+00 0.00e+00   +nan  1.00 | 1.13e+00 9.55e-02 +0.161  0.98 | 1.1e+02 4.7e+00 2.268e+00
#7169  4133   1 | 1.23e+00 0.00e+00   +nan  1.00 | 1.10e+00 1.03e-01 +0.279  0.96 | 1.1e+02 4.8e+00 2.690e+00
#7170  1476   1 | 4.47e-01 0.00e+00   +nan  1.00 | 1.00e+00 1.05e-01 +0.053  1.00 | 1.5e+02 5.0e+00 1.203e+00
#7171   838   1 | 1.17e+00 0.00e+00   +nan  1.00 | 1.17e+00 9.07e-02 +0.034  1.00 | 1.4e+02 4.9e+00 2.736e+00
#7172  2638   1 | 9.75e-01 0.00e+00   +nan  1.00 | 1.06e+00 9.32e-02 +0.106  0.99 | 1.3e+02 4.7e+00 2.057e+00
#7173  3624   1 | 1.07e+00 0.00e+00   +nan  1.00 | 9.82e-01 9.97e-02 +0.082  0.99 | 1.1e+02 5.0e+00 2.107e+00
#7174  3171   1 | 1.00e+00 0.00e+00   +nan  1.00 | 8.61e-01 9.73e-02 +0.206  0.97 | 1.2e+02 4.7e+00 1.721e+00
#7175  3081   1 | 7.34e-01 0.00e+00   +nan  1.00 | 9.46e-01 1.10e-01 +0.025  1.01 | 1.1e+02 4.9e+00 1.441e+00
#7176   391   1 | 7.04e-01 0.00e+00   +nan  1.00 | 1.09e+00 1.09e-01 +0.024  1.01 | 1.4e+02 5.1e+00 1.686e+00
#7177  2244   1 | 1.32e+00 0.00e+00   +nan  1.00 | 1.02e+00 9.99e-02 -0.106  1.03 | 1.5e+02 4.8e+00 2.807e+00
#7178  4698   1 | 1.03e+00 0.00e+00   +nan  1.00 | 8.36e-01 1.24e-01 +0.393  0.91 | 1.0e+02 5.4e+00 1.702e+00
#7179  1806   1 | 1.09e+00 0.00e+00   +nan  1.00 | 9.37e-01 9.28e-02 +0.084  0.99 | 1.7e+02 4.8e+00 2.058e+00
#7180  3173   1 | 1.13e+00 0.00e+00   +nan  1.00 | 1.01e+00 8.62e-02 +0.147  0.98 | 1.1e+02 4.5e+00 2.264e+00
#7181  3430   1 | 1.29e+00 0.00e+00   +nan  1.00 | 1.04e+00 1.15e-01 +0.012  1.01 | 1.5e+02 5.5e+00 2.759e+00
#7182  1590   1 | 9.64e-01 0.00e+00   +nan  1.00 | 1.03e+00 1.08e-01 -0.029  1.02 | 1.6e+02 4.9e+00 2.012e+00
#7183  3717   1 | 6.48e-01 0.00e+00   +nan  1.00 | 1.03e+00 9.34e-02 +0.106  0.99 | 1.1e+02 4.9e+00 1.467e+00
#7184   297   1 | 1.21e+00 0.00e+00   +nan  1.00 | 9.11e-01 1.05e-01 +0.145  0.98 | 1.2e+02 5.4e+00 2.273e+00
#7185   231   1 | 1.30e+00 0.00e+00   +nan  1.00 | 9.64e-01 8.53e-02 +0.125  0.99 | 1.3e+02 4.4e+00 2.594e+00
#7186   889   1 | 7.28e-01 0.00e+00   +nan  1.00 | 9.46e-01 9.07e-02 -0.013  1.01 | 1.5e+02 4.7e+00 1.436e+00
#7187  3559   1 | 1.05e+00 0.00e+00   +nan  1.00 | 1.03e+00 1.23e-01 +0.059  1.00 | 1.2e+02 5.3e+00 2.158e+00
#7188  2621   1 | 8.31e-01 0.00e+00   +nan  1.00 | 9.42e-01 8.81e-02 +0.202  0.97 | 1.3e+02 4.6e+00 1.552e+00
#7189  4973   1 | 8.00e-01 0.00e+00   +nan  1.00 | 1.01e+00 9.66e-02 +0.306  0.95 | 1.0e+02 5.0e+00 1.616e+00
#7190   388   1 | 9.75e-01 0.00e+00   +nan  1.00 | 1.04e+00 9.84e-02 +0.113  0.99 | 1.4e+02 4.5e+00 2.023e+00
#7191   637   1 | 8.53e-01 0.00e+00   +nan  1.00 | 9.10e-01 9.47e-02 -0.199  1.05 | 1.3e+02 4.7e+00 1.598e+00
#7192  3419   1 | 1.05e+00 0.00e+00   +nan  1.00 | 1.04e+00 7.70e-02 +0.008  1.00 | 1.4e+02 4.3e+00 2.194e+00
#7193  1176   1 | 1.00e+00 0.00e+00   +nan  1.00 | 1.07e+00 1.05e-01 +0.246  0.96 | 1.5e+02 5.6e+00 2.115e+00
#7194   577   1 | 7.38e-01 0.00e+00   +nan  1.00 | 9.49e-01 9.03e-02 +0.058  1.00 | 1.2e+02 4.8e+00 1.444e+00
#7195  3303   1 | 7.89e-01 0.00e+00   +nan  1.00 | 9.59e-01 8.85e-02 +0.105  0.99 | 1.1e+02 4.7e+00 1.532e+00
#7196  4268   1 | 1.30e+00 0.00e+00   +nan  1.00 | 9.27e-01 9.29e-02 +0.194  0.97 | 1.2e+02 4.6e+00 2.518e+00
#7197   975   1 | 1.22e+00 0.00e+00   +nan  1.00 | 1.10e+00 7.25e-02 +0.158  0.98 | 1.4e+02 4.3e+00 2.695e+00
#7198  3549   1 | 1.03e+00 0.00e+00   +nan  1.00 | 1.02e+00 8.91e-02 +0.175  0.98 | 1.2e+02 4.6e+00 2.066e+00
#7199  4796   1 | 1.32e+00 0.00e+00   +nan  1.00 | 1.02e+00 1.19e-01 +0.203  0.97 | 1.1e+02 5.9e+00 2.735e+00
#7200  3683   1 | 1.10e+00 0.00e+00   +nan  1.00 | 1.05e+00 1.15e-01 +0.299  0.95 | 1.1e+02 5.3e+00 2.254e+00
#7201  2819   1 | 4.96e-01 0.00e+00   +nan  1.00 | 1.12e+00 1.17e-01 +0.147  0.98 | 1.3e+02 5.2e+00 1.470e+00
#7202  4125   1 | 1.42e+00 0.00e+00   +nan  1.00 | 1.01e+00 1.12e-01 +0.239  0.96 | 1.2e+02 4.7e+00 2.985e+00
#7203  2059   1 | 7.08e-01 0.00e+00   +nan  1.00 | 1.09e+00 7.91e-02 +0.078  0.99 | 1.6e+02 4.2e+00 1.678e+00
#7204  3060   1 | 1.08e+00 0.00e+00   +nan  1.00 | 9.68e-01 8.32e-02 +0.020  1.00 | 1.1e+02 4.2e+00 2.101e+00
#7205   608   1 | 1.07e+00 0.00e+00   +nan  1.00 | 9.70e-01 1.01e-01 +0.052  1.00 | 1.4e+02 4.8e+00 2.088e+00
#7206   538   1 | 1.08e+00 0.00e+00   +nan  1.00 | 9.97e-01 1.07e-01 +0.056  1.00 | 1.3e+02 4.6e+00 2.155e+00
#7207  1029   1 | 1.14e+00 0.00e+00   +nan  1.00 | 9.88e-01 1.02e-01 -0.191  1.05 | 1.4e+02 4.7e+00 2.328e+00
#7208  1244   1 | 1.31e+00 0.00e+00   +nan  1.00 | 1.01e+00 1.16e-01 +0.179  0.97 | 1.5e+02 4.9e+00 2.714e+00
#7209  1407   1 | 5.13e-01 0.00e+00   +nan  1.00 | 9.97e-01 1.13e-01 +0.058  1.00 | 1.5e+02 4.9e+00 1.256e+00
#7210  2220   1 | 8.91e-01 0.00e+00   +nan  1.00 | 9.15e-01 1.07e-01 +0.010  1.01 | 1.5e+02 5.0e+00 1.641e+00
#7211  2277   1 | 1.14e+00 0.00e+00   +nan  1.00 | 9.75e-01 1.01e-01 -0.090  1.03 | 1.5e+02 4.7e+00 2.272e+00
#7212  2421   1 | 1.38e+00 0.00e+00   +nan  1.00 | 1.03e+00 1.26e-01 +0.079  1.00 | 1.4e+02 5.4e+00 2.961e+00
#7213  2971   1 | 1.10e+00 0.00e+00   +nan  1.00 | 9.80e-01 1.14e-01 +0.135  0.98 | 1.1e+02 4.9e+00 2.156e+00
#7214  1706   1 | 4.70e-01 0.00e+00   +nan  1.00 | 9.87e-01 8.39e-02 +0.272  0.96 | 1.8e+02 4.5e+00 1.158e+00
#7215   252   1 | 6.58e-01 0.00e+00   +nan  1.00 | 1.07e+00 1.18e-01 -0.182  1.05 | 1.3e+02 5.2e+00 1.637e+00
#7216  2446   1 | 7.04e-01 0.00e+00   +nan  1.00 | 1.00e+00 1.05e-01 +0.144  0.98 | 1.5e+02 4.9e+00 1.481e+00
#7217  1427   1 | 9.99e-01 0.00e+00   +nan  1.00 | 9.45e-01 1.12e-01 +0.158  0.98 | 1.6e+02 5.2e+00 1.870e+00
#7218  2002   1 | 1.29e+00 0.00e+00   +nan  1.00 | 1.08e+00 9.30e-02 -0.032  1.01 | 1.6e+02 4.8e+00 2.842e+00
#7219  4930   1 | 1.03e+00 0.00e+00   +nan  1.00 | 9.92e-01 7.59e-02 +0.254  0.97 | 1.0e+02 4.6e+00 2.006e+00
#7220   969   1 | 1.20e+00 0.00e+00   +nan  1.00 | 1.05e+00 1.07e-01 +0.189  0.97 | 1.6e+02 5.1e+00 2.533e+00
#7221  4733   1 | 4.41e-01 0.00e+00   +nan  1.00 | 1.00e+00 9.46e-02 +0.362  0.94 | 1.2e+02 4.8e+00 1.138e+00
#7222   470   1 | 9.23e-01 0.00e+00   +nan  1.00 | 9.51e-01 8.54e-02 -0.048  1.02 | 1.3e+02 4.9e+00 1.771e+00
#7223  3895   1 | 1.06e+00 0.00e+00   +nan  1.00 | 9.82e-01 1.01e-01 +0.238  0.96 | 1.1e+02 5.0e+00 2.061e+00
#7224   933   1 | 5.69e-01 0.00e+00   +nan  1.00 | 9.77e-01 1.09e-01 -0.092  1.03 | 1.5e+02 4.9e+00 1.310e+00
#7225  3776   1 | 1.07e+00 0.00e+00   +nan  1.00 | 9.93e-01 1.05e-01 +0.260  0.96 | 1.1e+02 4.5e+00 2.079e+00
#7226  4839   1 | 1.09e+00 0.00e+00   +nan  1.00 | 1.08e+00 9.60e-02 +0.280  0.96 | 9.6e+01 4.9e+00 2.314e+00
#7227   219   1 | 1.32e+00 0.00e+00   +nan  1.00 | 1.12e+00 9.94e-02 +0.046  1.00 | 1.2e+02 5.1e+00 3.007e+00
#7228  2210   1 | 5.80e-01 0.00e+00   +nan  1.00 | 1.05e+00 1.05e-01 +0.055  1.00 | 1.6e+02 5.0e+00 1.443e+00
#7229  2461   1 | 1.00e+00 0.00e+00   +nan  1.00 | 8.61e-01 1.13e-01 +0.056  1.00 | 1.5e+02 5.2e+00 1.743e+00
#7230  4823   1 | 5.37e-01 0.00e+00   +nan  1.00 | 1.04e+00 8.86e-02 +0.456  0.93 | 1.1e+02 4.5e+00 1.299e+00
#7231  3814   1 | 1.32e+00 0.00e+00   +nan  1.00 | 1.00e+00 1.09e-01 +0.230  0.96 | 1.2e+02 4.8e+00 2.712e+00
#7232     5   1 | 1.17e+00 0.00e+00   +nan  1.00 | 1.17e+00 1.05e-01 +0.176  0.98 | 1.1e+02 5.0e+00 2.705e+00
#7233  4388   1 | 5.97e-01 0.00e+00   +nan  1.00 | 1.08e+00 1.08e-01 +0.125  0.99 | 1.3e+02 4.9e+00 1.514e+00
#7234  1599   1 | 1.30e+00 0.00e+00   +nan  1.00 | 1.09e+00 1.04e-01 +0.098  0.99 | 1.7e+02 4.8e+00 2.889e+00
#7235  2542   1 | 1.04e+00 0.00e+00   +nan  1.00 | 1.08e+00 1.71e-01 +0.277  0.94 | 1.4e+02 6.0e+00 2.181e+00
#7236   337   1 | 8.26e-01 0.00e+00   +nan  1.00 | 9.54e-01 1.41e-01 -0.048  1.04 | 1.3e+02 5.2e+00 1.624e+00
#7237  3689   1 | 1.09e+00 0.00e+00   +nan  1.00 | 1.13e+00 1.19e-01 +0.135  0.98 | 1.1e+02 4.8e+00 2.444e+00
#7238   482   1 | 9.69e-01 0.00e+00   +nan  1.00 | 1.06e+00 1.26e-01 +0.151  0.98 | 1.3e+02 5.1e+00 2.035e+00
#7239  3202   1 | 1.03e+00 0.00e+00   +nan  1.00 | 1.13e+00 1.41e-01 +0.080  1.00 | 1.3e+02 5.4e+00 2.336e+00
#7240  4457   1 | 1.14e+00 0.00e+00   +nan  1.00 | 9.43e-01 1.01e-01 +0.259  0.96 | 1.4e+02 4.6e+00 2.158e+00
#7241  1996   1 | 9.62e-01 0.00e+00   +nan  1.00 | 9.60e-01 1.15e-01 -0.028  1.02 | 1.7e+02 4.4e+00 1.866e+00
#7242  2864   1 | 9.71e-01 0.00e+00   +nan  1.00 | 1.02e+00 1.17e-01 -0.016  1.02 | 1.3e+02 4.7e+00 1.996e+00
#7243  1240   1 | 1.11e+00 0.00e+00   +nan  1.00 | 1.02e+00 1.38e-01 +0.241  0.95 | 1.5e+02 4.9e+00 2.214e+00
#7244  2657   1 | 1.66e+00 0.00e+00   +nan  1.00 | 9.65e-01 1.00e-01 -0.022  1.02 | 1.5e+02 4.8e+00 3.693e+00
#7245   436   1 | 1.18e+00 0.00e+00   +nan  1.00 | 9.58e-01 1.23e-01 -0.071  1.03 | 1.4e+02 4.8e+00 2.340e+00
#7246  3027   1 | 1.11e+00 0.00e+00   +nan  1.00 | 1.06e+00 1.18e-01 +0.049  1.00 | 1.2e+02 5.2e+00 2.362e+00
#7247  4087   1 | 5.63e-01 0.00e+00   +nan  1.00 | 1.03e+00 1.24e-01 +0.109  0.99 | 1.1e+02 4.7e+00 1.363e+00
#7248   153   1 | 9.07e-01 0.00e+00   +nan  1.00 | 9.18e-01 9.63e-02 +0.024  1.01 | 1.3e+02 4.7e+00 1.670e+00
#7249  4723   1 | 9.44e-01 0.00e+00   +nan  1.00 | 1.07e+00 1.31e-01 +0.265  0.95 | 1.1e+02 5.3e+00 1.988e+00
#7250  3010   1 | 9.59e-01 0.00e+00   +nan  1.00 | 1.06e+00 1.01e-01 +0.235  0.96 | 1.2e+02 4.5e+00 2.012e+00
#7251  4814   1 | 1.25e+00 0.00e+00   +nan  1.00 | 9.89e-01 1.20e-01 +0.307  0.94 | 1.0e+02 4.8e+00 2.479e+00
#7252  2791   1 | 1.10e+00 0.00e+00   +nan  1.00 | 9.37e-01 1.15e-01 +0.145  0.98 | 1.3e+02 4.9e+00 2.059e+00
#7253  1794   1 | 1.04e+00 0.00e+00   +nan  1.00 | 8.36e-01 1.33e-01 -0.100  1.06 | 1.8e+02 4.8e+00 1.825e+00
#7254  3447   1 | 1.07e+00 0.00e+00   +nan  1.00 | 9.93e-01 1.03e-01 +0.134  0.98 | 1.3e+02 4.7e+00 2.112e+00
#7255  1279   1 | 1.32e+00 0.00e+00   +nan  1.00 | 1.12e+00 1.30e-01 +0.240  0.96 | 1.5e+02 5.1e+00 2.951e+00
#7256  3754   1 | 8.44e-01 0.00e+00   +nan  1.00 | 9.54e-01 1.28e-01 +0.137  0.98 | 1.0e+02 5.2e+00 1.605e+00
#7257  3250   1 | 5.72e-01 0.00e+00   +nan  1.00 | 1.04e+00 1.28e-01 +0.215  0.96 | 1.2e+02 5.3e+00 1.372e+00
#7258  4299   1 | 1.12e+00 0.00e+00   +nan  1.00 | 9.75e-01 1.24e-01 +0.019  1.01 | 1.3e+02 4.6e+00 2.221e+00
#7259  3103   1 | 1.30e+00 0.00e+00   +nan  1.00 | 1.09e+00 1.28e-01 +0.231  0.96 | 1.3e+02 5.1e+00 2.831e+00
#7260   457   1 | 1.30e+00 0.00e+00   +nan  1.00 | 9.27e-01 1.40e-01 +0.118  0.99 | 1.3e+02 5.0e+00 2.528e+00
#7261  3785   1 | 1.07e+00 0.00e+00   +nan  1.00 | 9.97e-01 1.05e-01 +0.229  0.96 | 1.3e+02 4.7e+00 2.094e+00
#7262  2218   1 | 1.31e+00 0.00e+00   +nan  1.00 | 1.01e+00 1.25e-01 +0.131  0.98 | 1.5e+02 4.9e+00 2.714e+00
#7263  2935   1 | 5.58e-01 0.00e+00   +nan  1.00 | 1.03e+00 1.32e-01 +0.070  1.00 | 1.3e+02 4.4e+00 1.369e+00
#7264  2140   1 | 1.02e+00 0.00e+00   +nan  1.00 | 9.92e-01 1.16e-01 +0.004  1.01 | 1.7e+02 4.8e+00 2.043e+00
#7265  3156   1 | 8.68e-01 0.00e+00   +nan  1.00 | 9.10e-01 1.64e-01 +0.093  1.00 | 1.2e+02 5.4e+00 1.581e+00
#7266   623   1 | 1.05e+00 0.00e+00   +nan  1.00 | 1.08e+00 1.32e-01 +0.023  1.01 | 1.4e+02 5.4e+00 2.287e+00
#7267  3033   1 | 1.12e+00 0.00e+00   +nan  1.00 | 1.05e+00 1.16e-01 +0.217  0.96 | 1.3e+02 4.7e+00 2.314e+00
#7268  1163   1 | 1.38e+00 0.00e+00   +nan  1.00 | 1.03e+00 1.16e-01 +0.021  1.01 | 1.5e+02 4.9e+00 2.965e+00
#7269  2407   1 | 1.18e+00 0.00e+00   +nan  1.00 | 9.58e-01 1.06e-01 -0.009  1.01 | 1.4e+02 4.7e+00 2.320e+00
#7270  4516   1 | 1.20e+00 0.00e+00   +nan  1.00 | 1.05e+00 1.15e-01 +0.262  0.95 | 1.2e+02 4.4e+00 2.509e+00
#7271  1658   1 | 9.21e-01 0.00e+00   +nan  1.00 | 9.51e-01 1.47e-01 +0.118  0.99 | 1.7e+02 5.3e+00 1.741e+00
#7272  1486   1 | 1.04e+00 0.00e+00   +nan  1.00 | 1.02e+00 9.81e-02 +0.053  1.00 | 1.7e+02 4.5e+00 2.124e+00
#7273   994   1 | 5.96e-01 0.00e+00   +nan  1.00 | 1.08e+00 9.72e-02 +0.091  0.99 | 1.5e+02 4.5e+00 1.521e+00
#7274  1498   1 | 1.11e+00 0.00e+00   +nan  1.00 | 1.06e+00 1.27e-01 +0.066  1.00 | 1.7e+02 4.9e+00 2.346e+00
#7275  3812   1 | 1.14e+00 0.00e+00   +nan  1.00 | 9.43e-01 1.31e-01 +0.112  0.99 | 1.2e+02 5.3e+00 2.177e+00
#7276   256   1 | 8.89e-01 0.00e+00   +nan  1.00 | 9.15e-01 1.25e-01 +0.030  1.01 | 1.3e+02 5.1e+00 1.636e+00
#7277  2647   1 | 7.43e-01 0.00e+00   +nan  1.00 | 9.49e-01 1.32e-01 +0.036  1.01 | 1.4e+02 5.5e+00 1.463e+00
#7278   716   1 | 1.23e+00 0.00e+00   +nan  1.00 | 9.89e-01 9.85e-02 +0.031  1.00 | 1.5e+02 4.4e+00 2.503e+00
#7279  4593   1 | 1.22e+00 0.00e+00   +nan  1.00 | 1.10e+00 1.36e-01 +0.283  0.95 | 1.1e+02 4.8e+00 2.651e+00
#7280  3922   1 | 1.08e+00 0.00e+00   +nan  1.00 | 1.02e+00 1.34e-01 +0.249  0.95 | 1.2e+02 4.9e+00 2.157e+00
#7281  4781   1 | 5.07e-01 0.00e+00   +nan  1.00 | 9.97e-01 1.44e-01 +0.165  0.97 | 1.1e+02 5.2e+00 1.224e+00
#7282  3656   1 | 1.07e+00 0.00e+00   +nan  1.00 | 9.82e-01 1.16e-01 +0.229  0.96 | 1.1e+02 4.7e+00 2.072e+00
#7283  2849   1 | 9.82e-01 0.00e+00   +nan  1.00 | 1.04e+00 8.87e-02 +0.218  0.97 | 1.3e+02 4.4e+00 2.018e+00
#7284   452   1 | 1.08e+00 0.00e+00   +nan  1.00 | 9.68e-01 1.19e-01 -0.020  1.02 | 1.3e+02 5.1e+00 2.130e+00
#7285  4525   1 | 9.69e-01 0.00e+00   +nan  1.00 | 1.06e+00 1.25e-01 +0.233  0.96 | 1.3e+02 4.7e+00 2.012e+00
#7286  2185   1 | 1.08e+00 0.00e+00   +nan  1.00 | 1.04e+00 1.31e-01 +0.016  1.01 | 1.7e+02 4.9e+00 2.254e+00
#7287  4189   1 | 8.47e-01 0.00e+00   +nan  1.00 | 9.42e-01 1.09e-01 +0.174  0.97 | 1.2e+02 4.8e+00 1.580e+00
#7288  4913   1 | 4.92e-01 0.00e+00   +nan  1.00 | 1.12e+00 1.25e-01 +0.414  0.92 | 1.1e+02 5.3e+00 1.390e+00
#7289  4935   1 | 1.17e+00 0.00e+00   +nan  1.00 | 1.17e+00 1.26e-01 +0.231  0.96 | 1.0e+02 4.7e+00 2.682e+00
#7290  2125   1 | 4.71e-01 0.00e+00   +nan  1.00 | 9.87e-01 1.34e-01 +0.188  0.97 | 1.6e+02 5.1e+00 1.165e+00
#7291  2479   1 | 1.40e+00 0.00e+00   +nan  1.00 | 1.01e+00 1.26e-01 +0.057  1.00 | 1.5e+02 4.8e+00 2.997e+00
#7292  1312   1 | 9.71e-01 0.00e+00   +nan  1.00 | 1.02e+00 1.14e-01 -0.009  1.01 | 1.5e+02 4.6e+00 1.994e+00
#7293  1913   1 | 1.66e+00 0.00e+00   +nan  1.00 | 9.65e-01 1.43e-01 +0.012  1.02 | 1.7e+02 5.3e+00 3.687e+00
#7294  1673   1 | 1.34e+00 0.00e+00   +nan  1.00 | 1.00e+00 1.50e-01 +0.009  1.02 | 1.8e+02 5.2e+00 2.833e+00
#7295  2939   1 | 1.10e+00 0.00e+00   +nan  1.00 | 1.08e+00 1.39e-01 +0.193  0.97 | 1.3e+02 5.4e+00 2.335e+00
#7296  1721   1 | 1.14e+00 0.00e+00   +nan  1.00 | 9.88e-01 1.22e-01 -0.105  1.04 | 1.9e+02 4.9e+00 2.317e+00
#7297  2944   1 | 1.28e+00 0.00e+00   +nan  1.00 | 1.08e+00 1.39e-01 +0.094  0.99 | 1.2e+02 5.2e+00 2.797e+00
#7298  4122   1 | 1.02e+00 0.00e+00   +nan  1.00 | 9.45e-01 1.41e-01 +0.133  0.98 | 1.2e+02 5.0e+00 1.921e+00
#7299  1873   1 | 1.29e+00 0.00e+00   +nan  1.00 | 9.64e-01 1.31e-01 +0.282  0.94 | 1.6e+02 5.1e+00 2.553e+00
#7300  2564   1 | 1.20e+00 0.00e+00   +nan  1.00 | 9.11e-01 1.39e-01 +0.237  0.95 | 1.4e+02 4.9e+00 2.228e+00
#7301   615   1 | 6.23e-01 0.00e+00   +nan  1.00 | 1.03e+00 1.19e-01 -0.040  1.02 | 1.4e+02 4.9e+00 1.471e+00
#7302  4731   1 | 9.43e-01 0.00e+00   +nan  1.00 | 1.07e+00 1.18e-01 +0.388  0.93 | 1.2e+02 4.8e+00 1.960e+00
#7303  2143   1 | 1.12e+00 0.00e+00   +nan  1.00 | 1.01e+00 1.27e-01 +0.122  0.99 | 1.5e+02 4.7e+00 2.259e+00
#7304  2794   1 | 1.10e+00 0.00e+00   +nan  1.00 | 9.80e-01 1.26e-01 +0.015  1.01 | 1.4e+02 4.8e+00 2.191e+00
#7305  4609   1 | 7.24e-01 0.00e+00   +nan  1.00 | 9.46e-01 1.27e-01 +0.133  0.98 | 1.2e+02 5.1e+00 1.404e+00
#7306  2706   1 | 8.29e-01 0.00e+00   +nan  1.00 | 1.01e+00 1.22e-01 -0.116  1.04 | 1.3e+02 4.8e+00 1.757e+00
#7307  2575   1 | 9.97e-01 0.00e+00   +nan  1.00 | 1.07e+00 1.19e-01 +0.204  0.97 | 1.3e+02 4.9e+00 2.111e+00
#7308  2111   1 | 1.07e+00 0.00e+00   +nan  1.00 | 9.70e-01 1.32e-01 +0.028  1.01 | 1.7e+02 5.2e+00 2.104e+00
#7309  2115   1 | 1.02e+00 0.00e+00   +nan  1.00 | 1.13e+00 1.25e-01 +0.057  1.00 | 1.6e+02 5.1e+00 2.322e+00
#7310  3665   1 | 6.58e-01 0.00e+00   +nan  1.00 | 1.07e+00 1.30e-01 +0.161  0.98 | 1.0e+02 5.0e+00 1.550e+00
#7311   897   1 | 9.07e-01 0.00e+00   +nan  1.00 | 9.18e-01 1.14e-01 +0.043  1.00 | 1.5e+02 5.2e+00 1.669e+00
#7312  1824   1 | 5.79e-01 0.00e+00   +nan  1.00 | 1.05e+00 1.45e-01 +0.023  1.01 | 1.4e+02 5.4e+00 1.457e+00
#7313  4461   1 | 1.12e+00 0.00e+00   +nan  1.00 | 1.13e+00 1.41e-01 +0.276  0.95 | 1.3e+02 5.6e+00 2.466e+00
#7314   417   1 | 9.60e-01 0.00e+00   +nan  1.00 | 9.60e-01 1.10e-01 -0.109  1.04 | 1.3e+02 4.5e+00 1.879e+00
#7315  2593   1 | 9.62e-01 0.00e+00   +nan  1.00 | 1.03e+00 1.48e-01 +0.029  1.01 | 1.5e+02 5.3e+00 2.002e+00
#7316  4414   1 | 1.31e+00 0.00e+00   +nan  1.00 | 1.04e+00 1.17e-01 +0.129  0.98 | 1.4e+02 4.6e+00 2.769e+00
#7317  1398   1 | 5.69e-01 0.00e+00   +nan  1.00 | 9.77e-01 1.15e-01 +0.008  1.01 | 1.7e+02 5.4e+00 1.290e+00
#7318  4503   1 | 4.43e-01 0.00e+00   +nan  1.00 | 1.00e+00 1.19e-01 +0.202  0.97 | 1.3e+02 5.2e+00 1.165e+00
#7319  1710   1 | 9.99e-01 0.00e+00   +nan  1.00 | 8.61e-01 1.27e-01 +0.163  0.97 | 1.7e+02 4.7e+00 1.719e+00
#7320  3186   1 | 7.22e-01 0.00e+00   +nan  1.00 | 1.09e+00 1.11e-01 +0.188  0.97 | 1.3e+02 5.1e+00 1.672e+00
#7321  4123   1 | 7.06e-01 0.00e+00   +nan  1.00 | 1.00e+00 1.30e-01 +0.252  0.95 | 1.2e+02 5.5e+00 1.454e+00
#7322  1055   1 | 7.71e-01 0.00e+00   +nan  1.00 | 9.59e-01 1.21e-01 +0.091  0.99 | 1.6e+02 4.8e+00 1.507e+00
#7323    83   1 | 1.07e+00 0.00e+00   +nan  1.00 | 1.03e+00 1.24e-01 +0.105  0.99 | 1.2e+02 5.4e+00 2.192e+00
#7324  1483   1 | 9.64e-01 0.00e+00   +nan  1.00 | 1.06e+00 1.13e-01 +0.109  0.99 | 1.6e+02 5.0e+00 2.047e+00
#7325   885   1 | 1.32e+00 0.00e+00   +nan  1.00 | 1.02e+00 1.23e-01 +0.036  1.01 | 1.6e+02 5.0e+00 2.782e+00
#7326  4428   1 | 1.03e+00 0.00e+00   +nan  1.00 | 9.92e-01 1.18e-01 +0.201  0.97 | 1.3e+02 4.9e+00 2.013e+00
#7327  4135   1 | 1.07e+00 0.00e+00   +nan  1.00 | 9.93e-01 1.18e-01 +0.155  0.98 | 1.1e+02 5.0e+00 2.116e+00
#7328  1572   1 | 4.95e-01 0.00e+00   +nan  1.00 | 1.12e+00 9.20e-02 +0.124  0.99 | 1.6e+02 4.7e+00 1.476e+00
#7329  3046   1 | 1.17e+00 0.00e+00   +nan  1.00 | 1.17e+00 9.37e-02 +0.244  0.97 | 1.1e+02 4.6e+00 2.685e+00
#7330  1993   1 | 8.26e-01 0.00e+00   +nan  1.00 | 9.42e-01 1.07e-01 +0.033  1.01 | 1.6e+02 4.7e+00 1.575e+00
#7331  2857   1 | 1.07e+00 0.00e+00   +nan  1.00 | 9.97e-01 1.09e-01 +0.093  0.99 | 1.1e+02 4.8e+00 2.136e+00
#7332  1243   1 | 1.10e+00 0.00e+00   +nan  1.00 | 1.08e+00 1.15e-01 +0.154  0.98 | 1.5e+02 5.1e+00 2.346e+00
#7333  1599   1 | 1.02e+00 0.00e+00   +nan  1.00 | 1.13e+00 1.30e-01 +0.064  1.00 | 1.7e+02 4.8e+00 2.318e+00
#7334  3349   1 | 7.36e-01 0.00e+00   +nan  1.00 | 9.46e-01 1.15e-01 +0.109  0.99 | 1.2e+02 4.9e+00 1.427e+00
#7335    74   1 | 1.31e+00 0.00e+00   +nan  1.00 | 1.09e+00 9.34e-02 -0.020  1.01 | 1.0e+02 4.5e+00 2.919e+00
#7336  1463   1 | 5.69e-01 0.00e+00   +nan  1.00 | 9.77e-01 1.33e-01 +0.093  0.99 | 1.6e+02 5.2e+00 1.273e+00
#7337  4846   1 | 1.37e+00 0.00e+00   +nan  1.00 | 1.03e+00 1.19e-01 +0.086  0.99 | 1.0e+02 5.1e+00 2.917e+00
#7338  2439   1 | 1.10e+00 0.00e+00   +nan  1.00 | 9.82e-01 9.66e-02 -0.135  1.04 | 1.5e+02 4.4e+00 2.210e+00
#7339  2067   1 | 7.03e-01 0.00e+00   +nan  1.00 | 1.00e+00 1.32e-01 +0.208  0.96 | 1.6e+02 5.4e+00 1.461e+00
#7340  3174   1 | 6.59e-01 0.00e+00   +nan  1.00 | 1.07e+00 1.09e-01 +0.149  0.98 | 1.1e+02 5.0e+00 1.555e+00
#7341  1846   1 | 1.08e+00 0.00e+00   +nan  1.00 | 9.68e-01 8.81e-02 +0.018  1.01 | 1.6e+02 4.6e+00 2.112e+00
#7342  1261   1 | 1.07e+00 0.00e+00   +nan  1.00 | 1.03e+00 1.11e-01 -0.052  1.02 | 1.5e+02 4.8e+00 2.225e+00
#7343  4748   1 | 9.49e-01 0.00e+00   +nan  1.00 | 9.60e-01 1.24e-01 +0.194  0.97 | 1.1e+02 5.3e+00 1.792e+00
#7344   290   1 | 1.18e+00 0.00e+00   +nan  1.00 | 9.58e-01 1.03e-01 -0.114  1.04 | 1.1e+02 4.9e+00 2.342e+00
#7345  1308   1 | 1.04e+00 0.00e+00   +nan  1.00 | 8.36e-01 1.12e-01 -0.125  1.05 | 1.5e+02 4.9e+00 1.820e+00
#7346   448   1 | 9.23e-01 0.00e+00   +nan  1.00 | 9.51e-01 1.19e-01 +0.036  1.01 | 1.2e+02 5.0e+00 1.762e+00
#7347  2598   1 | 1.30e+00 0.00e+00   +nan  1.00 | 1.01e+00 1.10e-01 +0.249  0.96 | 1.6e+02 4.6e+00 2.678e+00
#7348  2666   1 | 1.11e+00 0.00e+00   +nan  1.00 | 1.13e+00 9.61e-02 +0.104  0.99 | 1.4e+02 4.8e+00 2.507e+00
#7349  2808   1 | 1.32e+00 0.00e+00   +nan  1.00 | 1.02e+00 9.48e-02 -0.075  1.02 | 1.3e+02 4.7e+00 2.800e+00
#7350  2884   1 | 9.67e-01 0.00e+00   +nan  1.00 | 1.07e+00 1.04e-01 +0.085  0.99 | 1.1e+02 4.6e+00 2.081e+00
#7351  2213   1 | 9.08e-01 0.00e+00   +nan  1.00 | 9.18e-01 8.93e-02 +0.087  0.99 | 1.5e+02 4.6e+00 1.660e+00
#7352  1075   1 | 9.69e-01 0.00e+00   +nan  1.00 | 1.06e+00 1.01e-01 +0.095  0.99 | 1.8e+02 5.4e+00 2.049e+00
#7353  3968   1 | 1.17e+00 0.00e+00   +nan  1.00 | 9.11e-01 1.03e-01 +0.202  0.97 | 1.2e+02 4.8e+00 2.169e+00
#7354  2801   1 | 1.14e+00 0.00e+00   +nan  1.00 | 9.88e-01 9.93e-02 -0.032  1.02 | 1.2e+02 5.2e+00 2.283e+00
#7355  4384   1 | 1.23e+00 0.00e+00   +nan  1.00 | 1.10e+00 1.07e-01 +0.173  0.98 | 1.2e+02 5.2e+00 2.705e+00
#7356  2834   1 | 8.63e-01 0.00e+00   +nan  1.00 | 9.10e-01 9.98e-02 +0.024  1.01 | 1.2e+02 5.2e+00 1.578e+00
#7357  2858   1 | 1.03e+00 0.00e+00   +nan  1.00 | 1.08e+00 1.23e-01 +0.327  0.94 | 1.1e+02 5.5e+00 2.171e+00
#7358  4881   1 | 1.10e+00 0.00e+00   +nan  1.00 | 1.06e+00 1.10e-01 +0.285  0.95 | 9.3e+01 4.9e+00 2.269e+00
#7359  2234   1 | 4.48e-01 0.00e+00   +nan  1.00 | 1.00e+00 1.02e-01 +0.045  1.00 | 1.5e+02 5.1e+00 1.206e+00
#7360    39   1 | 1.13e+00 0.00e+00   +nan  1.00 | 1.05e+00 8.73e-02 +0.101  0.99 | 1.2e+02 4.6e+00 2.382e+00
#7361   725   1 | 1.31e+00 0.00e+00   +nan  1.00 | 1.04e+00 9.09e-02 +0.042  1.00 | 1.4e+02 4.7e+00 2.786e+00
#7362  2418   1 | 8.26e-01 0.00e+00   +nan  1.00 | 1.01e+00 1.03e-01 -0.091  1.03 | 1.5e+02 5.2e+00 1.738e+00
#7363  3925   1 | 8.05e-01 0.00e+00   +nan  1.00 | 9.59e-01 1.02e-01 +0.169  0.98 | 1.1e+02 4.9e+00 1.544e+00
#7364  1208   1 | 7.38e-01 0.00e+00   +nan  1.00 | 9.49e-01 8.36e-02 +0.041  1.00 | 1.5e+02 4.8e+00 1.447e+00
#7365  3471   1 | 5.71e-01 0.00e+00   +nan  1.00 | 1.03e+00 1.02e-01 +0.157  0.98 | 1.2e+02 5.2e+00 1.362e+00
#7366   570   1 | 9.75e-01 0.00e+00   +nan  1.00 | 1.04e+00 9.72e-02 +0.260  0.96 | 1.3e+02 5.3e+00 1.993e+00
#7367  1074   1 | 4.70e-01 0.00e+00   +nan  1.00 | 9.87e-01 8.88e-02 +0.099  0.99 | 1.8e+02 5.0e+00 1.186e+00
#7368  4298   1 | 1.08e+00 0.00e+00   +nan  1.00 | 9.70e-01 8.34e-02 +0.277  0.96 | 1.2e+02 4.8e+00 2.059e+00
#7369  4001   1 | 7.32e-01 0.00e+00   +nan  1.00 | 1.09e+00 9.99e-02 +0.143  0.98 | 1.2e+02 4.8e+00 1.698e+00
#7370  4910   1 | 1.11e+00 0.00e+00   +nan  1.00 | 1.04e+00 1.00e-01 +0.167  0.98 | 9.6e+01 4.9e+00 2.288e+00
#7371  2403   1 | 9.62e-01 0.00e+00   +nan  1.00 | 1.03e+00 1.09e-01 +0.086  0.99 | 1.5e+02 5.0e+00 1.983e+00
#7372  1070   1 | 1.12e+00 0.00e+00   +nan  1.00 | 1.01e+00 1.26e-01 +0.102  0.99 | 1.7e+02 5.3e+00 2.262e+00
#7373   804   1 | 9.98e-01 0.00e+00   +nan  1.00 | 9.45e-01 9.20e-02 +0.084  0.99 | 1.3e+02 4.6e+00 1.884e+00
#7374  2084   1 | 1.10e+00 0.00e+00   +nan  1.00 | 1.02e+00 8.69e-02 +0.220  0.97 | 1.6e+02 4.8e+00 2.225e+00
#7375  1578   1 | 1.34e+00 0.00e+00   +nan  1.00 | 1.00e+00 1.07e-01 -0.051  1.02 | 1.7e+02 4.9e+00 2.836e+00
#7376  4449   1 | 5.09e-01 0.00e+00   +nan  1.00 | 9.97e-01 1.15e-01 +0.128  0.98 | 1.3e+02 4.8e+00 1.237e+00
#7377  1577   1 | 1.15e+00 0.00e+00   +nan  1.00 | 9.43e-01 9.49e-02 +0.048  1.00 | 1.7e+02 4.5e+00 2.203e+00
#7378  3441   1 | 5.76e-01 0.00e+00   +nan  1.00 | 1.04e+00 9.94e-02 +0.186  0.97 | 1.4e+02 4.7e+00 1.390e+00
#7379  3754   1 | 1.11e+00 0.00e+00   +nan  1.00 | 9.75e-01 8.63e-02 +0.009  1.01 | 1.0e+02 4.8e+00 2.178e+00
#7380  2380   1 | 1.40e+00 0.00e+00   +nan  1.00 | 1.01e+00 9.62e-02 -0.038  1.02 | 1.3e+02 4.6e+00 3.011e+00
#7381  4928   1 | 5.70e-01 0.00e+00   +nan  1.00 | 1.05e+00 9.97e-02 +0.330  0.95 | 9.2e+01 4.5e+00 1.374e+00
#7382  1847   1 | 8.27e-01 0.00e+00   +nan  1.00 | 9.54e-01 9.37e-02 -0.002  1.01 | 1.6e+02 4.6e+00 1.603e+00
#7383  1014   1 | 1.29e+00 0.00e+00   +nan  1.00 | 9.64e-01 1.12e-01 +0.035  1.01 | 1.5e+02 4.7e+00 2.611e+00
#7384  1662   1 | 1.23e+00 0.00e+00   +nan  1.00 | 9.89e-01 1.01e-01 +0.057  1.00 | 1.7e+02 5.0e+00 2.493e+00
#7385  2466   1 | 1.28e+00 0.00e+00   +nan  1.00 | 1.08e+00 9.04e-02 -0.027  1.01 | 1.4e+02 4.2e+00 2.833e+00
#7386   858   1 | 1.32e+00 0.00e+00   +nan  1.00 | 1.12e+00 1.22e-01 +0.141  0.98 | 1.3e+02 5.3e+00 2.983e+00
#7387  2131   1 | 1.09e+00 0.00e+00   +nan  1.00 | 9.37e-01 9.64e-02 +0.004  1.01 | 1.6e+02 4.7e+00 2.075e+00
#7388   764   1 | 6.23e-01 0.00e+00   +nan  1.00 | 1.03e+00 1.10e-01 -0.022  1.02 | 1.4e+02 5.2e+00 1.464e+00
#7389  3388   1 | 1.66e+00 0.00e+00   +nan  1.00 | 9.65e-01 9.96e-02 +0.169  0.98 | 1.2e+02 4.8e+00 3.675e+00
#7390   716   1 | 9.98e-01 0.00e+00   +nan  1.00 | 8.61e-01 1.06e-01 +0.085  0.99 | 1.5e+02 4.6e+00 1.733e+00
#7391  2139   1 | 1.29e+00 0.00e+00   +nan  1.00 | 9.27e-01 1.06e-01 +0.118  0.99 | 1.7e+02 5.0e+00 2.522e+00
#7392   719   1 | 8.89e-01 0.00e+00   +nan  1.00 | 9.15e-01 9.99e-02 +0.067  1.00 | 1.3e+02 4.5e+00 1.624e+00
#7393  3291   1 | 9.57e-01 0.00e+00   +nan  1.00 | 1.06e+00 1.10e-01 +0.348  0.94 | 1.2e+02 5.0e+00 1.979e+00
#7394  3415   1 | 1.03e+00 0.00e+00   +nan  1.00 | 1.02e+00 1.01e-01 +0.140  0.98 | 1.3e+02 5.1e+00 2.076e+00
#7395  2742   1 | 1.10e+00 0.00e+00   +nan  1.00 | 9.80e-01 9.69e-02 +0.114  0.99 | 1.3e+02 4.6e+00 2.168e+00
#7396   860   1 | 5.96e-01 0.00e+00   +nan  1.00 | 1.08e+00 1.07e-01 +0.104  0.99 | 1.3e+02 5.1e+00 1.518e+00
#7397  2608   1 | 9.71e-01 0.00e+00   +nan  1.00 | 1.02e+00 1.07e-01 +0.031  1.00 | 1.3e+02 4.8e+00 1.983e+00
#7398   157   1 | 1.00e+00 0.00e+00   +nan  1.00 | 1.07e+00 1.15e-01 +0.279  0.95 | 1.2e+02 5.0e+00 2.106e+00
#7399  1755   1 | 1.20e+00 0.00e+00   +nan  1.00 | 1.05e+00 1.07e-01 -0.180  1.05 | 1.9e+02 5.0e+00 2.610e+00
#7400  3988   1 | 9.58e-01 0.00e+00   +nan  1.00 | 1.06e+00 1.16e-01 +0.248  0.96 | 1.2e+02 4.7e+00 2.002e+00
#7401  3731   1 | 9.11e-01 0.00e+00   +nan  1.00 | 9.18e-01 1.22e-01 +0.067  1.00 | 1.1e+02 5.4e+00 1.672e+00
#7402  3776   1 | 5.81e-01 0.00e+00   +nan  1.00 | 9.77e-01 1.01e-01 +0.105  0.99 | 1.2e+02 4.7e+00 1.282e+00
#7403  1418   1 | 1.00e+00 0.00e+00   +nan  1.00 | 1.07e+00 1.12e-01 +0.266  0.96 | 1.7e+02 5.4e+00 2.107e+00
#7404  1045   1 | 1.08e+00 0.00e+00   +nan  1.00 | 9.68e-01 9.29e-02 +0.020  1.01 | 1.5e+02 4.7e+00 2.115e+00
#7405  1300   1 | 1.04e+00 0.00e+00   +nan  1.00 | 8.36e-01 1.20e-01 +0.020  1.01 | 1.6e+02 5.2e+00 1.794e+00
#7406   474   1 | 5.96e-01 0.00e+00   +nan  1.00 | 1.08e+00 1.03e-01 +0.146  0.98 | 1.4e+02 4.7e+00 1.508e+00
#7407  2671   1 | 1.14e+00 0.00e+00   +nan  1.00 | 9.88e-01 9.86e-02 -0.088  1.03 | 1.3e+02 4.7e+00 2.296e+00
#7408   979   1 | 1.31e+00 0.00e+00   +nan  1.00 | 1.01e+00 1.34e-01 +0.251  0.95 | 1.7e+02 5.3e+00 2.694e+00
#7409  2767   1 | 1.18e+00 0.00e+00   +nan  1.00 | 9.58e-01 1.18e-01 -0.048  1.03 | 1.3e+02 5.2e+00 2.331e+00
#7410  4714   1 | 7.24e-01 0.00e+00   +nan  1.00 | 9.46e-01 1.33e-01 +0.257  0.95 | 1.1e+02 5.7e+00 1.372e+00
#7411  2938   1 | 1.02e+00 0.00e+00   +nan  1.00 | 1.13e+00 1.02e-01 +0.125  0.99 | 1.4e+02 4.8e+00 2.316e+00
#7412  2236   1 | 1.07e+00 0.00e+00   +nan  1.00 | 9.70e-01 9.03e-02 -0.019  1.01 | 1.4e+02 4.4e+00 2.106e+00
#7413  4959   1 | 1.08e+00 0.00e+00   +nan  1.00 | 1.03e+00 1.03e-01 +0.356  0.94 | 1.2e+02 5.6e+00 2.167e+00
#7414   393   1 | 8.21e-01 0.00e+00   +nan  1.00 | 1.01e+00 9.07e-02 +0.088  0.99 | 1.4e+02 4.9e+00 1.693e+00
#7415  1396   1 | 1.31e+00 0.00e+00   +nan  1.00 | 1.04e+00 9.89e-02 -0.011  1.01 | 1.8e+02 5.3e+00 2.795e+00
#7416  2911   1 | 1.09e+00 0.00e+00   +nan  1.00 | 9.82e-01 1.04e-01 +0.147  0.98 | 1.2e+02 4.7e+00 2.140e+00
#7417   521   1 | 1.32e+00 0.00e+00   +nan  1.00 | 1.12e+00 1.13e-01 +0.049  1.00 | 1.4e+02 5.0e+00 3.007e+00
#7418  1641   1 | 9.75e-01 0.00e+00   +nan  1.00 | 1.04e+00 8.50e-02 +0.114  0.99 | 1.6e+02 4.4e+00 2.025e+00
#7419  4908   1 | 8.71e-01 0.00e+00   +nan  1.00 | 9.15e-01 1.23e-01 +0.087  0.99 | 8.4e+01 5.0e+00 1.592e+00
#7420  1043   1 | 4.70e-01 0.00e+00   +nan  1.00 | 9.87e-01 1.01e-01 +0.085  0.99 | 1.5e+02 5.2e+00 1.189e+00
#7421  3052   1 | 1.00e+00 0.00e+00   +nan  1.00 | 8.61e-01 1.08e-01 +0.118  0.99 | 1.1e+02 5.2e+00 1.735e+00
#7422  2709   1 | 1.30e+00 0.00e+00   +nan  1.00 | 1.09e+00 9.64e-02 +0.291  0.96 | 1.5e+02 4.3e+00 2.837e+00
#7423  3787   1 | 1.32e+00 0.00e+00   +nan  1.00 | 1.02e+00 1.21e-01 +0.178  0.97 | 1.3e+02 5.0e+00 2.753e+00
#7424  1118   1 | 1.09e+00 0.00e+00   +nan  1.00 | 9.37e-01 9.91e-02 +0.151  0.98 | 1.5e+02 5.0e+00 2.043e+00
#7425  2539   1 | 1.00e+00 0.00e+00   +nan  1.00 | 9.45e-01 1.21e-01 +0.022  1.01 | 1.3e+02 4.8e+00 1.910e+00
#7426  3724   1 | 9.84e-01 0.00e+00   +nan  1.00 | 1.07e+00 1.18e-01 +0.109  0.99 | 1.0e+02 5.4e+00 2.109e+00
#7427  1894   1 | 8.26e-01 0.00e+00   +nan  1.00 | 9.42e-01 1.14e-01 -0.004  1.02 | 1.6e+02 5.0e+00 1.583e+00
#7428  2013   1 | 1.12e+00 0.00e+00   +nan  1.00 | 1.01e+00 1.12e-01 +0.241  0.96 | 1.6e+02 4.9e+00 2.232e+00
#7429  3273   1 | 7.24e-01 0.00e+00   +nan  1.00 | 1.09e+00 1.14e-01 +0.073  1.00 | 1.3e+02 5.1e+00 1.703e+00
#7430  1698   1 | 7.02e-01 0.00e+00   +nan  1.00 | 1.00e+00 1.05e-01 +0.176  0.97 | 1.8e+02 4.8e+00 1.471e+00
#7431   206   1 | 1.38e+00 0.00e+00   +nan  1.00 | 1.03e+00 1.28e-01 -0.078  1.04 | 1.3e+02 5.6e+00 2.993e+00
#7432   217   1 | 1.04e+00 0.00e+00   +nan  1.00 | 1.02e+00 1.16e-01 +0.053  1.00 | 1.3e+02 4.6e+00 2.130e+00
#7433  2795   1 | 6.58e-01 0.00e+00   +nan  1.00 | 1.07e+00 1.53e-01 +0.229  0.96 | 1.3e+02 5.7e+00 1.526e+00
#7434  4974   1 | 1.23e+00 0.00e+00   +nan  1.00 | 1.05e+00 1.15e-01 +0.260  0.96 | 1.0e+02 5.2e+00 2.579e+00
#7435  3495   1 | 1.11e+00 0.00e+00   +nan  1.00 | 9.75e-01 1.02e-01 -0.045  1.02 | 1.2e+02 5.0e+00 2.209e+00
#7436  2483   1 | 1.07e+00 0.00e+00   +nan  1.00 | 1.04e+00 9.46e-02 -0.001  1.01 | 1.4e+02 4.7e+00 2.243e+00
#7437  1790   1 | 1.34e+00 0.00e+00   +nan  1.00 | 1.00e+00 8.92e-02 +0.032  1.00 | 1.8e+02 4.7e+00 2.814e+00
#7438  2679   1 | 1.07e+00 0.00e+00   +nan  1.00 | 9.97e-01 1.26e-01 +0.043  1.01 | 1.4e+02 4.8e+00 2.152e+00
#7439  3170   1 | 4.54e-01 0.00e+00   +nan  1.00 | 1.00e+00 1.14e-01 +0.141  0.98 | 1.2e+02 5.3e+00 1.190e+00
#7440  2657   1 | 5.16e-01 0.00e+00   +nan  1.00 | 9.97e-01 1.13e-01 +0.078  1.00 | 1.5e+02 5.0e+00 1.255e+00
#7441  2870   1 | 9.71e-01 0.00e+00   +nan  1.00 | 1.02e+00 8.91e-02 +0.010  1.01 | 1.3e+02 4.4e+00 1.985e+00
#7442  4815   1 | 1.23e+00 0.00e+00   +nan  1.00 | 9.11e-01 1.12e-01 +0.389  0.92 | 1.0e+02 5.5e+00 2.271e+00
#7443  1142   1 | 1.30e+00 0.00e+00   +nan  1.00 | 9.27e-01 1.08e-01 +0.171  0.97 | 1.5e+02 5.2e+00 2.515e+00
#7444  4190   1 | 1.42e+00 0.00e+00   +nan  1.00 | 1.01e+00 1.24e-01 +0.245  0.95 | 1.2e+02 5.1e+00 2.979e+00
#7445  3466   1 | 9.85e-01 0.00e+00   +nan  1.00 | 1.06e+00 1.16e-01 +0.184  0.97 | 1.3e+02 5.1e+00 2.058e+00
#7446  3494   1 | 5.72e-01 0.00e+00   +nan  1.00 | 1.03e+00 1.18e-01 +0.220  0.96 | 1.3e+02 4.8e+00 1.346e+00
#7447  3809   1 | 1.14e+00 0.00e+00   +nan  1.00 | 9.43e-01 1.33e-01 +0.119  0.99 | 1.2e+02 5.3e+00 2.175e+00
#7448  3039   1 | 9.69e-01 0.00e+00   +nan  1.00 | 9.60e-01 1.49e-01 +0.102  0.99 | 1.1e+02 6.0e+00 1.853e+00
#7449  2303   1 | 9.63e-01 0.00e+00   +nan  1.00 | 1.03e+00 1.04e-01 +0.059  1.00 | 1.5e+02 4.7e+00 1.989e+00
#7450  2406   1 | 5.59e-01 0.00e+00   +nan  1.00 | 1.04e+00 1.00e-01 +0.153  0.98 | 1.4e+02 4.7e+00 1.377e+00
#7451  2057   1 | 8.28e-01 0.00e+00   +nan  1.00 | 9.54e-01 1.18e-01 +0.034  1.01 | 1.7e+02 4.9e+00 1.601e+00
#7452  1199   1 | 1.11e+00 0.00e+00   +nan  1.00 | 1.02e+00 1.33e-01 +0.225  0.96 | 1.4e+02 5.2e+00 2.219e+00
#7453  1627   1 | 9.21e-01 0.00e+00   +nan  1.00 | 9.51e-01 1.35e-01 -0.035  1.03 | 1.6e+02 5.0e+00 1.780e+00
#7454  2406   1 | 7.76e-01 0.00e+00   +nan  1.00 | 9.59e-01 1.37e-01 +0.148  0.98 | 1.4e+02 5.4e+00 1.502e+00
#7455  2737   1 | 5.83e-01 0.00e+00   +nan  1.00 | 1.05e+00 1.15e-01 +0.126  0.98 | 1.4e+02 4.9e+00 1.430e+00
#7456  4149   1 | 1.09e+00 0.00e+00   +nan  1.00 | 9.80e-01 9.10e-02 +0.196  0.97 | 1.2e+02 4.1e+00 2.127e+00
#7457  2935   1 | 1.17e+00 0.00e+00   +nan  1.00 | 1.17e+00 1.24e-01 +0.174  0.97 | 1.3e+02 5.2e+00 2.695e+00
#7458  4230   1 | 1.67e+00 0.00e+00   +nan  1.00 | 9.65e-01 1.24e-01 +0.250  0.95 | 1.2e+02 5.1e+00 3.659e+00
#7459  3389   1 | 1.23e+00 0.00e+00   +nan  1.00 | 1.10e+00 1.61e-01 +0.244  0.95 | 1.2e+02 5.5e+00 2.662e+00
#7460  4647   1 | 1.14e+00 0.00e+00   +nan  1.00 | 1.05e+00 1.02e-01 +0.376  0.94 | 1.1e+02 4.6e+00 2.345e+00
#7461  2888   1 | 1.10e+00 0.00e+00   +nan  1.00 | 1.08e+00 7.67e-02 +0.176  0.98 | 1.1e+02 4.1e+00 2.350e+00
#7462  2328   1 | 7.41e-01 0.00e+00   +nan  1.00 | 9.49e-01 1.24e-01 +0.193  0.97 | 1.4e+02 4.6e+00 1.421e+00
#7463  1305   1 | 1.08e+00 0.00e+00   +nan  1.00 | 9.93e-01 1.35e-01 +0.018  1.01 | 1.6e+02 5.0e+00 2.166e+00
#7464  4727   1 | 1.03e+00 0.00e+00   +nan  1.00 | 9.92e-01 1.39e-01 +0.266  0.95 | 1.2e+02 5.1e+00 1.989e+00
#7465   799   1 | 6.23e-01 0.00e+00   +nan  1.00 | 1.03e+00 1.18e-01 +0.078  1.00 | 1.5e+02 4.7e+00 1.442e+00
#7466   979   1 | 1.29e+00 0.00e+00   +nan  1.00 | 1.08e+00 1.40e-01 +0.034  1.01 | 1.7e+02 5.2e+00 2.844e+00
#7467  1495   1 | 1.05e+00 0.00e+00   +nan  1.00 | 1.08e+00 1.18e-01 +0.140  0.98 | 1.7e+02 4.5e+00 2.250e+00
#7468  4364   1 | 1.30e+00 0.00e+00   +nan  1.00 | 9.64e-01 1.21e-01 +0.431  0.91 | 1.2e+02 4.5e+00 2.542e+00
#7469  4642   1 | 8.42e-01 0.00e+00   +nan  1.00 | 9.10e-01 1.74e-01 +0.217  0.95 | 1.2e+02 5.7e+00 1.498e+00
#7470  4589   1 | 4.92e-01 0.00e+00   +nan  1.00 | 1.12e+00 1.74e-01 +0.390  0.90 | 1.1e+02 6.0e+00 1.369e+00
#7471  3579   1 | 1.21e+00 0.00e+00   +nan  1.00 | 9.89e-01 1.44e-01 +0.187  0.97 | 1.4e+02 4.7e+00 2.404e+00
#7472  1812   1 | 1.11e+00 0.00e+00   +nan  1.00 | 1.06e+00 1.37e-01 +0.016  1.01 | 1.8e+02 4.9e+00 2.363e+00
#7473  1792   1 | 1.12e+00 0.00e+00   +nan  1.00 | 1.13e+00 1.58e-01 +0.130  0.98 | 1.9e+02 5.1e+00 2.516e+00
#7474  1418   1 | 1.29e+00 0.00e+00   +nan  1.00 | 1.08e+00 1.45e-01 +0.004  1.02 | 1.7e+02 4.7e+00 2.853e+00
#7475  1435   1 | 1.31e+00 0.00e+00   +nan  1.00 | 1.01e+00 1.57e-01 +0.107  0.99 | 1.7e+02 5.2e+00 2.732e+00
#7476  1167   1 | 9.98e-01 0.00e+00   +nan  1.00 | 9.45e-01 1.47e-01 +0.023  1.02 | 1.7e+02 4.9e+00 1.906e+00
#7477  1181   1 | 7.01e-01 0.00e+00   +nan  1.00 | 1.00e+00 1.39e-01 +0.027  1.01 | 1.4e+02 4.6e+00 1.508e+00
#7478  2421   1 | 1.02e+00 0.00e+00   +nan  1.00 | 9.92e-01 1.21e-01 +0.104  0.99 | 1.4e+02 4.2e+00 2.019e+00
#7479  4059   1 | 5.74e-01 0.00e+00   +nan  1.00 | 9.77e-01 1.37e-01 +0.327  0.93 | 1.1e+02 4.5e+00 1.216e+00
#7480   897   1 | 1.04e+00 0.00e+00   +nan  1.00 | 1.02e+00 1.70e-01 +0.067  1.01 | 1.5e+02 4.8e+00 2.133e+00
#7481  4947   1 | 1.08e+00 0.00e+00   +nan  1.00 | 1.03e+00 1.68e-01 +0.281  0.94 | 1.1e+02 5.1e+00 2.163e+00
#7482  1568   1 | 9.61e-01 0.00e+00   +nan  1.00 | 9.60e-01 1.57e-01 -0.094  1.06 | 1.8e+02 4.9e+00 1.897e+00
#7483   352   1 | 7.04e-01 0.00e+00   +nan  1.00 | 1.09e+00 1.69e-01 -0.047  1.04 | 1.2e+02 5.5e+00 1.725e+00
#7484  4980   1 | 9.52e-01 0.00e+00   +nan  1.00 | 1.06e+00 1.54e-01 +0.275  0.94 | 1.0e+02 5.0e+00 1.959e+00
#7485   755   1 | 1.20e+00 0.00e+00   +nan  1.00 | 1.05e+00 1.22e-01 +0.051  1.00 | 1.4e+02 4.4e+00 2.567e+00
#7486  1489   1 | 1.13e+00 0.00e+00   +nan  1.00 | 1.05e+00 1.48e-01 +0.263  0.95 | 1.7e+02 4.9e+00 2.328e+00
#7487  2096   1 | 1.12e+00 0.00e+00   +nan  1.00 | 1.13e+00 1.60e-01 +0.074  1.00 | 1.7e+02 5.3e+00 2.532e+00
#7488   132   1 | 9.98e-01 0.00e+00   +nan  1.00 | 8.61e-01 1.54e-01 +0.167  0.97 | 1.3e+02 5.0e+00 1.717e+00
#7489  1437   1 | 1.31e+00 0.00e+00   +nan  1.00 | 1.04e+00 1.50e-01 +0.028  1.01 | 1.7e+02 4.9e+00 2.797e+00
#7490  4122   1 | 1.07e+00 0.00e+00   +nan  1.00 | 9.97e-01 1.38e-01 +0.253  0.95 | 1.2e+02 4.8e+00 2.097e+00
#7491  2027   1 | 1.04e+00 0.00e+00   +nan  1.00 | 8.36e-01 1.69e-01 -0.047  1.06 | 1.7e+02 4.9e+00 1.828e+00
#7492    41   1 | 8.53e-01 0.00e+00   +nan  1.00 | 9.10e-01 1.35e-01 -0.111  1.05 | 1.3e+02 5.1e+00 1.601e+00
#7493  4512   1 | 9.54e-01 0.00e+00   +nan  1.00 | 1.07e+00 1.33e-01 +0.301  0.94 | 1.2e+02 4.9e+00 1.996e+00
#7494  3091   1 | 1.13e+00 0.00e+00   +nan  1.00 | 9.88e-01 1.46e-01 +0.028  1.01 | 1.3e+02 4.8e+00 2.275e+00
#7495  1725   1 | 8.27e-01 0.00e+00   +nan  1.00 | 9.54e-01 1.56e-01 -0.030  1.04 | 2.0e+02 5.2e+00 1.626e+00
#7496  4167   1 | 4.95e-01 0.00e+00   +nan  1.00 | 1.12e+00 1.61e-01 +0.302  0.93 | 1.2e+02 5.5e+00 1.410e+00
#7497  3567   1 | 4.76e-01 0.00e+00   +nan  1.00 | 9.87e-01 1.54e-01 +0.299  0.93 | 1.2e+02 5.4e+00 1.135e+00
#7498  1277   1 | 1.05e+00 0.00e+00   +nan  1.00 | 1.08e+00 1.24e-01 +0.117  0.99 | 1.6e+02 4.6e+00 2.257e+00
#7499  4006   1 | 7.51e-01 0.00e+00   +nan  1.00 | 9.49e-01 1.19e-01 +0.174  0.97 | 1.2e+02 4.6e+00 1.441e+00
#7500   904   1 | 7.71e-01 0.00e+00   +nan  1.00 | 9.59e-01 1.22e-01 +0.003  1.02 | 1.5e+02 4.7e+00 1.528e+00
#7501  1255   1 | 1.32e+00 0.00e+00   +nan  1.00 | 1.02e+00 1.23e-01 -0.034  1.02 | 1.4e+02 4.4e+00 2.799e+00
#7502   328   1 | 8.89e-01 0.00e+00   +nan  1.00 | 9.15e-01 1.20e-01 +0.106  0.99 | 1.3e+02 4.5e+00 1.618e+00
#7503  4968   1 | 6.09e-01 0.00e+00   +nan  1.00 | 1.03e+00 1.21e-01 +0.319  0.94 | 8.2e+01 4.7e+00 1.364e+00
#7504  3424   1 | 9.56e-01 0.00e+00   +nan  1.00 | 1.06e+00 1.23e-01 +0.181  0.97 | 1.4e+02 5.1e+00 2.014e+00
#7505  1903   1 | 5.13e-01 0.00e+00   +nan  1.00 | 9.97e-01 1.28e-01 -0.043  1.03 | 1.9e+02 5.0e+00 1.285e+00
#7506  4370   1 | 6.58e-01 0.00e+00   +nan  1.00 | 1.07e+00 1.13e-01 +0.205  0.97 | 1.3e+02 4.4e+00 1.540e+00
#7507  2888   1 | 1.31e+00 0.00e+00   +nan  1.00 | 1.12e+00 1.27e-01 +0.006  1.01 | 1.1e+02 5.0e+00 2.989e+00
#7508   338   1 | 1.21e+00 0.00e+00   +nan  1.00 | 9.11e-01 1.15e-01 +0.115  0.99 | 1.3e+02 4.9e+00 2.279e+00
#7509   977   1 | 1.08e+00 0.00e+00   +nan  1.00 | 9.93e-01 1.43e-01 +0.030  1.01 | 1.6e+02 5.0e+00 2.166e+00
#7510  1164   1 | 1.22e+00 0.00e+00   +nan  1.00 | 1.10e+00 1.38e-01 +0.258  0.95 | 1.6e+02 4.8e+00 2.655e+00
#7511  1332   1 | 1.23e+00 0.00e+00   +nan  1.00 | 9.89e-01 1.20e-01 +0.026  1.01 | 1.6e+02 4.8e+00 2.505e+00
#7512  2601   1 | 1.34e+00 0.00e+00   +nan  1.00 | 1.00e+00 1.34e-01 +0.143  0.98 | 1.4e+02 4.9e+00 2.780e+00
#7513   429   1 | 1.29e+00 0.00e+00   +nan  1.00 | 9.64e-01 1.04e-01 +0.037  1.00 | 1.3e+02 4.4e+00 2.610e+00
#7514  3457   1 | 9.87e-01 0.00e+00   +nan  1.00 | 1.07e+00 1.22e-01 +0.176  0.97 | 1.1e+02 4.9e+00 2.097e+00
#7515  3295   1 | 1.03e+00 0.00e+00   +nan  1.00 | 1.13e+00 1.18e-01 +0.102  0.99 | 1.2e+02 4.6e+00 2.331e+00
#7516  4184   1 | 1.10e+00 0.00e+00   +nan  1.00 | 9.37e-01 1.17e-01 +0.264  0.95 | 1.1e+02 4.6e+00 2.048e+00
#7517  4426   1 | 1.13e+00 0.00e+00   +nan  1.00 | 9.75e-01 1.27e-01 +0.132  0.98 | 1.2e+02 5.1e+00 2.220e+00
#7518  3429   1 | 5.70e-01 0.00e+00   +nan  1.00 | 1.03e+00 1.24e-01 +0.118  0.99 | 1.5e+02 4.5e+00 1.369e+00
#7519  1422   1 | 1.08e+00 0.00e+00   +nan  1.00 | 1.04e+00 1.20e-01 -0.130  1.04 | 1.6e+02 4.9e+00 2.298e+00
#7520  3779   1 | 1.67e+00 0.00e+00   +nan  1.00 | 9.65e-01 1.30e-01 +0.356  0.92 | 1.0e+02 5.8e+00 3.643e+00
#7521   593   1 | 1.11e+00 0.00e+00   +nan  1.00 | 1.02e+00 1.25e-01 +0.151  0.98 | 1.4e+02 5.1e+00 2.242e+00
#7522  2372   1 | 1.08e+00 0.00e+00   +nan  1.00 | 9.68e-01 1.35e-01 +0.079  1.00 | 1.4e+02 4.8e+00 2.102e+00
#7523  4534   1 | 5.45e-01 0.00e+00   +nan  1.00 | 1.04e+00 1.24e-01 +0.400  0.92 | 1.1e+02 4.9e+00 1.295e+00
#7524  4794   1 | 4.41e-01 0.00e+00   +nan  1.00 | 1.00e+00 1.30e-01 +0.307  0.94 | 1.1e+02 5.1e+00 1.134e+00
#7525  1768   1 | 1.11e+00 0.00e+00   +nan  1.00 | 9.82e-01 1.31e-01 -0.097  1.04 | 1.9e+02 5.3e+00 2.230e+00
#7526    75   1 | 1.11e+00 0.00e+00   +nan  1.00 | 1.06e+00 1.09e-01 -0.044  1.02 | 1.0e+02 4.4e+00 2.370e+00
#7527  4903   1 | 1.40e+00 0.00e+00   +nan  1.00 | 1.01e+00 1.41e-01 +0.263  0.95 | 1.0e+02 5.0e+00 2.914e+00
#7528   581   1 | 9.65e-01 0.00e+00   +nan  1.00 | 1.03e+00 1.37e-01 +0.127  0.98 | 1.2e+02 5.0e+00 1.979e+00
#7529  1555   1 | 8.25e-01 0.00e+00   +nan  1.00 | 9.42e-01 1.11e-01 +0.068  1.00 | 1.7e+02 4.4e+00 1.565e+00
#7530  2933   1 | 9.71e-01 0.00e+00   +nan  1.00 | 1.02e+00 1.47e-01 -0.021  1.03 | 1.3e+02 5.2e+00 2.006e+00
#7531  2564   1 | 1.38e+00 0.00e+00   +nan  1.00 | 1.03e+00 1.25e-01 +0.064  1.00 | 1.4e+02 4.7e+00 2.967e+00
#7532  4767   1 | 1.15e+00 0.00e+00   +nan  1.00 | 9.43e-01 1.37e-01 +0.326  0.93 | 1.1e+02 5.2e+00 2.145e+00
#7533   171   1 | 1.12e+00 0.00e+00   +nan  1.00 | 1.01e+00 1.09e-01 +0.024  1.01 | 1.3e+02 4.3e+00 2.280e+00
#7534   864   1 | 1.07e+00 0.00e+00   +nan  1.00 | 9.70e-01 1.23e-01 +0.041  1.01 | 1.3e+02 4.9e+00 2.094e+00
#7535  4314   1 | 1.30e+00 0.00e+00   +nan  1.00 | 9.27e-01 1.31e-01 +0.149  0.98 | 1.2e+02 5.1e+00 2.527e+00
#7536  1734   1 | 9.76e-01 0.00e+00   +nan  1.00 | 1.04e+00 1.15e-01 +0.135  0.98 | 2.0e+02 4.6e+00 2.019e+00
#7537  3372   1 | 5.90e-01 0.00e+00   +nan  1.00 | 1.05e+00 1.29e-01 +0.103  0.99 | 1.3e+02 4.9e+00 1.444e+00
#7538  2434   1 | 1.30e+00 0.00e+00   +nan  1.00 | 1.09e+00 1.27e-01 +0.176  0.97 | 1.5e+02 4.5e+00 2.860e+00
#7539  3158   1 | 1.17e+00 0.00e+00   +nan  1.00 | 1.17e+00 1.16e-01 +0.193  0.97 | 1.2e+02 4.7e+00 2.690e+00
#7540  1665   1 | 9.21e-01 0.00e+00   +nan  1.00 | 9.51e-01 1.28e-01 -0.021  1.02 | 1.7e+02 5.2e+00 1.774e+00
#7541  4543   1 | 1.18e+00 0.00e+00   +nan  1.00 | 9.58e-01 1.23e-01 +0.061  1.00 | 1.2e+02 5.3e+00 2.319e+00
#7542   324   1 | 1.10e+00 0.00e+00   +nan  1.00 | 1.08e+00 1.22e-01 +0.225  0.96 | 1.4e+02 5.1e+00 2.328e+00
#7543  2890   1 | 1.10e+00 0.00e+00   +nan  1.00 | 9.80e-01 1.55e-01 +0.011  1.02 | 1.1e+02 6.1e+00 2.196e+00
#7544  4005   1 | 8.52e-01 0.00e+00   +nan  1.00 | 1.01e+00 1.25e-01 +0.166  0.97 | 1.1e+02 4.8e+00 1.725e+00
#7545  4675   1 | 9.05e-01 0.00e+00   +nan  1.00 | 9.18e-01 1.22e-01 +0.166  0.97 | 1.2e+02 4.9e+00 1.639e+00
#7546  3479   1 | 7.38e-01 0.00e+00   +nan  1.00 | 9.46e-01 1.43e-01 -0.025  1.03 | 1.3e+02 5.2e+00 1.466e+00
#7547  1271   1 | 5.97e-01 0.00e+00   +nan  1.00 | 1.08e+00 1.19e-01 +0.096  0.99 | 1.5e+02 4.6e+00 1.520e+00
#7548  3256   1 | 1.66e+00 0.00e+00   +nan  1.00 | 9.65e-01 1.27e-01 +0.048  1.00 | 1.2e+02 5.0e+00 3.697e+00
#7549  1957   1 | 1.14e+00 0.00e+00   +nan  1.00 | 9.88e-01 1.28e-01 -0.068  1.03 | 1.5e+02 5.0e+00 2.309e+00
#7550     1   1 | 1.11e+00 0.00e+00   +nan  1.00 | 1.06e+00 1.33e-01 -0.128  1.05 | 1.1e+02 5.1e+00 2.402e+00
#7551  4463   1 | 1.13e+00 0.00e+00   +nan  1.00 | 1.05e+00 1.26e-01 +0.370  0.93 | 1.3e+02 4.9e+00 2.300e+00
#7552  4630   1 | 1.33e+00 0.00e+00   +nan  1.00 | 1.12e+00 1.19e-01 +0.186  0.97 | 9.9e+01 5.2e+00 2.992e+00
#7553  2718   1 | 8.31e-01 0.00e+00   +nan  1.00 | 9.54e-01 1.23e-01 -0.007  1.02 | 1.3e+02 5.4e+00 1.618e+00
#7554  4855   1 | 1.11e+00 0.00e+00   +nan  1.00 | 1.04e+00 1.05e-01 +0.259  0.96 | 1.0e+02 4.5e+00 2.262e+00
#7555  4721   1 | 1.08e+00 0.00e+00   +nan  1.00 | 9.97e-01 1.06e-01 +0.313  0.94 | 9.9e+01 4.9e+00 2.111e+00
#7556  1918   1 | 7.07e-01 0.00e+00   +nan  1.00 | 1.09e+00 1.07e-01 +0.020  1.01 | 1.6e+02 5.0e+00 1.690e+00
#7557  3910   1 | 1.13e+00 0.00e+00   +nan  1.00 | 1.01e+00 1.20e-01 +0.224  0.96 | 1.1e+02 4.7e+00 2.261e+00
#7558   454   1 | 9.98e-01 0.00e+00   +nan  1.00 | 8.61e-01 1.16e-01 +0.092  0.99 | 1.4e+02 5.0e+00 1.733e+00
#7559  2999   1 | 4.74e-01 0.00e+00   +nan  1.00 | 9.87e-01 1.16e-01 +0.314  0.94 | 1.2e+02 5.4e+00 1.141e+00
#7560  2283   1 | 1.12e+00 0.00e+00   +nan  1.00 | 1.13e+00 1.20e-01 +0.098  0.99 | 1.4e+02 4.8e+00 2.518e+00
#7561  3907   1 | 1.08e+00 0.00e+00   +nan  1.00 | 1.02e+00 1.24e-01 +0.245  0.96 | 1.0e+02 5.0e+00 2.160e+00
#7562  4402   1 | 1.32e+00 0.00e+00   +nan  1.00 | 1.02e+00 1.11e-01 +0.198  0.97 | 1.2e+02 4.7e+00 2.760e+00
#7563  4882   1 | 1.37e+00 0.00e+00   +nan  1.00 | 1.03e+00 1.04e-01 +0.123  0.99 | 9.1e+01 5.4e+00 2.907e+00
#7564   817   1 | 1.29e+00 0.00e+00   +nan  1.00 | 1.08e+00 1.19e-01 +0.048  1.00 | 1.4e+02 4.7e+00 2.837e+00
#7565  1283   1 | 8.53e-01 0.00e+00   +nan  1.00 | 9.10e-01 1.33e-01 -0.023  1.03 | 1.5e+02 5.5e+00 1.579e+00
#7566  3578   1 | 1.02e+00 0.00e+00   +nan  1.00 | 9.92e-01 1.18e-01 +0.064  1.00 | 1.3e+02 4.7e+00 2.016e+00
#7567  3261   1 | 7.88e-01 0.00e+00   +nan  1.00 | 9.59e-01 1.29e-01 +0.079  1.00 | 1.2e+02 5.5e+00 1.538e+00
#7568    10   1 | 5.78e-01 0.00e+00   +nan  1.00 | 1.05e+00 1.13e-01 +0.115  0.99 | 1.0e+02 5.0e+00 1.427e+00
#7569  1881   1 | 5.56e-01 0.00e+00   +nan  1.00 | 1.04e+00 1.03e-01 +0.029  1.00 | 1.5e+02 4.6e+00 1.399e+00
#7570  1757   1 | 5.70e-01 0.00e+00   +nan  1.00 | 9.77e-01 1.31e-01 -0.041  1.03 | 2.0e+02 5.0e+00 1.307e+00
#7571  2731   1 | 1.30e+00 0.00e+00   +nan  1.00 | 1.01e+00 1.14e-01 +0.137  0.98 | 1.3e+02 5.3e+00 2.699e+00
#7572  2525   1 | 1.20e+00 0.00e+00   +nan  1.00 | 9.11e-01 1.19e-01 +0.226  0.96 | 1.4e+02 4.9e+00 2.235e+00
#7573  3844   1 | 6.35e-01 0.00e+00   +nan  1.00 | 1.08e+00 1.12e-01 +0.083  0.99 | 1.2e+02 4.7e+00 1.571e+00
#7574  2282   1 | 1.23e+00 0.00e+00   +nan  1.00 | 9.89e-01 1.03e-01 +0.182  0.97 | 1.4e+02 4.6e+00 2.460e+00
#7575  4013   1 | 1.18e+00 0.00e+00   +nan  1.00 | 9.58e-01 1.06e-01 +0.086  0.99 | 1.2e+02 4.7e+00 2.312e+00
#7576  4170   1 | 8.84e-01 0.00e+00   +nan  1.00 | 9.51e-01 9.40e-02 +0.086  0.99 | 1.0e+02 4.3e+00 1.679e+00
#7577  1112   1 | 5.46e-01 0.00e+00   +nan  1.00 | 1.03e+00 1.08e-01 +0.063  1.00 | 1.4e+02 4.2e+00 1.354e+00
#7578  1756   1 | 1.17e+00 0.00e+00   +nan  1.00 | 1.17e+00 1.18e-01 +0.227  0.96 | 1.9e+02 4.7e+00 2.685e+00
#7579  3851   1 | 1.11e+00 0.00e+00   +nan  1.00 | 9.37e-01 1.20e-01 +0.243  0.95 | 1.1e+02 5.1e+00 2.075e+00
#7580  2520   1 | 1.04e+00 0.00e+00   +nan  1.00 | 1.08e+00 1.15e-01 +0.343  0.94 | 1.4e+02 5.2e+00 2.183e+00
#7581  4482   1 | 4.93e-01 0.00e+00   +nan  1.00 | 1.12e+00 9.02e-02 +0.433  0.94 | 1.4e+02 4.6e+00 1.412e+00
#7582  2058   1 | 9.63e-01 0.00e+00   +nan  1.00 | 1.06e+00 1.54e-01 +0.255  0.95 | 1.6e+02 5.9e+00 1.999e+00
#7583  3458   1 | 8.41e-01 0.00e+00   +nan  1.00 | 1.01e+00 1.23e-01 -0.002  1.02 | 1.1e+02 4.6e+00 1.749e+00
#7584  1741   1 | 4.47e-01 0.00e+00   +nan  1.00 | 1.00e+00 1.35e-01 +0.055  1.00 | 1.8e+02 5.2e+00 1.207e+00
#7585   985   1 | 9.07e-01 0.00e+00   +nan  1.00 | 9.18e-01 1.26e-01 +0.021  1.01 | 1.5e+02 4.9e+00 1.676e+00
#7586  2678   1 | 9.61e-01 0.00e+00   +nan  1.00 | 1.03e+00 1.45e-01 +0.074  1.00 | 1.3e+02 5.1e+00 1.988e+00
#7587  3180   1 | 7.50e-01 0.00e+00   +nan  1.00 | 9.49e-01 1.35e-01 -0.021  1.03 | 1.0e+02 4.6e+00 1.487e+00
#7588  2305   1 | 1.08e+00 0.00e+00   +nan  1.00 | 9.68e-01 1.23e-01 +0.082  1.00 | 1.5e+02 4.5e+00 2.101e+00
#7589  1067   1 | 5.12e-01 0.00e+00   +nan  1.00 | 9.97e-01 1.27e-01 +0.049  1.00 | 1.6e+02 4.6e+00 1.260e+00
#7590  2270   1 | 1.22e+00 0.00e+00   +nan  1.00 | 1.10e+00 1.42e-01 +0.204  0.96 | 1.4e+02 5.0e+00 2.673e+00
#7591  3010   1 | 9.83e-01 0.00e+00   +nan  1.00 | 1.04e+00 1.20e-01 +0.162  0.98 | 1.2e+02 4.5e+00 2.028e+00
#7592  1718   1 | 1.29e+00 0.00e+00   +nan  1.00 | 9.27e-01 1.38e-01 +0.142  0.98 | 2.0e+02 5.0e+00 2.518e+00
#7593  1003   1 | 1.31e+00 0.00e+00   +nan  1.00 | 1.09e+00 1.27e-01 -0.012  1.02 | 1.6e+02 4.7e+00 2.923e+00
#7594  1178   1 | 1.04e+00 0.00e+00   +nan  1.00 | 1.02e+00 1.28e-01 +0.070  1.00 | 1.4e+02 4.8e+00 2.124e+00
#7595  3025   1 | 1.13e+00 0.00e+00   +nan  1.00 | 9.75e-01 1.26e-01 +0.057  1.00 | 1.1e+02 4.6e+00 2.221e+00
#7596   560   1 | 9.69e-01 0.00e+00   +nan  1.00 | 1.06e+00 1.34e-01 +0.025  1.01 | 1.2e+02 5.1e+00 2.070e+00
#7597   505   1 | 9.72e-01 0.00e+00   +nan  1.00 | 1.02e+00 1.28e-01 -0.006  1.02 | 1.4e+02 5.1e+00 1.998e+00
#7598  4159   1 | 1.33e+00 0.00e+00   +nan  1.00 | 1.00e+00 1.32e-01 +0.100  0.99 | 1.2e+02 4.8e+00 2.761e+00
#7599  4603   1 | 6.14e-01 0.00e+00   +nan  1.00 | 1.03e+00 1.24e-01 +0.312  0.94 | 1.2e+02 5.0e+00 1.371e+00
#7600  1269   1 | 1.10e+00 0.00e+00   +nan  1.00 | 1.08e+00 1.27e-01 +0.223  0.96 | 1.5e+02 5.1e+00 2.326e+00
#7601  1802   1 | 7.02e-01 0.00e+00   +nan  1.00 | 1.00e+00 1.41e-01 +0.128  0.98 | 1.7e+02 5.2e+00 1.481e+00
#7602  3278   1 | 9.72e-01 0.00e+00   +nan  1.00 | 9.60e-01 1.26e-01 +0.065  1.00 | 1.4e+02 5.0e+00 1.866e+00
#7603  4427   1 | 7.26e-01 0.00e+00   +nan  1.00 | 9.46e-01 1.16e-01 +0.169  0.97 | 1.2e+02 4.8e+00 1.399e+00
#7604  1502   1 | 1.07e+00 0.00e+00   +nan  1.00 | 9.70e-01 1.33e-01 -0.001  1.02 | 1.5e+02 5.0e+00 2.108e+00
#7605   165   1 | 1.11e+00 0.00e+00   +nan  1.00 | 9.82e-01 1.22e-01 -0.037  1.02 | 1.1e+02 5.1e+00 2.218e+00
#7606  2037   1 | 1.20e+00 0.00e+00   +nan  1.00 | 1.05e+00 1.29e-01 +0.030  1.01 | 1.6e+02 5.0e+00 2.563e+00
#7607  4129   1 | 9.13e-01 0.00e+00   +nan  1.00 | 9.15e-01 1.41e-01 +0.107  0.99 | 1.0e+02 5.3e+00 1.663e+00
#7608   273   1 | 1.29e+00 0.00e+00   +nan  1.00 | 9.64e-01 1.23e-01 +0.065  1.00 | 1.2e+02 5.3e+00 2.607e+00
#7609   718   1 | 1.02e+00 0.00e+00   +nan  1.00 | 1.13e+00 1.12e-01 +0.134  0.98 | 1.4e+02 5.0e+00 2.296e+00
#7610  3062   1 | 1.41e+00 0.00e+00   +nan  1.00 | 1.01e+00 1.06e-01 +0.155  0.98 | 1.1e+02 4.8e+00 2.980e+00
#7611  4800   1 | 9.41e-01 0.00e+00   +nan  1.00 | 1.07e+00 1.12e-01 +0.381  0.93 | 1.1e+02 5.2e+00 1.961e+00
#7612   578   1 | 1.11e+00 0.00e+00   +nan  1.00 | 9.80e-01 9.82e-02 +0.278  0.95 | 1.2e+02 4.6e+00 2.158e+00
#7613  1090   1 | 9.98e-01 0.00e+00   +nan  1.00 | 9.45e-01 1.05e-01 -0.032  1.02 | 1.6e+02 4.8e+00 1.908e+00
#7614  4741   1 | 1.32e+00 0.00e+00   +nan  1.00 | 1.04e+00 9.80e-02 +0.104  0.99 | 9.3e+01 5.1e+00 2.796e+00
#7615  3517   1 | 1.14e+00 0.00e+00   +nan  1.00 | 9.43e-01 1.07e-01 +0.327  0.94 | 1.1e+02 4.7e+00 2.137e+00
#7616  2302   1 | 8.28e-01 0.00e+00   +nan  1.00 | 9.42e-01 1.11e-01 +0.041  1.00 | 1.5e+02 4.7e+00 1.577e+00
#7617  2216   1 | 1.06e+00 0.00e+00   +nan  1.00 | 1.03e+00 1.19e-01 +0.037  1.00 | 1.5e+02 4.8e+00 2.199e+00
#7618  3107   1 | 9.92e-01 0.00e+00   +nan  1.00 | 1.07e+00 1.16e-01 +0.190  0.97 | 1.2e+02 4.8e+00 2.106e+00
#7619  1581   1 | 6.58e-01 0.00e+00   +nan  1.00 | 1.07e+00 1.14e-01 -0.025  1.02 | 1.8e+02 4.8e+00 1.596e+00
#7620  1430   1 | 1.08e+00 0.00e+00   +nan  1.00 | 9.93e-01 1.20e-01 -0.009  1.02 | 1.6e+02 4.7e+00 2.169e+00
#7621  4929   1 | 1.03e+00 0.00e+00   +nan  1.00 | 8.36e-01 1.30e-01 +0.378  0.91 | 9.7e+01 5.5e+00 1.690e+00
#7622  3044   1 | 1.01e+00 0.00e+00   +nan  1.00 | 9.45e-01 1.12e-01 +0.034  1.01 | 1.0e+02 4.7e+00 1.916e+00
#7623   206   1 | 1.05e+00 0.00e+00   +nan  1.00 | 1.08e+00 1.10e-01 +0.234  0.96 | 1.3e+02 4.9e+00 2.232e+00
#7624  1148   1 | 8.22e-01 0.00e+00   +nan  1.00 | 1.01e+00 1.03e-01 +0.077  0.99 | 1.6e+02 4.8e+00 1.696e+00
#7625  3995   1 | 7.52e-01 0.00e+00   +nan  1.00 | 9.49e-01 1.35e-01 +0.197  0.96 | 1.3e+02 5.1e+00 1.435e+00
#7626  1282   1 | 1.32e+00 0.00e+00   +nan  1.00 | 1.02e+00 1.41e-01 +0.031  1.01 | 1.5e+02 5.3e+00 2.786e+00
#7627  4445   1 | 1.30e+00 0.00e+00   +nan  1.00 | 1.01e+00 1.18e-01 +0.336  0.94 | 1.4e+02 4.6e+00 2.658e+00
#7628  1770   1 | 9.76e-01 0.00e+00   +nan  1.00 | 1.04e+00 1.32e-01 +0.135  0.98 | 1.9e+02 5.1e+00 2.019e+00
#7629  2526   1 | 6.29e-01 0.00e+00   +nan  1.00 | 1.03e+00 1.08e-01 +0.130  0.98 | 1.4e+02 4.7e+00 1.437e+00
#7630  4417   1 | 9.06e-01 0.00e+00   +nan  1.00 | 9.51e-01 1.37e-01 +0.197  0.96 | 1.2e+02 5.0e+00 1.692e+00
#7631  2382   1 | 1.66e+00 0.00e+00   +nan  1.00 | 9.65e-01 1.21e-01 +0.043  1.01 | 1.2e+02 4.9e+00 3.679e+00
#7632  1609   1 | 5.13e-01 0.00e+00   +nan  1.00 | 9.97e-01 1.32e-01 +0.016  1.01 | 1.6e+02 5.3e+00 1.270e+00
#7633  4802   1 | 7.52e-01 0.00e+00   +nan  1.00 | 9.59e-01 1.29e-01 +0.297  0.94 | 1.2e+02 4.8e+00 1.428e+00
#7634   597   1 | 5.45e-01 0.00e+00   +nan  1.00 | 1.03e+00 1.25e-01 +0.134  0.98 | 1.4e+02 4.8e+00 1.337e+00
#7635  1155   1 | 5.96e-01 0.00e+00   +nan  1.00 | 1.08e+00 1.01e-01 +0.048  1.00 | 1.5e+02 4.6e+00 1.530e+00
#7636  2727   1 | 9.61e-01 0.00e+00   +nan  1.00 | 1.06e+00 1.22e-01 +0.188  0.97 | 1.3e+02 4.9e+00 2.021e+00
#7637   670   1 | 9.60e-01 0.00e+00   +nan  1.00 | 9.60e-01 1.30e-01 +0.030  1.01 | 1.4e+02 5.0e+00 1.853e+00
#7638  3175   1 | 9.80e-01 0.00e+00   +nan  1.00 | 1.06e+00 1.15e-01 +0.084  0.99 | 1.1e+02 4.4e+00 2.073e+00
#7639  1085   1 | 7.01e-01 0.00e+00   +nan  1.00 | 1.00e+00 1.49e-01 +0.179  0.97 | 1.5e+02 5.3e+00 1.465e+00
#7640   109   1 | 1.10e+00 0.00e+00   +nan  1.00 | 1.08e+00 1.23e-01 +0.191  0.97 | 1.1e+02 5.1e+00 2.338e+00
#7641  3424   1 | 1.30e+00 0.00e+00   +nan  1.00 | 9.64e-01 1.18e-01 +0.240  0.96 | 1.4e+02 4.6e+00 2.578e+00
#7642  4754   1 | 1.16e+00 0.00e+00   +nan  1.00 | 9.75e-01 1.22e-01 +0.213  0.96 | 1.1e+02 4.7e+00 2.263e+00
#7643  2909   1 | 1.12e+00 0.00e+00   +nan  1.00 | 1.05e+00 1.21e-01 +0.199  0.97 | 1.2e+02 5.1e+00 2.323e+00
#7644  3495   1 | 1.18e+00 0.00e+00   +nan  1.00 | 1.05e+00 1.15e-01 +0.140  0.98 | 1.2e+02 4.4e+00 2.473e+00
#7645   520   1 | 1.31e+00 0.00e+00   +nan  1.00 | 1.09e+00 1.31e-01 +0.032  1.01 | 1.4e+02 5.1e+00 2.913e+00
#7646  2774   1 | 8.32e-01 0.00e+00   +nan  1.00 | 9.54e-01 1.23e-01 -0.086  1.04 | 1.3e+02 4.6e+00 1.637e+00
#7647  4383   1 | 5.66e-01 0.00e+00   +nan  1.00 | 9.77e-01 1.44e-01 +0.377  0.91 | 1.1e+02 5.3e+00 1.191e+00
#7648  2852   1 | 9.60e-01 0.00e+00   +nan  1.00 | 1.03e+00 1.35e-01 +0.245  0.95 | 1.2e+02 4.8e+00 1.937e+00
#7649  4973   1 | 1.08e+00 0.00e+00   +nan  1.00 | 1.03e+00 1.46e-01 +0.404  0.91 | 1.0e+02 5.2e+00 2.131e+00
#7650  4131   1 | 1.07e+00 0.00e+00   +nan  1.00 | 9.97e-01 1.29e-01 +0.236  0.96 | 1.1e+02 4.8e+00 2.104e+00
#7651  2138   1 | 1.40e+00 0.00e+00   +nan  1.00 | 1.01e+00 1.30e-01 +0.012  1.01 | 1.6e+02 4.8e+00 3.007e+00
#7652   993   1 | 7.05e-01 0.00e+00   +nan  1.00 | 1.09e+00 1.25e-01 +0.072  1.00 | 1.4e+02 4.5e+00 1.676e+00
#7653  3142   1 | 1.19e+00 0.00e+00   +nan  1.00 | 9.11e-01 1.44e-01 +0.173  0.97 | 1.3e+02 4.9e+00 2.221e+00
#7654   486   1 | 1.38e+00 0.00e+00   +nan  1.00 | 1.03e+00 1.51e-01 +0.002  1.02 | 1.3e+02 4.7e+00 2.978e+00
#7655  1330   1 | 1.07e+00 0.00e+00   +nan  1.00 | 9.70e-01 1.42e-01 -0.122  1.06 | 1.6e+02 5.0e+00 2.143e+00
#7656  4099   1 | 1.13e+00 0.00e+00   +nan  1.00 | 9.88e-01 1.38e-01 +0.113  0.99 | 1.0e+02 5.1e+00 2.248e+00
#7657   750   1 | 1.15e+00 0.00e+00   +nan  1.00 | 9.43e-01 1.46e-01 -0.044  1.04 | 1.4e+02 5.0e+00 2.235e+00
#7658   682   1 | 9.98e-01 0.00e+00   +nan  1.00 | 8.61e-01 1.50e-01 +0.092  1.00 | 1.4e+02 4.9e+00 1.737e+00
#7659  1856   1 | 9.08e-01 0.00e+00   +nan  1.00 | 9.18e-01 1.47e-01 +0.113  0.99 | 1.7e+02 5.3e+00 1.657e+00
#7660  1578   1 | 1.31e+00 0.00e+00   +nan  1.00 | 1.04e+00 1.31e-01 -0.017  1.02 | 1.7e+02 4.5e+00 2.804e+00
#7661   986   1 | 1.11e+00 0.00e+00   +nan  1.00 | 9.82e-01 1.45e-01 -0.081  1.05 | 1.5e+02 5.3e+00 2.237e+00
#7662   896   1 | 9.71e-01 0.00e+00   +nan  1.00 | 1.02e+00 1.25e-01 -0.022  1.02 | 1.5e+02 4.7e+00 2.001e+00
#7663  4258   1 | 5.79e-01 0.00e+00   +nan  1.00 | 1.05e+00 1.29e-01 +0.199  0.97 | 1.2e+02 4.6e+00 1.405e+00
#7664  4648   1 | 4.92e-01 0.00e+00   +nan  1.00 | 1.12e+00 1.49e-01 +0.421  0.91 | 1.1e+02 5.1e+00 1.373e+00
#7665  4204   1 | 1.10e+00 0.00e+00   +nan  1.00 | 1.13e+00 1.12e-01 +0.258  0.96 | 1.1e+02 4.8e+00 2.432e+00
#7666  2346   1 | 1.17e+00 0.00e+00   +nan  1.00 | 1.17e+00 1.11e-01 +0.133  0.98 | 1.4e+02 4.2e+00 2.710e+00
#7667   761   1 | 1.23e+00 0.00e+00   +nan  1.00 | 9.89e-01 1.13e-01 +0.225  0.96 | 1.4e+02 5.2e+00 2.462e+00
#7668   926   1 | 1.11e+00 0.00e+00   +nan  1.00 | 1.02e+00 1.41e-01 +0.224  0.96 | 1.5e+02 5.2e+00 2.219e+00
#7669   122   1 | 8.89e-01 0.00e+00   +nan  1.00 | 9.15e-01 1.26e-01 -0.063  1.04 | 9.9e+01 5.1e+00 1.658e+00
#7670  4494   1 | 1.13e+00 0.00e+00   +nan  1.00 | 1.01e+00 1.37e-01 +0.230  0.96 | 1.2e+02 5.2e+00 2.238e+00
#7671  3494   1 | 1.30e+00 0.00e+00   +nan  1.00 | 1.12e+00 1.43e-01 +0.071  1.00 | 1.2e+02 5.4e+00 2.938e+00
#7672   680   1 | 9.57e-01 0.00e+00   +nan  1.00 | 1.07e+00 1.55e-01 -0.060  1.04 | 1.3e+02 5.3e+00 2.114e+00
#7673   810   1 | 1.18e+00 0.00e+00   +nan  1.00 | 9.58e-01 1.06e-01 +0.005  1.01 | 1.4e+02 4.3e+00 2.318e+00
#7674  4321   1 | 5.54e-01 0.00e+00   +nan  1.00 | 1.04e+00 1.26e-01 +0.294  0.94 | 1.1e+02 4.4e+00 1.332e+00
#7675  3929   1 | 8.57e-01 0.00e+00   +nan  1.00 | 9.42e-01 1.45e-01 +0.201  0.96 | 1.2e+02 5.2e+00 1.587e+00
#7676   349   1 | 8.53e-01 0.00e+00   +nan  1.00 | 9.10e-01 1.42e-01 -0.023  1.03 | 1.2e+02 5.4e+00 1.581e+00
#7677   344   1 | 1.02e+00 0.00e+00   +nan  1.00 | 1.13e+00 1.45e-01 +0.088  0.99 | 1.2e+02 5.4e+00 2.310e+00
#7678  2995   1 | 4.74e-01 0.00e+00   +nan  1.00 | 9.87e-01 1.45e-01 +0.302  0.93 | 1.2e+02 5.4e+00 1.133e+00
#7679  4465   1 | 6.58e-01 0.00e+00   +nan  1.00 | 1.07e+00 1.23e-01 +0.212  0.96 | 1.3e+02 4.8e+00 1.536e+00
#7680  2642   1 | 1.07e+00 0.00e+00   +nan  1.00 | 1.04e+00 1.32e-01 +0.063  1.00 | 1.5e+02 4.9e+00 2.229e+00
#7681  4100   1 | 7.31e-01 0.00e+00   +nan  1.00 | 9.46e-01 1.21e-01 +0.098  0.99 | 1.0e+02 4.8e+00 1.422e+00
#7682  4602   1 | 1.03e+00 0.00e+00   +nan  1.00 | 9.92e-01 1.19e-01 +0.118  0.99 | 1.1e+02 4.6e+00 2.031e+00
#7683  2214   1 | 9.99e-01 0.00e+00   +nan  1.00 | 1.07e+00 1.34e-01 +0.026  1.01 | 1.4e+02 4.9e+00 2.164e+00
#7684  2125   1 | 1.04e+00 0.00e+00   +nan  1.00 | 8.36e-01 1.22e-01 +0.129  0.98 | 1.5e+02 4.8e+00 1.775e+00
#7685  2575   1 | 1.29e+00 0.00e+00   +nan  1.00 | 9.27e-01 1.40e-01 +0.149  0.98 | 1.3e+02 5.1e+00 2.513e+00
#7686  1888   1 | 4.48e-01 0.00e+00   +nan  1.00 | 1.00e+00 1.07e-01 +0.064  1.00 | 1.7e+02 4.6e+00 1.201e+00
#7687  1602   1 | 1.09e+00 0.00e+00   +nan  1.00 | 9.37e-01 1.27e-01 +0.165  0.97 | 1.6e+02 5.3e+00 2.040e+00
#7688  4421   1 | 1.23e+00 0.00e+00   +nan  1.00 | 1.10e+00 1.33e-01 +0.141  0.98 | 1.1e+02 5.0e+00 2.708e+00
#7689  1223   1 | 1.11e+00 0.00e+00   +nan  1.00 | 9.80e-01 1.24e-01 +0.012  1.01 | 1.5e+02 4.8e+00 2.212e+00
#7690   662   1 | 1.04e+00 0.00e+00   +nan  1.00 | 1.02e+00 1.35e-01 +0.130  0.98 | 1.5e+02 5.1e+00 2.110e+00
#7691  3044   1 | 1.07e+00 0.00e+00   +nan  1.00 | 9.93e-01 1.30e-01 +0.106  0.99 | 9.9e+01 5.0e+00 2.127e+00
#7692  4846   1 | 1.36e+00 0.00e+00   +nan  1.00 | 1.00e+00 1.15e-01 +0.361  0.93 | 1.0e+02 4.7e+00 2.785e+00
#7693  1531   1 | 1.08e+00 0.00e+00   +nan  1.00 | 9.68e-01 1.32e-01 -0.002  1.02 | 1.7e+02 5.3e+00 2.127e+00
#7694  4819   1 | 1.31e+00 0.00e+00   +nan  1.00 | 1.08e+00 1.28e-01 +0.374  0.93 | 1.2e+02 4.8e+00 2.789e+00
#7695  4102   1 | 1.12e+00 0.00e+00   +nan  1.00 | 1.06e+00 1.14e-01 +0.088  0.99 | 9.9e+01 5.0e+00 2.380e+00
#7696  4208   1 | 1.30e+00 0.00e+00   +nan  1.00 | 1.12e+00 1.24e-01 +0.155  0.98 | 1.2e+02 5.3e+00 2.916e+00
#7697  4474   1 | 1.20e+00 0.00e+00   +nan  1.00 | 9.11e-01 1.29e-01 +0.276  0.94 | 1.2e+02 4.7e+00 2.222e+00
#7698  2525   1 | 1.22e+00 0.00e+00   +nan  1.00 | 1.10e+00 1.38e-01 +0.259  0.95 | 1.4e+02 5.2e+00 2.657e+00
#7699    21   1 | 7.71e-01 0.00e+00   +nan  1.00 | 9.59e-01 1.32e-01 -0.140  1.06 | 1.1e+02 4.8e+00 1.567e+00
#7700  3742   1 | 9.96e-01 0.00e+00   +nan  1.00 | 1.04e+00 1.38e-01 +0.300  0.94 | 1.2e+02 4.9e+00 2.012e+00
#7701  1563   1 | 9.70e-01 0.00e+00   +nan  1.00 | 1.06e+00 1.49e-01 +0.121  0.99 | 1.8e+02 5.1e+00 2.044e+00
#7702  1712   1 | 1.11e+00 0.00e+00   +nan  1.00 | 1.06e+00 1.50e-01 -0.053  1.03 | 1.7e+02 5.3e+00 2.388e+00
#7703  1564   1 | 9.61e-01 0.00e+00   +nan  1.00 | 9.60e-01 1.23e-01 +0.012  1.01 | 1.8e+02 4.7e+00 1.857e+00
#7704  1156   1 | 9.64e-01 0.00e+00   +nan  1.00 | 1.06e+00 1.34e-01 +0.101  0.99 | 1.5e+02 5.4e+00 2.050e+00
#7705  4229   1 | 1.18e+00 0.00e+00   +nan  1.00 | 1.17e+00 1.18e-01 +0.176  0.97 | 1.1e+02 4.8e+00 2.712e+00
#7706  4505   1 | 1.10e+00 0.00e+00   +nan  1.00 | 1.08e+00 1.37e-01 +0.260  0.95 | 1.3e+02 5.2e+00 2.325e+00
#7707  1928   1 | 1.66e+00 0.00e+00   +nan  1.00 | 9.65e-01 1.38e-01 +0.112  0.99 | 1.6e+02 5.0e+00 3.659e+00
#7708  3642   1 | 7.58e-01 0.00e+00   +nan  1.00 | 9.49e-01 1.34e-01 +0.263  0.95 | 1.0e+02 5.1e+00 1.426e+00
#7709  2895   1 | 4.97e-01 0.00e+00   +nan  1.00 | 1.12e+00 1.07e-01 +0.275  0.96 | 1.3e+02 4.3e+00 1.441e+00
#7710  4623   1 | 1.04e+00 0.00e+00   +nan  1.00 | 8.36e-01 1.45e-01 +0.385  0.90 | 1.2e+02 5.0e+00 1.703e+00
#7711   129   1 | 1.21e+00 0.00e+00   +nan  1.00 | 1.05e+00 1.37e-01 +0.071  1.00 | 1.1e+02 5.0e+00 2.563e+00
#7712  3050   1 | 1.33e+00 0.00e+00   +nan  1.00 | 1.00e+00 1.41e-01 +0.123  0.99 | 1.1e+02 5.0e+00 2.772e+00
#7713  4108   1 | 1.01e+00 0.00e+00   +nan  1.00 | 1.08e+00 1.39e-01 +0.365  0.92 | 1.3e+02 4.8e+00 2.102e+00
#7714  3281   1 | 1.29e+00 0.00e+00   +nan  1.00 | 9.27e-01 1.57e-01 +0.059  1.01 | 1.3e+02 5.1e+00 2.531e+00
#7715  1344   1 | 1.11e+00 0.00e+00   +nan  1.00 | 9.80e-01 1.40e-01 +0.032  1.01 | 1.7e+02 4.8e+00 2.209e+00
#7716  2741   1 | 1.09e+00 0.00e+00   +nan  1.00 | 9.37e-01 1.40e-01 +0.078  1.00 | 1.3e+02 4.9e+00 2.076e+00
#7717  2189   1 | 1.18e+00 0.00e+00   +nan  1.00 | 9.58e-01 1.42e-01 -0.004  1.02 | 1.6e+02 4.7e+00 2.328e+00
#7718  3517   1 | 1.07e+00 0.00e+00   +nan  1.00 | 9.68e-01 1.59e-01 +0.111  0.99 | 1.1e+02 5.1e+00 2.079e+00
#7719  3210   1 | 1.07e+00 0.00e+00   +nan  1.00 | 9.93e-01 1.63e-01 +0.172  0.97 | 1.3e+02 5.3e+00 2.106e+00
#7720  4751   1 | 9.70e-01 0.00e+00   +nan  1.00 | 1.03e+00 1.59e-01 +0.261  0.94 | 1.2e+02 4.9e+00 1.946e+00
#7721  4807   1 | 1.15e+00 0.00e+00   +nan  1.00 | 9.43e-01 1.62e-01 +0.283  0.93 | 1.2e+02 5.4e+00 2.152e+00
#7722  2385   1 | 1.38e+00 0.00e+00   +nan  1.00 | 1.03e+00 1.37e-01 -0.020  1.02 | 1.3e+02 4.4e+00 2.989e+00
#7723  2822   1 | 1.09e+00 0.00e+00   +nan  1.00 | 9.82e-01 1.47e-01 +0.092  0.99 | 1.3e+02 4.8e+00 2.158e+00
#7724  2684   1 | 1.08e+00 0.00e+00   +nan  1.00 | 9.70e-01 1.75e-01 -0.041  1.05 | 1.4e+02 5.7e+00 2.146e+00
#7725  1730   1 | 4.47e-01 0.00e+00   +nan  1.00 | 1.00e+00 1.44e-01 +0.150  0.98 | 1.8e+02 5.2e+00 1.181e+00
#7726  1753   1 | 1.30e+00 0.00e+00   +nan  1.00 | 1.09e+00 1.54e-01 +0.049  1.01 | 2.0e+02 4.8e+00 2.907e+00
#7727   569   1 | 1.14e+00 0.00e+00   +nan  1.00 | 9.75e-01 1.04e-01 -0.175  1.05 | 1.3e+02 4.3e+00 2.305e+00
#7728  1264   1 | 5.46e-01 0.00e+00   +nan  1.00 | 1.03e+00 1.67e-01 +0.168  0.97 | 1.3e+02 5.3e+00 1.327e+00
#7729  3388   1 | 5.75e-01 0.00e+00   +nan  1.00 | 1.04e+00 1.10e-01 +0.129  0.98 | 1.2e+02 4.5e+00 1.399e+00
#7730  2383   1 | 9.16e-01 0.00e+00   +nan  1.00 | 9.51e-01 1.50e-01 +0.079  1.00 | 1.2e+02 5.2e+00 1.743e+00
#7731  1090   1 | 1.11e+00 0.00e+00   +nan  1.00 | 1.02e+00 1.50e-01 +0.175  0.97 | 1.6e+02 5.1e+00 2.232e+00
#7732  1997   1 | 5.13e-01 0.00e+00   +nan  1.00 | 9.97e-01 1.49e-01 -0.004  1.02 | 1.7e+02 5.2e+00 1.281e+00
#7733  2916   1 | 6.34e-01 0.00e+00   +nan  1.00 | 1.03e+00 1.34e-01 +0.107  0.99 | 1.2e+02 5.0e+00 1.448e+00
#7734  4460   1 | 1.08e+00 0.00e+00   +nan  1.00 | 9.97e-01 1.26e-01 +0.199  0.97 | 1.3e+02 4.8e+00 2.132e+00
#7735  2660   1 | 5.83e-01 0.00e+00   +nan  1.00 | 1.05e+00 1.39e-01 +0.124  0.98 | 1.3e+02 5.0e+00 1.430e+00
#7736  1062   1 | 8.24e-01 0.00e+00   +nan  1.00 | 9.42e-01 1.09e-01 +0.142  0.98 | 1.6e+02 4.4e+00 1.548e+00
#7737  4406   1 | 1.31e+00 0.00e+00   +nan  1.00 | 1.04e+00 1.45e-01 +0.039  1.01 | 1.2e+02 5.7e+00 2.795e+00
#7738  1887   1 | 1.12e+00 0.00e+00   +nan  1.00 | 1.13e+00 1.22e-01 +0.063  1.00 | 1.7e+02 4.6e+00 2.534e+00
#7739  4997   1 | 9.05e-01 0.00e+00   +nan  1.00 | 9.18e-01 1.28e-01 +0.220  0.96 | 8.5e+01 4.9e+00 1.625e+00
#7740  1957   1 | 1.40e+00 0.00e+00   +nan  1.00 | 1.01e+00 1.11e-01 +0.010  1.01 | 1.5e+02 5.1e+00 3.003e+00
#7741  3037   1 | 1.06e+00 0.00e+00   +nan  1.00 | 1.04e+00 1.18e-01 +0.096  0.99 | 1.1e+02 5.2e+00 2.203e+00
#7742  3081   1 | 7.34e-01 0.00e+00   +nan  1.00 | 9.46e-01 1.41e-01 +0.028  1.01 | 1.1e+02 5.6e+00 1.446e+00
#7743  3879   1 | 7.13e-01 0.00e+00   +nan  1.00 | 1.00e+00 1.25e-01 +0.197  0.97 | 1.1e+02 5.1e+00 1.479e+00
#7744  4904   1 | 1.31e+00 0.00e+00   +nan  1.00 | 1.02e+00 1.37e-01 +0.225  0.96 | 1.0e+02 5.5e+00 2.722e+00
#7745  2082   1 | 6.00e-01 0.00e+00   +nan  1.00 | 1.08e+00 1.18e-01 -0.003  1.01 | 1.5e+02 4.8e+00 1.550e+00
#7746   700   1 | 1.14e+00 0.00e+00   +nan  1.00 | 9.88e-01 1.01e-01 -0.156  1.04 | 1.4e+02 4.7e+00 2.321e+00
#7747  2115   1 | 9.99e-01 0.00e+00   +nan  1.00 | 8.61e-01 9.34e-02 +0.116  0.99 | 1.6e+02 4.5e+00 1.730e+00
#7748  2524   1 | 4.72e-01 0.00e+00   +nan  1.00 | 9.87e-01 9.77e-02 +0.110  0.99 | 1.4e+02 4.4e+00 1.186e+00
#7749  4368   1 | 1.00e+00 0.00e+00   +nan  1.00 | 1.07e+00 1.26e-01 +0.374  0.93 | 1.2e+02 5.1e+00 2.076e+00
#7750  1697   1 | 1.29e+00 0.00e+00   +nan  1.00 | 9.64e-01 1.09e-01 +0.177  0.97 | 1.7e+02 4.8e+00 2.581e+00
#7751  3261   1 | 1.27e+00 0.00e+00   +nan  1.00 | 1.08e+00 1.16e-01 +0.239  0.96 | 1.2e+02 5.5e+00 2.744e+00
#7752  2720   1 | 8.61e-01 0.00e+00   +nan  1.00 | 9.10e-01 1.30e-01 +0.077  1.00 | 1.2e+02 5.1e+00 1.568e+00
#7753  2861   1 | 1.01e+00 0.00e+00   +nan  1.00 | 9.45e-01 1.30e-01 +0.076  1.00 | 1.2e+02 5.5e+00 1.904e+00
#7754  1346   1 | 7.05e-01 0.00e+00   +nan  1.00 | 1.09e+00 1.24e-01 +0.016  1.01 | 1.6e+02 5.0e+00 1.692e+00
#7755  3738   1 | 1.04e+00 0.00e+00   +nan  1.00 | 1.13e+00 1.07e-01 +0.058  1.00 | 9.4e+01 4.8e+00 2.359e+00
#7756  4033   1 | 9.83e-01 0.00e+00   +nan  1.00 | 1.07e+00 1.10e-01 +0.224  0.96 | 1.2e+02 5.1e+00 2.080e+00
#7757   331   1 | 1.13e+00 0.00e+00   +nan  1.00 | 1.05e+00 1.26e-01 +0.132  0.98 | 1.2e+02 5.3e+00 2.374e+00
#7758  4843   1 | 8.04e-01 0.00e+00   +nan  1.00 | 1.01e+00 9.75e-02 +0.283  0.95 | 1.0e+02 4.7e+00 1.626e+00
#7759   457   1 | 1.03e+00 0.00e+00   +nan  1.00 | 9.92e-01 1.14e-01 +0.103  0.99 | 1.3e+02 5.0e+00 2.024e+00
#7760  2338   1 | 1.06e+00 0.00e+00   +nan  1.00 | 1.03e+00 1.21e-01 +0.111  0.99 | 1.4e+02 5.0e+00 2.179e+00
#7761  1405   1 | 6.58e-01 0.00e+00   +nan  1.00 | 1.07e+00 9.91e-02 +0.078  0.99 | 1.5e+02 4.9e+00 1.570e+00
#7762  1405   1 | 8.89e-01 0.00e+00   +nan  1.00 | 9.15e-01 1.17e-01 -0.037  1.03 | 1.5e+02 5.1e+00 1.649e+00
#7763  4108   1 | 1.14e+00 0.00e+00   +nan  1.00 | 1.01e+00 1.31e-01 +0.159  0.98 | 1.3e+02 5.8e+00 2.281e+00
#7764  3171   1 | 5.77e-01 0.00e+00   +nan  1.00 | 9.77e-01 1.13e-01 +0.039  1.00 | 1.1e+02 4.8e+00 1.292e+00
#7765  4254   1 | 1.29e+00 0.00e+00   +nan  1.00 | 1.01e+00 1.21e-01 +0.453  0.91 | 1.1e+02 4.8e+00 2.586e+00
#7766  1501   1 | 1.23e+00 0.00e+00   +nan  1.00 | 9.89e-01 1.10e-01 +0.022  1.01 | 1.5e+02 5.2e+00 2.503e+00
#7767   947   1 | 1.04e+00 0.00e+00   +nan  1.00 | 1.02e+00 1.08e-01 +0.054  1.00 | 1.5e+02 5.0e+00 2.127e+00
#7768  2945   1 | 9.71e-01 0.00e+00   +nan  1.00 | 1.02e+00 1.04e-01 +0.004  1.01 | 1.2e+02 4.3e+00 1.989e+00
#7769  1023   1 | 8.26e-01 0.00e+00   +nan  1.00 | 9.54e-01 1.21e-01 +0.081  1.00 | 1.5e+02 5.0e+00 1.587e+00
#7770  4528   1 | 7.25e-01 0.00e+00   +nan  1.00 | 9.46e-01 1.11e-01 +0.339  0.93 | 1.3e+02 4.8e+00 1.362e+00
#7771  4644   1 | 5.80e-01 0.00e+00   +nan  1.00 | 1.08e+00 1.09e-01 +0.272  0.96 | 1.0e+02 4.9e+00 1.459e+00
#7772  3437   1 | 8.45e-01 0.00e+00   +nan  1.00 | 9.42e-01 1.43e-01 +0.161  0.97 | 1.4e+02 5.2e+00 1.579e+00
#7773  1260   1 | 1.04e+00 0.00e+00   +nan  1.00 | 1.02e+00 1.18e-01 +0.063  1.00 | 1.5e+02 4.8e+00 2.125e+00
#7774  4904   1 | 1.09e+00 0.00e+00   +nan  1.00 | 1.08e+00 1.09e-01 +0.306  0.95 | 1.0e+02 4.5e+00 2.300e+00
#7775  3475   1 | 5.81e-01 0.00e+00   +nan  1.00 | 9.77e-01 1.18e-01 +0.011  1.01 | 1.1e+02 4.9e+00 1.304e+00
#7776  4856   1 | 1.22e+00 0.00e+00   +nan  1.00 | 1.10e+00 1.14e-01 +0.376  0.93 | 9.7e+01 4.7e+00 2.620e+00
#7777  1289   1 | 1.20e+00 0.00e+00   +nan  1.00 | 1.05e+00 1.19e-01 +0.051  1.00 | 1.4e+02 4.9e+00 2.564e+00
#7778   552   1 | 1.35e+00 0.00e+00   +nan  1.00 | 1.00e+00 1.14e-01 +0.022  1.01 | 1.2e+02 4.8e+00 2.826e+00
#7779  4389   1 | 9.83e-01 0.00e+00   +nan  1.00 | 1.04e+00 1.69e-01 +0.196  0.96 | 1.3e+02 5.7e+00 2.014e+00
#7780  3984   1 | 1.06e+00 0.00e+00   +nan  1.00 | 9.82e-01 1.46e-01 +0.163  0.97 | 1.2e+02 5.1e+00 2.073e+00
#7781  3233   1 | 9.58e-01 0.00e+00   +nan  1.00 | 1.03e+00 1.43e-01 +0.158  0.98 | 1.3e+02 5.3e+00 1.956e+00
#7782  2658   1 | 9.97e-01 0.00e+00   +nan  1.00 | 1.07e+00 1.21e-01 +0.145  0.98 | 1.4e+02 5.0e+00 2.125e+00
#7783  2646   1 | 1.30e+00 0.00e+00   +nan  1.00 | 1.01e+00 1.52e-01 +0.319  0.93 | 1.4e+02 5.4e+00 2.645e+00
#7784  3350   1 | 9.83e-01 0.00e+00   +nan  1.00 | 1.06e+00 1.44e-01 +0.132  0.98 | 1.2e+02 5.1e+00 2.066e+00
#7785  2658   1 | 8.28e-01 0.00e+00   +nan  1.00 | 1.01e+00 1.82e-01 -0.127  1.08 | 1.4e+02 5.6e+00 1.792e+00
#7786  2194   1 | 1.31e+00 0.00e+00   +nan  1.00 | 1.04e+00 1.32e-01 +0.034  1.01 | 1.6e+02 4.9e+00 2.786e+00
#7787  3745   1 | 1.04e+00 0.00e+00   +nan  1.00 | 1.03e+00 1.34e-01 +0.251  0.95 | 1.1e+02 4.9e+00 2.100e+00
#7788  1431   1 | 1.29e+00 0.00e+00   +nan  1.00 | 1.08e+00 1.28e-01 +0.120  0.99 | 1.6e+02 4.8e+00 2.816e+00
#7789  3131   1 | 1.31e+00 0.00e+00   +nan  1.00 | 1.12e+00 1.38e-01 +0.070  1.00 | 1.3e+02 4.8e+00 2.960e+00
#7790    91   1 | 8.53e-01 0.00e+00   +nan  1.00 | 9.10e-01 1.25e-01 -0.078  1.04 | 1.2e+02 4.8e+00 1.589e+00
#7791  2544   1 | 9.64e-01 0.00e+00   +nan  1.00 | 9.60e-01 1.23e-01 +0.084  0.99 | 1.3e+02 4.7e+00 1.847e+00
#7792  3710   1 | 9.11e-01 0.00e+00   +nan  1.00 | 9.18e-01 1.22e-01 +0.144  0.98 | 1.1e+02 4.6e+00 1.655e+00
#7793    82   1 | 4.94e-01 0.00e+00   +nan  1.00 | 1.12e+00 1.42e-01 +0.112  0.99 | 1.2e+02 5.5e+00 1.477e+00
#7794  4456   1 | 6.98e-01 0.00e+00   +nan  1.00 | 1.00e+00 1.76e-01 +0.143  0.98 | 1.4e+02 6.1e+00 1.472e+00
#7795   628   1 | 1.38e+00 0.00e+00   +nan  1.00 | 1.03e+00 1.04e-01 +0.061  1.00 | 1.4e+02 4.7e+00 2.954e+00
#7796  3845   1 | 6.58e-01 0.00e+00   +nan  1.00 | 1.07e+00 1.39e-01 +0.179  0.97 | 1.2e+02 5.1e+00 1.544e+00
#7797  4384   1 | 1.09e+00 0.00e+00   +nan  1.00 | 9.37e-01 1.39e-01 +0.177  0.97 | 1.2e+02 5.0e+00 2.039e+00
#7798  2794   1 | 4.73e-01 0.00e+00   +nan  1.00 | 9.87e-01 1.39e-01 +0.218  0.96 | 1.3e+02 5.0e+00 1.158e+00
#7799  1864   1 | 1.30e+00 0.00e+00   +nan  1.00 | 1.09e+00 1.17e-01 +0.005  1.01 | 1.5e+02 4.6e+00 2.912e+00
#7800    51   1 | 1.14e+00 0.00e+00   +nan  1.00 | 9.75e-01 1.17e-01 -0.009  1.02 | 1.1e+02 4.9e+00 2.275e+00
#7801  3468   1 | 1.18e+00 0.00e+00   +nan  1.00 | 9.11e-01 1.33e-01 +0.233  0.95 | 1.2e+02 4.8e+00 2.185e+00
#7802  3833   1 | 5.75e-01 0.00e+00   +nan  1.00 | 1.03e+00 1.16e-01 +0.241  0.96 | 1.3e+02 4.7e+00 1.345e+00
#7803  3993   1 | 5.18e-01 0.00e+00   +nan  1.00 | 9.97e-01 1.18e-01 +0.140  0.98 | 1.3e+02 4.6e+00 1.243e+00
#7804  1790   1 | 1.18e+00 0.00e+00   +nan  1.00 | 9.58e-01 1.13e-01 -0.064  1.03 | 1.8e+02 4.9e+00 2.333e+00
#7805   343   1 | 1.32e+00 0.00e+00   +nan  1.00 | 1.02e+00 1.25e-01 -0.013  1.02 | 1.2e+02 4.8e+00 2.796e+00
#7806  4038   1 | 7.50e-01 0.00e+00   +nan  1.00 | 9.49e-01 1.29e-01 +0.200  0.96 | 1.3e+02 5.0e+00 1.432e+00
#7807  2755   1 | 1.02e+00 0.00e+00   +nan  1.00 | 1.13e+00 1.31e-01 +0.155  0.98 | 1.3e+02 5.6e+00 2.302e+00
#7808  1425   1 | 1.11e+00 0.00e+00   +nan  1.00 | 1.02e+00 1.20e-01 +0.216  0.96 | 1.6e+02 5.0e+00 2.223e+00
#7809  2139   1 | 1.17e+00 0.00e+00   +nan  1.00 | 1.17e+00 1.08e-01 +0.114  0.99 | 1.6e+02 4.9e+00 2.716e+00
#7810  2395   1 | 1.08e+00 0.00e+00   +nan  1.00 | 9.93e-01 1.08e-01 +0.147  0.98 | 1.4e+02 4.8e+00 2.127e+00
#7811  4509   1 | 9.16e-01 0.00e+00   +nan  1.00 | 9.51e-01 1.22e-01 +0.211  0.96 | 1.2e+02 4.6e+00 1.709e+00
#7812   780   1 | 1.12e+00 0.00e+00   +nan  1.00 | 1.13e+00 1.25e-01 +0.039  1.00 | 1.4e+02 5.0e+00 2.548e+00
#7813  2362   1 | 1.00e+00 0.00e+00   +nan  1.00 | 9.45e-01 1.31e-01 +0.131  0.98 | 1.4e+02 5.4e+00 1.882e+00
#7814   640   1 | 8.89e-01 0.00e+00   +nan  1.00 | 9.15e-01 1.26e-01 +0.075  1.00 | 1.5e+02 5.2e+00 1.625e+00
#7815  2895   1 | 9.71e-01 0.00e+00   +nan  1.00 | 1.02e+00 1.38e-01 -0.017  1.02 | 1.3e+02 4.9e+00 2.002e+00
#7816  4502   1 | 1.23e+00 0.00e+00   +nan  1.00 | 9.89e-01 1.24e-01 +0.115  0.99 | 1.3e+02 5.2e+00 2.489e+00
#7817  4137   1 | 1.01e+00 0.00e+00   +nan  1.00 | 1.08e+00 1.41e-01 +0.378  0.92 | 1.1e+02 5.5e+00 2.101e+00
#7818  3156   1 | 1.06e+00 0.00e+00   +nan  1.00 | 1.04e+00 1.27e-01 +0.117  0.99 | 1.2e+02 5.0e+00 2.191e+00
#7819   358   1 | 1.29e+00 0.00e+00   +nan  1.00 | 9.64e-01 1.63e-01 +0.117  0.99 | 1.3e+02 6.4e+00 2.596e+00
#7820  3248   1 | 1.66e+00 0.00e+00   +nan  1.00 | 9.65e-01 1.08e-01 +0.095  0.99 | 1.1e+02 5.2e+00 3.685e+00
#7821  2278   1 | 1.07e+00 0.00e+00   +nan  1.00 | 9.97e-01 1.21e-01 +0.128  0.98 | 1.5e+02 5.2e+00 2.133e+00
#7822  2429   1 | 1.40e+00 0.00e+00   +nan  1.00 | 1.01e+00 1.17e-01 +0.016  1.01 | 1.5e+02 5.1e+00 3.005e+00
#7823     8   1 | 1.14e+00 0.00e+00   +nan  1.00 | 9.88e-01 8.65e-02 -0.113  1.03 | 9.6e+01 4.8e+00 2.308e+00
#7824  1729   1 | 1.15e+00 0.00e+00   +nan  1.00 | 9.43e-01 1.26e-01 +0.009  1.02 | 1.8e+02 5.2e+00 2.216e+00
#7825   540   1 | 5.53e-01 0.00e+00   +nan  1.00 | 1.04e+00 1.08e-01 -0.019  1.01 | 1.2e+02 4.9e+00 1.408e+00
#7826   406   1 | 9.98e-01 0.00e+00   +nan  1.00 | 8.61e-01 1.40e-01 +0.031  1.02 | 1.3e+02 5.5e+00 1.750e+00
#7827   557   1 | 9.57e-01 0.00e+00   +nan  1.00 | 1.07e+00 1.27e-01 +0.043  1.00 | 1.2e+02 5.3e+00 2.075e+00
#7828   908   1 | 6.24e-01 0.00e+00   +nan  1.00 | 1.03e+00 9.33e-02 +0.124  0.99 | 1.4e+02 4.5e+00 1.432e+00
#7829   219   1 | 1.03e+00 0.00e+00   +nan  1.00 | 9.92e-01 1.00e-01 +0.064  1.00 | 1.1e+02 4.4e+00 2.032e+00
#7830   449   1 | 7.71e-01 0.00e+00   +nan  1.00 | 9.59e-01 1.08e-01 -0.082  1.03 | 1.1e+02 5.0e+00 1.542e+00
#7831  3824   1 | 7.37e-01 0.00e+00   +nan  1.00 | 1.09e+00 1.27e-01 +0.164  0.98 | 1.1e+02 5.6e+00 1.697e+00
#7832   647   1 | 4.46e-01 0.00e+00   +nan  1.00 | 1.00e+00 9.81e-02 +0.088  0.99 | 1.4e+02 4.6e+00 1.195e+00
#7833   147   1 | 1.12e+00 0.00e+00   +nan  1.00 | 1.01e+00 9.87e-02 +0.113  0.99 | 1.1e+02 4.8e+00 2.260e+00
#7834  3767   1 | 1.07e+00 0.00e+00   +nan  1.00 | 9.68e-01 8.83e-02 +0.251  0.96 | 1.2e+02 4.3e+00 2.049e+00
#7835  4918   1 | 1.16e+00 0.00e+00   +nan  1.00 | 1.05e+00 9.63e-02 +0.292  0.95 | 1.0e+02 4.7e+00 2.395e+00
#7836  1657   1 | 1.11e+00 0.00e+00   +nan  1.00 | 1.06e+00 9.28e-02 -0.092  1.02 | 1.6e+02 4.9e+00 2.375e+00
#7837  2883   1 | 1.29e+00 0.00e+00   +nan  1.00 | 9.27e-01 1.08e-01 +0.119  0.99 | 1.0e+02 4.9e+00 2.517e+00
#7838  4801   1 | 9.69e-01 0.00e+00   +nan  1.00 | 1.06e+00 1.15e-01 +0.280  0.95 | 1.1e+02 5.3e+00 2.015e+00
#7839  2779   1 | 1.05e+00 0.00e+00   +nan  1.00 | 8.36e-01 1.13e-01 +0.215  0.96 | 1.3e+02 5.3e+00 1.766e+00
#7840  4905   1 | 5.70e-01 0.00e+00   +nan  1.00 | 1.05e+00 1.10e-01 +0.359  0.94 | 9.4e+01 5.9e+00 1.362e+00
#7841  1635   1 | 1.11e+00 0.00e+00   +nan  1.00 | 9.80e-01 9.81e-02 +0.100  0.99 | 1.6e+02 4.8e+00 2.187e+00
#7842  4048   1 | 8.37e-01 0.00e+00   +nan  1.00 | 9.54e-01 1.07e-01 +0.245  0.96 | 1.2e+02 5.1e+00 1.571e+00
#7843  3577   1 | 1.09e+00 0.00e+00   +nan  1.00 | 9.70e-01 8.40e-02 +0.046  1.00 | 1.3e+02 4.4e+00 2.128e+00
#7844   974   1 | 5.53e-01 0.00e+00   +nan  1.00 | 1.04e+00 9.94e-02 +0.108  0.99 | 1.4e+02 4.8e+00 1.380e+00
#7845   254   1 | 1.08e+00 0.00e+00   +nan  1.00 | 1.04e+00 1.13e-01 -0.152  1.05 | 1.3e+02 5.1e+00 2.302e+00
#7846  3863   1 | 1.14e+00 0.00e+00   +nan  1.00 | 9.43e-01 1.04e-01 +0.174  0.97 | 1.1e+02 4.7e+00 2.163e+00
#7847   399   1 | 1.13e+00 0.00e+00   +nan  1.00 | 1.05e+00 1.03e-01 +0.143  0.98 | 1.3e+02 5.5e+00 2.372e+00
#7848  1040   1 | 6.24e-01 0.00e+00   +nan  1.00 | 1.03e+00 1.14e-01 +0.084  0.99 | 1.5e+02 5.1e+00 1.441e+00
#7849  3602   1 | 5.93e-01 0.00e+00   +nan  1.00 | 1.05e+00 1.22e-01 +0.134  0.98 | 1.2e+02 4.8e+00 1.439e+00
#7850  3436   1 | 1.17e+00 0.00e+00   +nan  1.00 | 1.17e+00 9.67e-02 +0.134  0.98 | 1.4e+02 4.6e+00 2.706e+00
#7851  1078   1 | 1.08e+00 0.00e+00   +nan  1.00 | 9.97e-01 1.12e-01 -0.028  1.02 | 1.7e+02 5.0e+00 2.173e+00
#7852  1180   1 | 1.05e+00 0.00e+00   +nan  1.00 | 1.08e+00 1.07e-01 +0.262  0.96 | 1.3e+02 4.7e+00 2.224e+00
#7853  2831   1 | 1.22e+00 0.00e+00   +nan  1.00 | 1.10e+00 9.67e-02 +0.250  0.96 | 1.1e+02 4.6e+00 2.675e+00
#7854  4676   1 | 5.78e-01 0.00e+00   +nan  1.00 | 1.08e+00 1.25e-01 +0.169  0.97 | 1.1e+02 5.2e+00 1.479e+00
#7855  4176   1 | 9.76e-01 0.00e+00   +nan  1.00 | 1.07e+00 1.26e-01 +0.224  0.96 | 1.2e+02 5.6e+00 2.062e+00
#7856  4222   1 | 1.02e+00 0.00e+00   +nan  1.00 | 9.45e-01 1.24e-01 +0.068  1.00 | 1.1e+02 5.0e+00 1.927e+00
#7857  2557   1 | 1.30e+00 0.00e+00   +nan  1.00 | 1.04e+00 1.16e-01 +0.014  1.01 | 1.3e+02 5.3e+00 2.783e+00
#7858  2123   1 | 5.70e-01 0.00e+00   +nan  1.00 | 9.77e-01 1.31e-01 -0.127  1.05 | 1.5e+02 5.2e+00 1.330e+00
#7859  2653   1 | 1.11e+00 0.00e+00   +nan  1.00 | 1.06e+00 1.14e-01 -0.002  1.01 | 1.3e+02 5.0e+00 2.369e+00
#7860   798   1 | 1.31e+00 0.00e+00   +nan  1.00 | 1.01e+00 1.12e-01 +0.203  0.97 | 1.4e+02 4.8e+00 2.712e+00
#7861  3626   1 | 9.93e-01 0.00e+00   +nan  1.00 | 1.04e+00 1.12e-01 +0.156  0.98 | 1.0e+02 5.1e+00 2.050e+00
#7862  2253   1 | 1.32e+00 0.00e+00   +nan  1.00 | 1.02e+00 1.21e-01 -0.039  1.02 | 1.5e+02 5.4e+00 2.800e+00
#7863  2765   1 | 1.38e+00 0.00e+00   +nan  1.00 | 1.03e+00 1.29e-01 -0.089  1.04 | 1.2e+02 5.4e+00 3.012e+00
#7864   139   1 | 9.70e-01 0.00e+00   +nan  1.00 | 1.06e+00 9.68e-02 -0.019  1.01 | 1.1e+02 4.6e+00 2.073e+00
#7865  2341   1 | 1.08e+00 0.00e+00   +nan  1.00 | 9.93e-01 1.11e-01 +0.162  0.98 | 1.4e+02 4.8e+00 2.124e+00
#7866   775   1 | 4.94e-01 0.00e+00   +nan  1.00 | 1.12e+00 1.07e-01 +0.058  1.00 | 1.4e+02 4.8e+00 1.490e+00
#7867  1112   1 | 7.71e-01 0.00e+00   +nan  1.00 | 9.59e-01 1.06e-01 +0.011  1.01 | 1.4e+02 4.7e+00 1.523e+00
#7868  4184   1 | 1.31e+00 0.00e+00   +nan  1.00 | 9.64e-01 9.75e-02 +0.324  0.94 | 1.1e+02 4.2e+00 2.586e+00
#7869  4078   1 | 4.50e-01 0.00e+00   +nan  1.00 | 1.00e+00 1.12e-01 +0.008  1.01 | 9.5e+01 5.0e+00 1.216e+00
#7870  1623   1 | 1.09e+00 0.00e+00   +nan  1.00 | 9.37e-01 9.63e-02 +0.099  0.99 | 1.6e+02 5.2e+00 2.055e+00
#7871  2673   1 | 1.00e+00 0.00e+00   +nan  1.00 | 8.61e-01 1.01e-01 +0.104  0.99 | 1.3e+02 5.0e+00 1.734e+00
#7872  2511   1 | 8.30e-01 0.00e+00   +nan  1.00 | 9.42e-01 1.23e-01 +0.157  0.98 | 1.2e+02 5.6e+00 1.555e+00
#7873  1776   1 | 9.71e-01 0.00e+00   +nan  1.00 | 1.02e+00 1.02e-01 +0.027  1.00 | 1.8e+02 5.1e+00 1.983e+00
#7874  3572   1 | 8.88e-01 0.00e+00   +nan  1.00 | 9.51e-01 1.13e-01 +0.141  0.98 | 1.1e+02 5.1e+00 1.676e+00
#7875  4369   1 | 1.09e+00 0.00e+00   +nan  1.00 | 9.68e-01 9.08e-02 +0.266  0.96 | 1.2e+02 4.7e+00 2.080e+00
#7876  2339   1 | 8.25e-01 0.00e+00   +nan  1.00 | 1.01e+00 1.10e-01 -0.063  1.03 | 1.3e+02 5.2e+00 1.734e+00
#7877  4459   1 | 1.10e+00 0.00e+00   +nan  1.00 | 9.82e-01 8.79e-02 +0.220  0.97 | 1.3e+02 4.7e+00 2.144e+00
#7878   360   1 | 1.14e+00 0.00e+00   +nan  1.00 | 9.75e-01 9.98e-02 -0.078  1.03 | 1.3e+02 4.9e+00 2.284e+00
#7879   166   1 | 1.04e+00 0.00e+00   +nan  1.00 | 1.02e+00 9.55e-02 -0.043  1.02 | 1.1e+02 4.8e+00 2.146e+00
#7880  4035   1 | 9.09e-01 0.00e+00   +nan  1.00 | 9.18e-01 1.03e-01 +0.000  1.01 | 1.2e+02 5.1e+00 1.678e+00
#7881  2975   1 | 1.30e+00 0.00e+00   +nan  1.00 | 1.09e+00 8.83e-02 +0.185  0.98 | 1.1e+02 4.7e+00 2.855e+00
#7882  2863   1 | 1.29e+00 0.00e+00   +nan  1.00 | 9.27e-01 1.04e-01 +0.184  0.97 | 1.2e+02 5.1e+00 2.505e+00
#7883  4602   1 | 6.93e-01 0.00e+00   +nan  1.00 | 1.09e+00 9.62e-02 +0.206  0.97 | 1.1e+02 4.5e+00 1.630e+00
#7884  2381   1 | 1.66e+00 0.00e+00   +nan  1.00 | 9.65e-01 8.71e-02 -0.040  1.02 | 1.2e+02 4.7e+00 3.689e+00
#7885  3055   1 | 1.08e+00 0.00e+00   +nan  1.00 | 9.70e-01 1.08e-01 +0.124  0.98 | 1.1e+02 5.2e+00 2.095e+00
#7886   771   1 | 8.89e-01 0.00e+00   +nan  1.00 | 9.15e-01 9.25e-02 -0.008  1.01 | 1.4e+02 5.0e+00 1.637e+00
#7887  4027   1 | 1.10e+00 0.00e+00   +nan  1.00 | 1.08e+00 9.31e-02 +0.125  0.99 | 1.1e+02 4.7e+00 2.374e+00
#7888  4058   1 | 9.60e-01 0.00e+00   +nan  1.00 | 1.06e+00 1.04e-01 +0.149  0.98 | 1.0e+02 5.1e+00 2.032e+00
#7889  1928   1 | 1.12e+00 0.00e+00   +nan  1.00 | 1.13e+00 8.95e-02 -0.013  1.01 | 1.5e+02 5.1e+00 2.546e+00
#7890  3702   1 | 1.29e+00 0.00e+00   +nan  1.00 | 1.12e+00 8.15e-02 +0.121  0.99 | 1.1e+02 4.6e+00 2.910e+00
#7891  3796   1 | 7.14e-01 0.00e+00   +nan  1.00 | 1.00e+00 1.05e-01 +0.148  0.98 | 1.0e+02 5.0e+00 1.495e+00
#7892  4075   1 | 1.05e+00 0.00e+00   +nan  1.00 | 1.03e+00 8.37e-02 +0.041  1.00 | 1.0e+02 4.6e+00 2.161e+00
#7893  3194   1 | 1.13e+00 0.00e+00   +nan  1.00 | 1.01e+00 1.07e-01 +0.177  0.97 | 1.1e+02 4.9e+00 2.256e+00
#7894  3547   1 | 8.43e-01 0.00e+00   +nan  1.00 | 9.54e-01 9.86e-02 -0.002  1.01 | 1.2e+02 5.2e+00 1.630e+00
#7895   606   1 | 1.00e+00 0.00e+00   +nan  1.00 | 1.07e+00 9.50e-02 +0.229  0.97 | 1.4e+02 5.0e+00 2.123e+00
#7896  1826   1 | 1.40e+00 0.00e+00   +nan  1.00 | 1.01e+00 9.88e-02 -0.003  1.01 | 1.5e+02 5.3e+00 3.002e+00
#7897  3576   1 | 1.05e+00 0.00e+00   +nan  1.00 | 8.36e-01 9.67e-02 +0.214  0.96 | 1.2e+02 4.8e+00 1.787e+00
#7898  2292   1 | 5.51e-01 0.00e+00   +nan  1.00 | 1.03e+00 9.28e-02 +0.089  0.99 | 1.4e+02 5.2e+00 1.353e+00
#7899   889   1 | 7.28e-01 0.00e+00   +nan  1.00 | 9.46e-01 7.91e-02 -0.032  1.01 | 1.4e+02 4.5e+00 1.436e+00
#7900  3336   1 | 1.02e+00 0.00e+00   +nan  1.00 | 9.92e-01 9.86e-02 +0.080  0.99 | 1.2e+02 5.2e+00 2.015e+00
#7901  4166   1 | 8.76e-01 0.00e+00   +nan  1.00 | 9.10e-01 9.27e-02 +0.142  0.98 | 1.1e+02 5.2e+00 1.579e+00
#7902  3659   1 | 6.59e-01 0.00e+00   +nan  1.00 | 1.07e+00 1.02e-01 +0.209  0.97 | 1.1e+02 5.0e+00 1.543e+00
#7903  4043   1 | 9.84e-01 0.00e+00   +nan  1.00 | 9.60e-01 8.65e-02 +0.060  1.00 | 1.1e+02 4.7e+00 1.887e+00
#7904  3644   1 | 9.54e-01 0.00e+00   +nan  1.00 | 1.03e+00 9.39e-02 +0.179  0.98 | 9.8e+01 4.8e+00 1.949e+00
#7905   592   1 | 1.23e+00 0.00e+00   +nan  1.00 | 9.89e-01 1.04e-01 +0.128  0.98 | 1.3e+02 5.3e+00 2.484e+00
#7906  2315   1 | 1.02e+00 0.00e+00   +nan  1.00 | 1.13e+00 8.80e-02 -0.030  1.01 | 1.5e+02 4.7e+00 2.338e+00
#7907  1298   1 | 1.35e+00 0.00e+00   +nan  1.00 | 1.00e+00 9.89e-02 -0.063  1.02 | 1.4e+02 5.1e+00 2.838e+00
#7908  3763   1 | 4.75e-01 0.00e+00   +nan  1.00 | 9.87e-01 1.17e-01 +0.207  0.96 | 9.9e+01 5.3e+00 1.166e+00
#7909  3234   1 | 1.18e+00 0.00e+00   +nan  1.00 | 9.58e-01 1.11e-01 +0.019  1.01 | 1.3e+02 5.0e+00 2.315e+00
#7910  2847   1 | 5.17e-01 0.00e+00   +nan  1.00 | 9.97e-01 1.07e-01 +0.005  1.01 | 1.1e+02 5.2e+00 1.272e+00
#7911  2042   1 | 1.20e+00 0.00e+00   +nan  1.00 | 9.11e-01 1.06e-01 +0.105  0.99 | 1.5e+02 5.3e+00 2.272e+00
#7912  1961   1 | 1.29e+00 0.00e+00   +nan  1.00 | 1.08e+00 8.02e-02 +0.134  0.99 | 1.5e+02 5.0e+00 2.811e+00
#7913  1713   1 | 1.20e+00 0.00e+00   +nan  1.00 | 1.05e+00 1.01e-01 +0.146  0.98 | 1.6e+02 4.9e+00 2.538e+00
#7914  2402   1 | 7.42e-01 0.00e+00   +nan  1.00 | 9.49e-01 8.47e-02 +0.037  1.00 | 1.4e+02 4.9e+00 1.453e+00
#7915  2426   1 | 1.10e+00 0.00e+00   +nan  1.00 | 1.02e+00 7.76e-02 +0.284  0.96 | 1.2e+02 4.3e+00 2.213e+00
#7916  3111   1 | 1.10e+00 0.00e+00   +nan  1.00 | 9.80e-01 8.28e-02 -0.054  1.02 | 1.1e+02 4.8e+00 2.184e+00
#7917  2075   1 | 1.14e+00 0.00e+00   +nan  1.00 | 9.88e-01 7.86e-02 -0.144  1.03 | 1.4e+02 4.5e+00 2.303e+00
#7918  1359   1 | 1.30e+00 0.00e+00   +nan  1.00 | 9.27e-01 8.95e-02 +0.087  0.99 | 1.5e+02 4.7e+00 2.530e+00
#7919  3029   1 | 9.59e-01 0.00e+00   +nan  1.00 | 1.03e+00 7.91e-02 +0.171  0.98 | 1.2e+02 4.7e+00 1.964e+00
#7920   786   1 | 1.20e+00 0.00e+00   +nan  1.00 | 1.05e+00 8.90e-02 -0.067  1.02 | 1.3e+02 5.0e+00 2.585e+00
#7921    66   1 | 1.31e+00 0.00e+00   +nan  1.00 | 1.04e+00 9.47e-02 +0.024  1.00 | 1.1e+02 5.4e+00 2.791e+00
#7922  4813   1 | 1.03e+00 0.00e+00   +nan  1.00 | 9.92e-01 7.24e-02 +0.247  0.97 | 9.6e+01 4.8e+00 2.010e+00
#7923  2439   1 | 1.66e+00 0.00e+00   +nan  1.00 | 9.65e-01 7.85e-02 -0.010  1.01 | 1.4e+02 4.4e+00 3.683e+00
#7924  4143   1 | 1.27e+00 0.00e+00   +nan  1.00 | 1.08e+00 8.17e-02 +0.351  0.95 | 1.0e+02 4.9e+00 2.721e+00
#7925  1455   1 | 1.12e+00 0.00e+00   +nan  1.00 | 1.13e+00 9.43e-02 +0.106  0.99 | 1.5e+02 5.1e+00 2.527e+00
#7926  1724   1 | 1.32e+00 0.00e+00   +nan  1.00 | 1.02e+00 1.05e-01 -0.036  1.02 | 1.8e+02 5.8e+00 2.794e+00
#7927  3081   1 | 1.10e+00 0.00e+00   +nan  1.00 | 9.37e-01 1.01e-01 +0.095  0.99 | 1.1e+02 5.2e+00 2.078e+00
#7928  1541   1 | 6.25e-01 0.00e+00   +nan  1.00 | 1.03e+00 8.03e-02 +0.090  0.99 | 1.5e+02 4.9e+00 1.440e+00
#7929  1898   1 | 1.08e+00 0.00e+00   +nan  1.00 | 9.93e-01 8.18e-02 +0.065  1.00 | 1.6e+02 4.7e+00 2.146e+00
#7930  1667   1 | 7.06e-01 0.00e+00   +nan  1.00 | 1.09e+00 8.87e-02 +0.087  0.99 | 1.5e+02 5.4e+00 1.673e+00
#7931  2766   1 | 5.63e-01 0.00e+00   +nan  1.00 | 1.04e+00 1.06e-01 +0.136  0.98 | 1.2e+02 5.3e+00 1.384e+00
#7932   629   1 | 1.40e+00 0.00e+00   +nan  1.00 | 1.01e+00 6.97e-02 -0.112  1.02 | 1.3e+02 4.6e+00 3.012e+00
#7933  4895   1 | 1.15e+00 0.00e+00   +nan  1.00 | 9.88e-01 9.01e-02 +0.310  0.95 | 9.4e+01 5.7e+00 2.249e+00
#7934  2373   1 | 1.04e+00 0.00e+00   +nan  1.00 | 1.08e+00 8.37e-02 +0.273  0.96 | 1.3e+02 4.7e+00 2.216e+00
#7935  3596   1 | 8.44e-01 0.00e+00   +nan  1.00 | 1.01e+00 8.60e-02 +0.097  0.99 | 9.9e+01 5.1e+00 1.729e+00
#7936  3790   1 | 6.58e-01 0.00e+00   +nan  1.00 | 1.07e+00 1.05e-01 +0.077  0.99 | 1.0e+02 5.4e+00 1.571e+00
#7937  1603   1 | 5.79e-01 0.00e+00   +nan  1.00 | 1.05e+00 9.21e-02 +0.089  0.99 | 1.5e+02 5.1e+00 1.434e+00
#7938   550   1 | 7.28e-01 0.00e+00   +nan  1.00 | 9.46e-01 9.08e-02 -0.031  1.02 | 1.3e+02 5.3e+00 1.439e+00
#7939  3988   1 | 9.84e-01 0.00e+00   +nan  1.00 | 1.07e+00 1.00e-01 +0.200  0.97 | 1.1e+02 5.1e+00 2.090e+00
#7940   463   1 | 9.60e-01 0.00e+00   +nan  1.00 | 9.60e-01 9.49e-02 -0.040  1.02 | 1.3e+02 4.7e+00 1.860e+00
#7941  1501   1 | 1.11e+00 0.00e+00   +nan  1.00 | 9.80e-01 9.51e-02 +0.036  1.00 | 1.4e+02 5.0e+00 2.200e+00
#7942   631   1 | 5.69e-01 0.00e+00   +nan  1.00 | 9.77e-01 7.86e-02 +0.017  1.00 | 1.4e+02 5.1e+00 1.282e+00
#7943   386   1 | 9.98e-01 0.00e+00   +nan  1.00 | 8.61e-01 8.01e-02 +0.131  0.98 | 1.3e+02 5.1e+00 1.726e+00
#7944  4584   1 | 1.09e+00 0.00e+00   +nan  1.00 | 1.04e+00 7.25e-02 +0.213  0.98 | 1.1e+02 4.3e+00 2.235e+00
#7945  1614   1 | 1.34e+00 0.00e+00   +nan  1.00 | 1.00e+00 8.66e-02 +0.063  1.00 | 1.5e+02 4.7e+00 2.810e+00
#7946  3501   1 | 8.42e-01 0.00e+00   +nan  1.00 | 9.54e-01 8.93e-02 -0.004  1.01 | 9.4e+01 5.1e+00 1.627e+00
#7947  3869   1 | 1.17e+00 0.00e+00   +nan  1.00 | 9.11e-01 9.02e-02 +0.154  0.98 | 1.0e+02 5.3e+00 2.180e+00
#7948   942   1 | 5.12e-01 0.00e+00   +nan  1.00 | 9.97e-01 9.18e-02 +0.088  0.99 | 1.4e+02 4.8e+00 1.249e+00
#7949  3578   1 | 9.07e-01 0.00e+00   +nan  1.00 | 9.15e-01 8.43e-02 -0.087  1.02 | 1.2e+02 4.7e+00 1.681e+00
#7950  3692   1 | 8.53e-01 0.00e+00   +nan  1.00 | 9.42e-01 9.20e-02 +0.073  1.00 | 1.2e+02 4.8e+00 1.610e+00
#7951  1568   1 | 1.14e+00 0.00e+00   +nan  1.00 | 9.75e-01 8.59e-02 -0.104  1.03 | 1.6e+02 4.8e+00 2.279e+00
#7952   377   1 | 1.11e+00 0.00e+00   +nan  1.00 | 1.06e+00 1.04e-01 -0.189  1.05 | 1.4e+02 5.3e+00 2.400e+00
#7953   661   1 | 9.23e-01 0.00e+00   +nan  1.00 | 9.51e-01 7.79e-02 -0.075  1.02 | 1.4e+02 4.7e+00 1.773e+00
#7954  3025   1 | 1.10e+00 0.00e+00   +nan  1.00 | 1.02e+00 8.19e-02 +0.233  0.97 | 1.0e+02 4.8e+00 2.205e+00
#7955  3819   1 | 1.14e+00 0.00e+00   +nan  1.00 | 9.43e-01 7.71e-02 +0.194  0.98 | 1.1e+02 4.8e+00 2.165e+00
#7956  3308   1 | 1.30e+00 0.00e+00   +nan  1.00 | 9.64e-01 8.51e-02 +0.244  0.96 | 1.1e+02 5.0e+00 2.585e+00
#7957  1072   1 | 1.02e+00 0.00e+00   +nan  1.00 | 1.13e+00 9.30e-02 -0.007  1.01 | 1.6e+02 5.6e+00 2.328e+00
#7958  2741   1 | 4.51e-01 0.00e+00   +nan  1.00 | 1.00e+00 7.51e-02 +0.069  1.00 | 1.2e+02 5.0e+00 1.201e+00
#7959  4039   1 | 1.06e+00 0.00e+00   +nan  1.00 | 8.36e-01 7.42e-02 +0.294  0.96 | 1.2e+02 4.8e+00 1.796e+00
#7960  3194   1 | 1.09e+00 0.00e+00   +nan  1.00 | 9.82e-01 6.28e-02 +0.265  0.97 | 1.1e+02 4.5e+00 2.115e+00
#7961  4195   1 | 5.55e-01 0.00e+00   +nan  1.00 | 1.03e+00 6.95e-02 +0.370  0.95 | 9.3e+01 4.7e+00 1.319e+00
#7962  2691   1 | 1.17e+00 0.00e+00   +nan  1.00 | 1.17e+00 7.50e-02 +0.165  0.98 | 1.2e+02 4.6e+00 2.708e+00
#7963  3665   1 | 1.10e+00 0.00e+00   +nan  1.00 | 1.08e+00 8.07e-02 +0.129  0.99 | 9.2e+01 5.0e+00 2.362e+00
#7964  3339   1 | 1.09e+00 0.00e+00   +nan  1.00 | 9.70e-01 6.94e-02 +0.148  0.98 | 1.2e+02 4.5e+00 2.103e+00
#7965   112   1 | 1.00e+00 0.00e+00   +nan  1.00 | 1.07e+00 9.71e-02 +0.179  0.98 | 1.1e+02 5.7e+00 2.134e+00
#7966  3311   1 | 9.71e-01 0.00e+00   +nan  1.00 | 1.02e+00 1.02e-01 +0.073  1.00 | 1.1e+02 5.7e+00 1.974e+00
#7967  1909   1 | 1.22e+00 0.00e+00   +nan  1.00 | 1.10e+00 8.36e-02 +0.219  0.97 | 1.6e+02 5.0e+00 2.682e+00
#7968  4551   1 | 1.08e+00 0.00e+00   +nan  1.00 | 9.97e-01 8.20e-02 +0.316  0.95 | 1.0e+02 5.1e+00 2.122e+00
#7969  2496   1 | 1.18e+00 0.00e+00   +nan  1.00 | 9.58e-01 6.80e-02 -0.066  1.01 | 1.2e+02 4.0e+00 2.320e+00
#7970  3620   1 | 1.07e+00 0.00e+00   +nan  1.00 | 9.68e-01 7.56e-02 +0.119  0.99 | 1.0e+02 4.7e+00 2.074e+00
#7971  1532   1 | 1.30e+00 0.00e+00   +nan  1.00 | 1.09e+00 8.03e-02 -0.040  1.01 | 1.6e+02 4.6e+00 2.915e+00
#7972  3009   1 | 1.13e+00 0.00e+00   +nan  1.00 | 1.01e+00 9.54e-02 +0.128  0.98 | 1.1e+02 5.0e+00 2.265e+00
#7973  2692   1 | 1.31e+00 0.00e+00   +nan  1.00 | 1.12e+00 6.46e-02 +0.050  1.00 | 1.3e+02 4.2e+00 2.978e+00
#7974  3772   1 | 1.20e+00 0.00e+00   +nan  1.00 | 9.89e-01 1.04e-01 +0.156  0.98 | 1.2e+02 5.4e+00 2.404e+00
#7975  2841   1 | 7.81e-01 0.00e+00   +nan  1.00 | 9.59e-01 8.12e-02 +0.105  0.99 | 1.0e+02 4.5e+00 1.519e+00
#7976  4763   1 | 6.94e-01 0.00e+00   +nan  1.00 | 1.00e+00 1.21e-01 +0.312  0.94 | 9.5e+01 5.7e+00 1.425e+00
#7977  1263   1 | 9.98e-01 0.00e+00   +nan  1.00 | 9.45e-01 1.06e-01 +0.009  1.01 | 1.3e+02 5.2e+00 1.900e+00
#7978   980   1 | 1.13e+00 0.00e+00   +nan  1.00 | 1.05e+00 8.43e-02 +0.128  0.99 | 1.6e+02 4.4e+00 2.376e+00
#7979  3785   1 | 4.75e-01 0.00e+00   +nan  1.00 | 9.87e-01 9.90e-02 +0.259  0.96 | 1.2e+02 4.7e+00 1.160e+00
#7980  1580   1 | 9.75e-01 0.00e+00   +nan  1.00 | 1.04e+00 8.57e-02 +0.206  0.97 | 1.7e+02 4.6e+00 2.008e+00
#7981  2901   1 | 1.06e+00 0.00e+00   +nan  1.00 | 1.03e+00 1.06e-01 +0.089  0.99 | 1.1e+02 4.9e+00 2.173e+00
#7982  1645   1 | 9.70e-01 0.00e+00   +nan  1.00 | 1.06e+00 1.09e-01 +0.115  0.99 | 1.5e+02 4.9e+00 2.046e+00
#7983  1827   1 | 1.31e+00 0.00e+00   +nan  1.00 | 1.01e+00 1.13e-01 +0.031  1.01 | 1.6e+02 4.8e+00 2.744e+00
#7984  3012   1 | 8.65e-01 0.00e+00   +nan  1.00 | 9.10e-01 1.32e-01 +0.070  1.00 | 1.1e+02 5.6e+00 1.577e+00
#7985  3466   1 | 9.12e-01 0.00e+00   +nan  1.00 | 9.18e-01 1.10e-01 +0.194  0.97 | 1.2e+02 4.8e+00 1.646e+00
#7986  2756   1 | 1.04e+00 0.00e+00   +nan  1.00 | 1.02e+00 1.10e-01 +0.099  0.99 | 1.3e+02 5.1e+00 2.103e+00
#7987  4767   1 | 5.75e-01 0.00e+00   +nan  1.00 | 1.08e+00 1.30e-01 +0.173  0.97 | 1.1e+02 5.4e+00 1.474e+00
#7988  1959   1 | 1.38e+00 0.00e+00   +nan  1.00 | 1.03e+00 1.31e-01 -0.061  1.03 | 1.5e+02 4.9e+00 2.994e+00
#7989   630   1 | 9.65e-01 0.00e+00   +nan  1.00 | 1.06e+00 1.02e-01 +0.060  1.00 | 1.4e+02 4.6e+00 2.060e+00
#7990  1027   1 | 7.38e-01 0.00e+00   +nan  1.00 | 9.49e-01 1.19e-01 +0.055  1.00 | 1.3e+02 5.2e+00 1.447e+00
#7991  1692   1 | 4.95e-01 0.00e+00   +nan  1.00 | 1.12e+00 1.18e-01 +0.087  0.99 | 1.8e+02 4.8e+00 1.484e+00
#7992  2875   1 | 6.33e-01 0.00e+00   +nan  1.00 | 1.03e+00 1.21e-01 +0.095  0.99 | 1.2e+02 5.7e+00 1.450e+00
#7993   386   1 | 8.89e-01 0.00e+00   +nan  1.00 | 9.15e-01 9.41e-02 -0.010  1.01 | 1.3e+02 4.6e+00 1.637e+00
#7994  3017   1 | 1.11e+00 0.00e+00   +nan  1.00 | 1.13e+00 1.02e-01 -0.034  1.01 | 1.2e+02 4.7e+00 2.525e+00
#7995  3219   1 | 9.86e-01 0.00e+00   +nan  1.00 | 1.04e+00 9.70e-02 +0.168  0.98 | 1.1e+02 4.4e+00 2.035e+00
#7996  3910   1 | 5.20e-01 0.00e+00   +nan  1.00 | 9.97e-01 1.13e-01 +0.209  0.97 | 1.1e+02 5.2e+00 1.229e+00
#7997  1242   1 | 5.97e-01 0.00e+00   +nan  1.00 | 1.08e+00 8.73e-02 +0.046  1.00 | 1.5e+02 4.4e+00 1.530e+00
#7998  1803   1 | 7.29e-01 0.00e+00   +nan  1.00 | 9.46e-01 1.13e-01 -0.043  1.02 | 1.6e+02 5.2e+00 1.448e+00
#7999   339   1 | 1.21e+00 0.00e+00   +nan  1.00 | 9.11e-01 9.23e-02 +0.019  1.01 | 1.2e+02 4.8e+00 2.296e+00

Done in 2158.0s, 8000 steps

=== AGGREGATE over last 50 steps ===
  ratio_tr (mean):   1.000    (lower=better, baseline=1.0)
  ratio_p  (mean):   0.990    (lower=better, baseline=1.0)
  |cos_tr| (mean):   nan    (higher=better)
  |cos_p|  (mean):   0.132    (higher=better)
  pred_tr_rms (mean):0.000e+00
  pred_p_rms  (mean):9.465e-02
  loss     (mean):   2.022

Legend: ratio < 0.5 -> learning. cos|>| > 0.3 -> direction-aligned.

[save] wrote /home/haotiant/Projects/CMU/dtmol/dtmol/models/bindingpose_20260507_fixE_fcc_Al_long/ckpt-8000.pt (715.8MB)
[save] best ckpt at step 4400 (ratio_p=0.9808) -> /home/haotiant/Projects/CMU/dtmol/dtmol/models/bindingpose_20260507_fixE_fcc_Al_long/ckpt-best-step4400.pt
/home/haotiant/conda/envs/dtmol/lib/python3.8/site-packages/torch/jit/_check.py:177: UserWarning: The TorchScript type system doesn't support instance-level annotations on empty non-base types in `__init__`. Instead, either 1) use a type annotation in the class body, or 2) wrap the type in `torch.jit.Attribute`.
  warnings.warn(
/home/haotiant/conda/envs/dtmol/lib/python3.8/site-packages/torch/jit/_check.py:177: UserWarning: The TorchScript type system doesn't support instance-level annotations on empty non-base types in `__init__`. Instead, either 1) use a type annotation in the class body, or 2) wrap the type in `torch.jit.Attribute`.
  warnings.warn(
/home/haotiant/conda/envs/dtmol/lib/python3.8/site-packages/torch/jit/_check.py:177: UserWarning: The TorchScript type system doesn't support instance-level annotations on empty non-base types in `__init__`. Instead, either 1) use a type annotation in the class body, or 2) wrap the type in `torch.jit.Attribute`.
  warnings.warn(
/home/haotiant/conda/envs/dtmol/lib/python3.8/site-packages/torch/jit/_check.py:177: UserWarning: The TorchScript type system doesn't support instance-level annotations on empty non-base types in `__init__`. Instead, either 1) use a type annotation in the class body, or 2) wrap the type in `torch.jit.Attribute`.
  warnings.warn(
/home/haotiant/conda/envs/dtmol/lib/python3.8/site-packages/torch/jit/_check.py:177: UserWarning: The TorchScript type system doesn't support instance-level annotations on empty non-base types in `__init__`. Instead, either 1) use a type annotation in the class body, or 2) wrap the type in `torch.jit.Attribute`.
  warnings.warn(
/home/haotiant/conda/envs/dtmol/lib/python3.8/site-packages/torch/jit/_check.py:177: UserWarning: The TorchScript type system doesn't support instance-level annotations on empty non-base types in `__init__`. Instead, either 1) use a type annotation in the class body, or 2) wrap the type in `torch.jit.Attribute`.
  warnings.warn(
/home/haotiant/conda/envs/dtmol/lib/python3.8/site-packages/torch/jit/_check.py:177: UserWarning: The TorchScript type system doesn't support instance-level annotations on empty non-base types in `__init__`. Instead, either 1) use a type annotation in the class body, or 2) wrap the type in `torch.jit.Attribute`.
  warnings.warn(
/home/haotiant/conda/envs/dtmol/lib/python3.8/site-packages/torch/jit/_check.py:177: UserWarning: The TorchScript type system doesn't support instance-level annotations on empty non-base types in `__init__`. Instead, either 1) use a type annotation in the class body, or 2) wrap the type in `torch.jit.Attribute`.
  warnings.warn(
