/home/haotiant/conda/envs/dtmol/lib/python3.8/site-packages/torch/jit/_check.py:177: UserWarning: The TorchScript type system doesn't support instance-level annotations on empty non-base types in `__init__`. Instead, either 1) use a type annotation in the class body, or 2) wrap the type in `torch.jit.Attribute`.
  warnings.warn(
/home/haotiant/conda/envs/dtmol/lib/python3.8/site-packages/torch/jit/_check.py:177: UserWarning: The TorchScript type system doesn't support instance-level annotations on empty non-base types in `__init__`. Instead, either 1) use a type annotation in the class body, or 2) wrap the type in `torch.jit.Attribute`.
  warnings.warn(
/home/haotiant/conda/envs/dtmol/lib/python3.8/site-packages/torch/jit/_check.py:177: UserWarning: The TorchScript type system doesn't support instance-level annotations on empty non-base types in `__init__`. Instead, either 1) use a type annotation in the class body, or 2) wrap the type in `torch.jit.Attribute`.
  warnings.warn(
/home/haotiant/conda/envs/dtmol/lib/python3.8/site-packages/torch/jit/_check.py:177: UserWarning: The TorchScript type system doesn't support instance-level annotations on empty non-base types in `__init__`. Instead, either 1) use a type annotation in the class body, or 2) wrap the type in `torch.jit.Attribute`.
  warnings.warn(
/home/haotiant/conda/envs/dtmol/lib/python3.8/site-packages/torch/jit/_check.py:177: UserWarning: The TorchScript type system doesn't support instance-level annotations on empty non-base types in `__init__`. Instead, either 1) use a type annotation in the class body, or 2) wrap the type in `torch.jit.Attribute`.
  warnings.warn(
/home/haotiant/conda/envs/dtmol/lib/python3.8/site-packages/torch/jit/_check.py:177: UserWarning: The TorchScript type system doesn't support instance-level annotations on empty non-base types in `__init__`. Instead, either 1) use a type annotation in the class body, or 2) wrap the type in `torch.jit.Attribute`.
  warnings.warn(
/home/haotiant/conda/envs/dtmol/lib/python3.8/site-packages/torch/jit/_check.py:177: UserWarning: The TorchScript type system doesn't support instance-level annotations on empty non-base types in `__init__`. Instead, either 1) use a type annotation in the class body, or 2) wrap the type in `torch.jit.Attribute`.
  warnings.warn(
/home/haotiant/conda/envs/dtmol/lib/python3.8/site-packages/torch/jit/_check.py:177: UserWarning: The TorchScript type system doesn't support instance-level annotations on empty non-base types in `__init__`. Instead, either 1) use a type annotation in the class body, or 2) wrap the type in `torch.jit.Attribute`.
  warnings.warn(
/home/haotiant/conda/envs/dtmol/lib/python3.8/site-packages/torch/jit/_check.py:177: UserWarning: The TorchScript type system doesn't support instance-level annotations on empty non-base types in `__init__`. Instead, either 1) use a type annotation in the class body, or 2) wrap the type in `torch.jit.Attribute`.
  warnings.warn(
/home/haotiant/conda/envs/dtmol/lib/python3.8/site-packages/torch/jit/_check.py:177: UserWarning: The TorchScript type system doesn't support instance-level annotations on empty non-base types in `__init__`. Instead, either 1) use a type annotation in the class body, or 2) wrap the type in `torch.jit.Attribute`.
  warnings.warn(
/home/haotiant/conda/envs/dtmol/lib/python3.8/site-packages/torch/jit/_check.py:177: UserWarning: The TorchScript type system doesn't support instance-level annotations on empty non-base types in `__init__`. Instead, either 1) use a type annotation in the class body, or 2) wrap the type in `torch.jit.Attribute`.
  warnings.warn(
/home/haotiant/conda/envs/dtmol/lib/python3.8/site-packages/torch/jit/_check.py:177: UserWarning: The TorchScript type system doesn't support instance-level annotations on empty non-base types in `__init__`. Instead, either 1) use a type annotation in the class body, or 2) wrap the type in `torch.jit.Attribute`.
  warnings.warn(
/home/haotiant/conda/envs/dtmol/lib/python3.8/site-packages/torch/jit/_check.py:177: UserWarning: The TorchScript type system doesn't support instance-level annotations on empty non-base types in `__init__`. Instead, either 1) use a type annotation in the class body, or 2) wrap the type in `torch.jit.Attribute`.
  warnings.warn(
/home/haotiant/conda/envs/dtmol/lib/python3.8/site-packages/torch/jit/_check.py:177: UserWarning: The TorchScript type system doesn't support instance-level annotations on empty non-base types in `__init__`. Instead, either 1) use a type annotation in the class body, or 2) wrap the type in `torch.jit.Attribute`.
  warnings.warn(
/home/haotiant/conda/envs/dtmol/lib/python3.8/site-packages/torch/jit/_check.py:177: UserWarning: The TorchScript type system doesn't support instance-level annotations on empty non-base types in `__init__`. Instead, either 1) use a type annotation in the class body, or 2) wrap the type in `torch.jit.Attribute`.
  warnings.warn(
/home/haotiant/conda/envs/dtmol/lib/python3.8/site-packages/torch/jit/_check.py:177: UserWarning: The TorchScript type system doesn't support instance-level annotations on empty non-base types in `__init__`. Instead, either 1) use a type annotation in the class body, or 2) wrap the type in `torch.jit.Attribute`.
  warnings.warn(
/home/haotiant/conda/envs/dtmol/lib/python3.8/site-packages/torch/jit/_check.py:177: UserWarning: The TorchScript type system doesn't support instance-level annotations on empty non-base types in `__init__`. Instead, either 1) use a type annotation in the class body, or 2) wrap the type in `torch.jit.Attribute`.
  warnings.warn(
/home/haotiant/conda/envs/dtmol/lib/python3.8/site-packages/torch/jit/_check.py:177: UserWarning: The TorchScript type system doesn't support instance-level annotations on empty non-base types in `__init__`. Instead, either 1) use a type annotation in the class body, or 2) wrap the type in `torch.jit.Attribute`.
  warnings.warn(
/home/haotiant/conda/envs/dtmol/lib/python3.8/site-packages/torch/jit/_check.py:177: UserWarning: The TorchScript type system doesn't support instance-level annotations on empty non-base types in `__init__`. Instead, either 1) use a type annotation in the class body, or 2) wrap the type in `torch.jit.Attribute`.
  warnings.warn(
/home/haotiant/conda/envs/dtmol/lib/python3.8/site-packages/torch/jit/_check.py:177: UserWarning: The TorchScript type system doesn't support instance-level annotations on empty non-base types in `__init__`. Instead, either 1) use a type annotation in the class body, or 2) wrap the type in `torch.jit.Attribute`.
  warnings.warn(
/home/haotiant/conda/envs/dtmol/lib/python3.8/site-packages/torch/jit/_check.py:177: UserWarning: The TorchScript type system doesn't support instance-level annotations on empty non-base types in `__init__`. Instead, either 1) use a type annotation in the class body, or 2) wrap the type in `torch.jit.Attribute`.
  warnings.warn(
/home/haotiant/conda/envs/dtmol/lib/python3.8/site-packages/torch/jit/_check.py:177: UserWarning: The TorchScript type system doesn't support instance-level annotations on empty non-base types in `__init__`. Instead, either 1) use a type annotation in the class body, or 2) wrap the type in `torch.jit.Attribute`.
  warnings.warn(
/home/haotiant/conda/envs/dtmol/lib/python3.8/site-packages/torch/jit/_check.py:177: UserWarning: The TorchScript type system doesn't support instance-level annotations on empty non-base types in `__init__`. Instead, either 1) use a type annotation in the class body, or 2) wrap the type in `torch.jit.Attribute`.
  warnings.warn(
/home/haotiant/conda/envs/dtmol/lib/python3.8/site-packages/torch/jit/_check.py:177: UserWarning: The TorchScript type system doesn't support instance-level annotations on empty non-base types in `__init__`. Instead, either 1) use a type annotation in the class body, or 2) wrap the type in `torch.jit.Attribute`.
  warnings.warn(
/home/haotiant/conda/envs/dtmol/lib/python3.8/site-packages/torch/jit/_check.py:177: UserWarning: The TorchScript type system doesn't support instance-level annotations on empty non-base types in `__init__`. Instead, either 1) use a type annotation in the class body, or 2) wrap the type in `torch.jit.Attribute`.
  warnings.warn(
/home/haotiant/conda/envs/dtmol/lib/python3.8/site-packages/torch/jit/_check.py:177: UserWarning: The TorchScript type system doesn't support instance-level annotations on empty non-base types in `__init__`. Instead, either 1) use a type annotation in the class body, or 2) wrap the type in `torch.jit.Attribute`.
  warnings.warn(
/home/haotiant/conda/envs/dtmol/lib/python3.8/site-packages/torch/jit/_check.py:177: UserWarning: The TorchScript type system doesn't support instance-level annotations on empty non-base types in `__init__`. Instead, either 1) use a type annotation in the class body, or 2) wrap the type in `torch.jit.Attribute`.
  warnings.warn(
/home/haotiant/conda/envs/dtmol/lib/python3.8/site-packages/torch/jit/_check.py:177: UserWarning: The TorchScript type system doesn't support instance-level annotations on empty non-base types in `__init__`. Instead, either 1) use a type annotation in the class body, or 2) wrap the type in `torch.jit.Attribute`.
  warnings.warn(
/home/haotiant/conda/envs/dtmol/lib/python3.8/site-packages/torch/jit/_check.py:177: UserWarning: The TorchScript type system doesn't support instance-level annotations on empty non-base types in `__init__`. Instead, either 1) use a type annotation in the class body, or 2) wrap the type in `torch.jit.Attribute`.
  warnings.warn(
/home/haotiant/conda/envs/dtmol/lib/python3.8/site-packages/torch/jit/_check.py:177: UserWarning: The TorchScript type system doesn't support instance-level annotations on empty non-base types in `__init__`. Instead, either 1) use a type annotation in the class body, or 2) wrap the type in `torch.jit.Attribute`.
  warnings.warn(
/home/haotiant/conda/envs/dtmol/lib/python3.8/site-packages/torch/jit/_check.py:177: UserWarning: The TorchScript type system doesn't support instance-level annotations on empty non-base types in `__init__`. Instead, either 1) use a type annotation in the class body, or 2) wrap the type in `torch.jit.Attribute`.
  warnings.warn(
/home/haotiant/conda/envs/dtmol/lib/python3.8/site-packages/torch/jit/_check.py:177: UserWarning: The TorchScript type system doesn't support instance-level annotations on empty non-base types in `__init__`. Instead, either 1) use a type annotation in the class body, or 2) wrap the type in `torch.jit.Attribute`.
  warnings.warn(
/home/haotiant/conda/envs/dtmol/lib/python3.8/site-packages/torch/jit/_check.py:177: UserWarning: The TorchScript type system doesn't support instance-level annotations on empty non-base types in `__init__`. Instead, either 1) use a type annotation in the class body, or 2) wrap the type in `torch.jit.Attribute`.
  warnings.warn(
/home/haotiant/conda/envs/dtmol/lib/python3.8/site-packages/torch/jit/_check.py:177: UserWarning: The TorchScript type system doesn't support instance-level annotations on empty non-base types in `__init__`. Instead, either 1) use a type annotation in the class body, or 2) wrap the type in `torch.jit.Attribute`.
  warnings.warn(
/home/haotiant/conda/envs/dtmol/lib/python3.8/site-packages/torch/jit/_check.py:177: UserWarning: The TorchScript type system doesn't support instance-level annotations on empty non-base types in `__init__`. Instead, either 1) use a type annotation in the class body, or 2) wrap the type in `torch.jit.Attribute`.
  warnings.warn(
/home/haotiant/conda/envs/dtmol/lib/python3.8/site-packages/torch/jit/_check.py:177: UserWarning: The TorchScript type system doesn't support instance-level annotations on empty non-base types in `__init__`. Instead, either 1) use a type annotation in the class body, or 2) wrap the type in `torch.jit.Attribute`.
  warnings.warn(
/home/haotiant/conda/envs/dtmol/lib/python3.8/site-packages/torch/jit/_check.py:177: UserWarning: The TorchScript type system doesn't support instance-level annotations on empty non-base types in `__init__`. Instead, either 1) use a type annotation in the class body, or 2) wrap the type in `torch.jit.Attribute`.
  warnings.warn(
/home/haotiant/conda/envs/dtmol/lib/python3.8/site-packages/torch/jit/_check.py:177: UserWarning: The TorchScript type system doesn't support instance-level annotations on empty non-base types in `__init__`. Instead, either 1) use a type annotation in the class body, or 2) wrap the type in `torch.jit.Attribute`.
  warnings.warn(
/home/haotiant/conda/envs/dtmol/lib/python3.8/site-packages/torch/jit/_check.py:177: UserWarning: The TorchScript type system doesn't support instance-level annotations on empty non-base types in `__init__`. Instead, either 1) use a type annotation in the class body, or 2) wrap the type in `torch.jit.Attribute`.
  warnings.warn(
/home/haotiant/conda/envs/dtmol/lib/python3.8/site-packages/torch/jit/_check.py:177: UserWarning: The TorchScript type system doesn't support instance-level annotations on empty non-base types in `__init__`. Instead, either 1) use a type annotation in the class body, or 2) wrap the type in `torch.jit.Attribute`.
  warnings.warn(
/home/haotiant/conda/envs/dtmol/lib/python3.8/site-packages/torch/jit/_check.py:177: UserWarning: The TorchScript type system doesn't support instance-level annotations on empty non-base types in `__init__`. Instead, either 1) use a type annotation in the class body, or 2) wrap the type in `torch.jit.Attribute`.
  warnings.warn(
/home/haotiant/conda/envs/dtmol/lib/python3.8/site-packages/torch/jit/_check.py:177: UserWarning: The TorchScript type system doesn't support instance-level annotations on empty non-base types in `__init__`. Instead, either 1) use a type annotation in the class body, or 2) wrap the type in `torch.jit.Attribute`.
  warnings.warn(
/home/haotiant/conda/envs/dtmol/lib/python3.8/site-packages/torch/jit/_check.py:177: UserWarning: The TorchScript type system doesn't support instance-level annotations on empty non-base types in `__init__`. Instead, either 1) use a type annotation in the class body, or 2) wrap the type in `torch.jit.Attribute`.
  warnings.warn(
/home/haotiant/conda/envs/dtmol/lib/python3.8/site-packages/torch/jit/_check.py:177: UserWarning: The TorchScript type system doesn't support instance-level annotations on empty non-base types in `__init__`. Instead, either 1) use a type annotation in the class body, or 2) wrap the type in `torch.jit.Attribute`.
  warnings.warn(
/home/haotiant/conda/envs/dtmol/lib/python3.8/site-packages/torch/jit/_check.py:177: UserWarning: The TorchScript type system doesn't support instance-level annotations on empty non-base types in `__init__`. Instead, either 1) use a type annotation in the class body, or 2) wrap the type in `torch.jit.Attribute`.
  warnings.warn(
/home/haotiant/conda/envs/dtmol/lib/python3.8/site-packages/torch/jit/_check.py:177: UserWarning: The TorchScript type system doesn't support instance-level annotations on empty non-base types in `__init__`. Instead, either 1) use a type annotation in the class body, or 2) wrap the type in `torch.jit.Attribute`.
  warnings.warn(
/home/haotiant/conda/envs/dtmol/lib/python3.8/site-packages/torch/jit/_check.py:177: UserWarning: The TorchScript type system doesn't support instance-level annotations on empty non-base types in `__init__`. Instead, either 1) use a type annotation in the class body, or 2) wrap the type in `torch.jit.Attribute`.
  warnings.warn(
/home/haotiant/conda/envs/dtmol/lib/python3.8/site-packages/torch/jit/_check.py:177: UserWarning: The TorchScript type system doesn't support instance-level annotations on empty non-base types in `__init__`. Instead, either 1) use a type annotation in the class body, or 2) wrap the type in `torch.jit.Attribute`.
  warnings.warn(
fused_multi_tensor is not installed corrected
fused_rounding is not installed corrected
fused_layer_norm is not installed corrected
fused_softmax is not installed corrected
unicore_fused_layernorm is not installed corrected
apex fused layer norm is not installed correctly, apex will be disabled.
[fix-E] filtered dataset 0 'unit_cell_synth' to 584 records matching prefixes ('fcc_',)
[warm-start] loaded ['ligand_encoder', 'protein_encoder', 'decoder'] from dtmol/models/bindingpose_20260506_fixE_fcc_Al/ckpt-2000.pt
[mode] all nn.Dropout p=0 (BN still in train mode)
#  i mol_t sgl |    tg_tr    pr_tr cos_tr  r_tr |     tg_p     pr_p  cos_p   r_p |     dec    node     loss
#  0  3680   1 | 9.90e-01 5.59e-03 +0.021  1.00 | 1.01e+00 3.27e-01 +0.149  1.01 | 1.3e+00 4.6e+00 2.001e+00
#  1  2136   1 | 8.92e-01 3.83e-04 +0.023  1.00 | 1.03e+00 8.48e-02 +0.061  1.00 | 1.2e+00 3.2e+00 1.857e+00
#  2  1716   1 | 6.94e-01 1.79e-03 +0.334  1.00 | 1.11e+00 3.02e-01 -0.055  1.10 | 1.2e+00 3.7e+00 1.834e+00
#  3  3587   1 | 1.11e+00 4.59e-04 +0.119  1.00 | 1.03e+00 1.14e-01 +0.012  1.01 | 1.3e+00 4.2e+00 2.302e+00
#  4  2908   1 | 9.59e-01 1.21e-03 +0.569  1.00 | 9.75e-01 7.05e-02 +0.019  1.00 | 1.2e+00 4.4e+00 1.870e+00
#  5  4461   1 | 5.75e-01 1.41e-03 -0.164  1.00 | 1.06e+00 1.97e-01 +0.138  0.98 | 1.4e+00 3.4e+00 1.433e+00
#  6  1307   1 | 1.13e+00 2.76e-03 -0.223  1.00 | 9.68e-01 2.14e-01 -0.077  1.08 | 1.2e+00 3.5e+00 2.285e+00
#  7  3818   1 | 1.15e+00 3.20e-03 -0.016  1.00 | 9.72e-01 2.10e-01 +0.229  0.95 | 1.4e+00 4.1e+00 2.216e+00
#  8   196   1 | 1.08e+00 6.03e-04 +0.523  1.00 | 9.62e-01 1.49e-01 -0.048  1.04 | 1.3e+00 4.3e+00 2.127e+00
#  9  4105   1 | 7.51e-01 3.13e-03 -0.404  1.00 | 9.98e-01 1.68e-01 +0.164  0.97 | 1.4e+00 4.5e+00 1.536e+00
# 10   328   1 | 1.65e+00 2.65e-03 +0.043  1.00 | 9.32e-01 3.28e-01 +0.052  1.09 | 1.2e+00 4.2e+00 3.670e+00
# 11  4249   1 | 1.12e+00 9.22e-04 +0.041  1.00 | 1.02e+00 4.75e-02 +0.105  0.99 | 1.3e+00 3.4e+00 2.302e+00
# 12  2460   1 | 1.42e+00 1.71e-03 -0.286  1.00 | 1.07e+00 2.11e-01 -0.012  1.04 | 1.3e+00 3.9e+00 3.208e+00
# 13  3105   1 | 1.10e+00 1.62e-03 -0.139  1.00 | 1.00e+00 4.60e-02 +0.046  1.00 | 1.3e+00 3.7e+00 2.210e+00
# 14  1484   1 | 9.95e-01 9.74e-04 +0.265  1.00 | 1.04e+00 7.61e-02 +0.064  1.00 | 1.2e+00 3.7e+00 2.064e+00
# 15    14   1 | 8.22e-01 4.75e-03 -0.509  1.01 | 1.01e+00 2.06e-01 +0.021  1.03 | 1.2e+00 4.4e+00 1.739e+00
# 16  2935   1 | 9.84e-01 4.61e-04 +0.599  1.00 | 1.01e+00 3.96e-02 +0.045  1.00 | 1.3e+00 3.9e+00 1.981e+00
# 17  3109   1 | 1.24e+00 1.35e-03 +0.448  1.00 | 1.05e+00 1.21e-01 +0.096  0.99 | 1.3e+00 4.0e+00 2.637e+00
# 18  2073   1 | 9.17e-01 1.31e-03 +0.189  1.00 | 9.99e-01 6.54e-02 +0.109  0.99 | 1.3e+00 5.0e+00 1.828e+00
# 19   322   1 | 4.05e-01 8.40e-04 +0.623  1.00 | 9.99e-01 1.41e-01 +0.044  1.01 | 1.2e+00 2.9e+00 1.169e+00
# 20  4994   1 | 7.69e-01 7.28e-04 -0.061  1.00 | 9.92e-01 1.89e-02 +0.306  0.99 | 1.2e+00 3.9e+00 1.564e+00
# 21  1649   1 | 1.12e+00 1.19e-03 +0.123  1.00 | 9.78e-01 1.19e-02 +0.066  1.00 | 1.2e+00 4.6e+00 2.219e+00
# 22  4696   1 | 1.30e+00 1.94e-03 -0.234  1.00 | 1.02e+00 2.35e-01 +0.121  1.00 | 1.3e+00 3.7e+00 2.712e+00
# 23  2262   1 | 1.66e+00 3.30e-04 +0.010  1.00 | 9.69e-01 6.84e-02 -0.049  1.01 | 1.2e+00 3.0e+00 3.691e+00
# 24  3897   1 | 1.17e+00 3.17e-03 +0.280  1.00 | 1.08e+00 2.57e-01 +0.051  1.03 | 1.3e+00 4.3e+00 2.567e+00
# 25  3142   1 | 8.00e-01 1.33e-03 -0.212  1.00 | 9.93e-01 7.57e-02 +0.139  0.98 | 1.2e+00 4.3e+00 1.610e+00
# 26  1089   1 | 7.42e-01 7.15e-04 +0.088  1.00 | 1.02e+00 7.07e-02 +0.030  1.00 | 1.2e+00 3.4e+00 1.588e+00
# 27   911   1 | 1.31e+00 1.10e-03 -0.469  1.00 | 9.89e-01 3.36e-02 +0.017  1.00 | 1.2e+00 3.6e+00 2.699e+00
# 28   755   1 | 1.27e+00 9.67e-04 -0.046  1.00 | 1.04e+00 1.30e-01 +0.059  1.00 | 1.2e+00 3.3e+00 2.694e+00
# 29  3373   1 | 7.99e-01 9.68e-04 -0.524  1.00 | 9.24e-01 1.44e-01 +0.144  0.98 | 1.3e+00 3.9e+00 1.477e+00
# 30    97   1 | 8.70e-01 1.29e-03 +0.173  1.00 | 1.14e+00 1.62e-01 -0.068  1.04 | 1.2e+00 4.2e+00 2.098e+00
# 31  1787   1 | 3.50e-01 9.40e-04 +0.086  1.00 | 9.44e-01 5.80e-02 +0.060  1.00 | 1.2e+00 2.8e+00 1.011e+00
# 32  2001   1 | 1.10e+00 4.21e-04 +0.073  1.00 | 1.19e+00 1.60e-01 +0.101  0.99 | 1.2e+00 4.8e+00 2.621e+00
# 33   821   1 | 1.08e+00 1.98e-03 -0.169  1.00 | 9.97e-01 1.08e-01 +0.155  0.98 | 1.2e+00 3.1e+00 2.134e+00
# 34  4978   1 | 8.64e-01 3.35e-03 +0.420  1.00 | 9.92e-01 1.30e-01 +0.337  0.93 | 1.2e+00 4.3e+00 1.659e+00
# 35  3328   1 | 1.07e+00 1.28e-03 -0.830  1.00 | 1.01e+00 1.92e-01 +0.205  0.96 | 1.2e+00 4.3e+00 2.125e+00
# 36  3421   1 | 6.29e-01 7.61e-04 -0.129  1.00 | 1.04e+00 1.58e-01 +0.028  1.01 | 1.3e+00 4.0e+00 1.498e+00
# 37  1777   1 | 1.32e+00 7.60e-04 +0.723  1.00 | 9.94e-01 6.37e-02 -0.000  1.00 | 1.2e+00 3.2e+00 2.728e+00
# 38  3473   1 | 1.44e+00 3.15e-03 -0.036  1.00 | 1.02e+00 1.33e-01 +0.200  0.96 | 1.3e+00 3.7e+00 3.060e+00
# 39  3065   1 | 1.43e+00 1.57e-03 -0.412  1.00 | 9.64e-01 1.41e-01 +0.067  1.00 | 1.3e+00 3.7e+00 2.970e+00
# 40  3136   1 | 8.64e-01 3.93e-03 +0.078  1.00 | 8.67e-01 1.95e-01 +0.128  0.99 | 1.3e+00 4.3e+00 1.491e+00
# 41  1829   1 | 1.12e+00 7.75e-04 -0.346  1.00 | 1.02e+00 2.52e-02 +0.077  1.00 | 1.3e+00 3.8e+00 2.307e+00
# 42   187   1 | 4.35e-01 2.90e-03 +0.402  0.99 | 9.32e-01 1.75e-01 -0.133  1.09 | 1.2e+00 4.2e+00 1.131e+00
# 43  3510   1 | 6.12e-01 9.31e-04 +0.825  1.00 | 9.70e-01 6.17e-02 -0.009  1.01 | 1.4e+00 3.3e+00 1.321e+00
# 44  3225   1 | 1.34e+00 7.90e-04 +0.243  1.00 | 9.99e-01 1.24e-01 +0.054  1.00 | 1.3e+00 3.0e+00 2.788e+00
# 45  3089   1 | 1.02e+00 7.81e-04 -0.186  1.00 | 1.05e+00 9.78e-02 +0.012  1.01 | 1.3e+00 3.5e+00 2.147e+00
# 46  4464   1 | 1.34e+00 1.74e-03 +0.183  1.00 | 1.05e+00 2.91e-01 -0.072  1.12 | 1.3e+00 4.1e+00 3.023e+00
# 47   464   1 | 8.64e-01 1.13e-03 -0.148  1.00 | 9.82e-01 2.52e-02 -0.005  1.00 | 1.2e+00 3.6e+00 1.714e+00
# 48   498   1 | 1.21e+00 9.75e-04 +0.429  1.00 | 9.31e-01 4.66e-02 +0.159  0.99 | 1.2e+00 3.6e+00 2.315e+00
# 49  4835   1 | 8.92e-01 3.97e-04 -0.344  1.00 | 1.01e+00 1.70e-01 +0.083  1.00 | 1.4e+00 2.9e+00 1.807e+00
# 50  3066   1 | 1.34e+00 2.81e-03 -0.496  1.00 | 1.05e+00 2.34e-01 +0.041  1.03 | 1.3e+00 4.1e+00 2.939e+00
# 51  4659   1 | 4.67e-01 1.19e-03 -0.092  1.00 | 9.50e-01 1.83e-01 +0.191  0.96 | 1.3e+00 3.2e+00 1.088e+00
# 52  4075   1 | 1.07e+00 1.03e-03 +0.562  1.00 | 1.01e+00 1.46e-01 +0.048  1.01 | 1.3e+00 3.9e+00 2.169e+00
# 53  3182   1 | 9.84e-01 9.50e-04 +0.119  1.00 | 9.79e-01 8.31e-02 +0.068  1.00 | 1.3e+00 4.7e+00 1.922e+00
# 54  2180   1 | 6.83e-01 1.28e-03 -0.062  1.00 | 9.57e-01 3.25e-02 +0.076  1.00 | 1.2e+00 3.0e+00 1.378e+00
# 55  2862   1 | 1.42e+00 2.96e-03 +0.431  1.00 | 9.51e-01 1.58e-01 +0.014  1.02 | 1.2e+00 4.1e+00 2.942e+00
# 56  2653   1 | 1.14e+00 1.65e-03 +0.405  1.00 | 1.08e+00 1.23e-01 +0.068  1.00 | 1.3e+00 3.9e+00 2.454e+00
# 57  3251   1 | 1.01e+00 9.46e-04 +0.446  1.00 | 1.04e+00 2.64e-02 +0.062  1.00 | 1.3e+00 3.6e+00 2.110e+00
# 58  3895   1 | 8.79e-01 1.68e-03 +0.075  1.00 | 9.51e-01 4.78e-02 +0.321  0.97 | 1.3e+00 4.2e+00 1.649e+00
# 59  4671   1 | 7.01e-01 2.74e-03 -0.398  1.00 | 9.08e-01 8.72e-02 +0.178  0.98 | 1.3e+00 4.2e+00 1.296e+00
# 60  4944   1 | 1.19e+00 1.00e-03 +0.343  1.00 | 1.01e+00 6.84e-02 +0.104  0.99 | 1.3e+00 3.9e+00 2.431e+00
# 61  3516   1 | 1.10e+00 9.63e-04 +0.344  1.00 | 1.02e+00 5.23e-02 +0.025  1.00 | 1.3e+00 4.1e+00 2.248e+00
# 62   123   1 | 1.20e+00 1.15e-03 +0.109  1.00 | 9.89e-01 8.25e-02 -0.045  1.01 | 1.2e+00 3.4e+00 2.431e+00
# 63  3630   1 | 9.78e-01 1.96e-03 -0.154  1.00 | 9.23e-01 1.50e-01 +0.201  0.96 | 1.3e+00 3.7e+00 1.775e+00
# 64  4341   1 | 7.71e-01 1.98e-03 -0.110  1.00 | 1.02e+00 1.36e-01 +0.410  0.91 | 1.3e+00 5.0e+00 1.544e+00
# 65  4992   1 | 1.21e+00 8.41e-04 -0.292  1.00 | 9.89e-01 1.27e-01 +0.082  1.00 | 1.3e+00 3.9e+00 2.446e+00
# 66  1816   1 | 1.47e+00 1.20e-03 -0.322  1.00 | 1.07e+00 8.61e-02 +0.149  0.98 | 1.3e+00 4.3e+00 3.289e+00
# 67  2095   1 | 9.88e-01 1.31e-03 +0.042  1.00 | 1.00e+00 8.67e-02 +0.063  1.00 | 1.3e+00 3.7e+00 1.975e+00
# 68  2594   1 | 1.02e+00 3.33e-04 +0.233  1.00 | 1.00e+00 6.35e-02 +0.049  1.00 | 1.4e+00 3.9e+00 2.034e+00
# 69  1416   1 | 1.33e+00 9.31e-04 -0.375  1.00 | 9.96e-01 1.23e-01 -0.061  1.03 | 1.3e+00 4.0e+00 2.804e+00
# 70  4332   1 | 9.28e-01 5.81e-04 -0.390  1.00 | 1.07e+00 5.66e-02 +0.219  0.98 | 1.5e+00 3.3e+00 1.993e+00
# 71  3029   1 | 7.37e-01 1.40e-03 +0.700  1.00 | 1.00e+00 5.65e-02 +0.120  0.99 | 1.4e+00 2.7e+00 1.535e+00
# 72  4130   1 | 1.01e+00 8.91e-04 -0.386  1.00 | 1.01e+00 6.44e-02 +0.098  0.99 | 1.6e+00 2.6e+00 2.032e+00
# 73  4999   1 | 9.79e-01 6.18e-04 +0.672  1.00 | 9.77e-01 5.01e-02 +0.159  0.99 | 1.5e+00 3.7e+00 1.899e+00
# 74  3009   1 | 1.47e+00 5.50e-04 -0.426  1.00 | 1.01e+00 1.16e-01 +0.068  1.00 | 1.5e+00 3.5e+00 3.171e+00
# 75  2757   1 | 1.47e+00 8.48e-04 +0.376  1.00 | 9.73e-01 8.21e-02 +0.079  0.99 | 1.5e+00 2.7e+00 3.109e+00
# 76   658   1 | 7.38e-01 1.90e-03 -0.549  1.00 | 1.04e+00 1.02e-01 +0.054  1.00 | 1.3e+00 3.6e+00 1.623e+00
# 77  1397   1 | 1.44e+00 1.13e-03 -0.520  1.00 | 1.12e+00 8.81e-02 +0.003  1.01 | 1.3e+00 3.6e+00 3.339e+00
# 78  1624   1 | 6.54e-01 8.79e-04 +0.778  1.00 | 9.28e-01 1.00e-01 +0.007  1.01 | 1.3e+00 3.2e+00 1.298e+00
# 79  1291   1 | 1.05e+00 4.78e-04 +0.234  1.00 | 1.06e+00 8.02e-02 -0.011  1.01 | 1.4e+00 4.2e+00 2.237e+00
# 80  1733   1 | 9.66e-01 9.57e-04 +0.436  1.00 | 9.95e-01 2.59e-02 +0.027  1.00 | 1.4e+00 4.0e+00 1.922e+00
# 81   761   1 | 7.84e-01 2.09e-03 +0.667  1.00 | 1.01e+00 1.12e-01 +0.062  1.00 | 1.3e+00 3.3e+00 1.633e+00
# 82  2919   1 | 1.12e+00 2.16e-03 +0.070  1.00 | 1.09e+00 2.28e-01 +0.177  0.97 | 1.5e+00 4.1e+00 2.407e+00
# 83  4566   1 | 8.78e-01 5.10e-04 -0.315  1.00 | 9.72e-01 1.04e-01 +0.060  1.00 | 1.7e+00 3.1e+00 1.715e+00
# 84    52   1 | 9.62e-01 6.60e-04 +0.177  1.00 | 9.80e-01 5.75e-02 +0.010  1.00 | 1.4e+00 3.6e+00 1.888e+00
# 85  4083   1 | 1.31e+00 1.47e-03 +0.172  1.00 | 9.92e-01 1.49e-01 +0.212  0.96 | 1.7e+00 3.9e+00 2.659e+00
# 86  2351   1 | 5.92e-01 1.28e-03 +0.361  1.00 | 1.02e+00 1.03e-01 +0.105  0.99 | 1.4e+00 5.0e+00 1.383e+00
# 87  2492   1 | 6.67e-01 1.79e-03 -0.468  1.00 | 1.00e+00 1.82e-01 +0.025  1.02 | 1.5e+00 4.0e+00 1.477e+00
# 88  2808   1 | 1.10e+00 3.95e-03 +0.554  1.00 | 9.80e-01 2.18e-01 +0.314  0.91 | 1.5e+00 4.1e+00 2.087e+00
# 89  3273   1 | 1.05e+00 1.00e-03 -0.203  1.00 | 1.02e+00 2.87e-01 +0.074  1.04 | 1.6e+00 4.2e+00 2.196e+00
# 90  1140   1 | 1.23e+00 1.20e-03 -0.577  1.00 | 1.08e+00 6.92e-02 +0.005  1.00 | 1.3e+00 4.6e+00 2.689e+00
# 91   109   1 | 4.46e-01 1.01e-03 +0.704  1.00 | 9.76e-01 9.23e-02 -0.012  1.01 | 1.4e+00 3.6e+00 1.161e+00
# 92   358   1 | 1.01e+00 6.78e-04 +0.450  1.00 | 9.90e-01 2.57e-02 +0.010  1.00 | 1.4e+00 3.2e+00 2.004e+00
# 93  3160   1 | 1.13e+00 1.24e-03 -0.574  1.00 | 9.65e-01 2.22e-01 +0.129  0.99 | 1.6e+00 3.7e+00 2.212e+00
# 94  3555   1 | 9.31e-01 3.13e-04 -0.743  1.00 | 9.99e-01 9.69e-02 +0.036  1.00 | 1.7e+00 4.2e+00 1.867e+00
# 95  2682   1 | 8.73e-01 1.05e-03 +0.373  1.00 | 1.03e+00 3.35e-02 +0.045  1.00 | 1.4e+00 3.5e+00 1.815e+00
# 96  3208   1 | 1.01e+00 1.16e-03 +0.149  1.00 | 1.10e+00 2.11e-01 +0.174  0.97 | 1.5e+00 3.3e+00 2.179e+00
# 97  1693   1 | 8.94e-01 4.47e-03 -0.435  1.00 | 1.12e+00 9.30e-02 -0.150  1.03 | 1.3e+00 4.7e+00 2.101e+00
# 98   254   1 | 8.27e-01 5.75e-04 +0.617  1.00 | 1.01e+00 1.05e-01 -0.064  1.02 | 1.3e+00 4.2e+00 1.731e+00
# 99  1300   1 | 1.03e+00 5.26e-04 -0.223  1.00 | 9.87e-01 7.31e-02 -0.001  1.01 | 1.3e+00 3.3e+00 2.035e+00
#100    12   1 | 7.29e-01 6.38e-04 -0.508  1.00 | 1.00e+00 5.99e-02 +0.003  1.00 | 1.4e+00 3.4e+00 1.543e+00
#101    91   1 | 8.48e-01 9.94e-04 +0.271  1.00 | 9.79e-01 7.24e-02 +0.002  1.01 | 1.4e+00 3.2e+00 1.682e+00
#102  3015   1 | 1.05e+00 8.27e-04 -0.452  1.00 | 1.00e+00 9.23e-02 +0.020  1.00 | 1.3e+00 3.7e+00 2.116e+00
#103  1132   1 | 9.22e-01 1.24e-03 +0.555  1.00 | 9.86e-01 6.13e-02 -0.055  1.01 | 1.4e+00 3.7e+00 1.831e+00
#104  2354   1 | 9.99e-01 1.00e-03 -0.117  1.00 | 1.06e+00 1.42e-01 +0.100  0.99 | 1.2e+00 3.5e+00 2.113e+00
#105  4399   1 | 1.41e+00 4.62e-03 +0.063  1.00 | 8.68e-01 2.96e-01 +0.244  0.95 | 1.5e+00 4.7e+00 2.717e+00
#106  2734   1 | 5.55e-01 3.58e-04 +0.073  1.00 | 9.82e-01 3.93e-02 +0.040  1.00 | 1.4e+00 3.6e+00 1.271e+00
#107  4231   1 | 1.03e+00 1.98e-03 -0.194  1.00 | 9.07e-01 1.79e-01 +0.122  0.99 | 1.5e+00 4.1e+00 1.885e+00
#108  1199   1 | 1.60e+00 2.04e-03 -0.283  1.00 | 1.03e+00 7.16e-02 +0.022  1.00 | 1.3e+00 4.0e+00 3.617e+00
#109  1492   1 | 9.57e-01 7.21e-04 -0.068  1.00 | 9.71e-01 1.04e-02 +0.015  1.00 | 1.2e+00 3.8e+00 1.860e+00
#110  1924   1 | 7.21e-01 4.36e-04 -0.468  1.00 | 1.04e+00 3.02e-02 +0.039  1.00 | 1.3e+00 3.5e+00 1.610e+00
#111  1544   1 | 1.11e+00 3.08e-03 -0.360  1.00 | 1.06e+00 8.31e-02 -0.049  1.01 | 1.2e+00 3.8e+00 2.366e+00
#112  2246   1 | 1.10e+00 2.55e-03 -0.023  1.00 | 9.63e-01 2.30e-02 +0.086  1.00 | 1.2e+00 4.4e+00 2.128e+00
#113  4183   1 | 1.04e+00 7.18e-03 -0.098  1.00 | 1.12e+00 5.52e-02 +0.301  0.97 | 1.5e+00 3.1e+00 2.305e+00
#114  3527   1 | 1.25e+00 1.04e-02 -0.175  1.00 | 9.85e-01 2.44e-01 +0.143  0.99 | 1.4e+00 4.3e+00 2.530e+00
#115   697   1 | 7.58e-01 1.64e-03 +0.178  1.00 | 9.80e-01 2.74e-02 -0.001  1.00 | 1.2e+00 2.8e+00 1.537e+00
#116  2351   1 | 1.06e+00 5.87e-03 +0.043  1.00 | 9.78e-01 8.54e-02 +0.200  0.97 | 1.3e+00 5.1e+00 2.051e+00
#117   172   1 | 1.20e+00 3.85e-03 -0.030  1.00 | 9.63e-01 2.16e-02 -0.096  1.00 | 1.2e+00 3.7e+00 2.377e+00
#118  3218   1 | 1.11e+00 9.01e-04 +0.131  1.00 | 9.69e-01 3.03e-02 +0.076  1.00 | 1.4e+00 3.2e+00 2.162e+00
#119  1267   1 | 1.20e+00 1.65e-03 -0.659  1.00 | 9.81e-01 2.54e-02 -0.011  1.00 | 1.2e+00 3.4e+00 2.414e+00
#120  1627   1 | 4.52e-01 8.91e-04 +0.164  1.00 | 9.75e-01 5.49e-03 +0.026  1.00 | 1.2e+00 3.2e+00 1.155e+00
#121  3741   1 | 8.05e-01 3.22e-03 +0.824  0.99 | 1.00e+00 2.49e-01 +0.004  1.06 | 1.4e+00 4.9e+00 1.712e+00
#122  2535   1 | 7.61e-01 1.68e-03 -0.395  1.00 | 1.20e+00 1.25e-01 -0.081  1.03 | 1.3e+00 4.7e+00 2.051e+00
#123  4360   1 | 1.16e+00 6.55e-04 -0.446  1.00 | 9.02e-01 9.12e-02 +0.148  0.98 | 1.4e+00 4.1e+00 2.143e+00
#124  2163   1 | 4.65e-01 6.93e-04 -0.796  1.00 | 9.94e-01 1.20e-02 +0.011  1.00 | 1.3e+00 4.3e+00 1.205e+00
#125  2201   1 | 9.72e-01 6.74e-04 -0.499  1.00 | 9.85e-01 3.44e-03 +0.036  1.00 | 1.2e+00 3.9e+00 1.915e+00
#126  4795   1 | 9.70e-01 7.86e-04 -0.560  1.00 | 9.88e-01 4.98e-02 +0.146  0.99 | 1.4e+00 3.5e+00 1.906e+00
#127    56   1 | 6.90e-01 2.26e-03 +0.823  0.99 | 9.37e-01 1.99e-02 +0.218  0.99 | 1.3e+00 4.3e+00 1.344e+00
#128  3636   1 | 1.05e+00 8.56e-04 +0.117  1.00 | 9.51e-01 7.99e-03 +0.095  1.00 | 1.4e+00 3.7e+00 1.999e+00
#129  4091   1 | 6.66e-01 2.61e-03 +0.345  1.00 | 1.01e+00 2.10e-02 +0.086  1.00 | 1.4e+00 3.5e+00 1.453e+00
#130  2562   1 | 1.09e+00 1.37e-03 -0.303  1.00 | 1.05e+00 5.12e-03 +0.005  1.00 | 1.3e+00 3.7e+00 2.298e+00
#131   179   1 | 5.53e-01 5.24e-04 +0.005  1.00 | 1.00e+00 1.08e-03 +0.069  1.00 | 1.3e+00 5.0e+00 1.307e+00
#132  1114   1 | 9.00e-01 4.17e-03 +0.370  1.00 | 9.51e-01 5.09e-03 +0.098  1.00 | 1.3e+00 3.8e+00 1.710e+00
#133   225   1 | 9.89e-01 1.49e-03 -0.240  1.00 | 1.06e+00 3.89e-02 +0.063  1.00 | 1.3e+00 3.6e+00 2.092e+00
#134  3957   1 | 5.67e-01 2.10e-03 +0.581  1.00 | 9.61e-01 7.85e-03 +0.050  1.00 | 1.4e+00 3.6e+00 1.243e+00
#135  1405   1 | 9.77e-01 1.21e-03 +0.587  1.00 | 1.02e+00 5.00e-03 +0.031  1.00 | 1.3e+00 4.6e+00 1.989e+00
#136   281   1 | 9.40e-01 2.50e-03 +0.112  1.00 | 9.52e-01 7.62e-03 +0.035  1.00 | 1.3e+00 4.1e+00 1.788e+00
#137  4150   1 | 8.17e-01 9.84e-04 -0.233  1.00 | 1.12e+00 2.20e-02 +0.127  1.00 | 1.4e+00 3.8e+00 1.909e+00
#138  2453   1 | 1.06e+00 3.63e-03 -0.729  1.00 | 1.01e+00 1.92e-02 +0.154  0.99 | 1.3e+00 2.9e+00 2.150e+00
#139   337   1 | 1.05e+00 8.33e-04 -0.826  1.00 | 9.90e-01 3.81e-03 +0.024  1.00 | 1.3e+00 3.8e+00 2.079e+00
#140  1737   1 | 1.50e+00 5.16e-04 -0.539  1.00 | 9.87e-01 1.70e-02 +0.024  1.00 | 1.3e+00 2.4e+00 3.233e+00
#141   506   1 | 5.85e-01 1.29e-03 +0.493  1.00 | 9.17e-01 6.27e-02 -0.066  1.01 | 1.3e+00 4.0e+00 1.195e+00
#142  3636   1 | 7.90e-01 5.12e-04 +0.503  1.00 | 9.87e-01 2.45e-02 +0.066  1.00 | 1.4e+00 4.3e+00 1.594e+00
#143  1809   1 | 6.83e-01 1.79e-03 -0.364  1.00 | 1.02e+00 3.03e-02 -0.001  1.00 | 1.3e+00 4.3e+00 1.504e+00
#144  4179   1 | 7.25e-01 4.10e-04 +0.211  1.00 | 9.87e-01 3.22e-03 +0.095  1.00 | 1.4e+00 4.4e+00 1.499e+00
#145  3473   1 | 1.26e+00 1.89e-03 +0.030  1.00 | 1.03e+00 1.70e-02 +0.080  1.00 | 1.4e+00 3.1e+00 2.651e+00
#146  1184   1 | 8.24e-01 2.52e-03 -0.005  1.00 | 1.09e+00 2.96e-02 +0.093  1.00 | 1.3e+00 3.5e+00 1.868e+00
#147  2088   1 | 1.11e+00 3.30e-04 -0.267  1.00 | 1.08e+00 3.54e-02 +0.007  1.00 | 1.4e+00 4.1e+00 2.404e+00
#148   194   1 | 9.56e-01 1.68e-03 +0.309  1.00 | 1.05e+00 2.47e-02 -0.101  1.01 | 1.3e+00 4.7e+00 2.026e+00
#149  3253   1 | 9.41e-01 1.64e-03 -0.532  1.00 | 9.40e-01 4.98e-03 +0.058  1.00 | 1.4e+00 4.2e+00 1.772e+00
#150  3268   1 | 1.04e+00 9.59e-04 -0.313  1.00 | 9.68e-01 4.68e-03 +0.074  1.00 | 1.4e+00 4.6e+00 2.016e+00
#151  1326   1 | 8.89e-01 1.54e-03 -0.531  1.00 | 9.68e-01 5.83e-03 +0.019  1.00 | 1.3e+00 3.5e+00 1.729e+00
#152  1734   1 | 6.44e-01 1.03e-03 +0.302  1.00 | 9.94e-01 1.36e-02 -0.036  1.00 | 1.3e+00 3.3e+00 1.404e+00
#153  3575   1 | 1.52e+00 1.11e-03 -0.240  1.00 | 1.01e+00 2.79e-02 +0.077  1.00 | 1.5e+00 3.9e+00 3.309e+00
#154  3546   1 | 9.98e-01 1.73e-03 -0.727  1.00 | 1.02e+00 1.42e-02 +0.249  0.99 | 1.5e+00 4.2e+00 2.036e+00
#155  2637   1 | 7.73e-01 7.61e-04 -0.130  1.00 | 1.10e+00 1.27e-02 +0.117  1.00 | 1.4e+00 4.0e+00 1.807e+00
#156  4219   1 | 1.04e+00 1.71e-03 +0.575  1.00 | 9.55e-01 3.33e-02 +0.076  1.00 | 1.5e+00 4.5e+00 1.992e+00
#157  3754   1 | 1.27e+00 1.70e-03 -0.423  1.00 | 8.73e-01 2.56e-02 +0.022  1.00 | 1.5e+00 3.7e+00 2.373e+00
#158  3782   1 | 8.74e-01 3.39e-03 +0.322  1.00 | 9.52e-01 5.43e-02 +0.114  0.99 | 1.5e+00 4.5e+00 1.661e+00
#159  2535   1 | 7.73e-01 1.52e-03 -0.030  1.00 | 1.01e+00 9.05e-03 +0.013  1.00 | 1.4e+00 3.0e+00 1.626e+00
#160  2224   1 | 8.58e-01 1.74e-03 -0.311  1.00 | 1.05e+00 9.70e-03 +0.040  1.00 | 1.3e+00 3.4e+00 1.842e+00
#161  4523   1 | 9.96e-01 4.56e-04 +0.368  1.00 | 9.93e-01 1.57e-02 +0.139  1.00 | 1.5e+00 3.6e+00 1.975e+00
#162   764   1 | 1.04e+00 1.47e-03 +0.554  1.00 | 9.43e-01 2.47e-02 +0.020  1.00 | 1.3e+00 2.6e+00 1.964e+00
#163   785   1 | 1.20e+00 8.85e-04 -0.317  1.00 | 9.81e-01 1.43e-02 -0.011  1.00 | 1.3e+00 3.4e+00 2.416e+00
#164  3194   1 | 1.41e+00 1.69e-03 +0.128  1.00 | 8.95e-01 2.84e-02 -0.026  1.00 | 1.4e+00 2.7e+00 2.794e+00
#165  3520   1 | 8.94e-01 3.97e-03 -0.268  1.00 | 9.80e-01 3.03e-02 +0.258  0.99 | 1.5e+00 4.2e+00 1.748e+00
#166  4530   1 | 1.16e+00 1.36e-03 -0.655  1.00 | 9.74e-01 3.13e-02 +0.252  0.98 | 1.6e+00 3.1e+00 2.286e+00
#167  3255   1 | 9.31e-01 1.41e-03 +0.260  1.00 | 9.39e-01 1.01e-01 +0.171  0.97 | 1.5e+00 4.2e+00 1.724e+00
#168  1836   1 | 1.35e+00 5.22e-04 +0.014  1.00 | 1.05e+00 1.92e-02 +0.069  1.00 | 1.4e+00 2.2e+00 2.918e+00
#169  4855   1 | 6.09e-01 2.19e-03 -0.326  1.00 | 1.06e+00 2.98e-02 +0.334  0.98 | 1.6e+00 4.1e+00 1.470e+00
#170  2158   1 | 1.32e+00 8.59e-04 -0.734  1.00 | 1.00e+00 3.40e-02 +0.102  0.99 | 1.4e+00 3.2e+00 2.733e+00
#171  4601   1 | 1.17e+00 2.19e-03 +0.108  1.00 | 1.11e+00 1.04e-01 +0.510  0.91 | 1.7e+00 4.1e+00 2.497e+00
#172  2812   1 | 1.14e+00 2.14e-03 -0.474  1.00 | 1.10e+00 4.20e-02 +0.130  0.99 | 1.5e+00 3.2e+00 2.508e+00
#173  3401   1 | 1.05e+00 2.01e-03 -0.553  1.00 | 1.03e+00 3.91e-02 +0.187  0.99 | 1.7e+00 3.4e+00 2.153e+00
#174  3152   1 | 1.06e+00 1.31e-03 +0.339  1.00 | 9.52e-01 8.43e-03 +0.114  1.00 | 1.5e+00 3.5e+00 2.021e+00
#175  4336   1 | 7.77e-01 2.10e-03 -0.460  1.00 | 1.02e+00 8.38e-02 +0.245  0.97 | 1.8e+00 4.4e+00 1.605e+00
#176  4791   1 | 1.41e+00 2.49e-04 +0.044  1.00 | 9.95e-01 3.82e-02 +0.060  1.00 | 1.8e+00 3.4e+00 2.980e+00
#177  2618   1 | 8.31e-01 4.05e-04 -0.494  1.00 | 9.92e-01 5.23e-02 +0.020  1.00 | 1.7e+00 3.5e+00 1.676e+00
#178  4473   1 | 1.08e+00 1.68e-03 -0.255  1.00 | 1.19e+00 7.85e-02 +0.439  0.95 | 1.8e+00 4.7e+00 2.508e+00
#179   357   1 | 1.02e+00 6.76e-04 -0.628  1.00 | 9.51e-01 1.81e-02 +0.063  1.00 | 1.6e+00 3.9e+00 1.941e+00
#180  1892   1 | 5.30e-01 9.48e-04 +0.152  1.00 | 9.83e-01 1.68e-01 +0.048  1.01 | 1.6e+00 4.0e+00 1.260e+00
#181  2483   1 | 6.78e-01 5.48e-04 +0.053  1.00 | 9.98e-01 2.13e-02 +0.118  1.00 | 1.8e+00 3.5e+00 1.452e+00
#182  4426   1 | 8.63e-01 1.42e-03 -0.516  1.00 | 1.03e+00 1.77e-01 +0.135  0.98 | 1.9e+00 4.5e+00 1.795e+00
#183  2381   1 | 1.37e+00 4.50e-04 -0.864  1.00 | 9.91e-01 4.01e-02 +0.122  0.99 | 1.7e+00 3.4e+00 2.848e+00
#184  3321   1 | 1.05e+00 1.35e-03 -0.190  1.00 | 1.06e+00 6.95e-02 +0.109  0.99 | 1.8e+00 4.3e+00 2.215e+00
#185   323   1 | 9.82e-01 9.91e-04 -0.424  1.00 | 9.70e-01 7.55e-02 +0.046  1.00 | 1.6e+00 3.6e+00 1.905e+00
#186  4660   1 | 9.00e-01 4.45e-04 +0.501  1.00 | 9.79e-01 1.15e-01 +0.232  0.96 | 2.0e+00 4.0e+00 1.728e+00
#187  3344   1 | 5.26e-01 7.46e-04 -0.236  1.00 | 1.14e+00 1.72e-01 +0.200  0.96 | 1.9e+00 3.9e+00 1.529e+00
#188  4355   1 | 7.81e-01 1.15e-04 +0.005  1.00 | 9.59e-01 4.83e-02 +0.186  0.98 | 2.1e+00 4.4e+00 1.514e+00
#189  2245   1 | 1.16e+00 1.59e-03 -0.077  1.00 | 9.57e-01 7.87e-02 +0.091  0.99 | 1.6e+00 3.4e+00 2.265e+00
#190  2843   1 | 1.40e+00 1.78e-04 -0.106  1.00 | 9.61e-01 2.01e-01 +0.025  1.03 | 1.9e+00 3.6e+00 2.909e+00
#191  1532   1 | 1.09e+00 6.29e-04 +0.354  1.00 | 1.00e+00 7.55e-02 +0.026  1.00 | 1.3e+00 3.5e+00 2.183e+00
#192  1671   1 | 1.40e+00 1.10e-03 -0.153  1.00 | 9.87e-01 6.28e-02 -0.044  1.01 | 1.4e+00 3.4e+00 2.945e+00
#193  4976   1 | 8.53e-01 1.13e-03 +0.546  1.00 | 1.04e+00 7.79e-02 +0.449  0.94 | 2.1e+00 3.3e+00 1.745e+00
#194   479   1 | 8.84e-01 1.40e-03 -0.174  1.00 | 9.68e-01 1.37e-01 +0.043  1.01 | 1.6e+00 3.3e+00 1.726e+00
#195   685   1 | 1.26e+00 8.25e-04 -0.029  1.00 | 1.05e+00 9.88e-02 -0.020  1.01 | 1.4e+00 2.5e+00 2.693e+00
#196   423   1 | 9.48e-01 1.88e-03 -0.619  1.00 | 1.15e+00 1.75e-01 -0.009  1.03 | 1.7e+00 4.1e+00 2.245e+00
#197  3050   1 | 9.96e-01 5.07e-04 +0.697  1.00 | 1.00e+00 1.62e-01 +0.127  0.98 | 1.9e+00 3.1e+00 1.984e+00
#198    47   1 | 9.41e-01 1.10e-03 -0.759  1.00 | 8.72e-01 2.86e-01 +0.122  1.03 | 1.9e+00 3.7e+00 1.667e+00
#199  2914   1 | 1.95e-01 1.59e-03 -0.409  1.01 | 1.14e+00 8.99e-02 +0.231  0.97 | 1.6e+00 3.7e+00 1.294e+00
#200  1445   1 | 5.54e-01 2.08e-03 -0.313  1.00 | 1.04e+00 4.55e-02 +0.067  1.00 | 1.4e+00 4.1e+00 1.390e+00
#201  2742   1 | 5.30e-01 3.20e-04 +0.647  1.00 | 1.06e+00 7.60e-02 +0.172  0.98 | 2.0e+00 3.8e+00 1.384e+00
#202  1139   1 | 5.12e-01 1.10e-03 +0.189  1.00 | 9.71e-01 9.01e-02 -0.035  1.02 | 1.7e+00 3.6e+00 1.220e+00
#203  1754   1 | 6.79e-01 1.87e-04 -0.093  1.00 | 9.38e-01 9.94e-02 +0.053  1.00 | 1.7e+00 3.0e+00 1.341e+00
#204  1224   1 | 1.47e+00 9.80e-04 +0.663  1.00 | 1.02e+00 2.12e-01 -0.071  1.07 | 1.9e+00 3.4e+00 3.277e+00
#205  1064   1 | 1.25e+00 1.21e-03 +0.434  1.00 | 1.12e+00 1.86e-01 +0.005  1.03 | 1.7e+00 3.6e+00 2.850e+00
#206   840   1 | 1.08e+00 8.61e-04 -0.287  1.00 | 9.93e-01 1.26e-01 +0.024  1.01 | 1.5e+00 3.7e+00 2.164e+00
#207   536   1 | 1.14e+00 9.29e-04 -0.285  1.00 | 9.44e-01 3.52e-02 -0.083  1.01 | 1.8e+00 4.0e+00 2.197e+00
#208  4322   1 | 1.20e+00 3.82e-04 -0.392  1.00 | 9.80e-01 1.07e-01 +0.195  0.97 | 2.2e+00 3.1e+00 2.374e+00
#209  1288   1 | 8.02e-01 2.60e-04 +0.479  1.00 | 1.01e+00 3.70e-02 +0.046  1.00 | 1.8e+00 3.3e+00 1.668e+00
#210   656   1 | 7.05e-01 5.72e-04 +0.487  1.00 | 1.00e+00 8.95e-03 +0.051  1.00 | 1.6e+00 4.2e+00 1.504e+00
#211   452   1 | 1.47e+00 1.16e-03 +0.000  1.00 | 1.02e+00 6.31e-02 -0.079  1.01 | 1.7e+00 4.1e+00 3.220e+00
#212  4335   1 | 1.52e-01 1.70e-03 -0.144  1.00 | 9.47e-01 1.31e-01 +0.192  0.97 | 2.2e+00 3.9e+00 8.887e-01
#213  1778   1 | 1.46e+00 2.88e-03 -0.527  1.00 | 8.98e-01 1.18e-01 +0.088  0.99 | 1.6e+00 4.2e+00 2.936e+00
#214   330   1 | 8.01e-01 1.07e-03 +0.612  1.00 | 9.64e-01 1.03e-01 +0.025  1.01 | 1.7e+00 3.4e+00 1.575e+00
#215  4085   1 | 1.29e+00 6.43e-04 +0.339  1.00 | 1.01e+00 1.09e-01 +0.433  0.92 | 2.3e+00 3.3e+00 2.613e+00
#216  4855   1 | 1.06e+00 7.94e-04 -0.615  1.00 | 9.94e-01 3.59e-01 +0.311  0.91 | 2.2e+00 4.4e+00 2.016e+00
#217  3906   1 | 7.16e-01 3.74e-04 +0.622  1.00 | 1.05e+00 3.57e-02 +0.194  0.99 | 2.1e+00 3.4e+00 1.595e+00
#218  1023   1 | 1.11e+00 7.03e-04 -0.272  1.00 | 1.00e+00 1.40e-02 +0.040  1.00 | 1.4e+00 3.3e+00 2.226e+00
#219   158   1 | 9.73e-01 1.38e-03 -0.074  1.00 | 1.03e+00 6.56e-02 -0.048  1.01 | 1.7e+00 4.8e+00 2.025e+00
#220  1267   1 | 6.76e-01 5.44e-04 +0.038  1.00 | 1.03e+00 4.34e-02 +0.053  1.00 | 1.6e+00 3.1e+00 1.515e+00
#221  4230   1 | 8.79e-01 7.46e-04 +0.375  1.00 | 9.57e-01 4.62e-02 +0.135  0.99 | 2.2e+00 4.3e+00 1.678e+00
#222  3018   1 | 1.22e+00 1.29e-03 -0.387  1.00 | 9.88e-01 1.73e-01 +0.126  0.99 | 1.6e+00 4.7e+00 2.450e+00
#223  1082   1 | 1.02e+00 7.43e-04 -0.418  1.00 | 9.24e-01 3.16e-02 +0.045  1.00 | 1.5e+00 4.1e+00 1.897e+00
#224  4828   1 | 6.94e-01 4.06e-04 -0.393  1.00 | 1.00e+00 9.97e-02 +0.324  0.95 | 2.0e+00 3.5e+00 1.431e+00
#225  1568   1 | 2.76e-01 3.66e-04 -0.074  1.00 | 9.87e-01 7.01e-02 +0.094  0.99 | 1.2e+00 3.9e+00 1.042e+00
#226  1445   1 | 1.11e+00 1.23e-03 +0.672  1.00 | 9.82e-01 9.12e-02 -0.118  1.03 | 1.4e+00 4.0e+00 2.218e+00
#227  1462   1 | 1.06e+00 9.82e-04 -0.373  1.00 | 9.63e-01 2.72e-02 +0.035  1.00 | 1.2e+00 4.0e+00 2.046e+00
#228  2937   1 | 8.13e-01 1.03e-03 +0.160  1.00 | 9.52e-01 6.80e-02 +0.121  0.99 | 1.7e+00 3.5e+00 1.556e+00
#229  2451   1 | 9.59e-01 2.61e-04 +0.338  1.00 | 1.03e+00 1.62e-02 +0.033  1.00 | 1.8e+00 5.1e+00 1.989e+00
#230  2523   1 | 6.68e-01 2.67e-04 +0.220  1.00 | 1.01e+00 5.76e-02 +0.027  1.00 | 1.7e+00 2.8e+00 1.465e+00
#231    35   1 | 7.21e-01 2.20e-03 +0.565  1.00 | 1.05e+00 9.07e-02 +0.052  1.00 | 1.9e+00 4.1e+00 1.619e+00
#232  2846   1 | 3.91e-01 6.61e-04 +0.501  1.00 | 9.36e-01 9.73e-02 +0.231  0.96 | 1.9e+00 3.5e+00 9.959e-01
#233  2814   1 | 7.57e-01 8.09e-04 -0.052  1.00 | 9.85e-01 7.49e-02 +0.036  1.00 | 1.9e+00 4.2e+00 1.545e+00
#234  4441   1 | 1.06e+00 2.12e-04 +0.010  1.00 | 9.87e-01 2.11e-02 +0.207  0.99 | 2.1e+00 3.1e+00 2.092e+00
#235  2876   1 | 8.75e-01 1.17e-03 +0.404  1.00 | 9.93e-01 1.37e-01 +0.056  1.00 | 1.9e+00 3.4e+00 1.755e+00
#236   974   1 | 9.68e-01 1.01e-03 +0.250  1.00 | 1.05e+00 6.73e-02 +0.054  1.00 | 1.5e+00 4.2e+00 2.039e+00
#237  1255   1 | 1.85e+00 7.86e-04 -0.089  1.00 | 9.36e-01 1.18e-01 +0.041  1.01 | 1.7e+00 4.7e+00 4.311e+00
#238  1991   1 | 1.32e+00 5.88e-04 +0.271  1.00 | 1.01e+00 3.37e-02 +0.043  1.00 | 1.9e+00 4.3e+00 2.765e+00
#239  4251   1 | 9.98e-01 6.62e-04 -0.265  1.00 | 9.58e-01 2.21e-02 +0.200  0.99 | 2.1e+00 3.4e+00 1.906e+00
#240  4069   1 | 1.21e+00 4.61e-04 +0.064  1.00 | 9.69e-01 1.15e-01 +0.120  0.99 | 2.1e+00 3.2e+00 2.379e+00
#241   531   1 | 4.95e-01 3.68e-04 -0.501  1.00 | 1.03e+00 4.04e-02 +0.022  1.00 | 1.4e+00 3.7e+00 1.300e+00
#242   524   1 | 1.04e+00 1.04e-03 -0.510  1.00 | 9.60e-01 2.94e-02 +0.000  1.00 | 1.5e+00 4.0e+00 2.015e+00
#243  2110   1 | 7.10e-01 6.74e-04 -0.321  1.00 | 1.01e+00 5.46e-02 +0.007  1.00 | 1.9e+00 3.7e+00 1.518e+00
#244  1917   1 | 1.14e+00 1.58e-03 -0.583  1.00 | 1.02e+00 1.01e-01 +0.082  0.99 | 1.9e+00 2.8e+00 2.327e+00
#245  1713   1 | 6.05e-01 4.30e-04 -0.398  1.00 | 9.46e-01 7.16e-02 -0.076  1.02 | 1.6e+00 3.2e+00 1.277e+00
#246  1910   1 | 1.18e+00 8.31e-04 -0.476  1.00 | 1.24e+00 1.32e-01 +0.127  0.98 | 1.7e+00 2.9e+00 2.917e+00
#247  2840   1 | 1.07e+00 1.77e-03 -0.434  1.00 | 8.64e-01 8.63e-02 +0.080  0.99 | 2.0e+00 3.9e+00 1.896e+00
#248  3082   1 | 1.05e+00 2.95e-03 +0.378  1.00 | 9.39e-01 1.44e-01 +0.109  0.99 | 1.9e+00 4.1e+00 1.967e+00
#249  2444   1 | 7.31e-01 8.94e-04 -0.324  1.00 | 9.43e-01 1.61e-02 +0.061  1.00 | 1.8e+00 3.5e+00 1.423e+00
#250  3550   1 | 5.67e-01 6.71e-04 -0.756  1.00 | 1.02e+00 9.90e-02 +0.091  0.99 | 2.2e+00 3.8e+00 1.356e+00
#251  2798   1 | 1.01e+00 5.10e-04 +0.238  1.00 | 1.01e+00 1.26e-01 +0.146  0.98 | 1.9e+00 3.3e+00 2.010e+00
#252  1163   1 | 1.60e+00 6.72e-04 +0.469  1.00 | 8.37e-01 1.15e-01 +0.016  1.01 | 1.7e+00 4.0e+00 3.265e+00
#253  1336   1 | 1.04e+00 4.93e-04 -0.606  1.00 | 9.38e-01 2.19e-02 -0.011  1.00 | 1.5e+00 4.5e+00 1.955e+00
#254  1496   1 | 7.06e-01 2.38e-04 +0.101  1.00 | 9.91e-01 9.36e-03 +0.023  1.00 | 1.2e+00 4.8e+00 1.479e+00
#255  4850   1 | 9.81e-01 2.69e-03 +0.721  1.00 | 9.76e-01 1.92e-01 +0.281  0.93 | 2.2e+00 4.3e+00 1.842e+00
#256  4410   1 | 1.01e+00 8.59e-04 +0.097  1.00 | 9.96e-01 4.50e-02 +0.193  0.98 | 2.0e+00 3.5e+00 1.997e+00
#257  4569   1 | 1.37e+00 4.61e-04 -0.475  1.00 | 1.05e+00 8.36e-02 +0.257  0.97 | 2.1e+00 3.4e+00 2.960e+00
#258  1794   1 | 3.90e-01 9.39e-04 -0.123  1.00 | 9.58e-01 1.57e-02 +0.162  0.99 | 1.5e+00 3.3e+00 1.066e+00
#259  4849   1 | 1.59e+00 3.47e-04 -0.385  1.00 | 9.97e-01 1.70e-02 +0.228  0.99 | 2.1e+00 3.7e+00 3.529e+00
#260  1567   1 | 7.85e-01 1.94e-03 -0.373  1.00 | 9.76e-01 1.21e-01 +0.081  1.00 | 1.3e+00 3.1e+00 1.565e+00
#261   202   1 | 1.25e+00 9.92e-04 -0.224  1.00 | 9.99e-01 2.11e-02 -0.056  1.00 | 1.7e+00 3.6e+00 2.555e+00
#262  1835   1 | 1.02e+00 6.27e-04 +0.361  1.00 | 1.04e+00 5.78e-02 +0.072  1.00 | 1.8e+00 3.6e+00 2.105e+00
#263  2833   1 | 1.16e+00 1.28e-03 -0.363  1.00 | 9.82e-01 4.57e-02 +0.158  0.99 | 1.7e+00 4.1e+00 2.304e+00
#264  3293   1 | 2.79e-01 1.31e-03 +0.714  0.99 | 9.82e-01 1.01e-01 +0.120  0.99 | 1.9e+00 3.3e+00 1.027e+00
#265  1483   1 | 1.38e+00 5.41e-03 -0.059  1.00 | 9.09e-01 1.10e-01 +0.042  1.00 | 1.2e+00 3.9e+00 2.735e+00
#266  2843   1 | 6.79e-01 8.97e-04 -0.143  1.00 | 9.55e-01 5.48e-02 +0.059  1.00 | 1.9e+00 3.3e+00 1.370e+00
#267    37   1 | 1.30e+00 2.49e-03 -0.518  1.00 | 9.27e-01 1.35e-01 +0.010  1.02 | 1.8e+00 4.5e+00 2.559e+00
#268  2210   1 | 1.11e+00 7.66e-04 -0.186  1.00 | 9.74e-01 2.38e-02 +0.076  1.00 | 1.6e+00 3.8e+00 2.177e+00
#269  1583   1 | 7.01e-01 1.84e-03 -0.041  1.00 | 9.70e-01 1.17e-01 -0.087  1.04 | 1.6e+00 4.8e+00 1.466e+00
#270  4946   1 | 1.15e+00 5.63e-04 +0.403  1.00 | 1.04e+00 1.93e-01 +0.177  0.97 | 2.1e+00 4.6e+00 2.370e+00
#271  4570   1 | 7.12e-01 1.59e-03 -0.282  1.00 | 9.75e-01 1.66e-01 +0.433  0.88 | 2.1e+00 4.4e+00 1.346e+00
#272  2168   1 | 9.65e-01 7.85e-04 +0.573  1.00 | 9.77e-01 4.62e-02 +0.064  1.00 | 1.7e+00 4.8e+00 1.882e+00
#273  4899   1 | 1.23e+00 1.03e-03 +0.012  1.00 | 8.59e-01 1.47e-01 +0.254  0.94 | 2.1e+00 4.2e+00 2.217e+00
#274  4143   1 | 7.18e-01 1.23e-03 +0.077  1.00 | 9.45e-01 1.38e-01 +0.140  0.98 | 2.0e+00 4.6e+00 1.391e+00
#275  1722   1 | 6.94e-01 2.91e-04 +0.316  1.00 | 1.02e+00 1.07e-02 +0.026  1.00 | 1.6e+00 3.4e+00 1.522e+00
#276  4593   1 | 1.11e+00 1.17e-03 -0.735  1.00 | 1.01e+00 7.84e-02 +0.226  0.97 | 2.2e+00 3.6e+00 2.236e+00
#277  1683   1 | 4.52e-01 3.40e-04 +0.761  1.00 | 1.01e+00 2.62e-02 +0.047  1.00 | 1.4e+00 3.0e+00 1.222e+00
#278  4402   1 | 4.21e-01 1.25e-03 +0.251  1.00 | 9.96e-01 8.53e-02 +0.250  0.96 | 2.0e+00 2.5e+00 1.133e+00
#279  3258   1 | 1.12e+00 1.26e-03 +0.229  1.00 | 9.52e-01 4.58e-02 +0.110  0.99 | 1.9e+00 4.6e+00 2.143e+00
#280  2630   1 | 1.23e+00 1.94e-03 -0.478  1.00 | 9.72e-01 8.12e-02 -0.025  1.01 | 1.8e+00 4.1e+00 2.482e+00
#281  1779   1 | 6.58e-01 1.07e-03 +0.383  1.00 | 1.07e+00 8.86e-02 +0.177  0.98 | 1.5e+00 3.3e+00 1.551e+00
#282  1707   1 | 1.62e+00 4.10e-04 +0.508  1.00 | 9.64e-01 3.27e-02 -0.053  1.00 | 1.4e+00 2.6e+00 3.568e+00
#283  1455   1 | 3.64e-01 1.16e-03 +0.419  1.00 | 9.92e-01 2.20e-02 +0.023  1.00 | 1.1e+00 4.8e+00 1.117e+00
#284   771   1 | 1.24e+00 2.13e-02 -0.273  1.01 | 1.04e+00 1.09e-01 +0.082  0.99 | 1.4e+00 4.1e+00 2.607e+00
#285  1394   1 | 7.71e-01 3.59e-03 -0.313  1.00 | 9.59e-01 1.58e-01 +0.103  0.99 | 1.2e+00 4.1e+00 1.510e+00
#286  3871   1 | 1.26e+00 8.01e-04 -0.203  1.00 | 9.67e-01 2.57e-02 +0.134  0.99 | 2.2e+00 3.1e+00 2.506e+00
#287   619   1 | 9.75e-01 3.00e-04 +0.257  1.00 | 1.04e+00 1.06e-01 +0.292  0.95 | 1.7e+00 3.8e+00 1.983e+00
#288   215   1 | 1.03e+00 2.00e-03 +0.273  1.00 | 9.92e-01 1.07e-01 +0.093  0.99 | 1.8e+00 3.7e+00 2.026e+00
#289  2718   1 | 8.59e-01 9.33e-04 +0.244  1.00 | 1.06e+00 1.58e-01 +0.181  0.97 | 1.9e+00 3.9e+00 1.830e+00
#290  4213   1 | 8.89e-01 2.78e-04 +0.152  1.00 | 9.75e-01 1.74e-02 +0.176  0.99 | 2.2e+00 5.0e+00 1.735e+00
#291  1664   1 | 8.98e-01 3.69e-04 +0.074  1.00 | 9.50e-01 4.88e-02 +0.129  0.99 | 1.4e+00 3.2e+00 1.700e+00
#292  3692   1 | 8.60e-01 7.30e-04 -0.165  1.00 | 1.03e+00 2.20e-02 +0.132  0.99 | 2.2e+00 4.4e+00 1.787e+00
#293  3175   1 | 5.93e-01 9.27e-04 -0.375  1.00 | 1.00e+00 4.39e-02 +0.091  0.99 | 2.0e+00 3.3e+00 1.347e+00
#294  2032   1 | 4.95e-01 4.05e-04 +0.037  1.00 | 1.03e+00 4.45e-02 +0.038  1.00 | 2.1e+00 3.6e+00 1.310e+00
#295  1864   1 | 1.07e+00 4.02e-04 +0.842  1.00 | 1.03e+00 4.05e-02 +0.030  1.00 | 2.0e+00 4.1e+00 2.209e+00
#296   632   1 | 1.09e+00 8.47e-04 -0.161  1.00 | 1.06e+00 1.08e-01 +0.101  0.99 | 1.5e+00 4.4e+00 2.312e+00
#297  1011   1 | 3.67e-01 7.02e-04 -0.166  1.00 | 1.02e+00 7.51e-03 +0.029  1.00 | 1.7e+00 5.1e+00 1.171e+00
#298  4019   1 | 3.05e-01 8.62e-04 +0.378  1.00 | 1.03e+00 9.54e-02 +0.229  0.97 | 2.2e+00 3.7e+00 1.112e+00
#299  3687   1 | 1.27e+00 1.71e-03 +0.113  1.00 | 1.05e+00 2.16e-01 +0.285  0.92 | 2.3e+00 4.5e+00 2.628e+00
#300  1710   1 | 1.24e+00 2.08e-04 +0.056  1.00 | 1.04e+00 1.30e-02 +0.081  1.00 | 1.8e+00 3.1e+00 2.602e+00
#301  2630   1 | 5.54e-01 3.31e-04 -0.392  1.00 | 1.04e+00 5.92e-02 +0.037  1.00 | 2.1e+00 4.3e+00 1.384e+00
#302  2160   1 | 9.99e-01 1.29e-03 -0.084  1.00 | 1.07e+00 2.08e-01 +0.177  0.97 | 2.0e+00 3.6e+00 2.118e+00
#303  2043   1 | 1.07e+00 1.20e-03 -0.303  1.00 | 9.26e-01 9.82e-02 +0.011  1.01 | 2.2e+00 3.9e+00 2.020e+00
#304   514   1 | 1.07e+00 4.55e-04 -0.721  1.00 | 9.61e-01 3.87e-02 +0.060  1.00 | 1.7e+00 5.4e+00 2.066e+00
#305   922   1 | 7.79e-01 1.25e-03 -0.050  1.00 | 1.00e+00 1.06e-01 +0.037  1.00 | 1.5e+00 3.3e+00 1.618e+00
#306  3567   1 | 1.00e+00 2.88e-04 -0.041  1.00 | 9.95e-01 1.73e-02 +0.063  1.00 | 2.4e+00 3.9e+00 1.990e+00
#307   890   1 | 9.87e-01 5.55e-04 +0.119  1.00 | 1.02e+00 5.23e-02 +0.058  1.00 | 1.6e+00 3.3e+00 2.001e+00
#308  4946   1 | 8.29e-01 1.38e-03 -0.024  1.00 | 9.65e-01 9.79e-02 +0.370  0.94 | 2.3e+00 4.2e+00 1.558e+00
#309  1248   1 | 6.97e-01 1.41e-03 -0.384  1.00 | 1.11e+00 1.34e-01 -0.068  1.03 | 1.8e+00 4.1e+00 1.764e+00
#310  3462   1 | 1.33e+00 5.45e-04 -0.244  1.00 | 1.00e+00 2.32e-01 +0.133  0.99 | 2.1e+00 3.9e+00 2.760e+00
#311  4990   1 | 1.21e+00 9.15e-04 -0.375  1.00 | 9.43e-01 2.48e-01 +0.316  0.90 | 2.3e+00 4.4e+00 2.263e+00
#312  1396   1 | 1.36e+00 1.33e-03 -0.173  1.00 | 8.98e-01 4.30e-02 +0.094  0.99 | 1.4e+00 4.3e+00 2.658e+00
#313   181   1 | 1.36e+00 1.65e-03 +0.657  1.00 | 1.11e+00 9.27e-02 -0.100  1.02 | 1.7e+00 3.7e+00 3.114e+00
#314  4428   1 | 3.56e-01 2.86e-04 -0.313  1.00 | 1.00e+00 2.67e-02 +0.134  0.99 | 2.2e+00 4.1e+00 1.127e+00
#315   926   1 | 9.05e-01 5.19e-04 -0.713  1.00 | 1.00e+00 3.20e-02 +0.045  1.00 | 1.7e+00 3.8e+00 1.825e+00
#316  1113   1 | 7.85e-01 6.91e-04 -0.135  1.00 | 9.47e-01 2.70e-02 -0.010  1.00 | 1.8e+00 4.0e+00 1.514e+00
#317  1759   1 | 7.12e-01 7.60e-04 -0.279  1.00 | 1.01e+00 2.76e-02 +0.091  1.00 | 1.5e+00 3.1e+00 1.523e+00
#318   636   1 | 9.03e-01 3.85e-04 -0.434  1.00 | 1.03e+00 1.10e-01 -0.181  1.05 | 1.5e+00 3.4e+00 1.923e+00
#319  3962   1 | 7.56e-01 4.01e-04 -0.060  1.00 | 9.52e-01 5.64e-02 +0.099  0.99 | 2.2e+00 4.5e+00 1.470e+00
#320  1066   1 | 9.79e-01 1.39e-03 +0.470  1.00 | 1.05e+00 4.10e-02 -0.013  1.00 | 1.8e+00 4.4e+00 2.059e+00
#321   577   1 | 9.42e-01 1.11e-04 +0.048  1.00 | 1.02e+00 1.13e-02 +0.073  1.00 | 1.5e+00 3.7e+00 1.917e+00
#322  2386   1 | 1.02e+00 1.32e-03 -0.123  1.00 | 1.00e+00 5.62e-02 -0.037  1.01 | 1.5e+00 4.3e+00 2.048e+00
#323   466   1 | 1.30e+00 1.02e-03 -0.587  1.00 | 1.04e+00 9.87e-02 +0.059  1.00 | 1.7e+00 4.5e+00 2.774e+00
#324  2720   1 | 8.53e-01 2.57e-04 +0.377  1.00 | 9.90e-01 3.59e-02 +0.037  1.00 | 1.9e+00 2.1e+00 1.705e+00
#325  4698   1 | 1.29e+00 3.31e-04 -0.512  1.00 | 1.00e+00 2.89e-02 +0.224  0.99 | 2.2e+00 2.7e+00 2.664e+00
#326   551   1 | 1.28e+00 1.23e-03 +0.123  1.00 | 1.11e+00 1.04e-01 +0.149  0.98 | 1.6e+00 3.6e+00 2.827e+00
#327  1035   1 | 6.18e-01 3.82e-04 -0.162  1.00 | 1.01e+00 5.82e-02 +0.059  1.00 | 1.6e+00 4.3e+00 1.394e+00
#328  4223   1 | 1.29e+00 6.52e-04 +0.273  1.00 | 9.33e-01 5.83e-02 +0.124  0.99 | 2.3e+00 4.0e+00 2.523e+00
#329  4296   1 | 1.07e+00 4.20e-04 -0.561  1.00 | 1.05e+00 8.93e-02 +0.170  0.98 | 1.9e+00 3.8e+00 2.221e+00
#330  3541   1 | 9.32e-01 1.11e-03 +0.504  1.00 | 9.78e-01 9.17e-02 +0.340  0.94 | 2.1e+00 4.1e+00 1.772e+00
#331  4489   1 | 1.22e+00 4.25e-04 +0.072  1.00 | 9.13e-01 1.91e-01 +0.199  0.96 | 1.9e+00 3.9e+00 2.298e+00
#332    92   1 | 1.09e+00 1.29e-03 +0.109  1.00 | 9.75e-01 1.24e-01 -0.000  1.02 | 1.8e+00 4.4e+00 2.148e+00
#333  3849   1 | 1.00e+00 1.42e-03 +0.247  1.00 | 1.04e+00 1.94e-01 +0.165  0.97 | 2.2e+00 3.3e+00 2.050e+00
#334    47   1 | 1.21e+00 9.62e-04 -0.755  1.00 | 9.36e-01 6.48e-02 +0.053  1.00 | 1.8e+00 3.5e+00 2.336e+00
#335  1218   1 | 1.17e+00 7.13e-04 -0.136  1.00 | 1.05e+00 2.38e-02 +0.043  1.00 | 1.7e+00 4.1e+00 2.469e+00
#336  2396   1 | 1.05e+00 4.56e-04 -0.219  1.00 | 1.04e+00 1.52e-02 +0.012  1.00 | 1.6e+00 4.2e+00 2.189e+00
#337   244   1 | 1.07e+00 4.27e-04 +0.020  1.00 | 1.01e+00 4.98e-02 +0.021  1.00 | 1.4e+00 3.2e+00 2.165e+00
#338  3302   1 | 9.33e-01 9.13e-04 +0.689  1.00 | 1.06e+00 2.08e-01 +0.193  0.96 | 1.9e+00 3.5e+00 1.946e+00
#339  4106   1 | 1.36e+00 1.97e-03 +0.410  1.00 | 8.00e-01 1.04e-01 +0.344  0.93 | 2.0e+00 4.1e+00 2.439e+00
#340  1252   1 | 1.09e+00 1.95e-03 +0.845  1.00 | 1.03e+00 7.34e-02 +0.148  0.98 | 1.6e+00 4.5e+00 2.242e+00
#341  2425   1 | 7.71e-01 6.81e-04 -0.115  1.00 | 1.01e+00 1.10e-01 -0.006  1.01 | 1.8e+00 3.5e+00 1.622e+00
#342  4648   1 | 8.85e-01 2.33e-03 +0.621  1.00 | 1.05e+00 9.22e-02 +0.502  0.92 | 2.2e+00 3.5e+00 1.794e+00
#343    65   1 | 9.57e-01 8.30e-04 +0.340  1.00 | 9.75e-01 8.19e-02 +0.025  1.00 | 1.7e+00 2.7e+00 1.869e+00
#344  1602   1 | 1.13e+00 2.33e-03 -0.362  1.00 | 1.07e+00 1.70e-02 -0.070  1.00 | 1.3e+00 3.8e+00 2.408e+00
#345   910   1 | 1.10e+00 4.35e-04 -0.107  1.00 | 1.00e+00 1.42e-02 -0.012  1.00 | 1.4e+00 5.7e+00 2.207e+00
#346  2533   1 | 1.22e+00 1.05e-03 -0.210  1.00 | 9.76e-01 1.26e-01 +0.064  1.00 | 1.7e+00 3.8e+00 2.436e+00
#347  3274   1 | 1.40e+00 1.15e-03 -0.075  1.00 | 9.94e-01 1.71e-01 +0.165  0.97 | 1.7e+00 3.7e+00 2.922e+00
#348  4334   1 | 8.89e-01 7.21e-04 +0.316  1.00 | 9.97e-01 7.12e-02 +0.164  0.98 | 2.0e+00 3.4e+00 1.766e+00
#349  4702   1 | 6.67e-01 2.14e-04 +0.217  1.00 | 9.83e-01 1.55e-01 +0.136  0.98 | 2.1e+00 3.5e+00 1.394e+00
#350  1953   1 | 1.07e+00 5.15e-04 -0.605  1.00 | 9.70e-01 4.80e-02 +0.025  1.00 | 1.5e+00 4.7e+00 2.081e+00
#351  4880   1 | 1.05e+00 7.41e-04 +0.940  1.00 | 1.01e+00 1.08e-01 +0.181  0.97 | 1.9e+00 3.7e+00 2.096e+00
#352  2702   1 | 9.80e-01 1.51e-03 -0.515  1.00 | 9.78e-01 1.03e-01 +0.110  0.99 | 1.7e+00 3.4e+00 1.907e+00
#353  2333   1 | 1.45e+00 2.20e-04 -0.349  1.00 | 1.01e+00 7.40e-02 +0.029  1.00 | 1.5e+00 2.9e+00 3.116e+00
#354    96   1 | 7.82e-01 2.27e-03 -0.225  1.00 | 9.97e-01 1.64e-01 -0.009  1.03 | 1.5e+00 4.2e+00 1.635e+00
#355   321   1 | 5.19e-01 1.79e-03 +0.874  0.99 | 9.79e-01 5.02e-02 +0.091  0.99 | 1.4e+00 3.9e+00 1.219e+00
#356  2971   1 | 7.47e-01 1.66e-03 +0.067  1.00 | 9.49e-01 1.44e-01 +0.214  0.96 | 1.5e+00 3.9e+00 1.421e+00
#357  2088   1 | 1.17e+00 3.55e-04 -0.309  1.00 | 1.04e+00 1.20e-01 +0.090  0.99 | 1.8e+00 2.6e+00 2.439e+00
#358  1723   1 | 8.54e-01 2.59e-03 +0.108  1.00 | 8.29e-01 3.69e-02 +0.031  1.00 | 1.4e+00 3.8e+00 1.414e+00
#359  1062   1 | 7.25e-01 1.69e-03 +0.090  1.00 | 9.91e-01 1.28e-02 +0.029  1.00 | 1.3e+00 3.4e+00 1.505e+00
#360  1306   1 | 1.11e+00 1.00e-03 +0.216  1.00 | 1.02e+00 3.54e-02 +0.017  1.00 | 1.4e+00 3.4e+00 2.280e+00
#361  3851   1 | 7.14e-01 6.10e-04 -0.461  1.00 | 1.02e+00 1.22e-01 +0.159  0.98 | 1.9e+00 3.5e+00 1.530e+00
#362  4230   1 | 1.12e+00 3.01e-04 +0.030  1.00 | 9.82e-01 4.79e-02 +0.130  0.99 | 1.9e+00 3.3e+00 2.214e+00
#363  1331   1 | 1.08e+00 1.78e-03 +0.556  1.00 | 1.01e+00 1.31e-02 +0.087  1.00 | 1.3e+00 4.3e+00 2.194e+00
#364  4845   1 | 1.13e+00 1.64e-04 +0.107  1.00 | 9.22e-01 1.33e-02 +0.184  0.99 | 1.8e+00 2.7e+00 2.119e+00
#365  2137   1 | 1.07e+00 4.15e-04 +0.067  1.00 | 9.98e-01 5.47e-02 -0.028  1.01 | 1.6e+00 4.0e+00 2.156e+00
#366  4723   1 | 6.83e-01 3.21e-04 -0.675  1.00 | 9.88e-01 7.16e-02 +0.220  0.97 | 1.9e+00 3.4e+00 1.417e+00
#367   885   1 | 1.14e+00 4.27e-04 +0.092  1.00 | 9.88e-01 6.27e-04 -0.000  1.00 | 1.3e+00 3.1e+00 2.285e+00
#368   345   1 | 1.04e+00 1.22e-03 +0.026  1.00 | 9.74e-01 3.70e-02 +0.038  1.00 | 1.4e+00 4.0e+00 2.019e+00
#369  3594   1 | 6.34e-01 4.65e-04 +0.498  1.00 | 9.95e-01 3.15e-02 +0.013  1.00 | 2.0e+00 3.2e+00 1.393e+00
#370  2214   1 | 3.65e-01 3.68e-03 +0.878  0.98 | 1.08e+00 2.48e-02 +0.117  1.00 | 1.3e+00 3.9e+00 1.291e+00
#371  4993   1 | 6.47e-01 4.58e-04 +0.198  1.00 | 1.06e+00 9.34e-03 +0.209  1.00 | 1.5e+00 4.1e+00 1.543e+00
#372  3019   1 | 8.52e-01 1.52e-03 -0.202  1.00 | 9.88e-01 3.64e-02 +0.167  0.99 | 1.3e+00 3.8e+00 1.691e+00
#373  3806   1 | 9.94e-01 7.55e-04 +0.484  1.00 | 9.51e-01 3.02e-01 +0.176  0.99 | 1.8e+00 3.6e+00 1.883e+00
#374  4579   1 | 8.62e-01 3.21e-04 -0.625  1.00 | 9.90e-01 5.10e-02 +0.186  0.98 | 1.9e+00 4.0e+00 1.707e+00
#375  3427   1 | 4.72e-01 1.17e-03 +0.322  1.00 | 1.03e+00 1.15e-01 +0.400  0.92 | 1.9e+00 3.1e+00 1.211e+00
#376  2926   1 | 1.55e+00 2.09e-03 -0.225  1.00 | 1.08e+00 7.25e-02 +0.264  0.97 | 1.6e+00 3.8e+00 3.542e+00
#377  4971   1 | 1.58e+00 1.76e-03 -0.255  1.00 | 8.86e-01 1.37e-01 +0.368  0.91 | 1.8e+00 3.8e+00 3.211e+00
#378  2030   1 | 7.66e-01 1.18e-03 +0.587  1.00 | 1.03e+00 8.56e-02 +0.329  0.95 | 1.7e+00 4.4e+00 1.601e+00
#379  1941   1 | 9.30e-01 1.90e-03 +0.403  1.00 | 9.84e-01 1.20e-01 -0.023  1.02 | 1.4e+00 3.1e+00 1.853e+00
#380   736   1 | 1.14e+00 2.01e-03 -0.008  1.00 | 9.27e-01 1.22e-02 +0.279  0.99 | 1.2e+00 3.6e+00 2.156e+00
#381  3911   1 | 8.85e-01 8.89e-04 -0.228  1.00 | 9.89e-01 1.04e-01 +0.076  1.00 | 2.1e+00 2.9e+00 1.758e+00
#382  4785   1 | 7.38e-01 4.72e-04 -0.489  1.00 | 9.88e-01 1.02e-01 +0.183  0.97 | 2.1e+00 3.3e+00 1.495e+00
#383   220   1 | 1.30e+00 7.89e-04 -0.064  1.00 | 1.01e+00 7.63e-03 +0.025  1.00 | 1.4e+00 4.3e+00 2.728e+00
#384   859   1 | 1.12e+00 6.55e-04 +0.272  1.00 | 1.06e+00 6.92e-02 +0.089  0.99 | 1.4e+00 3.6e+00 2.389e+00
#385  2226   1 | 3.94e-01 1.04e-03 -0.201  1.00 | 9.81e-01 1.29e-01 -0.024  1.02 | 1.4e+00 3.7e+00 1.140e+00
#386  1175   1 | 1.12e+00 4.18e-04 +0.280  1.00 | 1.01e+00 2.30e-02 +0.027  1.00 | 1.5e+00 3.9e+00 2.274e+00
#387  1531   1 | 1.11e+00 5.34e-03 +0.760  0.99 | 9.91e-01 2.01e-02 +0.040  1.00 | 1.2e+00 4.0e+00 2.198e+00
#388  4898   1 | 9.45e-01 3.19e-04 -0.293  1.00 | 1.04e+00 6.15e-02 +0.247  0.97 | 2.2e+00 3.7e+00 1.953e+00
#389  4195   1 | 9.84e-01 9.94e-04 -0.348  1.00 | 1.02e+00 8.99e-02 +0.167  0.98 | 2.2e+00 3.5e+00 1.986e+00
#390  2209   1 | 5.00e-01 7.17e-04 -0.524  1.00 | 9.84e-01 1.12e-01 -0.021  1.02 | 1.4e+00 3.5e+00 1.236e+00
#391  1165   1 | 6.62e-01 3.92e-04 -0.542  1.00 | 1.00e+00 5.89e-02 +0.009  1.00 | 1.5e+00 3.3e+00 1.443e+00
#392  1043   1 | 5.96e-01 1.60e-03 -0.522  1.00 | 1.08e+00 8.89e-02 -0.001  1.01 | 1.5e+00 3.8e+00 1.539e+00
#393  4847   1 | 1.04e+00 1.66e-03 +0.140  1.00 | 1.00e+00 2.67e-01 +0.303  0.91 | 2.0e+00 4.7e+00 1.994e+00
#394  3791   1 | 1.67e+00 4.29e-04 +0.310  1.00 | 1.03e+00 2.44e-02 +0.098  1.00 | 2.1e+00 2.9e+00 3.830e+00
#395   411   1 | 1.03e+00 9.59e-04 +0.264  1.00 | 1.02e+00 4.89e-03 +0.056  1.00 | 1.3e+00 3.7e+00 2.111e+00
#396  3560   1 | 1.16e+00 3.11e-04 -0.082  1.00 | 9.37e-01 1.57e-01 +0.156  0.98 | 2.0e+00 4.1e+00 2.200e+00
#397  1186   1 | 7.94e-01 4.40e-04 +0.778  1.00 | 1.03e+00 5.06e-02 +0.127  0.99 | 1.3e+00 2.8e+00 1.675e+00
#398    37   1 | 8.53e-01 9.71e-04 -0.043  1.00 | 1.04e+00 7.03e-02 +0.105  0.99 | 1.6e+00 4.7e+00 1.791e+00
#399  4457   1 | 7.90e-01 5.52e-04 -0.023  1.00 | 9.98e-01 3.86e-02 +0.100  0.99 | 1.9e+00 3.2e+00 1.614e+00
#400  2615   1 | 8.21e-01 3.54e-04 +0.741  1.00 | 9.82e-01 1.13e-01 +0.082  0.99 | 1.6e+00 3.1e+00 1.634e+00
#401  3475   1 | 1.05e+00 5.83e-04 -0.401  1.00 | 9.64e-01 7.40e-02 +0.084  0.99 | 1.9e+00 2.5e+00 2.024e+00
#402  4929   1 | 1.03e+00 8.97e-04 -0.128  1.00 | 9.29e-01 2.57e-01 +0.384  0.86 | 2.0e+00 3.8e+00 1.805e+00
#403   371   1 | 7.81e-01 9.63e-04 -0.203  1.00 | 1.08e+00 1.92e-01 -0.240  1.12 | 1.5e+00 3.9e+00 1.908e+00
#404  3890   1 | 9.07e-01 1.39e-03 -0.369  1.00 | 9.34e-01 1.99e-01 +0.239  0.94 | 2.1e+00 4.4e+00 1.648e+00
#405  1045   1 | 3.95e-01 1.75e-03 +0.437  1.00 | 9.92e-01 6.80e-02 +0.075  0.99 | 1.4e+00 4.5e+00 1.134e+00
#406  2719   1 | 9.09e-01 2.59e-03 +0.206  1.00 | 9.62e-01 2.68e-01 +0.205  0.96 | 1.6e+00 3.5e+00 1.716e+00
#407  2621   1 | 5.38e-01 7.39e-04 -0.113  1.00 | 1.02e+00 1.29e-02 +0.061  1.00 | 1.6e+00 3.8e+00 1.337e+00
#408  1707   1 | 9.58e-01 1.56e-03 -0.368  1.00 | 9.05e-01 5.22e-02 +0.252  0.97 | 1.3e+00 3.5e+00 1.717e+00
#409   983   1 | 9.64e-01 6.97e-03 +0.129  1.00 | 1.06e+00 2.81e-02 +0.233  0.99 | 1.3e+00 3.2e+00 2.047e+00
#410    73   1 | 1.39e+00 1.12e-03 -0.070  1.00 | 9.24e-01 3.17e-02 +0.063  1.00 | 1.5e+00 4.2e+00 2.778e+00
#411  3327   1 | 1.42e+00 7.97e-04 -0.035  1.00 | 1.03e+00 5.68e-02 +0.068  1.00 | 1.5e+00 3.1e+00 3.073e+00
#412  1271   1 | 1.02e+00 1.31e-03 +0.096  1.00 | 1.04e+00 4.60e-02 +0.032  1.00 | 1.4e+00 3.4e+00 2.119e+00
#413  4923   1 | 1.57e+00 4.28e-03 +0.085  1.00 | 1.04e+00 1.97e-01 +0.333  0.91 | 1.9e+00 4.8e+00 3.448e+00
#414  3386   1 | 6.51e-01 4.58e-04 -0.181  1.00 | 9.94e-01 8.62e-02 +0.132  0.98 | 1.8e+00 3.7e+00 1.397e+00
#415   478   1 | 1.17e+00 8.75e-04 -0.395  1.00 | 1.01e+00 3.22e-03 +0.055  1.00 | 1.3e+00 4.2e+00 2.383e+00
#416  4820   1 | 2.79e-01 1.79e-03 -0.218  1.00 | 9.56e-01 2.43e-01 +0.281  0.92 | 1.8e+00 3.8e+00 9.200e-01
#417  4684   1 | 9.24e-01 1.77e-03 +0.388  1.00 | 1.06e+00 1.42e-01 +0.170  0.97 | 1.8e+00 3.4e+00 1.954e+00
#418  3684   1 | 8.87e-01 8.11e-04 -0.703  1.00 | 9.75e-01 8.26e-02 +0.043  1.00 | 1.8e+00 3.5e+00 1.738e+00
#419   627   1 | 7.00e-01 1.31e-03 -0.048  1.00 | 9.93e-01 2.97e-02 +0.003  1.00 | 1.3e+00 3.4e+00 1.476e+00
#420  4583   1 | 6.07e-01 3.53e-04 +0.004  1.00 | 9.45e-01 6.78e-02 +0.238  0.97 | 1.8e+00 3.0e+00 1.236e+00
#421  1003   1 | 1.22e+00 1.09e-02 -0.309  1.01 | 9.78e-01 6.44e-02 +0.130  0.99 | 1.4e+00 3.8e+00 2.447e+00
#422  2964   1 | 1.19e+00 8.41e-04 +0.728  1.00 | 1.01e+00 4.86e-02 +0.125  0.99 | 1.4e+00 3.2e+00 2.429e+00
#423   246   1 | 1.18e+00 2.58e-03 +0.023  1.00 | 1.04e+00 5.54e-02 -0.017  1.00 | 1.2e+00 3.0e+00 2.479e+00
#424  2669   1 | 7.04e-01 8.65e-04 -0.029  1.00 | 1.00e+00 4.61e-02 +0.118  0.99 | 1.5e+00 3.1e+00 1.493e+00
#425  3582   1 | 8.66e-01 4.92e-04 -0.355  1.00 | 1.01e+00 2.07e-01 +0.159  0.98 | 1.8e+00 3.8e+00 1.745e+00
#426  1425   1 | 1.30e+00 1.00e-02 -0.480  1.01 | 1.01e+00 5.26e-02 -0.010  1.00 | 1.3e+00 3.2e+00 2.728e+00
#427  4974   1 | 1.08e+00 1.91e-04 -0.078  1.00 | 1.03e+00 4.64e-02 +0.205  0.98 | 1.7e+00 2.6e+00 2.195e+00
#428   885   1 | 1.10e+00 9.45e-03 +0.798  0.99 | 9.71e-01 5.69e-02 -0.038  1.01 | 1.3e+00 3.8e+00 2.138e+00
#429  4372   1 | 1.00e+00 1.06e-03 -0.602  1.00 | 1.03e+00 1.39e-01 +0.272  0.94 | 1.6e+00 3.1e+00 2.019e+00
#430    85   1 | 1.02e+00 1.38e-03 +0.024  1.00 | 1.05e+00 1.05e-01 +0.166  0.98 | 1.3e+00 3.5e+00 2.124e+00
#431  4960   1 | 7.99e-01 3.49e-03 -0.041  1.00 | 9.55e-01 1.33e-01 +0.348  0.92 | 1.6e+00 3.7e+00 1.481e+00
#432  3161   1 | 1.31e+00 1.77e-03 -0.534  1.00 | 1.06e+00 1.73e-01 +0.020  1.02 | 1.5e+00 4.4e+00 2.863e+00
#433   718   1 | 1.23e+00 5.14e-03 +0.111  1.00 | 9.77e-01 6.04e-02 +0.065  1.00 | 1.3e+00 3.0e+00 2.454e+00
#434  2566   1 | 2.72e-01 6.84e-04 +0.220  1.00 | 9.87e-01 1.02e-01 +0.095  0.99 | 1.5e+00 3.4e+00 1.039e+00
#435  3406   1 | 1.02e+00 6.86e-04 +0.224  1.00 | 9.16e-01 1.30e-01 +0.120  0.99 | 1.9e+00 3.3e+00 1.857e+00
#436  2858   1 | 8.78e-01 2.57e-04 +0.512  1.00 | 1.03e+00 7.90e-02 +0.019  1.00 | 1.6e+00 3.3e+00 1.840e+00
#437   904   1 | 1.00e+00 4.35e-03 -0.260  1.00 | 9.64e-01 6.47e-02 +0.106  0.99 | 1.3e+00 4.2e+00 1.931e+00
#438  4388   1 | 1.41e+00 1.53e-04 -0.212  1.00 | 9.69e-01 7.77e-02 +0.168  0.98 | 1.8e+00 3.8e+00 2.914e+00
#439  1554   1 | 1.42e+00 5.80e-04 -0.701  1.00 | 1.02e+00 2.37e-02 -0.004  1.00 | 1.2e+00 2.9e+00 3.060e+00
#440  4706   1 | 8.09e-01 9.09e-04 +0.317  1.00 | 9.61e-01 1.90e-01 +0.181  0.97 | 1.7e+00 3.6e+00 1.547e+00
#441  4479   1 | 9.38e-01 8.05e-04 +0.171  1.00 | 9.64e-01 1.71e-01 +0.196  0.96 | 1.7e+00 3.3e+00 1.773e+00
#442  1957   1 | 7.82e-01 5.97e-04 -0.504  1.00 | 9.98e-01 2.57e-02 -0.070  1.00 | 1.6e+00 3.9e+00 1.612e+00
#443   836   1 | 7.86e-01 3.24e-03 +0.119  1.00 | 1.03e+00 5.42e-02 +0.036  1.00 | 1.3e+00 3.8e+00 1.671e+00
#444  2431   1 | 1.19e+00 1.17e-03 +0.251  1.00 | 1.05e+00 1.01e-01 +0.194  0.97 | 1.4e+00 3.3e+00 2.499e+00
#445  4996   1 | 7.19e-01 1.13e-03 -0.617  1.00 | 9.17e-01 8.96e-02 +0.390  0.93 | 1.5e+00 3.8e+00 1.303e+00
#446  4920   1 | 7.43e-01 3.24e-03 +0.270  1.00 | 9.26e-01 3.08e-01 +0.217  0.97 | 2.1e+00 4.0e+00 1.380e+00
#447  3611   1 | 1.23e+00 1.35e-03 -0.112  1.00 | 1.02e+00 1.15e-01 +0.078  1.00 | 2.0e+00 3.8e+00 2.549e+00
#448  3618   1 | 1.21e+00 1.65e-03 +0.275  1.00 | 9.89e-01 1.34e-01 +0.193  0.97 | 1.8e+00 3.8e+00 2.399e+00
#449  4215   1 | 9.07e-01 9.90e-04 +0.105  1.00 | 9.18e-01 1.39e-01 +0.331  0.92 | 2.0e+00 3.2e+00 1.600e+00
#450  2290   1 | 5.58e-01 4.39e-04 -0.494  1.00 | 1.00e+00 8.00e-03 +0.078  1.00 | 1.3e+00 4.1e+00 1.311e+00
#451  3686   1 | 1.06e+00 9.06e-04 +0.363  1.00 | 1.02e+00 6.52e-02 +0.076  0.99 | 2.0e+00 3.4e+00 2.147e+00
#452  3054   1 | 6.36e-01 1.50e-03 +0.473  1.00 | 1.03e+00 2.22e-01 +0.118  1.00 | 1.7e+00 3.7e+00 1.457e+00
#453   342   1 | 1.16e+00 3.49e-04 -0.499  1.00 | 9.77e-01 1.43e-02 -0.010  1.00 | 1.5e+00 3.7e+00 2.300e+00
#454   354   1 | 1.02e+00 1.31e-03 -0.363  1.00 | 1.14e+00 1.60e-01 +0.270  0.94 | 1.6e+00 3.2e+00 2.266e+00
#455   961   1 | 1.18e+00 2.33e-03 +0.195  1.00 | 9.58e-01 7.75e-02 -0.034  1.01 | 1.3e+00 4.2e+00 2.317e+00
#456  4015   1 | 1.04e+00 9.79e-04 +0.124  1.00 | 1.02e+00 2.11e-01 +0.109  1.00 | 2.2e+00 3.7e+00 2.125e+00
#457   395   1 | 1.08e+00 9.30e-04 +0.197  1.00 | 9.74e-01 1.37e-02 +0.098  1.00 | 1.2e+00 3.7e+00 2.102e+00
#458   303   1 | 4.63e-01 8.39e-04 +0.182  1.00 | 9.57e-01 7.54e-02 -0.019  1.01 | 1.4e+00 3.5e+00 1.139e+00
#459    28   1 | 1.32e+00 8.79e-04 -0.331  1.00 | 1.08e+00 2.01e-02 -0.018  1.00 | 1.5e+00 3.7e+00 2.897e+00
#460    32   1 | 1.49e+00 1.30e-03 -0.001  1.00 | 9.68e-01 4.32e-02 -0.001  1.00 | 1.7e+00 4.2e+00 3.145e+00
#461  3025   1 | 1.05e+00 1.17e-03 -0.470  1.00 | 9.93e-01 7.10e-02 +0.151  0.98 | 1.5e+00 4.5e+00 2.069e+00
#462  3218   1 | 7.54e-01 5.43e-03 +0.296  1.00 | 1.03e+00 9.37e-02 +0.243  0.96 | 1.8e+00 4.7e+00 1.579e+00
#463   386   1 | 4.94e-01 1.33e-03 -0.031  1.00 | 1.12e+00 2.01e-01 +0.132  0.98 | 1.4e+00 2.9e+00 1.474e+00
#464  2459   1 | 1.44e+00 8.34e-04 +0.671  1.00 | 9.60e-01 7.76e-02 +0.017  1.00 | 1.6e+00 4.3e+00 2.987e+00
#465  2943   1 | 9.68e-01 5.34e-04 -0.243  1.00 | 1.02e+00 1.19e-01 +0.141  0.98 | 1.6e+00 3.2e+00 1.956e+00
#466   878   1 | 6.97e-01 1.42e-03 +0.180  1.00 | 9.95e-01 7.08e-02 +0.052  1.00 | 1.2e+00 3.8e+00 1.475e+00
#467  3352   1 | 9.76e-01 4.14e-04 -0.179  1.00 | 9.91e-01 1.73e-02 +0.168  0.99 | 2.0e+00 4.0e+00 1.929e+00
#468  2308   1 | 5.60e-01 8.36e-04 +0.266  1.00 | 1.03e+00 1.21e-01 +0.055  1.00 | 1.6e+00 4.3e+00 1.376e+00
#469  1416   1 | 8.43e-01 7.19e-04 +0.224  1.00 | 1.03e+00 4.02e-02 +0.040  1.00 | 1.3e+00 4.1e+00 1.776e+00
#470  1784   1 | 6.23e-01 1.34e-03 -0.334  1.00 | 9.93e-01 7.70e-02 +0.076  0.99 | 1.4e+00 3.4e+00 1.368e+00
#471  1199   1 | 1.16e+00 3.75e-03 +0.159  1.00 | 9.97e-01 1.25e-01 -0.052  1.03 | 1.6e+00 4.9e+00 2.373e+00
#472  3767   1 | 4.80e-01 1.07e-03 +0.588  1.00 | 1.03e+00 2.25e-01 +0.101  1.00 | 2.2e+00 3.3e+00 1.296e+00
#473  1920   1 | 9.86e-01 1.84e-03 -0.299  1.00 | 1.06e+00 2.48e-01 +0.065  1.02 | 1.8e+00 4.5e+00 2.120e+00
#474  1736   1 | 1.21e+00 2.29e-03 +0.017  1.00 | 9.52e-01 1.22e-01 +0.143  0.98 | 1.5e+00 3.3e+00 2.350e+00
#475   781   1 | 1.02e+00 1.37e-03 +0.580  1.00 | 1.03e+00 2.54e-02 +0.048  1.00 | 1.2e+00 4.5e+00 2.112e+00
#476   465   1 | 1.20e+00 8.57e-04 -0.253  1.00 | 9.77e-01 3.33e-02 +0.029  1.00 | 1.6e+00 3.5e+00 2.401e+00
#477  2652   1 | 1.04e+00 6.61e-04 +0.168  1.00 | 9.99e-01 7.10e-02 -0.026  1.01 | 2.1e+00 3.2e+00 2.083e+00
#478   919   1 | 9.38e-01 8.04e-04 -0.251  1.00 | 9.67e-01 3.89e-02 -0.037  1.00 | 1.4e+00 2.6e+00 1.818e+00
#479  4030   1 | 1.03e+00 7.38e-04 +0.008  1.00 | 9.97e-01 1.74e-01 +0.102  0.99 | 2.1e+00 4.2e+00 2.046e+00
#480  1633   1 | 8.10e-01 1.31e-03 +0.196  1.00 | 9.91e-01 2.80e-02 -0.077  1.01 | 1.4e+00 3.4e+00 1.642e+00
#481  3569   1 | 8.19e-01 6.74e-04 -0.120  1.00 | 9.48e-01 2.15e-02 +0.126  0.99 | 2.5e+00 3.9e+00 1.565e+00
#482  4138   1 | 1.14e+00 6.36e-04 +0.080  1.00 | 9.63e-01 9.98e-02 +0.238  0.96 | 2.3e+00 3.5e+00 2.196e+00
#483  1391   1 | 1.26e+00 1.94e-03 +0.329  1.00 | 9.83e-01 1.40e-01 +0.018  1.02 | 1.3e+00 3.3e+00 2.576e+00
#484  1097   1 | 1.10e+00 8.55e-04 +0.519  1.00 | 1.00e+00 1.15e-01 +0.013  1.01 | 1.7e+00 3.4e+00 2.220e+00
#485  4774   1 | 1.12e+00 8.50e-04 +0.372  1.00 | 9.42e-01 1.62e-01 +0.454  0.87 | 2.2e+00 3.8e+00 2.024e+00
#486   424   1 | 8.59e-01 4.34e-04 +0.077  1.00 | 1.01e+00 1.48e-02 +0.002  1.00 | 1.7e+00 3.6e+00 1.755e+00
#487  2904   1 | 1.05e+00 1.38e-03 -0.270  1.00 | 9.81e-01 8.80e-02 +0.067  1.00 | 1.8e+00 3.3e+00 2.070e+00
#488  3558   1 | 1.17e+00 5.89e-04 -0.321  1.00 | 1.02e+00 1.81e-01 +0.125  0.99 | 2.4e+00 4.0e+00 2.395e+00
#489  1336   1 | 1.31e+00 1.11e-03 -0.472  1.00 | 1.04e+00 8.84e-02 -0.033  1.01 | 1.5e+00 3.7e+00 2.798e+00
#490    96   1 | 9.34e-01 9.12e-04 +0.544  1.00 | 9.97e-01 3.82e-02 +0.056  1.00 | 1.8e+00 4.0e+00 1.861e+00
#491  3071   1 | 4.61e-01 4.06e-04 -0.087  1.00 | 9.90e-01 3.11e-02 +0.132  0.99 | 1.8e+00 3.0e+00 1.184e+00
#492   836   1 | 1.05e+00 3.84e-04 -0.524  1.00 | 9.70e-01 4.33e-02 +0.041  1.00 | 1.4e+00 3.3e+00 2.033e+00
#493  4022   1 | 1.26e+00 1.73e-03 -0.676  1.00 | 1.02e+00 6.06e-02 +0.129  0.99 | 2.1e+00 4.0e+00 2.630e+00
#494  1439   1 | 1.16e+00 3.61e-03 -0.306  1.00 | 1.03e+00 5.66e-02 +0.202  0.98 | 1.4e+00 4.3e+00 2.372e+00
#495  1988   1 | 7.27e-01 4.24e-04 -0.121  1.00 | 1.03e+00 8.72e-02 +0.017  1.00 | 1.9e+00 3.5e+00 1.589e+00
#496  4908   1 | 1.23e+00 1.12e-03 -0.584  1.00 | 9.43e-01 3.44e-01 +0.409  0.83 | 2.5e+00 4.4e+00 2.260e+00
#497   351   1 | 3.80e-01 4.30e-04 +0.137  1.00 | 1.05e+00 9.50e-02 +0.126  0.99 | 1.8e+00 2.8e+00 1.233e+00
#498  1825   1 | 1.12e+00 1.11e-03 -0.071  1.00 | 1.03e+00 2.21e-02 +0.113  1.00 | 1.6e+00 4.3e+00 2.302e+00
#499  4858   1 | 1.12e+00 9.86e-05 -0.328  1.00 | 1.00e+00 5.78e-02 +0.274  0.97 | 2.2e+00 3.7e+00 2.235e+00
#500  4551   1 | 3.91e-01 6.38e-04 +0.712  1.00 | 1.01e+00 1.67e-01 +0.107  0.99 | 2.5e+00 4.2e+00 1.155e+00
#501  1236   1 | 1.36e-01 2.17e-03 +0.088  1.00 | 1.06e+00 1.19e-01 +0.066  1.00 | 1.8e+00 3.9e+00 1.134e+00
#502  1362   1 | 7.51e-01 1.00e-03 -0.911  1.00 | 1.03e+00 6.64e-02 +0.128  0.99 | 1.6e+00 3.8e+00 1.611e+00
#503  2742   1 | 8.54e-01 6.97e-04 +0.346  1.00 | 9.55e-01 1.38e-01 +0.049  1.01 | 2.0e+00 4.4e+00 1.647e+00
#504  3678   1 | 1.01e+00 1.35e-03 -0.299  1.00 | 9.85e-01 8.07e-02 +0.098  0.99 | 2.4e+00 4.1e+00 1.988e+00
#505   776   1 | 1.44e+00 6.75e-04 +0.448  1.00 | 1.04e+00 7.08e-03 +0.053  1.00 | 1.3e+00 2.8e+00 3.158e+00
#506  4797   1 | 1.40e+00 2.27e-03 -0.025  1.00 | 1.01e+00 1.54e-01 +0.426  0.89 | 2.4e+00 3.6e+00 2.866e+00
#507  1071   1 | 1.30e+00 9.70e-04 -0.195  1.00 | 1.03e+00 5.67e-02 +0.008  1.00 | 1.7e+00 3.8e+00 2.751e+00
#508     8   1 | 1.03e+00 6.46e-04 +0.350  1.00 | 9.95e-01 6.50e-02 +0.025  1.00 | 1.9e+00 2.7e+00 2.044e+00
#509  2466   1 | 1.06e+00 1.13e-03 -0.673  1.00 | 9.61e-01 1.38e-01 +0.080  1.00 | 2.0e+00 3.7e+00 2.044e+00
#510  2092   1 | 2.42e-01 1.99e-03 +0.071  1.00 | 9.54e-01 1.21e-01 +0.205  0.96 | 2.1e+00 3.8e+00 9.364e-01
#511   790   1 | 9.65e-01 1.41e-03 -0.887  1.00 | 1.03e+00 8.16e-02 +0.008  1.01 | 1.7e+00 4.1e+00 2.004e+00
#512  2242   1 | 8.32e-01 1.83e-03 +0.314  1.00 | 1.03e+00 1.24e-01 +0.080  1.00 | 1.6e+00 4.3e+00 1.746e+00
#513  2034   1 | 1.46e+00 4.59e-04 -0.081  1.00 | 1.07e+00 9.99e-02 +0.019  1.01 | 2.1e+00 3.5e+00 3.261e+00
#514  3714   1 | 9.95e-01 7.24e-04 -0.197  1.00 | 1.01e+00 1.06e-01 +0.067  1.00 | 2.5e+00 3.7e+00 2.008e+00
#515  4912   1 | 9.96e-01 1.19e-03 -0.392  1.00 | 9.50e-01 1.08e-01 +0.188  0.97 | 2.2e+00 4.6e+00 1.868e+00
#516  4698   1 | 5.50e-01 2.15e-03 -0.636  1.00 | 9.31e-01 2.67e-01 +0.244  0.94 | 2.4e+00 4.1e+00 1.120e+00
#517   136   1 | 4.66e-01 1.63e-03 +0.880  0.99 | 8.43e-01 2.29e-01 +0.052  1.05 | 1.7e+00 3.5e+00 9.590e-01
#518  2617   1 | 9.14e-01 2.02e-03 +0.534  1.00 | 9.91e-01 1.28e-01 -0.040  1.03 | 2.1e+00 4.3e+00 1.841e+00
#519  4525   1 | 1.04e+00 1.11e-03 +0.343  1.00 | 1.17e+00 2.74e-01 +0.378  0.88 | 2.3e+00 4.0e+00 2.282e+00
#520  3609   1 | 9.47e-01 1.63e-03 +0.266  1.00 | 9.52e-01 1.79e-01 +0.085  1.00 | 2.3e+00 3.2e+00 1.806e+00
#521  2894   1 | 1.04e+00 2.21e-03 +0.142  1.00 | 9.63e-01 7.98e-02 +0.167  0.98 | 1.9e+00 3.5e+00 1.981e+00
#522  1310   1 | 1.17e+00 6.65e-04 +0.075  1.00 | 1.04e+00 6.17e-02 +0.042  1.00 | 1.3e+00 3.1e+00 2.444e+00
#523   413   1 | 9.07e-01 9.04e-04 -0.358  1.00 | 9.73e-01 7.49e-02 -0.101  1.02 | 1.6e+00 4.0e+00 1.789e+00
#524  1657   1 | 1.07e+00 7.25e-04 +0.342  1.00 | 9.86e-01 2.98e-02 +0.062  1.00 | 1.5e+00 3.5e+00 2.105e+00
#525   410   1 | 1.31e+00 5.45e-04 +0.265  1.00 | 1.01e+00 5.01e-02 +0.056  1.00 | 1.5e+00 3.8e+00 2.726e+00
#526  3354   1 | 5.66e-01 1.38e-03 +0.281  1.00 | 9.67e-01 1.31e-01 +0.111  0.99 | 2.1e+00 3.3e+00 1.243e+00
#527  2176   1 | 7.10e-01 7.67e-04 +0.564  1.00 | 9.91e-01 2.86e-02 +0.027  1.00 | 1.8e+00 4.3e+00 1.485e+00
#528  2797   1 | 9.68e-01 3.53e-04 +0.365  1.00 | 9.98e-01 1.01e-01 +0.112  0.99 | 2.0e+00 2.8e+00 1.920e+00
#529  2570   1 | 9.62e-01 4.02e-04 +0.352  1.00 | 9.78e-01 5.27e-02 +0.006  1.00 | 1.9e+00 3.8e+00 1.885e+00
#530   720   1 | 1.35e+00 1.28e-03 -0.324  1.00 | 1.03e+00 5.20e-02 +0.020  1.00 | 1.4e+00 2.8e+00 2.892e+00
#531  3630   1 | 4.77e-01 7.19e-04 -0.005  1.00 | 1.01e+00 7.21e-02 +0.091  0.99 | 2.2e+00 3.3e+00 1.248e+00
#532  3733   1 | 7.15e-01 9.98e-04 -0.076  1.00 | 1.09e+00 1.84e-01 +0.120  0.99 | 2.2e+00 4.0e+00 1.682e+00
#533  4890   1 | 1.01e+00 8.48e-04 +0.497  1.00 | 1.06e+00 1.09e-01 +0.182  0.97 | 2.2e+00 3.0e+00 2.107e+00
#534   468   1 | 1.04e+00 3.38e-04 -0.278  1.00 | 9.92e-01 2.81e-02 +0.015  1.00 | 1.8e+00 3.7e+00 2.070e+00
#535  4159   1 | 1.05e+00 8.65e-04 -0.320  1.00 | 1.04e+00 1.33e-01 +0.277  0.95 | 2.1e+00 3.2e+00 2.113e+00
#536   906   1 | 9.28e-01 1.15e-03 +0.504  1.00 | 9.98e-01 6.40e-02 +0.006  1.00 | 1.6e+00 4.5e+00 1.859e+00
#537  4292   1 | 1.01e+00 1.07e-03 +0.193  1.00 | 9.99e-01 6.33e-02 +0.071  0.99 | 2.1e+00 4.1e+00 2.016e+00
#538  3158   1 | 1.16e+00 1.37e-03 +0.939  1.00 | 1.07e+00 1.94e-01 +0.193  0.96 | 2.0e+00 3.6e+00 2.443e+00
#539  3645   1 | 1.10e+00 4.21e-04 +0.030  1.00 | 1.04e+00 2.21e-01 +0.143  0.98 | 2.2e+00 4.7e+00 2.281e+00
#540  1656   1 | 1.39e+00 8.37e-04 -0.601  1.00 | 9.61e-01 2.41e-02 +0.042  1.00 | 1.4e+00 3.4e+00 2.847e+00
#541  4450   1 | 1.50e+00 2.32e-03 +0.428  1.00 | 9.73e-01 1.07e-01 +0.347  0.94 | 2.1e+00 4.2e+00 3.124e+00
#542  2518   1 | 6.12e-01 5.23e-04 +0.540  1.00 | 9.95e-01 5.68e-02 +0.074  0.99 | 1.9e+00 3.6e+00 1.360e+00
#543  1256   1 | 1.41e+00 6.79e-04 +0.361  1.00 | 1.02e+00 6.72e-02 -0.008  1.01 | 1.6e+00 3.0e+00 3.019e+00
#544  3880   1 | 1.02e+00 8.14e-04 +0.637  1.00 | 9.89e-01 9.69e-02 +0.088  0.99 | 2.4e+00 4.0e+00 2.019e+00
#545   847   1 | 8.69e-01 1.41e-03 -0.078  1.00 | 1.01e+00 5.68e-02 +0.042  1.00 | 1.5e+00 3.7e+00 1.765e+00
#546  3647   1 | 7.62e-01 3.68e-04 +0.315  1.00 | 9.94e-01 9.22e-02 +0.131  0.98 | 2.1e+00 4.1e+00 1.552e+00
#547  4201   1 | 1.52e+00 2.37e-03 -0.025  1.00 | 1.09e+00 1.04e-01 +0.259  0.96 | 2.1e+00 3.5e+00 3.436e+00
#548  2526   1 | 8.95e-01 9.77e-04 -0.575  1.00 | 1.06e+00 9.01e-02 +0.062  1.00 | 1.7e+00 4.6e+00 1.923e+00
#549  1508   1 | 9.92e-01 2.12e-03 +0.043  1.00 | 8.97e-01 1.31e-01 +0.237  0.95 | 1.3e+00 4.3e+00 1.750e+00
#550  1858   1 | 8.10e-01 1.72e-03 -0.263  1.00 | 1.00e+00 1.13e-01 -0.050  1.02 | 1.5e+00 4.4e+00 1.682e+00
#551   154   1 | 7.06e-01 7.18e-04 -0.459  1.00 | 1.02e+00 2.70e-02 -0.059  1.00 | 1.5e+00 3.8e+00 1.544e+00
#552  4673   1 | 1.08e+00 3.37e-03 +0.445  1.00 | 1.10e+00 1.88e-01 +0.297  0.93 | 2.2e+00 3.5e+00 2.288e+00
#553  3099   1 | 1.09e+00 7.59e-04 -0.310  1.00 | 9.89e-01 1.33e-01 +0.099  0.99 | 2.0e+00 3.8e+00 2.149e+00
#554   138   1 | 1.10e+00 1.67e-03 +0.450  1.00 | 9.12e-01 2.05e-01 +0.087  1.01 | 1.6e+00 4.4e+00 2.050e+00
#555   458   1 | 1.05e+00 2.21e-03 -0.087  1.00 | 9.86e-01 1.69e-02 +0.038  1.00 | 1.7e+00 4.4e+00 2.076e+00
#556   844   1 | 8.18e-01 1.39e-03 -0.617  1.00 | 9.58e-01 1.98e-02 +0.110  1.00 | 1.5e+00 3.8e+00 1.585e+00
#557  1567   1 | 8.64e-01 3.47e-04 +0.172  1.00 | 9.88e-01 1.80e-02 +0.035  1.00 | 1.3e+00 2.8e+00 1.721e+00
#558   601   1 | 2.43e-01 2.02e-03 -0.360  1.01 | 9.97e-01 4.84e-02 +0.058  1.00 | 1.5e+00 4.4e+00 1.050e+00
#559  4152   1 | 1.09e+00 1.13e-03 -0.396  1.00 | 1.01e+00 1.33e-01 +0.113  0.99 | 2.2e+00 3.2e+00 2.211e+00
#560  1630   1 | 9.68e-01 8.06e-04 -0.646  1.00 | 9.63e-01 1.91e-02 -0.005  1.00 | 1.5e+00 3.7e+00 1.865e+00
#561  4729   1 | 9.74e-01 5.72e-04 +0.341  1.00 | 9.82e-01 1.45e-01 +0.255  0.95 | 2.3e+00 4.0e+00 1.861e+00
#562  3452   1 | 1.40e+00 1.52e-03 +0.318  1.00 | 1.03e+00 1.77e-01 -0.016  1.03 | 2.0e+00 3.7e+00 3.079e+00
#563  1552   1 | 1.04e+00 2.67e-03 +0.649  1.00 | 8.36e-01 1.43e-01 +0.129  0.99 | 1.5e+00 4.2e+00 1.770e+00
#564  3618   1 | 1.36e+00 4.51e-03 +0.477  1.00 | 9.54e-01 9.43e-02 +0.218  0.97 | 2.1e+00 5.5e+00 2.713e+00
#565  2020   1 | 7.21e-01 1.07e-03 +0.318  1.00 | 1.05e+00 5.20e-02 +0.119  0.99 | 1.7e+00 3.3e+00 1.617e+00
#566  1391   1 | 1.15e+00 1.23e-03 -0.025  1.00 | 9.88e-01 4.14e-02 -0.022  1.00 | 1.4e+00 3.3e+00 2.293e+00
#567  3589   1 | 1.35e+00 8.65e-04 -0.049  1.00 | 9.73e-01 1.11e-01 +0.003  1.01 | 2.3e+00 3.7e+00 2.767e+00
#568  3339   1 | 1.13e+00 1.76e-03 +0.186  1.00 | 1.06e+00 1.98e-01 +0.174  0.97 | 2.0e+00 4.0e+00 2.369e+00
#569  1846   1 | 1.08e+00 7.46e-04 -0.337  1.00 | 9.87e-01 3.60e-02 +0.059  1.00 | 1.6e+00 4.0e+00 2.146e+00
#570  3699   1 | 1.17e+00 1.28e-03 -0.006  1.00 | 9.98e-01 3.40e-02 +0.164  0.99 | 1.9e+00 3.3e+00 2.359e+00
#571  2389   1 | 1.19e+00 1.42e-03 -0.716  1.00 | 9.89e-01 3.91e-02 +0.039  1.00 | 1.8e+00 4.3e+00 2.385e+00
#572  1631   1 | 1.24e+00 4.17e-03 +0.018  1.00 | 9.08e-01 5.56e-02 +0.100  0.99 | 1.4e+00 4.1e+00 2.356e+00
#573  2803   1 | 1.15e+00 1.00e-03 -0.587  1.00 | 9.74e-01 9.54e-02 +0.106  0.99 | 2.0e+00 4.2e+00 2.253e+00
#574   510   1 | 6.82e-01 3.45e-03 +0.157  1.00 | 1.06e+00 6.23e-02 -0.001  1.00 | 1.5e+00 3.4e+00 1.587e+00
#575   325   1 | 5.68e-01 1.44e-03 +0.875  1.00 | 9.77e-01 1.34e-01 -0.012  1.02 | 1.4e+00 4.2e+00 1.298e+00
#576  1436   1 | 2.73e-01 9.49e-02 -0.312  1.34 | 9.77e-01 5.57e-01 +0.331  0.95 | 1.5e+00 4.7e+00 1.003e+00
#577  4306   1 | 7.11e-01 1.18e-03 +0.251  1.00 | 9.73e-01 1.18e-01 +0.061  1.00 | 2.1e+00 3.1e+00 1.452e+00
#578  2934   1 | 9.78e-01 1.50e-03 +0.435  1.00 | 9.39e-01 8.99e-02 +0.060  1.00 | 1.6e+00 3.7e+00 1.833e+00
#579  3998   1 | 1.15e+00 1.35e-03 +0.461  1.00 | 1.02e+00 5.93e-02 +0.142  0.99 | 2.0e+00 3.5e+00 2.349e+00
#580   534   1 | 1.05e+00 1.15e-03 +0.163  1.00 | 9.84e-01 4.82e-03 +0.002  1.00 | 1.5e+00 4.1e+00 2.061e+00
#581  4031   1 | 1.17e+00 6.02e-04 -0.202  1.00 | 1.01e+00 5.54e-02 +0.175  0.98 | 1.7e+00 4.0e+00 2.364e+00
#582  4276   1 | 5.83e-01 2.24e-03 -0.217  1.00 | 1.04e+00 1.60e-01 +0.262  0.94 | 1.9e+00 4.0e+00 1.368e+00
#583   754   1 | 9.87e-01 8.80e-04 -0.541  1.00 | 1.03e+00 1.82e-02 -0.005  1.00 | 1.3e+00 3.8e+00 2.041e+00
#584  4448   1 | 9.07e-01 1.18e-03 +0.058  1.00 | 9.50e-01 1.10e-01 +0.298  0.94 | 1.9e+00 4.3e+00 1.674e+00
#585  4855   1 | 8.08e-01 1.16e-03 +0.260  1.00 | 9.91e-01 1.02e-01 +0.263  0.96 | 1.9e+00 3.4e+00 1.591e+00
#586   155   1 | 1.36e+00 2.34e-03 +0.267  1.00 | 8.98e-01 4.56e-02 +0.026  1.00 | 1.4e+00 4.8e+00 2.660e+00
#587  3515   1 | 7.08e-01 7.90e-04 +0.768  1.00 | 9.83e-01 9.37e-02 +0.114  0.99 | 1.9e+00 2.9e+00 1.455e+00
#588  2185   1 | 1.12e+00 7.45e-04 -0.348  1.00 | 1.01e+00 3.77e-02 +0.007  1.00 | 1.5e+00 4.2e+00 2.286e+00
#589   404   1 | 1.42e+00 9.83e-04 +0.334  1.00 | 9.95e-01 5.77e-03 -0.003  1.00 | 1.4e+00 4.1e+00 2.998e+00
#590   874   1 | 9.53e-01 7.03e-04 -0.264  1.00 | 1.04e+00 2.45e-03 +0.102  1.00 | 1.3e+00 3.7e+00 1.996e+00
#591  2102   1 | 8.74e-01 4.07e-03 -0.509  1.00 | 1.04e+00 3.80e-02 +0.003  1.00 | 1.6e+00 4.1e+00 1.855e+00
#592  4391   1 | 2.69e-01 2.94e-03 +0.344  0.99 | 9.77e-01 1.60e-01 +0.393  0.90 | 2.0e+00 4.0e+00 9.283e-01
#593   934   1 | 1.24e+00 3.63e-03 +0.193  1.00 | 9.08e-01 3.20e-02 +0.117  0.99 | 1.2e+00 4.7e+00 2.358e+00
#594  2955   1 | 6.90e-01 1.40e-03 +0.105  1.00 | 1.03e+00 9.20e-02 -0.019  1.01 | 1.7e+00 3.6e+00 1.549e+00
#595  1432   1 | 1.52e+00 2.00e-03 +0.598  1.00 | 1.01e+00 5.48e-02 +0.058  1.00 | 1.3e+00 5.1e+00 3.308e+00
#596   777   1 | 8.70e-01 1.45e-03 -0.222  1.00 | 1.03e+00 1.36e-02 -0.017  1.00 | 1.2e+00 4.6e+00 1.824e+00
#597  1409   1 | 6.77e-01 2.07e-03 +0.560  1.00 | 1.05e+00 1.39e-02 +0.087  1.00 | 1.5e+00 3.9e+00 1.550e+00
#598   481   1 | 1.02e+00 1.60e-03 +0.756  1.00 | 1.03e+00 5.26e-02 -0.029  1.01 | 1.4e+00 4.5e+00 2.119e+00
#599  1804   1 | 1.05e+00 2.47e-03 -0.230  1.00 | 1.06e+00 5.77e-02 -0.021  1.01 | 1.4e+00 4.9e+00 2.232e+00
#600   153   1 | 5.29e-01 2.86e-03 -0.230  1.00 | 9.83e-01 1.15e-01 +0.152  0.98 | 1.4e+00 4.6e+00 1.226e+00
#601  1621   1 | 8.32e-01 1.69e-03 +0.600  1.00 | 9.65e-01 2.85e-02 -0.001  1.00 | 1.2e+00 4.0e+00 1.622e+00
#602  4986   1 | 1.01e+00 8.55e-04 +0.093  1.00 | 9.64e-01 1.76e-02 +0.217  0.99 | 1.8e+00 3.8e+00 1.947e+00
#603  3768   1 | 9.72e-01 1.54e-03 -0.284  1.00 | 9.51e-01 2.65e-02 +0.105  0.99 | 2.0e+00 3.8e+00 1.847e+00
#604  1634   1 | 1.07e+00 2.56e-03 -0.114  1.00 | 1.02e+00 1.96e-01 +0.068  1.01 | 1.4e+00 3.8e+00 2.212e+00
#605  4035   1 | 7.98e-01 9.25e-04 +0.187  1.00 | 1.01e+00 6.87e-02 +0.183  0.98 | 1.8e+00 3.4e+00 1.645e+00
#606   415   1 | 8.89e-01 1.05e-03 +0.559  1.00 | 1.03e+00 4.21e-02 +0.033  1.00 | 1.4e+00 4.2e+00 1.854e+00
#607   360   1 | 7.00e-01 1.67e-03 -0.789  1.00 | 9.93e-01 2.80e-02 +0.037  1.00 | 1.4e+00 4.1e+00 1.476e+00
#608  3745   1 | 1.53e+00 2.50e-03 +0.437  1.00 | 1.08e+00 9.27e-02 +0.457  0.93 | 2.1e+00 3.8e+00 3.436e+00
#609  2767   1 | 8.59e-01 6.38e-04 -0.720  1.00 | 1.04e+00 6.34e-02 +0.169  0.98 | 1.6e+00 2.8e+00 1.794e+00
#610  2858   1 | 8.93e-01 2.36e-03 -0.125  1.00 | 9.68e-01 1.92e-01 +0.155  0.98 | 1.9e+00 3.6e+00 1.715e+00
#611   237   1 | 2.50e-01 1.97e-03 -0.179  1.00 | 9.82e-01 8.44e-02 +0.098  0.99 | 1.4e+00 3.8e+00 1.017e+00
#612  2169   1 | 1.01e+00 3.27e-03 +0.373  1.00 | 1.04e+00 6.78e-02 +0.095  0.99 | 1.6e+00 4.2e+00 2.104e+00
#613  4782   1 | 1.05e+00 1.32e-03 +0.327  1.00 | 9.70e-01 6.71e-02 +0.222  0.97 | 2.3e+00 4.4e+00 2.017e+00
#614   763   1 | 6.44e-01 7.25e-04 +0.247  1.00 | 9.94e-01 5.07e-02 -0.032  1.01 | 1.3e+00 3.2e+00 1.408e+00
#615  4572   1 | 1.58e+00 1.26e-03 +0.361  1.00 | 9.97e-01 3.36e-02 +0.119  0.99 | 2.0e+00 4.9e+00 3.488e+00
#616    82   1 | 1.07e+00 3.83e-04 -0.649  1.00 | 9.70e-01 5.97e-02 -0.027  1.01 | 1.7e+00 2.8e+00 2.085e+00
#617  4627   1 | 9.78e-01 9.00e-04 -0.231  1.00 | 9.58e-01 7.09e-02 +0.193  0.98 | 2.3e+00 3.1e+00 1.853e+00
#618  4913   1 | 7.00e-01 1.23e-03 +0.023  1.00 | 1.03e+00 1.44e-01 +0.193  0.97 | 2.0e+00 3.5e+00 1.509e+00
#619  1799   1 | 1.10e+00 1.10e-03 -0.602  1.00 | 9.71e-01 9.53e-02 +0.000  1.01 | 1.5e+00 2.9e+00 2.157e+00
#620   175   1 | 6.18e-01 2.13e-03 +0.537  1.00 | 1.01e+00 5.79e-02 +0.038  1.00 | 1.5e+00 5.1e+00 1.395e+00
#621   357   1 | 2.43e-01 1.71e-03 -0.448  1.01 | 9.97e-01 7.51e-02 +0.000  1.01 | 1.6e+00 4.8e+00 1.059e+00
#622  2895   1 | 9.68e-01 7.77e-04 +0.340  1.00 | 9.91e-01 2.28e-02 +0.135  0.99 | 1.7e+00 3.6e+00 1.912e+00
#623  4507   1 | 7.72e-01 1.57e-03 -0.809  1.00 | 9.24e-01 1.37e-01 +0.224  0.96 | 2.0e+00 4.1e+00 1.415e+00
#624  1032   1 | 9.36e-01 1.35e-03 +0.064  1.00 | 9.64e-01 1.06e-01 +0.126  0.98 | 1.6e+00 3.9e+00 1.791e+00
#625  1872   1 | 9.00e-01 3.11e-03 +0.039  1.00 | 9.51e-01 7.56e-02 +0.080  0.99 | 1.5e+00 3.6e+00 1.709e+00
#626  2576   1 | 1.13e+00 7.89e-04 +0.373  1.00 | 9.88e-01 4.58e-02 +0.066  1.00 | 1.8e+00 2.1e+00 2.259e+00
#627   225   1 | 9.28e-01 2.00e-03 +0.620  1.00 | 9.98e-01 4.05e-02 -0.005  1.00 | 1.3e+00 4.7e+00 1.857e+00
#628  3976   1 | 9.85e-01 1.41e-03 +0.260  1.00 | 9.75e-01 1.41e-01 +0.216  0.96 | 1.9e+00 3.9e+00 1.880e+00
#629  1462   1 | 1.15e+00 2.97e-03 +0.712  1.00 | 1.02e+00 2.81e-02 +0.048  1.00 | 1.2e+00 3.5e+00 2.369e+00
#630  2663   1 | 7.00e-01 1.62e-03 +0.306  1.00 | 1.02e+00 3.02e-02 -0.026  1.00 | 1.6e+00 3.8e+00 1.532e+00
#631  4374   1 | 1.33e+00 3.66e-03 -0.082  1.00 | 9.96e-01 8.22e-02 +0.307  0.96 | 1.8e+00 4.8e+00 2.731e+00
#632  1537   1 | 4.50e-01 1.13e-03 -0.622  1.00 | 9.90e-01 3.04e-03 +0.117  1.00 | 2.0e+00 3.3e+00 1.181e+00
#633  3680   1 | 9.90e-01 3.05e-03 +0.235  1.00 | 1.01e+00 1.59e-01 +0.308  0.93 | 2.0e+00 3.2e+00 1.918e+00
#634  2250   1 | 1.26e+00 4.05e-03 -0.586  1.00 | 1.05e+00 4.83e-02 +0.119  0.99 | 1.2e+00 4.2e+00 2.675e+00
#635  1386   1 | 1.06e+00 2.20e-03 -0.020  1.00 | 9.39e-01 1.33e-01 -0.049  1.03 | 1.4e+00 4.0e+00 2.039e+00
#636  3608   1 | 1.02e+00 2.85e-03 +0.261  1.00 | 9.07e-01 2.44e-01 +0.104  1.02 | 2.0e+00 4.9e+00 1.881e+00
#637  4166   1 | 1.09e+00 7.95e-04 +0.438  1.00 | 9.87e-01 6.89e-02 +0.149  0.98 | 2.0e+00 2.4e+00 2.145e+00
#638  4637   1 | 7.15e-01 1.85e-03 -0.304  1.00 | 1.05e+00 1.15e-01 +0.229  0.96 | 2.2e+00 3.3e+00 1.578e+00
#639  3224   1 | 8.39e-01 7.99e-04 -0.127  1.00 | 9.90e-01 2.55e-02 +0.068  1.00 | 1.6e+00 3.8e+00 1.681e+00
#640   946   1 | 1.05e+00 1.11e-03 +0.043  1.00 | 9.84e-01 2.77e-03 -0.010  1.00 | 1.2e+00 3.6e+00 2.060e+00
#641   704   1 | 9.87e-01 3.63e-03 -0.047  1.00 | 9.52e-01 7.74e-02 +0.097  0.99 | 1.3e+00 4.1e+00 1.873e+00
#642  4413   1 | 1.09e+00 2.97e-03 +0.620  1.00 | 1.05e+00 8.74e-02 +0.201  0.97 | 1.7e+00 4.9e+00 2.263e+00
#643    12   1 | 1.01e+00 4.03e-03 -0.753  1.01 | 1.03e+00 1.60e-01 +0.022  1.02 | 1.5e+00 4.1e+00 2.104e+00
#644  1504   1 | 5.09e-01 2.85e-02 +0.229  0.98 | 1.14e+00 4.87e-02 +0.001  1.00 | 1.7e+00 4.1e+00 1.557e+00
#645  1450   1 | 1.23e+00 1.55e-02 -0.131  1.00 | 9.72e-01 3.53e-02 -0.178  1.01 | 1.3e+00 4.1e+00 2.477e+00
#646  3007   1 | 1.26e+00 2.69e-03 -0.201  1.00 | 8.73e-01 1.18e-01 -0.027  1.03 | 1.4e+00 4.6e+00 2.362e+00
#647  2254   1 | 9.91e-01 3.02e-03 +0.015  1.00 | 8.97e-01 9.86e-02 +0.284  0.95 | 1.3e+00 4.5e+00 1.745e+00
#648  3896   1 | 8.39e-01 1.32e-03 +0.515  1.00 | 1.00e+00 2.28e-01 +0.183  0.97 | 1.8e+00 3.4e+00 1.672e+00
#649  1984   1 | 1.29e+00 2.15e-03 +0.296  1.00 | 9.27e-01 9.55e-02 +0.140  0.98 | 1.4e+00 3.8e+00 2.517e+00
#650  4571   1 | 5.83e-01 3.06e-03 +0.671  0.99 | 9.17e-01 2.63e-01 +0.188  0.97 | 1.8e+00 4.0e+00 1.158e+00
#651  2295   1 | 1.06e+00 1.02e-03 -0.572  1.00 | 9.52e-01 7.36e-03 +0.127  1.00 | 1.4e+00 3.9e+00 2.030e+00
#652  4785   1 | 7.80e-01 2.63e-03 -0.122  1.00 | 9.59e-01 7.37e-02 +0.257  0.97 | 1.8e+00 4.4e+00 1.497e+00
#653  4307   1 | 1.17e+00 9.68e-04 +0.311  1.00 | 1.04e+00 1.63e-01 +0.227  0.95 | 1.8e+00 3.8e+00 2.396e+00
#654   990   1 | 1.23e+00 1.81e-02 +0.738  0.98 | 9.89e-01 1.41e-01 +0.102  0.99 | 1.3e+00 4.7e+00 2.457e+00
#655  4494   1 | 7.30e-01 8.46e-04 -0.248  1.00 | 9.52e-01 5.98e-02 +0.075  0.99 | 1.7e+00 3.3e+00 1.435e+00
#656  3659   1 | 1.25e+00 8.69e-04 +0.072  1.00 | 1.04e+00 1.56e-01 +0.121  0.99 | 1.7e+00 4.3e+00 2.640e+00
#657  2130   1 | 1.32e+00 3.15e-03 -0.387  1.00 | 1.01e+00 6.70e-02 +0.156  0.98 | 1.4e+00 3.9e+00 2.762e+00
#658  2767   1 | 7.90e-01 1.65e-03 +0.233  1.00 | 9.98e-01 6.77e-03 -0.029  1.00 | 1.3e+00 4.6e+00 1.619e+00
#659  1388   1 | 5.72e-01 1.98e-03 -0.314  1.00 | 1.00e+00 8.56e-03 +0.046  1.00 | 1.2e+00 3.0e+00 1.328e+00
#660  1869   1 | 5.13e-01 1.62e-03 -0.010  1.00 | 9.71e-01 2.96e-02 +0.000  1.00 | 1.2e+00 3.9e+00 1.208e+00
#661   326   1 | 8.63e-01 6.19e-03 +0.057  1.00 | 1.03e+00 1.77e-02 +0.041  1.00 | 1.2e+00 3.9e+00 1.812e+00
#662  1079   1 | 1.17e+00 1.77e-03 +0.413  1.00 | 9.02e-01 2.38e-02 +0.100  1.00 | 1.2e+00 4.1e+00 2.183e+00
#663  2353   1 | 1.19e+00 6.16e-03 -0.496  1.01 | 9.89e-01 1.74e-02 +0.069  1.00 | 1.3e+00 4.1e+00 2.405e+00
#664  4459   1 | 1.65e+00 1.03e-03 +0.402  1.00 | 1.03e+00 1.28e-02 +0.162  1.00 | 1.5e+00 4.7e+00 3.789e+00
#665  1456   1 | 1.03e+00 1.10e-03 -0.766  1.00 | 9.95e-01 6.20e-03 +0.024  1.00 | 1.9e+00 3.4e+00 2.046e+00
#666   536   1 | 9.85e-01 3.45e-03 +0.344  1.00 | 1.06e+00 8.41e-02 -0.019  1.01 | 1.2e+00 3.8e+00 2.096e+00
#667  1893   1 | 9.38e-01 7.76e-04 +0.517  1.00 | 9.67e-01 2.06e-02 +0.023  1.00 | 1.2e+00 3.8e+00 1.813e+00
#668   788   1 | 1.35e+00 9.79e-04 +0.808  1.00 | 1.03e+00 2.39e-02 +0.026  1.00 | 1.2e+00 4.0e+00 2.888e+00
#669   586   1 | 1.32e+00 7.30e-03 -0.724  1.01 | 1.08e+00 6.42e-03 -0.027  1.00 | 1.2e+00 4.4e+00 2.909e+00
#670  2581   1 | 8.73e-01 1.68e-03 +0.312  1.00 | 1.03e+00 1.46e-02 +0.057  1.00 | 1.2e+00 4.2e+00 1.814e+00
#671  1543   1 | 1.03e+00 3.19e-03 -0.104  1.00 | 1.02e+00 2.33e-02 +0.161  0.99 | 1.3e+00 3.2e+00 2.105e+00
#672  1559   1 | 1.18e+00 1.16e-02 +0.332  0.99 | 9.58e-01 1.81e-02 -0.061  1.00 | 1.3e+00 3.6e+00 2.300e+00
#673  2490   1 | 1.14e+00 1.36e-03 -0.135  1.00 | 9.72e-01 9.96e-02 +0.106  0.99 | 1.3e+00 3.8e+00 2.239e+00
#674  2353   1 | 1.03e+00 2.19e-03 +0.656  1.00 | 9.38e-01 7.75e-03 +0.034  1.00 | 1.2e+00 4.0e+00 1.939e+00
#675  3778   1 | 1.09e+00 1.12e-03 +0.071  1.00 | 9.98e-01 9.58e-02 +0.062  1.00 | 1.9e+00 3.8e+00 2.186e+00
#676  4207   1 | 1.18e+00 1.01e-03 +0.665  1.00 | 1.04e+00 1.01e-01 +0.283  0.95 | 1.6e+00 3.7e+00 2.424e+00
#677  1890   1 | 1.60e+00 2.62e-03 +0.070  1.00 | 1.03e+00 6.55e-02 +0.059  1.00 | 1.3e+00 4.2e+00 3.612e+00
#678  2946   1 | 6.95e-01 1.34e-03 -0.768  1.00 | 1.02e+00 5.63e-03 +0.095  1.00 | 1.3e+00 3.5e+00 1.525e+00
#679  2328   1 | 3.87e-01 2.07e-03 +0.260  1.00 | 9.36e-01 3.45e-02 +0.208  0.99 | 1.3e+00 4.0e+00 1.013e+00
#680  3805   1 | 6.12e-01 3.36e-03 +0.597  0.99 | 9.31e-01 2.34e-01 +0.102  1.01 | 1.8e+00 4.3e+00 1.249e+00
#681  1228   1 | 9.18e-01 2.54e-03 -0.125  1.00 | 9.52e-01 6.68e-02 +0.128  0.99 | 1.3e+00 5.6e+00 1.738e+00
#682   623   1 | 1.04e+00 1.45e-03 +0.536  1.00 | 1.01e+00 2.41e-02 +0.073  1.00 | 1.3e+00 4.4e+00 2.098e+00
#683  1297   1 | 1.06e+00 1.93e-03 -0.627  1.00 | 9.89e-01 3.53e-03 +0.073  1.00 | 1.3e+00 4.4e+00 2.097e+00
#684   652   1 | 4.95e-01 9.69e-04 -0.648  1.00 | 1.03e+00 1.89e-02 +0.029  1.00 | 1.3e+00 4.2e+00 1.300e+00
#685  4907   1 | 9.52e-01 2.33e-04 -0.485  1.00 | 9.78e-01 8.03e-02 +0.160  0.98 | 2.2e+00 3.7e+00 1.845e+00
#686  1850   1 | 9.55e-01 1.57e-03 -0.306  1.00 | 9.23e-01 8.84e-02 +0.087  0.99 | 1.4e+00 3.1e+00 1.759e+00
#687  2778   1 | 1.19e+00 1.90e-03 +0.154  1.00 | 9.80e-01 9.08e-02 +0.117  0.99 | 1.6e+00 4.2e+00 2.371e+00
#688   281   1 | 9.42e-01 8.99e-04 -0.168  1.00 | 1.02e+00 3.35e-02 +0.054  1.00 | 1.5e+00 3.7e+00 1.917e+00
#689  4525   1 | 1.15e+00 3.89e-03 -0.445  1.00 | 1.07e+00 3.40e-01 +0.368  0.87 | 2.1e+00 4.4e+00 2.329e+00
#690  1623   1 | 9.76e-01 2.58e-03 +0.701  1.00 | 1.02e+00 1.35e-02 -0.034  1.00 | 1.3e+00 4.1e+00 1.990e+00
#691  1960   1 | 1.00e+00 1.08e-03 -0.073  1.00 | 9.64e-01 1.33e-01 +0.135  0.98 | 1.7e+00 3.3e+00 1.918e+00
#692  1757   1 | 1.00e+00 3.31e-03 +0.695  1.00 | 9.50e-01 4.12e-02 +0.074  1.00 | 1.2e+00 4.3e+00 1.899e+00
#693  1398   1 | 1.19e+00 1.81e-02 +0.098  1.00 | 9.37e-01 1.47e-02 -0.096  1.00 | 1.4e+00 4.4e+00 2.287e+00
#694  1114   1 | 1.08e+00 2.82e-03 +0.232  1.00 | 1.19e+00 5.20e-02 +0.106  0.99 | 1.5e+00 3.9e+00 2.571e+00
#695  1224   1 | 8.77e-01 8.37e-04 -0.122  1.00 | 9.97e-01 7.07e-02 +0.021  1.00 | 1.6e+00 2.4e+00 1.765e+00
#696  3607   1 | 4.59e-01 1.86e-03 +0.476  1.00 | 9.96e-01 1.44e-01 +0.246  0.95 | 2.2e+00 3.9e+00 1.151e+00
#697  1721   1 | 7.65e-01 3.50e-03 -0.136  1.00 | 1.03e+00 3.81e-02 +0.302  0.98 | 1.5e+00 4.8e+00 1.629e+00
#698   770   1 | 9.41e-01 3.55e-01 +0.128  1.05 | 8.72e-01 3.38e-02 +0.037  1.00 | 2.0e+00 5.1e+00 1.684e+00
#699   498   1 | 1.02e+00 3.31e-03 -0.352  1.00 | 1.05e+00 9.43e-02 +0.224  0.97 | 1.3e+00 3.7e+00 2.117e+00
#700  4012   1 | 7.98e-01 2.56e-03 -0.315  1.00 | 9.93e-01 4.56e-02 +0.175  0.99 | 2.0e+00 5.0e+00 1.610e+00
#701   194   1 | 8.02e-01 2.53e-03 +0.369  1.00 | 9.52e-01 5.36e-02 +0.017  1.00 | 1.5e+00 3.8e+00 1.549e+00
#702   564   1 | 1.08e+00 1.71e-03 +0.016  1.00 | 9.97e-01 6.03e-02 +0.170  0.98 | 1.3e+00 4.3e+00 2.138e+00
#703  2577   1 | 1.27e+00 8.64e-04 -0.201  1.00 | 1.02e+00 7.07e-02 +0.039  1.00 | 1.9e+00 2.5e+00 2.660e+00
#704  4070   1 | 1.03e+00 1.42e-03 -0.188  1.00 | 9.86e-01 5.36e-02 +0.207  0.98 | 2.1e+00 3.3e+00 2.020e+00
#705    29   1 | 1.17e+00 1.71e-03 +0.577  1.00 | 1.01e+00 5.20e-02 -0.007  1.00 | 1.6e+00 4.4e+00 2.383e+00
#706  4438   1 | 8.95e-01 6.16e-04 -0.677  1.00 | 9.68e-01 1.04e-01 +0.177  0.97 | 2.2e+00 3.5e+00 1.715e+00
#707   849   1 | 5.60e-01 6.73e-04 +0.240  1.00 | 1.03e+00 9.54e-02 +0.020  1.00 | 1.3e+00 3.3e+00 1.380e+00
#708  1526   1 | 1.04e+00 1.69e-02 -0.609  1.02 | 1.17e+00 3.52e-02 -0.009  1.00 | 1.7e+00 3.2e+00 2.478e+00
#709  2654   1 | 1.10e+00 7.58e-04 -0.081  1.00 | 9.63e-01 4.11e-02 +0.039  1.00 | 2.0e+00 3.7e+00 2.132e+00
#710  3385   1 | 1.41e+00 1.45e-03 -0.183  1.00 | 8.68e-01 2.56e-01 +0.087  1.04 | 2.2e+00 3.9e+00 2.763e+00
#711   432   1 | 1.12e+00 8.99e-04 +0.787  1.00 | 1.03e+00 1.91e-02 +0.067  1.00 | 1.2e+00 3.6e+00 2.311e+00
#712  3782   1 | 8.23e-01 1.18e-03 -0.311  1.00 | 9.98e-01 6.54e-02 +0.095  0.99 | 2.1e+00 4.2e+00 1.666e+00
#713   492   1 | 1.28e+00 4.06e-03 -0.164  1.00 | 1.11e+00 1.74e-01 +0.125  0.99 | 1.5e+00 4.1e+00 2.835e+00
#714  2456   1 | 1.05e+00 1.79e-03 -0.859  1.00 | 9.87e-01 6.51e-03 +0.080  1.00 | 1.4e+00 5.4e+00 2.089e+00
#715  1325   1 | 1.35e+00 1.38e-03 +0.238  1.00 | 1.05e+00 4.47e-03 +0.115  1.00 | 1.2e+00 4.9e+00 2.916e+00
#716  4198   1 | 1.60e+00 2.24e-03 -0.081  1.00 | 8.86e-01 1.40e-01 +0.393  0.90 | 2.2e+00 3.8e+00 3.273e+00
#717  2698   1 | 1.51e+00 2.80e-03 -0.148  1.00 | 1.09e+00 5.81e-02 +0.086  0.99 | 1.7e+00 3.9e+00 3.452e+00
#718  2233   1 | 7.09e-01 6.05e-04 +0.277  1.00 | 1.00e+00 2.23e-03 +0.041  1.00 | 1.2e+00 3.1e+00 1.512e+00
#719  2942   1 | 1.10e+00 6.25e-04 -0.113  1.00 | 9.74e-01 8.39e-02 +0.105  0.99 | 1.7e+00 4.3e+00 2.155e+00
#720  2531   1 | 6.03e-01 3.58e-04 +0.645  1.00 | 9.45e-01 5.33e-02 +0.091  0.99 | 1.7e+00 2.7e+00 1.250e+00
#721  1164   1 | 7.42e-01 1.69e-03 +0.361  1.00 | 1.02e+00 5.50e-02 +0.026  1.00 | 1.4e+00 3.2e+00 1.586e+00
#722   411   1 | 1.22e+00 3.11e-03 -0.540  1.00 | 9.76e-01 1.69e-01 +0.011  1.03 | 1.3e+00 4.4e+00 2.479e+00
#723     1   1 | 8.58e-01 1.32e-03 +0.029  1.00 | 1.05e+00 1.07e-01 +0.045  1.00 | 1.6e+00 3.4e+00 1.842e+00
#724   838   1 | 1.03e+00 2.33e-03 -0.453  1.00 | 9.95e-01 3.28e-03 +0.011  1.00 | 1.2e+00 4.5e+00 2.059e+00
#725   667   1 | 9.88e-01 2.65e-03 -0.493  1.00 | 1.00e+00 1.83e-02 +0.021  1.00 | 1.2e+00 4.1e+00 1.982e+00
#726  3969   1 | 1.02e+00 9.67e-04 -0.123  1.00 | 1.01e+00 1.61e-01 +0.209  0.96 | 2.2e+00 3.3e+00 2.021e+00
#727  1979   1 | 9.63e-01 1.64e-03 -0.328  1.00 | 1.06e+00 6.79e-02 +0.340  0.96 | 1.4e+00 3.8e+00 2.015e+00
#728  1722   1 | 7.73e-01 1.84e-03 +0.533  1.00 | 1.02e+00 1.55e-01 +0.132  0.98 | 1.4e+00 3.9e+00 1.623e+00
#729  4930   1 | 6.79e-01 8.07e-04 +0.050  1.00 | 9.55e-01 6.09e-02 +0.245  0.97 | 2.0e+00 4.5e+00 1.347e+00
#730  1669   1 | 1.34e+00 2.34e-02 +0.555  0.98 | 9.92e-01 3.34e-02 -0.027  1.00 | 1.5e+00 3.7e+00 2.739e+00
#731  1176   1 | 8.65e-01 5.50e-04 +0.490  1.00 | 9.82e-01 7.91e-03 +0.010  1.00 | 1.4e+00 3.5e+00 1.713e+00
#732    79   1 | 7.24e-01 1.22e-03 -0.510  1.00 | 9.91e-01 9.84e-02 +0.031  1.00 | 1.6e+00 4.1e+00 1.510e+00
#733  4686   1 | 1.39e+00 1.49e-03 +0.643  1.00 | 9.09e-01 1.97e-01 +0.215  0.95 | 2.0e+00 4.1e+00 2.719e+00
#734   391   1 | 1.13e+00 1.42e-03 +0.193  1.00 | 1.06e+00 2.04e-01 +0.106  1.00 | 1.4e+00 3.9e+00 2.390e+00
#735  2053   1 | 1.07e+00 2.00e-03 -0.611  1.00 | 1.05e+00 8.56e-02 +0.021  1.00 | 1.8e+00 3.3e+00 2.245e+00
#736  3846   1 | 1.28e+00 1.13e-03 +0.148  1.00 | 1.03e+00 9.63e-02 +0.129  0.98 | 2.2e+00 5.0e+00 2.681e+00
#737  2594   1 | 1.10e+00 8.81e-04 +0.759  1.00 | 1.02e+00 1.07e-02 +0.098  1.00 | 1.7e+00 3.2e+00 2.241e+00
#738  2642   1 | 9.96e-01 1.30e-03 -0.376  1.00 | 1.06e+00 1.27e-01 +0.159  0.98 | 1.7e+00 3.6e+00 2.091e+00
#739   452   1 | 5.67e-01 9.75e-04 +0.077  1.00 | 9.61e-01 6.94e-02 +0.034  1.00 | 1.5e+00 3.0e+00 1.246e+00
#740  1756   1 | 1.36e+00 5.35e-03 +0.477  1.00 | 1.11e+00 2.29e-02 -0.046  1.00 | 1.3e+00 3.1e+00 3.082e+00
#741  3726   1 | 7.66e-01 2.52e-03 +0.289  1.00 | 9.85e-01 1.05e-01 +0.126  0.98 | 2.1e+00 4.1e+00 1.542e+00
#742  1574   1 | 4.51e-01 5.77e-03 -0.102  1.00 | 1.01e+00 2.40e-03 +0.038  1.00 | 1.6e+00 4.6e+00 1.224e+00
#743  4909   1 | 8.69e-01 1.23e-03 +0.011  1.00 | 1.06e+00 1.31e-01 +0.265  0.95 | 2.1e+00 2.6e+00 1.824e+00
#744  3796   1 | 1.02e+00 1.58e-03 -0.804  1.00 | 9.92e-01 5.95e-02 +0.090  0.99 | 2.3e+00 3.6e+00 2.020e+00
#745   128   1 | 7.21e-01 1.15e-03 +0.250  1.00 | 1.05e+00 4.02e-02 +0.053  1.00 | 1.5e+00 3.4e+00 1.619e+00
#746  2833   1 | 1.20e+00 4.80e-04 -0.614  1.00 | 1.01e+00 4.70e-02 +0.138  0.99 | 1.5e+00 3.2e+00 2.436e+00
#747  1803   1 | 1.10e+00 2.72e-02 +0.447  0.98 | 1.00e+00 1.09e-01 -0.043  1.02 | 1.2e+00 3.8e+00 2.203e+00
#748  4991   1 | 1.05e+00 1.53e-03 +0.373  1.00 | 9.61e-01 1.29e-01 +0.333  0.93 | 1.8e+00 4.1e+00 1.959e+00
#749  4229   1 | 8.43e-01 2.27e-03 -0.193  1.00 | 1.01e+00 1.30e-01 +0.324  0.93 | 1.9e+00 3.6e+00 1.670e+00
#750  2031   1 | 7.44e-01 1.52e-03 +0.223  1.00 | 9.17e-01 9.39e-02 +0.151  0.98 | 1.6e+00 3.4e+00 1.378e+00
#751  1674   1 | 1.10e+00 4.17e-02 -0.268  1.02 | 9.42e-01 2.17e-02 +0.037  1.00 | 2.0e+00 4.5e+00 2.128e+00
#752   153   1 | 4.58e-01 5.28e-04 +0.384  1.00 | 9.94e-01 1.67e-02 -0.006  1.00 | 1.2e+00 2.8e+00 1.199e+00
#753  1136   1 | 7.86e-01 1.79e-03 -0.747  1.00 | 1.03e+00 5.81e-02 +0.044  1.00 | 1.3e+00 4.4e+00 1.673e+00
#754  1902   1 | 5.53e-01 9.56e-04 +0.720  1.00 | 1.04e+00 3.32e-02 +0.053  1.00 | 1.2e+00 3.5e+00 1.381e+00
#755  4628   1 | 9.86e-01 2.02e-03 -0.208  1.00 | 1.02e+00 1.41e-01 +0.179  0.97 | 2.1e+00 3.4e+00 1.973e+00
#756  3151   1 | 7.99e-01 5.34e-04 -0.207  1.00 | 9.47e-01 6.99e-03 +0.112  1.00 | 1.4e+00 4.3e+00 1.534e+00
#757  4117   1 | 5.20e-01 1.80e-03 +0.601  1.00 | 9.79e-01 1.10e-01 +0.373  0.93 | 1.7e+00 3.2e+00 1.159e+00
#758  2993   1 | 1.07e+00 5.92e-04 +0.234  1.00 | 9.86e-01 2.52e-02 +0.041  1.00 | 1.3e+00 3.0e+00 2.110e+00
#759  4135   1 | 8.75e-01 2.62e-03 +0.248  1.00 | 1.06e+00 2.13e-01 +0.285  0.93 | 1.7e+00 3.8e+00 1.809e+00
#760   210   1 | 9.68e-01 1.75e-03 +0.336  1.00 | 1.05e+00 1.27e-03 +0.068  1.00 | 1.1e+00 3.9e+00 2.042e+00
#761  1685   1 | 7.08e-01 7.40e-03 +0.037  1.00 | 9.91e-01 6.01e-05 +0.060  1.00 | 1.6e+00 4.0e+00 1.483e+00
#762  3200   1 | 1.19e+00 2.39e-04 -0.019  1.00 | 1.01e+00 4.32e-02 +0.117  0.99 | 1.3e+00 3.9e+00 2.412e+00
#763  1640   1 | 9.30e-01 5.98e-02 +0.614  0.93 | 9.84e-01 5.78e-03 +0.092  1.00 | 2.1e+00 4.0e+00 1.768e+00
#764  4122   1 | 1.36e-01 1.86e-03 -0.002  1.00 | 1.06e+00 1.41e-01 +0.213  0.96 | 1.6e+00 3.8e+00 1.093e+00
#765  1861   1 | 3.93e-01 1.95e-03 +0.426  1.00 | 9.81e-01 2.30e-02 -0.022  1.00 | 1.1e+00 4.6e+00 1.117e+00
#766  4834   1 | 7.38e-01 6.29e-04 +0.022  1.00 | 9.80e-01 9.17e-02 +0.171  0.98 | 1.9e+00 3.3e+00 1.483e+00
#767  1682   1 | 2.76e-01 5.44e-03 +0.696  0.97 | 9.87e-01 3.68e-04 +0.168  1.00 | 1.8e+00 3.6e+00 1.048e+00
#768  4628   1 | 1.00e+00 2.71e-03 +0.003  1.00 | 1.04e+00 1.38e-01 +0.225  0.96 | 2.0e+00 4.4e+00 2.033e+00
#769  1081   1 | 6.97e-01 7.13e-03 +0.493  0.99 | 9.73e-01 6.29e-05 +0.055  1.00 | 1.8e+00 3.2e+00 1.428e+00
#770  3592   1 | 1.01e+00 5.13e-03 +0.062  1.00 | 1.14e+00 2.67e-01 +0.294  0.92 | 1.8e+00 3.7e+00 2.223e+00
#771   424   1 | 2.85e-01 2.71e-02 -0.360  1.08 | 9.56e-01 1.54e-04 -0.046  1.00 | 1.2e+00 4.0e+00 1.001e+00
#772  4499   1 | 7.79e-01 4.59e-03 +0.368  1.00 | 1.00e+00 1.82e-01 +0.257  0.94 | 1.6e+00 3.5e+00 1.550e+00
#773  4928   1 | 1.01e+00 1.41e-03 +0.135  1.00 | 1.02e+00 1.65e-02 +0.155  1.00 | 1.7e+00 3.0e+00 2.074e+00
#774  4810   1 | 1.14e+00 2.97e-03 +0.494  1.00 | 9.82e-01 3.20e-02 +0.241  0.99 | 1.7e+00 4.1e+00 2.250e+00
#775  3742   1 | 1.30e+00 2.61e-03 +0.154  1.00 | 1.06e+00 1.37e-01 +0.114  0.99 | 1.6e+00 3.9e+00 2.792e+00
#776  4689   1 | 7.06e-01 1.50e-03 +0.286  1.00 | 1.00e+00 1.04e-01 +0.343  0.94 | 1.8e+00 3.2e+00 1.440e+00
#777  1743   1 | 6.63e-01 9.32e-02 +0.170  0.97 | 1.00e+00 1.03e-03 +0.127  1.00 | 2.0e+00 4.4e+00 1.434e+00
#778  4127   1 | 9.14e-01 4.57e-04 -0.679  1.00 | 9.73e-01 8.50e-02 +0.118  0.99 | 1.6e+00 3.0e+00 1.770e+00
#779  2557   1 | 3.72e-01 6.28e-03 +0.227  0.99 | 9.92e-01 2.86e-02 +0.080  1.00 | 1.2e+00 4.6e+00 1.118e+00
#780   663   1 | 1.07e+00 1.94e-02 +0.729  0.97 | 9.97e-01 1.12e-04 -0.019  1.00 | 1.6e+00 3.7e+00 2.105e+00
#781  4963   1 | 6.74e-01 2.33e-03 -0.170  1.00 | 1.02e+00 1.18e-01 +0.461  0.91 | 1.4e+00 4.1e+00 1.394e+00
#782   155   1 | 9.05e-01 3.72e-03 +0.100  1.00 | 1.00e+00 3.26e-05 +0.043  1.00 | 1.6e+00 3.0e+00 1.825e+00
#783  1651   1 | 1.44e+00 1.97e-02 +0.112  1.00 | 9.64e-01 6.80e-04 -0.020  1.00 | 2.4e+00 3.7e+00 2.992e+00
#784  3047   1 | 1.10e+00 2.18e-03 -0.116  1.00 | 9.80e-01 2.00e-01 +0.377  0.89 | 1.2e+00 4.9e+00 2.063e+00
#785  4785   1 | 1.18e+00 3.52e-02 +0.447  0.97 | 1.05e+00 1.44e-01 +0.468  0.89 | 1.8e+00 4.2e+00 2.350e+00
#786  1291   1 | 7.51e-01 1.07e-02 +0.136  1.00 | 1.03e+00 6.98e-05 +0.108  1.00 | 1.6e+00 4.1e+00 1.621e+00
#787  1232   1 | 1.30e+00 2.63e-01 +0.406  0.88 | 1.04e+00 8.51e-04 +0.112  1.00 | 2.0e+00 4.0e+00 2.564e+00
#788  3745   1 | 1.22e+00 3.48e-02 +0.198  0.99 | 9.81e-01 1.53e-01 +0.088  1.00 | 1.8e+00 3.9e+00 2.430e+00
#789  2243   1 | 5.85e-01 1.31e-02 +0.249  0.99 | 9.70e-01 6.73e-05 +0.105  1.00 | 2.0e+00 4.8e+00 1.280e+00
#790  2210   1 | 1.10e+00 4.13e-03 +0.657  1.00 | 1.00e+00 5.62e-05 +0.024  1.00 | 2.2e+00 3.2e+00 2.208e+00
#791  4752   1 | 6.91e-01 1.77e-02 +0.099  1.00 | 1.01e+00 4.98e-02 +0.185  0.98 | 1.6e+00 4.3e+00 1.479e+00
#792    68   1 | 1.05e+00 1.92e-02 +0.731  0.97 | 9.85e-01 6.53e-03 +0.009  1.00 | 1.1e+00 3.7e+00 2.048e+00
#793  4575   1 | 7.76e-01 2.04e-02 +0.377  0.98 | 9.92e-01 1.99e-02 +0.260  0.99 | 1.9e+00 3.8e+00 1.563e+00
#794  1749   1 | 1.08e+00 3.10e-01 -0.392  1.31 | 9.93e-01 3.69e-04 +0.102  1.00 | 2.2e+00 3.0e+00 2.509e+00
#795  4120   1 | 6.03e-01 1.23e-02 +0.171  0.99 | 1.02e+00 3.07e-02 +0.203  0.99 | 1.7e+00 3.7e+00 1.394e+00
#796  3942   1 | 1.25e+00 1.02e-01 +0.379  0.94 | 9.83e-01 2.82e-01 +0.285  0.92 | 1.8e+00 4.4e+00 2.364e+00
#797    76   1 | 1.46e+00 1.91e-02 +0.178  1.00 | 1.07e+00 4.54e-02 -0.018  1.00 | 1.2e+00 3.1e+00 3.256e+00
#798   807   1 | 1.05e+00 8.05e-03 +0.289  1.00 | 1.03e+00 2.34e-04 -0.015  1.00 | 2.3e+00 3.4e+00 2.150e+00
#799  4705   1 | 1.08e+00 3.79e-03 +0.273  1.00 | 9.74e-01 3.23e-02 +0.337  0.98 | 1.6e+00 3.7e+00 2.086e+00
#800  3090   1 | 1.14e+00 3.35e-02 -0.246  1.02 | 1.10e+00 9.93e-02 +0.145  0.98 | 1.8e+00 3.3e+00 2.513e+00
#801  3145   1 | 6.55e-01 9.94e-02 +0.501  0.87 | 1.06e+00 7.58e-02 +0.215  0.97 | 1.7e+00 3.7e+00 1.464e+00
#802  1162   1 | 8.78e-01 1.40e-02 +0.051  1.00 | 9.72e-01 5.04e-04 +0.035  1.00 | 2.4e+00 2.8e+00 1.714e+00
#803  2657   1 | 8.73e-01 3.18e-03 +0.930  0.99 | 9.93e-01 9.16e-02 +0.016  1.01 | 1.6e+00 2.5e+00 1.749e+00
#804   144   1 | 1.12e+00 5.45e-03 -0.268  1.00 | 1.01e+00 3.39e-05 +0.011  1.00 | 1.2e+00 4.6e+00 2.280e+00
#805  4064   1 | 1.17e+00 3.50e-02 +0.537  0.97 | 9.36e-01 2.36e-02 +0.137  0.99 | 1.7e+00 4.7e+00 2.198e+00
#806  4992   1 | 9.53e-01 3.63e-02 -0.189  1.02 | 1.01e+00 6.02e-02 +0.260  0.97 | 1.5e+00 5.0e+00 1.915e+00
#807  3030   1 | 9.40e-01 8.29e-02 -0.737  1.14 | 1.06e+00 1.85e-01 +0.206  0.96 | 1.6e+00 4.6e+00 2.077e+00
#808  4855   1 | 1.36e+00 8.00e-02 +0.385  0.96 | 9.54e-01 7.68e-02 +0.397  0.94 | 2.0e+00 3.9e+00 2.630e+00
#809  1730   1 | 1.14e+00 2.23e-02 -0.047  1.00 | 9.44e-01 2.02e-02 -0.082  1.00 | 1.3e+00 2.9e+00 2.190e+00
#810  4696   1 | 1.18e+00 1.45e-02 -0.199  1.01 | 1.01e+00 7.08e-02 +0.244  0.97 | 2.6e+00 2.7e+00 2.386e+00
#811  3641   1 | 1.06e+00 2.84e-02 +0.513  0.97 | 9.60e-01 3.08e-02 +0.095  0.99 | 2.6e+00 2.5e+00 2.008e+00
#812  4515   1 | 7.78e-01 5.43e-02 -0.309  1.05 | 1.01e+00 1.20e-01 +0.242  0.96 | 2.1e+00 4.2e+00 1.612e+00
#813  4968   1 | 1.23e+00 1.39e-02 +0.853  0.98 | 9.99e-01 1.85e-02 +0.214  0.99 | 2.2e+00 3.4e+00 2.480e+00
#814  4073   1 | 1.15e+00 1.41e-02 -0.588  1.01 | 1.02e+00 1.93e-02 +0.188  0.99 | 2.1e+00 4.7e+00 2.376e+00
#815    31   1 | 1.11e+00 4.90e-02 -0.365  1.03 | 9.69e-01 1.89e-02 -0.012  1.00 | 1.3e+00 3.8e+00 2.221e+00
#816  3364   1 | 1.41e+00 4.45e-02 +0.047  1.00 | 8.95e-01 1.75e-01 +0.045  1.02 | 2.0e+00 3.3e+00 2.812e+00
#817  1141   1 | 1.24e+00 4.73e-02 -0.268  1.02 | 1.04e+00 3.48e-03 +0.069  1.00 | 2.8e+00 3.7e+00 2.632e+00
#818  3727   1 | 1.60e+00 3.56e-02 -0.521  1.02 | 9.64e-01 3.09e-02 +0.051  1.00 | 2.2e+00 3.7e+00 3.545e+00
#819  1716   1 | 8.76e-01 2.22e-02 -0.607  1.03 | 9.80e-01 4.30e-03 +0.123  1.00 | 1.7e+00 2.7e+00 1.752e+00
#820  3508   1 | 1.08e+00 2.11e-02 -0.194  1.01 | 1.01e+00 7.47e-02 +0.156  0.98 | 1.8e+00 2.9e+00 2.185e+00
#821  3550   1 | 4.99e-01 1.81e-01 +0.013  1.12 | 1.12e+00 1.81e-01 +0.352  0.91 | 1.8e+00 4.5e+00 1.418e+00
#822  2820   1 | 9.16e-01 1.20e-02 -0.550  1.01 | 9.91e-01 1.20e-03 +0.016  1.00 | 1.8e+00 4.4e+00 1.833e+00
#823  2352   1 | 1.06e+00 8.53e-02 -0.082  1.02 | 9.78e-01 3.38e-03 +0.144  1.00 | 2.4e+00 2.7e+00 2.099e+00
#824   250   1 | 8.63e-01 1.69e-02 -0.200  1.01 | 9.88e-01 9.25e-04 -0.007  1.00 | 2.4e+00 4.7e+00 1.727e+00
#825  1451   1 | 5.67e-01 4.60e-03 +0.066  1.00 | 1.02e+00 8.29e-04 +0.055  1.00 | 2.3e+00 3.6e+00 1.363e+00
#826  1459   1 | 1.11e+00 3.18e-02 -0.289  1.02 | 9.52e-01 4.40e-04 +0.027  1.00 | 2.2e+00 3.5e+00 2.153e+00
#827  3695   1 | 1.22e+00 7.47e-03 -0.231  1.00 | 9.77e-01 1.43e-03 +0.103  1.00 | 1.4e+00 4.4e+00 2.440e+00
#828  3449   1 | 1.24e+00 3.35e-02 +0.330  0.98 | 9.89e-01 1.92e-03 +0.040  1.00 | 1.8e+00 3.6e+00 2.499e+00
#829  3523   1 | 9.76e-01 4.14e-03 +0.311  1.00 | 1.03e+00 5.93e-04 +0.044  1.00 | 1.4e+00 3.5e+00 2.020e+00
#830    93   1 | 1.54e-01 3.83e-02 +0.382  0.87 | 9.47e-01 1.09e-02 -0.174  1.00 | 2.0e+00 2.6e+00 9.203e-01
#831  3769   1 | 1.41e+00 2.27e-03 +0.011  1.00 | 1.04e+00 1.76e-03 +0.059  1.00 | 1.8e+00 4.5e+00 3.079e+00
#832   256   1 | 7.65e-01 3.35e-02 +0.290  0.98 | 1.01e+00 1.92e-03 +0.047  1.00 | 1.9e+00 3.7e+00 1.585e+00
#833   543   1 | 8.31e-01 1.21e-02 -0.435  1.01 | 1.03e+00 3.67e-04 -0.025  1.00 | 1.8e+00 4.2e+00 1.752e+00
#834  1854   1 | 1.11e+00 1.49e-02 -0.474  1.01 | 1.08e+00 1.77e-03 +0.073  1.00 | 1.7e+00 3.2e+00 2.418e+00
#835  4738   1 | 7.40e-01 3.39e-03 +0.355  1.00 | 9.88e-01 6.85e-04 +0.133  1.00 | 1.6e+00 5.1e+00 1.522e+00
#836  3469   1 | 9.93e-01 2.55e-03 +0.365  1.00 | 9.90e-01 4.77e-04 +0.020  1.00 | 1.7e+00 4.8e+00 1.965e+00
#837  4968   1 | 1.36e+00 3.61e-03 -0.169  1.00 | 1.05e+00 1.35e-03 +0.216  1.00 | 1.5e+00 3.1e+00 2.975e+00
#838  2072   1 | 1.17e+00 9.57e-03 -0.180  1.00 | 1.04e+00 2.36e-03 +0.023  1.00 | 1.5e+00 3.7e+00 2.443e+00
#839    71   1 | 1.08e+00 9.85e-02 +0.779  0.87 | 1.04e+00 1.02e-02 +0.060  1.00 | 1.8e+00 3.3e+00 2.096e+00
#840  4589   1 | 7.98e-01 8.83e-03 +0.425  0.99 | 1.12e+00 4.76e-03 +0.210  1.00 | 1.6e+00 3.6e+00 1.876e+00
#841    92   1 | 6.70e-01 4.38e-03 +0.558  0.99 | 9.98e-01 3.60e-04 +0.036  1.00 | 1.7e+00 3.5e+00 1.443e+00
#842   701   1 | 1.14e+00 3.72e-03 +0.359  1.00 | 1.02e+00 7.51e-03 -0.056  1.00 | 1.3e+00 3.8e+00 2.352e+00
#843   815   1 | 1.09e+00 3.32e-03 -0.306  1.00 | 9.75e-01 5.29e-03 -0.001  1.00 | 1.3e+00 3.7e+00 2.135e+00
#844  2951   1 | 1.02e+00 4.82e-02 +0.319  0.97 | 9.43e-01 5.07e-03 -0.026  1.00 | 1.8e+00 4.1e+00 1.909e+00
#845  4795   1 | 8.68e-01 9.90e-03 -0.052  1.00 | 9.92e-01 3.01e-03 +0.418  1.00 | 1.7e+00 4.3e+00 1.737e+00
#846  1267   1 | 6.28e-01 2.63e-03 -0.442  1.00 | 1.04e+00 1.41e-02 -0.028  1.00 | 1.3e+00 3.9e+00 1.483e+00
#847  2587   1 | 7.24e-01 3.21e-02 -0.332  1.03 | 1.04e+00 6.99e-04 +0.075  1.00 | 2.0e+00 3.3e+00 1.633e+00
#848  2449   1 | 1.07e+00 7.55e-04 +0.460  1.00 | 1.03e+00 5.42e-04 +0.035  1.00 | 1.4e+00 3.5e+00 2.214e+00
#849   336   1 | 1.04e+00 3.63e-03 +0.010  1.00 | 9.74e-01 1.29e-03 -0.004  1.00 | 1.4e+00 3.3e+00 2.021e+00
#850  1566   1 | 9.71e-01 7.58e-04 -0.492  1.00 | 9.88e-01 2.95e-02 +0.002  1.00 | 1.3e+00 3.6e+00 1.921e+00
#851  3999   1 | 1.51e+00 5.18e-02 +0.059  1.00 | 9.73e-01 2.23e-02 +0.223  0.99 | 1.7e+00 3.1e+00 3.212e+00
#852  4483   1 | 1.30e+00 4.06e-03 -0.661  1.00 | 1.01e+00 4.53e-03 +0.207  1.00 | 1.7e+00 3.6e+00 2.726e+00
#853  4261   1 | 1.18e+00 1.45e-01 -0.683  1.18 | 1.08e+00 7.78e-02 +0.280  0.96 | 1.6e+00 4.7e+00 2.782e+00
#854  2249   1 | 4.49e-01 1.16e-02 -0.294  1.02 | 9.76e-01 2.38e-02 -0.016  1.00 | 1.3e+00 5.0e+00 1.158e+00
#855  3949   1 | 9.66e-01 6.77e-02 -0.552  1.08 | 1.00e+00 1.99e-01 +0.207  0.96 | 1.4e+00 4.2e+00 1.976e+00
#856  2165   1 | 1.03e+00 1.85e-02 -0.657  1.02 | 9.29e-01 1.58e-01 -0.052  1.05 | 1.4e+00 3.5e+00 1.995e+00
#857   358   1 | 4.42e-01 5.74e-03 +0.348  0.99 | 1.03e+00 1.23e-01 +0.081  0.99 | 1.4e+00 3.7e+00 1.259e+00
#858  2232   1 | 9.08e-01 6.48e-03 +0.333  1.00 | 9.18e-01 9.30e-02 +0.225  0.96 | 1.3e+00 4.3e+00 1.633e+00
#859  3972   1 | 6.97e-01 1.91e-02 -0.045  1.00 | 1.01e+00 2.77e-02 +0.161  0.99 | 1.4e+00 4.0e+00 1.498e+00
#860  3995   1 | 1.17e+00 3.39e-03 +0.752  1.00 | 9.74e-01 1.68e-02 +0.183  0.99 | 1.3e+00 5.7e+00 2.295e+00
#861  3990   1 | 1.07e+00 1.10e-02 +0.549  0.99 | 1.00e+00 4.60e-03 +0.090  1.00 | 1.4e+00 4.6e+00 2.127e+00
#862   183   1 | 9.34e-01 1.50e-03 -0.200  1.00 | 9.97e-01 3.26e-02 +0.055  1.00 | 1.3e+00 3.3e+00 1.863e+00
#863  4248   1 | 1.50e+00 1.44e-03 -0.445  1.00 | 9.68e-01 1.34e-02 +0.095  1.00 | 1.3e+00 4.2e+00 3.174e+00
#864  1949   1 | 1.15e+00 1.13e-03 +0.111  1.00 | 9.74e-01 5.10e-02 +0.031  1.00 | 1.2e+00 3.2e+00 2.271e+00
#865  4844   1 | 1.03e+00 2.07e-02 +0.243  0.99 | 1.00e+00 1.43e-01 +0.150  0.98 | 1.3e+00 3.3e+00 2.028e+00
#866  4781   1 | 4.95e-01 1.07e-02 -0.221  1.01 | 1.03e+00 1.16e-02 +0.175  1.00 | 1.1e+00 4.5e+00 1.310e+00
#867  1700   1 | 5.55e-01 3.08e-03 +0.692  0.99 | 1.00e+00 1.05e-02 -0.010  1.00 | 1.4e+00 3.9e+00 1.306e+00
#868   626   1 | 1.10e+00 1.59e-02 +0.332  0.99 | 1.03e+00 5.36e-02 +0.165  0.99 | 1.4e+00 4.2e+00 2.239e+00
#869  4925   1 | 1.10e+00 4.03e-02 -0.348  1.03 | 1.10e+00 1.57e-01 +0.294  0.94 | 1.2e+00 3.7e+00 2.370e+00
#870  3170   1 | 1.12e+00 7.25e-02 -0.828  1.11 | 1.06e+00 1.21e-01 +0.059  1.00 | 1.6e+00 3.8e+00 2.523e+00
#871   750   1 | 8.18e-01 3.87e-03 -0.481  1.00 | 9.58e-01 4.26e-02 +0.047  1.00 | 1.5e+00 4.3e+00 1.589e+00
#872  3567   1 | 1.33e+00 1.57e-02 +0.391  0.99 | 1.05e+00 9.85e-02 +0.163  0.98 | 1.3e+00 2.3e+00 2.833e+00
#873  4166   1 | 1.14e+00 1.48e-02 -0.601  1.02 | 1.02e+00 2.60e-03 +0.108  1.00 | 1.1e+00 3.3e+00 2.361e+00
#874  1603   1 | 1.40e+00 1.19e-02 +0.165  1.00 | 9.87e-01 4.45e-02 -0.008  1.00 | 1.4e+00 3.7e+00 2.933e+00
#875  2648   1 | 1.26e+00 5.47e-03 -0.278  1.00 | 1.05e+00 2.04e-01 +0.190  0.96 | 1.5e+00 3.8e+00 2.653e+00
#876   775   1 | 1.05e+00 3.11e-02 -0.604  1.04 | 9.81e-01 6.15e-02 +0.061  1.00 | 1.7e+00 4.3e+00 2.097e+00
#877  2801   1 | 6.31e-01 1.34e-02 +0.587  0.98 | 9.93e-01 5.21e-02 +0.077  0.99 | 1.4e+00 3.7e+00 1.368e+00
#878  4335   1 | 1.40e+00 2.88e-03 +0.149  1.00 | 9.61e-01 1.04e-02 +0.152  1.00 | 9.9e-01 4.0e+00 2.885e+00
#879  3236   1 | 8.77e-01 6.21e-03 -0.079  1.00 | 9.79e-01 5.56e-02 +0.106  0.99 | 1.3e+00 4.0e+00 1.719e+00
#880  3585   1 | 1.16e+00 8.97e-04 +0.263  1.00 | 9.77e-01 6.58e-03 +0.035  1.00 | 1.2e+00 3.9e+00 2.303e+00
#881   699   1 | 1.12e+00 5.07e-03 +0.304  1.00 | 1.03e+00 2.47e-02 -0.054  1.00 | 1.6e+00 2.9e+00 2.306e+00
#882  4139   1 | 8.21e-01 7.83e-03 +0.263  1.00 | 9.55e-01 2.54e-01 +0.215  0.96 | 1.2e+00 3.5e+00 1.544e+00
#883  4699   1 | 1.22e+00 3.82e-03 -0.033  1.00 | 9.81e-01 3.90e-02 +0.139  0.99 | 1.2e+00 5.0e+00 2.438e+00
#884   804   1 | 1.41e+00 1.62e-02 +0.240  0.99 | 1.02e+00 4.81e-02 -0.020  1.00 | 1.4e+00 3.5e+00 3.009e+00
#885  3923   1 | 8.76e-01 2.01e-03 -0.145  1.00 | 8.67e-01 2.54e-01 +0.251  0.94 | 1.2e+00 3.8e+00 1.472e+00
#886  3694   1 | 1.02e+00 5.14e-03 +0.574  0.99 | 9.77e-01 1.90e-02 +0.156  0.99 | 1.3e+00 4.0e+00 1.989e+00
#887   378   1 | 8.45e-01 4.77e-03 -0.159  1.00 | 9.55e-01 4.94e-02 +0.054  1.00 | 1.4e+00 3.7e+00 1.624e+00
#888  2281   1 | 9.63e-01 2.91e-02 +0.760  0.95 | 1.03e+00 7.76e-02 -0.015  1.01 | 1.5e+00 4.3e+00 1.958e+00
#889  3174   1 | 1.04e+00 3.03e-02 +0.627  0.96 | 9.63e-01 2.05e-01 +0.227  0.95 | 1.3e+00 4.0e+00 1.920e+00
#890  4156   1 | 9.14e-01 2.46e-02 -0.586  1.03 | 9.76e-01 4.59e-01 +0.263  0.97 | 1.5e+00 4.8e+00 1.789e+00
#891  2970   1 | 1.21e+00 7.17e-03 +0.112  1.00 | 9.78e-01 9.03e-02 +0.150  0.98 | 1.2e+00 4.2e+00 2.405e+00
#892  4104   1 | 8.27e-01 1.35e-03 +0.473  1.00 | 1.01e+00 2.23e-02 +0.100  1.00 | 1.2e+00 3.6e+00 1.690e+00
#893  1825   1 | 1.02e+00 2.74e-02 -0.821  1.04 | 9.92e-01 2.53e-01 +0.097  1.02 | 1.4e+00 4.2e+00 2.094e+00
#894  1213   1 | 5.54e-01 1.88e-02 +0.181  0.99 | 1.00e+00 2.61e-02 +0.068  1.00 | 1.6e+00 4.2e+00 1.302e+00
#895  3814   1 | 1.01e+00 1.00e-02 -0.166  1.00 | 1.10e+00 1.19e-01 +0.136  0.98 | 1.3e+00 3.9e+00 2.194e+00
#896   948   1 | 7.27e-01 2.50e-02 +0.450  0.97 | 9.98e-01 1.59e-01 +0.098  0.99 | 1.5e+00 3.7e+00 1.503e+00
#897  2077   1 | 1.14e+00 7.33e-03 -0.062  1.00 | 1.02e+00 9.30e-02 +0.220  0.97 | 1.4e+00 4.1e+00 2.300e+00
#898  1531   1 | 6.98e-01 1.70e-03 +0.307  1.00 | 9.88e-01 3.88e-02 -0.052  1.01 | 1.6e+00 2.9e+00 1.468e+00
#899  1774   1 | 9.78e-01 3.25e-02 +0.293  0.98 | 1.02e+00 3.74e-02 +0.030  1.00 | 1.4e+00 4.3e+00 1.973e+00
#900  2955   1 | 4.64e-01 9.39e-03 +0.047  1.00 | 9.75e-01 7.07e-03 -0.001  1.00 | 1.3e+00 3.9e+00 1.167e+00
#901   816   1 | 1.21e+00 1.12e-03 +0.120  1.00 | 9.31e-01 1.96e-02 +0.127  1.00 | 1.4e+00 2.9e+00 2.322e+00
#902   980   1 | 4.66e-01 3.51e-02 -0.671  1.11 | 8.43e-01 1.07e-01 -0.041  1.03 | 1.5e+00 3.6e+00 9.703e-01
#903  3796   1 | 1.43e+00 2.20e-02 +0.078  1.00 | 1.02e+00 2.50e-01 +0.223  0.95 | 1.4e+00 4.6e+00 3.027e+00
#904  2202   1 | 1.40e+00 5.80e-03 +0.301  1.00 | 1.01e+00 2.31e-01 +0.055  1.03 | 1.5e+00 3.4e+00 3.016e+00
#905  2293   1 | 3.96e-01 3.45e-02 -0.077  1.02 | 9.92e-01 2.21e-01 +0.103  1.00 | 1.4e+00 4.1e+00 1.149e+00
#906  3483   1 | 1.33e+00 4.13e-03 +0.658  1.00 | 1.00e+00 2.46e-01 +0.163  0.98 | 1.2e+00 4.0e+00 2.739e+00
#907   605   1 | 7.32e-01 3.81e-03 -0.403  1.00 | 9.94e-01 2.48e-02 +0.042  1.00 | 1.4e+00 3.6e+00 1.523e+00
#908  1268   1 | 7.54e-01 7.56e-03 -0.530  1.01 | 1.20e+00 1.54e-01 -0.128  1.05 | 1.5e+00 3.4e+00 2.077e+00
#909  3582   1 | 5.93e-01 1.58e-03 +0.175  1.00 | 1.06e+00 4.99e-02 +0.115  0.99 | 1.2e+00 3.0e+00 1.462e+00
#910  4100   1 | 6.77e-01 2.11e-03 +0.046  1.00 | 1.00e+00 3.81e-02 +0.063  1.00 | 1.3e+00 2.5e+00 1.458e+00
#911  2956   1 | 9.75e-01 1.66e-03 -0.759  1.00 | 9.63e-01 1.15e-02 -0.014  1.00 | 1.3e+00 4.2e+00 1.880e+00
#912  1818   1 | 3.59e-01 2.24e-03 -0.623  1.01 | 1.00e+00 1.66e-02 +0.036  1.00 | 1.3e+00 2.9e+00 1.135e+00
#913   211   1 | 1.05e+00 3.72e-03 -0.633  1.00 | 1.04e+00 1.45e-02 -0.068  1.00 | 1.3e+00 3.6e+00 2.189e+00
#914  2639   1 | 5.73e-01 8.63e-03 +0.324  0.99 | 9.77e-01 2.91e-01 +0.091  1.03 | 1.3e+00 3.4e+00 1.313e+00
#915  2891   1 | 9.01e-01 3.60e-03 +0.321  1.00 | 9.57e-01 1.41e-02 +0.121  1.00 | 1.3e+00 4.2e+00 1.721e+00
#916   678   1 | 5.29e-01 1.02e-03 +0.302  1.00 | 1.02e+00 3.11e-02 +0.006  1.00 | 1.4e+00 3.7e+00 1.328e+00
#917  4272   1 | 8.48e-01 2.75e-03 -0.053  1.00 | 1.03e+00 6.23e-02 +0.171  0.98 | 1.2e+00 3.3e+00 1.761e+00
#918  4779   1 | 4.69e-01 1.12e-02 +0.140  0.99 | 1.01e+00 9.69e-03 +0.205  1.00 | 1.4e+00 4.4e+00 1.243e+00
#919   381   1 | 4.70e-01 2.14e-03 +0.432  1.00 | 9.50e-01 6.51e-02 -0.036  1.01 | 1.3e+00 2.3e+00 1.131e+00
#920    11   1 | 1.05e+00 2.16e-03 +0.227  1.00 | 9.90e-01 7.18e-03 -0.015  1.00 | 1.3e+00 3.9e+00 2.077e+00
#921   516   1 | 1.45e+00 2.90e-04 -0.218  1.00 | 1.01e+00 1.87e-02 -0.004  1.00 | 1.3e+00 2.7e+00 3.116e+00
#922  2275   1 | 9.42e-01 8.85e-04 +0.296  1.00 | 9.52e-01 5.55e-02 +0.066  1.00 | 1.3e+00 2.6e+00 1.789e+00
#923  2639   1 | 1.22e+00 7.40e-03 +0.004  1.00 | 1.08e+00 6.47e-02 +0.057  1.00 | 1.3e+00 4.4e+00 2.663e+00
#924  3854   1 | 4.79e-01 4.13e-03 -0.113  1.00 | 1.03e+00 1.59e-01 +0.154  0.98 | 1.3e+00 3.1e+00 1.268e+00
#925   778   1 | 1.09e+00 2.10e-03 -0.144  1.00 | 8.64e-01 2.00e-01 +0.077  1.02 | 1.4e+00 3.0e+00 1.944e+00
#926  4965   1 | 1.19e+00 1.96e-03 -0.147  1.00 | 1.24e+00 1.98e-01 +0.392  0.90 | 1.2e+00 3.2e+00 2.814e+00
#927  2141   1 | 1.00e+00 1.13e-02 -0.820  1.02 | 1.07e+00 2.52e-01 +0.172  0.97 | 1.3e+00 3.7e+00 2.143e+00
#928  4719   1 | 5.55e-01 3.17e-03 -0.081  1.00 | 9.67e-01 7.29e-02 +0.249  0.97 | 1.2e+00 3.0e+00 1.213e+00
#929  4879   1 | 1.40e+00 2.44e-02 +0.398  0.99 | 9.24e-01 7.62e-02 +0.197  0.97 | 1.6e+00 4.2e+00 2.775e+00
#930  2300   1 | 9.82e-01 1.92e-03 -0.011  1.00 | 1.05e+00 2.61e-02 +0.011  1.00 | 1.3e+00 3.5e+00 2.064e+00
#931  2697   1 | 8.76e-01 1.97e-03 +0.911  1.00 | 1.01e+00 4.24e-02 +0.094  0.99 | 1.3e+00 2.6e+00 1.770e+00
#932  4756   1 | 9.95e-01 1.32e-02 +0.526  0.99 | 1.03e+00 3.63e-02 +0.260  0.98 | 1.6e+00 3.2e+00 2.023e+00
#933  4705   1 | 1.32e+00 1.16e-03 -0.025  1.00 | 1.04e+00 3.68e-02 +0.242  0.98 | 1.3e+00 3.7e+00 2.789e+00
#934  1599   1 | 1.50e+00 1.46e-03 +0.116  1.00 | 9.87e-01 4.10e-02 +0.066  1.00 | 1.3e+00 3.1e+00 3.230e+00
#935  4706   1 | 1.41e+00 1.70e-03 -0.216  1.00 | 1.07e+00 1.01e-01 +0.275  0.96 | 1.3e+00 3.8e+00 3.074e+00
#936  1525   1 | 1.13e+00 6.42e-03 -0.441  1.01 | 1.07e+00 1.03e-01 +0.105  0.99 | 1.3e+00 3.0e+00 2.397e+00
#937  1943   1 | 1.04e+00 3.15e-03 +0.240  1.00 | 9.99e-01 3.11e-02 -0.000  1.00 | 1.3e+00 3.8e+00 2.085e+00
#938  4233   1 | 8.45e-01 1.87e-02 +0.208  0.99 | 1.01e+00 5.70e-02 +0.236  0.98 | 1.7e+00 2.8e+00 1.708e+00
#939  4181   1 | 1.04e+00 1.25e-02 -0.879  1.02 | 9.68e-01 1.55e-02 +0.165  0.99 | 1.5e+00 4.6e+00 2.032e+00
#940  4022   1 | 1.12e+00 3.68e-03 +0.051  1.00 | 9.82e-01 2.96e-02 +0.070  1.00 | 1.3e+00 2.7e+00 2.223e+00
#941  1241   1 | 7.05e-01 1.24e-03 -0.806  1.00 | 9.45e-01 3.48e-02 +0.099  0.99 | 1.3e+00 3.7e+00 1.385e+00
#942   662   1 | 5.16e-01 2.10e-03 -0.427  1.00 | 1.06e+00 3.67e-02 +0.103  0.99 | 1.3e+00 4.6e+00 1.386e+00
#943  4387   1 | 1.11e+00 1.23e-02 -0.002  1.00 | 1.02e+00 2.94e-02 +0.044  1.00 | 1.4e+00 3.6e+00 2.278e+00
#944  2756   1 | 7.01e-01 1.36e-01 -0.819  1.35 | 9.37e-01 3.84e-01 +0.242  0.97 | 1.8e+00 4.0e+00 1.518e+00
#945  4642   1 | 7.79e-01 2.86e-02 +0.593  0.96 | 9.48e-01 9.24e-03 +0.258  1.00 | 1.8e+00 3.7e+00 1.476e+00
#946     7   1 | 1.11e+00 1.10e-03 +0.493  1.00 | 9.89e-01 2.92e-02 +0.019  1.00 | 1.3e+00 3.9e+00 2.199e+00
#947   534   1 | 9.56e-01 4.41e-03 +0.465  1.00 | 1.05e+00 1.02e-01 -0.199  1.05 | 1.3e+00 3.8e+00 2.070e+00
#948  2585   1 | 7.43e-01 1.14e-02 -0.319  1.01 | 9.49e-01 1.80e-01 +0.119  0.99 | 1.3e+00 4.4e+00 1.451e+00
#949  4615   1 | 7.84e-01 1.14e-02 +0.171  1.00 | 1.00e+00 8.69e-02 +0.291  0.96 | 1.8e+00 3.9e+00 1.577e+00
#950  4489   1 | 1.35e+00 4.36e-03 -0.479  1.00 | 8.00e-01 2.75e-01 +0.356  0.87 | 1.2e+00 3.9e+00 2.396e+00
#951  3039   1 | 7.44e-01 9.52e-04 +0.458  1.00 | 9.87e-01 1.32e-02 +0.059  1.00 | 1.3e+00 3.4e+00 1.526e+00
#952  1897   1 | 1.25e+00 2.16e-03 +0.417  1.00 | 8.59e-01 1.50e-01 -0.052  1.05 | 1.3e+00 4.0e+00 2.331e+00
#953  4798   1 | 6.87e-01 4.99e-03 +0.430  0.99 | 9.91e-01 4.15e-02 +0.066  1.00 | 1.3e+00 4.5e+00 1.446e+00
#954  1758   1 | 9.19e-01 1.17e-03 +0.164  1.00 | 9.99e-01 5.96e-02 +0.141  0.99 | 1.3e+00 3.7e+00 1.829e+00
#955  4575   1 | 6.86e-01 4.03e-03 -0.128  1.00 | 1.11e+00 1.25e-01 +0.296  0.95 | 1.2e+00 3.8e+00 1.644e+00
#956  3480   1 | 7.87e-01 3.36e-03 +0.548  1.00 | 1.08e+00 1.20e-01 +0.046  1.00 | 1.3e+00 4.2e+00 1.781e+00
#957  2988   1 | 1.22e+00 9.78e-03 +0.368  0.99 | 1.02e+00 3.46e-02 +0.071  1.00 | 1.4e+00 2.3e+00 2.534e+00
#958  2883   1 | 7.04e-01 2.06e-02 -0.008  1.00 | 1.00e+00 3.03e-02 +0.126  0.99 | 1.8e+00 3.7e+00 1.496e+00
#959  4082   1 | 7.75e-01 1.39e-02 -0.021  1.00 | 1.10e+00 9.47e-02 +0.162  0.98 | 1.6e+00 4.2e+00 1.789e+00
#960  2680   1 | 6.05e-01 6.58e-02 -0.076  1.03 | 9.46e-01 1.23e-01 -0.036  1.03 | 1.7e+00 4.4e+00 1.296e+00
#961  4344   1 | 1.54e+00 1.31e-02 -0.265  1.00 | 1.04e+00 3.52e-01 +0.293  0.92 | 1.4e+00 4.1e+00 3.368e+00
#962  4267   1 | 1.15e+00 1.06e-03 -0.006  1.00 | 9.63e-01 4.12e-02 +0.239  0.98 | 1.3e+00 3.0e+00 2.235e+00
#963  4164   1 | 1.31e+00 2.24e-03 -0.121  1.00 | 1.00e+00 2.18e-02 +0.100  1.00 | 1.3e+00 4.6e+00 2.711e+00
#964  2585   1 | 9.95e-01 3.08e-03 +0.089  1.00 | 9.79e-01 2.53e-02 +0.189  0.99 | 1.1e+00 3.3e+00 1.939e+00
#965  3834   1 | 1.06e+00 1.66e-03 +0.641  1.00 | 9.63e-01 4.65e-02 +0.171  0.99 | 1.6e+00 4.2e+00 2.041e+00
#966  3592   1 | 1.09e+00 1.54e-02 +0.385  0.99 | 1.06e+00 1.66e-01 +0.174  0.97 | 1.5e+00 3.7e+00 2.259e+00
#967  3312   1 | 1.31e+00 5.99e-03 +0.103  1.00 | 1.01e+00 7.46e-03 +0.039  1.00 | 1.4e+00 4.2e+00 2.736e+00
#968  3787   1 | 1.00e+00 8.26e-03 +0.140  1.00 | 9.93e-01 2.11e-02 +0.117  1.00 | 1.4e+00 3.7e+00 1.988e+00
#969  3678   1 | 1.15e+00 3.78e-02 -0.330  1.02 | 9.57e-01 4.80e-02 +0.138  0.99 | 1.4e+00 4.7e+00 2.264e+00
#970  1047   1 | 9.57e-01 7.79e-04 -0.048  1.00 | 9.71e-01 1.03e-02 -0.060  1.00 | 1.3e+00 3.4e+00 1.860e+00
#971  3749   1 | 1.58e+00 4.54e-03 +0.680  1.00 | 8.37e-01 9.62e-02 +0.055  1.00 | 1.3e+00 3.8e+00 3.194e+00
#972  1951   1 | 4.66e-01 1.25e-03 +0.240  1.00 | 9.57e-01 3.43e-02 +0.010  1.00 | 1.3e+00 3.0e+00 1.133e+00
#973  1860   1 | 8.61e-01 1.29e-03 -0.485  1.00 | 1.01e+00 1.54e-02 +0.112  1.00 | 1.3e+00 4.3e+00 1.755e+00
#974  4440   1 | 1.04e+00 9.04e-03 -0.070  1.00 | 9.93e-01 3.79e-02 +0.271  0.98 | 1.4e+00 3.1e+00 2.043e+00
#975   735   1 | 1.01e+00 1.07e-03 -0.193  1.00 | 1.05e+00 1.88e-02 -0.011  1.00 | 1.3e+00 3.3e+00 2.116e+00
#976  2595   1 | 7.45e-01 1.58e-02 +0.054  1.00 | 9.26e-01 8.36e-02 -0.055  1.02 | 1.5e+00 4.5e+00 1.426e+00
#977  1602   1 | 4.37e-01 1.23e-03 +0.394  1.00 | 9.32e-01 1.43e-01 -0.002  1.02 | 1.3e+00 3.3e+00 1.080e+00
#978  2418   1 | 1.20e+00 1.29e-02 +0.719  0.98 | 9.63e-01 3.88e-02 +0.080  1.00 | 1.5e+00 4.6e+00 2.345e+00
#979   372   1 | 1.08e+00 1.59e-03 +0.444  1.00 | 9.62e-01 2.86e-02 +0.021  1.00 | 1.3e+00 4.2e+00 2.090e+00
#980  2489   1 | 8.95e-01 3.94e-03 +0.592  0.99 | 1.12e+00 7.06e-02 +0.021  1.00 | 1.3e+00 3.9e+00 2.057e+00
#981  4138   1 | 8.51e-01 1.32e-03 -0.565  1.00 | 1.09e+00 2.45e-01 +0.248  0.94 | 1.2e+00 3.7e+00 1.846e+00
#982  1388   1 | 1.17e+00 9.60e-04 -0.405  1.00 | 1.04e+00 6.66e-02 +0.042  1.00 | 1.3e+00 5.2e+00 2.445e+00
#983  2164   1 | 4.07e-01 2.51e-03 +0.793  0.99 | 9.99e-01 3.63e-02 +0.014  1.00 | 1.4e+00 3.3e+00 1.163e+00
#984  2538   1 | 1.23e+00 7.08e-02 +0.163  0.98 | 9.13e-01 2.02e-01 +0.025  1.04 | 1.5e+00 3.8e+00 2.346e+00
#985   792   1 | 3.80e-01 4.57e-04 +0.575  1.00 | 1.05e+00 4.49e-02 +0.130  0.99 | 1.3e+00 3.7e+00 1.239e+00
#986  3768   1 | 1.45e+00 2.30e-03 +0.668  1.00 | 1.01e+00 2.59e-02 +0.029  1.00 | 1.3e+00 3.9e+00 3.117e+00
#987  3150   1 | 1.13e+00 1.27e-02 +0.190  1.00 | 9.65e-01 4.40e-02 +0.144  0.99 | 1.4e+00 4.5e+00 2.201e+00
#988  1864   1 | 9.03e-01 1.48e-02 -0.254  1.01 | 9.62e-01 1.32e-01 +0.139  0.98 | 1.3e+00 4.4e+00 1.730e+00
#989  1173   1 | 1.43e+00 3.28e-03 +0.356  1.00 | 1.03e+00 1.33e-01 -0.298  1.09 | 1.3e+00 3.7e+00 3.205e+00
#990  3069   1 | 7.09e-01 2.11e-02 +0.067  1.00 | 1.00e+00 8.09e-02 +0.203  0.97 | 1.6e+00 4.0e+00 1.479e+00
#991  4448   1 | 6.97e-01 1.34e-02 +0.968  0.96 | 9.70e-01 3.45e-01 +0.191  0.99 | 1.2e+00 5.2e+00 1.400e+00
#992  2411   1 | 1.05e+00 3.37e-03 -0.506  1.00 | 1.01e+00 3.56e-02 -0.008  1.00 | 1.3e+00 5.3e+00 2.128e+00
#993  3621   1 | 9.16e-01 9.53e-03 -0.170  1.00 | 9.34e-01 1.13e-01 +0.230  0.96 | 1.3e+00 3.6e+00 1.679e+00
#994  4489   1 | 9.72e-01 3.20e-03 +0.573  1.00 | 9.98e-01 2.50e-02 +0.192  0.99 | 1.3e+00 3.8e+00 1.928e+00
#995  1497   1 | 1.30e+00 1.01e-03 +0.613  1.00 | 1.01e+00 5.40e-02 -0.006  1.00 | 1.3e+00 2.9e+00 2.728e+00
#996  1972   1 | 1.08e+00 6.50e-03 -0.191  1.00 | 1.01e+00 3.84e-02 +0.028  1.00 | 1.3e+00 3.5e+00 2.198e+00
#997   724   1 | 1.13e+00 1.15e-03 +0.398  1.00 | 1.04e+00 8.25e-02 -0.025  1.01 | 1.3e+00 3.8e+00 2.384e+00
#998   789   1 | 1.48e+00 2.27e-03 +0.608  1.00 | 9.73e-01 5.24e-02 +0.065  1.00 | 1.3e+00 3.9e+00 3.133e+00
#999  2337   1 | 1.02e+00 6.24e-03 -0.743  1.01 | 1.04e+00 4.01e-02 +0.169  0.99 | 1.4e+00 3.2e+00 2.113e+00
#1000  3313   1 | 1.00e+00 3.65e-02 -0.553  1.04 | 1.00e+00 7.74e-02 +0.084  0.99 | 1.4e+00 3.4e+00 2.044e+00
#1001  4764   1 | 6.79e-01 4.42e-02 +0.726  0.91 | 9.95e-01 2.63e-02 +0.155  0.99 | 1.5e+00 4.4e+00 1.402e+00
#1002  1029   1 | 8.39e-01 9.22e-03 -0.122  1.00 | 9.88e-01 1.17e-01 +0.166  0.97 | 1.3e+00 5.0e+00 1.657e+00
#1003   453   1 | 1.11e+00 4.75e-03 -0.234  1.00 | 1.06e+00 4.84e-02 -0.140  1.01 | 1.3e+00 3.5e+00 2.367e+00
#1004  1847   1 | 1.11e+00 3.22e-03 -0.665  1.00 | 9.82e-01 1.73e-01 -0.109  1.07 | 1.3e+00 3.6e+00 2.258e+00
#1005   568   1 | 1.25e+00 5.38e-03 -0.699  1.01 | 1.12e+00 2.41e-01 +0.034  1.03 | 1.3e+00 3.2e+00 2.869e+00
#1006  4468   1 | 1.05e+00 2.04e-02 +0.207  0.99 | 1.06e+00 9.95e-02 +0.291  0.95 | 1.3e+00 3.9e+00 2.154e+00
#1007   168   1 | 1.32e+00 2.51e-03 +0.427  1.00 | 1.01e+00 2.62e-02 +0.027  1.00 | 1.3e+00 4.5e+00 2.773e+00
#1008  4157   1 | 1.09e+00 4.60e-03 +0.084  1.00 | 9.91e-01 1.06e-01 +0.201  0.97 | 1.3e+00 4.5e+00 2.140e+00
#1009  3095   1 | 6.86e-01 1.90e-02 -0.138  1.01 | 9.38e-01 7.57e-02 +0.150  0.98 | 1.5e+00 4.2e+00 1.340e+00
#1010  1169   1 | 1.24e+00 5.54e-03 -0.164  1.00 | 9.43e-01 2.30e-01 -0.227  1.17 | 1.3e+00 4.3e+00 2.582e+00
#1011  4156   1 | 1.11e+00 8.83e-03 -0.769  1.01 | 1.19e+00 1.02e-01 +0.205  0.97 | 1.3e+00 4.5e+00 2.640e+00
#1012   789   1 | 7.59e-01 1.60e-03 -0.048  1.00 | 9.87e-01 3.70e-02 -0.061  1.01 | 1.3e+00 3.7e+00 1.556e+00
#1013    42   1 | 8.26e-01 5.50e-03 +0.474  0.99 | 9.92e-01 1.54e-02 -0.080  1.00 | 1.3e+00 4.2e+00 1.665e+00
#1014  4258   1 | 5.51e-01 2.52e-03 -0.024  1.00 | 9.82e-01 3.34e-02 +0.063  1.00 | 1.2e+00 3.6e+00 1.265e+00
#1015  2955   1 | 9.68e-01 6.99e-03 +0.564  0.99 | 9.77e-01 2.05e-02 +0.074  1.00 | 1.2e+00 3.5e+00 1.883e+00
#1016  2751   1 | 7.93e-01 7.28e-03 -0.137  1.00 | 9.76e-01 2.27e-01 +0.078  1.02 | 1.2e+00 4.0e+00 1.600e+00
#1017  1132   1 | 8.01e-01 1.71e-03 +0.002  1.00 | 9.64e-01 5.67e-02 -0.109  1.02 | 1.3e+00 4.2e+00 1.585e+00
#1018  3679   1 | 1.13e+00 1.56e-02 -0.575  1.02 | 1.11e+00 1.75e-01 +0.255  0.94 | 1.2e+00 3.8e+00 2.459e+00
#1019  1639   1 | 8.85e-01 1.67e-02 -0.913  1.03 | 1.05e+00 6.86e-02 -0.177  1.03 | 1.3e+00 4.0e+00 1.943e+00
#1020   830   1 | 9.47e-01 2.95e-03 -0.110  1.00 | 1.15e+00 9.55e-02 -0.074  1.02 | 1.3e+00 4.3e+00 2.234e+00
#1021  2693   1 | 6.90e-01 6.31e-03 -0.653  1.01 | 1.09e+00 2.05e-01 +0.150  0.98 | 1.2e+00 3.5e+00 1.642e+00
#1022  4699   1 | 1.35e+00 8.86e-03 -0.539  1.01 | 1.05e+00 3.63e-01 +0.201  0.98 | 1.2e+00 4.3e+00 2.915e+00
#1023  2753   1 | 1.38e+00 7.38e-03 +0.261  1.00 | 9.61e-01 1.11e-02 +0.010  1.00 | 1.2e+00 3.5e+00 2.820e+00
#1024  2728   1 | 6.87e-01 4.42e-03 -0.117  1.00 | 1.06e+00 6.08e-02 +0.127  0.99 | 1.3e+00 3.7e+00 1.578e+00
#1025  4035   1 | 1.01e+00 7.30e-04 +0.012  1.00 | 1.01e+00 1.38e-02 +0.149  1.00 | 1.3e+00 4.4e+00 2.027e+00
#1026  1243   1 | 8.53e-01 1.15e-03 -0.493  1.00 | 9.89e-01 3.52e-02 +0.016  1.00 | 1.3e+00 4.0e+00 1.708e+00
#1027  4217   1 | 1.48e+00 3.63e-03 -0.092  1.00 | 1.02e+00 1.52e-01 +0.195  0.96 | 1.3e+00 4.6e+00 3.185e+00
#1028  2835   1 | 1.00e+00 1.72e-03 -0.374  1.00 | 1.04e+00 8.75e-02 +0.157  0.98 | 1.3e+00 4.2e+00 2.067e+00
#1029  3442   1 | 7.44e-01 3.00e-03 +0.191  1.00 | 1.04e+00 7.39e-02 +0.213  0.97 | 1.2e+00 4.7e+00 1.605e+00
#1030  1791   1 | 9.71e-01 9.16e-04 +0.428  1.00 | 9.85e-01 1.90e-02 +0.039  1.00 | 1.3e+00 4.4e+00 1.910e+00
#1031  4418   1 | 1.41e+00 1.80e-03 -0.137  1.00 | 9.94e-01 6.79e-02 +0.257  0.97 | 1.2e+00 4.2e+00 2.934e+00
#1032  2541   1 | 1.42e+00 2.78e-03 -0.269  1.00 | 9.51e-01 2.16e-01 +0.082  1.01 | 1.2e+00 4.2e+00 2.940e+00
#1033   783   1 | 1.23e+00 6.49e-04 +0.210  1.00 | 9.69e-01 4.03e-02 +0.048  1.00 | 1.4e+00 3.7e+00 2.439e+00
#1034  4768   1 | 9.66e-01 8.46e-04 -0.572  1.00 | 9.95e-01 8.65e-03 +0.135  1.00 | 1.2e+00 4.2e+00 1.922e+00
#1035  1393   1 | 9.60e-01 2.43e-03 +0.196  1.00 | 1.02e+00 4.75e-02 +0.018  1.00 | 1.4e+00 3.5e+00 1.961e+00
#1036   753   1 | 6.92e-01 2.14e-03 -0.076  1.00 | 9.08e-01 1.19e-01 -0.017  1.02 | 1.4e+00 3.5e+00 1.321e+00
#1037  1798   1 | 1.03e+00 2.29e-03 -0.237  1.00 | 9.55e-01 5.66e-02 -0.026  1.01 | 1.3e+00 4.2e+00 1.970e+00
#1038   275   1 | 1.06e+00 8.96e-04 +0.110  1.00 | 1.00e+00 6.53e-02 -0.073  1.01 | 1.3e+00 4.1e+00 2.156e+00
#1039   859   1 | 1.42e+00 3.55e-04 -0.098  1.00 | 1.02e+00 2.85e-02 -0.051  1.00 | 1.4e+00 4.9e+00 3.065e+00
#1040  1997   1 | 1.26e+00 1.73e-03 +0.472  1.00 | 1.03e+00 5.69e-02 +0.017  1.00 | 1.3e+00 4.1e+00 2.645e+00
#1041  4790   1 | 1.00e+00 7.46e-03 -0.551  1.01 | 1.04e+00 3.86e-02 +0.084  1.00 | 1.2e+00 3.0e+00 2.096e+00
#1042  1705   1 | 1.02e+00 1.48e-03 -0.158  1.00 | 1.02e+00 1.17e-01 +0.073  1.00 | 1.3e+00 3.6e+00 2.079e+00
#1043   584   1 | 8.61e-01 1.26e-03 +0.375  1.00 | 9.75e-01 1.59e-02 +0.016  1.00 | 1.3e+00 2.8e+00 1.691e+00
#1044  2423   1 | 9.38e-01 1.62e-03 -0.263  1.00 | 9.40e-01 3.23e-02 +0.016  1.00 | 1.3e+00 4.1e+00 1.765e+00
#1045  2441   1 | 6.58e-01 3.52e-03 +0.735  0.99 | 1.07e+00 8.72e-02 +0.202  0.97 | 1.3e+00 3.5e+00 1.544e+00
#1046  1172   1 | 8.72e-01 7.63e-04 +0.551  1.00 | 9.75e-01 2.50e-02 +0.039  1.00 | 1.3e+00 3.6e+00 1.708e+00
#1047   909   1 | 9.10e-01 8.41e-04 +0.434  1.00 | 1.06e+00 4.21e-02 +0.058  1.00 | 1.4e+00 3.5e+00 1.958e+00
#1048  4691   1 | 1.09e+00 2.06e-03 +0.772  1.00 | 9.12e-01 2.15e-01 +0.304  0.91 | 1.2e+00 3.8e+00 1.943e+00
#1049  2109   1 | 6.05e-01 2.35e-03 +0.417  1.00 | 1.04e+00 1.12e-01 +0.151  0.98 | 1.3e+00 3.3e+00 1.431e+00
#1050  2972   1 | 8.82e-01 1.51e-03 -0.658  1.00 | 1.01e+00 3.74e-02 +0.033  1.00 | 1.3e+00 3.9e+00 1.798e+00
#1051  4884   1 | 5.72e-01 6.69e-03 -0.021  1.00 | 1.08e+00 2.93e-02 +0.354  0.98 | 1.2e+00 4.1e+00 1.481e+00
#1052  4372   1 | 6.55e-01 7.65e-04 +0.423  1.00 | 9.28e-01 6.19e-02 +0.107  0.99 | 1.3e+00 4.0e+00 1.282e+00
#1053  2326   1 | 1.09e+00 3.12e-03 -0.399  1.00 | 1.01e+00 1.11e-01 +0.186  0.97 | 1.4e+00 4.1e+00 2.178e+00
#1054  3919   1 | 1.48e+00 9.12e-04 +0.455  1.00 | 1.02e+00 2.86e-02 +0.049  1.00 | 1.3e+00 3.4e+00 3.233e+00
#1055  4299   1 | 1.02e+00 1.05e-03 -0.043  1.00 | 1.06e+00 4.01e-02 +0.119  0.99 | 1.3e+00 3.3e+00 2.159e+00
#1056  2243   1 | 9.53e-01 1.21e-03 -0.150  1.00 | 9.75e-01 2.61e-02 +0.070  1.00 | 1.4e+00 3.4e+00 1.856e+00
#1057  4715   1 | 1.10e+00 2.17e-03 -0.475  1.00 | 1.09e+00 1.26e-01 +0.401  0.92 | 1.2e+00 3.6e+00 2.312e+00
#1058  4551   1 | 1.21e+00 1.15e-03 +0.287  1.00 | 9.77e-01 2.62e-02 +0.258  0.99 | 1.2e+00 4.3e+00 2.400e+00
#1059  2487   1 | 1.03e+00 2.24e-03 -0.550  1.00 | 1.12e+00 5.00e-02 -0.029  1.00 | 1.3e+00 2.8e+00 2.326e+00
#1060  1610   1 | 9.76e-01 1.57e-03 -0.046  1.00 | 1.01e+00 1.04e-02 +0.003  1.00 | 1.3e+00 4.7e+00 1.969e+00
#1061   190   1 | 1.08e+00 4.61e-03 +0.224  1.00 | 9.26e-01 6.97e-02 -0.005  1.01 | 1.3e+00 3.6e+00 2.016e+00
#1062  4148   1 | 8.72e-01 4.77e-03 +0.277  1.00 | 1.14e+00 2.41e-01 +0.329  0.91 | 1.4e+00 5.1e+00 1.925e+00
#1063  4810   1 | 1.49e+00 3.49e-03 -0.391  1.00 | 1.07e+00 4.51e-02 +0.262  0.98 | 1.2e+00 3.5e+00 3.344e+00
#1064  1156   1 | 9.03e-01 3.37e-03 +0.597  1.00 | 1.03e+00 1.18e-01 -0.099  1.04 | 1.4e+00 4.4e+00 1.905e+00
#1065  4912   1 | 6.66e-01 2.61e-03 +0.309  1.00 | 1.11e+00 1.43e-01 +0.292  0.94 | 1.2e+00 3.7e+00 1.596e+00
#1066  1068   1 | 1.18e+00 5.90e-03 -0.215  1.00 | 9.43e-01 2.14e-01 +0.172  0.97 | 1.3e+00 4.5e+00 2.261e+00
#1067  4687   1 | 9.82e-01 3.48e-03 +0.292  1.00 | 9.78e-01 5.79e-02 +0.183  0.98 | 1.2e+00 5.6e+00 1.900e+00
#1068  1433   1 | 1.12e+00 1.48e-03 -0.348  1.00 | 9.78e-01 1.73e-02 +0.003  1.00 | 1.4e+00 3.6e+00 2.221e+00
#1069  3987   1 | 7.56e-01 3.49e-03 +0.546  0.99 | 9.75e-01 2.78e-01 +0.270  0.93 | 1.3e+00 3.7e+00 1.450e+00
#1070   431   1 | 8.70e-01 1.09e-03 +0.300  1.00 | 9.90e-01 8.11e-03 -0.018  1.00 | 1.4e+00 4.0e+00 1.737e+00
#1071  2333   1 | 1.28e+00 1.23e-03 +0.449  1.00 | 9.33e-01 2.57e-02 +0.052  1.00 | 1.3e+00 2.8e+00 2.514e+00
#1072  4462   1 | 1.19e+00 1.25e-03 +0.973  1.00 | 9.89e-01 2.47e-02 -0.022  1.00 | 1.3e+00 4.1e+00 2.400e+00
#1073  1766   1 | 1.08e+00 1.67e-03 -0.681  1.00 | 1.00e+00 6.84e-02 +0.035  1.00 | 1.3e+00 3.7e+00 2.182e+00
#1074  2164   1 | 8.44e-01 1.35e-03 -0.121  1.00 | 1.03e+00 1.71e-02 +0.033  1.00 | 1.3e+00 3.4e+00 1.779e+00
#1075  2977   1 | 1.17e+00 8.22e-04 +0.635  1.00 | 1.05e+00 2.00e-02 +0.106  1.00 | 1.3e+00 2.8e+00 2.461e+00
#1076  4180   1 | 1.00e+00 1.75e-03 +0.589  1.00 | 1.06e+00 8.96e-02 +0.276  0.96 | 1.3e+00 3.6e+00 2.073e+00
#1077  2845   1 | 8.41e-01 2.14e-03 +0.142  1.00 | 8.29e-01 4.16e-02 +0.046  1.00 | 1.2e+00 3.3e+00 1.391e+00
#1078  2136   1 | 1.31e+00 1.50e-03 -0.428  1.00 | 9.89e-01 1.48e-02 +0.026  1.00 | 1.3e+00 4.1e+00 2.688e+00
#1079  2598   1 | 7.79e-01 2.03e-03 -0.370  1.00 | 1.02e+00 1.10e-01 +0.048  1.00 | 1.3e+00 3.5e+00 1.644e+00
#1080   266   1 | 8.16e-01 1.27e-03 -0.530  1.00 | 9.82e-01 3.54e-02 -0.005  1.00 | 1.3e+00 4.8e+00 1.633e+00
#1081  1496   1 | 6.75e-01 5.82e-04 -0.783  1.00 | 1.06e+00 1.36e-02 +0.018  1.00 | 1.4e+00 2.1e+00 1.584e+00
#1082  2152   1 | 1.16e+00 2.72e-03 +0.286  1.00 | 9.97e-01 1.03e-01 +0.046  1.00 | 1.3e+00 3.4e+00 2.350e+00
#1083  1915   1 | 1.14e+00 3.66e-03 -0.335  1.00 | 9.27e-01 5.58e-02 +0.304  0.97 | 1.3e+00 4.9e+00 2.135e+00
#1084  2685   1 | 9.80e-01 5.55e-03 +0.459  0.99 | 1.04e+00 3.94e-01 +0.189  1.00 | 1.3e+00 4.9e+00 2.043e+00
#1085  4792   1 | 3.89e-01 2.67e-03 -0.358  1.00 | 9.58e-01 4.74e-02 +0.229  0.98 | 1.2e+00 3.4e+00 1.052e+00
#1086  4792   1 | 1.31e+00 1.60e-03 +0.195  1.00 | 1.02e+00 2.31e-02 +0.133  0.99 | 1.2e+00 4.0e+00 2.743e+00
#1087  4260   1 | 1.18e+00 7.50e-04 +0.323  1.00 | 9.98e-01 1.14e-02 +0.065  1.00 | 1.4e+00 3.5e+00 2.397e+00
#1088  2025   1 | 1.29e+00 2.28e-03 -0.674  1.00 | 9.67e-01 8.39e-03 +0.099  1.00 | 1.2e+00 4.2e+00 2.593e+00
#1089  3872   1 | 9.04e-01 6.39e-04 +0.129  1.00 | 9.82e-01 2.80e-02 +0.144  0.99 | 1.4e+00 3.9e+00 1.774e+00
#1090  3632   1 | 6.57e-01 7.08e-04 +0.036  1.00 | 9.94e-01 3.48e-02 +0.172  0.99 | 1.3e+00 3.6e+00 1.408e+00
#1091  1460   1 | 1.21e+00 2.89e-03 +0.235  1.00 | 9.52e-01 9.67e-02 +0.008  1.01 | 1.4e+00 3.8e+00 2.377e+00
#1092  2045   1 | 6.11e-01 2.94e-03 +0.345  1.00 | 9.95e-01 2.87e-02 +0.060  1.00 | 1.2e+00 5.2e+00 1.361e+00
#1093  3201   1 | 3.62e-01 2.53e-03 +0.674  0.99 | 9.44e-01 3.20e-02 +0.098  0.99 | 1.3e+00 4.1e+00 1.016e+00
#1094   861   1 | 1.41e+00 2.06e-03 -0.318  1.00 | 9.69e-01 3.28e-02 -0.034  1.00 | 1.4e+00 2.5e+00 2.921e+00
#1095  2583   1 | 1.23e+00 2.46e-03 +0.164  1.00 | 9.88e-01 6.28e-02 -0.010  1.01 | 1.2e+00 3.8e+00 2.481e+00
#1096   160   1 | 8.48e-01 5.96e-04 +0.272  1.00 | 9.79e-01 2.83e-02 -0.003  1.00 | 1.3e+00 3.7e+00 1.678e+00
#1097  4611   1 | 9.88e-01 9.65e-03 +0.174  1.00 | 9.70e-01 1.33e-01 +0.158  0.98 | 1.1e+00 4.2e+00 1.891e+00
#1098  1188   1 | 6.13e-01 1.44e-03 +0.482  1.00 | 9.95e-01 3.55e-02 -0.016  1.00 | 1.4e+00 4.6e+00 1.368e+00
#1099  4021   1 | 1.12e+00 1.16e-03 -0.074  1.00 | 1.00e+00 6.57e-02 +0.046  1.00 | 1.3e+00 3.6e+00 2.262e+00
#1100  4570   1 | 1.91e-01 3.53e-03 +0.598  0.98 | 1.14e+00 8.57e-02 +0.324  0.96 | 1.4e+00 4.0e+00 1.275e+00
#1101  4523   1 | 1.09e+00 1.11e-03 +0.236  1.00 | 1.02e+00 3.17e-02 +0.083  1.00 | 1.3e+00 3.7e+00 2.218e+00
#1102   361   1 | 1.11e+00 1.80e-03 +0.311  1.00 | 1.00e+00 1.47e-02 +0.030  1.00 | 1.3e+00 3.8e+00 2.250e+00
#1103  2663   1 | 1.00e+00 2.48e-03 -0.492  1.00 | 9.99e-01 5.56e-03 +0.077  1.00 | 1.3e+00 4.1e+00 2.007e+00
#1104   193   1 | 9.97e-01 1.60e-03 -0.391  1.00 | 9.16e-01 5.87e-02 -0.060  1.01 | 1.3e+00 3.3e+00 1.844e+00
#1105   531   1 | 9.62e-01 3.83e-03 -0.208  1.00 | 9.80e-01 1.99e-02 +0.043  1.00 | 1.4e+00 4.7e+00 1.886e+00
#1106  1876   1 | 1.37e+00 1.88e-03 -0.089  1.00 | 9.91e-01 1.43e-02 +0.085  1.00 | 1.4e+00 3.2e+00 2.860e+00
#1107  4291   1 | 1.06e+00 2.23e-03 +0.353  1.00 | 9.61e-01 2.67e-02 +0.064  1.00 | 1.4e+00 5.2e+00 2.049e+00
#1108   828   1 | 2.71e-01 1.27e-03 +0.095  1.00 | 9.87e-01 2.98e-02 -0.007  1.00 | 1.4e+00 3.4e+00 1.049e+00
#1109  4694   1 | 7.02e-01 1.27e-03 +0.634  1.00 | 1.01e+00 1.22e-02 +0.154  1.00 | 1.1e+00 3.6e+00 1.500e+00
#1110  1648   1 | 9.58e-01 2.42e-03 +0.590  1.00 | 9.05e-01 1.58e-01 +0.161  0.97 | 1.4e+00 3.2e+00 1.714e+00
#1111   521   1 | 1.44e+00 3.60e-03 +0.277  1.00 | 1.12e+00 5.55e-02 +0.053  1.00 | 1.4e+00 4.2e+00 3.323e+00
#1112  1442   1 | 7.74e-01 1.46e-03 -0.567  1.00 | 1.03e+00 6.39e-02 +0.012  1.00 | 1.4e+00 3.2e+00 1.654e+00
#1113  4392   1 | 5.51e-01 3.36e-03 +0.563  0.99 | 1.04e+00 8.73e-02 +0.358  0.95 | 1.3e+00 3.3e+00 1.330e+00
#1114  4448   1 | 1.44e+00 1.49e-03 -0.178  1.00 | 9.60e-01 3.71e-02 +0.056  1.00 | 1.3e+00 3.3e+00 3.000e+00
#1115  1306   1 | 7.09e-01 1.74e-03 -0.089  1.00 | 1.02e+00 3.53e-02 +0.122  0.99 | 1.4e+00 3.1e+00 1.540e+00
#1116  1265   1 | 9.55e-01 2.51e-03 +0.163  1.00 | 1.07e+00 3.55e-02 -0.007  1.00 | 1.4e+00 3.8e+00 2.068e+00
#1117  4930   1 | 1.13e+00 4.12e-03 -0.664  1.00 | 9.22e-01 2.85e-02 +0.049  1.00 | 1.1e+00 4.5e+00 2.127e+00
#1118  4166   1 | 1.02e+00 6.30e-04 -0.008  1.00 | 1.00e+00 1.64e-02 +0.087  1.00 | 1.4e+00 4.5e+00 2.041e+00
#1119  1079   1 | 1.35e+00 3.78e-04 +0.086  1.00 | 9.99e-01 3.02e-02 -0.019  1.00 | 1.4e+00 3.9e+00 2.824e+00
#1120  3889   1 | 3.15e-01 9.07e-04 +0.021  1.00 | 1.03e+00 7.12e-02 +0.118  0.99 | 1.4e+00 3.7e+00 1.142e+00
#1121  4731   1 | 1.04e+00 2.34e-03 -0.671  1.00 | 9.96e-01 2.96e-02 +0.177  0.99 | 1.2e+00 4.9e+00 2.071e+00
#1122   208   1 | 1.13e+00 6.37e-03 -0.617  1.01 | 9.68e-01 1.32e-01 -0.173  1.07 | 1.3e+00 3.8e+00 2.280e+00
#1123  2262   1 | 7.30e-01 2.82e-03 -0.111  1.00 | 9.43e-01 1.53e-02 +0.003  1.00 | 1.4e+00 4.5e+00 1.424e+00
#1124   473   1 | 1.13e+00 3.03e-03 +0.086  1.00 | 1.08e+00 2.32e-01 +0.123  0.99 | 1.4e+00 3.1e+00 2.439e+00
#1125  3969   1 | 1.14e+00 1.47e-03 -0.119  1.00 | 9.88e-01 9.47e-02 +0.140  0.98 | 1.4e+00 3.6e+00 2.257e+00
#1126  1190   1 | 1.03e+00 8.41e-04 +0.472  1.00 | 9.51e-01 8.18e-02 -0.049  1.02 | 1.4e+00 3.9e+00 1.971e+00
#1127  2467   1 | 3.73e-01 2.12e-03 -0.034  1.00 | 1.02e+00 1.59e-02 +0.011  1.00 | 1.3e+00 4.5e+00 1.176e+00
#1128  3946   1 | 3.98e-01 2.00e-03 +0.189  1.00 | 1.08e+00 8.59e-02 +0.241  0.97 | 1.4e+00 4.7e+00 1.287e+00
#1129  3558   1 | 9.31e-01 1.69e-03 -0.406  1.00 | 9.99e-01 2.94e-02 +0.079  1.00 | 1.2e+00 3.7e+00 1.862e+00
#1130  1408   1 | 1.11e+00 2.21e-03 +0.379  1.00 | 1.01e+00 5.58e-02 -0.033  1.01 | 1.4e+00 4.3e+00 2.256e+00
#1131  1157   1 | 1.85e+00 3.29e-03 +0.722  1.00 | 9.36e-01 8.68e-02 +0.184  0.97 | 1.4e+00 3.5e+00 4.275e+00
#1132    42   1 | 9.23e-01 6.62e-04 -0.406  1.00 | 9.51e-01 6.98e-02 +0.046  1.00 | 1.3e+00 3.2e+00 1.754e+00
#1133  1059   1 | 1.25e+00 2.65e-03 -0.150  1.00 | 1.05e+00 5.42e-02 +0.128  0.99 | 1.4e+00 4.1e+00 2.663e+00
#1134  4222   1 | 1.66e+00 1.46e-03 -0.058  1.00 | 9.32e-01 1.48e-01 +0.228  0.95 | 1.3e+00 3.4e+00 3.590e+00
#1135   109   1 | 9.31e-01 4.14e-03 +0.257  1.00 | 9.39e-01 1.81e-01 +0.126  0.99 | 1.4e+00 3.9e+00 1.735e+00
#1136  3801   1 | 6.87e-01 1.09e-03 -0.175  1.00 | 9.57e-01 8.40e-03 +0.031  1.00 | 1.2e+00 4.4e+00 1.387e+00
#1137  3866   1 | 9.48e-01 1.67e-03 +0.821  1.00 | 9.86e-01 5.95e-02 -0.003  1.00 | 1.3e+00 4.4e+00 1.872e+00
#1138  1523   1 | 6.48e-01 4.15e-03 -0.093  1.00 | 1.01e+00 5.09e-02 -0.029  1.01 | 1.4e+00 4.0e+00 1.439e+00
#1139  3880   1 | 1.13e+00 1.71e-03 -0.268  1.00 | 1.03e+00 6.74e-02 +0.324  0.96 | 1.2e+00 3.1e+00 2.283e+00
#1140  2713   1 | 7.39e-01 1.01e-03 +0.405  1.00 | 1.00e+00 1.15e-02 +0.071  1.00 | 1.3e+00 3.8e+00 1.552e+00
#1141  4703   1 | 1.23e+00 1.38e-03 -0.523  1.00 | 1.04e+00 1.70e-02 +0.096  1.00 | 1.3e+00 3.7e+00 2.589e+00
#1142  2394   1 | 2.42e-01 2.59e-03 +0.661  0.99 | 9.54e-01 7.22e-02 +0.230  0.97 | 1.3e+00 3.2e+00 9.420e-01
#1143  4115   1 | 5.14e-01 3.59e-03 -0.311  1.00 | 9.84e-01 1.89e-01 +0.240  0.94 | 1.4e+00 3.7e+00 1.180e+00
#1144  4652   1 | 1.40e+00 1.79e-03 +0.788  1.00 | 1.03e+00 1.96e-02 +0.174  0.99 | 1.2e+00 3.8e+00 3.013e+00
#1145  2998   1 | 1.01e+00 1.15e-03 -0.015  1.00 | 9.87e-01 3.79e-02 +0.046  1.00 | 1.3e+00 4.0e+00 1.998e+00
#1146  3720   1 | 4.44e-01 8.68e-04 +0.438  1.00 | 1.01e+00 2.95e-02 +0.064  1.00 | 1.4e+00 2.9e+00 1.204e+00
#1147   762   1 | 7.94e-01 1.46e-03 +0.195  1.00 | 1.03e+00 6.91e-02 +0.021  1.00 | 1.4e+00 3.3e+00 1.688e+00
#1148  3012   1 | 1.06e+00 4.29e-03 +0.516  1.00 | 9.94e-01 1.34e-01 +0.241  0.95 | 1.3e+00 4.1e+00 2.061e+00
#1149  2747   1 | 1.45e+00 3.53e-03 -0.230  1.00 | 8.98e-01 1.18e-01 +0.149  0.98 | 1.2e+00 3.6e+00 2.900e+00
#1150  3610   1 | 1.04e+00 2.06e-03 -0.114  1.00 | 9.24e-01 2.60e-02 +0.120  0.99 | 1.3e+00 4.2e+00 1.938e+00
#1151  1883   1 | 1.34e+00 1.05e-03 +0.015  1.00 | 9.73e-01 3.59e-02 +0.043  1.00 | 1.3e+00 3.5e+00 2.731e+00
#1152   141   1 | 1.04e+00 5.84e-03 +0.704  0.99 | 8.36e-01 2.32e-01 +0.168  0.98 | 1.3e+00 5.0e+00 1.764e+00
#1153  4899   1 | 7.83e-01 2.17e-03 +0.047  1.00 | 1.01e+00 8.65e-03 +0.177  1.00 | 1.1e+00 3.1e+00 1.637e+00
#1154  1487   1 | 1.06e+00 2.75e-03 +0.265  1.00 | 1.01e+00 9.54e-02 +0.047  1.00 | 1.4e+00 3.5e+00 2.150e+00
#1155   314   1 | 8.24e-01 2.49e-03 -0.234  1.00 | 9.61e-01 6.01e-02 +0.012  1.00 | 1.3e+00 3.6e+00 1.605e+00
#1156  1943   1 | 1.07e+00 4.80e-03 +0.626  0.99 | 1.03e+00 1.09e-01 +0.011  1.01 | 1.3e+00 3.5e+00 2.199e+00
#1157  2746   1 | 9.78e-01 1.26e-03 +0.953  1.00 | 1.03e+00 5.21e-02 +0.116  0.99 | 1.2e+00 3.3e+00 2.012e+00
#1158  4722   1 | 1.32e+00 1.34e-03 +0.419  1.00 | 1.00e+00 1.99e-02 +0.203  0.99 | 1.2e+00 3.0e+00 2.727e+00
#1159  1778   1 | 7.83e-01 1.67e-02 -0.021  1.00 | 9.97e-01 1.48e-01 -0.013  1.03 | 1.4e+00 3.8e+00 1.633e+00
#1160  3517   1 | 1.67e+00 3.04e-03 +0.033  1.00 | 9.69e-01 1.24e-02 +0.001  1.00 | 1.3e+00 4.2e+00 3.710e+00
#1161   279   1 | 6.23e-01 1.67e-03 -0.539  1.00 | 1.03e+00 1.04e-01 -0.003  1.01 | 1.3e+00 3.7e+00 1.460e+00
#1162   160   1 | 1.27e+00 4.62e-03 +0.221  1.00 | 9.85e-01 1.62e-01 +0.016  1.02 | 1.3e+00 2.9e+00 2.593e+00
#1163  4004   1 | 8.04e-01 5.90e-03 -0.736  1.01 | 9.59e-01 1.56e-01 +0.341  0.92 | 1.2e+00 3.8e+00 1.495e+00
#1164  1143   1 | 9.70e-01 2.95e-03 +0.015  1.00 | 9.78e-01 7.36e-02 +0.147  0.98 | 1.4e+00 4.0e+00 1.881e+00
#1165   813   1 | 9.92e-01 3.14e-03 +0.460  1.00 | 9.51e-01 4.65e-02 +0.054  1.00 | 1.4e+00 3.2e+00 1.884e+00
#1166  3144   1 | 9.79e-01 5.65e-03 -0.688  1.01 | 9.39e-01 6.86e-02 +0.080  0.99 | 1.2e+00 3.5e+00 1.841e+00
#1167  2308   1 | 1.32e+00 4.87e-03 -0.453  1.00 | 9.94e-01 9.67e-03 +0.046  1.00 | 1.3e+00 4.5e+00 2.725e+00
#1168  2735   1 | 1.26e+00 1.26e-03 -0.090  1.00 | 1.03e+00 5.30e-02 +0.103  0.99 | 1.2e+00 3.3e+00 2.640e+00
#1169  3548   1 | 4.58e-01 2.79e-03 +0.146  1.00 | 9.76e-01 3.22e-02 +0.056  1.00 | 1.2e+00 4.1e+00 1.159e+00
#1170   504   1 | 7.21e-01 2.73e-03 -0.209  1.00 | 9.75e-01 1.07e-01 +0.076  1.00 | 1.3e+00 3.9e+00 1.467e+00
#1171  4546   1 | 1.05e+00 2.05e-03 +0.040  1.00 | 9.92e-01 1.04e-02 +0.113  1.00 | 1.2e+00 3.9e+00 2.080e+00
#1172  3202   1 | 1.16e+00 1.74e-03 +0.360  1.00 | 9.77e-01 5.91e-03 +0.067  1.00 | 1.2e+00 4.3e+00 2.301e+00
#1173  2096   1 | 7.30e-01 4.26e-03 +0.027  1.00 | 9.98e-01 1.07e-01 +0.152  0.98 | 1.2e+00 3.4e+00 1.509e+00
#1174  3011   1 | 9.50e-01 1.06e-02 +0.550  0.99 | 9.78e-01 8.56e-02 +0.228  0.97 | 1.3e+00 4.0e+00 1.818e+00
#1175  2256   1 | 5.31e-01 5.52e-03 +0.747  0.98 | 9.83e-01 8.52e-02 +0.113  0.99 | 1.3e+00 3.9e+00 1.232e+00
#1176  3908   1 | 1.07e+00 1.06e-02 -0.134  1.00 | 1.00e+00 2.21e-01 +0.048  1.03 | 1.2e+00 3.9e+00 2.187e+00
#1177  1294   1 | 1.12e+00 4.84e-03 +0.263  1.00 | 1.02e+00 1.04e-02 +0.038  1.00 | 1.4e+00 3.8e+00 2.305e+00
#1178  2552   1 | 1.13e+00 8.38e-03 -0.092  1.00 | 9.44e-01 2.50e-02 -0.006  1.00 | 1.3e+00 4.2e+00 2.171e+00
#1179  1607   1 | 1.42e+00 3.32e-03 +0.178  1.00 | 9.51e-01 6.84e-02 +0.112  0.99 | 1.4e+00 4.0e+00 2.914e+00
#1180  2869   1 | 1.16e+00 2.14e-02 +0.284  0.99 | 1.04e+00 5.66e-02 +0.040  1.00 | 1.3e+00 4.0e+00 2.422e+00
#1181  4830   1 | 6.92e-01 4.33e-02 -0.033  1.01 | 9.70e-01 2.22e-01 +0.231  0.95 | 1.2e+00 4.7e+00 1.374e+00
#1182  4579   1 | 1.08e+00 3.91e-03 +0.109  1.00 | 1.03e+00 3.64e-02 +0.258  0.98 | 1.2e+00 3.6e+00 2.198e+00
#1183  4290   1 | 1.10e+00 2.50e-03 -0.419  1.00 | 1.03e+00 3.22e-02 +0.249  0.99 | 1.2e+00 4.6e+00 2.248e+00
#1184  1422   1 | 9.54e-01 2.25e-03 -0.547  1.00 | 9.76e-01 6.54e-02 -0.181  1.03 | 1.4e+00 3.2e+00 1.893e+00
#1185   125   1 | 1.06e+00 1.86e-03 -0.653  1.00 | 1.01e+00 1.63e-01 +0.121  0.99 | 1.3e+00 2.8e+00 2.143e+00
#1186  1545   1 | 8.85e-01 3.25e-03 -0.190  1.00 | 1.05e+00 7.66e-02 -0.156  1.03 | 1.3e+00 3.4e+00 1.918e+00
#1187  4621   1 | 9.18e-01 1.53e-02 +0.317  0.99 | 9.98e-01 8.86e-02 +0.249  0.96 | 1.1e+00 4.0e+00 1.794e+00
#1188  1403   1 | 1.14e+00 1.68e-03 +0.126  1.00 | 1.02e+00 1.81e-02 -0.028  1.00 | 1.4e+00 3.5e+00 2.352e+00
#1189  2245   1 | 1.14e+00 3.75e-03 +0.284  1.00 | 9.72e-01 1.26e-01 +0.149  0.98 | 1.3e+00 3.6e+00 2.225e+00
#1190  4973   1 | 7.79e-01 7.13e-03 +0.116  1.00 | 9.52e-01 8.75e-02 +0.424  0.93 | 1.2e+00 4.4e+00 1.449e+00
#1191   729   1 | 8.89e-01 1.67e-03 -0.402  1.00 | 1.06e+00 3.89e-02 -0.041  1.00 | 1.4e+00 2.8e+00 1.921e+00
#1192  1877   1 | 8.63e-01 5.03e-04 -0.888  1.00 | 9.75e-01 1.12e-02 +0.041  1.00 | 1.3e+00 2.9e+00 1.695e+00
#1193  4537   1 | 1.18e+00 2.80e-03 +0.082  1.00 | 9.63e-01 6.94e-02 +0.203  0.98 | 1.2e+00 3.9e+00 2.291e+00
#1194  4080   1 | 1.26e+00 5.18e-03 +0.782  0.99 | 1.05e+00 7.32e-02 +0.432  0.94 | 1.1e+00 3.8e+00 2.629e+00
#1195  3712   1 | 1.43e+00 2.92e-02 +0.243  0.99 | 8.98e-01 1.22e-01 +0.304  0.94 | 1.1e+00 5.1e+00 2.786e+00
#1196  4609   1 | 1.35e+00 3.27e-02 -0.178  1.01 | 1.00e+00 1.74e-01 +0.275  0.93 | 1.3e+00 4.5e+00 2.787e+00
#1197  2964   1 | 1.43e+00 9.64e-03 -0.447  1.01 | 9.64e-01 1.22e-02 +0.055  1.00 | 1.3e+00 3.4e+00 2.982e+00
#1198  2573   1 | 7.86e-01 2.71e-02 -0.416  1.03 | 9.24e-01 4.30e-02 +0.152  0.99 | 1.3e+00 3.4e+00 1.480e+00
#1199  2909   1 | 1.10e+00 4.26e-03 -0.566  1.00 | 9.91e-01 4.41e-02 +0.113  0.99 | 1.2e+00 4.0e+00 2.185e+00
#1200  3444   1 | 1.26e+00 1.87e-02 +0.252  0.99 | 8.73e-01 9.67e-02 +0.062  1.00 | 1.3e+00 3.3e+00 2.345e+00
#1201  3586   1 | 1.43e+00 2.22e-02 -0.189  1.01 | 9.60e-01 3.45e-02 +0.066  1.00 | 1.2e+00 4.3e+00 2.984e+00
#1202  1893   1 | 1.34e+00 1.61e-02 +0.074  1.00 | 9.92e-01 6.59e-02 +0.156  0.98 | 1.3e+00 4.8e+00 2.749e+00
#1203  2165   1 | 6.80e-01 1.09e-02 +0.439  0.99 | 1.03e+00 1.99e-02 +0.005  1.00 | 1.3e+00 4.3e+00 1.517e+00
#1204  3822   1 | 1.12e+00 4.72e-02 +0.270  0.98 | 1.11e+00 2.42e-01 +0.301  0.92 | 1.2e+00 4.4e+00 2.369e+00
#1205  4455   1 | 4.43e-01 1.04e-03 +0.410  1.00 | 9.90e-01 1.33e-02 +0.122  1.00 | 1.2e+00 2.7e+00 1.172e+00
#1206  4449   1 | 7.63e-01 1.99e-02 +0.152  0.99 | 1.01e+00 2.42e-02 +0.176  0.99 | 1.2e+00 4.0e+00 1.584e+00
#1207   712   1 | 1.47e+00 4.04e-03 -0.359  1.00 | 1.02e+00 2.19e-02 -0.073  1.00 | 1.3e+00 3.6e+00 3.214e+00
#1208   665   1 | 7.82e-01 3.64e-03 +0.011  1.00 | 9.97e-01 1.07e-01 -0.004  1.01 | 1.3e+00 4.0e+00 1.617e+00
#1209  1276   1 | 1.00e+00 4.03e-03 -0.325  1.00 | 9.64e-01 8.71e-02 +0.110  0.99 | 1.3e+00 4.7e+00 1.929e+00
#1210  3226   1 | 8.65e-01 3.17e-02 -0.509  1.04 | 9.79e-01 2.14e-02 +0.131  0.99 | 1.4e+00 3.7e+00 1.730e+00
#1211  1306   1 | 1.18e+00 1.08e-03 +0.719  1.00 | 1.24e+00 1.02e-01 -0.029  1.01 | 1.3e+00 3.9e+00 2.959e+00
#1212  1208   1 | 1.29e+00 1.41e-03 +0.153  1.00 | 1.02e+00 4.27e-02 -0.024  1.00 | 1.3e+00 3.1e+00 2.713e+00
#1213  1007   1 | 3.49e-01 2.27e-03 +0.431  0.99 | 9.44e-01 2.56e-02 +0.117  0.99 | 1.3e+00 3.6e+00 1.007e+00
#1214  3866   1 | 9.38e-01 3.75e-02 -0.124  1.01 | 9.99e-01 3.68e-02 +0.087  0.99 | 1.2e+00 4.3e+00 1.882e+00
#1215  1378   1 | 1.09e+00 1.98e-03 -0.355  1.00 | 1.00e+00 6.20e-02 +0.038  1.00 | 1.3e+00 4.0e+00 2.184e+00
#1216  2412   1 | 6.02e-01 6.15e-02 -0.031  1.02 | 1.04e+00 1.00e-01 +0.154  0.98 | 1.5e+00 3.3e+00 1.436e+00
#1217  1922   1 | 1.09e+00 3.48e-02 -0.183  1.01 | 1.06e+00 1.18e-01 +0.029  1.01 | 1.4e+00 3.4e+00 2.342e+00
#1218   159   1 | 7.52e-01 2.85e-03 +0.318  1.00 | 9.85e-01 3.30e-02 -0.005  1.00 | 1.2e+00 3.6e+00 1.536e+00
#1219  2755   1 | 9.89e-01 5.45e-03 -0.010  1.00 | 1.02e+00 3.32e-02 +0.080  1.00 | 1.1e+00 2.9e+00 2.005e+00
#1220  2435   1 | 1.26e+00 5.54e-02 +0.421  0.96 | 1.05e+00 9.66e-02 +0.213  0.97 | 1.4e+00 3.6e+00 2.597e+00
#1221  4498   1 | 5.51e-01 3.49e-02 -0.848  1.11 | 1.04e+00 4.06e-02 +0.244  0.98 | 1.3e+00 3.3e+00 1.397e+00
#1222  1668   1 | 1.05e+00 1.76e-03 +0.451  1.00 | 9.81e-01 3.30e-02 +0.076  1.00 | 1.3e+00 2.9e+00 2.056e+00
#1223  2346   1 | 1.19e+00 9.69e-03 -0.244  1.00 | 9.89e-01 4.06e-03 +0.034  1.00 | 1.3e+00 3.4e+00 2.390e+00
#1224  1320   1 | 6.92e-01 3.85e-03 -0.435  1.00 | 1.11e+00 6.36e-02 +0.037  1.00 | 1.3e+00 4.1e+00 1.706e+00
#1225  2842   1 | 1.18e+00 1.20e-03 -0.012  1.00 | 9.37e-01 3.50e-02 -0.022  1.00 | 1.0e+00 3.5e+00 2.264e+00
#1226  2349   1 | 7.03e-01 9.41e-03 -0.153  1.00 | 9.73e-01 4.71e-02 +0.028  1.00 | 1.4e+00 4.2e+00 1.443e+00
#1227  2798   1 | 1.45e+00 1.85e-02 +0.147  1.00 | 1.01e+00 4.47e-03 +0.085  1.00 | 1.2e+00 3.5e+00 3.106e+00
#1228  4931   1 | 7.51e-01 5.68e-02 -0.495  1.08 | 1.02e+00 6.46e-02 +0.394  0.95 | 1.3e+00 4.6e+00 1.595e+00
#1229  2788   1 | 1.63e-01 2.63e-02 -0.725  1.26 | 9.47e-01 6.45e-02 +0.133  0.99 | 1.3e+00 4.2e+00 9.172e-01
#1230  1151   1 | 8.63e-01 6.32e-03 +0.212  1.00 | 1.03e+00 3.67e-02 -0.015  1.00 | 1.3e+00 3.9e+00 1.814e+00
#1231  4280   1 | 9.16e-01 5.43e-02 -0.372  1.05 | 9.62e-01 7.82e-02 +0.284  0.96 | 1.2e+00 4.0e+00 1.767e+00
#1232  4298   1 | 9.50e-01 1.32e-02 -0.451  1.01 | 9.64e-01 5.72e-02 +0.174  0.98 | 1.2e+00 4.3e+00 1.828e+00
#1233  4810   1 | 1.05e+00 5.90e-03 +0.197  1.00 | 9.96e-01 2.52e-02 +0.184  0.99 | 1.1e+00 4.5e+00 2.077e+00
#1234  1517   1 | 5.13e-01 1.96e-03 +0.006  1.00 | 9.71e-01 4.80e-02 +0.052  1.00 | 1.3e+00 2.5e+00 1.204e+00
#1235  2391   1 | 1.16e+00 1.10e-02 -0.083  1.00 | 1.01e+00 4.25e-03 +0.067  1.00 | 1.3e+00 3.0e+00 2.366e+00
#1236  2026   1 | 1.17e+00 2.40e-03 +0.666  1.00 | 1.04e+00 6.73e-02 -0.029  1.01 | 1.0e+00 4.0e+00 2.443e+00
#1237   945   1 | 5.19e-01 1.67e-03 -0.100  1.00 | 9.79e-01 9.07e-02 +0.198  0.97 | 1.3e+00 3.2e+00 1.201e+00
#1238  2539   1 | 1.22e+00 7.39e-03 +0.039  1.00 | 9.69e-01 3.01e-02 +0.032  1.00 | 1.2e+00 3.3e+00 2.425e+00
#1239  2928   1 | 8.84e-01 1.24e-02 -0.081  1.00 | 9.80e-01 7.53e-02 +0.262  0.97 | 1.3e+00 3.7e+00 1.711e+00
#1240  1463   1 | 3.91e-01 2.01e-03 +0.306  1.00 | 9.81e-01 6.36e-02 +0.053  1.00 | 1.4e+00 3.6e+00 1.112e+00
#1241  4799   1 | 1.13e+00 8.09e-04 -0.162  1.00 | 9.89e-01 5.31e-02 +0.040  1.00 | 1.1e+00 3.8e+00 2.245e+00
#1242  2413   1 | 8.37e-01 1.04e-02 -0.566  1.01 | 1.03e+00 1.43e-02 -0.007  1.00 | 1.3e+00 3.1e+00 1.762e+00
#1243  2965   1 | 1.41e+00 7.54e-03 +0.077  1.00 | 1.02e+00 9.62e-03 +0.051  1.00 | 1.2e+00 3.6e+00 3.033e+00
#1244  2443   1 | 9.30e-01 9.84e-03 -0.563  1.01 | 9.39e-01 1.96e-01 +0.144  0.98 | 1.3e+00 3.9e+00 1.742e+00
#1245  3157   1 | 8.68e-01 8.05e-03 -0.469  1.01 | 9.89e-01 3.43e-02 +0.060  1.00 | 1.2e+00 2.8e+00 1.736e+00
#1246  1120   1 | 1.59e+00 3.44e-03 -0.520  1.00 | 8.86e-01 1.36e-01 +0.060  1.00 | 1.3e+00 3.0e+00 3.322e+00
#1247  1888   1 | 1.20e+00 1.61e-03 -0.547  1.00 | 9.77e-01 4.63e-02 +0.053  1.00 | 1.3e+00 3.4e+00 2.397e+00
#1248  4630   1 | 1.14e+00 9.70e-03 -0.059  1.00 | 1.04e+00 7.32e-02 +0.259  0.97 | 1.1e+00 3.3e+00 2.363e+00
#1249  3407   1 | 6.78e-01 4.16e-03 -0.023  1.00 | 9.28e-01 5.11e-02 +0.061  1.00 | 1.1e+00 3.7e+00 1.319e+00
#1250  4712   1 | 4.95e-01 9.34e-03 +0.729  0.97 | 1.03e+00 7.77e-02 +0.134  0.99 | 1.1e+00 3.7e+00 1.278e+00
#1251   971   1 | 9.79e-01 1.47e-03 -0.679  1.00 | 1.05e+00 3.54e-02 +0.059  1.00 | 1.4e+00 3.6e+00 2.056e+00
#1252  3474   1 | 1.09e+00 1.49e-03 -0.122  1.00 | 1.01e+00 5.75e-03 +0.075  1.00 | 1.2e+00 2.9e+00 2.213e+00
#1253  2781   1 | 5.67e-01 1.06e-02 +0.510  0.98 | 9.61e-01 8.41e-02 +0.031  1.00 | 1.2e+00 3.8e+00 1.242e+00
#1254  1055   1 | 1.20e+00 3.58e-03 -0.117  1.00 | 9.81e-01 4.23e-02 -0.062  1.01 | 1.4e+00 4.1e+00 2.417e+00
#1255  4045   1 | 1.33e+00 6.20e-03 -0.573  1.01 | 1.03e+00 3.39e-02 +0.240  0.99 | 1.2e+00 4.0e+00 2.813e+00
#1256  3789   1 | 1.96e-01 1.85e-03 -0.599  1.01 | 1.14e+00 8.84e-02 +0.336  0.95 | 1.2e+00 3.3e+00 1.274e+00
#1257  4495   1 | 7.89e-01 4.35e-03 -0.608  1.01 | 1.03e+00 1.04e-01 +0.159  0.98 | 1.2e+00 3.8e+00 1.661e+00
#1258  3114   1 | 8.47e-01 1.06e-03 -0.657  1.00 | 1.03e+00 1.20e-02 +0.072  1.00 | 1.2e+00 3.9e+00 1.785e+00
#1259  2881   1 | 7.95e-01 4.91e-03 -0.720  1.01 | 9.76e-01 1.05e-01 +0.061  1.00 | 1.3e+00 4.1e+00 1.589e+00
#1260  4877   1 | 1.10e+00 1.62e-02 -0.466  1.01 | 9.52e-01 5.61e-02 +0.142  0.99 | 1.2e+00 3.6e+00 2.117e+00
#1261  2560   1 | 1.04e+00 3.77e-04 -0.044  1.00 | 9.86e-01 2.16e-02 +0.099  1.00 | 1.2e+00 2.5e+00 2.060e+00
#1262  1178   1 | 1.41e+00 1.14e-03 +0.634  1.00 | 9.69e-01 3.40e-02 +0.043  1.00 | 1.4e+00 3.3e+00 2.911e+00
#1263  4857   1 | 8.03e-01 5.77e-03 -0.214  1.00 | 1.01e+00 1.67e-01 +0.315  0.92 | 1.1e+00 3.9e+00 1.594e+00
#1264  2777   1 | 1.11e+00 6.43e-03 +0.080  1.00 | 1.06e+00 3.18e-02 +0.036  1.00 | 1.4e+00 4.2e+00 2.354e+00
#1265  1122   1 | 1.17e+00 1.22e-03 -0.625  1.00 | 1.05e+00 2.03e-02 +0.064  1.00 | 1.4e+00 4.1e+00 2.470e+00
#1266  2387   1 | 8.77e-01 8.98e-04 +0.215  1.00 | 9.72e-01 4.03e-03 +0.035  1.00 | 1.3e+00 4.4e+00 1.714e+00
#1267  3735   1 | 1.12e+00 8.84e-04 +0.120  1.00 | 1.00e+00 3.40e-02 +0.086  1.00 | 1.4e+00 3.0e+00 2.248e+00
#1268  2039   1 | 1.03e+00 4.70e-04 +0.161  1.00 | 1.03e+00 3.13e-02 +0.015  1.00 | 1.3e+00 3.2e+00 2.118e+00
#1269  4443   1 | 9.46e-01 4.41e-04 -0.119  1.00 | 9.67e-01 2.31e-02 +0.102  1.00 | 1.1e+00 3.7e+00 1.825e+00
#1270  2616   1 | 6.90e-01 7.50e-04 -0.262  1.00 | 9.83e-01 2.58e-02 +0.043  1.00 | 1.2e+00 3.4e+00 1.441e+00
#1271  2760   1 | 6.30e-01 1.90e-03 +0.463  1.00 | 9.93e-01 4.44e-02 +0.095  0.99 | 1.4e+00 4.2e+00 1.375e+00
#1272  1067   1 | 1.07e+00 1.13e-03 -0.108  1.00 | 1.01e+00 2.23e-02 +0.017  1.00 | 1.4e+00 3.6e+00 2.165e+00
#1273  1500   1 | 8.94e-01 2.75e-03 +0.139  1.00 | 1.12e+00 5.61e-02 -0.170  1.02 | 1.4e+00 2.7e+00 2.081e+00
#1274  2073   1 | 4.78e-01 2.52e-03 -0.428  1.00 | 1.03e+00 8.18e-02 -0.116  1.02 | 1.3e+00 3.2e+00 1.319e+00
#1275  4785   1 | 1.22e+00 4.55e-03 -0.116  1.00 | 1.08e+00 1.58e-01 +0.227  0.95 | 1.1e+00 4.0e+00 2.610e+00
#1276   905   1 | 1.40e+00 1.88e-03 -0.237  1.00 | 9.94e-01 5.18e-02 +0.067  1.00 | 1.4e+00 3.2e+00 2.944e+00
#1277     2   1 | 6.42e-01 3.39e-03 +0.106  1.00 | 9.94e-01 5.48e-02 -0.029  1.01 | 1.3e+00 4.3e+00 1.407e+00
#1278   694   1 | 1.03e+00 1.26e-03 -0.116  1.00 | 9.95e-01 2.62e-02 +0.055  1.00 | 1.4e+00 3.7e+00 2.041e+00
#1279  1085   1 | 3.67e-01 1.01e-03 +0.038  1.00 | 1.02e+00 1.14e-02 -0.010  1.00 | 1.4e+00 4.4e+00 1.172e+00
#1280  1698   1 | 1.08e+00 2.33e-03 -0.049  1.00 | 9.97e-01 3.54e-02 +0.181  0.99 | 1.4e+00 4.0e+00 2.141e+00
#1281   831   1 | 6.92e-01 1.73e-03 -0.130  1.00 | 9.08e-01 7.81e-02 -0.002  1.01 | 1.4e+00 3.4e+00 1.310e+00
#1282  3836   1 | 1.17e+00 8.68e-04 -0.233  1.00 | 9.81e-01 4.20e-02 -0.003  1.00 | 1.4e+00 3.3e+00 2.323e+00
#1283  1638   1 | 1.24e+00 1.90e-03 +0.698  1.00 | 9.43e-01 5.77e-02 -0.116  1.02 | 1.4e+00 3.0e+00 2.442e+00
#1284  1734   1 | 9.55e-01 3.26e-03 +0.383  1.00 | 1.06e+00 1.53e-01 +0.149  0.98 | 1.3e+00 4.0e+00 2.001e+00
#1285  3562   1 | 5.60e-01 7.22e-04 +0.170  1.00 | 1.02e+00 1.18e-02 +0.111  1.00 | 1.1e+00 2.9e+00 1.359e+00
#1286   532   1 | 1.06e+00 1.29e-03 -0.158  1.00 | 1.00e+00 3.47e-02 -0.098  1.01 | 1.4e+00 3.3e+00 2.151e+00
#1287   776   1 | 9.58e-01 9.03e-04 +0.724  1.00 | 9.91e-01 8.71e-03 +0.069  1.00 | 1.5e+00 3.5e+00 1.897e+00
#1288  1129   1 | 1.11e+00 1.55e-03 +0.342  1.00 | 9.69e-01 1.82e-02 +0.001  1.00 | 1.4e+00 3.3e+00 2.174e+00
#1289  4770   1 | 9.42e-01 8.86e-03 -0.403  1.01 | 9.75e-01 1.46e-01 +0.210  0.96 | 1.0e+00 3.4e+00 1.807e+00
#1290   619   1 | 1.04e+00 4.37e-03 -0.068  1.00 | 9.60e-01 4.52e-02 -0.015  1.00 | 1.3e+00 4.7e+00 2.017e+00
#1291   612   1 | 7.04e-01 8.11e-04 -0.183  1.00 | 1.00e+00 1.97e-02 -0.039  1.00 | 1.4e+00 3.9e+00 1.504e+00
#1292  4485   1 | 1.03e+00 1.59e-03 +0.321  1.00 | 9.43e-01 2.33e-01 +0.097  1.01 | 1.1e+00 3.6e+00 1.959e+00
#1293  2064   1 | 1.26e+00 1.95e-03 +0.755  1.00 | 9.85e-01 8.66e-02 -0.008  1.01 | 1.4e+00 3.0e+00 2.572e+00
#1294  3082   1 | 1.42e+00 1.10e-03 -0.798  1.00 | 9.95e-01 1.99e-02 -0.034  1.00 | 1.2e+00 4.3e+00 3.013e+00
#1295   655   1 | 1.02e+00 3.11e-03 +0.894  0.99 | 1.14e+00 5.19e-02 +0.391  0.97 | 1.4e+00 4.3e+00 2.289e+00
#1296  2607   1 | 8.46e-01 1.17e-03 +0.394  1.00 | 9.88e-01 7.47e-02 +0.236  0.97 | 1.3e+00 3.8e+00 1.662e+00
#1297  3115   1 | 4.76e-01 1.27e-03 -0.535  1.00 | 9.57e-01 2.40e-02 -0.002  1.00 | 1.3e+00 4.0e+00 1.144e+00
#1298    16   1 | 1.02e+00 2.61e-03 -0.743  1.00 | 1.12e+00 4.98e-02 -0.115  1.01 | 1.4e+00 3.3e+00 2.327e+00
#1299   510   1 | 1.33e+00 1.76e-03 +0.678  1.00 | 1.01e+00 4.72e-02 +0.030  1.00 | 1.3e+00 3.0e+00 2.784e+00
#1300    54   1 | 1.23e+00 1.67e-03 +0.619  1.00 | 9.88e-01 6.57e-02 -0.114  1.02 | 1.2e+00 2.8e+00 2.512e+00
#1301  4253   1 | 8.87e-01 6.10e-04 -0.587  1.00 | 9.93e-01 9.62e-02 +0.225  0.97 | 1.2e+00 3.2e+00 1.739e+00
#1302  1577   1 | 1.23e+00 9.75e-04 -0.100  1.00 | 9.89e-01 3.75e-02 -0.015  1.00 | 1.3e+00 4.0e+00 2.491e+00
#1303  3037   1 | 8.81e-01 2.11e-03 +0.691  1.00 | 1.01e+00 2.12e-02 +0.065  1.00 | 1.4e+00 3.8e+00 1.782e+00
#1304  4627   1 | 9.30e-01 5.77e-04 +0.465  1.00 | 9.99e-01 7.81e-02 +0.176  0.98 | 9.9e-01 3.6e+00 1.841e+00
#1305   874   1 | 6.61e-01 8.26e-04 -0.298  1.00 | 1.00e+00 2.13e-02 +0.047  1.00 | 1.5e+00 3.2e+00 1.439e+00
#1306  4596   1 | 1.34e+00 6.89e-04 +0.141  1.00 | 1.05e+00 1.17e-02 +0.220  1.00 | 1.1e+00 3.4e+00 2.895e+00
#1307  4555   1 | 8.56e-01 6.79e-04 +0.211  1.00 | 9.88e-01 5.60e-02 +0.103  0.99 | 1.1e+00 3.5e+00 1.701e+00
#1308  4735   1 | 1.05e+00 1.04e-03 +0.095  1.00 | 9.70e-01 2.75e-02 +0.063  1.00 | 1.1e+00 4.3e+00 2.040e+00
#1309  3764   1 | 7.38e-01 9.87e-04 +0.551  1.00 | 9.43e-01 1.27e-02 +0.058  1.00 | 1.4e+00 3.4e+00 1.432e+00
#1310   335   1 | 7.06e-01 1.29e-03 +0.580  1.00 | 9.91e-01 1.27e-02 +0.056  1.00 | 1.3e+00 3.7e+00 1.479e+00
#1311  1076   1 | 6.90e-01 1.32e-03 -0.090  1.00 | 9.37e-01 2.19e-01 +0.297  0.92 | 1.4e+00 3.5e+00 1.281e+00
#1312  4394   1 | 5.80e-01 1.09e-03 -0.492  1.00 | 9.70e-01 1.28e-02 +0.110  1.00 | 1.2e+00 4.2e+00 1.276e+00
#1313  2057   1 | 8.11e-01 1.69e-03 +0.211  1.00 | 1.00e+00 7.27e-02 -0.065  1.01 | 1.2e+00 4.3e+00 1.673e+00
#1314  3151   1 | 1.35e+00 2.07e-03 +0.783  1.00 | 8.00e-01 8.51e-02 +0.215  0.97 | 1.3e+00 3.2e+00 2.440e+00
#1315  3901   1 | 1.29e+00 9.06e-04 +0.268  1.00 | 1.01e+00 5.97e-02 +0.099  0.99 | 1.3e+00 3.2e+00 2.672e+00
#1316  4750   1 | 1.15e+00 1.51e-03 -0.078  1.00 | 1.10e+00 8.79e-02 +0.359  0.95 | 1.1e+00 3.2e+00 2.461e+00
#1317    29   1 | 1.07e+00 1.28e-03 +0.002  1.00 | 1.10e+00 6.77e-02 +0.037  1.00 | 1.3e+00 2.5e+00 2.357e+00
#1318    52   1 | 1.18e+00 1.22e-03 -0.033  1.00 | 1.04e+00 2.82e-02 +0.004  1.00 | 1.1e+00 4.5e+00 2.475e+00
#1319  3389   1 | 1.01e+00 8.21e-04 +0.187  1.00 | 9.95e-01 8.79e-03 +0.036  1.00 | 1.2e+00 3.1e+00 2.003e+00
#1320  3596   1 | 1.16e+00 2.10e-03 +0.627  1.00 | 9.22e-01 7.90e-03 +0.086  1.00 | 1.3e+00 4.2e+00 2.182e+00
#1321  4937   1 | 1.23e+00 1.89e-03 -0.398  1.00 | 1.01e+00 1.21e-01 +0.117  0.99 | 1.0e+00 3.7e+00 2.514e+00
#1322  1121   1 | 7.38e-01 2.25e-03 +0.424  1.00 | 9.49e-01 5.52e-02 -0.092  1.01 | 1.4e+00 3.8e+00 1.457e+00
#1323  4302   1 | 7.37e-01 1.97e-03 +0.256  1.00 | 1.00e+00 3.85e-02 +0.276  0.98 | 1.4e+00 3.7e+00 1.526e+00
#1324  2346   1 | 6.81e-01 1.28e-03 -0.178  1.00 | 9.38e-01 4.03e-02 +0.039  1.00 | 1.4e+00 4.1e+00 1.343e+00
#1325  3578   1 | 1.10e+00 1.24e-03 -0.129  1.00 | 1.02e+00 5.56e-03 +0.140  1.00 | 1.1e+00 4.0e+00 2.248e+00
#1326  4051   1 | 1.12e+00 6.88e-04 -0.839  1.00 | 1.03e+00 2.82e-02 +0.050  1.00 | 1.2e+00 3.4e+00 2.303e+00
#1327  2598   1 | 6.68e-01 2.61e-03 +0.290  1.00 | 1.00e+00 6.88e-02 +0.073  0.99 | 1.2e+00 3.1e+00 1.447e+00
#1328   120   1 | 1.04e+00 1.49e-03 -0.296  1.00 | 9.93e-01 1.35e-02 +0.045  1.00 | 1.3e+00 3.8e+00 2.061e+00
#1329   326   1 | 1.10e+00 3.43e-03 -0.019  1.00 | 1.01e+00 4.39e-02 +0.151  0.99 | 1.3e+00 3.9e+00 2.209e+00
#1330  1029   1 | 9.98e-01 6.77e-04 -0.095  1.00 | 9.99e-01 8.57e-03 +0.084  1.00 | 1.4e+00 3.8e+00 1.993e+00
#1331  1804   1 | 1.45e+00 3.01e-03 -0.480  1.00 | 1.02e+00 6.33e-02 +0.088  0.99 | 1.4e+00 3.8e+00 3.135e+00
#1332  3921   1 | 8.11e-01 1.50e-03 -0.818  1.00 | 9.91e-01 4.74e-02 +0.225  0.98 | 1.4e+00 3.0e+00 1.623e+00
#1333  1232   1 | 9.30e-01 2.08e-03 +0.525  1.00 | 9.84e-01 8.92e-02 +0.089  0.99 | 1.5e+00 3.1e+00 1.823e+00
#1334  3002   1 | 1.03e+00 2.51e-03 -0.156  1.00 | 9.07e-01 4.02e-02 +0.112  0.99 | 1.4e+00 2.7e+00 1.877e+00
#1335  4246   1 | 1.25e+00 1.05e-03 +0.279  1.00 | 1.04e+00 4.28e-02 +0.087  0.99 | 1.4e+00 2.5e+00 2.629e+00
#1336  3525   1 | 7.82e-01 2.47e-03 +0.585  1.00 | 1.10e+00 3.93e-02 +0.174  0.99 | 1.2e+00 3.8e+00 1.809e+00
#1337  2894   1 | 9.59e-01 3.06e-03 -0.383  1.00 | 1.05e+00 6.40e-02 +0.122  0.99 | 1.4e+00 4.1e+00 2.017e+00
#1338  1669   1 | 1.51e+00 1.74e-03 +0.403  1.00 | 1.09e+00 6.19e-02 +0.005  1.00 | 1.4e+00 3.5e+00 3.455e+00
#1339  1127   1 | 1.39e+00 1.16e-03 -0.264  1.00 | 9.61e-01 2.77e-02 -0.039  1.00 | 1.4e+00 3.2e+00 2.868e+00
#1340  2958   1 | 1.08e+00 8.33e-04 +0.688  1.00 | 1.00e+00 1.11e-02 +0.056  1.00 | 1.4e+00 3.6e+00 2.176e+00
#1341  3029   1 | 1.41e+00 1.88e-03 +0.425  1.00 | 1.02e+00 3.72e-02 +0.050  1.00 | 1.4e+00 3.5e+00 3.007e+00
#1342  4300   1 | 6.85e-01 1.59e-03 -0.588  1.00 | 1.02e+00 2.09e-02 -0.018  1.00 | 1.4e+00 3.7e+00 1.512e+00
#1343   929   1 | 1.05e+00 1.43e-03 +0.109  1.00 | 1.01e+00 3.30e-02 +0.008  1.00 | 1.4e+00 3.8e+00 2.119e+00
#1344  1161   1 | 1.20e+00 1.48e-03 -0.340  1.00 | 9.89e-01 5.25e-02 -0.063  1.01 | 1.4e+00 2.9e+00 2.426e+00
#1345  3769   1 | 8.13e-01 8.21e-04 +0.029  1.00 | 9.98e-01 2.45e-02 +0.080  1.00 | 1.5e+00 3.5e+00 1.654e+00
#1346  2350   1 | 7.04e-01 2.03e-03 -0.516  1.00 | 1.00e+00 9.47e-02 +0.227  0.97 | 1.4e+00 3.3e+00 1.467e+00
#1347   790   1 | 7.24e-01 9.88e-04 +0.687  1.00 | 1.03e+00 5.57e-02 +0.079  0.99 | 1.5e+00 4.1e+00 1.573e+00
#1348   584   1 | 1.05e+00 1.25e-03 -0.232  1.00 | 1.03e+00 8.68e-03 -0.022  1.00 | 1.4e+00 4.1e+00 2.156e+00
#1349  1291   1 | 7.30e-01 8.13e-04 +0.394  1.00 | 1.00e+00 1.61e-02 +0.015  1.00 | 1.5e+00 3.4e+00 1.540e+00
#1350  3919   1 | 1.31e+00 1.24e-03 +0.566  1.00 | 1.01e+00 1.13e-02 +0.092  1.00 | 1.4e+00 3.7e+00 2.750e+00
#1351   973   1 | 9.76e-01 2.05e-03 +0.208  1.00 | 1.02e+00 2.60e-02 +0.018  1.00 | 1.5e+00 4.7e+00 1.992e+00
#1352   789   1 | 1.34e+00 8.63e-04 -0.180  1.00 | 9.73e-01 5.55e-02 +0.078  0.99 | 1.5e+00 4.1e+00 2.727e+00
#1353   405   1 | 1.85e+00 2.65e-03 +0.273  1.00 | 9.36e-01 1.00e-01 +0.208  0.97 | 1.4e+00 3.4e+00 4.276e+00
#1354  1965   1 | 6.84e-01 2.37e-03 -0.609  1.00 | 1.06e+00 5.32e-02 -0.005  1.00 | 1.4e+00 3.5e+00 1.591e+00
#1355  4275   1 | 1.08e+00 3.26e-03 +0.425  1.00 | 9.82e-01 1.34e-01 +0.244  0.95 | 1.5e+00 4.8e+00 2.082e+00
#1356  2813   1 | 1.02e+00 8.88e-04 -0.470  1.00 | 1.00e+00 1.52e-02 +0.002  1.00 | 1.4e+00 4.1e+00 2.041e+00
#1357  2739   1 | 1.38e+00 1.41e-03 -0.622  1.00 | 9.61e-01 2.28e-02 -0.043  1.00 | 1.4e+00 3.9e+00 2.830e+00
#1358  2242   1 | 1.22e+00 5.84e-04 +0.664  1.00 | 9.78e-01 3.44e-02 +0.029  1.00 | 1.5e+00 2.7e+00 2.441e+00
#1359   213   1 | 5.78e-01 1.69e-03 +0.246  1.00 | 1.06e+00 3.79e-02 +0.061  1.00 | 1.4e+00 4.2e+00 1.451e+00
#1360  1467   1 | 9.54e-01 6.95e-04 -0.390  1.00 | 1.04e+00 2.21e-02 +0.013  1.00 | 1.5e+00 2.9e+00 1.997e+00
#1361  3172   1 | 8.00e-01 6.35e-04 +0.352  1.00 | 9.47e-01 1.05e-02 +0.063  1.00 | 1.4e+00 3.3e+00 1.534e+00
#1362  4508   1 | 1.12e+00 9.30e-04 -0.283  1.00 | 9.82e-01 1.78e-02 +0.041  1.00 | 1.5e+00 4.5e+00 2.221e+00
#1363  2618   1 | 7.94e-01 2.31e-03 -0.018  1.00 | 1.00e+00 6.92e-02 +0.002  1.00 | 1.4e+00 3.5e+00 1.644e+00
#1364  1727   1 | 1.00e+00 2.85e-03 +0.285  1.00 | 1.03e+00 5.49e-02 +0.142  0.99 | 1.4e+00 3.9e+00 2.059e+00
#1365  2767   1 | 1.40e+00 1.33e-03 -0.357  1.00 | 9.87e-01 6.18e-02 +0.043  1.00 | 1.4e+00 3.8e+00 2.928e+00
#1366  2056   1 | 3.63e-01 2.33e-03 +0.572  0.99 | 1.08e+00 1.73e-01 +0.111  0.99 | 1.3e+00 3.9e+00 1.285e+00
#1367   116   1 | 1.00e+00 2.51e-03 -0.737  1.00 | 1.06e+00 9.12e-02 +0.028  1.00 | 1.2e+00 3.7e+00 2.139e+00
#1368  4223   1 | 1.31e+00 1.73e-03 +0.559  1.00 | 1.01e+00 2.94e-02 +0.227  0.99 | 1.4e+00 3.7e+00 2.729e+00
#1369  1927   1 | 1.07e+00 2.49e-03 +0.282  1.00 | 9.26e-01 8.44e-02 +0.194  0.97 | 1.4e+00 3.6e+00 1.987e+00
#1370  1742   1 | 1.02e+00 1.22e-03 +0.463  1.00 | 9.51e-01 3.68e-02 +0.044  1.00 | 1.4e+00 3.8e+00 1.932e+00
#1371  1497   1 | 9.85e-01 2.56e-03 -0.726  1.00 | 1.06e+00 1.02e-01 -0.037  1.02 | 1.5e+00 3.6e+00 2.112e+00
#1372  4274   1 | 1.08e+00 4.34e-04 +0.059  1.00 | 1.00e+00 1.97e-02 +0.120  1.00 | 1.4e+00 4.0e+00 2.161e+00
#1373  4555   1 | 1.33e+00 1.65e-03 -0.028  1.00 | 1.06e+00 1.01e-01 +0.216  0.97 | 1.3e+00 4.1e+00 2.850e+00
#1374   503   1 | 8.89e-01 1.21e-03 +0.371  1.00 | 1.03e+00 4.32e-02 +0.036  1.00 | 1.3e+00 4.1e+00 1.854e+00
#1375  4255   1 | 1.26e+00 2.67e-03 +0.561  1.00 | 9.83e-01 6.93e-02 +0.376  0.95 | 1.3e+00 3.5e+00 2.505e+00
#1376   426   1 | 8.32e-01 3.79e-03 -0.114  1.00 | 9.65e-01 4.28e-02 -0.145  1.01 | 1.4e+00 4.5e+00 1.637e+00
#1377  3432   1 | 1.01e+00 2.49e-03 +0.304  1.00 | 1.10e+00 1.56e-01 +0.224  0.96 | 1.1e+00 4.1e+00 2.158e+00
#1378   839   1 | 9.50e-01 5.01e-04 +0.677  1.00 | 9.75e-01 2.01e-02 +0.034  1.00 | 1.5e+00 2.6e+00 1.851e+00
#1379  1558   1 | 1.02e+00 3.25e-03 +0.739  1.00 | 9.24e-01 4.59e-02 +0.060  1.00 | 1.4e+00 5.0e+00 1.891e+00
#1380   590   1 | 6.23e-01 3.72e-03 -0.837  1.01 | 1.03e+00 1.21e-01 +0.051  1.00 | 1.3e+00 3.9e+00 1.453e+00
#1381   232   1 | 5.53e-01 6.77e-04 +0.018  1.00 | 1.00e+00 2.33e-02 -0.004  1.00 | 1.4e+00 3.8e+00 1.306e+00
#1382  4674   1 | 9.33e-01 1.13e-03 +0.098  1.00 | 9.52e-01 4.28e-01 +0.101  1.11 | 1.1e+00 4.5e+00 1.878e+00
#1383  2499   1 | 8.60e-01 1.34e-03 -0.693  1.00 | 1.01e+00 3.19e-02 -0.025  1.00 | 1.4e+00 3.6e+00 1.755e+00
#1384   735   1 | 9.97e-01 2.72e-03 +0.187  1.00 | 9.16e-01 4.89e-02 +0.022  1.00 | 1.4e+00 4.0e+00 1.832e+00
#1385   597   1 | 7.04e-01 2.77e-03 -0.638  1.01 | 9.45e-01 3.05e-02 +0.005  1.00 | 1.4e+00 3.9e+00 1.391e+00
#1386  3841   1 | 1.55e+00 1.34e-03 +0.066  1.00 | 9.97e-01 1.67e-02 +0.049  1.00 | 1.2e+00 3.4e+00 3.394e+00
#1387  1513   1 | 1.12e+00 1.26e-03 +0.413  1.00 | 1.06e+00 2.92e-02 +0.103  1.00 | 1.5e+00 3.1e+00 2.389e+00
#1388  3409   1 | 1.25e+00 1.11e-02 +0.668  0.99 | 1.11e+00 1.84e-01 +0.059  1.01 | 1.0e+00 3.8e+00 2.786e+00
#1389  4737   1 | 1.05e+00 2.71e-03 -0.119  1.00 | 9.84e-01 8.26e-03 +0.096  1.00 | 1.1e+00 4.2e+00 2.069e+00
#1390   170   1 | 1.23e+00 3.53e-03 +0.260  1.00 | 9.72e-01 1.02e-01 -0.138  1.04 | 1.3e+00 3.6e+00 2.492e+00
#1391    89   1 | 1.23e+00 2.08e-03 -0.441  1.00 | 9.77e-01 2.14e-02 -0.001  1.00 | 1.3e+00 4.9e+00 2.463e+00
#1392  3017   1 | 1.17e+00 8.92e-04 -0.201  1.00 | 1.04e+00 6.26e-02 +0.139  0.99 | 1.3e+00 3.7e+00 2.428e+00
#1393   459   1 | 1.01e+00 1.85e-03 +0.243  1.00 | 1.05e+00 5.88e-02 -0.033  1.01 | 1.3e+00 3.6e+00 2.122e+00
#1394  1961   1 | 1.32e+00 3.86e-04 -0.780  1.00 | 9.94e-01 1.94e-02 +0.009  1.00 | 1.3e+00 4.0e+00 2.725e+00
#1395  4039   1 | 9.40e-01 4.01e-03 +0.337  1.00 | 9.52e-01 4.61e-02 +0.169  0.99 | 1.4e+00 4.5e+00 1.774e+00
#1396  3446   1 | 1.15e+00 1.35e-03 -0.121  1.00 | 9.02e-01 5.23e-02 +0.117  0.99 | 1.2e+00 4.4e+00 2.120e+00
#1397  1296   1 | 5.97e-01 1.90e-03 -0.174  1.00 | 1.08e+00 5.84e-02 +0.002  1.00 | 1.4e+00 3.3e+00 1.535e+00
#1398   984   1 | 1.29e+00 2.15e-03 -0.335  1.00 | 9.67e-01 9.40e-03 +0.063  1.00 | 1.4e+00 4.2e+00 2.601e+00
#1399  2078   1 | 8.58e-01 1.96e-03 +0.030  1.00 | 1.05e+00 6.74e-02 +0.049  1.00 | 1.3e+00 3.2e+00 1.839e+00
#1400  2789   1 | 1.10e+00 9.01e-04 +0.114  1.00 | 1.00e+00 2.12e-02 +0.114  1.00 | 1.3e+00 4.3e+00 2.221e+00
#1401  2427   1 | 7.48e-01 2.75e-03 +0.018  1.00 | 9.17e-01 7.63e-02 +0.189  0.98 | 1.2e+00 2.8e+00 1.379e+00
#1402  3479   1 | 1.02e+00 3.19e-03 +0.653  1.00 | 9.77e-01 4.37e-02 +0.146  0.99 | 1.3e+00 4.0e+00 1.975e+00
#1403  4982   1 | 1.39e+00 2.60e-03 -0.541  1.00 | 8.95e-01 1.04e-01 +0.257  0.95 | 1.4e+00 3.5e+00 2.697e+00
#1404  1188   1 | 1.33e+00 6.21e-03 +0.244  1.00 | 9.96e-01 9.47e-02 -0.160  1.04 | 1.4e+00 4.9e+00 2.809e+00
#1405   147   1 | 1.23e+00 2.97e-03 -0.344  1.00 | 9.89e-01 2.32e-01 +0.155  0.98 | 1.2e+00 4.9e+00 2.485e+00
#1406  3990   1 | 6.28e-01 7.17e-04 +0.524  1.00 | 1.04e+00 5.24e-02 +0.046  1.00 | 1.1e+00 3.4e+00 1.478e+00
#1407   268   1 | 1.09e+00 9.57e-04 -0.590  1.00 | 8.64e-01 1.48e-01 +0.105  0.99 | 1.4e+00 3.3e+00 1.927e+00
#1408  2222   1 | 7.10e-01 6.32e-04 +0.686  1.00 | 1.01e+00 1.13e-02 +0.019  1.00 | 1.4e+00 3.8e+00 1.515e+00
#1409  4659   1 | 1.51e+00 2.63e-03 -0.231  1.00 | 9.87e-01 9.71e-02 +0.233  0.96 | 1.3e+00 4.1e+00 3.231e+00
#1410   601   1 | 1.22e+00 2.29e-03 +0.804  1.00 | 9.76e-01 5.94e-02 +0.018  1.00 | 1.4e+00 2.8e+00 2.447e+00
#1411  2534   1 | 9.11e-01 1.34e-03 -0.023  1.00 | 1.00e+00 2.67e-02 +0.009  1.00 | 1.4e+00 4.9e+00 1.837e+00
#1412  2007   1 | 4.46e-01 2.90e-03 -0.266  1.00 | 1.03e+00 1.26e-01 +0.109  0.99 | 1.4e+00 3.7e+00 1.258e+00
#1413  1597   1 | 1.56e+00 6.02e-03 +0.542  1.00 | 1.08e+00 7.29e-02 +0.192  0.98 | 1.4e+00 4.3e+00 3.572e+00
#1414  3186   1 | 8.78e-01 1.48e-03 -0.265  1.00 | 9.79e-01 5.29e-02 +0.122  0.99 | 1.2e+00 3.4e+00 1.719e+00
#1415  1870   1 | 1.02e+00 4.25e-03 +0.603  0.99 | 1.04e+00 2.51e-02 +0.007  1.00 | 1.5e+00 2.7e+00 2.117e+00
#1416   641   1 | 4.05e-01 2.49e-03 +0.440  0.99 | 9.99e-01 7.22e-02 -0.022  1.01 | 1.4e+00 3.9e+00 1.169e+00
#1417   378   1 | 5.71e-01 6.08e-03 +0.410  0.99 | 1.00e+00 4.45e-02 -0.046  1.01 | 1.4e+00 4.5e+00 1.330e+00
#1418   984   1 | 1.07e+00 3.38e-03 +0.074  1.00 | 9.98e-01 2.69e-02 +0.006  1.00 | 1.4e+00 4.3e+00 2.144e+00
#1419   342   1 | 5.85e-01 3.88e-03 -0.231  1.00 | 9.17e-01 7.42e-02 -0.118  1.03 | 1.2e+00 4.0e+00 1.206e+00
#1420  1532   1 | 1.25e+00 4.36e-03 +0.501  1.00 | 9.99e-01 3.68e-02 +0.006  1.00 | 1.6e+00 3.9e+00 2.548e+00
#1421  3782   1 | 1.07e+00 7.67e-03 -0.609  1.01 | 1.01e+00 3.83e-02 +0.095  0.99 | 1.3e+00 4.0e+00 2.178e+00
#1422   627   1 | 6.97e-01 1.33e-02 +0.138  1.00 | 9.95e-01 3.69e-02 +0.015  1.00 | 1.4e+00 4.0e+00 1.475e+00
#1423   301   1 | 1.36e+00 3.63e-03 -0.205  1.00 | 9.54e-01 1.49e-01 +0.049  1.01 | 1.2e+00 3.9e+00 2.770e+00
#1424  2789   1 | 9.97e-01 2.37e-02 +0.044  1.00 | 1.06e+00 1.63e-01 +0.274  0.94 | 1.4e+00 4.2e+00 2.041e+00
#1425  1173   1 | 4.95e-01 2.39e-02 +0.707  0.93 | 9.84e-01 9.70e-02 +0.055  1.00 | 1.5e+00 3.4e+00 1.196e+00
#1426  4592   1 | 7.15e-01 6.56e-03 +0.287  0.99 | 1.05e+00 7.26e-02 +0.098  0.99 | 1.3e+00 4.4e+00 1.608e+00
#1427  1116   1 | 1.11e+00 8.77e-03 +0.354  0.99 | 9.74e-01 2.87e-02 +0.009  1.00 | 1.6e+00 3.0e+00 2.182e+00
#1428  3020   1 | 1.02e+00 2.36e-02 -0.729  1.03 | 1.02e+00 1.06e-01 +0.241  0.96 | 1.5e+00 4.4e+00 2.070e+00
#1429  2990   1 | 7.78e-01 1.31e-03 +0.159  1.00 | 1.01e+00 3.31e-02 -0.007  1.00 | 1.5e+00 3.6e+00 1.635e+00
#1430  1135   1 | 9.66e-01 2.97e-03 +0.114  1.00 | 9.95e-01 2.49e-02 +0.070  1.00 | 1.4e+00 4.2e+00 1.920e+00
#1431  1770   1 | 1.21e+00 2.34e-03 +0.893  1.00 | 1.01e+00 2.40e-02 +0.082  1.00 | 1.5e+00 4.1e+00 2.463e+00
#1432  1897   1 | 9.56e-01 1.35e-02 +0.298  0.99 | 1.03e+00 3.63e-02 +0.035  1.00 | 1.6e+00 3.1e+00 1.975e+00
#1433  3973   1 | 9.74e-01 6.02e-03 +0.386  1.00 | 9.70e-01 1.14e-01 +0.167  0.97 | 1.4e+00 4.1e+00 1.860e+00
#1434   909   1 | 1.15e+00 5.88e-03 -0.138  1.00 | 1.02e+00 4.86e-02 +0.004  1.00 | 1.6e+00 3.5e+00 2.366e+00
#1435   683   1 | 8.97e-01 1.83e-02 +0.022  1.00 | 1.01e+00 3.26e-02 +0.046  1.00 | 1.6e+00 3.0e+00 1.821e+00
#1436  2866   1 | 1.03e+00 2.57e-03 -0.666  1.00 | 9.99e-01 3.08e-02 -0.014  1.00 | 1.4e+00 2.8e+00 2.074e+00
#1437  2784   1 | 1.00e+00 6.07e-03 -0.405  1.00 | 9.50e-01 5.61e-02 +0.069  1.00 | 1.3e+00 3.2e+00 1.912e+00
#1438    48   1 | 1.04e+00 4.82e-03 +0.823  0.99 | 8.36e-01 2.43e-01 +0.154  1.00 | 1.1e+00 4.7e+00 1.773e+00
#1439  1949   1 | 1.27e+00 3.29e-03 -0.123  1.00 | 1.04e+00 3.37e-02 +0.026  1.00 | 1.4e+00 3.1e+00 2.688e+00
#1440  1012   1 | 9.74e-01 1.54e-02 -0.090  1.00 | 9.39e-01 7.22e-02 -0.030  1.01 | 1.4e+00 3.3e+00 1.842e+00
#1441  3706   1 | 1.07e+00 1.37e-03 -0.179  1.00 | 9.86e-01 4.40e-02 +0.008  1.00 | 1.2e+00 3.9e+00 2.119e+00
#1442  4561   1 | 3.90e-01 1.31e-03 -0.562  1.00 | 1.01e+00 1.13e-01 +0.066  1.00 | 1.3e+00 3.4e+00 1.161e+00
#1443  1963   1 | 7.61e-01 5.51e-03 -0.524  1.01 | 9.88e-01 2.68e-02 -0.011  1.00 | 1.6e+00 2.9e+00 1.560e+00
#1444  4113   1 | 1.19e+00 2.44e-03 -0.124  1.00 | 9.58e-01 9.22e-02 +0.071  1.00 | 1.3e+00 2.7e+00 2.320e+00
#1445  2145   1 | 1.10e+00 5.95e-03 +0.287  1.00 | 9.63e-01 2.72e-02 -0.019  1.00 | 1.6e+00 3.5e+00 2.129e+00
#1446  2478   1 | 8.20e-01 1.67e-02 -0.129  1.01 | 9.82e-01 3.49e-02 +0.037  1.00 | 1.5e+00 4.1e+00 1.641e+00
#1447  2248   1 | 1.16e+00 1.08e-02 -0.220  1.00 | 9.82e-01 3.74e-02 +0.051  1.00 | 1.6e+00 3.1e+00 2.309e+00
#1448  1059   1 | 7.85e-01 2.79e-03 -0.360  1.00 | 1.01e+00 2.36e-02 +0.035  1.00 | 1.6e+00 2.5e+00 1.638e+00
#1449  3654   1 | 8.08e-01 1.36e-03 +0.755  1.00 | 1.03e+00 5.19e-02 +0.091  0.99 | 1.4e+00 3.0e+00 1.700e+00
#1450  4423   1 | 1.49e+00 1.35e-03 -0.551  1.00 | 9.68e-01 3.01e-02 +0.048  1.00 | 1.2e+00 4.1e+00 3.158e+00
#1451   238   1 | 5.58e-01 1.41e-03 +0.760  1.00 | 9.67e-01 4.41e-02 +0.026  1.00 | 1.4e+00 3.8e+00 1.245e+00
#1452  2931   1 | 3.78e-01 1.57e-02 +0.206  0.98 | 9.92e-01 2.04e-02 +0.064  1.00 | 1.7e+00 3.1e+00 1.123e+00
#1453  1371   1 | 1.20e+00 2.35e-03 +0.052  1.00 | 9.63e-01 2.98e-02 -0.043  1.00 | 1.6e+00 3.9e+00 2.374e+00
#1454   505   1 | 3.94e-01 2.38e-02 -0.323  1.04 | 9.92e-01 1.37e-01 +0.046  1.01 | 1.2e+00 3.3e+00 1.153e+00
#1455  4607   1 | 9.78e-01 4.46e-03 -0.444  1.00 | 9.58e-01 1.97e-02 +0.165  0.99 | 1.2e+00 4.1e+00 1.873e+00
#1456  3129   1 | 4.45e-01 3.73e-03 -0.818  1.01 | 9.96e-01 6.49e-02 +0.119  0.99 | 1.1e+00 3.9e+00 1.181e+00
#1457  4150   1 | 7.86e-01 1.91e-02 -0.093  1.01 | 1.03e+00 8.25e-02 +0.302  0.96 | 1.5e+00 4.0e+00 1.642e+00
#1458  1833   1 | 1.44e+00 4.80e-03 -0.097  1.00 | 1.12e+00 6.30e-02 +0.078  0.99 | 1.4e+00 4.1e+00 3.325e+00
#1459  4893   1 | 1.03e+00 2.04e-02 +0.116  1.00 | 1.17e+00 2.12e-01 +0.356  0.90 | 1.2e+00 4.2e+00 2.285e+00
#1460  4731   1 | 1.18e+00 8.60e-03 -0.646  1.01 | 1.05e+00 7.59e-02 +0.328  0.96 | 1.2e+00 3.8e+00 2.477e+00
#1461  3440   1 | 1.16e+00 7.11e-03 -0.402  1.00 | 9.57e-01 3.07e-02 +0.079  1.00 | 1.1e+00 4.8e+00 2.254e+00
#1462  4031   1 | 1.03e+00 3.56e-03 +0.890  0.99 | 1.01e+00 2.63e-02 +0.011  1.00 | 1.5e+00 3.4e+00 2.060e+00
#1463  3577   1 | 9.80e-01 1.78e-03 -0.613  1.00 | 9.78e-01 5.48e-02 +0.133  0.99 | 1.1e+00 3.3e+00 1.908e+00
#1464  4564   1 | 1.01e+00 2.19e-03 -0.244  1.00 | 1.04e+00 3.97e-02 +0.115  0.99 | 1.3e+00 3.3e+00 2.108e+00
#1465  4582   1 | 1.04e+00 9.96e-04 +0.091  1.00 | 9.87e-01 2.58e-02 +0.077  1.00 | 1.4e+00 2.6e+00 2.043e+00
#1466  2854   1 | 6.21e-01 5.62e-03 +0.471  0.99 | 9.95e-01 1.93e-02 +0.045  1.00 | 1.4e+00 4.1e+00 1.372e+00
#1467  2189   1 | 1.06e+00 1.75e-03 +0.150  1.00 | 9.52e-01 1.21e-02 -0.021  1.00 | 1.5e+00 3.4e+00 2.031e+00
#1468  3487   1 | 1.06e+00 5.49e-04 +0.048  1.00 | 9.90e-01 1.66e-02 +0.075  1.00 | 1.3e+00 3.5e+00 2.103e+00
#1469  3297   1 | 7.52e-01 5.76e-03 +0.234  1.00 | 9.52e-01 1.76e-02 +0.006  1.00 | 1.1e+00 3.2e+00 1.470e+00
#1470  1849   1 | 1.50e+00 1.47e-02 +0.188  1.00 | 9.73e-01 8.52e-02 +0.103  0.99 | 1.4e+00 3.5e+00 3.178e+00
#1471   632   1 | 8.98e-01 1.90e-02 +0.504  0.98 | 9.50e-01 4.22e-02 +0.022  1.00 | 1.6e+00 4.0e+00 1.693e+00
#1472   643   1 | 1.03e+00 2.00e-02 -0.385  1.02 | 1.01e+00 8.42e-02 -0.106  1.02 | 1.6e+00 3.0e+00 2.118e+00
#1473  3440   1 | 2.96e-01 3.85e-03 -0.062  1.00 | 9.56e-01 1.78e-01 +0.164  0.97 | 1.2e+00 4.4e+00 9.771e-01
#1474   599   1 | 9.42e-01 8.70e-03 +0.032  1.00 | 1.02e+00 3.56e-02 +0.010  1.00 | 1.5e+00 3.8e+00 1.919e+00
#1475  2825   1 | 8.61e-01 1.06e-02 +0.615  0.98 | 1.06e+00 2.31e-01 +0.195  0.96 | 1.5e+00 3.6e+00 1.815e+00
#1476  1386   1 | 9.54e-01 2.84e-02 +0.096  1.00 | 9.82e-01 3.03e-02 +0.090  1.00 | 1.7e+00 3.0e+00 1.865e+00
#1477  4756   1 | 6.58e-01 4.68e-03 -0.176  1.00 | 1.07e+00 1.59e-01 +0.212  0.96 | 1.1e+00 4.4e+00 1.531e+00
#1478  2760   1 | 8.03e-01 6.04e-03 -0.338  1.01 | 9.98e-01 2.15e-02 +0.071  1.00 | 1.6e+00 3.8e+00 1.640e+00
#1479  2448   1 | 1.14e+00 9.22e-04 +0.077  1.00 | 9.88e-01 3.52e-02 +0.068  1.00 | 1.4e+00 3.5e+00 2.263e+00
#1480  2397   1 | 8.77e-01 1.86e-03 -0.230  1.00 | 9.75e-01 1.33e-02 -0.055  1.00 | 1.3e+00 4.3e+00 1.721e+00
#1481   396   1 | 1.08e+00 1.16e-02 -0.531  1.01 | 9.62e-01 3.98e-02 +0.038  1.00 | 1.6e+00 3.3e+00 2.104e+00
#1482  3383   1 | 2.43e-01 6.15e-03 +0.258  0.99 | 9.54e-01 1.12e-01 +0.215  0.96 | 1.2e+00 4.2e+00 9.354e-01
#1483  4316   1 | 1.07e+00 1.15e-02 +0.056  1.00 | 1.03e+00 1.11e-02 +0.132  1.00 | 1.5e+00 4.0e+00 2.205e+00
#1484   542   1 | 5.69e-01 2.56e-02 -0.082  1.01 | 9.77e-01 7.27e-02 -0.026  1.01 | 1.5e+00 3.8e+00 1.290e+00
#1485  3158   1 | 9.41e-01 6.65e-03 -0.735  1.01 | 9.40e-01 3.34e-02 +0.023  1.00 | 1.2e+00 4.2e+00 1.778e+00
#1486  1303   1 | 9.48e-01 1.32e-02 +0.436  0.99 | 1.15e+00 8.25e-02 +0.055  1.00 | 1.7e+00 3.6e+00 2.195e+00
#1487  4141   1 | 1.00e+00 4.79e-03 +0.179  1.00 | 9.93e-01 2.04e-02 +0.060  1.00 | 1.6e+00 3.5e+00 1.982e+00
#1488  2074   1 | 9.71e-01 7.06e-03 +0.623  0.99 | 9.85e-01 3.93e-02 +0.023  1.00 | 1.5e+00 3.8e+00 1.905e+00
#1489  3219   1 | 7.72e-01 1.11e-02 +0.167  1.00 | 1.20e+00 1.27e-01 +0.074  1.00 | 1.3e+00 2.8e+00 2.019e+00
#1490  3936   1 | 7.48e-01 1.11e-03 +0.199  1.00 | 1.01e+00 2.11e-02 +0.069  1.00 | 1.2e+00 4.1e+00 1.577e+00
#1491  4610   1 | 6.93e-01 1.07e-02 -0.476  1.01 | 1.00e+00 1.59e-02 +0.116  1.00 | 1.2e+00 3.2e+00 1.493e+00
#1492  3980   1 | 9.81e-01 1.77e-03 +0.084  1.00 | 1.00e+00 5.30e-02 +0.136  0.99 | 1.2e+00 4.6e+00 1.958e+00
#1493  2444   1 | 1.06e+00 6.68e-03 -0.550  1.01 | 9.97e-01 2.64e-02 -0.032  1.00 | 1.3e+00 3.6e+00 2.127e+00
#1494  3702   1 | 1.27e+00 1.11e-02 +0.533  0.99 | 8.59e-01 7.04e-02 +0.041  1.00 | 1.5e+00 3.0e+00 2.329e+00
#1495  3094   1 | 1.36e+00 1.19e-02 -0.001  1.00 | 9.91e-01 3.35e-02 +0.129  0.99 | 1.3e+00 3.7e+00 2.829e+00
#1496   585   1 | 2.50e-01 3.10e-02 -0.834  1.22 | 9.82e-01 4.86e-02 -0.003  1.00 | 1.5e+00 4.0e+00 1.042e+00
#1497  2241   1 | 1.30e+00 1.16e-02 +0.043  1.00 | 1.03e+00 1.75e-02 +0.007  1.00 | 1.6e+00 4.0e+00 2.739e+00
#1498  1991   1 | 1.21e+00 5.71e-03 +0.311  1.00 | 9.52e-01 6.58e-02 +0.020  1.00 | 1.5e+00 3.2e+00 2.362e+00
#1499   978   1 | 1.04e+00 1.60e-02 +0.519  0.98 | 1.06e+00 6.67e-02 +0.099  0.99 | 1.6e+00 2.6e+00 2.178e+00
#1500  1683   1 | 1.02e+00 1.95e-02 +0.258  0.99 | 9.55e-01 4.17e-02 +0.041  1.00 | 1.7e+00 3.3e+00 1.951e+00
#1501  4082   1 | 1.38e+00 8.49e-03 +0.007  1.00 | 8.98e-01 4.14e-02 +0.158  0.99 | 1.1e+00 4.2e+00 2.688e+00
#1502  2105   1 | 1.36e-01 2.10e-03 +0.280  0.99 | 1.06e+00 4.61e-02 +0.099  0.99 | 1.3e+00 4.3e+00 1.129e+00
#1503  2765   1 | 1.41e+00 8.09e-03 -0.125  1.00 | 1.01e+00 2.18e-01 +0.146  0.98 | 1.3e+00 3.7e+00 2.984e+00
#1504  3865   1 | 9.67e-01 3.90e-03 -0.321  1.00 | 1.00e+00 2.56e-01 +0.114  1.01 | 1.1e+00 3.9e+00 1.953e+00
#1505  4818   1 | 5.29e-01 5.01e-03 -0.135  1.00 | 9.82e-01 1.19e-02 +0.073  1.00 | 1.2e+00 2.9e+00 1.243e+00
#1506  3626   1 | 9.01e-01 2.40e-03 -0.453  1.00 | 9.97e-01 6.07e-02 -0.011  1.01 | 1.1e+00 3.5e+00 1.813e+00
#1507  1497   1 | 1.28e+00 8.81e-03 -0.658  1.01 | 1.02e+00 5.63e-02 +0.036  1.00 | 1.7e+00 3.3e+00 2.693e+00
#1508  4514   1 | 1.13e+00 2.74e-03 +0.400  1.00 | 1.01e+00 4.85e-02 +0.163  0.99 | 1.3e+00 3.2e+00 2.278e+00
#1509   576   1 | 7.38e-01 1.05e-02 +0.022  1.00 | 1.04e+00 5.15e-02 +0.034  1.00 | 1.4e+00 2.6e+00 1.622e+00
#1510  3801   1 | 8.62e-01 3.18e-03 +0.292  1.00 | 1.06e+00 4.39e-02 +0.099  0.99 | 1.1e+00 3.4e+00 1.868e+00
#1511  2850   1 | 1.03e+00 3.55e-03 +0.301  1.00 | 1.05e+00 1.10e-01 +0.317  0.94 | 1.2e+00 3.9e+00 2.097e+00
#1512  2631   1 | 1.06e+00 2.14e-03 -0.456  1.00 | 9.63e-01 5.61e-02 +0.121  0.99 | 1.2e+00 4.1e+00 2.039e+00
#1513  1851   1 | 6.38e-01 3.48e-03 -0.607  1.01 | 1.06e+00 8.87e-02 +0.061  1.00 | 1.4e+00 3.5e+00 1.524e+00
#1514  1542   1 | 1.08e+00 2.45e-02 +0.411  0.98 | 9.93e-01 5.48e-02 +0.085  0.99 | 1.5e+00 2.4e+00 2.124e+00
#1515  3365   1 | 1.03e+00 1.32e-03 -0.879  1.00 | 1.04e+00 2.76e-02 +0.188  0.99 | 1.2e+00 2.3e+00 2.135e+00
#1516  4247   1 | 1.13e+00 4.28e-03 +0.679  0.99 | 1.07e+00 7.28e-02 +0.360  0.96 | 1.3e+00 4.0e+00 2.364e+00
#1517  2631   1 | 7.45e-01 4.06e-03 -0.709  1.01 | 9.26e-01 7.45e-02 -0.077  1.02 | 1.1e+00 3.1e+00 1.432e+00
#1518  2021   1 | 1.60e+00 8.52e-03 -0.438  1.00 | 8.37e-01 9.56e-02 +0.076  1.00 | 1.4e+00 3.0e+00 3.260e+00
#1519  3571   1 | 3.19e-01 1.65e-02 +0.646  0.94 | 1.03e+00 2.05e-01 +0.061  1.02 | 1.2e+00 3.5e+00 1.167e+00
#1520  3032   1 | 9.81e-01 1.49e-03 +0.070  1.00 | 1.01e+00 3.18e-02 +0.035  1.00 | 1.2e+00 4.3e+00 1.982e+00
#1521  3027   1 | 1.09e+00 5.78e-04 +0.005  1.00 | 9.87e-01 2.79e-02 +0.093  1.00 | 1.2e+00 4.1e+00 2.159e+00
#1522  2933   1 | 1.02e+00 8.72e-03 -0.056  1.00 | 9.74e-01 3.45e-02 -0.009  1.00 | 1.6e+00 4.0e+00 1.994e+00
#1523   335   1 | 6.32e-01 1.08e-03 -0.359  1.00 | 9.94e-01 3.43e-02 +0.029  1.00 | 1.2e+00 3.0e+00 1.387e+00
#1524  4761   1 | 9.71e-01 6.46e-03 +0.203  1.00 | 9.88e-01 3.03e-02 +0.209  0.99 | 1.2e+00 3.4e+00 1.905e+00
#1525   317   1 | 1.47e+00 1.95e-03 +0.379  1.00 | 1.07e+00 4.78e-02 +0.092  0.99 | 1.1e+00 4.5e+00 3.305e+00
#1526  4760   1 | 9.93e-01 4.17e-02 -0.190  1.02 | 1.01e+00 3.84e-01 +0.159  1.02 | 1.2e+00 3.5e+00 2.045e+00
#1527  4747   1 | 1.03e+00 2.39e-03 +0.069  1.00 | 1.01e+00 2.99e-02 +0.199  0.99 | 1.1e+00 4.1e+00 2.076e+00
#1528  4879   1 | 1.13e+00 1.82e-02 -0.409  1.01 | 1.02e+00 1.24e-01 +0.341  0.93 | 1.1e+00 3.2e+00 2.267e+00
#1529  1635   1 | 1.07e+00 1.79e-03 +0.308  1.00 | 9.74e-01 4.56e-02 +0.003  1.00 | 1.2e+00 3.7e+00 2.104e+00
#1530   957   1 | 3.84e-01 2.74e-02 +0.473  0.94 | 9.36e-01 8.73e-02 -0.012  1.01 | 1.5e+00 2.6e+00 1.023e+00
#1531  3179   1 | 1.29e+00 1.95e-02 +0.201  0.99 | 9.27e-01 3.39e-01 +0.196  0.99 | 1.2e+00 3.3e+00 2.508e+00
#1532  2577   1 | 1.37e+00 9.58e-03 +0.236  1.00 | 9.09e-01 1.08e-01 +0.258  0.95 | 1.1e+00 3.9e+00 2.668e+00
#1533  1849   1 | 7.07e-01 1.32e-03 -0.174  1.00 | 9.91e-01 1.59e-02 +0.063  1.00 | 1.2e+00 4.6e+00 1.480e+00
#1534  3737   1 | 1.41e+00 1.76e-03 -0.347  1.00 | 1.04e+00 3.47e-02 +0.064  1.00 | 1.2e+00 3.4e+00 3.079e+00
#1535   704   1 | 5.70e-01 3.34e-02 -0.879  1.11 | 9.31e-01 8.30e-02 +0.016  1.01 | 1.4e+00 2.5e+00 1.229e+00
#1536  4771   1 | 4.67e-01 1.19e-03 -0.786  1.00 | 9.50e-01 1.49e-01 +0.181  0.97 | 1.1e+00 3.7e+00 1.092e+00
#1537  3935   1 | 3.90e-01 3.38e-03 +0.028  1.00 | 9.58e-01 7.13e-02 +0.215  0.97 | 1.1e+00 3.1e+00 1.047e+00
#1538  2390   1 | 7.27e-01 2.98e-03 -0.465  1.00 | 1.05e+00 2.94e-02 +0.128  0.99 | 1.3e+00 3.5e+00 1.626e+00
#1539  4482   1 | 1.31e+00 1.15e-02 +0.782  0.99 | 1.04e+00 5.05e-02 +0.219  0.98 | 1.2e+00 4.2e+00 2.749e+00
#1540  3615   1 | 7.24e-01 4.60e-04 -0.165  1.00 | 9.88e-01 5.25e-02 +0.153  0.99 | 1.0e+00 3.4e+00 1.487e+00
#1541   853   1 | 1.09e+00 3.42e-03 -0.023  1.00 | 1.02e+00 3.25e-02 +0.007  1.00 | 1.5e+00 5.5e+00 2.215e+00
#1542  3594   1 | 9.11e-01 2.60e-03 -0.081  1.00 | 9.92e-01 5.68e-02 +0.122  0.99 | 1.0e+00 3.2e+00 1.804e+00
#1543  3943   1 | 4.68e-01 7.05e-02 -0.804  1.26 | 9.32e-01 3.89e-01 +0.162  1.04 | 1.1e+00 4.9e+00 1.179e+00
#1544  3310   1 | 9.88e-01 7.65e-02 +0.724  0.89 | 1.04e+00 4.16e-01 +0.225  0.98 | 1.3e+00 4.9e+00 1.937e+00
#1545  3160   1 | 1.29e+00 7.22e-03 +0.001  1.00 | 9.89e-01 1.31e-02 +0.012  1.00 | 1.2e+00 3.6e+00 2.651e+00
#1546   747   1 | 8.65e-01 7.07e-04 +0.647  1.00 | 9.82e-01 3.16e-02 +0.012  1.00 | 1.3e+00 3.6e+00 1.712e+00
#1547  2829   1 | 1.66e+00 3.58e-03 -0.880  1.00 | 9.69e-01 9.78e-03 +0.053  1.00 | 1.2e+00 2.9e+00 3.699e+00
#1548   319   1 | 9.18e-01 7.19e-03 +0.036  1.00 | 9.52e-01 6.66e-02 +0.056  1.00 | 1.3e+00 4.2e+00 1.747e+00
#1549  3491   1 | 1.18e+00 2.79e-03 -0.208  1.00 | 9.98e-01 7.29e-03 +0.097  1.00 | 1.0e+00 3.5e+00 2.378e+00
#1550    99   1 | 7.74e-01 4.06e-03 +0.353  1.00 | 1.03e+00 5.60e-02 +0.074  0.99 | 1.2e+00 4.3e+00 1.642e+00
#1551  1477   1 | 4.67e-01 3.88e-03 +0.274  1.00 | 8.43e-01 9.02e-02 +0.036  1.00 | 1.5e+00 2.8e+00 9.309e-01
#1552   115   1 | 7.83e-01 8.68e-03 +0.428  0.99 | 9.92e-01 4.88e-03 +0.019  1.00 | 1.3e+00 3.4e+00 1.591e+00
#1553  2325   1 | 8.12e-01 4.79e-03 -0.287  1.00 | 9.58e-01 2.92e-02 +0.146  0.99 | 1.3e+00 3.7e+00 1.573e+00
#1554   367   1 | 1.30e+00 3.29e-02 +0.542  0.97 | 1.04e+00 1.90e-01 +0.044  1.02 | 1.4e+00 4.0e+00 2.749e+00
#1555  4216   1 | 1.04e+00 4.26e-03 -0.534  1.00 | 9.51e-01 1.27e-01 +0.061  1.00 | 1.2e+00 4.0e+00 1.983e+00
#1556   854   1 | 1.06e+00 3.75e-03 +0.744  0.99 | 9.78e-01 7.84e-02 +0.089  0.99 | 1.5e+00 2.6e+00 2.060e+00
#1557  2133   1 | 8.87e-01 1.80e-02 -0.045  1.00 | 9.68e-01 9.06e-02 +0.117  0.99 | 1.3e+00 3.8e+00 1.713e+00
#1558  3660   1 | 7.13e-01 4.08e-03 +0.626  0.99 | 1.09e+00 2.73e-01 +0.164  0.98 | 1.3e+00 5.1e+00 1.667e+00
#1559  3368   1 | 7.36e-01 3.36e-03 -0.348  1.00 | 9.87e-01 8.68e-03 +0.106  1.00 | 1.2e+00 3.5e+00 1.516e+00
#1560   980   1 | 1.04e+00 7.94e-03 +0.057  1.00 | 9.38e-01 6.72e-02 -0.089  1.02 | 1.4e+00 3.2e+00 1.970e+00
#1561   552   1 | 8.45e-01 1.89e-03 -0.323  1.00 | 9.55e-01 4.93e-02 -0.000  1.00 | 1.2e+00 3.4e+00 1.629e+00
#1562  3814   1 | 1.32e+00 2.20e-02 +0.566  0.98 | 1.05e+00 1.51e-01 +0.115  0.99 | 1.1e+00 3.7e+00 2.815e+00
#1563   822   1 | 9.96e-01 5.55e-03 -0.310  1.00 | 1.04e+00 1.70e-02 +0.008  1.00 | 1.2e+00 3.9e+00 2.074e+00
#1564  3699   1 | 6.96e-01 2.76e-02 -0.036  1.00 | 1.02e+00 1.24e-01 +0.195  0.97 | 1.2e+00 3.8e+00 1.488e+00
#1565  3201   1 | 9.10e-01 8.16e-03 -0.509  1.01 | 9.18e-01 1.56e-01 +0.228  0.95 | 1.4e+00 3.6e+00 1.637e+00
#1566  4077   1 | 9.45e-01 1.55e-02 -0.456  1.02 | 9.97e-01 7.29e-02 +0.180  0.98 | 1.3e+00 3.3e+00 1.879e+00
#1567  2028   1 | 1.36e+00 2.00e-03 -0.623  1.00 | 1.11e+00 7.66e-02 -0.044  1.01 | 1.0e+00 3.5e+00 3.103e+00
#1568  4293   1 | 1.14e+00 3.41e-03 -0.548  1.00 | 1.01e+00 4.15e-02 +0.143  0.99 | 1.2e+00 3.2e+00 2.316e+00
#1569  1091   1 | 1.12e+00 4.64e-03 +0.476  1.00 | 1.06e+00 1.10e-01 +0.234  0.96 | 1.4e+00 3.3e+00 2.347e+00
#1570  3597   1 | 8.54e-01 1.10e-02 +0.176  1.00 | 1.01e+00 4.66e-02 +0.076  1.00 | 1.2e+00 4.4e+00 1.745e+00
#1571  2261   1 | 9.75e-01 9.74e-04 -0.745  1.00 | 9.98e-01 3.36e-02 +0.036  1.00 | 1.2e+00 2.6e+00 1.946e+00
#1572   909   1 | 7.24e-01 3.67e-03 -0.347  1.00 | 9.91e-01 4.04e-02 +0.041  1.00 | 1.3e+00 3.1e+00 1.506e+00
#1573  4472   1 | 1.20e+00 1.39e-03 -0.409  1.00 | 9.80e-01 6.36e-02 +0.137  0.99 | 1.1e+00 2.0e+00 2.378e+00
#1574  2922   1 | 9.88e-01 3.20e-03 -0.160  1.00 | 8.97e-01 1.98e-01 +0.267  0.93 | 1.1e+00 4.6e+00 1.725e+00
#1575   142   1 | 7.81e-01 3.08e-03 +0.137  1.00 | 1.08e+00 7.86e-02 -0.252  1.04 | 1.1e+00 4.3e+00 1.820e+00
#1576  1966   1 | 6.74e-01 8.16e-03 -0.622  1.02 | 9.98e-01 1.34e-02 +0.100  1.00 | 1.3e+00 3.9e+00 1.455e+00
#1577  4646   1 | 1.07e+00 1.77e-03 -0.292  1.00 | 9.89e-01 9.59e-03 +0.184  1.00 | 1.3e+00 3.3e+00 2.117e+00
#1578  4970   1 | 8.02e-01 3.17e-03 +0.514  1.00 | 1.09e+00 1.83e-01 +0.468  0.87 | 1.1e+00 3.1e+00 1.681e+00
#1579   784   1 | 9.67e-01 3.74e-03 -0.306  1.00 | 9.63e-01 2.01e-02 -0.028  1.00 | 1.5e+00 2.5e+00 1.866e+00
#1580  3137   1 | 1.41e+00 2.28e-02 +0.699  0.98 | 8.68e-01 1.33e-01 -0.029  1.03 | 1.2e+00 3.4e+00 2.717e+00
#1581  1422   1 | 1.60e+00 3.16e-02 +0.256  0.99 | 1.03e+00 1.41e-01 +0.041  1.01 | 1.5e+00 3.4e+00 3.597e+00
#1582   412   1 | 9.77e-01 5.04e-03 +0.274  1.00 | 1.02e+00 4.63e-02 +0.092  0.99 | 1.4e+00 4.2e+00 1.980e+00
#1583  3531   1 | 9.05e-01 1.92e-02 -0.052  1.00 | 1.03e+00 1.35e-01 +0.340  0.93 | 1.2e+00 3.2e+00 1.801e+00
#1584  2768   1 | 7.99e-01 6.77e-03 -0.158  1.00 | 9.93e-01 3.24e-02 +0.130  0.99 | 1.1e+00 3.4e+00 1.618e+00
#1585   305   1 | 7.59e-01 3.50e-03 -0.295  1.00 | 9.80e-01 3.62e-02 +0.036  1.00 | 1.3e+00 4.2e+00 1.537e+00
#1586  3489   1 | 9.05e-01 1.13e-03 -0.350  1.00 | 9.68e-01 2.14e-02 +0.032  1.00 | 1.2e+00 3.3e+00 1.757e+00
#1587  3756   1 | 8.31e-01 3.54e-02 +0.428  0.97 | 1.01e+00 1.02e-02 +0.125  1.00 | 1.2e+00 5.1e+00 1.692e+00
#1588  4027   1 | 9.55e-01 2.54e-02 -0.004  1.00 | 9.05e-01 2.73e-01 +0.217  0.96 | 1.2e+00 4.5e+00 1.700e+00
#1589  4023   1 | 8.72e-01 4.10e-03 -0.180  1.00 | 8.67e-01 2.44e-01 +0.231  0.95 | 1.1e+00 3.3e+00 1.475e+00
#1590  3830   1 | 1.67e+00 2.35e-02 +0.351  0.99 | 1.03e+00 6.11e-03 +0.084  1.00 | 1.3e+00 4.1e+00 3.808e+00
#1591   895   1 | 6.74e-01 7.76e-03 -0.426  1.01 | 1.06e+00 2.53e-02 +0.042  1.00 | 1.5e+00 2.4e+00 1.585e+00
#1592  2966   1 | 1.23e+00 4.76e-02 +0.151  0.99 | 9.13e-01 1.46e-01 +0.144  0.98 | 1.2e+00 2.7e+00 2.313e+00
#1593  1832   1 | 1.11e+00 1.53e-02 -0.026  1.00 | 1.02e+00 8.04e-03 +0.029  1.00 | 1.3e+00 4.6e+00 2.281e+00
#1594  1386   1 | 8.01e-01 4.76e-02 -0.019  1.01 | 9.64e-01 7.22e-02 -0.040  1.01 | 1.5e+00 3.1e+00 1.585e+00
#1595  2361   1 | 7.80e-01 4.31e-02 -0.340  1.04 | 1.00e+00 1.50e-01 +0.092  0.99 | 1.3e+00 4.0e+00 1.635e+00
#1596  3888   1 | 1.45e+00 4.79e-02 +0.287  0.98 | 9.73e-01 4.47e-02 +0.170  0.99 | 1.4e+00 4.0e+00 3.011e+00
#1597   223   1 | 1.25e+00 4.89e-03 -0.249  1.00 | 1.12e+00 1.24e-01 +0.015  1.01 | 1.3e+00 4.1e+00 2.835e+00
#1598  2607   1 | 1.16e+00 1.73e-02 +0.488  0.99 | 1.02e+00 6.17e-02 +0.072  0.99 | 1.6e+00 3.3e+00 2.360e+00
#1599  2733   1 | 9.61e-01 9.30e-02 -0.028  1.01 | 1.03e+00 9.07e-02 +0.065  1.00 | 1.4e+00 3.7e+00 1.998e+00
#1600   859   1 | 8.24e-01 3.89e-03 +0.556  0.99 | 9.61e-01 4.42e-02 +0.017  1.00 | 1.4e+00 2.4e+00 1.598e+00
#1601   628   1 | 1.09e+00 6.83e-03 +0.115  1.00 | 1.05e+00 3.78e-02 -0.057  1.01 | 1.2e+00 3.8e+00 2.301e+00
#1602  4201   1 | 1.17e+00 3.94e-03 -0.522  1.00 | 1.07e+00 1.60e-01 +0.308  0.93 | 1.1e+00 3.8e+00 2.434e+00
#1603  2231   1 | 1.42e+00 1.14e-02 +0.074  1.00 | 1.07e+00 6.07e-02 -0.077  1.01 | 1.3e+00 3.1e+00 3.165e+00
#1604  1026   1 | 1.43e+00 8.25e-03 -0.437  1.01 | 1.03e+00 1.06e-01 -0.166  1.04 | 1.3e+00 3.0e+00 3.167e+00
#1605   707   1 | 9.62e-01 9.50e-03 -0.075  1.00 | 9.80e-01 4.53e-02 -0.033  1.01 | 1.4e+00 2.7e+00 1.892e+00
#1606   622   1 | 1.23e+00 2.29e-03 -0.155  1.00 | 1.08e+00 6.04e-02 -0.047  1.01 | 1.2e+00 4.6e+00 2.695e+00
#1607  2735   1 | 1.04e+00 2.00e-03 -0.574  1.00 | 1.02e+00 8.47e-03 +0.086  1.00 | 1.3e+00 4.2e+00 2.126e+00
#1608  2833   1 | 1.47e+00 1.26e-03 +0.844  1.00 | 1.01e+00 2.24e-02 +0.041  1.00 | 1.2e+00 4.7e+00 3.176e+00
#1609  2873   1 | 1.16e+00 1.10e-03 +0.556  1.00 | 9.74e-01 5.02e-02 +0.062  1.00 | 1.5e+00 3.5e+00 2.286e+00
#1610  2063   1 | 1.47e+00 3.11e-02 -0.101  1.00 | 1.02e+00 1.85e-01 +0.024  1.02 | 1.3e+00 4.1e+00 3.244e+00
#1611  2754   1 | 1.07e+00 1.53e-02 +0.654  0.98 | 1.19e+00 7.49e-02 +0.196  0.98 | 1.6e+00 3.6e+00 2.511e+00
#1612  4010   1 | 1.09e+00 1.68e-01 +0.109  0.99 | 9.80e-01 2.49e-01 +0.416  0.85 | 1.4e+00 4.6e+00 1.987e+00
#1613  1196   1 | 9.57e-01 1.13e-02 +0.500  0.99 | 9.34e-01 8.39e-02 +0.027  1.00 | 1.3e+00 4.5e+00 1.780e+00
#1614  1791   1 | 8.30e-01 4.53e-03 -0.769  1.01 | 1.03e+00 4.73e-02 +0.051  1.00 | 1.3e+00 4.0e+00 1.752e+00
#1615  2752   1 | 1.14e+00 1.33e-01 -0.267  1.08 | 1.08e+00 1.98e-01 +0.201  0.96 | 1.6e+00 3.7e+00 2.512e+00
#1616  3898   1 | 1.04e+00 1.75e-01 +0.769  0.77 | 1.04e+00 2.59e-01 +0.126  1.00 | 1.5e+00 4.0e+00 1.907e+00
#1617  4052   1 | 5.84e-01 3.11e-02 -0.142  1.02 | 9.45e-01 2.68e-02 +0.134  0.99 | 1.5e+00 3.7e+00 1.235e+00
#1618  3087   1 | 1.20e+00 2.49e-03 -0.410  1.00 | 9.31e-01 3.36e-02 +0.176  0.99 | 1.0e+00 4.1e+00 2.299e+00
#1619  1598   1 | 1.11e+00 1.66e-02 -0.043  1.00 | 1.01e+00 3.80e-02 -0.027  1.00 | 1.4e+00 3.9e+00 2.255e+00
#1620   374   1 | 1.32e+00 4.03e-03 -0.075  1.00 | 1.00e+00 3.66e-02 +0.016  1.00 | 1.2e+00 4.0e+00 2.740e+00
#1621  2366   1 | 7.65e-01 3.31e-02 +0.706  0.94 | 9.87e-01 4.61e-02 +0.245  0.98 | 1.4e+00 3.7e+00 1.504e+00
#1622  4780   1 | 1.07e+00 1.02e-02 -0.221  1.00 | 9.75e-01 1.13e-01 +0.219  0.96 | 1.0e+00 4.2e+00 2.074e+00
#1623  3480   1 | 7.16e-01 9.12e-02 +0.062  1.00 | 1.02e+00 5.11e-02 +0.095  0.99 | 1.8e+00 3.8e+00 1.550e+00
#1624  3308   1 | 1.12e+00 1.85e-02 +0.334  0.99 | 9.12e-01 1.31e-01 +0.093  0.99 | 1.8e+00 3.8e+00 2.057e+00
#1625  3063   1 | 6.93e-01 2.04e-03 -0.433  1.00 | 1.05e+00 3.03e-02 +0.121  0.99 | 9.7e-01 4.0e+00 1.571e+00
#1626  3636   1 | 1.40e+00 1.51e-02 -0.136  1.00 | 1.05e+00 3.44e-02 +0.066  1.00 | 1.8e+00 4.4e+00 3.060e+00
#1627  1776   1 | 1.16e+00 8.64e-03 -0.017  1.00 | 9.97e-01 8.04e-02 +0.009  1.01 | 1.3e+00 4.1e+00 2.354e+00
#1628  2647   1 | 1.06e+00 7.59e-02 -0.285  1.05 | 9.61e-01 6.49e-02 +0.129  0.99 | 1.8e+00 2.9e+00 2.085e+00
#1629  2162   1 | 9.99e-01 3.30e-02 -0.389  1.03 | 1.07e+00 1.58e-01 +0.148  0.98 | 1.8e+00 3.6e+00 2.155e+00
#1630  1787   1 | 5.19e-01 2.50e-03 -0.618  1.01 | 1.06e+00 5.20e-02 +0.135  0.99 | 1.2e+00 3.0e+00 1.384e+00
#1631   600   1 | 9.59e-01 1.31e-03 +0.757  1.00 | 9.78e-01 1.46e-02 -0.018  1.00 | 1.2e+00 3.9e+00 1.876e+00
#1632  2208   1 | 6.79e-01 9.40e-04 +0.287  1.00 | 9.55e-01 1.36e-02 -0.017  1.00 | 1.3e+00 3.3e+00 1.373e+00
#1633  3529   1 | 1.02e+00 2.53e-01 -0.155  1.14 | 9.92e-01 2.51e-01 +0.117  1.00 | 1.7e+00 3.9e+00 2.166e+00
#1634   575   1 | 9.60e-01 1.99e-03 -0.107  1.00 | 1.02e+00 5.79e-02 +0.041  1.00 | 1.2e+00 3.7e+00 1.960e+00
#1635  4493   1 | 8.58e-01 7.56e-03 +0.140  1.00 | 9.90e-01 1.21e-01 +0.088  0.99 | 1.4e+00 2.7e+00 1.707e+00
#1636  1184   1 | 1.34e+00 1.76e-03 +0.515  1.00 | 1.05e+00 1.35e-01 +0.138  0.98 | 1.4e+00 3.0e+00 2.871e+00
#1637  1679   1 | 1.39e+00 1.13e-03 +0.608  1.00 | 9.24e-01 7.79e-02 +0.087  0.99 | 1.2e+00 3.6e+00 2.766e+00
#1638    65   1 | 1.40e+00 2.14e-02 -0.156  1.00 | 1.03e+00 2.39e-02 -0.079  1.00 | 1.5e+00 4.2e+00 3.059e+00
#1639  4663   1 | 9.59e-01 9.22e-03 +0.174  1.00 | 9.77e-01 9.01e-03 +0.076  1.00 | 1.1e+00 4.3e+00 1.870e+00
#1640  1473   1 | 6.82e-01 2.12e-03 +0.193  1.00 | 9.57e-01 2.68e-02 +0.038  1.00 | 1.4e+00 4.0e+00 1.379e+00
#1641  1123   1 | 4.59e-01 6.44e-04 -0.148  1.00 | 9.94e-01 4.44e-02 -0.030  1.00 | 1.2e+00 2.3e+00 1.204e+00
#1642  2722   1 | 1.11e+00 5.22e-03 +0.218  1.00 | 1.19e+00 1.64e-01 +0.160  0.97 | 1.5e+00 3.5e+00 2.606e+00
#1643  4996   1 | 1.28e+00 3.36e-03 -0.252  1.00 | 9.33e-01 4.41e-02 +0.109  0.99 | 1.2e+00 4.3e+00 2.510e+00
#1644  3161   1 | 1.23e+00 2.30e-02 -0.375  1.01 | 1.02e+00 3.20e-02 +0.095  1.00 | 1.4e+00 3.3e+00 2.565e+00
#1645  2288   1 | 8.49e-01 2.31e-03 +0.181  1.00 | 8.29e-01 6.78e-02 -0.094  1.02 | 1.2e+00 3.5e+00 1.422e+00
#1646  2150   1 | 1.62e+00 9.49e-04 -0.048  1.00 | 9.64e-01 1.72e-02 -0.050  1.00 | 1.2e+00 3.8e+00 3.560e+00
#1647  1547   1 | 1.12e+00 1.72e-03 +0.497  1.00 | 9.78e-01 1.83e-02 +0.050  1.00 | 1.2e+00 3.8e+00 2.216e+00
#1648  3753   1 | 1.06e+00 4.28e-03 -0.124  1.00 | 9.87e-01 2.98e-02 +0.089  1.00 | 1.2e+00 3.7e+00 2.097e+00
#1649  2109   1 | 5.60e-01 1.41e-02 -0.017  1.00 | 1.03e+00 5.56e-02 -0.013  1.00 | 1.4e+00 4.4e+00 1.380e+00
#1650  1747   1 | 3.59e-01 7.79e-03 +0.077  1.00 | 1.00e+00 1.61e-02 +0.054  1.00 | 1.6e+00 3.6e+00 1.133e+00
#1651  4063   1 | 1.00e+00 1.69e-03 -0.309  1.00 | 1.01e+00 2.17e-02 +0.024  1.00 | 1.1e+00 5.2e+00 2.017e+00
#1652  1426   1 | 7.33e-01 1.51e-03 -0.682  1.00 | 9.94e-01 2.49e-02 -0.006  1.00 | 1.3e+00 3.6e+00 1.527e+00
#1653  2319   1 | 2.72e-01 8.41e-04 -0.199  1.00 | 9.87e-01 2.87e-02 +0.006  1.00 | 1.2e+00 3.1e+00 1.048e+00
#1654  4959   1 | 1.08e+00 3.05e-03 +0.607  1.00 | 9.85e-01 5.92e-02 +0.178  0.98 | 1.1e+00 3.7e+00 2.119e+00
#1655  3607   1 | 4.81e-01 3.69e-02 -0.257  1.05 | 9.75e-01 3.96e-02 +0.004  1.00 | 1.3e+00 3.1e+00 1.194e+00
#1656  4775   1 | 7.94e-01 2.98e-02 -0.099  1.01 | 1.12e+00 7.37e-02 +0.141  0.99 | 1.3e+00 4.6e+00 1.865e+00
#1657  3718   1 | 8.44e-01 3.64e-03 +0.343  1.00 | 9.92e-01 3.20e-02 -0.016  1.00 | 1.1e+00 3.5e+00 1.697e+00
#1658  4210   1 | 1.15e+00 1.74e-02 +0.475  0.99 | 9.74e-01 2.19e-02 +0.288  0.99 | 1.1e+00 2.9e+00 2.232e+00
#1659  3451   1 | 1.13e+00 3.50e-02 +0.032  1.00 | 9.65e-01 8.17e-02 +0.200  0.97 | 1.3e+00 3.5e+00 2.182e+00
#1660  2476   1 | 4.73e-01 5.53e-03 -0.193  1.00 | 1.01e+00 1.58e-02 +0.053  1.00 | 1.3e+00 3.4e+00 1.252e+00
#1661  1740   1 | 2.74e-01 3.45e-02 -0.337  1.10 | 9.77e-01 3.50e-01 +0.324  0.90 | 1.2e+00 4.1e+00 9.379e-01
#1662  4143   1 | 6.86e-01 1.47e-03 +0.666  1.00 | 1.01e+00 5.75e-02 +0.123  0.99 | 1.1e+00 4.2e+00 1.478e+00
#1663  1239   1 | 5.67e-01 1.60e-03 +0.023  1.00 | 1.02e+00 4.46e-02 +0.070  1.00 | 1.2e+00 3.1e+00 1.359e+00
#1664  2375   1 | 1.24e+00 6.12e-03 -0.355  1.00 | 1.04e+00 1.02e-01 +0.110  0.99 | 1.2e+00 3.5e+00 2.600e+00
#1665  1647   1 | 7.00e-01 9.35e-04 +0.096  1.00 | 9.93e-01 2.04e-02 +0.031  1.00 | 1.3e+00 3.5e+00 1.475e+00
#1666  3028   1 | 1.01e+00 7.36e-02 -0.947  1.14 | 1.00e+00 5.44e-02 +0.241  0.98 | 1.4e+00 3.3e+00 2.145e+00
#1667  2509   1 | 7.04e-01 6.59e-02 -0.537  1.11 | 1.11e+00 9.96e-02 +0.005  1.01 | 1.3e+00 3.1e+00 1.798e+00
#1668   331   1 | 9.65e-01 2.52e-03 +0.137  1.00 | 1.06e+00 5.79e-02 +0.121  0.99 | 1.2e+00 3.7e+00 2.051e+00
#1669  1990   1 | 1.06e+00 1.06e-02 -0.331  1.01 | 9.94e-01 1.93e-01 +0.231  0.95 | 1.1e+00 4.9e+00 2.068e+00
#1670  2408   1 | 1.17e+00 1.13e-02 +0.576  0.99 | 9.43e-01 1.94e-01 +0.119  0.99 | 1.3e+00 4.7e+00 2.245e+00
#1671  1403   1 | 1.65e+00 4.81e-03 -0.496  1.00 | 9.32e-01 9.12e-02 +0.054  1.00 | 1.4e+00 2.6e+00 3.602e+00
#1672   574   1 | 8.67e-01 1.07e-03 -0.587  1.00 | 1.03e+00 1.25e-02 +0.027  1.00 | 1.2e+00 4.3e+00 1.808e+00
#1673   891   1 | 1.10e+00 3.45e-03 -0.211  1.00 | 9.71e-01 4.64e-02 -0.062  1.01 | 1.3e+00 2.8e+00 2.156e+00
#1674   870   1 | 1.14e+00 5.40e-03 +0.460  1.00 | 9.27e-01 7.79e-02 +0.217  0.97 | 1.4e+00 4.6e+00 2.131e+00
#1675  4148   1 | 9.67e-01 1.98e-03 +0.408  1.00 | 9.79e-01 8.19e-02 +0.153  0.98 | 1.2e+00 2.7e+00 1.874e+00
#1676  4202   1 | 3.80e-01 1.44e-03 -0.384  1.00 | 1.05e+00 4.97e-02 +0.125  0.99 | 1.1e+00 4.3e+00 1.239e+00
#1677   277   1 | 4.95e-01 1.02e-03 +0.083  1.00 | 1.03e+00 4.40e-02 -0.017  1.00 | 1.3e+00 3.2e+00 1.315e+00
#1678  3019   1 | 2.51e-01 2.72e-03 +0.452  0.99 | 9.97e-01 8.01e-02 +0.167  0.98 | 1.1e+00 4.1e+00 1.036e+00
#1679  3441   1 | 8.76e-01 1.18e-02 -0.035  1.00 | 1.14e+00 1.49e-01 +0.325  0.93 | 1.1e+00 4.6e+00 1.970e+00
#1680   227   1 | 6.11e-01 1.20e-03 +0.239  1.00 | 9.95e-01 3.38e-02 +0.070  1.00 | 1.3e+00 2.9e+00 1.360e+00
#1681  1988   1 | 1.31e+00 2.04e-03 -0.543  1.00 | 1.08e+00 5.50e-02 +0.035  1.00 | 1.1e+00 3.7e+00 2.887e+00
#1682  2278   1 | 9.42e-01 4.11e-03 +0.368  1.00 | 8.72e-01 3.88e-01 -0.084  1.27 | 1.2e+00 4.7e+00 1.852e+00
#1683  1226   1 | 1.01e+00 6.40e-04 -0.275  1.00 | 9.90e-01 2.25e-02 +0.038  1.00 | 1.4e+00 4.2e+00 2.001e+00
#1684  3695   1 | 6.18e-01 1.62e-03 -0.518  1.00 | 1.02e+00 4.33e-02 +0.104  0.99 | 1.1e+00 3.6e+00 1.420e+00
#1685  1749   1 | 7.21e-01 9.10e-03 +0.354  0.99 | 1.04e+00 2.58e-02 -0.009  1.00 | 1.2e+00 4.1e+00 1.607e+00
#1686  1030   1 | 7.42e-01 6.30e-04 -0.160  1.00 | 1.02e+00 2.78e-02 +0.060  1.00 | 1.3e+00 4.2e+00 1.584e+00
#1687  4976   1 | 4.92e-01 5.42e-03 +0.445  0.99 | 1.12e+00 2.60e-01 +0.348  0.89 | 1.1e+00 4.4e+00 1.353e+00
#1688  3030   1 | 6.61e-01 3.00e-03 +0.379  1.00 | 1.01e+00 4.77e-02 +0.104  0.99 | 1.2e+00 4.5e+00 1.441e+00
#1689  1669   1 | 8.71e-01 1.61e-03 +0.590  1.00 | 1.03e+00 2.42e-02 +0.008  1.00 | 1.3e+00 4.1e+00 1.823e+00
#1690  4372   1 | 1.23e+00 2.52e-03 -0.370  1.00 | 9.08e-01 7.79e-02 +0.338  0.95 | 1.2e+00 3.1e+00 2.288e+00
#1691  4013   1 | 9.74e-01 1.57e-03 -0.109  1.00 | 1.03e+00 2.68e-02 +0.142  0.99 | 1.1e+00 3.6e+00 2.009e+00
#1692  1708   1 | 6.94e-01 8.95e-04 +0.386  1.00 | 1.02e+00 3.38e-02 -0.001  1.00 | 1.3e+00 2.8e+00 1.524e+00
#1693  4709   1 | 1.01e+00 5.43e-03 -0.886  1.01 | 1.04e+00 2.17e-01 +0.337  0.90 | 1.1e+00 4.5e+00 2.006e+00
#1694  4244   1 | 7.51e-01 9.25e-04 -0.305  1.00 | 1.03e+00 1.57e-01 +0.143  0.98 | 1.1e+00 3.0e+00 1.601e+00
#1695  2350   1 | 9.92e-01 4.31e-03 -0.077  1.00 | 9.51e-01 6.38e-02 +0.088  0.99 | 1.2e+00 2.8e+00 1.883e+00
#1696  1891   1 | 9.64e-01 1.59e-03 +0.776  1.00 | 1.05e+00 3.35e-02 +0.024  1.00 | 1.2e+00 4.4e+00 2.033e+00
#1697  1482   1 | 1.11e+00 3.77e-03 +0.409  1.00 | 1.08e+00 6.33e-02 -0.017  1.01 | 1.4e+00 3.5e+00 2.405e+00
#1698  1455   1 | 1.07e+00 2.86e-03 +0.788  1.00 | 1.02e+00 1.01e-01 -0.037  1.02 | 1.4e+00 2.8e+00 2.215e+00
#1699  1808   1 | 6.05e-01 2.65e-03 +0.535  1.00 | 9.46e-01 7.14e-02 -0.125  1.02 | 1.3e+00 4.1e+00 1.281e+00
#1700   943   1 | 1.13e+00 7.59e-03 -0.368  1.00 | 9.68e-01 8.46e-02 +0.007  1.01 | 1.4e+00 3.6e+00 2.220e+00
#1701   794   1 | 1.07e+00 1.52e-03 -0.080  1.00 | 1.05e+00 4.52e-02 +0.041  1.00 | 1.3e+00 3.3e+00 2.242e+00
#1702  4386   1 | 4.47e-01 1.55e-03 +0.348  1.00 | 1.01e+00 1.52e-02 +0.073  1.00 | 1.1e+00 4.1e+00 1.218e+00
#1703  3194   1 | 9.30e-01 2.02e-03 +0.300  1.00 | 1.07e+00 3.81e-02 +0.216  0.99 | 1.2e+00 4.5e+00 2.003e+00
#1704  3696   1 | 9.44e-01 2.13e-03 +0.719  1.00 | 9.86e-01 1.45e-01 +0.080  1.00 | 1.1e+00 4.1e+00 1.860e+00
#1705  2483   1 | 7.98e-01 1.94e-03 +0.757  1.00 | 9.48e-01 1.45e-02 +0.001  1.00 | 1.2e+00 4.3e+00 1.534e+00
#1706  4674   1 | 1.56e+00 2.64e-03 -0.691  1.00 | 1.04e+00 2.79e-01 +0.299  0.91 | 1.1e+00 3.6e+00 3.427e+00
#1707  1215   1 | 8.53e-01 2.80e-03 +0.537  1.00 | 1.04e+00 5.12e-02 +0.026  1.00 | 1.3e+00 3.1e+00 1.799e+00
#1708  2551   1 | 1.03e+00 4.15e-03 +0.334  1.00 | 1.02e+00 7.94e-02 +0.003  1.01 | 1.1e+00 4.2e+00 2.092e+00
#1709  3050   1 | 8.82e-01 1.82e-03 +0.385  1.00 | 1.04e+00 6.44e-02 +0.113  0.99 | 1.2e+00 3.4e+00 1.852e+00
#1710  2735   1 | 1.08e+00 5.50e-03 +0.052  1.00 | 1.03e+00 5.52e-02 +0.193  0.98 | 1.1e+00 4.1e+00 2.219e+00
#1711  1365   1 | 6.19e-01 1.13e-03 +0.488  1.00 | 1.01e+00 3.83e-02 +0.077  1.00 | 1.3e+00 2.7e+00 1.393e+00
#1712  2103   1 | 1.52e+00 8.03e-04 -0.463  1.00 | 1.01e+00 5.14e-02 +0.043  1.00 | 1.2e+00 3.1e+00 3.314e+00
#1713  3110   1 | 1.06e+00 1.07e-03 +0.494  1.00 | 9.61e-01 1.78e-02 +0.041  1.00 | 1.0e+00 4.0e+00 2.039e+00
#1714  1809   1 | 9.09e-01 2.31e-03 -0.138  1.00 | 9.91e-01 5.18e-02 -0.053  1.01 | 1.3e+00 3.6e+00 1.817e+00
#1715   174   1 | 1.46e+00 1.01e-03 +0.487  1.00 | 1.07e+00 2.63e-02 +0.004  1.00 | 1.3e+00 3.1e+00 3.260e+00
#1716   734   1 | 9.23e-01 6.09e-03 -0.007  1.00 | 9.51e-01 6.96e-02 -0.006  1.01 | 1.3e+00 4.2e+00 1.762e+00
#1717   592   1 | 5.08e-01 3.12e-03 -0.174  1.00 | 1.14e+00 1.35e-01 +0.001  1.01 | 1.3e+00 3.6e+00 1.578e+00
#1718  4074   1 | 8.70e-01 5.25e-03 -0.640  1.01 | 9.57e-01 1.94e-02 +0.098  1.00 | 1.2e+00 4.2e+00 1.675e+00
#1719  4189   1 | 7.82e-01 1.14e-03 +0.667  1.00 | 9.59e-01 5.15e-02 +0.004  1.00 | 1.0e+00 4.1e+00 1.531e+00
#1720  4213   1 | 1.18e+00 3.48e-03 +0.514  1.00 | 9.36e-01 4.93e-02 +0.121  0.99 | 1.1e+00 3.7e+00 2.251e+00
#1721  2091   1 | 1.10e+00 1.34e-02 -0.867  1.02 | 9.42e-01 1.38e-01 -0.012  1.03 | 1.1e+00 4.0e+00 2.146e+00
#1722  4670   1 | 1.29e+00 7.12e-04 +0.141  1.00 | 1.00e+00 3.93e-02 +0.153  0.99 | 9.8e-01 4.6e+00 2.667e+00
#1723   668   1 | 1.35e+00 1.59e-03 -0.536  1.00 | 9.99e-01 2.30e-02 -0.021  1.00 | 1.3e+00 3.3e+00 2.827e+00
#1724  3699   1 | 5.97e-01 8.86e-04 -0.368  1.00 | 1.00e+00 2.90e-02 +0.089  1.00 | 1.2e+00 3.2e+00 1.353e+00
#1725  3681   1 | 1.03e+00 7.92e-04 -0.142  1.00 | 9.68e-01 1.59e-02 +0.032  1.00 | 1.1e+00 4.4e+00 1.995e+00
#1726  1334   1 | 9.00e-01 5.38e-03 +0.139  1.00 | 9.51e-01 7.55e-02 +0.061  1.00 | 1.4e+00 3.5e+00 1.710e+00
#1727  4334   1 | 7.71e-01 3.07e-03 +0.232  1.00 | 1.02e+00 1.64e-01 +0.352  0.91 | 1.1e+00 4.1e+00 1.547e+00
#1728  1465   1 | 1.06e+00 3.07e-03 -0.293  1.00 | 9.39e-01 8.52e-02 -0.054  1.02 | 1.4e+00 2.8e+00 2.026e+00
#1729  1669   1 | 1.03e+00 3.16e-03 +0.666  1.00 | 9.29e-01 9.78e-02 -0.025  1.02 | 1.3e+00 3.0e+00 1.939e+00
#1730  3243   1 | 1.03e+00 2.38e-03 -0.365  1.00 | 1.06e+00 2.96e-02 +0.016  1.00 | 1.1e+00 4.7e+00 2.185e+00
#1731   481   1 | 1.03e+00 5.34e-03 +0.314  1.00 | 9.63e-01 7.83e-02 +0.112  0.99 | 1.2e+00 3.9e+00 1.976e+00
#1732  4942   1 | 8.97e-01 8.65e-04 -0.713  1.00 | 9.73e-01 5.59e-02 +0.159  0.98 | 1.0e+00 3.3e+00 1.738e+00
#1733  1691   1 | 5.55e-01 1.83e-02 -0.258  1.02 | 1.04e+00 9.42e-02 +0.028  1.00 | 1.3e+00 2.9e+00 1.403e+00
#1734    46   1 | 1.12e+00 1.85e-03 +0.239  1.00 | 1.09e+00 7.01e-02 +0.130  0.99 | 1.2e+00 3.3e+00 2.411e+00
#1735   142   1 | 1.02e+00 1.93e-03 +0.212  1.00 | 1.06e+00 2.11e-02 -0.091  1.00 | 1.2e+00 4.5e+00 2.165e+00
#1736  3216   1 | 1.14e+00 1.35e-03 -0.630  1.00 | 1.03e+00 8.04e-02 +0.284  0.96 | 1.0e+00 3.3e+00 2.317e+00
#1737  3793   1 | 9.92e-01 1.91e-03 -0.092  1.00 | 1.00e+00 4.22e-02 +0.090  0.99 | 1.0e+00 3.8e+00 1.982e+00
#1738  1692   1 | 1.07e+00 1.18e-03 +0.049  1.00 | 9.70e-01 2.70e-02 -0.079  1.01 | 1.3e+00 3.7e+00 2.084e+00
#1739   945   1 | 1.32e+00 5.21e-03 -0.242  1.00 | 1.01e+00 5.05e-02 +0.018  1.00 | 1.3e+00 3.7e+00 2.780e+00
#1740  2155   1 | 2.80e-01 1.30e-03 +0.717  0.99 | 9.87e-01 6.23e-02 +0.092  0.99 | 1.1e+00 4.1e+00 1.044e+00
#1741  3182   1 | 7.87e-01 1.79e-03 +0.255  1.00 | 9.59e-01 1.30e-01 +0.274  0.94 | 1.0e+00 3.7e+00 1.486e+00
#1742  4560   1 | 8.05e-01 4.02e-03 +0.153  1.00 | 9.55e-01 3.95e-01 +0.252  0.96 | 1.1e+00 4.5e+00 1.525e+00
#1743   444   1 | 9.54e-01 3.06e-03 +0.025  1.00 | 9.23e-01 9.79e-02 +0.007  1.01 | 1.3e+00 3.8e+00 1.769e+00
#1744  1681   1 | 9.73e-01 9.29e-03 +0.616  0.99 | 1.03e+00 7.22e-02 +0.079  0.99 | 1.3e+00 4.3e+00 1.997e+00
#1745  3508   1 | 1.07e+00 7.84e-04 +0.104  1.00 | 1.04e+00 3.65e-02 +0.064  1.00 | 9.7e-01 3.5e+00 2.213e+00
#1746  3517   1 | 1.05e+00 9.39e-04 -0.319  1.00 | 9.64e-01 3.16e-02 +0.054  1.00 | 1.0e+00 2.7e+00 2.030e+00
#1747  4904   1 | 8.51e-01 2.49e-04 -0.105  1.00 | 9.90e-01 3.04e-02 +0.106  0.99 | 1.0e+00 4.1e+00 1.699e+00
#1748  2328   1 | 1.15e+00 2.29e-03 +0.145  1.00 | 9.88e-01 5.79e-02 +0.046  1.00 | 1.2e+00 3.7e+00 2.286e+00
#1749  1328   1 | 1.25e+00 8.15e-04 -0.208  1.00 | 1.05e+00 5.32e-02 +0.049  1.00 | 1.3e+00 2.5e+00 2.671e+00
#1750  1097   1 | 9.57e-01 1.25e-03 -0.460  1.00 | 9.71e-01 1.87e-02 -0.007  1.00 | 1.3e+00 3.5e+00 1.861e+00
#1751  3772   1 | 8.82e-01 8.20e-04 -0.314  1.00 | 1.01e+00 3.33e-02 +0.232  0.99 | 1.0e+00 4.7e+00 1.781e+00
#1752   417   1 | 1.25e+00 2.51e-03 -0.389  1.00 | 1.05e+00 4.74e-02 +0.077  1.00 | 1.3e+00 3.5e+00 2.673e+00
#1753  3211   1 | 8.64e-01 1.44e-03 +0.236  1.00 | 1.04e+00 5.24e-02 +0.179  0.98 | 1.1e+00 2.9e+00 1.803e+00
#1754   376   1 | 1.10e+00 2.10e-03 -0.311  1.00 | 1.00e+00 3.57e-02 +0.016  1.00 | 1.2e+00 5.0e+00 2.209e+00
#1755  4172   1 | 1.01e+00 4.57e-03 +0.301  1.00 | 1.10e+00 2.82e-01 +0.220  0.95 | 1.0e+00 4.9e+00 2.170e+00
#1756  4271   1 | 1.02e+00 1.39e-03 -0.729  1.00 | 9.50e-01 5.52e-02 +0.208  0.98 | 1.1e+00 2.9e+00 1.916e+00
#1757   197   1 | 9.05e-01 1.29e-03 +0.094  1.00 | 1.00e+00 2.29e-02 -0.008  1.00 | 1.2e+00 3.6e+00 1.827e+00
#1758  2075   1 | 1.13e+00 4.36e-03 +0.287  1.00 | 1.06e+00 8.03e-02 +0.134  0.99 | 1.1e+00 3.6e+00 2.376e+00
#1759  1268   1 | 1.10e+00 3.52e-02 +0.401  0.98 | 1.19e+00 8.71e-02 +0.153  0.98 | 1.4e+00 4.3e+00 2.576e+00
#1760  1109   1 | 1.10e+00 2.46e-03 -0.244  1.00 | 9.71e-01 5.10e-02 -0.038  1.01 | 1.3e+00 3.5e+00 2.155e+00
#1761  4638   1 | 1.01e+00 4.48e-03 +0.367  1.00 | 1.03e+00 7.97e-02 +0.352  0.95 | 1.2e+00 3.1e+00 2.040e+00
#1762  4533   1 | 9.49e-01 1.51e-03 -0.637  1.00 | 1.03e+00 2.66e-02 +0.033  1.00 | 1.1e+00 3.2e+00 1.973e+00
#1763  4824   1 | 1.06e+00 2.22e-03 +0.202  1.00 | 1.01e+00 2.02e-01 +0.222  0.95 | 9.9e-01 4.1e+00 2.103e+00
#1764  3201   1 | 9.41e-01 9.07e-04 +0.036  1.00 | 9.67e-01 1.75e-02 +0.059  1.00 | 1.1e+00 2.7e+00 1.819e+00
#1765  1613   1 | 9.21e-01 1.32e-02 +0.071  1.00 | 9.51e-01 5.53e-02 +0.134  0.99 | 1.2e+00 4.3e+00 1.740e+00
#1766   175   1 | 1.06e+00 1.25e-03 +0.350  1.00 | 9.68e-01 2.03e-02 +0.046  1.00 | 1.2e+00 3.6e+00 2.055e+00
#1767  4938   1 | 1.15e+00 1.18e-03 +0.436  1.00 | 1.01e+00 9.23e-02 +0.146  0.98 | 9.9e-01 4.1e+00 2.333e+00
#1768  4435   1 | 1.13e+00 1.75e-03 -0.486  1.00 | 1.00e+00 3.68e-02 +0.152  0.99 | 1.1e+00 3.7e+00 2.268e+00
#1769  1379   1 | 1.07e+00 1.48e-02 -0.743  1.02 | 1.02e+00 1.07e-01 +0.056  1.00 | 1.3e+00 3.2e+00 2.225e+00
#1770  2714   1 | 9.74e-01 3.38e-03 -0.134  1.00 | 9.52e-01 1.73e-01 +0.101  1.00 | 1.1e+00 4.4e+00 1.853e+00
#1771  1197   1 | 1.29e+00 8.54e-03 -0.214  1.00 | 9.67e-01 4.35e-02 +0.009  1.00 | 1.3e+00 3.8e+00 2.605e+00
#1772  1089   1 | 7.42e-01 3.36e-03 +0.260  1.00 | 1.02e+00 3.14e-02 +0.061  1.00 | 1.3e+00 3.6e+00 1.583e+00
#1773   575   1 | 1.51e+00 2.11e-02 +0.410  0.99 | 1.09e+00 8.66e-02 +0.007  1.01 | 1.3e+00 3.3e+00 3.435e+00
#1774  2729   1 | 1.59e+00 2.71e-03 +0.320  1.00 | 8.86e-01 1.35e-01 +0.241  0.95 | 1.1e+00 3.4e+00 3.280e+00
#1775  2745   1 | 1.21e+00 2.28e-03 +0.400  1.00 | 9.78e-01 6.27e-02 +0.135  0.99 | 1.1e+00 3.5e+00 2.417e+00
#1776  1132   1 | 1.23e+00 1.82e-03 -0.197  1.00 | 9.89e-01 5.18e-02 -0.007  1.00 | 1.2e+00 3.8e+00 2.491e+00
#1777  4784   1 | 6.18e-01 1.32e-03 -0.188  1.00 | 9.45e-01 3.46e-02 +0.142  0.99 | 1.0e+00 4.6e+00 1.268e+00
#1778  3718   1 | 9.72e-01 1.44e-03 +0.283  1.00 | 9.78e-01 2.00e-02 +0.049  1.00 | 1.1e+00 4.2e+00 1.898e+00
#1779  1227   1 | 1.01e+00 2.26e-03 -0.708  1.00 | 1.04e+00 3.23e-02 -0.006  1.00 | 1.4e+00 3.4e+00 2.119e+00
#1780  3367   1 | 1.32e+00 3.84e-03 +0.349  1.00 | 1.05e+00 1.77e-01 +0.319  0.92 | 1.0e+00 4.6e+00 2.760e+00
#1781  1209   1 | 1.03e+00 8.65e-03 +0.492  0.99 | 9.29e-01 1.17e-01 -0.000  1.02 | 1.3e+00 3.0e+00 1.935e+00
#1782   164   1 | 6.79e-01 5.97e-03 -0.095  1.00 | 9.55e-01 3.23e-02 +0.016  1.00 | 1.3e+00 4.4e+00 1.373e+00
#1783  1271   1 | 1.03e+00 7.58e-04 +0.215  1.00 | 1.02e+00 1.93e-02 +0.072  1.00 | 1.3e+00 2.6e+00 2.110e+00
#1784  4977   1 | 1.12e+00 3.47e-03 +0.314  1.00 | 1.01e+00 1.12e-01 +0.411  0.92 | 1.1e+00 4.3e+00 2.192e+00
#1785  1131   1 | 1.12e+00 1.12e-03 +0.105  1.00 | 1.06e+00 3.87e-02 +0.053  1.00 | 1.2e+00 3.0e+00 2.394e+00
#1786  1981   1 | 7.84e-01 1.22e-02 -0.137  1.00 | 9.97e-01 1.11e-01 +0.018  1.01 | 1.2e+00 4.4e+00 1.619e+00
#1787   228   1 | 1.04e+00 3.06e-02 +0.685  0.96 | 1.02e+00 6.71e-02 +0.095  0.99 | 1.3e+00 4.0e+00 2.064e+00
#1788  2227   1 | 9.42e-01 2.39e-03 -0.293  1.00 | 9.52e-01 6.06e-02 +0.014  1.00 | 1.4e+00 4.0e+00 1.796e+00
#1789  1837   1 | 9.74e-01 9.15e-03 +0.501  0.99 | 1.03e+00 7.01e-02 +0.100  0.99 | 1.2e+00 3.8e+00 1.997e+00
#1790  1183   1 | 1.10e+00 4.57e-02 +0.144  0.99 | 9.12e-01 8.97e-02 +0.077  0.99 | 1.4e+00 3.7e+00 2.026e+00
#1791  4192   1 | 1.18e+00 1.53e-03 -0.446  1.00 | 1.05e+00 3.21e-02 +0.166  0.99 | 1.1e+00 4.7e+00 2.474e+00
#1792   640   1 | 1.15e+00 1.23e-02 -0.057  1.00 | 1.02e+00 3.64e-02 +0.071  1.00 | 1.4e+00 3.1e+00 2.360e+00
#1793  4597   1 | 4.67e-01 2.20e-03 -0.259  1.00 | 9.50e-01 2.04e-01 +0.167  0.97 | 1.0e+00 3.9e+00 1.098e+00
#1794  3674   1 | 1.96e-01 2.10e-03 +0.511  0.99 | 1.14e+00 1.19e-01 +0.281  0.95 | 1.0e+00 3.3e+00 1.271e+00
#1795   517   1 | 6.82e-01 1.30e-03 -0.669  1.00 | 9.83e-01 2.38e-02 +0.038  1.00 | 1.2e+00 3.9e+00 1.431e+00
#1796  2811   1 | 1.06e+00 1.29e-03 +0.364  1.00 | 9.87e-01 1.09e-02 +0.080  1.00 | 1.1e+00 4.2e+00 2.086e+00
#1797   154   1 | 7.04e-01 3.82e-02 -0.017  1.00 | 1.00e+00 4.39e-02 +0.013  1.00 | 1.3e+00 3.6e+00 1.505e+00
#1798  4833   1 | 7.08e-01 3.39e-03 +0.131  1.00 | 1.04e+00 1.49e-02 +0.205  0.99 | 1.3e+00 4.1e+00 1.587e+00
#1799   674   1 | 8.70e-01 7.54e-03 -0.085  1.00 | 1.03e+00 1.53e-02 +0.018  1.00 | 1.3e+00 4.7e+00 1.824e+00
#1800  3939   1 | 6.85e-01 1.06e-03 +0.218  1.00 | 9.57e-01 1.26e-02 +0.113  1.00 | 1.1e+00 3.3e+00 1.382e+00
#1801  4718   1 | 1.36e+00 3.58e-03 +0.495  1.00 | 1.00e+00 1.84e-01 +0.283  0.93 | 1.1e+00 3.8e+00 2.771e+00
#1802   416   1 | 1.21e+00 1.05e-03 +0.442  1.00 | 1.01e+00 2.78e-02 -0.036  1.00 | 1.3e+00 3.0e+00 2.471e+00
#1803  3610   1 | 4.71e-01 8.20e-04 +0.724  1.00 | 9.90e-01 6.25e-02 +0.056  1.00 | 1.0e+00 3.6e+00 1.197e+00
#1804  1351   1 | 1.20e+00 5.62e-02 -0.199  1.02 | 9.81e-01 3.29e-02 -0.045  1.00 | 1.4e+00 4.1e+00 2.444e+00
#1805  2130   1 | 8.91e-01 1.15e-03 +0.358  1.00 | 9.68e-01 2.42e-02 -0.045  1.00 | 1.0e+00 3.7e+00 1.733e+00
#1806   186   1 | 4.58e-01 1.77e-03 +0.460  1.00 | 9.94e-01 4.52e-02 -0.056  1.01 | 1.2e+00 3.8e+00 1.205e+00
#1807   307   1 | 1.34e+00 4.41e-03 +0.364  1.00 | 9.92e-01 8.59e-02 +0.008  1.01 | 1.3e+00 3.6e+00 2.774e+00
#1808  2592   1 | 1.17e+00 3.34e-03 -0.399  1.00 | 9.97e-01 1.04e-01 +0.169  0.98 | 1.1e+00 3.2e+00 2.334e+00
#1809  1176   1 | 1.11e+00 3.19e-02 -0.021  1.00 | 1.01e+00 3.81e-02 -0.017  1.00 | 1.3e+00 3.8e+00 2.258e+00
#1810  1469   1 | 1.40e+00 4.17e-02 -0.103  1.01 | 1.01e+00 9.69e-02 -0.121  1.03 | 1.5e+00 3.5e+00 3.038e+00
#1811  1153   1 | 3.80e-01 7.93e-03 +0.164  0.99 | 1.05e+00 6.59e-02 +0.104  0.99 | 1.3e+00 4.3e+00 1.239e+00
#1812  1840   1 | 1.32e+00 3.57e-03 -0.627  1.00 | 1.01e+00 4.16e-02 +0.087  0.99 | 1.1e+00 4.9e+00 2.769e+00
#1813  1828   1 | 1.32e+00 1.46e-03 +0.226  1.00 | 1.06e+00 3.97e-02 +0.093  0.99 | 1.1e+00 4.3e+00 2.861e+00
#1814    81   1 | 6.92e-01 2.20e-03 +0.323  1.00 | 1.11e+00 4.90e-02 +0.042  1.00 | 1.1e+00 3.8e+00 1.702e+00
#1815  2780   1 | 1.02e+00 3.33e-03 +0.153  1.00 | 9.74e-01 3.45e-02 +0.036  1.00 | 1.0e+00 4.5e+00 1.994e+00
#1816  2497   1 | 1.04e+00 1.02e-03 -0.633  1.00 | 9.92e-01 1.52e-02 +0.022  1.00 | 1.1e+00 3.4e+00 2.059e+00
#1817   618   1 | 7.00e-01 1.33e-03 -0.503  1.00 | 9.93e-01 2.16e-02 +0.014  1.00 | 1.2e+00 4.2e+00 1.476e+00
#1818  3874   1 | 1.16e+00 2.23e-03 +0.259  1.00 | 9.89e-01 7.51e-02 +0.196  0.98 | 1.0e+00 3.5e+00 2.298e+00
#1819  2368   1 | 1.03e+00 1.70e-03 +0.010  1.00 | 9.38e-01 7.48e-02 -0.031  1.01 | 1.1e+00 3.5e+00 1.952e+00
#1820    71   1 | 8.65e-01 7.24e-04 +0.481  1.00 | 9.82e-01 1.92e-02 -0.053  1.00 | 1.2e+00 3.1e+00 1.715e+00
#1821  4378   1 | 7.30e-01 2.39e-03 -0.389  1.00 | 1.00e+00 5.82e-02 +0.196  0.98 | 1.2e+00 3.4e+00 1.518e+00
#1822  2176   1 | 7.01e-01 9.15e-04 -0.012  1.00 | 9.88e-01 3.91e-02 -0.086  1.01 | 1.1e+00 2.5e+00 1.475e+00
#1823  1629   1 | 7.68e-01 2.75e-03 -0.369  1.00 | 1.01e+00 5.58e-02 -0.094  1.01 | 1.2e+00 3.6e+00 1.634e+00
#1824  1865   1 | 9.71e-01 9.76e-04 -0.082  1.00 | 9.88e-01 3.34e-02 +0.073  1.00 | 1.1e+00 3.4e+00 1.916e+00
#1825  1357   1 | 9.36e-01 1.87e-03 +0.308  1.00 | 9.64e-01 7.84e-02 +0.115  0.99 | 1.3e+00 2.9e+00 1.794e+00
#1826  3271   1 | 1.35e+00 4.72e-03 +0.023  1.00 | 8.00e-01 1.06e-01 +0.293  0.94 | 1.0e+00 4.5e+00 2.429e+00
#1827  4573   1 | 5.00e-01 3.74e-03 +0.524  0.99 | 1.14e+00 1.34e-01 +0.471  0.90 | 1.1e+00 4.1e+00 1.423e+00
#1828  2723   1 | 1.17e+00 9.31e-04 +0.137  1.00 | 1.04e+00 5.39e-02 +0.110  0.99 | 1.1e+00 3.3e+00 2.433e+00
#1829  2897   1 | 7.39e-01 7.69e-03 +0.381  0.99 | 9.98e-01 8.54e-02 +0.225  0.97 | 1.2e+00 4.0e+00 1.508e+00
#1830  3306   1 | 9.71e-01 1.04e-03 -0.232  1.00 | 9.71e-01 1.52e-02 -0.004  1.00 | 1.0e+00 3.5e+00 1.887e+00
#1831   819   1 | 1.14e+00 1.16e-03 +0.646  1.00 | 1.02e+00 2.49e-02 -0.072  1.00 | 1.3e+00 3.6e+00 2.356e+00
#1832  1468   1 | 9.54e-01 2.32e-02 -0.585  1.03 | 9.76e-01 5.56e-02 -0.154  1.02 | 1.4e+00 2.8e+00 1.909e+00
#1833  2676   1 | 1.22e+00 5.38e-03 +0.001  1.00 | 9.89e-01 4.45e-01 +0.162  1.06 | 1.0e+00 4.9e+00 2.533e+00
#1834  2656   1 | 1.01e+00 2.24e-03 -0.519  1.00 | 1.01e+00 4.30e-02 +0.177  0.99 | 1.1e+00 4.6e+00 2.018e+00
#1835  1086   1 | 1.16e+00 4.02e-03 -0.399  1.00 | 9.74e-01 5.70e-02 -0.004  1.00 | 1.3e+00 4.4e+00 2.296e+00
#1836  1780   1 | 1.12e+00 1.73e-03 -0.452  1.00 | 9.78e-01 1.48e-02 +0.059  1.00 | 1.2e+00 3.6e+00 2.221e+00
#1837  1092   1 | 9.87e-01 2.69e-03 -0.363  1.00 | 1.02e+00 4.79e-02 +0.030  1.00 | 1.4e+00 3.0e+00 2.005e+00
#1838  4406   1 | 4.32e-01 8.89e-03 +0.296  0.99 | 9.32e-01 2.22e-01 +0.240  0.94 | 1.2e+00 4.2e+00 1.002e+00
#1839  3079   1 | 8.08e-01 5.56e-04 -0.673  1.00 | 9.98e-01 2.11e-02 +0.067  1.00 | 1.0e+00 3.8e+00 1.646e+00
#1840  2172   1 | 6.79e-01 8.97e-04 -0.373  1.00 | 1.06e+00 1.87e-02 +0.046  1.00 | 1.1e+00 3.0e+00 1.588e+00
#1841  4910   1 | 1.01e+00 1.83e-03 +0.292  1.00 | 1.05e+00 2.31e-01 +0.318  0.91 | 1.0e+00 3.4e+00 2.032e+00
#1842   219   1 | 1.13e+00 7.30e-02 +0.232  0.97 | 1.07e+00 1.07e-01 +0.015  1.01 | 1.3e+00 4.7e+00 2.380e+00
#1843  1744   1 | 8.08e-01 1.76e-03 -0.519  1.00 | 1.12e+00 8.27e-02 +0.003  1.01 | 1.2e+00 3.5e+00 1.907e+00
#1844  3782   1 | 9.23e-01 3.37e-03 -0.578  1.00 | 9.78e-01 7.32e-02 +0.214  0.97 | 1.1e+00 4.2e+00 1.786e+00
#1845  4420   1 | 7.01e-01 6.82e-04 -0.238  1.00 | 9.73e-01 3.25e-02 +0.127  0.99 | 1.1e+00 3.1e+00 1.430e+00
#1846  4239   1 | 5.53e-01 1.87e-03 +0.375  1.00 | 1.04e+00 9.50e-02 +0.167  0.98 | 1.1e+00 3.1e+00 1.359e+00
#1847  1580   1 | 1.46e+00 2.89e-03 -0.042  1.00 | 8.98e-01 7.39e-02 +0.111  0.99 | 1.3e+00 3.8e+00 2.929e+00
#1848  4531   1 | 8.89e-01 8.15e-04 -0.360  1.00 | 9.79e-01 6.94e-02 +0.234  0.97 | 1.0e+00 3.9e+00 1.722e+00
#1849  1430   1 | 1.58e+00 1.28e-03 +0.373  1.00 | 9.97e-01 1.82e-02 -0.018  1.00 | 1.4e+00 3.3e+00 3.482e+00
#1850  2143   1 | 1.35e+00 1.13e-03 +0.102  1.00 | 9.99e-01 2.69e-02 -0.071  1.00 | 1.1e+00 2.6e+00 2.818e+00
#1851  4746   1 | 7.66e-01 2.95e-03 +0.091  1.00 | 1.02e+00 1.45e-01 +0.335  0.93 | 9.9e-01 4.0e+00 1.554e+00
#1852  4029   1 | 6.94e-01 8.25e-04 -0.049  1.00 | 1.02e+00 2.22e-02 +0.114  1.00 | 1.1e+00 3.1e+00 1.519e+00
#1853  3919   1 | 1.32e+00 2.99e-03 +0.765  1.00 | 9.96e-01 1.29e-01 +0.218  0.96 | 1.1e+00 2.8e+00 2.684e+00
#1854  1594   1 | 1.25e+00 1.21e-02 -0.682  1.01 | 8.59e-01 2.03e-01 -0.014  1.06 | 1.2e+00 4.1e+00 2.363e+00
#1855   849   1 | 1.40e+00 3.36e-02 +0.106  1.00 | 8.95e-01 5.91e-02 -0.034  1.01 | 1.4e+00 2.9e+00 2.765e+00
#1856  2156   1 | 9.52e-01 4.42e-03 +0.039  1.00 | 1.06e+00 4.16e-01 +0.151  1.04 | 1.1e+00 4.9e+00 2.063e+00
#1857  1508   1 | 1.08e+00 2.16e-03 +0.249  1.00 | 1.01e+00 5.85e-02 -0.021  1.01 | 1.3e+00 4.0e+00 2.202e+00
#1858  2525   1 | 1.06e+00 6.37e-04 -0.036  1.00 | 1.05e+00 5.43e-02 +0.045  1.00 | 1.2e+00 3.5e+00 2.233e+00
#1859   163   1 | 1.07e+00 1.34e-03 -0.504  1.00 | 9.86e-01 5.83e-02 +0.024  1.00 | 1.2e+00 3.7e+00 2.112e+00
#1860   577   1 | 1.30e+00 7.73e-03 -0.369  1.00 | 9.27e-01 1.30e-01 +0.160  0.97 | 1.3e+00 3.5e+00 2.524e+00
#1861  4186   1 | 3.52e-01 9.12e-04 +0.270  1.00 | 9.44e-01 4.04e-02 +0.066  1.00 | 9.7e-01 3.7e+00 1.011e+00
#1862  2284   1 | 1.42e+00 2.06e-03 +0.617  1.00 | 1.03e+00 1.06e-01 -0.054  1.02 | 1.3e+00 2.8e+00 3.114e+00
#1863  3195   1 | 4.76e-01 9.04e-04 +0.020  1.00 | 1.01e+00 1.44e-02 +0.083  1.00 | 1.1e+00 4.0e+00 1.253e+00
#1864  2941   1 | 9.12e-01 1.55e-03 +0.283  1.00 | 9.62e-01 1.38e-01 +0.229  0.95 | 1.1e+00 3.5e+00 1.714e+00
#1865  3178   1 | 1.18e+00 1.50e-03 +0.219  1.00 | 9.89e-01 5.90e-03 +0.087  1.00 | 1.0e+00 3.1e+00 2.372e+00
#1866   829   1 | 3.58e-01 2.43e-02 -0.376  1.06 | 1.08e+00 1.47e-01 -0.055  1.03 | 1.2e+00 3.7e+00 1.340e+00
#1867  4780   1 | 1.33e+00 2.22e-03 +0.469  1.00 | 9.89e-01 1.84e-02 +0.078  1.00 | 1.2e+00 3.9e+00 2.738e+00
#1868  2590   1 | 4.78e-01 2.93e-03 -0.750  1.01 | 1.03e+00 6.31e-02 -0.091  1.01 | 1.1e+00 4.3e+00 1.310e+00
#1869  3359   1 | 1.66e+00 1.11e-03 +0.329  1.00 | 9.69e-01 2.44e-02 +0.000  1.00 | 1.1e+00 4.0e+00 3.703e+00
#1870  3261   1 | 5.74e-01 1.98e-03 +0.636  1.00 | 1.00e+00 1.02e-02 +0.117  1.00 | 1.1e+00 3.4e+00 1.327e+00
#1871  2074   1 | 1.36e+00 3.65e-03 -0.592  1.00 | 9.54e-01 8.19e-02 +0.060  1.00 | 1.2e+00 3.6e+00 2.760e+00
#1872   813   1 | 7.10e-01 1.16e-03 +0.457  1.00 | 1.01e+00 1.44e-02 +0.045  1.00 | 1.2e+00 3.7e+00 1.523e+00
#1873  3544   1 | 1.08e+00 1.17e-03 -0.374  1.00 | 1.01e+00 3.35e-02 +0.144  0.99 | 9.7e-01 3.5e+00 2.188e+00
#1874   966   1 | 9.42e-01 1.38e-03 +0.352  1.00 | 1.02e+00 3.64e-02 -0.043  1.00 | 1.3e+00 2.9e+00 1.923e+00
#1875  4053   1 | 1.85e+00 4.67e-03 +0.214  1.00 | 9.36e-01 1.62e-01 +0.370  0.90 | 1.1e+00 5.3e+00 4.192e+00
#1876  2615   1 | 1.02e+00 3.68e-03 +0.179  1.00 | 9.92e-01 2.34e-01 +0.108  1.00 | 1.1e+00 4.8e+00 2.031e+00
#1877  4856   1 | 8.83e-01 2.61e-03 -0.634  1.00 | 8.29e-01 6.20e-02 +0.300  0.96 | 9.8e-01 3.8e+00 1.442e+00
#1878  3971   1 | 4.53e-01 1.01e-03 +0.149  1.00 | 9.76e-01 4.04e-02 +0.042  1.00 | 1.0e+00 3.5e+00 1.155e+00
#1879  3219   1 | 1.02e+00 2.92e-03 +0.899  0.99 | 1.01e+00 3.30e-02 +0.035  1.00 | 1.1e+00 3.8e+00 2.063e+00
#1880  3666   1 | 8.30e-01 2.14e-03 +0.515  1.00 | 9.52e-01 2.05e-01 +0.172  0.97 | 1.1e+00 4.4e+00 1.568e+00
#1881  2959   1 | 1.00e+00 1.73e-03 +0.434  1.00 | 9.93e-01 1.50e-02 +0.035  1.00 | 1.0e+00 3.4e+00 1.987e+00
#1882  2913   1 | 1.20e+00 3.06e-03 +0.089  1.00 | 9.63e-01 2.93e-02 +0.152  0.99 | 1.3e+00 4.3e+00 2.364e+00
#1883  1749   1 | 1.16e+00 6.03e-04 -0.063  1.00 | 9.82e-01 6.86e-02 +0.043  1.00 | 1.1e+00 2.6e+00 2.300e+00
#1884   200   1 | 1.14e+00 8.45e-04 -0.060  1.00 | 9.88e-01 2.52e-02 +0.029  1.00 | 1.4e+00 3.7e+00 2.285e+00
#1885  1960   1 | 1.02e+00 2.18e-03 -0.350  1.00 | 1.02e+00 8.45e-02 +0.056  1.00 | 1.2e+00 3.5e+00 2.083e+00
#1886   935   1 | 9.70e-01 3.07e-03 -0.501  1.00 | 1.01e+00 2.41e-02 -0.011  1.00 | 1.3e+00 4.4e+00 1.965e+00
#1887  3723   1 | 8.05e-01 9.58e-04 -0.578  1.00 | 1.00e+00 5.78e-02 +0.069  1.00 | 1.1e+00 3.2e+00 1.653e+00
#1888  2038   1 | 7.21e-01 5.62e-04 -0.644  1.00 | 1.05e+00 2.59e-02 +0.114  0.99 | 1.0e+00 2.6e+00 1.623e+00
#1889  2173   1 | 1.11e+00 8.57e-03 -0.643  1.01 | 9.69e-01 4.03e-02 +0.016  1.00 | 1.1e+00 3.8e+00 2.185e+00
#1890  1716   1 | 6.44e-01 1.50e-03 +0.295  1.00 | 9.94e-01 3.74e-02 -0.034  1.00 | 1.2e+00 3.0e+00 1.406e+00
#1891  3788   1 | 9.71e-01 2.18e-03 -0.021  1.00 | 1.03e+00 5.12e-02 +0.087  0.99 | 1.1e+00 4.0e+00 2.002e+00
#1892  2898   1 | 9.30e-01 2.82e-03 +0.425  1.00 | 9.39e-01 4.06e-01 +0.154  1.05 | 1.1e+00 5.3e+00 1.792e+00
#1893  4793   1 | 8.53e-01 8.69e-04 -0.212  1.00 | 9.90e-01 3.19e-02 +0.102  0.99 | 1.4e+00 4.0e+00 1.703e+00
#1894   210   1 | 1.11e+00 1.79e-03 -0.398  1.00 | 9.91e-01 3.98e-02 -0.013  1.00 | 1.2e+00 3.0e+00 2.217e+00
#1895   940   1 | 7.51e-01 1.47e-03 -0.185  1.00 | 1.03e+00 3.59e-02 +0.082  1.00 | 1.3e+00 4.0e+00 1.618e+00
#1896  3971   1 | 1.44e+00 2.49e-03 -0.119  1.00 | 1.07e+00 9.91e-02 +0.183  0.97 | 9.6e-01 4.7e+00 3.191e+00
#1897  3932   1 | 8.03e-01 1.95e-03 +0.746  1.00 | 9.92e-01 6.31e-03 +0.090  1.00 | 9.7e-01 3.9e+00 1.625e+00
#1898  1977   1 | 8.58e-01 1.26e-03 +0.473  1.00 | 1.05e+00 4.75e-02 +0.100  0.99 | 1.2e+00 3.7e+00 1.832e+00
#1899   154   1 | 1.46e+00 6.59e-03 +0.195  1.00 | 1.07e+00 3.87e-02 +0.002  1.00 | 1.2e+00 4.1e+00 3.259e+00
#1900  3359   1 | 1.14e+00 2.09e-03 +0.492  1.00 | 1.10e+00 6.27e-02 +0.223  0.98 | 1.1e+00 2.9e+00 2.484e+00
#1901  2936   1 | 1.36e+00 1.04e-03 -0.037  1.00 | 9.91e-01 3.81e-02 +0.136  0.99 | 1.2e+00 2.9e+00 2.833e+00
#1902  4266   1 | 1.52e+00 4.27e-04 -0.209  1.00 | 1.01e+00 5.23e-02 +0.070  1.00 | 1.1e+00 3.3e+00 3.328e+00
#1903  2528   1 | 1.17e+00 9.68e-04 -0.588  1.00 | 9.63e-01 2.55e-02 +0.058  1.00 | 1.1e+00 3.6e+00 2.294e+00
#1904  4836   1 | 9.11e-01 1.76e-03 -0.849  1.00 | 9.98e-01 1.05e-01 +0.307  0.95 | 1.5e+00 4.6e+00 1.776e+00
#1905   213   1 | 9.58e-01 1.16e-03 -0.041  1.00 | 9.91e-01 3.25e-02 +0.062  1.00 | 1.2e+00 4.0e+00 1.897e+00
#1906   159   1 | 3.58e-01 9.78e-04 +0.534  1.00 | 1.00e+00 1.99e-02 +0.004  1.00 | 1.2e+00 3.7e+00 1.135e+00
#1907  4460   1 | 4.58e-01 1.48e-02 +0.408  0.97 | 9.57e-01 5.54e-02 +0.105  0.99 | 1.2e+00 3.6e+00 1.112e+00
#1908  2559   1 | 1.02e+00 5.65e-04 -0.269  1.00 | 1.00e+00 1.07e-02 +0.033  1.00 | 1.1e+00 3.5e+00 2.036e+00
#1909  1888   1 | 1.29e+00 4.07e-03 +0.045  1.00 | 1.02e+00 4.61e-02 -0.015  1.00 | 1.3e+00 4.1e+00 2.707e+00
#1910  3493   1 | 9.93e-01 2.00e-03 -0.583  1.00 | 9.90e-01 8.76e-03 +0.035  1.00 | 1.1e+00 3.7e+00 1.968e+00
#1911   249   1 | 7.36e-01 2.51e-03 +0.008  1.00 | 9.52e-01 2.57e-02 +0.019  1.00 | 1.2e+00 4.6e+00 1.447e+00
#1912  2288   1 | 5.86e-01 4.43e-03 -0.417  1.01 | 9.17e-01 8.32e-02 +0.154  0.98 | 1.2e+00 4.2e+00 1.171e+00
#1913  3351   1 | 1.10e+00 9.24e-04 -0.083  1.00 | 1.03e+00 2.82e-02 +0.131  0.99 | 9.5e-01 3.4e+00 2.248e+00
#1914  2029   1 | 1.14e+00 2.03e-03 -0.139  1.00 | 9.22e-01 5.25e-03 +0.024  1.00 | 9.5e-01 3.9e+00 2.152e+00
#1915  1823   1 | 1.48e+00 1.58e-02 +0.289  0.99 | 9.73e-01 2.15e-02 +0.064  1.00 | 1.3e+00 4.7e+00 3.119e+00
#1916    19   1 | 1.41e+00 3.78e-03 -0.235  1.00 | 1.07e+00 3.96e-02 -0.148  1.01 | 1.2e+00 3.3e+00 3.164e+00
#1917  1356   1 | 1.16e+00 4.74e-03 -0.545  1.00 | 1.03e+00 8.56e-02 +0.122  0.99 | 1.2e+00 2.8e+00 2.382e+00
#1918  4231   1 | 5.60e-01 1.19e-03 +0.060  1.00 | 1.03e+00 8.10e-02 +0.272  0.96 | 9.5e-01 2.6e+00 1.336e+00
#1919  3836   1 | 1.19e+00 2.55e-03 +0.694  1.00 | 9.31e-01 3.86e-02 +0.197  0.99 | 1.1e+00 4.0e+00 2.271e+00
#1920   896   1 | 1.09e+00 8.89e-04 -0.396  1.00 | 1.02e+00 4.06e-02 +0.020  1.00 | 1.2e+00 3.9e+00 2.215e+00
#1921  3860   1 | 1.00e+00 3.52e-02 -0.179  1.01 | 1.06e+00 1.57e-01 +0.340  0.92 | 1.3e+00 4.0e+00 2.044e+00
#1922  4323   1 | 1.23e+00 1.88e-03 -0.506  1.00 | 9.72e-01 5.29e-02 +0.220  0.98 | 1.0e+00 4.1e+00 2.451e+00
#1923  4325   1 | 1.20e+00 1.59e-03 -0.321  1.00 | 9.80e-01 5.82e-02 +0.111  0.99 | 1.2e+00 4.2e+00 2.395e+00
#1924   509   1 | 9.22e-01 1.17e-02 -0.460  1.01 | 9.86e-01 5.81e-02 +0.004  1.00 | 1.4e+00 3.7e+00 1.835e+00
#1925  1348   1 | 1.05e+00 1.76e-03 +0.063  1.00 | 9.81e-01 3.41e-02 +0.049  1.00 | 1.2e+00 4.4e+00 2.058e+00
#1926  4120   1 | 1.09e+00 4.53e-03 +0.463  1.00 | 9.80e-01 2.68e-01 +0.383  0.87 | 1.0e+00 4.6e+00 2.016e+00
#1927  4160   1 | 1.09e+00 1.12e-03 +0.777  1.00 | 9.70e-01 1.79e-02 +0.160  0.99 | 1.1e+00 3.1e+00 2.113e+00
#1928  1107   1 | 8.27e-01 2.61e-03 +0.443  1.00 | 1.01e+00 5.44e-02 +0.003  1.00 | 1.2e+00 4.0e+00 1.709e+00
#1929  3088   1 | 1.34e+00 8.39e-03 -0.583  1.01 | 1.05e+00 2.72e-01 +0.071  1.03 | 1.2e+00 4.9e+00 2.947e+00
#1930  4227   1 | 9.52e-01 2.21e-03 -0.127  1.00 | 9.40e-01 2.65e-02 +0.086  1.00 | 1.1e+00 3.2e+00 1.787e+00
#1931  4798   1 | 9.21e-01 2.03e-02 +0.624  0.97 | 9.84e-01 1.98e-01 +0.350  0.90 | 1.3e+00 3.8e+00 1.697e+00
#1932  2482   1 | 1.41e+00 1.77e-03 +0.642  1.00 | 1.03e+00 3.92e-02 -0.007  1.00 | 1.1e+00 4.2e+00 3.054e+00
#1933  2457   1 | 1.04e+00 1.38e-03 -0.012  1.00 | 9.70e-01 4.25e-02 +0.038  1.00 | 1.1e+00 3.7e+00 2.028e+00
#1934  3099   1 | 1.10e+00 5.76e-04 -0.535  1.00 | 9.74e-01 2.32e-02 +0.108  1.00 | 9.3e-01 3.3e+00 2.156e+00
#1935  1549   1 | 9.80e-01 1.48e-02 +0.131  1.00 | 1.05e+00 2.46e-02 -0.082  1.00 | 1.2e+00 3.8e+00 2.060e+00
#1936   135   1 | 7.59e-01 1.71e-03 -0.281  1.00 | 9.80e-01 3.55e-02 -0.000  1.00 | 1.1e+00 3.4e+00 1.539e+00
#1937  1164   1 | 7.92e-01 1.11e-03 +0.429  1.00 | 9.48e-01 1.29e-02 -0.026  1.00 | 1.2e+00 3.9e+00 1.526e+00
#1938   874   1 | 7.38e-01 2.67e-02 +0.030  1.00 | 1.04e+00 5.50e-02 -0.056  1.01 | 1.3e+00 3.1e+00 1.632e+00
#1939  1817   1 | 8.52e-01 3.09e-03 -0.414  1.00 | 8.67e-01 5.78e-02 +0.129  0.99 | 1.1e+00 4.2e+00 1.469e+00
#1940   842   1 | 7.97e-01 1.38e-03 +0.071  1.00 | 9.93e-01 4.20e-02 +0.060  1.00 | 1.3e+00 3.2e+00 1.617e+00
#1941  2637   1 | 1.03e+00 3.10e-03 +0.304  1.00 | 9.07e-01 6.96e-02 +0.055  1.00 | 1.1e+00 3.8e+00 1.883e+00
#1942  1715   1 | 1.44e+00 1.16e-02 -0.145  1.00 | 9.64e-01 1.21e-02 -0.025  1.00 | 1.3e+00 3.9e+00 3.003e+00
#1943  4365   1 | 2.40e-01 1.93e-03 +0.109  1.00 | 9.97e-01 8.24e-02 +0.113  0.99 | 1.1e+00 3.5e+00 1.040e+00
#1944  4039   1 | 6.05e-01 3.15e-03 -0.182  1.00 | 9.31e-01 1.20e-01 +0.090  0.99 | 1.1e+00 3.6e+00 1.227e+00
#1945  3281   1 | 1.30e+00 5.31e-03 -0.446  1.00 | 1.01e+00 4.55e-02 +0.097  0.99 | 1.0e+00 4.0e+00 2.726e+00
#1946     3   1 | 7.21e-01 1.38e-03 -0.009  1.00 | 1.05e+00 3.72e-02 -0.004  1.00 | 1.2e+00 4.3e+00 1.624e+00
#1947  1280   1 | 1.40e+00 1.44e-03 +0.063  1.00 | 9.94e-01 6.29e-02 +0.030  1.00 | 1.3e+00 3.4e+00 2.947e+00
#1948  3198   1 | 1.04e+00 1.22e-03 +0.140  1.00 | 9.86e-01 3.26e-02 +0.075  1.00 | 1.0e+00 3.1e+00 2.044e+00
#1949  1783   1 | 1.08e+00 4.19e-03 -0.130  1.00 | 1.04e+00 2.82e-01 +0.088  1.03 | 1.2e+00 4.5e+00 2.276e+00
#1950  3079   1 | 9.69e-01 3.06e-04 +0.080  1.00 | 9.77e-01 1.22e-02 +0.106  1.00 | 9.3e-01 3.7e+00 1.892e+00
#1951    26   1 | 1.11e+00 1.15e-03 +0.436  1.00 | 9.89e-01 2.82e-02 +0.049  1.00 | 1.1e+00 3.5e+00 2.198e+00
#1952  1928   1 | 8.10e-01 2.23e-03 +0.359  1.00 | 1.00e+00 5.35e-02 -0.031  1.01 | 1.1e+00 3.3e+00 1.662e+00
#1953  3441   1 | 9.22e-01 1.99e-03 -0.712  1.00 | 1.07e+00 4.32e-02 +0.216  0.98 | 9.7e-01 4.1e+00 1.988e+00
#1954   491   1 | 1.08e+00 2.18e-03 -0.104  1.00 | 9.93e-01 5.91e-02 -0.001  1.00 | 1.2e+00 3.5e+00 2.159e+00
#1955  4529   1 | 1.23e+00 2.56e-03 -0.547  1.00 | 9.76e-01 1.84e-01 +0.339  0.91 | 9.6e-01 4.1e+00 2.376e+00
#1956  3501   1 | 1.38e+00 3.31e-03 +0.407  1.00 | 8.98e-01 2.30e-02 +0.105  1.00 | 1.1e+00 4.3e+00 2.694e+00
#1957  1846   1 | 1.01e+00 7.42e-04 +0.125  1.00 | 1.05e+00 4.13e-02 -0.001  1.00 | 1.1e+00 2.9e+00 2.120e+00
#1958  1953   1 | 1.60e+00 8.97e-03 +0.319  1.00 | 1.03e+00 7.20e-02 +0.128  0.99 | 1.1e+00 3.4e+00 3.594e+00
#1959   138   1 | 9.56e-01 2.25e-03 -0.287  1.00 | 9.82e-01 4.10e-02 +0.023  1.00 | 1.2e+00 3.6e+00 1.878e+00
#1960  2391   1 | 1.32e+00 1.01e-03 -0.658  1.00 | 1.01e+00 8.08e-02 +0.121  0.99 | 1.1e+00 3.0e+00 2.759e+00
#1961  1687   1 | 9.03e-01 2.37e-02 -0.070  1.00 | 1.03e+00 6.52e-02 +0.038  1.00 | 1.3e+00 3.3e+00 1.873e+00
#1962  3172   1 | 1.66e+00 3.20e-04 +0.092  1.00 | 1.03e+00 4.96e-03 +0.153  1.00 | 9.5e-01 4.9e+00 3.809e+00
#1963  2053   1 | 5.19e-01 1.62e-03 +0.758  1.00 | 9.79e-01 3.37e-02 +0.206  0.99 | 9.5e-01 4.0e+00 1.215e+00
#1964  2512   1 | 7.77e-01 1.13e-03 -0.244  1.00 | 9.59e-01 1.53e-01 +0.090  1.00 | 1.0e+00 3.5e+00 1.521e+00
#1965  3542   1 | 7.53e-01 2.34e-03 -0.402  1.00 | 1.03e+00 7.11e-02 +0.022  1.00 | 1.0e+00 2.8e+00 1.627e+00
#1966  1661   1 | 1.41e+00 1.32e-02 -0.184  1.00 | 1.02e+00 3.26e-02 -0.011  1.00 | 1.3e+00 2.9e+00 3.023e+00
#1967  4237   1 | 7.79e-01 2.64e-03 -0.046  1.00 | 1.00e+00 1.03e-01 +0.177  0.97 | 9.6e-01 3.6e+00 1.589e+00
#1968  3666   1 | 6.60e-01 2.37e-03 +0.297  1.00 | 9.08e-01 1.93e-01 +0.081  1.01 | 1.1e+00 3.9e+00 1.268e+00
#1969  3134   1 | 1.00e+00 1.01e-03 +0.266  1.00 | 9.58e-01 1.73e-02 +0.034  1.00 | 9.9e-01 4.8e+00 1.916e+00
#1970   506   1 | 9.08e-01 1.01e-03 -0.764  1.00 | 9.99e-01 4.30e-02 -0.013  1.00 | 1.2e+00 3.2e+00 1.826e+00
#1971  2103   1 | 7.09e-01 1.38e-03 +0.134  1.00 | 9.91e-01 1.98e-02 +0.041  1.00 | 1.0e+00 4.0e+00 1.484e+00
#1972  3632   1 | 1.14e+00 1.19e-03 +0.288  1.00 | 9.74e-01 3.58e-02 +0.216  0.99 | 9.3e-01 4.7e+00 2.226e+00
#1973  2045   1 | 1.05e+00 8.87e-04 +0.608  1.00 | 9.60e-01 3.09e-02 +0.032  1.00 | 9.7e-01 3.2e+00 2.013e+00
#1974   350   1 | 3.83e-01 1.45e-03 +0.514  1.00 | 9.36e-01 6.76e-02 +0.021  1.00 | 1.2e+00 3.6e+00 1.024e+00
#1975  2359   1 | 1.03e+00 1.29e-03 +0.047  1.00 | 9.95e-01 1.62e-02 +0.018  1.00 | 1.1e+00 4.2e+00 2.043e+00
#1976  4238   1 | 5.13e-01 6.46e-04 +0.417  1.00 | 9.71e-01 5.90e-02 +0.091  0.99 | 9.8e-01 3.7e+00 1.199e+00
#1977  2330   1 | 9.93e-01 2.56e-03 -0.312  1.00 | 1.06e+00 1.34e-01 +0.244  0.95 | 1.1e+00 3.2e+00 2.053e+00
#1978  1286   1 | 8.85e-01 3.10e-02 -0.778  1.06 | 1.05e+00 4.91e-02 -0.124  1.01 | 1.5e+00 3.3e+00 1.945e+00
#1979    10   1 | 7.79e-01 3.37e-03 -0.225  1.00 | 9.24e-01 2.49e-02 -0.009  1.00 | 1.1e+00 4.4e+00 1.463e+00
#1980  4088   1 | 6.05e-01 1.18e-03 +0.159  1.00 | 1.02e+00 5.28e-02 +0.106  0.99 | 9.8e-01 3.4e+00 1.402e+00
#1981  2456   1 | 1.07e+00 1.60e-02 +0.258  0.99 | 9.97e-01 5.08e-02 +0.079  0.99 | 1.2e+00 3.6e+00 2.134e+00
#1982  3676   1 | 9.86e-01 2.38e-03 -0.665  1.00 | 9.80e-01 2.45e-02 +0.114  0.99 | 9.7e-01 4.0e+00 1.931e+00
#1983  3121   1 | 6.37e-01 1.83e-03 -0.205  1.00 | 1.03e+00 8.73e-02 +0.062  1.00 | 1.0e+00 3.9e+00 1.461e+00
#1984  2732   1 | 1.45e+00 2.58e-03 +0.375  1.00 | 1.12e+00 7.81e-02 +0.243  0.97 | 1.0e+00 3.7e+00 3.299e+00
#1985  2663   1 | 1.02e+00 1.31e-03 -0.148  1.00 | 1.04e+00 1.50e-02 +0.058  1.00 | 1.0e+00 3.9e+00 2.129e+00
#1986  4383   1 | 8.70e-01 1.05e-03 +0.585  1.00 | 1.01e+00 3.21e-02 +0.221  0.99 | 9.7e-01 3.6e+00 1.759e+00
#1987  2366   1 | 9.11e-01 1.34e-03 -0.814  1.00 | 9.52e-01 9.71e-02 +0.086  0.99 | 1.0e+00 2.8e+00 1.732e+00
#1988  3427   1 | 6.13e-01 2.24e-03 +0.015  1.00 | 9.95e-01 3.01e-02 +0.020  1.00 | 1.5e+00 3.2e+00 1.367e+00
#1989  1474   1 | 1.07e+00 4.58e-03 -0.169  1.00 | 1.03e+00 1.17e-02 +0.049  1.00 | 1.5e+00 4.7e+00 2.210e+00
#1990  2708   1 | 6.07e-01 3.57e-03 +0.084  1.00 | 1.08e+00 7.52e-02 -0.083  1.02 | 1.1e+00 4.4e+00 1.563e+00
#1991  4245   1 | 9.71e-01 2.65e-03 +0.257  1.00 | 9.75e-01 9.22e-02 +0.176  0.98 | 9.8e-01 4.6e+00 1.870e+00
#1992  3900   1 | 1.06e+00 8.07e-04 -0.017  1.00 | 9.64e-01 1.64e-02 +0.095  1.00 | 9.4e-01 3.5e+00 2.041e+00
#1993  2362   1 | 1.30e+00 9.47e-04 +0.128  1.00 | 1.01e+00 2.35e-02 +0.034  1.00 | 1.1e+00 3.5e+00 2.728e+00
#1994   297   1 | 9.77e-01 1.64e-03 +0.357  1.00 | 1.02e+00 3.60e-02 +0.099  0.99 | 1.1e+00 4.0e+00 1.983e+00
#1995  1115   1 | 1.02e+00 1.11e-02 -0.211  1.00 | 9.96e-01 3.59e-02 +0.104  0.99 | 1.3e+00 4.0e+00 2.038e+00
#1996  1150   1 | 1.41e+00 3.28e-03 +0.211  1.00 | 8.68e-01 5.90e-02 -0.053  1.01 | 1.1e+00 4.7e+00 2.747e+00
#1997  3112   1 | 1.05e+00 1.12e-02 +0.029  1.00 | 1.17e+00 1.29e-01 +0.153  0.98 | 1.3e+00 3.7e+00 2.445e+00
#1998  2980   1 | 7.68e-01 2.07e-03 -0.455  1.00 | 1.20e+00 1.02e-01 +0.059  1.00 | 1.0e+00 4.0e+00 2.018e+00
#1999  1191   1 | 2.42e-01 6.70e-03 +0.118  0.99 | 9.54e-01 1.87e-02 -0.024  1.00 | 1.1e+00 3.8e+00 9.701e-01

Done in 1567.7s, 2000 steps

=== AGGREGATE over last 50 steps ===
  ratio_tr (mean):   1.001    (lower=better, baseline=1.0)
  ratio_p  (mean):   0.994    (lower=better, baseline=1.0)
  |cos_tr| (mean):   0.315    (higher=better)
  |cos_p|  (mean):   0.093    (higher=better)
  pred_tr_rms (mean):3.965e-03
  pred_p_rms  (mean):5.719e-02
  loss     (mean):   2.005

Legend: ratio < 0.5 -> learning. cos|>| > 0.3 -> direction-aligned.

[save] wrote /home/haotiant/Projects/CMU/dtmol/dtmol/models/bindingpose_20260506_fixE_fcc_all/ckpt-2000.pt (715.8MB)
/home/haotiant/conda/envs/dtmol/lib/python3.8/site-packages/torch/jit/_check.py:177: UserWarning: The TorchScript type system doesn't support instance-level annotations on empty non-base types in `__init__`. Instead, either 1) use a type annotation in the class body, or 2) wrap the type in `torch.jit.Attribute`.
  warnings.warn(
/home/haotiant/conda/envs/dtmol/lib/python3.8/site-packages/torch/jit/_check.py:177: UserWarning: The TorchScript type system doesn't support instance-level annotations on empty non-base types in `__init__`. Instead, either 1) use a type annotation in the class body, or 2) wrap the type in `torch.jit.Attribute`.
  warnings.warn(
/home/haotiant/conda/envs/dtmol/lib/python3.8/site-packages/torch/jit/_check.py:177: UserWarning: The TorchScript type system doesn't support instance-level annotations on empty non-base types in `__init__`. Instead, either 1) use a type annotation in the class body, or 2) wrap the type in `torch.jit.Attribute`.
  warnings.warn(
/home/haotiant/conda/envs/dtmol/lib/python3.8/site-packages/torch/jit/_check.py:177: UserWarning: The TorchScript type system doesn't support instance-level annotations on empty non-base types in `__init__`. Instead, either 1) use a type annotation in the class body, or 2) wrap the type in `torch.jit.Attribute`.
  warnings.warn(
/home/haotiant/conda/envs/dtmol/lib/python3.8/site-packages/torch/jit/_check.py:177: UserWarning: The TorchScript type system doesn't support instance-level annotations on empty non-base types in `__init__`. Instead, either 1) use a type annotation in the class body, or 2) wrap the type in `torch.jit.Attribute`.
  warnings.warn(
/home/haotiant/conda/envs/dtmol/lib/python3.8/site-packages/torch/jit/_check.py:177: UserWarning: The TorchScript type system doesn't support instance-level annotations on empty non-base types in `__init__`. Instead, either 1) use a type annotation in the class body, or 2) wrap the type in `torch.jit.Attribute`.
  warnings.warn(
/home/haotiant/conda/envs/dtmol/lib/python3.8/site-packages/torch/jit/_check.py:177: UserWarning: The TorchScript type system doesn't support instance-level annotations on empty non-base types in `__init__`. Instead, either 1) use a type annotation in the class body, or 2) wrap the type in `torch.jit.Attribute`.
  warnings.warn(
/home/haotiant/conda/envs/dtmol/lib/python3.8/site-packages/torch/jit/_check.py:177: UserWarning: The TorchScript type system doesn't support instance-level annotations on empty non-base types in `__init__`. Instead, either 1) use a type annotation in the class body, or 2) wrap the type in `torch.jit.Attribute`.
  warnings.warn(
